mof_id,formula,formation_energy_eV_per_atom,energy_eV,method,space_group
C64H24N16O17Zn4-3-MACE-OMat-D3,C64H24N16O17Zn4-3-MACE-OMat-D3,-0.104421,-901.354,MACE-OMat-D3,P1
C64H20N16O13Zn4-2_13-MACE-OMat-D3,C64H20N16O13Zn4-2_13-MACE-OMat-D3,-0.0660807,-863.265,MACE-OMat-D3,P1
C60H24N12O13S6Zn4-1_16-MACE-OMat-D3,C60H24N12O13S6Zn4-1_16-MACE-OMat-D3,-0.112435,-836.504,MACE-OMat-D3,P1
C60H18N12O19Zn4-3_17-MACE-OMat-D3,C60H18N12O19Zn4-3_17-MACE-OMat-D3,-0.200725,-831.26,MACE-OMat-D3,P1
C56H8N40O13Zn4-0_7-MACE-OMat-D3,C56H8N40O13Zn4-0_7-MACE-OMat-D3,0.111223,-929.864,MACE-OMat-D3,P1
C56H40N4O13Zn4-0_4-MACE-OMat-D3,C56H40N4O13Zn4-0_4-MACE-OMat-D3,-0.24096,-774.909,MACE-OMat-D3,P1
C56H36N12O5Zn4-3-MACE-OMat-D3,C56H36N12O5Zn4-3-MACE-OMat-D3,0.0651567,-753.55,MACE-OMat-D3,P1
C56H32N4O17Zn4-3_12-MACE-OMat-D3,C56H32N4O17Zn4-3_12-MACE-OMat-D3,-0.265536,-770.564,MACE-OMat-D3,P1
C54H18N12O19Zn4-3_2-MACE-OMat-D3,C54H18N12O19Zn4-3_2-MACE-OMat-D3,-0.214895,-776.404,MACE-OMat-D3,P1
C54H18N12O19Zn4-2_12-MACE-OMat-D3,C54H18N12O19Zn4-2_12-MACE-OMat-D3,-0.227233,-777.724,MACE-OMat-D3,P1
C54H18N12O19Zn4-0_14-MACE-OMat-D3,C54H18N12O19Zn4-0_14-MACE-OMat-D3,-0.203966,-775.234,MACE-OMat-D3,P1
C54H18N12O19Zn4-0_11-MACE-OMat-D3,C54H18N12O19Zn4-0_11-MACE-OMat-D3,-0.223733,-777.349,MACE-OMat-D3,P1
C52H44N8O17Zn4-2_5-MACE-OMat-D3,C52H44N8O17Zn4-2_5-MACE-OMat-D3,-0.26877,-809.68,MACE-OMat-D3,P1
C52H36N12O13Zn4-1_7-MACE-OMat-D3,C52H36N12O13Zn4-1_7-MACE-OMat-D3,-0.239179,-791.703,MACE-OMat-D3,P1
C52H32N4O17Zn4-1_3-MACE-OMat-D3,C52H32N4O17Zn4-1_3-MACE-OMat-D3,-0.249638,-730.991,MACE-OMat-D3,P1
C52H32N4O13Zn4-0_2-MACE-OMat-D3,C52H32N4O13Zn4-0_2-MACE-OMat-D3,-0.237802,-708.957,MACE-OMat-D3,P1
C52H28N8O13Zn4-0_1-MACE-OMat-D3,C52H28N8O13Zn4-0_1-MACE-OMat-D3,-0.196087,-724.98,MACE-OMat-D3,P1
C52H28N4O21Zn4-2_8-MACE-OMat-D3,C52H28N4O21Zn4-2_8-MACE-OMat-D3,-0.307197,-744.082,MACE-OMat-D3,P1
C52H28N4O21Zn4-1_7-MACE-OMat-D3,C52H28N4O21Zn4-1_7-MACE-OMat-D3,-0.325874,-746.118,MACE-OMat-D3,P1
C48H36N6O13Zn4-0_11-MACE-OMat-D3,C48H36N6O13Zn4-0_11-MACE-OMat-D3,-0.250796,-703.708,MACE-OMat-D3,P1
C48H36N12O13S4Zn4-2_2-MACE-OMat-D3,C48H36N12O13S4Zn4-2_2-MACE-OMat-D3,-0.2701,-775.058,MACE-OMat-D3,P1
C48H36N12O13S4Zn4-2_5-MACE-OMat-D3,C48H36N12O13S4Zn4-2_5-MACE-OMat-D3,-0.279854,-776.199,MACE-OMat-D3,P1
C48H32N8O17S4Zn4-3_1-MACE-OMat-D3,C48H32N8O17S4Zn4-3_1-MACE-OMat-D3,-0.277902,-748.298,MACE-OMat-D3,P1
C48H30N6O13Zn4-2_4-MACE-OMat-D3,C48H30N6O13Zn4-2_4-MACE-OMat-D3,-0.255721,-683.239,MACE-OMat-D3,P1
C48H28N4O13Zn4-2_7-MACE-OMat-D3,C48H28N4O13Zn4-2_7-MACE-OMat-D3,-0.253337,-658.808,MACE-OMat-D3,P1
C48H28N12O17Zn4-2_14-MACE-OMat-D3,C48H28N12O17Zn4-2_14-MACE-OMat-D3,-0.265096,-749.679,MACE-OMat-D3,P1
C48H28N12O17Zn4-1_11-MACE-OMat-D3,C48H28N12O17Zn4-1_11-MACE-OMat-D3,-0.187023,-741.169,MACE-OMat-D3,P1
C48H24N8O17S8Zn4-1_6-MACE-OMat-D3,C48H24N8O17S8Zn4-1_6-MACE-OMat-D3,-0.186984,-727.841,MACE-OMat-D3,P1
C48H20N12O9Zn4-3_4-MACE-OMat-D3,C48H20N12O9Zn4-3_4-MACE-OMat-D3,-0.0371276,-658.701,MACE-OMat-D3,P1
C48H18N12O19Zn4-3_13-MACE-OMat-D3,C48H18N12O19Zn4-3_13-MACE-OMat-D3,-0.276239,-726.142,MACE-OMat-D3,P1
C48H18N12O19Zn4-2_7-MACE-OMat-D3,C48H18N12O19Zn4-2_7-MACE-OMat-D3,-0.271771,-725.691,MACE-OMat-D3,P1
C48H18N12O19Zn4-1_14-MACE-OMat-D3,C48H18N12O19Zn4-1_14-MACE-OMat-D3,-0.21222,-719.676,MACE-OMat-D3,P1
C48H18N12O19Zn4-0_17-MACE-OMat-D3,C48H18N12O19Zn4-0_17-MACE-OMat-D3,-0.180614,-716.484,MACE-OMat-D3,P1
C48H16N16O17Zn4-1_6-MACE-OMat-D3,C48H16N16O17Zn4-1_6-MACE-OMat-D3,-0.145861,-729.969,MACE-OMat-D3,P1
C48F8H32N16O9Zn4-3-MACE-OMat-D3,C48F8H32N16O9Zn4-3-MACE-OMat-D3,-0.310337,-778.641,MACE-OMat-D3,P1
C45H24N6O13Zn4-2_1-MACE-OMat-D3,C45H24N6O13Zn4-2_1-MACE-OMat-D3,-0.168308,-625.849,MACE-OMat-D3,P1
C44H40N20O17Zn4-1_6-MACE-OMat-D3,C44H40N20O17Zn4-1_6-MACE-OMat-D3,-0.367116,-835.576,MACE-OMat-D3,P1
C44H36N16O5Zn4-0_2-MACE-OMat-D3,C44H36N16O5Zn4-0_2-MACE-OMat-D3,-0.00986171,-684.991,MACE-OMat-D3,P1
C44H32N8O13Zn4-1_13-MACE-OMat-D3,C44H32N8O13Zn4-1_13-MACE-OMat-D3,-0.262003,-670.271,MACE-OMat-D3,P1
C42H30N12O16Zn4-2-MACE-OMat-D3,C42H30N12O16Zn4-2-MACE-OMat-D3,-0.273931,-695.644,MACE-OMat-D3,P1
C42H30N4O11Zn4-2_4-MACE-OMat-D3,C42H30N4O11Zn4-2_4-MACE-OMat-D3,-0.185456,-592.534,MACE-OMat-D3,P1
C42H24N6O13Zn4-3_10-MACE-OMat-D3,C42H24N6O13Zn4-3_10-MACE-OMat-D3,-0.258024,-605.744,MACE-OMat-D3,P1
C42H24N6O13Zn4-2_6-MACE-OMat-D3,C42H24N6O13Zn4-2_6-MACE-OMat-D3,-0.258026,-605.745,MACE-OMat-D3,P1
C40H36N8O13Zn4-5_13-MACE-OMat-D3,C40H36N8O13Zn4-5_13-MACE-OMat-D3,-0.298607,-650.165,MACE-OMat-D3,P1
C40H24N12O21Zn4-1_14-MACE-OMat-D3,C40H24N12O21Zn4-1_14-MACE-OMat-D3,-0.314746,-685.833,MACE-OMat-D3,P1
C40H20N8O17Zn4-2_7-MACE-OMat-D3,C40H20N8O17Zn4-2_7-MACE-OMat-D3,-0.190035,-604.811,MACE-OMat-D3,P1
C40H16O5Zn4-2-MACE-OMat-D3,C40H16O5Zn4-2-MACE-OMat-D3,0.26273,-431.711,MACE-OMat-D3,P1
C40H16N24O25Zn4-3_2-MACE-OMat-D3,C40H16N24O25Zn4-3_2-MACE-OMat-D3,-0.246309,-774.869,MACE-OMat-D3,P1
C40H20N4O9Zn4-2_2-MACE-OMat-D3,C40H20N4O9Zn4-2_2-MACE-OMat-D3,-0.0419982,-518.168,MACE-OMat-D3,P1
C33H18O13Zn4-0_7-MACE-OMat-D3,C33H18O13Zn4-0_7-MACE-OMat-D3,-0.345751,-454.009,MACE-OMat-D3,P1
C32H24N16O13Zn4-2_8-MACE-OMat-D3,C32H24N16O13Zn4-2_8-MACE-OMat-D3,-0.30159,-601.121,MACE-OMat-D3,P1
C30H12N18O19Zn4-1_1-MACE-OMat-D3,C30H12N18O19Zn4-1_1-MACE-OMat-D3,-0.282936,-586.827,MACE-OMat-D3,P1
C27H15N3O13S6Zn4-2_11-MACE-OMat-D3,C27H15N3O13S6Zn4-2_11-MACE-OMat-D3,-0.237477,-431.554,MACE-OMat-D3,P1
C24H24O17Zn4-0_9-MACE-OMat-D3,C24H24O17Zn4-0_9-MACE-OMat-D3,-0.537945,-424.12,MACE-OMat-D3,P1
C21H18O13Zn4-3_9-MACE-OMat-D3,C21H18O13Zn4-3_9-MACE-OMat-D3,-0.527624,-349.709,MACE-OMat-D3,P1
C20H12O15Zn4-3_15-MACE-OMat-D3,C20H12O15Zn4-3_15-MACE-OMat-D3,-0.580867,-331.026,MACE-OMat-D3,P1
C20H20N4O11Zn4-1_8-MACE-OMat-D3,C20H20N4O11Zn4-1_8-MACE-OMat-D3,-0.423222,-365.908,MACE-OMat-D3,P1
C20H12N6O11Zn4-0_5-MACE-OMat-D3,C20H12N6O11Zn4-0_5-MACE-OMat-D3,-0.333371,-349.345,MACE-OMat-D3,P1
C18H12O19Zn4-3_5-MACE-OMat-D3,C18H12O19Zn4-3_5-MACE-OMat-D3,-0.747703,-342.433,MACE-OMat-D3,P1
C18H12O19Zn4-2_6-MACE-OMat-D3,C18H12O19Zn4-2_6-MACE-OMat-D3,-0.735187,-341.77,MACE-OMat-D3,P1
C18H12O19Zn4-2_3-MACE-OMat-D3,C18H12O19Zn4-2_3-MACE-OMat-D3,-0.75297,-342.712,MACE-OMat-D3,P1
C18H12O19Zn4-0_26-MACE-OMat-D3,C18H12O19Zn4-0_26-MACE-OMat-D3,-0.732307,-341.617,MACE-OMat-D3,P1
C24H15O13Zn4-0_1.0-r2SCAN-D4,C24H15O13Zn4-0_1.0-r2SCAN-D4,-0.508658,-432.483,r2SCAN-D4,P1
C21H18O13Zn4-3_9.0-r2SCAN-D4,C21H18O13Zn4-3_9.0-r2SCAN-D4,-0.541754,-414.657,r2SCAN-D4,P1
C56H24N16O17Zn4-3_16-MACE-OMat-D3,C56H24N16O17Zn4-3_16-MACE-OMat-D3,-0.118147,-828.567,MACE-OMat-D3,P1
C56H24N12O21Zn4-0_3-MACE-OMat-D3,C56H24N12O21Zn4-0_3-MACE-OMat-D3,-0.220113,-826.911,MACE-OMat-D3,P1
C52H20N8O13Zn4-3_6-MACE-OMat-D3,C52H20N8O13Zn4-3_6-MACE-OMat-D3,-0.153118,-693.294,MACE-OMat-D3,P1
C52H20N12O13Zn4-2_2-MACE-OMat-D3,C52H20N12O13Zn4-2_2-MACE-OMat-D3,-0.0426878,-716.131,MACE-OMat-D3,P1
C51H33N12O22Zn4-2_5-MACE-OMat-D3,C51H33N12O22Zn4-2_5-MACE-OMat-D3,-0.300875,-826.033,MACE-OMat-D3,P1
C48H24N6O13S6Zn4-1_11-MACE-OMat-D3,C48H24N6O13S6Zn4-1_11-MACE-OMat-D3,-0.201854,-683.108,MACE-OMat-D3,P1
C48H24N28O17Zn4-2-MACE-OMat-D3,C48H24N28O17Zn4-2-MACE-OMat-D3,-0.178117,-862.874,MACE-OMat-D3,P1
C48H24N24O10Zn4-0_1-MACE-OMat-D3,C48H24N24O10Zn4-0_1-MACE-OMat-D3,-0.0689091,-780.887,MACE-OMat-D3,P1
C48H24N20O13Zn4-0_15-MACE-OMat-D3,C48H24N20O13Zn4-0_15-MACE-OMat-D3,-0.196199,-776.158,MACE-OMat-D3,P1
C48H24N16O9S8Zn4-7_1-MACE-OMat-D3,C48H24N16O9S8Zn4-7_1-MACE-OMat-D3,-0.0798144,-743.332,MACE-OMat-D3,P1
C44H24N16O13Zn4-0_6-MACE-OMat-D3,C44H24N16O13Zn4-0_6-MACE-OMat-D3,-0.199019,-704.717,MACE-OMat-D3,P1
C44H20N8O13Zn4-2_16-MACE-OMat-D3,C44H20N8O13Zn4-2_16-MACE-OMat-D3,-0.179016,-620.816,MACE-OMat-D3,P1
C36H28O13Zn4-0_5-MACE-OMat-D3,C36H28O13Zn4-0_5-MACE-OMat-D3,-0.353477,-519.151,MACE-OMat-D3,P1
C36H18N6O25Zn4-1_3-MACE-OMat-D3,C36H18N6O25Zn4-1_3-MACE-OMat-D3,-0.447126,-607.322,MACE-OMat-D3,P1
C36H18N6O13S6Zn4-3_7-MACE-OMat-D3,C36H18N6O13S6Zn4-3_7-MACE-OMat-D3,-0.217893,-551.008,MACE-OMat-D3,P1
C36H18N6O13S3Zn4-1-MACE-OMat-D3,C36H18N6O13S3Zn4-1-MACE-OMat-D3,-0.277457,-542.733,MACE-OMat-D3,P1
C36H16N8O13Zn4-1_14-MACE-OMat-D3,C36H16N8O13Zn4-1_14-MACE-OMat-D3,-0.238947,-536.751,MACE-OMat-D3,P1
C34H22N8O15Zn4-1_9-MACE-OMat-D3,C34H22N8O15Zn4-1_9-MACE-OMat-D3,-0.336169,-557.223,MACE-OMat-D3,P1
C60H36O19Zn4-0-pts-r2SCAN-D4,C60H36O19Zn4-0-pts-r2SCAN-D4,-0.294182,-907.141,r2SCAN-D4,P1
C48H24N12O21Zn4-2_7-MACE-OMat-D3,C48H24N12O21Zn4-2_7-MACE-OMat-D3,-0.323102,-762.819,MACE-OMat-D3,P1
C48H24N12O21Zn4-2_11-MACE-OMat-D3,C48H24N12O21Zn4-2_11-MACE-OMat-D3,-0.192798,-748.616,MACE-OMat-D3,P1
C48H24N12O21Zn4-1_11-MACE-OMat-D3,C48H24N12O21Zn4-1_11-MACE-OMat-D3,-0.228895,-752.55,MACE-OMat-D3,P1
C44H28N16O13Zn4-2_5-MACE-OMat-D3,C44H28N16O13Zn4-2_5-MACE-OMat-D3,-0.180658,-716.56,MACE-OMat-D3,P1
C44H24N8O13S4Zn4-2_5-MACE-OMat-D3,C44H24N8O13S4Zn4-2_5-MACE-OMat-D3,-0.204398,-654.201,MACE-OMat-D3,P1
C44H24N8O13S4Zn4-1_3-MACE-OMat-D3,C44H24N8O13S4Zn4-1_3-MACE-OMat-D3,-0.123927,-646.395,MACE-OMat-D3,P1
C24H24O17Zn4-2-r2SCAN-D4,C24H24O17Zn4-2-r2SCAN-D4,-0.511754,-493.706,r2SCAN-D4,P1
C36H26N6O11Zn4-0_9-r2SCAN-D4,C36H26N6O11Zn4-0_9-r2SCAN-D4,-0.233045,-624.837,r2SCAN-D4,P1
C36H24N6O13Zn4-0_12-r2SCAN-D4,C36H24N6O13Zn4-0_12-r2SCAN-D4,-0.265617,-632.268,r2SCAN-D4,P1
C28H24N8O17Zn4-1_11-r2SCAN-D4,C28H24N8O17Zn4-1_11-r2SCAN-D4,-0.434775,-606.889,r2SCAN-D4,P1
C44H24N8O17Zn4-2_9-r2SCAN-D4,Zn4H24C44N8O17,-0.268028,-757.943,r2SCAN-D4,P1
C42H30N12O10Zn4-3_6-r2SCAN-D4,Zn2H15C21N6O5,-0.145381,-742.757,r2SCAN-D4,P1
C42H24N6O13Zn4-0_1-r2SCAN-D4,Zn4H24C42N6O13,-0.261589,-693.606,r2SCAN-D4,P1
C40H24N8O17Zn4-3_5-r2SCAN-D4,Zn4H24C40N8O17,-0.340435,-723.537,r2SCAN-D4,P1
C40H24N8O25Zn4-1_5-r2SCAN-D4,Zn4H24C40N8O25,-0.259318,-764.636,r2SCAN-D4,P1
C40H24N12O21Zn4-1_14-r2SCAN-D4,Zn4H24C40(N4O7)3,-0.291289,-781.185,r2SCAN-D4,P1
C40H12N8O13Zn4-2_9-r2SCAN-D4,Zn4H12C40N8O13,-0.155272,-639.065,r2SCAN-D4,P1
C48H27N9O13Zn4-0-r2SCAN-D4,Zn4H27C48N9O13,-0.195715,-788.018,r2SCAN-D4,P1
C45H33N6O13Zn4-0_10-r2SCAN-D4,Zn4H33C45N6O13,-0.268453,-758.602,r2SCAN-D4,P1
C36H20N8O21Zn4-1_15-r2SCAN-D4,Zn4H20C36N8O21,-0.251248,-683.626,r2SCAN-D4,P1
C36H18N6O25Zn4-0_9-r2SCAN-D4,Zn4H18C36N6O25,-0.416679,-696.417,r2SCAN-D4,P1
C64H24N8O21Zn4-0_2-r2SCAN-D4,Zn4H24C64N8O21,-0.108351,-968.68,r2SCAN-D4,P1
C60H16N16O13Zn4-3_15-r2SCAN-D4,Zn4H16C60N16O13,-0.0143187,-916.047,r2SCAN-D4,P1
C56H36N12O13Zn4-0_3-r2SCAN-D4,Zn4H36C56N12O13,-0.124213,-921.982,r2SCAN-D4,P1
C56H32N8O13S8Zn4-2_11-r2SCAN-D4,Zn4H32C56S8N8O13,-0.0517543,-927.83,r2SCAN-D4,P1
C56H32N4O17Zn4-0_10-r2SCAN-D4,Zn4H32C56N4O17,-0.22639,-868.782,r2SCAN-D4,P1
C52H36N12O13Zn4-0_8-r2SCAN-D4,Zn4H36C52N12O13,-0.151711,-884.635,r2SCAN-D4,P1
C52H28N8O13Zn4-3_2-r2SCAN-D4,Zn4H28C52N8O13,-0.19802,-823.417,r2SCAN-D4,P1
C44H32N32O13Zn4-3_3-r2SCAN-D4,Zn4H32C44N32O13,-0.0811998,-966.093,r2SCAN-D4,P1
C44H40N20O17Zn4-1_8-r2SCAN-D4,Zn4H40C44N20O17,-0.275939,-931.561,r2SCAN-D4,P1
C42H30N12O16Zn4-0_5-r2SCAN-D4,Zn2H15C21(N3O4)2,-0.320192,-796.736,r2SCAN-D4,P1
C52H24N8O17Zn4-2_12-r2SCAN-D4,Zn4H24C52N8O17,-0.225591,-835.768,r2SCAN-D4,P1
C52H28N4O21Zn4-2_9-r2SCAN-D4,Zn4H28C52N4O21,-0.350597,-850.803,r2SCAN-D4,P1
C52H28N4O21Zn4-1_17-r2SCAN-D4,Zn4H28C52N4O21,-0.331534,-848.725,r2SCAN-D4,P1
C52H28N12O17Zn4-1_5-r2SCAN-D4,Zn4H28C52N12O17,-0.162175,-880.839,r2SCAN-D4,P1
C48H36N6O13S3Zn4-3_7-r2SCAN-D4,Zn4H36C48S3N6O13,-0.197457,-818.023,r2SCAN-D4,P1
C48H32N8O17Zn4-0_3-r2SCAN-D4,Zn4H32C48N8O17,-0.21704,-823.326,r2SCAN-D4,P1
C60H28N16O5Zn4-3_1-r2SCAN-D4,Zn4H28C60N16O5,0.267994,-879.119,r2SCAN-D4,P1
C54H24N12O19Zn4-1_10-r2SCAN-D4,Zn4H24C54N12O19,-0.130638,-895.124,r2SCAN-D4,P1
C48H30N12O13Zn4-0_11-r2SCAN-D4,Zn4H30C48N12O13,-0.188028,-826.194,r2SCAN-D4,P1
C48H28N12O17Zn4-2_10-r2SCAN-D4,Zn4H28C48N12O17,-0.209366,-845.266,r2SCAN-D4,P1
C48H24N12O21Zn4-0_4-r2SCAN-D4,Zn4H24C48(N4O7)3,-0.217545,-855.614,r2SCAN-D4,P1
C46H30N8O15Zn4-3-r2SCAN-D4,Zn4H30C46N8O15,-0.252256,-787.061,r2SCAN-D4,P1
C46H30N8O15Zn4-1_11-r2SCAN-D4,Zn4H30C46N8O15,-0.1345,-774.932,r2SCAN-D4,P1
C52H20N12O13Zn4-2_2-r2SCAN-D4,Zn4H20C52N12O13,0.0205282,-809.5,r2SCAN-D4,P1
C64H24N16O13Zn4-0_10-MACE-OMat-D3,C64H24N16O13Zn4-0_10-MACE-OMat-D3,-0.0564358,-875.337,MACE-OMat-D3,P1
C60H24N8O17Zn4-1_2-MACE-OMat-D3,C60H24N8O17Zn4-1_2-MACE-OMat-D3,-0.144268,-801.068,MACE-OMat-D3,P1
C60H16N16O13Zn4-2_8-MACE-OMat-D3,C60H16N16O13Zn4-2_8-MACE-OMat-D3,-0.094696,-816.102,MACE-OMat-D3,P1
C60H16N16O13Zn4-1_10-MACE-OMat-D3,C60H16N16O13Zn4-1_10-MACE-OMat-D3,-0.058498,-812.156,MACE-OMat-D3,P1
C56H8N40O13Zn4-0-MACE-OMat-D3,C56H8N40O13Zn4-0-MACE-OMat-D3,0.111949,-929.776,MACE-OMat-D3,P1
C56H36N12O13Zn4-0_13-MACE-OMat-D3,C56H36N12O13Zn4-0_13-MACE-OMat-D3,-0.181432,-822.451,MACE-OMat-D3,P1
C56H32N8O21Zn4-1_1-MACE-OMat-D3,C56H32N8O21Zn4-1_1-MACE-OMat-D3,-0.319577,-832.398,MACE-OMat-D3,P1
C56H32N4O17Zn4-1_10-MACE-OMat-D3,C56H32N4O17Zn4-1_10-MACE-OMat-D3,-0.282452,-772.476,MACE-OMat-D3,P1
C56H32N4O17Zn4-0_5-MACE-OMat-D3,C56H32N4O17Zn4-0_5-MACE-OMat-D3,-0.256695,-769.565,MACE-OMat-D3,P1
C56H24N8O13S8Zn4-3_11-MACE-OMat-D3,C56H24N8O13S8Zn4-3_11-MACE-OMat-D3,-0.133788,-776.343,MACE-OMat-D3,P1
C56H16N12O13Zn4-0_5-MACE-OMat-D3,C56H16N12O13Zn4-0_5-MACE-OMat-D3,-0.0997624,-745.699,MACE-OMat-D3,P1
C54H36N6O13S6Zn4-0_1-MACE-OMat-D3,C54H36N6O13S6Zn4-0_1-MACE-OMat-D3,-0.186323,-778.986,MACE-OMat-D3,P1
C52H32N12O17Zn4-1_2-MACE-OMat-D3,C52H32N12O17Zn4-1_2-MACE-OMat-D3,-0.250883,-799.89,MACE-OMat-D3,P1
C52H28N8O13Zn4-3-MACE-OMat-D3,C52H28N8O13Zn4-3-MACE-OMat-D3,-0.21077,-726.522,MACE-OMat-D3,P1
C52H24N8O17Zn4-0_13-MACE-OMat-D3,C52H24N8O17Zn4-0_13-MACE-OMat-D3,-0.182317,-730.352,MACE-OMat-D3,P1
C48H40N8O17Zn4-2_14-MACE-OMat-D3,C48H40N8O17Zn4-2_14-MACE-OMat-D3,-0.309205,-762.507,MACE-OMat-D3,P1
C48H36N8O13Zn4-3_5-MACE-OMat-D3,C48H36N8O13Zn4-3_5-MACE-OMat-D3,-0.25388,-721.235,MACE-OMat-D3,P1
C48H30N12O13Zn4-3_9-MACE-OMat-D3,C48H30N12O13Zn4-3_9-MACE-OMat-D3,-0.232638,-732.371,MACE-OMat-D3,P1
C48H28N4O13Zn4-1_14-MACE-OMat-D3,C48H28N4O13Zn4-1_14-MACE-OMat-D3,-0.246953,-658.188,MACE-OMat-D3,P1
C48H24N8O33Zn4-0_7-MACE-OMat-D3,C48H24N8O33Zn4-0_7-MACE-OMat-D3,-0.467842,-808.337,MACE-OMat-D3,P1
C48H24N8O17Zn4-0_9-MACE-OMat-D3,C48H24N8O17Zn4-0_9-MACE-OMat-D3,-0.26451,-701.145,MACE-OMat-D3,P1
C48H24N6O19S6Zn4-0_9-MACE-OMat-D3,C48H24N6O19S6Zn4-0_9-MACE-OMat-D3,-0.233219,-717.364,MACE-OMat-D3,P1
C48H24N12O19Zn4-1_12-MACE-OMat-D3,C48H24N12O19Zn4-1_12-MACE-OMat-D3,-0.301793,-749.997,MACE-OMat-D3,P1
C48H24N12O19Zn4-0_12-MACE-OMat-D3,C48H24N12O19Zn4-0_12-MACE-OMat-D3,-0.28358,-748.048,MACE-OMat-D3,P1
C48H24N12O13Zn4-1_5-MACE-OMat-D3,C48H24N12O13Zn4-1_5-MACE-OMat-D3,-0.195663,-707.778,MACE-OMat-D3,P1
C48H18N12O19Zn4-0_18-MACE-OMat-D3,C48H18N12O19Zn4-0_18-MACE-OMat-D3,-0.2055,-718.998,MACE-OMat-D3,P1
C44H40N20O17Zn4-2_12-MACE-OMat-D3,C44H40N20O17Zn4-2_12-MACE-OMat-D3,-0.319945,-829.68,MACE-OMat-D3,P1
C44H40N20O17Zn4-1_4-MACE-OMat-D3,C44H40N20O17Zn4-1_4-MACE-OMat-D3,-0.323622,-830.139,MACE-OMat-D3,P1
C44H36N8O21Zn4-2_1-MACE-OMat-D3,C44H36N8O21Zn4-2_1-MACE-OMat-D3,-0.453611,-747.627,MACE-OMat-D3,P1
C44H36N16O13Zn4-1_1-MACE-OMat-D3,C44H36N16O13Zn4-1_1-MACE-OMat-D3,-0.287392,-756.016,MACE-OMat-D3,P1
C44H32N32O13Zn4-0_12-MACE-OMat-D3,C44H32N32O13Zn4-0_12-MACE-OMat-D3,-0.198093,-868.841,MACE-OMat-D3,P1
C42H30N12O16Zn4-2_1-MACE-OMat-D3,C42H30N12O16Zn4-2_1-MACE-OMat-D3,-0.305974,-698.976,MACE-OMat-D3,P1
C42H24N6O13Zn4-1_4-MACE-OMat-D3,C42H24N6O13Zn4-1_4-MACE-OMat-D3,-0.257519,-605.7,MACE-OMat-D3,P1
C40H44N20O13Zn4-3_11-MACE-OMat-D3,C40H44N20O13Zn4-3_11-MACE-OMat-D3,-0.303914,-782.864,MACE-OMat-D3,P1
C40H38N10O5Zn4-0-MACE-OMat-D3,C40H38N10O5Zn4-0-MACE-OMat-D3,-0.0381887,-607.301,MACE-OMat-D3,P1
C40H36N8O15Zn4-2_13-MACE-OMat-D3,C40H36N8O15Zn4-2_13-MACE-OMat-D3,-0.280866,-658.831,MACE-OMat-D3,P1
C40H36N8O15Zn4-0_6-MACE-OMat-D3,C40H36N8O15Zn4-0_6-MACE-OMat-D3,-0.298358,-660.632,MACE-OMat-D3,P1
C40H24N8O13Zn4-1_6-MACE-OMat-D3,C40H24N8O13Zn4-1_6-MACE-OMat-D3,-0.257361,-603.985,MACE-OMat-D3,P1
C40H24N8O13Zn4-2_5-MACE-OMat-D3,C40H24N8O13Zn4-2_5-MACE-OMat-D3,-0.242848,-602.694,MACE-OMat-D3,P1
C40H24N16O13Zn4-1_3-MACE-OMat-D3,C40H24N16O13Zn4-1_3-MACE-OMat-D3,-0.22052,-669.228,MACE-OMat-D3,P1
C33H30N15O13Zn4-3-MACE-OMat-D3,C33H30N15O13Zn4-3-MACE-OMat-D3,-0.355488,-628.364,MACE-OMat-D3,P1
C30H18O19Zn4-2_1-MACE-OMat-D3,C30H18O19Zn4-2_1-MACE-OMat-D3,-0.543439,-471.187,MACE-OMat-D3,P1
C24H20N12O13Zn4-2_15-MACE-OMat-D3,C24H20N12O13Zn4-2_15-MACE-OMat-D3,-0.407306,-484.103,MACE-OMat-D3,P1
C24H16N2O11Zn4-2_5-MACE-OMat-D3,C24H16N2O11Zn4-2_5-MACE-OMat-D3,-0.384295,-369.957,MACE-OMat-D3,P1
C24H15O13Zn4-0_11-MACE-OMat-D3,C24H15O13Zn4-0_11-MACE-OMat-D3,-0.485892,-365.225,MACE-OMat-D3,P1
C21H18O13Zn4-1_8-MACE-OMat-D3,C21H18O13Zn4-1_8-MACE-OMat-D3,-0.538501,-350.319,MACE-OMat-D3,P1
C21H18O13Zn4-0_17-MACE-OMat-D3,C21H18O13Zn4-0_17-MACE-OMat-D3,-0.527808,-349.72,MACE-OMat-D3,P1
C18H15N3O13Zn4-0_15-MACE-OMat-D3,C18H15N3O13Zn4-0_15-MACE-OMat-D3,-0.577772,-338.503,MACE-OMat-D3,P1
C24H15O13Zn4-0_13-r2SCAN-D4,C24H15O13Zn4-0_13-r2SCAN-D4,-0.463505,-429.955,r2SCAN-D4,P1
C21H18O13Zn4-1.0-r2SCAN-D4,C21H18O13Zn4-1.0-r2SCAN-D4,-0.542427,-414.694,r2SCAN-D4,P1
C18H12O19Zn4-0_29-r2SCAN-D4,C18H12O19Zn4-0_29-r2SCAN-D4,-0.76789,-409.15,r2SCAN-D4,P1
C56H20N12O13Zn4-3_4-MACE-OMat-D3,C56H20N12O13Zn4-3_4-MACE-OMat-D3,-0.0742508,-756.394,MACE-OMat-D3,P1
C56H20N16O5Zn4-2-MACE-OMat-D3,C56H20N16O5Zn4-2-MACE-OMat-D3,0.185431,-723.663,MACE-OMat-D3,P1
C48H24N20O9Zn4-0_2-MACE-OMat-D3,C48H24N20O9Zn4-0_2-MACE-OMat-D3,-0.0600912,-741.29,MACE-OMat-D3,P1
C44H20N8O13Zn4-2_11-MACE-OMat-D3,C44H20N8O13Zn4-2_11-MACE-OMat-D3,-0.17772,-620.701,MACE-OMat-D3,P1
C44H16N40O13Zn4-3-MACE-OMat-D3,C44H16N40O13Zn4-3-MACE-OMat-D3,0.0513551,-852.928,MACE-OMat-D3,P1
C36H26N6O11Zn4-2_10-MACE-OMat-D3,C36H26N6O11Zn4-2_10-MACE-OMat-D3,-0.238491,-543.998,MACE-OMat-D3,P1
C36H18N6O25Zn4-3_6-MACE-OMat-D3,C36H18N6O25Zn4-3_6-MACE-OMat-D3,-0.460883,-608.546,MACE-OMat-D3,P1
C36H18N6O25Zn4-3_18-MACE-OMat-D3,C36H18N6O25Zn4-3_18-MACE-OMat-D3,-0.463637,-608.791,MACE-OMat-D3,P1
C18H15N3O13Zn4-3_9.0-r2SCAN-D4,C18H15N3O13Zn4-3_9.0-r2SCAN-D4,-0.581209,-402.154,r2SCAN-D4,P1
C30H20O13S2Zn4-1_6-r2SCAN-D4,C30H20O13S2Zn4-1_6-r2SCAN-D4,-0.348211,-521.674,r2SCAN-D4,P1
C20H12N4O13Zn4-0_8.0-r2SCAN-D4,C20H12N4O13Zn4-0_8.0-r2SCAN-D4,-0.43096,-413.005,r2SCAN-D4,P1
C44H24N8O13S4Zn4-2_11-MACE-OMat-D3,C44H24N8O13S4Zn4-2_11-MACE-OMat-D3,-0.207995,-654.549,MACE-OMat-D3,P1
C21H18O13Zn4-3_16-r2SCAN-D4,C21H18O13Zn4-3_16-r2SCAN-D4,-0.54733,-414.969,r2SCAN-D4,P1
C21H18O13Zn4-3_11.0-r2SCAN-D4,C21H18O13Zn4-3_11.0-r2SCAN-D4,-0.546753,-414.937,r2SCAN-D4,P1
C56H16N12O13Zn4-2_13-r2SCAN-D4,C56H16N12O13Zn4-2_13-r2SCAN-D4,-0.0467913,-842.54,r2SCAN-D4,P1
C56H16N12O13Zn4-0_3-r2SCAN-D4,C56H16N12O13Zn4-0_3-r2SCAN-D4,-0.0668424,-844.565,r2SCAN-D4,P1
C48H27N9O13Zn4-3_7-r2SCAN-D4,C48H27N9O13Zn4-3_7-r2SCAN-D4,-0.192928,-787.736,r2SCAN-D4,P1
C8H3Mg2N3O2S1-0-r2SCAN-D4,C8H3Mg2N3O2S1-0-r2SCAN-D4,0.0591018,-145.005,r2SCAN-D4,P1
C44H24N8O13S4Zn4-3_4-r2SCAN-D4,Zn4H24C44S4N8O13,-0.160057,-756.71,r2SCAN-D4,P1
C44H20N8O13Zn4-2_11-r2SCAN-D4,Zn4H20C44N8O13,-0.16488,-709.507,r2SCAN-D4,P1
C44H20N8O13S4Zn4-0_3-r2SCAN-D4,Zn4H20C44S4N8O13,-0.107596,-737.363,r2SCAN-D4,P1
C42H24N6O25Zn4-1_11-r2SCAN-D4,Zn4H24C42N6O25,-0.462453,-786.884,r2SCAN-D4,P1
C42H24N6O13Zn4-1_12-r2SCAN-D4,Zn4H24C42N6O13,-0.261657,-693.612,r2SCAN-D4,P1
C42H24N6O13S3Zn4-1_14-r2SCAN-D4,Zn4H24C42S3N6O13,-0.233977,-716.243,r2SCAN-D4,P1
C40H36N8O13Zn4-4_6-r2SCAN-D4,Zn4H36C40N8O13,-0.238524,-734.167,r2SCAN-D4,P1
C40H24N16O13Zn4-0_14-r2SCAN-D4,Zn4H24C40N16O13,-0.159336,-757.257,r2SCAN-D4,P1
C40H32N8O13Zn4-1_9-r2SCAN-D4,Zn4H32C40N8O13,-0.301749,-725.518,r2SCAN-D4,P1
C40H20N8O17Zn4-2_15-r2SCAN-D4,Zn4H20C40N8O17,-0.17615,-693.726,r2SCAN-D4,P1
C40H20N8O17Zn4-0_17-r2SCAN-D4,Zn4H20C40N8O17,-0.148707,-691.284,r2SCAN-D4,P1
C36H24N6O13Zn4-1_13-r2SCAN-D4,Zn4H24C36N6O13,-0.268377,-632.497,r2SCAN-D4,P1
C48H16N16O17Zn4-2_6-r2SCAN-D4,Zn4H16C48N16O17,-0.104867,-828.158,r2SCAN-D4,P1
C44H36N4O13Zn4-2_5-r2SCAN-D4,Zn4H36C44N4O13,-0.238849,-737.663,r2SCAN-D4,P1
C44H28N4O13Zn4-1_1-r2SCAN-D4,Zn4H28C44N4O13,-0.198927,-704.384,r2SCAN-D4,P1
C64H24N16O13Zn4-2_9-r2SCAN-D4,Zn4H24C64N16O13,-0.032445,-986.136,r2SCAN-D4,P1
C64H24N16O13Zn4-1_5-r2SCAN-D4,Zn4H24C64N16O13,-0.0324537,-986.137,r2SCAN-D4,P1
C64H24N16O13Zn4-0_15-r2SCAN-D4,Zn4H24C64N16O13,0.0036506,-981.768,r2SCAN-D4,P1
C64H24N16O13Zn4-2_10-r2SCAN-D4,Zn4H24C64N16O13,0.024413,-979.256,r2SCAN-D4,P1
C60H20N12O13Zn4-0-r2SCAN-D4,Zn4H20C60N12O13,0.0357004,-887.819,r2SCAN-D4,P1
C60H18N12O19Zn4-0_4-r2SCAN-D4,Zn4H18C60N12O19,-0.175028,-939.5,r2SCAN-D4,P1
C60H16N16O13Zn4-1_14-r2SCAN-D4,Zn4H16C60N16O13,-0.0220121,-916.886,r2SCAN-D4,P1
C60H16N16O13Zn4-1_4-r2SCAN-D4,Zn4H16C60N16O13,0.02446,-911.82,r2SCAN-D4,P1
C56H24N4O21Zn4-1_13-r2SCAN-D4,Zn4H24C56N4O21,-0.205861,-861.267,r2SCAN-D4,P1
C56H24N16O17Zn4-3_9-r2SCAN-D4,Zn4H24C56N16O17,-0.0455487,-930.687,r2SCAN-D4,P1
C56H24N16O13Zn4-1-r2SCAN-D4,Zn4H24C56N16O13,-0.0410935,-906.718,r2SCAN-D4,P1
C56H20N12O13Zn4-1_15-r2SCAN-D4,Zn4H20C56N12O13,-0.0798737,-860.028,r2SCAN-D4,P1
C54H18N12O19Zn4-0_3-r2SCAN-D4,Zn4H18C54N12O19,-0.164867,-877.26,r2SCAN-D4,P1
C54H18N12O19Zn4-0_2-r2SCAN-D4,Zn4H18C54N12O19,-0.145706,-875.21,r2SCAN-D4,P1
C52H44N8O17Zn4-1_3-r2SCAN-D4,Zn4H44C52N8O17,-0.252938,-912.837,r2SCAN-D4,P1
C52H32N4O17Zn4-2_12-r2SCAN-D4,Zn4H32C52N4O17,-0.27183,-832.761,r2SCAN-D4,P1
C52H32N4O13Zn4-2_1-r2SCAN-D4,Zn4H32C52N4O13,-0.21454,-802.375,r2SCAN-D4,P1
C52H32N4O13Zn4-2_15-r2SCAN-D4,Zn4H32C52N4O13,-0.205777,-801.455,r2SCAN-D4,P1
C52H28N8O13Zn4-2_8-r2SCAN-D4,Zn4H28C52N8O13,-0.178206,-821.336,r2SCAN-D4,P1
C44H36N4O17Zn4-0_9-r2SCAN-D4,Zn4H36C44N4O17,-0.259604,-764.082,r2SCAN-D4,P1
C44H28N16O13Zn4-0_9-r2SCAN-D4,Zn4H28C44N16O13,-0.17948,-814.543,r2SCAN-D4,P1
C42H30N12O16Zn4-2_14-r2SCAN-D4,Zn2H15C21(N3O4)2,-0.269749,-791.49,r2SCAN-D4,P1
C44H16N40O13Zn4-0_2-r2SCAN-D4,Zn4H16C44N40O13,0.133271,-958.248,r2SCAN-D4,P1
C50H34N6O13Zn4-2_10-r2SCAN-D4,Zn4H34C50N6O13,-0.235449,-810.223,r2SCAN-D4,P1
C51H18N27O10Zn4-3_4-r2SCAN-D4,Zn4H18C51N27O10,0.123859,-900.822,r2SCAN-D4,P1
C48H42N12O13Zn4-2_7-r2SCAN-D4,Zn4H42C48N12O13,-0.210941,-872.66,r2SCAN-D4,P1
C48H36N8O13Zn4-3_5-r2SCAN-D4,Zn4H36C48N8O13,-0.207284,-812.806,r2SCAN-D4,P1
C48H36N8O13Zn4-3_17-r2SCAN-D4,Zn4H36C48N8O13,-0.209533,-813.051,r2SCAN-D4,P1
C48H36N12O13S4Zn4-2_3-r2SCAN-D4,Zn4H36C48S4N12O13,-0.196811,-882.367,r2SCAN-D4,P1
C48H36N12O13S4Zn4-1_12-r2SCAN-D4,Zn4H36C48S4N12O13,-0.1731,-879.593,r2SCAN-D4,P1
C60H24N8O17Zn4-2_10-r2SCAN-D4,Zn4H24C60N8O17,-0.110272,-904.678,r2SCAN-D4,P1
C45H33N15O10Zn4-1_7-r2SCAN-D4,Zn4H33C45(N3O2)5,-0.0813226,-805.086,r2SCAN-D4,P1
C44H40N20O17Zn4-2_3-r2SCAN-D4,Zn4H40C44N20O17,-0.290665,-933.402,r2SCAN-D4,P1
C48H28N12O17Zn4-3_13-r2SCAN-D4,Zn4H28C48N12O17,-0.236699,-848.245,r2SCAN-D4,P1
C48H24N8O13S8Zn4-3_15-r2SCAN-D4,Zn4H24C48S8N8O13,-0.0791528,-822.087,r2SCAN-D4,P1
C48H24N8O13S8Zn4-1_3-r2SCAN-D4,Zn4H24C48S8N8O13,-0.0742366,-821.57,r2SCAN-D4,P1
C48H24N16O9S8Zn4-5_2-r2SCAN-D4,Zn4H24C48S8N16O9,0.100986,-852.693,r2SCAN-D4,P1
C48H24N12O19Zn4-0_9-r2SCAN-D4,Zn4H24C48N12O19,-0.257038,-847.762,r2SCAN-D4,P1
C45H27N9O19Zn4-1_4-r2SCAN-D4,Zn4H27C45N9O19,-0.273345,-801.553,r2SCAN-D4,P1
C56H20N4O9Zn4-3-r2SCAN-D4,Zn4H20C56N4O9,0.076448,-748.039,r2SCAN-D4,P1
C42H24N6O13S3Zn4-1_9-r2SCAN-D4,Zn4H24C42S3N6O13,-0.198152,-712.947,r2SCAN-D4,P1
C60H36N12O13Zn4-0_10-r2SCAN-D4,Zn4H36C60N12O13,-0.0485027,-953.084,r2SCAN-D4,P1
C60H24N4O13Zn4-3_12-r2SCAN-D4,Zn4H24C60N4O13,-0.141889,-847.227,r2SCAN-D4,P1
C60H30N12O19Zn4-0_2-r2SCAN-D4,Zn4H30C60N12O19,-0.19643,-985.759,r2SCAN-D4,P1
C64H36N4O13Zn4-1_2-MACE-OMat-D3,C64H36N4O13Zn4-1_2-MACE-OMat-D3,-0.179993,-829.078,MACE-OMat-D3,P1
C60H28N8O21Zn4-2_11-MACE-OMat-D3,C60H28N8O21Zn4-2_11-MACE-OMat-D3,-0.232829,-845.706,MACE-OMat-D3,P1
C60H16N16O13Zn4-2_13-MACE-OMat-D3,C60H16N16O13Zn4-2_13-MACE-OMat-D3,0.0134896,-804.31,MACE-OMat-D3,P1
C56H32N8O13S8Zn4-5_6-MACE-OMat-D3,C56H32N8O13S8Zn4-5_6-MACE-OMat-D3,-0.199998,-811.375,MACE-OMat-D3,P1
C54H42N12O13Zn4-0_5-MACE-OMat-D3,C54H42N12O13Zn4-0_5-MACE-OMat-D3,-0.231466,-830.504,MACE-OMat-D3,P1
C54H36N18O13Zn4-1_5-MACE-OMat-D3,C54H36N18O13Zn4-1_5-MACE-OMat-D3,-0.183413,-855.103,MACE-OMat-D3,P1
C54H30N6O13Zn4-1-MACE-OMat-D3,C54H30N6O13Zn4-1-MACE-OMat-D3,-0.198384,-733.806,MACE-OMat-D3,P1
C54H18N12O13S6Zn4-3_6-MACE-OMat-D3,C54H18N12O13S6Zn4-3_6-MACE-OMat-D3,-0.0919218,-758.33,MACE-OMat-D3,P1
C54H18N12O13S6Zn4-3_9-MACE-OMat-D3,C54H18N12O13S6Zn4-3_9-MACE-OMat-D3,-0.109625,-760.224,MACE-OMat-D3,P1
C52H36N12O13Zn4-0_1-MACE-OMat-D3,C52H36N12O13Zn4-0_1-MACE-OMat-D3,-0.233406,-791.028,MACE-OMat-D3,P1
C52H36N12O13Zn4-1_15-MACE-OMat-D3,C52H36N12O13Zn4-1_15-MACE-OMat-D3,-0.178152,-784.563,MACE-OMat-D3,P1
C52H28N4O21Zn4-3-MACE-OMat-D3,C52H28N4O21Zn4-3-MACE-OMat-D3,-0.364905,-750.372,MACE-OMat-D3,P1
C52H28N20O5Zn4-0-MACE-OMat-D3,C52H28N20O5Zn4-0-MACE-OMat-D3,0.129804,-750.793,MACE-OMat-D3,P1
C52H28N16O5Zn4-2-MACE-OMat-D3,C52H28N16O5Zn4-2-MACE-OMat-D3,0.111926,-719.811,MACE-OMat-D3,P1
C52H28N12O17Zn4-1_4-MACE-OMat-D3,C52H28N12O17Zn4-1_4-MACE-OMat-D3,-0.192642,-779.331,MACE-OMat-D3,P1
C52H24N8O17Zn4-2_8-MACE-OMat-D3,C52H24N8O17Zn4-2_8-MACE-OMat-D3,-0.224813,-734.814,MACE-OMat-D3,P1
C52H24N8O17Zn4-0_10-MACE-OMat-D3,C52H24N8O17Zn4-0_10-MACE-OMat-D3,-0.23199,-735.568,MACE-OMat-D3,P1
C48H40N12O17Zn4-0-MACE-OMat-D3,C48H40N12O17Zn4-0-MACE-OMat-D3,-0.30425,-796.523,MACE-OMat-D3,P1
C48H36N6O13Zn4-3_10-MACE-OMat-D3,C48H36N6O13Zn4-3_10-MACE-OMat-D3,-0.24467,-703.053,MACE-OMat-D3,P1
C48H36N6O13Zn4-0-MACE-OMat-D3,C48H36N6O13Zn4-0-MACE-OMat-D3,-0.263845,-705.105,MACE-OMat-D3,P1
C48H36N12O13S4Zn4-2_13-MACE-OMat-D3,C48H36N12O13S4Zn4-2_13-MACE-OMat-D3,-0.271512,-775.223,MACE-OMat-D3,P1
C48H36N12O13S4Zn4-1_4-MACE-OMat-D3,C48H36N12O13S4Zn4-1_4-MACE-OMat-D3,-0.278874,-776.084,MACE-OMat-D3,P1
C48H32N4O21Zn4-1_1-MACE-OMat-D3,C48H32N4O21Zn4-1_1-MACE-OMat-D3,-0.389726,-729.274,MACE-OMat-D3,P1
C48H30N12O13Zn4-2_3-MACE-OMat-D3,C48H30N12O13Zn4-2_3-MACE-OMat-D3,-0.182499,-727.006,MACE-OMat-D3,P1
C48H28N12O21Zn4-1_9-MACE-OMat-D3,C48H28N12O21Zn4-1_9-MACE-OMat-D3,-0.264926,-770.512,MACE-OMat-D3,P1
C48H28N12O21Zn4-1_1-MACE-OMat-D3,C48H28N12O21Zn4-1_1-MACE-OMat-D3,-0.327689,-777.605,MACE-OMat-D3,P1
C48H24N12O13Zn4-2_2-MACE-OMat-D3,C48H24N12O13Zn4-2_2-MACE-OMat-D3,-0.17662,-705.855,MACE-OMat-D3,P1
C48H18N6O13S6Zn4-3_14-MACE-OMat-D3,C48H18N6O13S6Zn4-3_14-MACE-OMat-D3,-0.159634,-658.424,MACE-OMat-D3,P1
C48H16N16O17Zn4-3_10-MACE-OMat-D3,C48H16N16O17Zn4-3_10-MACE-OMat-D3,-0.147826,-730.167,MACE-OMat-D3,P1
C48H16N16O17Zn4-2_8-MACE-OMat-D3,C48H16N16O17Zn4-2_8-MACE-OMat-D3,-0.159329,-731.329,MACE-OMat-D3,P1
C46H30N8O15Zn4-3_3-MACE-OMat-D3,C46H30N8O15Zn4-3_3-MACE-OMat-D3,-0.281479,-694.599,MACE-OMat-D3,P1
C48H16N12O9Zn4-3-MACE-OMat-D3,C48H16N12O9Zn4-3-MACE-OMat-D3,0.0506485,-637.766,MACE-OMat-D3,P1
C45H42N6O13Zn4-0_14-MACE-OMat-D3,C45H42N6O13Zn4-0_14-MACE-OMat-D3,-0.277965,-699.328,MACE-OMat-D3,P1
C45H27N9O19Zn4-1-MACE-OMat-D3,C45H27N9O19Zn4-1-MACE-OMat-D3,-0.250147,-700.833,MACE-OMat-D3,P1
C45H27N9O19Zn4-0_1-MACE-OMat-D3,C45H27N9O19Zn4-0_1-MACE-OMat-D3,-0.235168,-699.276,MACE-OMat-D3,P1
C44H40N24O13Zn4-0_4-MACE-OMat-D3,C44H40N24O13Zn4-0_4-MACE-OMat-D3,-0.276901,-837.885,MACE-OMat-D3,P1
C44H40N24O13Zn4-0_11-MACE-OMat-D3,C44H40N24O13Zn4-0_11-MACE-OMat-D3,-0.303883,-841.258,MACE-OMat-D3,P1
C44H32N32O13Zn4-2_8-MACE-OMat-D3,C44H32N32O13Zn4-2_8-MACE-OMat-D3,-0.215904,-871.067,MACE-OMat-D3,P1
C44H32N32O13Zn4-0-MACE-OMat-D3,C44H32N32O13Zn4-0-MACE-OMat-D3,-0.15574,-863.547,MACE-OMat-D3,P1
C42H24N6O25Zn4-2_3-MACE-OMat-D3,C42H24N6O25Zn4-2_3-MACE-OMat-D3,-0.469592,-689.587,MACE-OMat-D3,P1
C42H24N6O25Zn4-0_11-MACE-OMat-D3,C42H24N6O25Zn4-0_11-MACE-OMat-D3,-0.48279,-690.92,MACE-OMat-D3,P1
C42H24N6O13Zn4-2_17-MACE-OMat-D3,C42H24N6O13Zn4-2_17-MACE-OMat-D3,-0.258334,-605.772,MACE-OMat-D3,P1
C42H24N6O13S3Zn4-2_1-MACE-OMat-D3,C42H24N6O13S3Zn4-2_1-MACE-OMat-D3,-0.242366,-617.464,MACE-OMat-D3,P1
C40H36N8O13Zn4-5_16-MACE-OMat-D3,C40H36N8O13Zn4-5_16-MACE-OMat-D3,-0.308647,-651.179,MACE-OMat-D3,P1
C40H36N8O13Zn4-3_13-MACE-OMat-D3,C40H36N8O13Zn4-3_13-MACE-OMat-D3,-0.291834,-649.48,MACE-OMat-D3,P1
C40H24N8O25Zn4-0_6-MACE-OMat-D3,C40H24N8O25Zn4-0_6-MACE-OMat-D3,-0.508154,-691.781,MACE-OMat-D3,P1
C40H24N12O21Zn4-0_5-MACE-OMat-D3,C40H24N12O21Zn4-0_5-MACE-OMat-D3,-0.286603,-682.991,MACE-OMat-D3,P1
C40H20N8O17Zn4-0_15-MACE-OMat-D3,C40H20N8O17Zn4-0_15-MACE-OMat-D3,-0.220084,-607.485,MACE-OMat-D3,P1
C40H20N8O13Zn4-1_15-MACE-OMat-D3,C40H20N8O13Zn4-1_15-MACE-OMat-D3,-0.143753,-580.324,MACE-OMat-D3,P1
C34H22N8O15Zn4-0_14-MACE-OMat-D3,C34H22N8O15Zn4-0_14-MACE-OMat-D3,-0.336524,-557.253,MACE-OMat-D3,P1
C27H24O16Zn4-1_6-MACE-OMat-D3,C27H24O16Zn4-1_6-MACE-OMat-D3,-0.388525,-437.223,MACE-OMat-D3,P1
C24H24N8O17Zn4-0_13-MACE-OMat-D3,C24H24N8O17Zn4-0_13-MACE-OMat-D3,-0.560979,-496.954,MACE-OMat-D3,P1
C21H12N6O13Zn4-3_14-MACE-OMat-D3,C21H12N6O13Zn4-3_14-MACE-OMat-D3,-0.481465,-377.73,MACE-OMat-D3,P1
C21H18N6O13Zn4-0_4-MACE-OMat-D3,C21H18N6O13Zn4-0_4-MACE-OMat-D3,-0.46063,-398.789,MACE-OMat-D3,P1
C18H22N10O9Zn4-0_3-MACE-OMat-D3,C18H22N10O9Zn4-0_3-MACE-OMat-D3,-0.325262,-389.699,MACE-OMat-D3,P1
C18H15N3O13Zn4-1_4-MACE-OMat-D3,C18H15N3O13Zn4-1_4-MACE-OMat-D3,-0.569264,-338.052,MACE-OMat-D3,P1
C56H24N12O21Zn4-3-MACE-OMat-D3,C56H24N12O21Zn4-3-MACE-OMat-D3,-0.249438,-830.342,MACE-OMat-D3,P1
C56H24N12O21Zn4-1_8-MACE-OMat-D3,C56H24N12O21Zn4-1_8-MACE-OMat-D3,-0.265562,-832.229,MACE-OMat-D3,P1
C56H20N12O13Zn4-0_5-MACE-OMat-D3,C56H20N12O13Zn4-0_5-MACE-OMat-D3,-0.138252,-763.115,MACE-OMat-D3,P1
C52H20N8O13Zn4-1_8-MACE-OMat-D3,C52H20N8O13Zn4-1_8-MACE-OMat-D3,-0.15021,-693.011,MACE-OMat-D3,P1
C51H42N6O19Zn4-0_6-MACE-OMat-D3,C51H42N6O19Zn4-0_6-MACE-OMat-D3,-0.35425,-796.827,MACE-OMat-D3,P1
C50H34N6O13Zn4-0_17-MACE-OMat-D3,C50H34N6O13Zn4-0_17-MACE-OMat-D3,-0.26249,-716.861,MACE-OMat-D3,P1
C44H20N8O13Zn4-0_8-MACE-OMat-D3,C44H20N8O13Zn4-0_8-MACE-OMat-D3,-0.174343,-620.4,MACE-OMat-D3,P1
C36H30N9O13Zn4-0_6-MACE-OMat-D3,C36H30N9O13Zn4-0_6-MACE-OMat-D3,-0.346381,-603.976,MACE-OMat-D3,P1
C30H18N6O13Zn4-0_18-r2SCAN-D4,C30H18N6O13Zn4-0_18-r2SCAN-D4,-0.300724,-550.73,r2SCAN-D4,P1
C22H22O17Zn4-2_11-r2SCAN-D4,C22H22O17Zn4-2_11-r2SCAN-D4,-0.573482,-468.723,r2SCAN-D4,P1
C20H12N6O11Zn4-0_5-r2SCAN-D4,C20H12N6O11Zn4-0_5-r2SCAN-D4,-0.30651,-413.069,r2SCAN-D4,P1
C18H12O19Zn4-3_2-r2SCAN-D4,C18H12O19Zn4-3_2-r2SCAN-D4,-0.75337,-408.38,r2SCAN-D4,P1
C48H24N12O21Zn4-3_14-MACE-OMat-D3,C48H24N12O21Zn4-3_14-MACE-OMat-D3,-0.341538,-764.829,MACE-OMat-D3,P1
C48H24N12O21Zn4-2_4-MACE-OMat-D3,C48H24N12O21Zn4-2_4-MACE-OMat-D3,-0.243935,-754.19,MACE-OMat-D3,P1
C48H24N12O21Zn4-0_18-MACE-OMat-D3,C48H24N12O21Zn4-0_18-MACE-OMat-D3,-0.285997,-758.775,MACE-OMat-D3,P1
C32H14N2O11Zn4-2_13-r2SCAN-D4,C32H14N2O11Zn4-2_13-r2SCAN-D4,-0.222908,-501.381,r2SCAN-D4,P1
C36H26N6O11Zn4-2_10-r2SCAN-D4,C36H26N6O11Zn4-2_10-r2SCAN-D4,-0.191465,-621.386,r2SCAN-D4,P1
C30H12N18O19Zn4-1_1-r2SCAN-D4,C30H12N18O19Zn4-1_1-r2SCAN-D4,-0.223316,-671.911,r2SCAN-D4,P1
C28H24N16O13Zn4-1_6-r2SCAN-D4,C28H24N16O13Zn4-1_6-r2SCAN-D4,-0.28249,-645.609,r2SCAN-D4,P1
C56H16N12O13Zn4-0_2-r2SCAN-D4,C56H16N12O13Zn4-0_2-r2SCAN-D4,-0.0250126,-840.34,r2SCAN-D4,P1
C48H28N4O13Zn4-3_9-r2SCAN-D4,C48H28N4O13Zn4-3_9-r2SCAN-D4,-0.24329,-749.551,r2SCAN-D4,P1
C48H28N4O13Zn4-2_14-r2SCAN-D4,C48H28N4O13Zn4-2_14-r2SCAN-D4,-0.229282,-748.192,r2SCAN-D4,P1
C42H30N12O10Zn4-2_5-r2SCAN-D4,Zn2H15C21N6O5,-0.145984,-742.816,r2SCAN-D4,P1
C42H24N6O13S3Zn4-0_15-r2SCAN-D4,Zn4H24C42S3N6O13,-0.23718,-716.537,r2SCAN-D4,P1
C40H20N8O17Zn4-3_11-r2SCAN-D4,Zn4H20C40N8O17,-0.165709,-692.797,r2SCAN-D4,P1
C36H20N8O21Zn4-1_16-r2SCAN-D4,Zn4H20C36N8O21,-0.302842,-688.217,r2SCAN-D4,P1
C24H20N4O17Zn4-0_1-r2SCAN-D4,Zn4H20C24N4O17,-0.474427,-513.907,r2SCAN-D4,P1
C36H18N6O13S3Zn4-3_3-r2SCAN-D4,Zn4H18C36S3N6O13,-0.258617,-634.562,r2SCAN-D4,P1
C36H18N6O13S3Zn4-1_4-r2SCAN-D4,Zn4H18C36S3N6O13,-0.258198,-634.529,r2SCAN-D4,P1
C36H18N6O13S3Zn4-0_16-r2SCAN-D4,Zn4H18C36S3N6O13,-0.257425,-634.467,r2SCAN-D4,P1
C52H20N8O13Zn4-3_7-r2SCAN-D4,Zn4H20C52N8O13,-0.124919,-787.086,r2SCAN-D4,P1
C56H16N12O13Zn4-3_1-r2SCAN-D4,Zn4H16C56N12O13,-0.0557669,-843.446,r2SCAN-D4,P1
C48H24N8O17Zn4-0_13-r2SCAN-D4,Zn4H24C48N8O17,-0.192677,-791.473,r2SCAN-D4,P1
C48H24N12O13Zn4-0_17-r2SCAN-D4,Zn4H24C48N12O13,-0.122732,-797.729,r2SCAN-D4,P1
C32H32O17S8Zn4-0-r2SCAN-D4,Zn4H32C32S8O17,-0.321861,-661.167,r2SCAN-D4,P1
C60H24N12O13S6Zn4-3_4-r2SCAN-D4,Zn4H24C60S6N12O13,0.0139621,-952.661,r2SCAN-D4,P1
C60H18N12O13S6Zn4-2_5-r2SCAN-D4,Zn4H18C60S6N12O13,0.0197864,-931.345,r2SCAN-D4,P1
C56H40N4O13Zn4-2_6-r2SCAN-D4,Zn4H40C56N4O13,-0.17597,-868.16,r2SCAN-D4,P1
C56H32N8O13S8Zn4-7_7-r2SCAN-D4,Zn4H32C56S8N8O13,-0.0460391,-927.138,r2SCAN-D4,P1
C56H32N8O13S8Zn4-5_6-r2SCAN-D4,Zn4H32C56S8N8O13,-0.0971143,-933.318,r2SCAN-D4,P1
C56H32N8O13S8Zn4-3_3-r2SCAN-D4,Zn4H32C56S8N8O13,-0.0920894,-932.71,r2SCAN-D4,P1
C54H30N6O13Zn4-1_2-r2SCAN-D4,Zn4H30C54N6O13,-0.205249,-833.232,r2SCAN-D4,P1
C54H30N6O13Zn4-2_10-r2SCAN-D4,Zn4H30C54N6O13,-0.193603,-831.986,r2SCAN-D4,P1
C52H44N8O17Zn4-2_6-r2SCAN-D4,Zn4H44C52N8O17,-0.251768,-912.691,r2SCAN-D4,P1
C52H32N8O13Zn4-2_8-r2SCAN-D4,Zn4H32C52N8O13,-0.208105,-839.136,r2SCAN-D4,P1
C52H28N8O13Zn4-1_14-r2SCAN-D4,Zn4H28C52N8O13,-0.188599,-822.428,r2SCAN-D4,P1
C44H36N16O5Zn4-0_2-r2SCAN-D4,Zn4H36C44N16O5,0.0858518,-767.77,r2SCAN-D4,P1
C44H32N32O13Zn4-0_5-r2SCAN-D4,Zn4H32C44N32O13,-0.0987861,-968.291,r2SCAN-D4,P1
C42H30N12O16Zn4-3_9-r2SCAN-D4,Zn2H15C21(N3O4)2,-0.282743,-792.841,r2SCAN-D4,P1
C42H33N9O19Zn4-3_6-r2SCAN-D4,Zn4H33C42N9O19,-0.28499,-794.31,r2SCAN-D4,P1
C40H44N20O13Zn4-0_4-r2SCAN-D4,Zn4H44C40N20O13,-0.209665,-872.914,r2SCAN-D4,P1
C40H24N16O21Zn4-1_10-r2SCAN-D4,Zn4H24C40N16O21,-0.233023,-812.837,r2SCAN-D4,P1
C40H16N24O25Zn4-3_12-r2SCAN-D4,Zn4H16C40N24O25,-0.14583,-873.102,r2SCAN-D4,P1
C44H16N40O13Zn4-0-r2SCAN-D4,Zn4H16C44N40O13,0.155852,-955.606,r2SCAN-D4,P1
C52H28N4O21Zn4-2_17-r2SCAN-D4,Zn4H28C52N4O21,-0.346415,-850.347,r2SCAN-D4,P1
C52H28N4O21Zn4-0_12-r2SCAN-D4,Zn4H28C52N4O21,-0.285614,-843.72,r2SCAN-D4,P1
C48H48N16O5Zn4-3_2-r2SCAN-D4,Zn4H48C48N16O5,0.0454211,-852.84,r2SCAN-D4,P1
C48H40N16O13Zn4-0_9-r2SCAN-D4,Zn4H40C48N16O13,-0.186871,-899.86,r2SCAN-D4,P1
C54H24N12O19Zn4-0_7-r2SCAN-D4,Zn4H24C54N12O19,-0.155169,-897.895,r2SCAN-D4,P1
C48H28N12O21Zn4-3_15-r2SCAN-D4,Zn4H28C48(N4O7)3,-0.298631,-879.474,r2SCAN-D4,P1
C48H28N20O5Zn4-0_1-r2SCAN-D4,Zn4H28C48(N4O)5,0.157554,-809.259,r2SCAN-D4,P1
C44H40N24O13Zn4-0-r2SCAN-D4,Zn4H40C44N24O13,-0.209465,-936.573,r2SCAN-D4,P1
C48H28N12O17Zn4-0_4-r2SCAN-D4,Zn4H28C48N12O17,-0.204927,-844.782,r2SCAN-D4,P1
C48H24N8O17S4Zn4-0_9-r2SCAN-D4,Zn4H24C48S4N8O17,-0.196482,-825.167,r2SCAN-D4,P1
C48H24N6O19S6Zn4-2_16-r2SCAN-D4,Zn4H24C48S6N6O19,-0.25164,-841.063,r2SCAN-D4,P1
C48H24N16O13S8Zn4-2_6-r2SCAN-D4,Zn4H24C48S8N16O13,-0.0858061,-896.68,r2SCAN-D4,P1
C48H24N12O21Zn4-3_15-r2SCAN-D4,Zn4H24C48(N4O7)3,-0.256071,-859.813,r2SCAN-D4,P1
C48H18N6O13S6Zn4-0_2-r2SCAN-D4,Zn4H18C48S6N6O13,-0.114323,-769.331,r2SCAN-D4,P1
C42H24N6O13Zn4-0_18-r2SCAN-D4,Zn4H24C42N6O13,-0.261695,-693.615,r2SCAN-D4,P1
C60H36N8O9Zn4-1_6-r2SCAN-D4,Zn4H36C60N8O9,-0.0112285,-888.446,r2SCAN-D4,P1
C60H28N4O13Zn4-1_1-r2SCAN-D4,Zn4H28C60N4O13,-0.171513,-864.851,r2SCAN-D4,P1
C60H30N12O19Zn4-0_4-r2SCAN-D4,Zn4H30C60N12O19,-0.129929,-977.446,r2SCAN-D4,P1
C64H28N4O21Zn4-3-MACE-OMat-D3,C64H28N4O21Zn4-3-MACE-OMat-D3,-0.232066,-849.013,MACE-OMat-D3,P1
C64H24N16O13Zn4-1_14-MACE-OMat-D3,C64H24N16O13Zn4-1_14-MACE-OMat-D3,-0.0587071,-875.612,MACE-OMat-D3,P1
C64H20N16O13Zn4-2_11-MACE-OMat-D3,C64H20N16O13Zn4-2_11-MACE-OMat-D3,-0.0510871,-861.511,MACE-OMat-D3,P1
C60H36O13Zn4-0_6-MACE-OMat-D3,C60H36O13Zn4-0_6-MACE-OMat-D3,-0.242155,-764.505,MACE-OMat-D3,P1
C60H30N12O19Zn4-2_3-MACE-OMat-D3,C60H30N12O19Zn4-2_3-MACE-OMat-D3,-0.194396,-871.802,MACE-OMat-D3,P1
C60H28N8O21Zn4-3_8-MACE-OMat-D3,C60H28N8O21Zn4-3_8-MACE-OMat-D3,-0.280539,-851.478,MACE-OMat-D3,P1
C60H18N12O19Zn4-0_4-MACE-OMat-D3,C60H18N12O19Zn4-0_4-MACE-OMat-D3,-0.225511,-834.061,MACE-OMat-D3,P1
C56H8N40O13Zn4-3_4-MACE-OMat-D3,C56H8N40O13Zn4-3_4-MACE-OMat-D3,0.125353,-928.155,MACE-OMat-D3,P1
C56H8N40O13Zn4-0_8-MACE-OMat-D3,C56H8N40O13Zn4-0_8-MACE-OMat-D3,0.137728,-926.657,MACE-OMat-D3,P1
C56H32N8O13S8Zn4-7_7-MACE-OMat-D3,C56H32N8O13S8Zn4-7_7-MACE-OMat-D3,-0.126578,-802.491,MACE-OMat-D3,P1
C56H32N4O17Zn4-3_7-MACE-OMat-D3,C56H32N4O17Zn4-3_7-MACE-OMat-D3,-0.262,-770.165,MACE-OMat-D3,P1
C54H39N9O16Zn4-1_11-MACE-OMat-D3,C54H39N9O16Zn4-1_11-MACE-OMat-D3,-0.251537,-812.338,MACE-OMat-D3,P1
C54H24N12O13S3Zn4-1_14-MACE-OMat-D3,C54H24N12O13S3Zn4-1_14-MACE-OMat-D3,-0.173577,-774.664,MACE-OMat-D3,P1
C52H32N4O17Zn4-0_3-MACE-OMat-D3,C52H32N4O17Zn4-0_3-MACE-OMat-D3,-0.278535,-734.14,MACE-OMat-D3,P1
C52H32N12O17Zn4-3_5-MACE-OMat-D3,C52H32N12O17Zn4-3_5-MACE-OMat-D3,-0.260027,-800.96,MACE-OMat-D3,P1
C52H28N4O21Zn4-3_2-MACE-OMat-D3,C52H28N4O21Zn4-3_2-MACE-OMat-D3,-0.354126,-749.197,MACE-OMat-D3,P1
C52H24N16O13Zn4-3-MACE-OMat-D3,C52H24N16O13Zn4-3-MACE-OMat-D3,-0.14066,-773.505,MACE-OMat-D3,P1
C48H40N16O13Zn4-3_10-MACE-OMat-D3,C48H40N16O13Zn4-3_10-MACE-OMat-D3,-0.30142,-809.766,MACE-OMat-D3,P1
C48H36N6O13Zn4-2_4-MACE-OMat-D3,C48H36N6O13Zn4-2_4-MACE-OMat-D3,-0.262328,-704.942,MACE-OMat-D3,P1
C48H32N8O17S4Zn4-2_11-MACE-OMat-D3,C48H32N8O17S4Zn4-2_11-MACE-OMat-D3,-0.261063,-746.395,MACE-OMat-D3,P1
C48H28N4O17Zn4-2_18-MACE-OMat-D3,C48H28N4O17Zn4-2_18-MACE-OMat-D3,-0.368966,-691.292,MACE-OMat-D3,P1
C48H28N12O17Zn4-1_9-MACE-OMat-D3,C48H28N12O17Zn4-1_9-MACE-OMat-D3,-0.251585,-748.206,MACE-OMat-D3,P1
C48H24N8O17Zn4-0_20-MACE-OMat-D3,C48H24N8O17Zn4-0_20-MACE-OMat-D3,-0.255717,-700.257,MACE-OMat-D3,P1
C48H24N8O13S8Zn4-3_9-MACE-OMat-D3,C48H24N8O13S8Zn4-3_9-MACE-OMat-D3,-0.138641,-702.225,MACE-OMat-D3,P1
C48H24N6O19S6Zn4-2_16-MACE-OMat-D3,C48H24N6O19S6Zn4-2_16-MACE-OMat-D3,-0.284128,-722.811,MACE-OMat-D3,P1
C48H18N6O13S6Zn4-2_13-MACE-OMat-D3,C48H18N6O13S6Zn4-2_13-MACE-OMat-D3,-0.150791,-657.583,MACE-OMat-D3,P1
C48H18N12O19Zn4-3_2-MACE-OMat-D3,C48H18N12O19Zn4-3_2-MACE-OMat-D3,-0.288226,-727.353,MACE-OMat-D3,P1
C48H18N12O19Zn4-2_5-MACE-OMat-D3,C48H18N12O19Zn4-2_5-MACE-OMat-D3,-0.277933,-726.313,MACE-OMat-D3,P1
C48H18N12O19Zn4-1_7-MACE-OMat-D3,C48H18N12O19Zn4-1_7-MACE-OMat-D3,-0.273136,-725.829,MACE-OMat-D3,P1
C44H40N24O13Zn4-0_13-MACE-OMat-D3,C44H40N24O13Zn4-0_13-MACE-OMat-D3,-0.258257,-835.555,MACE-OMat-D3,P1
C44H32N32O13Zn4-2_1-MACE-OMat-D3,C44H32N32O13Zn4-2_1-MACE-OMat-D3,-0.213742,-870.797,MACE-OMat-D3,P1
C42H24N6O13Zn4-3_13-MACE-OMat-D3,C42H24N6O13Zn4-3_13-MACE-OMat-D3,-0.258234,-605.763,MACE-OMat-D3,P1
C42H24N6O13S3Zn4-3_5-MACE-OMat-D3,C42H24N6O13S3Zn4-3_5-MACE-OMat-D3,-0.255067,-618.633,MACE-OMat-D3,P1
C40H36N8O15Zn4-3_8-MACE-OMat-D3,C40H36N8O15Zn4-3_8-MACE-OMat-D3,-0.32633,-663.513,MACE-OMat-D3,P1
C40H36N8O13Zn4-0_1-MACE-OMat-D3,C40H36N8O13Zn4-0_1-MACE-OMat-D3,-0.334055,-653.745,MACE-OMat-D3,P1
C40H20N8O9Zn4-2_3-MACE-OMat-D3,C40H20N8O9Zn4-2_3-MACE-OMat-D3,-0.0608426,-553.241,MACE-OMat-D3,P1
C40H20N4O17Zn4-0-MACE-OMat-D3,C40H20N4O17Zn4-0-MACE-OMat-D3,-0.293688,-579.483,MACE-OMat-D3,P1
C40H20N12O13Zn4-0_11-MACE-OMat-D3,C40H20N12O13Zn4-0_11-MACE-OMat-D3,-0.178423,-617.363,MACE-OMat-D3,P1
C39H36N12O13Zn4-3_16-MACE-OMat-D3,C39H36N12O13Zn4-3_16-MACE-OMat-D3,-0.294487,-674.816,MACE-OMat-D3,P1
C34H22N8O15Zn4-0_16-MACE-OMat-D3,C34H22N8O15Zn4-0_16-MACE-OMat-D3,-0.33622,-557.227,MACE-OMat-D3,P1
C28H24N16O13Zn4-1_16-MACE-OMat-D3,C28H24N16O13Zn4-1_16-MACE-OMat-D3,-0.362827,-568.342,MACE-OMat-D3,P1
C30H12N18O19Zn4-3-MACE-OMat-D3,C30H12N18O19Zn4-3-MACE-OMat-D3,-0.239438,-583.217,MACE-OMat-D3,P1
C28H16N2O9Zn4-3_7-MACE-OMat-D3,C28H16N2O9Zn4-3_7-MACE-OMat-D3,-0.144273,-383.446,MACE-OMat-D3,P1
C24H18O13S3Zn4-3_4-MACE-OMat-D3,C24H18O13S3Zn4-3_4-MACE-OMat-D3,-0.375744,-383.429,MACE-OMat-D3,P1
C24H16N8O21Zn4-0_3-MACE-OMat-D3,C24H16N8O21Zn4-0_3-MACE-OMat-D3,-0.517683,-485.392,MACE-OMat-D3,P1
C21H18O13Zn4-3_14-MACE-OMat-D3,C21H18O13Zn4-3_14-MACE-OMat-D3,-0.530016,-349.843,MACE-OMat-D3,P1
C20H12O15Zn4-1_15-MACE-OMat-D3,C20H12O15Zn4-1_15-MACE-OMat-D3,-0.541635,-329.025,MACE-OMat-D3,P1
C18H12O19Zn4-0_2-MACE-OMat-D3,C18H12O19Zn4-0_2-MACE-OMat-D3,-0.744688,-342.273,MACE-OMat-D3,P1
C24H15O13Zn4-1_12.0-r2SCAN-D4,C24H15O13Zn4-1_12.0-r2SCAN-D4,-0.348032,-423.488,r2SCAN-D4,P1
C48H40N8O17Zn4-1_11-MACE-OMat-D3,C48H40N8O17Zn4-1_11-MACE-OMat-D3,-0.286818,-759.888,MACE-OMat-D3,P1
C48H24N20O13Zn4-2_10-MACE-OMat-D3,C48H24N20O13Zn4-2_10-MACE-OMat-D3,-0.171412,-773.457,MACE-OMat-D3,P1
C36H18O16Zn4-1_17-MACE-OMat-D3,C36H18O16Zn4-1_17-MACE-OMat-D3,-0.373398,-500.558,MACE-OMat-D3,P1
C36H18N6O13Zn4-2_4-MACE-OMat-D3,C36H18N6O13Zn4-2_4-MACE-OMat-D3,-0.283343,-529.967,MACE-OMat-D3,P1
C36H18N6O13S6Zn4-0_4-MACE-OMat-D3,C36H18N6O13S6Zn4-0_4-MACE-OMat-D3,-0.266916,-555.077,MACE-OMat-D3,P1
C36H18N6O13S6Zn4-0_7-MACE-OMat-D3,C36H18N6O13S6Zn4-0_7-MACE-OMat-D3,-0.234616,-552.396,MACE-OMat-D3,P1
C24H24O13Zn4-3_5-r2SCAN-D4,C24H24O13Zn4-3_5-r2SCAN-D4,-0.485683,-466.68,r2SCAN-D4,P1
C21H18O13Zn4-2_9.0-r2SCAN-D4,C21H18O13Zn4-2_9.0-r2SCAN-D4,-0.543005,-414.727,r2SCAN-D4,P1
C18H12O19Zn4-3_1-r2SCAN-D4,C18H12O19Zn4-3_1-r2SCAN-D4,-0.767208,-409.114,r2SCAN-D4,P1
C44H24O13Zn4-0_3-MACE-OMat-D3,C44H24O13Zn4-0_3-MACE-OMat-D3,-0.300693,-576.661,MACE-OMat-D3,P1
C44H24N8O17Zn4-2-MACE-OMat-D3,C44H24N8O17Zn4-2-MACE-OMat-D3,-0.220072,-658.998,MACE-OMat-D3,P1
C44H24N16O13Zn4-3_2-MACE-OMat-D3,C44H24N16O13Zn4-3_2-MACE-OMat-D3,-0.203424,-705.162,MACE-OMat-D3,P1
C30H12N2O11Zn4-1_10.0-r2SCAN-D4,C30H12N2O11Zn4-1_10.0-r2SCAN-D4,-0.293906,-477.731,r2SCAN-D4,P1
C34H22N6O9Zn4-0_2-r2SCAN-D4,C34H22N6O9Zn4-0_2-r2SCAN-D4,-0.120069,-568.995,r2SCAN-D4,P1
C8H3Mg2N1O4-4-r2SCAN-D4,C8H3Mg2N1O4-4-r2SCAN-D4,-0.38146,-138.203,r2SCAN-D4,P1
Al2C16H16N2O6-10-r2SCAN-D4,Al2C16H16N2O6-10-r2SCAN-D4,-0.372263,-298.099,r2SCAN-D4,P1
C10H6Mg2N2O1S2-10-r2SCAN-D4,C10H6Mg2N2O1S2-10-r2SCAN-D4,0.249944,-163.943,r2SCAN-D4,P1
C11H7Mg2N3O2-2-r2SCAN-D4,C11H7Mg2N3O2-2-r2SCAN-D4,0.00248815,-181.814,r2SCAN-D4,P1
C44H24N8O13S4Zn4-3_7-r2SCAN-D4,Zn4H24C44S4N8O13,-0.116593,-752.494,r2SCAN-D4,P1
C44H20N8O13Zn4-2_9-r2SCAN-D4,Zn4H20C44N8O13,-0.185778,-711.367,r2SCAN-D4,P1
C44H20N8O13Zn4-2_1-r2SCAN-D4,Zn4H20C44N8O13,-0.164285,-709.454,r2SCAN-D4,P1
C44H20N8O13S4Zn4-3_1-r2SCAN-D4,Zn4H20C44S4N8O13,-0.148271,-741.145,r2SCAN-D4,P1
C42H24N6O13Zn4-2_16-r2SCAN-D4,Zn4H24C42N6O13,-0.261102,-693.562,r2SCAN-D4,P1
C42H24N6O13Zn4-2_4-r2SCAN-D4,Zn4H24C42N6O13,-0.261158,-693.567,r2SCAN-D4,P1
C40H24N8O13Zn4-3_6-r2SCAN-D4,Zn4H24C40N8O13,-0.247222,-690.595,r2SCAN-D4,P1
C40H36N8O13Zn4-3_4-r2SCAN-D4,Zn4H36C40N8O13,-0.268398,-737.184,r2SCAN-D4,P1
C40H28N8O13Zn4-3_15-r2SCAN-D4,Zn4H28C40N8O13,-0.287208,-709.131,r2SCAN-D4,P1
C40H24O29Zn4-3_13-r2SCAN-D4,Zn4H24C40O29,-0.477583,-734.845,r2SCAN-D4,P1
C36H28N12O13Zn4-2_9-r2SCAN-D4,Zn4H28C36N12O13,-0.224504,-699.835,r2SCAN-D4,P1
C36H20N8O21Zn4-2_23-r2SCAN-D4,Zn4H20C36N8O21,-0.309365,-688.798,r2SCAN-D4,P1
C33H18O13Zn4-2_8-r2SCAN-D4,Zn4H18C33O13,-0.315738,-525.993,r2SCAN-D4,P1
C24H20N10O11Zn4-0_11-r2SCAN-D4,Zn4H20C24N10O11,-0.311732,-522.662,r2SCAN-D4,P1
C40H20N8O13Zn4-0_3-r2SCAN-D4,Zn4H20C40N8O13,-0.231026,-674.402,r2SCAN-D4,P1
C40H20N4O17Zn4-0_8-r2SCAN-D4,Zn4H20C40N4O17,-0.311251,-667.901,r2SCAN-D4,P1
C48H24N8O17Zn4-3_11-r2SCAN-D4,Zn4H24C48N8O17,-0.176105,-789.799,r2SCAN-D4,P1
C52H20N12O13Zn4-3_1-r2SCAN-D4,Zn4H20C52N12O13,-0.0528079,-816.907,r2SCAN-D4,P1
C48H24N6O13S6Zn4-2_4-r2SCAN-D4,Zn4H24C48S6N6O13,-0.141209,-793.474,r2SCAN-D4,P1
C48H24N12O13Zn4-0_10-r2SCAN-D4,Zn4H24C48N12O13,-0.0868386,-794.104,r2SCAN-D4,P1
C48H20N12O9Zn4-1_1-r2SCAN-D4,Zn4H20C48(N4O3)3,0.0639156,-742.277,r2SCAN-D4,P1
C36H16N8O13Zn4-1_14-r2SCAN-D4,Zn4H16C36N8O13,-0.227668,-618.399,r2SCAN-D4,P1
C48H16N16O17Zn4-1_18-r2SCAN-D4,Zn4H16C48N16O17,-0.0543609,-823.057,r2SCAN-D4,P1
C68H28N4O17Zn4-0_2-r2SCAN-D4,Zn4H28C68N4O17,-0.179252,-971.266,r2SCAN-D4,P1
C64H24N16O13Zn4-2_13-r2SCAN-D4,Zn4H24C64N16O13,0.00600065,-981.484,r2SCAN-D4,P1
C60H42N6O13Zn4-0_8-r2SCAN-D4,Zn4H42C60N6O13,-0.157993,-932.605,r2SCAN-D4,P1
C24H24N24O13Zn4-0_13-r2SCAN-D4,Zn4H24C24N24O13,-0.130476,-666.35,r2SCAN-D4,P1
C60H30N12O19Zn4-3_3-r2SCAN-D4,Zn4H30C60N12O19,-0.125469,-976.889,r2SCAN-D4,P1
C60H24N12O17Zn4-2_1-r2SCAN-D4,Zn4H24C60N12O17,-0.097331,-940.209,r2SCAN-D4,P1
C60H18N12O19Zn4-1_13-r2SCAN-D4,Zn4H18C60N12O19,-0.154917,-937.228,r2SCAN-D4,P1
C60H18N12O19Zn4-3_14-r2SCAN-D4,Zn4H18C60N12O19,-0.119365,-933.21,r2SCAN-D4,P1
C56H32N8O13S8Zn4-3_17-r2SCAN-D4,Zn4H32C56S8N8O13,-0.115944,-935.596,r2SCAN-D4,P1
C56H32N8O13S8Zn4-1_12-r2SCAN-D4,Zn4H32C56S8N8O13,-0.0746852,-930.604,r2SCAN-D4,P1
C56H20N12O13Zn4-2_12-r2SCAN-D4,Zn4H20C56N12O13,-0.0855304,-860.622,r2SCAN-D4,P1
C54H30N6O13Zn4-2_4-r2SCAN-D4,Zn4H30C54N6O13,-0.19109,-831.717,r2SCAN-D4,P1
C54H24N12O19Zn4-1_4-r2SCAN-D4,Zn4H24C54N12O19,-0.136258,-895.758,r2SCAN-D4,P1
C54H24N12O19Zn4-0_1-r2SCAN-D4,Zn4H24C54N12O19,-0.150068,-897.319,r2SCAN-D4,P1
C52H32N4O13Zn4-3_18-r2SCAN-D4,Zn4H32C52N4O13,-0.199882,-800.836,r2SCAN-D4,P1
C52H32N4O13Zn4-3_11-r2SCAN-D4,Zn4H32C52N4O13,-0.224364,-803.406,r2SCAN-D4,P1
C44H32N8O17Zn4-1_7-r2SCAN-D4,Zn4H32C44N8O17,-0.281611,-789.169,r2SCAN-D4,P1
C44H40N20O17Zn4-1_4-r2SCAN-D4,Zn4H40C44N20O17,-0.237488,-926.755,r2SCAN-D4,P1
C42H30N12O16Zn4-2_10-r2SCAN-D4,Zn2H15C21(N3O4)2,-0.298972,-794.529,r2SCAN-D4,P1
C52H24N8O17Zn4-1_16-r2SCAN-D4,Zn4H24C52N8O17,-0.224344,-835.637,r2SCAN-D4,P1
C52H28N4O21Zn4-3_16-r2SCAN-D4,Zn4H28C52N4O21,-0.293231,-844.55,r2SCAN-D4,P1
C52H28N12O17Zn4-3_14-r2SCAN-D4,Zn4H28C52N12O17,-0.146097,-879.022,r2SCAN-D4,P1
C52H28N20O5Zn4-0_1-r2SCAN-D4,Zn4H28C52(N4O)5,0.190164,-845.142,r2SCAN-D4,P1
C51H42N6O19Zn4-3_15-r2SCAN-D4,Zn4H42C51N6O19,-0.285916,-892.51,r2SCAN-D4,P1
C51H18N27O10Zn4-1_3-r2SCAN-D4,Zn4H18C51N27O10,0.111831,-902.145,r2SCAN-D4,P1
C54H24N12O19Zn4-2_13-r2SCAN-D4,Zn4H24C54N12O19,-0.179075,-900.597,r2SCAN-D4,P1
C48H30N12O13Zn4-2_3-r2SCAN-D4,Zn4H30C48N12O13,-0.127277,-819.693,r2SCAN-D4,P1
C45H27N9O19Zn4-0_1-r2SCAN-D4,Zn4H27C45N9O19,-0.221706,-796.183,r2SCAN-D4,P1
C48H30N18O10Zn4-1_2-r2SCAN-D4,Zn2H15C24N9O5,-0.0521168,-849.251,r2SCAN-D4,P1
C44H40N20O17Zn4-2_6-r2SCAN-D4,Zn4H40C44N20O17,-0.274426,-931.372,r2SCAN-D4,P1
C48H28N12O17Zn4-3_5-r2SCAN-D4,Zn4H28C48N12O17,-0.219742,-846.397,r2SCAN-D4,P1
C48H28N12O17Zn4-1-r2SCAN-D4,Zn4H28C48N12O17,-0.22577,-847.054,r2SCAN-D4,P1
C48H24N12O19Zn4-2_3-r2SCAN-D4,Zn4H24C48N12O19,-0.200675,-841.731,r2SCAN-D4,P1
C48H24N12O19Zn4-1_14-r2SCAN-D4,Zn4H24C48N12O19,-0.18646,-840.21,r2SCAN-D4,P1
C44H40N24O13Zn4-0_3-r2SCAN-D4,Zn4H40C44N24O13,-0.172463,-931.947,r2SCAN-D4,P1
C48H18N12O19Zn4-1_10-r2SCAN-D4,Zn4H18C48N12O19,-0.233783,-823.13,r2SCAN-D4,P1
C42H24N6O13S3Zn4-2_1-r2SCAN-D4,Zn4H24C42S3N6O13,-0.205878,-713.658,r2SCAN-D4,P1
C60H32N8O17Zn4-2_4-r2SCAN-D4,Zn4H32C60N8O17,-0.129912,-935.592,r2SCAN-D4,P1
C64H36N4O13Zn4-0_8-MACE-OMat-D3,C64H36N4O13Zn4-0_8-MACE-OMat-D3,-0.141517,-824.422,MACE-OMat-D3,P1
C64H28N12O17Zn4-2-MACE-OMat-D3,C64H28N12O17Zn4-2-MACE-OMat-D3,-0.161053,-888.029,MACE-OMat-D3,P1
C60H20N12O13Zn4-1_14-MACE-OMat-D3,C60H20N12O13Zn4-1_14-MACE-OMat-D3,-0.0421557,-789.972,MACE-OMat-D3,P1
C60H18N12O19Zn4-3_15-MACE-OMat-D3,C60H18N12O19Zn4-3_15-MACE-OMat-D3,-0.175651,-828.427,MACE-OMat-D3,P1
C60H18N12O13S6Zn4-1_11-MACE-OMat-D3,C60H18N12O13S6Zn4-1_11-MACE-OMat-D3,-0.0592519,-810.357,MACE-OMat-D3,P1
C60H16N16O13Zn4-3_15-MACE-OMat-D3,C60H16N16O13Zn4-3_15-MACE-OMat-D3,-0.0931684,-815.936,MACE-OMat-D3,P1
C56H40N8O13Zn4-3-MACE-OMat-D3,C56H40N8O13Zn4-3-MACE-OMat-D3,-0.200802,-804.392,MACE-OMat-D3,P1
C54H24N12O13S3Zn4-1_13-MACE-OMat-D3,C54H24N12O13S3Zn4-1_13-MACE-OMat-D3,-0.101391,-766.723,MACE-OMat-D3,P1
C52H36N12O13Zn4-0_13-MACE-OMat-D3,C52H36N12O13Zn4-0_13-MACE-OMat-D3,-0.203853,-787.57,MACE-OMat-D3,P1
C52H32N8O17Zn4-1_3-MACE-OMat-D3,C52H32N8O17Zn4-1_3-MACE-OMat-D3,-0.227728,-762.892,MACE-OMat-D3,P1
C48H40N16O13Zn4-1_1-MACE-OMat-D3,C48H40N16O13Zn4-1_1-MACE-OMat-D3,-0.305803,-810.296,MACE-OMat-D3,P1
C48H36N6O13Zn4-0_10-MACE-OMat-D3,C48H36N6O13Zn4-0_10-MACE-OMat-D3,-0.26945,-705.704,MACE-OMat-D3,P1
C48H36N12O13S4Zn4-3_1-MACE-OMat-D3,C48H36N12O13S4Zn4-3_1-MACE-OMat-D3,-0.290818,-777.482,MACE-OMat-D3,P1
C48H32N8O13Zn4-2-MACE-OMat-D3,C48H32N8O13Zn4-2-MACE-OMat-D3,-0.275874,-709.554,MACE-OMat-D3,P1
C48H30N6O13Zn4-3_2-MACE-OMat-D3,C48H30N6O13Zn4-3_2-MACE-OMat-D3,-0.252555,-682.919,MACE-OMat-D3,P1
C48H30N12O13Zn4-1_1-MACE-OMat-D3,C48H30N12O13Zn4-1_1-MACE-OMat-D3,-0.212326,-730.197,MACE-OMat-D3,P1
C48H28N4O17Zn4-1_5-MACE-OMat-D3,C48H28N4O17Zn4-1_5-MACE-OMat-D3,-0.31101,-685.438,MACE-OMat-D3,P1
C48H30N12O13Zn4-1_10-MACE-OMat-D3,C48H30N12O13Zn4-1_10-MACE-OMat-D3,-0.272531,-736.639,MACE-OMat-D3,P1
C48H28N12O21Zn4-1_2-MACE-OMat-D3,C48H28N12O21Zn4-1_2-MACE-OMat-D3,-0.323898,-777.176,MACE-OMat-D3,P1
C48H28N12O17Zn4-3_14-MACE-OMat-D3,C48H28N12O17Zn4-3_14-MACE-OMat-D3,-0.267383,-749.928,MACE-OMat-D3,P1
C48H28N12O17Zn4-1_14-MACE-OMat-D3,C48H28N12O17Zn4-1_14-MACE-OMat-D3,-0.197302,-742.289,MACE-OMat-D3,P1
C48H24N8O17Zn4-1_6-MACE-OMat-D3,C48H24N8O17Zn4-1_6-MACE-OMat-D3,-0.248877,-699.566,MACE-OMat-D3,P1
C48H24N8O17Zn4-1_10-MACE-OMat-D3,C48H24N8O17Zn4-1_10-MACE-OMat-D3,-0.227415,-697.399,MACE-OMat-D3,P1
C48H24N8O17S8Zn4-0_10-MACE-OMat-D3,C48H24N8O17S8Zn4-0_10-MACE-OMat-D3,-0.208645,-730.202,MACE-OMat-D3,P1
C48H24N8O17S4Zn4-2_10-MACE-OMat-D3,C48H24N8O17S4Zn4-2_10-MACE-OMat-D3,-0.164235,-708.19,MACE-OMat-D3,P1
C48H24N6O13Zn4-3_17-MACE-OMat-D3,C48H24N6O13Zn4-3_17-MACE-OMat-D3,-0.205213,-657.443,MACE-OMat-D3,P1
C48H24N12O13Zn4-2_12-MACE-OMat-D3,C48H24N12O13Zn4-2_12-MACE-OMat-D3,-0.15697,-703.87,MACE-OMat-D3,P1
C48H18N6O13S6Zn4-0_2-MACE-OMat-D3,C48H18N6O13S6Zn4-0_2-MACE-OMat-D3,-0.179547,-660.315,MACE-OMat-D3,P1
C45H24N6O13Zn4-1_12-MACE-OMat-D3,C45H24N6O13Zn4-1_12-MACE-OMat-D3,-0.225585,-631.118,MACE-OMat-D3,P1
C44H28N16O21Zn4-2_2-MACE-OMat-D3,C44H28N16O21Zn4-2_2-MACE-OMat-D3,-0.244735,-764.831,MACE-OMat-D3,P1
C42H36N18O10Zn4-1_2-MACE-OMat-D3,C42H36N18O10Zn4-1_2-MACE-OMat-D3,-0.216935,-730.859,MACE-OMat-D3,P1
C42H24N6O13Zn4-2_9-MACE-OMat-D3,C42H24N6O13Zn4-2_9-MACE-OMat-D3,-0.258342,-605.773,MACE-OMat-D3,P1
C40H20N8O17Zn4-1_5-MACE-OMat-D3,C40H20N8O17Zn4-1_5-MACE-OMat-D3,-0.332016,-617.447,MACE-OMat-D3,P1
C40H16N24O25Zn4-3-MACE-OMat-D3,C40H16N24O25Zn4-3-MACE-OMat-D3,-0.235894,-773.734,MACE-OMat-D3,P1
C38H28N4O13Zn4-3_19-MACE-OMat-D3,C38H28N4O13Zn4-3_19-MACE-OMat-D3,-0.308432,-569.121,MACE-OMat-D3,P1
C33H30N15O13Zn4-3_18-MACE-OMat-D3,C33H30N15O13Zn4-3_18-MACE-OMat-D3,-0.362364,-629.017,MACE-OMat-D3,P1
C26H24N4O13Zn4-0_22-MACE-OMat-D3,C26H24N4O13Zn4-0_22-MACE-OMat-D3,-0.488485,-453.659,MACE-OMat-D3,P1
C24H28N4O13Zn4-2_7-MACE-OMat-D3,C24H28N4O13Zn4-2_7-MACE-OMat-D3,-0.455176,-446.79,MACE-OMat-D3,P1
C24H12N4O17Zn4-1_9-MACE-OMat-D3,C24H12N4O17Zn4-1_9-MACE-OMat-D3,-0.443608,-408.515,MACE-OMat-D3,P1
C22H16N4O9Zn4-3_6-MACE-OMat-D3,C22H16N4O9Zn4-3_6-MACE-OMat-D3,-0.202655,-347.602,MACE-OMat-D3,P1
C20H16O11Zn4-2_9-MACE-OMat-D3,C20H16O11Zn4-2_9-MACE-OMat-D3,-0.41379,-315.687,MACE-OMat-D3,P1
C20H16N4O11Zn4-7_1-MACE-OMat-D3,C20H16N4O11Zn4-7_1-MACE-OMat-D3,-0.376481,-348.669,MACE-OMat-D3,P1
C24H15O13Zn4-0_1-r2SCAN-D4,C24H15O13Zn4-0_1-r2SCAN-D4,-0.514317,-432.8,r2SCAN-D4,P1
C21H18O13Zn4-2_10.0-r2SCAN-D4,C21H18O13Zn4-2_10.0-r2SCAN-D4,-0.545075,-414.843,r2SCAN-D4,P1
C21H18O13Zn4-2-r2SCAN-D4,C21H18O13Zn4-2-r2SCAN-D4,-0.544483,-414.809,r2SCAN-D4,P1
C56H24N16O13S8Zn4-3_8-MACE-OMat-D3,C56H24N16O13S8Zn4-3_8-MACE-OMat-D3,-0.0917251,-839.08,MACE-OMat-D3,P1
C51H33N9O13Zn4-3_14-MACE-OMat-D3,C51H33N9O13Zn4-3_14-MACE-OMat-D3,-0.222078,-744.188,MACE-OMat-D3,P1
C51H33N12O22Zn4-1_12-MACE-OMat-D3,C51H33N12O22Zn4-1_12-MACE-OMat-D3,-0.335978,-830.316,MACE-OMat-D3,P1
C51H18N27O10Zn4-3_8-MACE-OMat-D3,C51H18N27O10Zn4-3_8-MACE-OMat-D3,0.0187363,-804.401,MACE-OMat-D3,P1
C48H52N8O13Zn4-3_5-MACE-OMat-D3,C48H52N8O13Zn4-3_5-MACE-OMat-D3,-0.284408,-781.013,MACE-OMat-D3,P1
C48H42N12O13Zn4-3_3-MACE-OMat-D3,C48H42N12O13Zn4-3_3-MACE-OMat-D3,-0.247074,-775.805,MACE-OMat-D3,P1
C48H42N12O13Zn4-0_3-MACE-OMat-D3,C48H42N12O13Zn4-0_3-MACE-OMat-D3,-0.276738,-779.335,MACE-OMat-D3,P1
C48H40N8O13Zn4-2_3-MACE-OMat-D3,C48H40N8O13Zn4-2_3-MACE-OMat-D3,-0.268366,-736.863,MACE-OMat-D3,P1
C48H24N20O5Zn4-0_1-MACE-OMat-D3,C48H24N20O5Zn4-0_1-MACE-OMat-D3,0.108693,-704.21,MACE-OMat-D3,P1
C48H24N16O13S8Zn4-1_11-MACE-OMat-D3,C48H24N16O13S8Zn4-1_11-MACE-OMat-D3,-0.172209,-773.884,MACE-OMat-D3,P1
C36H30N9O13Zn4-3_12-MACE-OMat-D3,C36H30N9O13Zn4-3_12-MACE-OMat-D3,-0.327158,-602.207,MACE-OMat-D3,P1
C36H24N8O21Zn4-2-MACE-OMat-D3,C36H24N8O21Zn4-2-MACE-OMat-D3,-0.546332,-634.696,MACE-OMat-D3,P1
C36H18O16Zn4-3_8-MACE-OMat-D3,C36H18O16Zn4-3_8-MACE-OMat-D3,-0.455858,-506.66,MACE-OMat-D3,P1
C36H18O16Zn4-1_7-MACE-OMat-D3,C36H18O16Zn4-1_7-MACE-OMat-D3,-0.371809,-500.441,MACE-OMat-D3,P1
C36H18N21O13Zn4-1_1-MACE-OMat-D3,C36H18N21O13Zn4-1_1-MACE-OMat-D3,-0.20091,-651.803,MACE-OMat-D3,P1
C60H36O19Zn4-2-pts-r2SCAN-D4,C60H36O19Zn4-2-pts-r2SCAN-D4,-0.2934,-907.048,r2SCAN-D4,P1
C20H20N4O11Zn4-1_8-r2SCAN-D4,C20H20N4O11Zn4-1_8-r2SCAN-D4,-0.404663,-430.053,r2SCAN-D4,P1
C21H18O13Zn4-3_11-r2SCAN-D4,C21H18O13Zn4-3_11-r2SCAN-D4,-0.543932,-414.779,r2SCAN-D4,P1
C44H24N8O13S4Zn4-0_12-MACE-OMat-D3,C44H24N8O13S4Zn4-0_12-MACE-OMat-D3,-0.212448,-654.981,MACE-OMat-D3,P1
C34H22N8O15Zn4-0_14-r2SCAN-D4,C34H22N8O15Zn4-0_14-r2SCAN-D4,-0.311625,-639.083,r2SCAN-D4,P1
C56H16N12O13Zn4-0_7-r2SCAN-D4,C56H16N12O13Zn4-0_7-r2SCAN-D4,-0.0545911,-843.328,r2SCAN-D4,P1
C54H24N6O13Zn4-1_3-r2SCAN-D4,C54H24N6O13Zn4-1_3-r2SCAN-D4,-0.0777121,-798.378,r2SCAN-D4,P1
C16H10Mg2N4O10-0-r2SCAN-D4,C16H10Mg2N4O10-0-r2SCAN-D4,-0.424594,-315.884,r2SCAN-D4,P1
C10H6Mg2N2O5-8-r2SCAN-D4,C10H6Mg2N2O5-8-r2SCAN-D4,-0.377865,-186.161,r2SCAN-D4,P1
C44H32N8O13Zn4-0_6-r2SCAN-D4,Zn4H32C44N8O13,-0.228687,-759.414,r2SCAN-D4,P1
C44H24N8O13S4Zn4-1_5-r2SCAN-D4,Zn4H24C44S4N8O13,-0.151388,-755.869,r2SCAN-D4,P1
C44H32N12O9Zn4-1_4-r2SCAN-D4,Zn4H32C44(N4O3)3,-0.0432612,-754.006,r2SCAN-D4,P1
C44H20N8O13Zn4-1_4-r2SCAN-D4,Zn4H20C44N8O13,-0.163539,-709.388,r2SCAN-D4,P1
C44H20N8O13S4Zn4-0_11-r2SCAN-D4,Zn4H20C44S4N8O13,-0.151818,-741.475,r2SCAN-D4,P1
C44H20N12O9Zn4-3_4-r2SCAN-D4,Zn4H20C44(N4O3)3,0.0420804,-704.408,r2SCAN-D4,P1
C42H24N6O13Zn4-3_13-r2SCAN-D4,Zn4H24C42N6O13,-0.261109,-693.563,r2SCAN-D4,P1
C42H24N6O13Zn4-0_5-r2SCAN-D4,Zn4H24C42N6O13,-0.26132,-693.582,r2SCAN-D4,P1
C42H24N6O13S3Zn4-1_10-r2SCAN-D4,Zn4H24C42S3N6O13,-0.237067,-716.527,r2SCAN-D4,P1
C40H24N8O13Zn4-1_6-r2SCAN-D4,Zn4H24C40N8O13,-0.235648,-689.565,r2SCAN-D4,P1
C38H28N4O13Zn4-3_11-r2SCAN-D4,Zn4H28C38N4O13,-0.306969,-652.488,r2SCAN-D4,P1
C40H20N8O17Zn4-0_2-r2SCAN-D4,Zn4H20C40N8O17,-0.200213,-695.868,r2SCAN-D4,P1
C36H32N12O17Zn4-1_15-r2SCAN-D4,Zn4H32C36N12O17,-0.341072,-750.517,r2SCAN-D4,P1
C40H20N8O13Zn4-2_5-r2SCAN-D4,Zn4H20C40N8O13,-0.192048,-671.089,r2SCAN-D4,P1
C24H24N12O13Zn4-2_13-r2SCAN-D4,Zn4H24C24N12O13,-0.431486,-578.149,r2SCAN-D4,P1
C30H18N12O10Zn4-2_6-r2SCAN-D4,Zn2H9C15N6O5,-0.149218,-577.864,r2SCAN-D4,P1
C30H18N6O19Zn4-0_7-r2SCAN-D4,Zn4H18C30N6O19,-0.462023,-599.88,r2SCAN-D4,P1
C48H28N4O17Zn4-3_14-r2SCAN-D4,Zn4H28C48N4O17,-0.319776,-781.533,r2SCAN-D4,P1
C48H18N12O19Zn4-3_18-r2SCAN-D4,Zn4H18C48N12O19,-0.249329,-824.7,r2SCAN-D4,P1
C48H16N16O17Zn4-3_10-r2SCAN-D4,Zn4H16C48N16O17,-0.110942,-828.771,r2SCAN-D4,P1
C48H16N16O17Zn4-1_13-r2SCAN-D4,Zn4H16C48N16O17,-0.106215,-828.294,r2SCAN-D4,P1
C45H24N6O13Zn4-3_8-r2SCAN-D4,Zn4H24C45N6O13,-0.216534,-720.297,r2SCAN-D4,P1
C64H20N16O13Zn4-1_17-r2SCAN-D4,Zn4H20C64N16O13,-0.00575037,-969.055,r2SCAN-D4,P1
C60H20N12O13Zn4-1_14-r2SCAN-D4,Zn4H20C60N12O13,0.0129286,-890.301,r2SCAN-D4,P1
C56H8N40O13Zn4-3_4-r2SCAN-D4,Zn4H8C56N40O13,0.248072,-1036.37,r2SCAN-D4,P1
C56H8N40O13Zn4-0_7-r2SCAN-D4,Zn4H8C56N40O13,0.25938,-1035.0,r2SCAN-D4,P1
C56H32N8O21Zn4-1_16-r2SCAN-D4,Zn4H32C56N8O21,-0.198518,-927.109,r2SCAN-D4,P1
C56H32N4O17Zn4-0_11-r2SCAN-D4,Zn4H32C56N4O17,-0.197389,-865.505,r2SCAN-D4,P1
C56H32N4O17Zn4-0_6-r2SCAN-D4,Zn4H32C56N4O17,-0.243898,-870.761,r2SCAN-D4,P1
C56H24N4O21Zn4-2_7-r2SCAN-D4,Zn4H24C56N4O21,-0.230959,-864.003,r2SCAN-D4,P1
C56H24N8O13S8Zn4-1_12-r2SCAN-D4,Zn4H24C56S8N8O13,-0.0770259,-902.616,r2SCAN-D4,P1
C56H24N16O13S8Zn4-0_13-r2SCAN-D4,Zn4H24C56S8N16O13,-0.020323,-969.58,r2SCAN-D4,P1
C54H30N6O13Zn4-2_7-r2SCAN-D4,Zn4H30C54N6O13,-0.171828,-829.656,r2SCAN-D4,P1
C42H24N6O13Zn4-1_15-r2SCAN-D4,Zn4H24C42N6O13,-0.261677,-693.614,r2SCAN-D4,P1
C44H32N32O13Zn4-1_1-r2SCAN-D4,Zn4H32C44N32O13,-0.0889621,-967.063,r2SCAN-D4,P1
C40H36N8O15Zn4-0_14-r2SCAN-D4,Zn4H36C40N8O15,-0.291303,-751.722,r2SCAN-D4,P1
C42H33N9O19Zn4-0_7-r2SCAN-D4,Zn4H33C42N9O19,-0.234647,-788.923,r2SCAN-D4,P1
C39H36N12O13Zn4-3_7-r2SCAN-D4,Zn4H36C39N12O13,-0.260764,-763.783,r2SCAN-D4,P1
C52H24N8O17Zn4-0_19-r2SCAN-D4,Zn4H24C52N8O17,-0.202536,-833.347,r2SCAN-D4,P1
C52H28N20O5Zn4-0-r2SCAN-D4,Zn4H28C52(N4O)5,0.233432,-840.426,r2SCAN-D4,P1
C51H33N9O13Zn4-2_5-r2SCAN-D4,Zn4H33C51N9O13,-0.214467,-842.635,r2SCAN-D4,P1
C51H33N12O22Zn4-2_5-r2SCAN-D4,Zn4H33C51(N6O11)2,-0.239513,-928.106,r2SCAN-D4,P1
C51H33N12O22Zn4-0_15-r2SCAN-D4,Zn4H33C51(N6O11)2,-0.25676,-930.21,r2SCAN-D4,P1
C51H33N12O22Zn4-0_10-r2SCAN-D4,Zn4H33C51(N6O11)2,-0.275612,-932.51,r2SCAN-D4,P1
C48H42N12O13Zn4-3_3-r2SCAN-D4,Zn4H42C48N12O13,-0.198828,-871.219,r2SCAN-D4,P1
C48H40N8O13Zn4-1_8-r2SCAN-D4,Zn4H40C48N8O13,-0.201635,-826.824,r2SCAN-D4,P1
C48H40N12O17Zn4-2_4-r2SCAN-D4,Zn4H40C48N12O17,-0.235241,-892.392,r2SCAN-D4,P1
C54H18N12O19Zn4-3_7-r2SCAN-D4,Zn4H18C54N12O19,-0.141158,-874.724,r2SCAN-D4,P1
C45H33N15O10Zn4-1_4-r2SCAN-D4,Zn4H33C45(N3O2)5,-0.0431442,-801.001,r2SCAN-D4,P1
C48H12N30O10Zn4-1_5-r2SCAN-D4,Zn2H6C24(N3O)5,0.248374,-865.276,r2SCAN-D4,P1
C48H24N8O33Zn4-3_1-r2SCAN-D4,Zn4H24C48N8O33,-0.442492,-916.92,r2SCAN-D4,P1
C48H24N8O17S8Zn4-2_11-r2SCAN-D4,Zn4H24C48S8N8O17,-0.0971482,-847.649,r2SCAN-D4,P1
C48H24N8O17S8Zn4-1_6-r2SCAN-D4,Zn4H24C48S8N8O17,-0.137243,-852.019,r2SCAN-D4,P1
C48H24N20O13Zn4-0_12-r2SCAN-D4,Zn4H24C48N20O13,-0.132966,-873.035,r2SCAN-D4,P1
C48H24N20O13Zn4-2_4-r2SCAN-D4,Zn4H24C48N20O13,-0.0930935,-868.689,r2SCAN-D4,P1
C48H24N12O19Zn4-1_6-r2SCAN-D4,Zn4H24C48N12O19,-0.230635,-844.937,r2SCAN-D4,P1
C36H18N6O13S6Zn4-3_4-r2SCAN-D4,Zn4H18C36S6N6O13,-0.123667,-648.53,r2SCAN-D4,P1
C44H32N8O13Zn4-3_15-r2SCAN-D4,Zn4H32C44N8O13,-0.206042,-757.126,r2SCAN-D4,P1
C42H24N6O13S3Zn4-2_5-r2SCAN-D4,Zn4H24C42S3N6O13,-0.239499,-716.751,r2SCAN-D4,P1
C66H24N6O13S6Zn4-0-MACE-OMat-D3,C66H24N6O13S6Zn4-0-MACE-OMat-D3,-0.146684,-845.68,MACE-OMat-D3,P1
C60H36N12O13Zn4-1_10-MACE-OMat-D3,C60H36N12O13Zn4-1_10-MACE-OMat-D3,-0.13088,-853.637,MACE-OMat-D3,P1
C60H32N8O17Zn4-2_5-MACE-OMat-D3,C60H32N8O17Zn4-2_5-MACE-OMat-D3,-0.161721,-830.284,MACE-OMat-D3,P1
C60H32N4O21Zn4-3_3-MACE-OMat-D3,C60H32N4O21Zn4-3_3-MACE-OMat-D3,-0.214222,-823.051,MACE-OMat-D3,P1
C60H30N12O19Zn4-3_3-MACE-OMat-D3,C60H30N12O19Zn4-3_3-MACE-OMat-D3,-0.162525,-867.819,MACE-OMat-D3,P1
C60H24N12O13S6Zn4-0_15-MACE-OMat-D3,C60H24N12O13S6Zn4-0_15-MACE-OMat-D3,-0.0955925,-834.5,MACE-OMat-D3,P1
C60H18N12O19Zn4-3_12-MACE-OMat-D3,C60H18N12O19Zn4-3_12-MACE-OMat-D3,-0.210554,-832.371,MACE-OMat-D3,P1
C60H16N16O13Zn4-0_9-MACE-OMat-D3,C60H16N16O13Zn4-0_9-MACE-OMat-D3,-0.0678054,-813.171,MACE-OMat-D3,P1
C56H32N8O13S8Zn4-4_12-MACE-OMat-D3,C56H32N8O13S8Zn4-4_12-MACE-OMat-D3,-0.190057,-810.172,MACE-OMat-D3,P1
C56H16N12O13Zn4-2_2-MACE-OMat-D3,C56H16N12O13Zn4-2_2-MACE-OMat-D3,-0.0580284,-741.484,MACE-OMat-D3,P1
C54H30N6O19Zn4-0_5-MACE-OMat-D3,C54H30N6O19Zn4-0_5-MACE-OMat-D3,-0.259934,-771.64,MACE-OMat-D3,P1
C54H24N6O13Zn4-1_1-MACE-OMat-D3,C54H24N6O13Zn4-1_1-MACE-OMat-D3,-0.107277,-703.951,MACE-OMat-D3,P1
C54H24N6O10S6Zn4-3_1-MACE-OMat-D3,C54H24N6O10S6Zn4-3_1-MACE-OMat-D3,-0.0405851,-707.265,MACE-OMat-D3,P1
C54H24N12O13S3Zn4-1_1-MACE-OMat-D3,C54H24N12O13S3Zn4-1_1-MACE-OMat-D3,-0.127264,-769.569,MACE-OMat-D3,P1
C54H18N12O13S6Zn4-0_14-MACE-OMat-D3,C54H18N12O13S6Zn4-0_14-MACE-OMat-D3,-0.124641,-761.83,MACE-OMat-D3,P1
C52H32N8O17Zn4-1_10-MACE-OMat-D3,C52H32N8O17Zn4-1_10-MACE-OMat-D3,-0.289507,-769.873,MACE-OMat-D3,P1
C52H32N8O13Zn4-2_8-MACE-OMat-D3,C52H32N8O13Zn4-2_8-MACE-OMat-D3,-0.237064,-743.206,MACE-OMat-D3,P1
C52H32N8O13Zn4-1-MACE-OMat-D3,C52H32N8O13Zn4-1-MACE-OMat-D3,-0.213185,-740.603,MACE-OMat-D3,P1
C52H32N4O13Zn4-0_6-MACE-OMat-D3,C52H32N4O13Zn4-0_6-MACE-OMat-D3,-0.232788,-708.43,MACE-OMat-D3,P1
C52H32N4O13Zn4-0_8-MACE-OMat-D3,C52H32N4O13Zn4-0_8-MACE-OMat-D3,-0.201426,-705.137,MACE-OMat-D3,P1
C52H28N8O13Zn4-2_11-MACE-OMat-D3,C52H28N8O13Zn4-2_11-MACE-OMat-D3,-0.15598,-720.769,MACE-OMat-D3,P1
C52H28N12O17Zn4-0_5-MACE-OMat-D3,C52H28N12O17Zn4-0_5-MACE-OMat-D3,-0.194726,-779.566,MACE-OMat-D3,P1
C48H40N12O17Zn4-2_12-MACE-OMat-D3,C48H40N12O17Zn4-2_12-MACE-OMat-D3,-0.268229,-792.164,MACE-OMat-D3,P1
C48H36N12O13S4Zn4-2_6-MACE-OMat-D3,C48H36N12O13S4Zn4-2_6-MACE-OMat-D3,-0.281276,-776.365,MACE-OMat-D3,P1
C48H36N12O13S4Zn4-0_9-MACE-OMat-D3,C48H36N12O13S4Zn4-0_9-MACE-OMat-D3,-0.217462,-768.899,MACE-OMat-D3,P1
C48H32N8O13Zn4-3_6-MACE-OMat-D3,C48H32N8O13Zn4-3_6-MACE-OMat-D3,-0.258845,-707.766,MACE-OMat-D3,P1
C48H30N6O13Zn4-1_16-MACE-OMat-D3,C48H30N6O13Zn4-1_16-MACE-OMat-D3,-0.269595,-684.64,MACE-OMat-D3,P1
C48H28N12O21Zn4-3_4-MACE-OMat-D3,C48H28N12O21Zn4-3_4-MACE-OMat-D3,-0.335181,-778.451,MACE-OMat-D3,P1
C48H24O21Zn4-0_15-MACE-OMat-D3,C48H24O21Zn4-0_15-MACE-OMat-D3,-0.417915,-668.003,MACE-OMat-D3,P1
C48H24N8O33Zn4-1_6-MACE-OMat-D3,C48H24N8O33Zn4-1_6-MACE-OMat-D3,-0.43733,-804.767,MACE-OMat-D3,P1
C48H24N8O17Zn4-2-MACE-OMat-D3,C48H24N8O17Zn4-2-MACE-OMat-D3,-0.212535,-695.896,MACE-OMat-D3,P1
C45H24N6O13Zn4-2_13-MACE-OMat-D3,C45H24N6O13Zn4-2_13-MACE-OMat-D3,-0.217491,-630.373,MACE-OMat-D3,P1
C44H40N24O13Zn4-3-MACE-OMat-D3,C44H40N24O13Zn4-3-MACE-OMat-D3,-0.256562,-835.343,MACE-OMat-D3,P1
C44H40N24O13Zn4-1_11-MACE-OMat-D3,C44H40N24O13Zn4-1_11-MACE-OMat-D3,-0.310549,-842.091,MACE-OMat-D3,P1
C44H40N20O17Zn4-2_6-MACE-OMat-D3,C44H40N20O17Zn4-2_6-MACE-OMat-D3,-0.35502,-834.064,MACE-OMat-D3,P1
C42H24O13S3Zn4-2_11-MACE-OMat-D3,C42H24O13S3Zn4-2_11-MACE-OMat-D3,-0.310066,-571.765,MACE-OMat-D3,P1
C42H24N6O13Zn4-1_7-MACE-OMat-D3,C42H24N6O13Zn4-1_7-MACE-OMat-D3,-0.257891,-605.733,MACE-OMat-D3,P1
C42H24N6O13Zn4-0_4-MACE-OMat-D3,C42H24N6O13Zn4-0_4-MACE-OMat-D3,-0.258348,-605.773,MACE-OMat-D3,P1
C42H24N6O13S3Zn4-2_6-MACE-OMat-D3,C42H24N6O13S3Zn4-2_6-MACE-OMat-D3,-0.258212,-618.922,MACE-OMat-D3,P1
C40H20N8O13Zn4-3_13-MACE-OMat-D3,C40H20N8O13Zn4-3_13-MACE-OMat-D3,-0.251131,-589.451,MACE-OMat-D3,P1
C39H36N12O13Zn4-3_11-MACE-OMat-D3,C39H36N12O13Zn4-3_11-MACE-OMat-D3,-0.297573,-675.137,MACE-OMat-D3,P1
C33H30N15O13Zn4-2_4-MACE-OMat-D3,C33H30N15O13Zn4-2_4-MACE-OMat-D3,-0.353365,-628.162,MACE-OMat-D3,P1
C32H16N8O13Zn4-3_11-MACE-OMat-D3,C32H16N8O13Zn4-3_11-MACE-OMat-D3,-0.324398,-505.254,MACE-OMat-D3,P1
C30H22N2O11Zn4-0_12-MACE-OMat-D3,C30H22N2O11Zn4-0_12-MACE-OMat-D3,-0.349055,-446.767,MACE-OMat-D3,P1
C30H18N6O13Zn4-0_18-MACE-OMat-D3,C30H18N6O13Zn4-0_18-MACE-OMat-D3,-0.334021,-476.698,MACE-OMat-D3,P1
C30H18N12O16Zn4-3-MACE-OMat-D3,C30H18N12O16Zn4-3-MACE-OMat-D3,-0.344938,-545.489,MACE-OMat-D3,P1
C24H15O13Zn4-3_14-MACE-OMat-D3,C24H15O13Zn4-3_14-MACE-OMat-D3,-0.487824,-365.333,MACE-OMat-D3,P1
C21H18O13Zn4-2_2-MACE-OMat-D3,C21H18O13Zn4-2_2-MACE-OMat-D3,-0.483106,-347.216,MACE-OMat-D3,P1
C20H12N16O9Zn4-2-MACE-OMat-D3,C20H12N16O9Zn4-2-MACE-OMat-D3,-0.156995,-414.803,MACE-OMat-D3,P1
C18H12O19Zn4-3_10-MACE-OMat-D3,C18H12O19Zn4-3_10-MACE-OMat-D3,-0.738576,-341.949,MACE-OMat-D3,P1
C21H18O13Zn4-3_9-r2SCAN-D4,C21H18O13Zn4-3_9-r2SCAN-D4,-0.546238,-414.908,r2SCAN-D4,P1
C24H15O13Zn4-1_8-r2SCAN-D4,C24H15O13Zn4-1_8-r2SCAN-D4,-0.513571,-432.759,r2SCAN-D4,P1
C56H24N4O21Zn4-0-MACE-OMat-D3,C56H24N4O21Zn4-0-MACE-OMat-D3,-0.254328,-762.123,MACE-OMat-D3,P1
C52H24N16O13Zn4-1_1-MACE-OMat-D3,C52H24N16O13Zn4-1_1-MACE-OMat-D3,-0.155039,-775.072,MACE-OMat-D3,P1
C52H20N12O13Zn4-2_11-MACE-OMat-D3,C52H20N12O13Zn4-2_11-MACE-OMat-D3,-0.124358,-724.38,MACE-OMat-D3,P1
C48H52N8O13Zn4-3_11-MACE-OMat-D3,C48H52N8O13Zn4-3_11-MACE-OMat-D3,-0.305047,-783.593,MACE-OMat-D3,P1
C48H24N6O13S9Zn4-2_8-MACE-OMat-D3,C48H24N6O13S9Zn4-2_8-MACE-OMat-D3,-0.0915097,-684.624,MACE-OMat-D3,P1
C44H20N8O13S4Zn4-3_4-MACE-OMat-D3,C44H20N8O13S4Zn4-3_4-MACE-OMat-D3,-0.177855,-637.939,MACE-OMat-D3,P1
C36H32N8O13Zn4-2_5-MACE-OMat-D3,C36H32N8O13Zn4-2_5-MACE-OMat-D3,-0.355706,-603.332,MACE-OMat-D3,P1
C36H32N12O17Zn4-2_15-MACE-OMat-D3,C36H32N12O17Zn4-2_15-MACE-OMat-D3,-0.428472,-666.698,MACE-OMat-D3,P1
C36H24N6O13Zn4-0_8-MACE-OMat-D3,C36H24N6O13Zn4-0_8-MACE-OMat-D3,-0.316354,-553.87,MACE-OMat-D3,P1
C36H18O16Zn4-2_11-MACE-OMat-D3,C36H18O16Zn4-2_11-MACE-OMat-D3,-0.39791,-502.372,MACE-OMat-D3,P1
C36H18N6O13S3Zn4-1_3-MACE-OMat-D3,C36H18N6O13S3Zn4-1_3-MACE-OMat-D3,-0.255334,-540.963,MACE-OMat-D3,P1
C34H22N8O15Zn4-2_11-MACE-OMat-D3,C34H22N8O15Zn4-2_11-MACE-OMat-D3,-0.342431,-557.743,MACE-OMat-D3,P1
C18H12O19Zn4-0-pcu-r2SCAN-D4,C18H12O19Zn4-0-pcu-r2SCAN-D4,-0.769248,-409.222,r2SCAN-D4,P1
C24H18N12O13Zn4-2_7-r2SCAN-D4,C24H18N12O13Zn4-2_7-r2SCAN-D4,-0.299905,-545.476,r2SCAN-D4,P1
C18H14O11S4Zn4-2_9.0-r2SCAN-D4,C18H14O11S4Zn4-2_9.0-r2SCAN-D4,-0.341546,-378.74,r2SCAN-D4,P1
C18H15N3O13Zn4-0-r2SCAN-D4,C18H15N3O13Zn4-0-r2SCAN-D4,-0.581628,-402.176,r2SCAN-D4,P1
C48H24N12O19Zn4-3_8-MACE-OMat-D3,C48H24N12O19Zn4-3_8-MACE-OMat-D3,-0.280296,-747.696,MACE-OMat-D3,P1
C48H24N12O19Zn4-0_7-MACE-OMat-D3,C48H24N12O19Zn4-0_7-MACE-OMat-D3,-0.314126,-751.316,MACE-OMat-D3,P1
C44H24N8O17Zn4-2_7-MACE-OMat-D3,C44H24N8O17Zn4-2_7-MACE-OMat-D3,-0.251888,-662.084,MACE-OMat-D3,P1
C21H18O13Zn4-2.0-r2SCAN-D4,C21H18O13Zn4-2.0-r2SCAN-D4,-0.544327,-414.801,r2SCAN-D4,P1
C18H18N6O13Zn4-0_5-r2SCAN-D4,C18H18N6O13Zn4-0_5-r2SCAN-D4,-0.563051,-442.394,r2SCAN-D4,P1
C36H18N6O13Zn4-2_15-r2SCAN-D4,C36H18N6O13Zn4-2_15-r2SCAN-D4,-0.279853,-611.029,r2SCAN-D4,P1
C36H18N6O13S3Zn4-2_14-r2SCAN-D4,C36H18N6O13S3Zn4-2_14-r2SCAN-D4,-0.255114,-634.282,r2SCAN-D4,P1
C34H22N8O15Zn4-0_6-r2SCAN-D4,C34H22N8O15Zn4-0_6-r2SCAN-D4,-0.299091,-638.043,r2SCAN-D4,P1
C48H28N4O13Zn4-2_10-r2SCAN-D4,C48H28N4O13Zn4-2_10-r2SCAN-D4,-0.207222,-746.053,r2SCAN-D4,P1
C10H6Mg2N2O5-12-r2SCAN-D4,C10H6Mg2N2O5-12-r2SCAN-D4,-0.324633,-184.83,r2SCAN-D4,P1
C44H32N8O13Zn4-1_8-r2SCAN-D4,Zn4H32C44N8O13,-0.225951,-759.137,r2SCAN-D4,P1
C44H24N16O13Zn4-0_6-r2SCAN-D4,Zn4H24C44N16O13,-0.125984,-794.594,r2SCAN-D4,P1
C44H20N8O13Zn4-2_18-r2SCAN-D4,Zn4H20C44N8O13,-0.16435,-709.46,r2SCAN-D4,P1
C44H24N16O13Zn4-0-r2SCAN-D4,Zn4H24C44N16O13,-0.12582,-794.577,r2SCAN-D4,P1
C44H24N8O13S4Zn4-3_9-r2SCAN-D4,Zn4H24C44S4N8O13,-0.144802,-755.23,r2SCAN-D4,P1
C42H24N6O13S3Zn4-1-r2SCAN-D4,Zn4H24C42S3N6O13,-0.236803,-716.503,r2SCAN-D4,P1
C42H24N6O13S3Zn4-1_4-r2SCAN-D4,Zn4H24C42S3N6O13,-0.197944,-712.928,r2SCAN-D4,P1
C40H20N8O17Zn4-1_10-r2SCAN-D4,Zn4H20C40N8O17,-0.219921,-697.622,r2SCAN-D4,P1
C36H20N8O21Zn4-0_9-r2SCAN-D4,Zn4H20C36N8O21,-0.298366,-687.819,r2SCAN-D4,P1
C27H15N3O13S6Zn4-1-r2SCAN-D4,Zn4H15C27S6N3O13,-0.265978,-528.375,r2SCAN-D4,P1
C40H20N4O17Zn4-1_5-r2SCAN-D4,Zn4H20C40N4O17,-0.305489,-667.411,r2SCAN-D4,P1
C40H20N8O13Zn4-3_8-r2SCAN-D4,Zn4H20C40N8O13,-0.141829,-666.82,r2SCAN-D4,P1
C52H20N8O13Zn4-1_3-r2SCAN-D4,Zn4H20C52N8O13,-0.127711,-787.357,r2SCAN-D4,P1
C34H22N8O15Zn4-1-r2SCAN-D4,Zn4H22C34N8O15,-0.289572,-637.253,r2SCAN-D4,P1
C50H32N4O9Zn4-3_2-r2SCAN-D4,Zn4H32C50N4O9,-0.0852489,-744.97,r2SCAN-D4,P1
C52H20N8O13Zn4-2_3-r2SCAN-D4,Zn4H20C52N8O13,-0.125208,-787.114,r2SCAN-D4,P1
C48H24N8O17Zn4-0_15-r2SCAN-D4,Zn4H24C48N8O17,-0.23929,-796.181,r2SCAN-D4,P1
C45H33N6O13Zn4-3_6-r2SCAN-D4,Zn4H33C45N6O13,-0.225518,-754.265,r2SCAN-D4,P1
C48H16N16O17Zn4-2_4-r2SCAN-D4,Zn4H16C48N16O17,-0.11023,-828.699,r2SCAN-D4,P1
C36H20N4O17S8Zn4-0_3-r2SCAN-D4,Zn4H20C36S8N4O17,-0.240822,-687.856,r2SCAN-D4,P1
C36H18N21O13Zn4-1_1-r2SCAN-D4,Zn4H18C36N21O13,-0.112534,-737.1,r2SCAN-D4,P1
C30H18N24O13Zn4-2-r2SCAN-D4,Zn4H18C30N24O13,-0.0751568,-700.787,r2SCAN-D4,P1
C66H36O13Zn4-1_5-r2SCAN-D4,Zn4H36C66O13,-0.159754,-916.321,r2SCAN-D4,P1
C80H32O9Zn4-1_1-r2SCAN-D4,Zn4H32C80O9,0.236474,-970.877,r2SCAN-D4,P1
C64H36N4O13Zn4-0_12-r2SCAN-D4,Zn4H36C64N4O13,-0.140006,-930.821,r2SCAN-D4,P1
C60H20N12O13Zn4-1_3-r2SCAN-D4,Zn4H20C60N12O13,-0.0168242,-893.544,r2SCAN-D4,P1
C60H18N12O13S6Zn4-0_16-r2SCAN-D4,Zn4H18C60S6N12O13,0.0232992,-930.948,r2SCAN-D4,P1
C56H40N8O13Zn4-3_13-r2SCAN-D4,Zn4H40C56N8O13,-0.173513,-905.171,r2SCAN-D4,P1
C56H8N40O13Zn4-2_1-r2SCAN-D4,Zn4H8C56N40O13,0.268313,-1033.92,r2SCAN-D4,P1
C56H32N8O13S8Zn4-2_12-r2SCAN-D4,Zn4H32C56S8N8O13,-0.0811182,-931.383,r2SCAN-D4,P1
C56H20N12O13Zn4-2_8-r2SCAN-D4,Zn4H20C56N12O13,-0.0844401,-860.508,r2SCAN-D4,P1
C56H24N16O13S8Zn4-1_9-r2SCAN-D4,Zn4H24C56S8N16O13,-0.0351731,-971.377,r2SCAN-D4,P1
C56H24N16O13S8Zn4-1_13-r2SCAN-D4,Zn4H24C56S8N16O13,0.0235445,-964.272,r2SCAN-D4,P1
C54H24N12O19Zn4-1_15-r2SCAN-D4,Zn4H24C54N12O19,-0.147142,-896.988,r2SCAN-D4,P1
C54H24N12O19Zn4-1_2-r2SCAN-D4,Zn4H24C54N12O19,-0.1308,-895.142,r2SCAN-D4,P1
C54H24N12O19Zn4-2_6-r2SCAN-D4,Zn4H24C54N12O19,-0.13691,-895.832,r2SCAN-D4,P1
C52H32N4O17Zn4-1_8-r2SCAN-D4,Zn4H32C52N4O17,-0.248195,-830.185,r2SCAN-D4,P1
C40H16N24O25Zn4-1_7-r2SCAN-D4,Zn4H16C40N24O25,-0.0745624,-865.334,r2SCAN-D4,P1
C56H24N12O9Zn4-2_5-r2SCAN-D4,Zn4H24C56(N4O3)3,0.0749447,-834.316,r2SCAN-D4,P1
C48H30N12O13Zn4-3_2-r2SCAN-D4,Zn4H30C48N12O13,-0.158278,-823.011,r2SCAN-D4,P1
C48H30N12O13Zn4-1_1-r2SCAN-D4,Zn4H30C48N12O13,-0.179424,-825.273,r2SCAN-D4,P1
C48H30N12O13Zn4-3_4-r2SCAN-D4,Zn4H30C48N12O13,-0.198909,-827.358,r2SCAN-D4,P1
C56H32N8O13S8Zn4-5_9-r2SCAN-D4,Zn4H32C56S8N8O13,-0.110305,-934.914,r2SCAN-D4,P1
C48H28N12O21Zn4-1_1-r2SCAN-D4,Zn4H28C48(N4O7)3,-0.280589,-877.435,r2SCAN-D4,P1
C48H24N20O13Zn4-2_8-r2SCAN-D4,Zn4H24C48N20O13,-0.0522769,-864.24,r2SCAN-D4,P1
C48H24N16O9S8Zn4-4_4-r2SCAN-D4,Zn4H24C48S8N16O9,0.0756274,-855.457,r2SCAN-D4,P1
C48H24N12O21Zn4-1_17-r2SCAN-D4,Zn4H24C48(N4O7)3,-0.260021,-860.243,r2SCAN-D4,P1
C42H24N6O13Zn4-0_20-r2SCAN-D4,Zn4H24C42N6O13,-0.26156,-693.603,r2SCAN-D4,P1
C45H24N6O13Zn4-2-r2SCAN-D4,Zn4H24C45N6O13,-0.121737,-711.575,r2SCAN-D4,P1
C60H24N8O17Zn4-1_2-r2SCAN-D4,Zn4H24C60N8O17,-0.0890907,-902.284,r2SCAN-D4,P1
C60H44N4O13Zn4-1_10-MACE-OMat-D3,C60H44N4O13Zn4-1_10-MACE-OMat-D3,-0.209019,-822.597,MACE-OMat-D3,P1
C60H30N6O13Zn4-2_9-MACE-OMat-D3,C60H30N6O13Zn4-2_9-MACE-OMat-D3,-0.171176,-787.089,MACE-OMat-D3,P1
C60H16N16O13Zn4-3_20-MACE-OMat-D3,C60H16N16O13Zn4-3_20-MACE-OMat-D3,-0.0913624,-815.739,MACE-OMat-D3,P1
C56H36N8O13Zn4-3_16-MACE-OMat-D3,C56H36N8O13Zn4-3_16-MACE-OMat-D3,-0.259444,-797.475,MACE-OMat-D3,P1
C56H36N12O13Zn4-3_3-MACE-OMat-D3,C56H36N12O13Zn4-3_3-MACE-OMat-D3,-0.160166,-819.878,MACE-OMat-D3,P1
C56H32N8O13S8Zn4-6_1-MACE-OMat-D3,C56H32N8O13S8Zn4-6_1-MACE-OMat-D3,-0.182804,-809.294,MACE-OMat-D3,P1
C54H42N12O13Zn4-2_10-MACE-OMat-D3,C54H42N12O13Zn4-2_10-MACE-OMat-D3,-0.224569,-829.642,MACE-OMat-D3,P1
C54H36N18O13Zn4-3_10-MACE-OMat-D3,C54H36N18O13Zn4-3_10-MACE-OMat-D3,-0.168288,-853.212,MACE-OMat-D3,P1
C54H24N12O19Zn4-0_6-MACE-OMat-D3,C54H24N12O19Zn4-0_6-MACE-OMat-D3,-0.22729,-798.556,MACE-OMat-D3,P1
C54H24N12O13S3Zn4-3_3-MACE-OMat-D3,C54H24N12O13S3Zn4-3_3-MACE-OMat-D3,-0.102105,-766.802,MACE-OMat-D3,P1
C52H32N8O17Zn4-1-MACE-OMat-D3,C52H32N8O17Zn4-1-MACE-OMat-D3,-0.324306,-773.805,MACE-OMat-D3,P1
C48H36N6O13Zn4-3_6-MACE-OMat-D3,C48H36N6O13Zn4-3_6-MACE-OMat-D3,-0.263594,-705.078,MACE-OMat-D3,P1
C48H30N12O13Zn4-3_3-MACE-OMat-D3,C48H30N12O13Zn4-3_3-MACE-OMat-D3,-0.204003,-729.307,MACE-OMat-D3,P1
C48H28N4O13Zn4-2_14-MACE-OMat-D3,C48H28N4O13Zn4-2_14-MACE-OMat-D3,-0.253504,-658.824,MACE-OMat-D3,P1
C48H28N12O21Zn4-3_5-MACE-OMat-D3,C48H28N12O21Zn4-3_5-MACE-OMat-D3,-0.307921,-775.371,MACE-OMat-D3,P1
C48H28N12O17Zn4-2_5-MACE-OMat-D3,C48H28N12O17Zn4-2_5-MACE-OMat-D3,-0.282944,-751.624,MACE-OMat-D3,P1
C48H28N12O17Zn4-1_8-MACE-OMat-D3,C48H28N12O17Zn4-1_8-MACE-OMat-D3,-0.270808,-750.301,MACE-OMat-D3,P1
C48H28N12O17Zn4-0_4-MACE-OMat-D3,C48H28N12O17Zn4-0_4-MACE-OMat-D3,-0.242312,-747.195,MACE-OMat-D3,P1
C48H27N9O13Zn4-2_15-MACE-OMat-D3,C48H27N9O13Zn4-2_15-MACE-OMat-D3,-0.193329,-692.24,MACE-OMat-D3,P1
C48H24N8O17S4Zn4-0_16-MACE-OMat-D3,C48H24N8O17S4Zn4-0_16-MACE-OMat-D3,-0.234854,-715.605,MACE-OMat-D3,P1
C48H24N6O13Zn4-3_5-MACE-OMat-D3,C48H24N6O13Zn4-3_5-MACE-OMat-D3,-0.216007,-658.469,MACE-OMat-D3,P1
C48H24N12O13Zn4-2_1-MACE-OMat-D3,C48H24N12O13Zn4-2_1-MACE-OMat-D3,-0.141916,-702.349,MACE-OMat-D3,P1
C48H18N12O19Zn4-3_12-MACE-OMat-D3,C48H18N12O19Zn4-3_12-MACE-OMat-D3,-0.280797,-726.603,MACE-OMat-D3,P1
C48H16N16O17Zn4-1_17-MACE-OMat-D3,C48H16N16O17Zn4-1_17-MACE-OMat-D3,-0.147832,-730.168,MACE-OMat-D3,P1
C46H30N8O15Zn4-0_3-MACE-OMat-D3,C46H30N8O15Zn4-0_3-MACE-OMat-D3,-0.258086,-692.19,MACE-OMat-D3,P1
C44H32N8O17Zn4-3_11-MACE-OMat-D3,C44H32N8O17Zn4-3_11-MACE-OMat-D3,-0.331565,-698.416,MACE-OMat-D3,P1
C44H32N32O13Zn4-0_11-MACE-OMat-D3,C44H32N32O13Zn4-0_11-MACE-OMat-D3,-0.199722,-869.045,MACE-OMat-D3,P1
C44H28N16O21Zn4-1_12-MACE-OMat-D3,C44H28N16O21Zn4-1_12-MACE-OMat-D3,-0.275334,-768.288,MACE-OMat-D3,P1
C44H16N40O13Zn4-0_3-MACE-OMat-D3,C44H16N40O13Zn4-0_3-MACE-OMat-D3,-0.00655159,-859.703,MACE-OMat-D3,P1
C42H24N6O25Zn4-3_4-MACE-OMat-D3,C42H24N6O25Zn4-3_4-MACE-OMat-D3,-0.479055,-690.542,MACE-OMat-D3,P1
C40H40N16O25Zn4-2_10-MACE-OMat-D3,C40H40N16O25Zn4-2_10-MACE-OMat-D3,-0.486449,-819.921,MACE-OMat-D3,P1
C40H32N8O21Zn4-1-MACE-OMat-D3,C40H32N8O21Zn4-1-MACE-OMat-D3,-0.421876,-690.912,MACE-OMat-D3,P1
C40H20N8O17Zn4-1-MACE-OMat-D3,C40H20N8O17Zn4-1-MACE-OMat-D3,-0.247218,-609.9,MACE-OMat-D3,P1
C40H20N8O13Zn4-0_10-MACE-OMat-D3,C40H20N8O13Zn4-0_10-MACE-OMat-D3,-0.215363,-586.411,MACE-OMat-D3,P1
C39H36N12O13Zn4-2_15-MACE-OMat-D3,C39H36N12O13Zn4-2_15-MACE-OMat-D3,-0.33951,-679.498,MACE-OMat-D3,P1
C39H33N6O13Zn4-2_7-MACE-OMat-D3,C39H33N6O13Zn4-2_7-MACE-OMat-D3,-0.314253,-614.244,MACE-OMat-D3,P1
C30H6N30O13Zn4-2-MACE-OMat-D3,C30H6N30O13Zn4-2-MACE-OMat-D3,-0.00262293,-614.545,MACE-OMat-D3,P1
C30H18N24O13Zn4-2-MACE-OMat-D3,C30H18N24O13Zn4-2-MACE-OMat-D3,-0.147924,-616.35,MACE-OMat-D3,P1
C18H12O19Zn4-1_4-MACE-OMat-D3,C18H12O19Zn4-1_4-MACE-OMat-D3,-0.743397,-342.205,MACE-OMat-D3,P1
C18H12O19Zn4-3_3-MACE-OMat-D3,C18H12O19Zn4-3_3-MACE-OMat-D3,-0.744114,-342.243,MACE-OMat-D3,P1
C18H12O19Zn4-1_16-MACE-OMat-D3,C18H12O19Zn4-1_16-MACE-OMat-D3,-0.732514,-341.628,MACE-OMat-D3,P1
C18H12O19Zn4-2_8-r2SCAN-D4,C18H12O19Zn4-2_8-r2SCAN-D4,-0.756901,-408.567,r2SCAN-D4,P1
C56H24N16O17Zn4-2_14-MACE-OMat-D3,C56H24N16O17Zn4-2_14-MACE-OMat-D3,-0.144214,-831.617,MACE-OMat-D3,P1
C56H24N16O13Zn4-0_13-MACE-OMat-D3,C56H24N16O13Zn4-0_13-MACE-OMat-D3,-0.128228,-809.441,MACE-OMat-D3,P1
C56H24N16O13S8Zn4-1_3-MACE-OMat-D3,C56H24N16O13S8Zn4-1_3-MACE-OMat-D3,-0.105026,-840.69,MACE-OMat-D3,P1
C56H20N12O13Zn4-2_7-MACE-OMat-D3,C56H20N12O13Zn4-2_7-MACE-OMat-D3,-0.114651,-760.636,MACE-OMat-D3,P1
C52H20N12O13Zn4-0_5-MACE-OMat-D3,C52H20N12O13Zn4-0_5-MACE-OMat-D3,-0.110329,-722.963,MACE-OMat-D3,P1
C48H42N12O13Zn4-2_16-MACE-OMat-D3,C48H42N12O13Zn4-2_16-MACE-OMat-D3,-0.265136,-777.954,MACE-OMat-D3,P1
C48H24N6O13Zn4-1-MACE-OMat-D3,C48H24N6O13Zn4-1-MACE-OMat-D3,-0.184387,-655.465,MACE-OMat-D3,P1
C48H24N6O13S6Zn4-1_4-MACE-OMat-D3,C48H24N6O13S6Zn4-1_4-MACE-OMat-D3,-0.175262,-680.422,MACE-OMat-D3,P1
C48H24N6O13S6Zn4-0_18-MACE-OMat-D3,C48H24N6O13S6Zn4-0_18-MACE-OMat-D3,-0.139911,-676.852,MACE-OMat-D3,P1
C36H30O19Zn4-2_4-MACE-OMat-D3,C36H30O19Zn4-2_4-MACE-OMat-D3,-0.459266,-567.571,MACE-OMat-D3,P1
C36H26N6O11Zn4-3_7-MACE-OMat-D3,C36H26N6O11Zn4-3_7-MACE-OMat-D3,-0.254777,-545.35,MACE-OMat-D3,P1
C36H24N8O21Zn4-3_4-MACE-OMat-D3,C36H24N8O21Zn4-3_4-MACE-OMat-D3,-0.479597,-628.489,MACE-OMat-D3,P1
C36H24N8O21Zn4-2_15-MACE-OMat-D3,C36H24N8O21Zn4-2_15-MACE-OMat-D3,-0.338291,-615.348,MACE-OMat-D3,P1
C36H20N4O13Zn4-1_15-MACE-OMat-D3,C36H20N4O13Zn4-1_15-MACE-OMat-D3,-0.244997,-516.813,MACE-OMat-D3,P1
C36H18O16Zn4-0_1-MACE-OMat-D3,C36H18O16Zn4-0_1-MACE-OMat-D3,-0.462792,-507.173,MACE-OMat-D3,P1
C36H18N6O13Zn4-3_2-MACE-OMat-D3,C36H18N6O13Zn4-3_2-MACE-OMat-D3,-0.282101,-529.872,MACE-OMat-D3,P1
C36H18N6O13Zn4-0_15-MACE-OMat-D3,C36H18N6O13Zn4-0_15-MACE-OMat-D3,-0.281929,-529.859,MACE-OMat-D3,P1
C24H24O17Zn4-0_17-r2SCAN-D4,C24H24O17Zn4-0_17-r2SCAN-D4,-0.553629,-496.595,r2SCAN-D4,P1
C40H24O13Zn4-1_4-r2SCAN-D4,C40H24O13Zn4-1_4-r2SCAN-D4,-0.363226,-624.805,r2SCAN-D4,P1
C18H14O11S4Zn4-2_6.0-r2SCAN-D4,C18H14O11S4Zn4-2_6.0-r2SCAN-D4,-0.308649,-377.062,r2SCAN-D4,P1
C21H18O13Zn4-3_17.0-r2SCAN-D4,C21H18O13Zn4-3_17.0-r2SCAN-D4,-0.540983,-414.613,r2SCAN-D4,P1
C44H24N8O17Zn4-2_11-MACE-OMat-D3,C44H24N8O17Zn4-2_11-MACE-OMat-D3,-0.298993,-666.654,MACE-OMat-D3,P1
C44H24N8O13S4Zn4-3_13-MACE-OMat-D3,C44H24N8O13S4Zn4-3_13-MACE-OMat-D3,-0.212679,-655.004,MACE-OMat-D3,P1
C44H24N8O13S4Zn4-1_14-MACE-OMat-D3,C44H24N8O13S4Zn4-1_14-MACE-OMat-D3,-0.211776,-654.916,MACE-OMat-D3,P1
C24H18O13S3Zn4-3_2-r2SCAN-D4,C24H18O13S3Zn4-3_2-r2SCAN-D4,-0.379688,-462.303,r2SCAN-D4,P1
C36H24N6O13Zn4-0_4-r2SCAN-D4,C36H24N6O13Zn4-0_4-r2SCAN-D4,-0.284015,-633.795,r2SCAN-D4,P1
C36H24N6O13Zn4-0_3-r2SCAN-D4,C36H24N6O13Zn4-0_3-r2SCAN-D4,-0.275656,-633.102,r2SCAN-D4,P1
C32H30N10O5Zn4-1-r2SCAN-D4,C32H30N10O5Zn4-1-r2SCAN-D4,0.0582831,-576.211,r2SCAN-D4,P1
C48H28N4O13Zn4-3_6-r2SCAN-D4,C48H28N4O13Zn4-3_6-r2SCAN-D4,-0.235506,-748.796,r2SCAN-D4,P1
C48H27N9O13Zn4-2_3-r2SCAN-D4,C48H27N9O13Zn4-2_3-r2SCAN-D4,-0.191899,-787.633,r2SCAN-D4,P1
C24H20Mg4N4O4-10-r2SCAN-D4,C24H20Mg4N4O4-10-r2SCAN-D4,-0.0211603,-387.411,r2SCAN-D4,P1
C44H24N8O17Zn4-0_6-r2SCAN-D4,Zn4H24C44N8O17,-0.289534,-760.029,r2SCAN-D4,P1
C44H20N8O13Zn4-3_2-r2SCAN-D4,Zn4H20C44N8O13,-0.145913,-707.819,r2SCAN-D4,P1
C44H20N8O13Zn4-1_16-r2SCAN-D4,Zn4H20C44N8O13,-0.162743,-709.317,r2SCAN-D4,P1
C42H24N6O13Zn4-3_10-r2SCAN-D4,Zn4H24C42N6O13,-0.261386,-693.588,r2SCAN-D4,P1
C42H24N6O13Zn4-2_2-r2SCAN-D4,Zn4H24C42N6O13,-0.261002,-693.554,r2SCAN-D4,P1
C40H36N8O13Zn4-5_8-r2SCAN-D4,Zn4H36C40N8O13,-0.241298,-734.447,r2SCAN-D4,P1
C40H24N8O17Zn4-0_7-r2SCAN-D4,Zn4H24C40N8O17,-0.283574,-718.249,r2SCAN-D4,P1
C40H24N8O13Zn4-2_7-r2SCAN-D4,Zn4H24C40N8O13,-0.196665,-686.096,r2SCAN-D4,P1
C40H24N8O13Zn4-1_11-r2SCAN-D4,Zn4H24C40N8O13,-0.245316,-690.426,r2SCAN-D4,P1
C42H18N24O10Zn4-2_9-r2SCAN-D4,Zn2H9C21N12O5,0.0215128,-794.732,r2SCAN-D4,P1
C38H28N4O13Zn4-3_2-r2SCAN-D4,Zn4H28C38N4O13,-0.30966,-652.722,r2SCAN-D4,P1
C20H20N4O15Zn4-2_10-r2SCAN-D4,Zn4H20C20N4O15,-0.564008,-464.994,r2SCAN-D4,P1
C36H18N6O13Zn4-0_2-r2SCAN-D4,Zn4H18C36N6O13,-0.264402,-609.84,r2SCAN-D4,P1
C32H28N8O9Zn4-1_2-r2SCAN-D4,Zn4H28C32N8O9,-0.187167,-594.161,r2SCAN-D4,P1
C48H18N12O19Zn4-2_18-r2SCAN-D4,Zn4H18C48N12O19,-0.245293,-824.292,r2SCAN-D4,P1
C48H24N12O13Zn4-1_4-r2SCAN-D4,Zn4H24C48N12O13,-0.108541,-796.296,r2SCAN-D4,P1
C48H24N12O13Zn4-2_10-r2SCAN-D4,Zn4H24C48N12O13,-0.136321,-799.102,r2SCAN-D4,P1
C36H20N8O21Zn4-2_26-r2SCAN-D4,Zn4H20C36N8O21,-0.295012,-687.521,r2SCAN-D4,P1
C36H30N6O13S6Zn4-3_2-r2SCAN-D4,Zn4H30C36S6N6O13,-0.19203,-697.992,r2SCAN-D4,P1
C64H20N16O13Zn4-3_8-r2SCAN-D4,Zn4H20C64N16O13,0.0174842,-966.337,r2SCAN-D4,P1
C60H18N12O19Zn4-2_2-r2SCAN-D4,Zn4H18C60N12O19,-0.136038,-935.094,r2SCAN-D4,P1
C60H18N12O19Zn4-1_8-r2SCAN-D4,Zn4H18C60N12O19,-0.135055,-934.983,r2SCAN-D4,P1
C60H16N16O13Zn4-1_2-r2SCAN-D4,Zn4H16C60N16O13,-0.0139618,-916.008,r2SCAN-D4,P1
C56H40N8O17Zn4-1_2-r2SCAN-D4,Zn4H40C56N8O17,-0.137914,-924.699,r2SCAN-D4,P1
C54H36N6O13S6Zn4-0_9-r2SCAN-D4,Zn4H36C54S6N6O13,-0.152836,-898.985,r2SCAN-D4,P1
C54H42N12O13Zn4-1_3-r2SCAN-D4,Zn4H42C54N12O13,-0.155282,-927.071,r2SCAN-D4,P1
C54H24N12O19Zn4-3_14-r2SCAN-D4,Zn4H24C54N12O19,-0.156809,-898.081,r2SCAN-D4,P1
C54H18N12O13S6Zn4-2_8-r2SCAN-D4,Zn4H18C54S6N12O13,-0.053561,-879.21,r2SCAN-D4,P1
C52H44O17Zn4-3_9-r2SCAN-D4,Zn4H44C52O17,-0.300563,-843.177,r2SCAN-D4,P1
C52H36N4O17Zn4-1_3-r2SCAN-D4,Zn4H36C52N4O17,-0.246164,-844.776,r2SCAN-D4,P1
C52H44N8O17Zn4-3_4-r2SCAN-D4,Zn4H44C52N8O17,-0.198662,-906.052,r2SCAN-D4,P1
C52H32N8O17Zn4-2_12-r2SCAN-D4,Zn4H32C52N8O17,-0.259778,-869.091,r2SCAN-D4,P1
C52H32N4O17Zn4-2-r2SCAN-D4,Zn4H32C52N4O17,-0.277098,-833.336,r2SCAN-D4,P1
C52H32N12O17Zn4-1_1-r2SCAN-D4,Zn4H32C52N12O17,-0.177879,-897.153,r2SCAN-D4,P1
C60H30N12O13Zn4-1_2-r2SCAN-D4,Zn4H30C60N12O13,-0.0899537,-936.984,r2SCAN-D4,P1
C44H28N16O21Zn4-2_17-r2SCAN-D4,Zn4H28C44N16O21,-0.231757,-868.454,r2SCAN-D4,P1
C44H32N32O13Zn4-3_5-r2SCAN-D4,Zn4H32C44N32O13,-0.0929948,-967.567,r2SCAN-D4,P1
C40H24N16O21Zn4-0_8-r2SCAN-D4,Zn4H24C40N16O21,-0.206327,-810.034,r2SCAN-D4,P1
C52H24N16O13Zn4-3-r2SCAN-D4,Zn4H24C52N16O13,-0.0829886,-871.052,r2SCAN-D4,P1
C52H24N8O17Zn4-3_1-r2SCAN-D4,Zn4H24C52N8O17,-0.169311,-829.858,r2SCAN-D4,P1
C52H24N8O17Zn4-0_9-r2SCAN-D4,Zn4H24C52N8O17,-0.216433,-834.806,r2SCAN-D4,P1
C52H28N12O17Zn4-2_14-r2SCAN-D4,Zn4H28C52N12O17,-0.0789508,-871.435,r2SCAN-D4,P1
C51H33N9O13Zn4-0_16-r2SCAN-D4,Zn4H33C51N9O13,-0.172264,-837.992,r2SCAN-D4,P1
C51H33N12O22Zn4-0_3-r2SCAN-D4,Zn4H33C51(N6O11)2,-0.290112,-934.279,r2SCAN-D4,P1
C48H52N8O13Zn4-3_6-r2SCAN-D4,Zn4H52C48N8O13,-0.231048,-874.404,r2SCAN-D4,P1
C48H36N12O13S4Zn4-3_9-r2SCAN-D4,Zn4H36C48S4N12O13,-0.220135,-885.096,r2SCAN-D4,P1
C48H28N12O17Zn4-1_5-r2SCAN-D4,Zn4H28C48N12O17,-0.233813,-847.931,r2SCAN-D4,P1
C48H24N16O13S8Zn4-3_3-r2SCAN-D4,Zn4H24C48S8N16O13,0.00159803,-886.804,r2SCAN-D4,P1
C48H24N12O21Zn4-2_4-r2SCAN-D4,Zn4H24C48(N4O7)3,-0.216759,-855.528,r2SCAN-D4,P1
C48H24N12O21Zn4-3_11-r2SCAN-D4,Zn4H24C48(N4O7)3,-0.171896,-850.638,r2SCAN-D4,P1
C48H24N12O21Zn4-0_3-r2SCAN-D4,Zn4H24C48(N4O7)3,-0.149884,-848.239,r2SCAN-D4,P1
C46H30N8O15Zn4-2_5-r2SCAN-D4,Zn4H30C46N8O15,-0.242515,-786.057,r2SCAN-D4,P1
C44H40N24O13Zn4-1_9-r2SCAN-D4,Zn4H40C44N24O13,-0.191664,-934.347,r2SCAN-D4,P1
C36H24N6O13Zn4-1_12-r2SCAN-D4,Zn4H24C36N6O13,-0.300268,-635.144,r2SCAN-D4,P1
C42H24N6O13S3Zn4-3_5-r2SCAN-D4,Zn4H24C42S3N6O13,-0.23874,-716.681,r2SCAN-D4,P1
C60H30N12O13Zn4-2_11-MACE-OMat-D3,C60H30N12O13Zn4-2_11-MACE-OMat-D3,-0.131641,-833.479,MACE-OMat-D3,P1
C56H32N8O13S8Zn4-3_13-MACE-OMat-D3,C56H32N8O13S8Zn4-3_13-MACE-OMat-D3,-0.169841,-807.726,MACE-OMat-D3,P1
C54H39N9O16Zn4-2_11-MACE-OMat-D3,C54H39N9O16Zn4-2_11-MACE-OMat-D3,-0.224052,-808.985,MACE-OMat-D3,P1
C54H24N12O19Zn4-2_13-MACE-OMat-D3,C54H24N12O19Zn4-2_13-MACE-OMat-D3,-0.220316,-797.768,MACE-OMat-D3,P1
C54H18N12O13S6Zn4-1_4-MACE-OMat-D3,C54H18N12O13S6Zn4-1_4-MACE-OMat-D3,-0.0322995,-751.95,MACE-OMat-D3,P1
C52H32N8O17Zn4-2_12-MACE-OMat-D3,C52H32N8O17Zn4-2_12-MACE-OMat-D3,-0.296503,-770.663,MACE-OMat-D3,P1
C52H32N4O13Zn4-1_12-MACE-OMat-D3,C52H32N4O13Zn4-1_12-MACE-OMat-D3,-0.233075,-708.461,MACE-OMat-D3,P1
C52H28N12O17Zn4-3_9-MACE-OMat-D3,C52H28N12O17Zn4-3_9-MACE-OMat-D3,-0.185911,-778.57,MACE-OMat-D3,P1
C48H40N4O19Zn4-1_14-MACE-OMat-D3,C48H40N4O19Zn4-1_14-MACE-OMat-D3,-0.277812,-734.796,MACE-OMat-D3,P1
C48H40N16O13Zn4-1_9-MACE-OMat-D3,C48H40N16O13Zn4-1_9-MACE-OMat-D3,-0.314304,-811.325,MACE-OMat-D3,P1
C48H28N4O13Zn4-3_18-MACE-OMat-D3,C48H28N4O13Zn4-3_18-MACE-OMat-D3,-0.243962,-657.898,MACE-OMat-D3,P1
C48H28N12O17Zn4-1_5-MACE-OMat-D3,C48H28N12O17Zn4-1_5-MACE-OMat-D3,-0.264145,-749.575,MACE-OMat-D3,P1
C48H24N8O13S8Zn4-1_4-MACE-OMat-D3,C48H24N8O13S8Zn4-1_4-MACE-OMat-D3,-0.186349,-707.234,MACE-OMat-D3,P1
C48H24N12O13Zn4-3_16-MACE-OMat-D3,C48H24N12O13Zn4-3_16-MACE-OMat-D3,-0.1959,-707.802,MACE-OMat-D3,P1
C48H18N12O19Zn4-2_9-MACE-OMat-D3,C48H18N12O19Zn4-2_9-MACE-OMat-D3,-0.28436,-726.962,MACE-OMat-D3,P1
C48H18N12O19Zn4-1_3-MACE-OMat-D3,C48H18N12O19Zn4-1_3-MACE-OMat-D3,-0.216662,-720.125,MACE-OMat-D3,P1
C48H16N16O17Zn4-1_18-MACE-OMat-D3,C48H16N16O17Zn4-1_18-MACE-OMat-D3,-0.113202,-726.67,MACE-OMat-D3,P1
C45H45N15O16Zn4-2_15-MACE-OMat-D3,C45H45N15O16Zn4-2_15-MACE-OMat-D3,-0.307464,-806.862,MACE-OMat-D3,P1
C45H27N9O19Zn4-0_4-MACE-OMat-D3,C45H27N9O19Zn4-0_4-MACE-OMat-D3,-0.351964,-711.422,MACE-OMat-D3,P1
C44H40N20O17Zn4-2_15-MACE-OMat-D3,C44H40N20O17Zn4-2_15-MACE-OMat-D3,-0.364494,-835.248,MACE-OMat-D3,P1
C44H36N16O5Zn4-3_1-MACE-OMat-D3,C44H36N16O5Zn4-3_1-MACE-OMat-D3,0.00674868,-683.247,MACE-OMat-D3,P1
C44H32N8O13Zn4-2_11-MACE-OMat-D3,C44H32N8O13Zn4-2_11-MACE-OMat-D3,-0.265436,-670.618,MACE-OMat-D3,P1
C44H32N32O13Zn4-0_9-MACE-OMat-D3,C44H32N32O13Zn4-0_9-MACE-OMat-D3,-0.143982,-862.077,MACE-OMat-D3,P1
C44H32N32O13Zn4-0_5-MACE-OMat-D3,C44H32N32O13Zn4-0_5-MACE-OMat-D3,-0.204497,-869.642,MACE-OMat-D3,P1
C44H32N32O13Zn4-0_10-MACE-OMat-D3,C44H32N32O13Zn4-0_10-MACE-OMat-D3,-0.204726,-869.67,MACE-OMat-D3,P1
C42H45N12O10Zn4-0_4-MACE-OMat-D3,C42H45N12O10Zn4-0_4-MACE-OMat-D3,-0.230703,-712.192,MACE-OMat-D3,P1
C42H33N9O19Zn4-3_12-MACE-OMat-D3,C42H33N9O19Zn4-3_12-MACE-OMat-D3,-0.287466,-697.455,MACE-OMat-D3,P1
C42H30N12O16Zn4-3_8-MACE-OMat-D3,C42H30N12O16Zn4-3_8-MACE-OMat-D3,-0.307834,-699.17,MACE-OMat-D3,P1
C42H30N12O10Zn4-3_6-MACE-OMat-D3,C42H30N12O10Zn4-3_6-MACE-OMat-D3,-0.186107,-655.705,MACE-OMat-D3,P1
C42H24N6O25Zn4-0_12-MACE-OMat-D3,C42H24N6O25Zn4-0_12-MACE-OMat-D3,-0.45378,-687.99,MACE-OMat-D3,P1
C42H24N6O13Zn4-3_4-MACE-OMat-D3,C42H24N6O13Zn4-3_4-MACE-OMat-D3,-0.257888,-605.732,MACE-OMat-D3,P1
C42H24N6O13Zn4-1_15-MACE-OMat-D3,C42H24N6O13Zn4-1_15-MACE-OMat-D3,-0.258101,-605.751,MACE-OMat-D3,P1
C42H24N6O13Zn4-0_11-MACE-OMat-D3,C42H24N6O13Zn4-0_11-MACE-OMat-D3,-0.258484,-605.785,MACE-OMat-D3,P1
C42H24N6O13S3Zn4-0_9-MACE-OMat-D3,C42H24N6O13S3Zn4-0_9-MACE-OMat-D3,-0.258463,-618.945,MACE-OMat-D3,P1
C40H36N8O15Zn4-2_4-MACE-OMat-D3,C40H36N8O15Zn4-2_4-MACE-OMat-D3,-0.319963,-662.858,MACE-OMat-D3,P1
C40H32N8O21Zn4-7_8-MACE-OMat-D3,C40H32N8O21Zn4-7_8-MACE-OMat-D3,-0.497624,-698.866,MACE-OMat-D3,P1
C40H28N8O13Zn4-3_15-MACE-OMat-D3,C40H28N8O13Zn4-3_15-MACE-OMat-D3,-0.334927,-625.203,MACE-OMat-D3,P1
C40H24N8O13Zn4-2_9-MACE-OMat-D3,C40H24N8O13Zn4-2_9-MACE-OMat-D3,-0.22786,-601.36,MACE-OMat-D3,P1
C40H20N8O17Zn4-2_16-MACE-OMat-D3,C40H20N8O17Zn4-2_16-MACE-OMat-D3,-0.256967,-610.768,MACE-OMat-D3,P1
C38H28N4O13Zn4-3_21-MACE-OMat-D3,C38H28N4O13Zn4-3_21-MACE-OMat-D3,-0.325192,-570.579,MACE-OMat-D3,P1
C38H28N4O13Zn4-3_12-MACE-OMat-D3,C38H28N4O13Zn4-3_12-MACE-OMat-D3,-0.310384,-569.291,MACE-OMat-D3,P1
C33H30N15O13Zn4-0_13-MACE-OMat-D3,C33H30N15O13Zn4-0_13-MACE-OMat-D3,-0.338066,-626.709,MACE-OMat-D3,P1
C30H18N24O13Zn4-1_2-MACE-OMat-D3,C30H18N24O13Zn4-1_2-MACE-OMat-D3,-0.22889,-623.556,MACE-OMat-D3,P1
C30H18N24O13Zn4-1_7-MACE-OMat-D3,C30H18N24O13Zn4-1_7-MACE-OMat-D3,-0.185786,-619.72,MACE-OMat-D3,P1
C28H12N16O7Zn4-2-MACE-OMat-D3,C28H12N16O7Zn4-2-MACE-OMat-D3,0.0525502,-465.367,MACE-OMat-D3,P1
C20H20N4O15Zn4-2_5-MACE-OMat-D3,C20H20N4O15Zn4-2_5-MACE-OMat-D3,-0.528748,-394.041,MACE-OMat-D3,P1
C20H12O15Zn4-1_1.0-r2SCAN-D4,C20H12O15Zn4-1_1.0-r2SCAN-D4,-0.547601,-393.129,r2SCAN-D4,P1
C56H24N4O13Zn4-1_9-MACE-OMat-D3,C56H24N4O13Zn4-1_9-MACE-OMat-D3,-0.15137,-710.105,MACE-OMat-D3,P1
C52H20N8O13Zn4-0_17-MACE-OMat-D3,C52H20N8O13Zn4-0_17-MACE-OMat-D3,-0.146728,-692.674,MACE-OMat-D3,P1
C51H42N6O19Zn4-1_2-MACE-OMat-D3,C51H42N6O19Zn4-1_2-MACE-OMat-D3,-0.28826,-788.776,MACE-OMat-D3,P1
C50H34N6O13Zn4-3_1-MACE-OMat-D3,C50H34N6O13Zn4-3_1-MACE-OMat-D3,-0.194906,-709.63,MACE-OMat-D3,P1
C48H24N20O13Zn4-0_12-MACE-OMat-D3,C48H24N20O13Zn4-0_12-MACE-OMat-D3,-0.201764,-776.765,MACE-OMat-D3,P1
C48H24N16O13S8Zn4-1_3-MACE-OMat-D3,C48H24N16O13S8Zn4-1_3-MACE-OMat-D3,-0.154681,-771.903,MACE-OMat-D3,P1
C44H20N8O13S4Zn4-3_1-MACE-OMat-D3,C44H20N8O13S4Zn4-3_1-MACE-OMat-D3,-0.197381,-639.755,MACE-OMat-D3,P1
C44H20N8O13S4Zn4-2_8-MACE-OMat-D3,C44H20N8O13S4Zn4-2_8-MACE-OMat-D3,-0.142152,-634.619,MACE-OMat-D3,P1
C36H32N12O17Zn4-1_13-MACE-OMat-D3,C36H32N12O17Zn4-1_13-MACE-OMat-D3,-0.407395,-664.569,MACE-OMat-D3,P1
C36H32N12O17Zn4-1_5-MACE-OMat-D3,C36H32N12O17Zn4-1_5-MACE-OMat-D3,-0.319985,-655.741,MACE-OMat-D3,P1
C18H12O19Zn4-3_6-r2SCAN-D4,C18H12O19Zn4-3_6-r2SCAN-D4,-0.767932,-409.152,r2SCAN-D4,P1
C18H12O19Zn4-3_10-r2SCAN-D4,C18H12O19Zn4-3_10-r2SCAN-D4,-0.769,-409.209,r2SCAN-D4,P1
C18H12O19Zn4-1_13-r2SCAN-D4,C18H12O19Zn4-1_13-r2SCAN-D4,-0.769474,-409.234,r2SCAN-D4,P1
C44H24N8O17Zn4-3_2-MACE-OMat-D3,C44H24N8O17Zn4-3_2-MACE-OMat-D3,-0.278414,-664.657,MACE-OMat-D3,P1
C44H24N8O17Zn4-3_13-MACE-OMat-D3,C44H24N8O17Zn4-3_13-MACE-OMat-D3,-0.267835,-663.631,MACE-OMat-D3,P1
C21H18O13Zn4-0_3.0-r2SCAN-D4,C21H18O13Zn4-0_3.0-r2SCAN-D4,-0.540689,-414.597,r2SCAN-D4,P1
C21H18O13Zn4-1_13.0-r2SCAN-D4,C21H18O13Zn4-1_13.0-r2SCAN-D4,-0.495929,-412.09,r2SCAN-D4,P1
C21H18O13Zn4-0_16-r2SCAN-D4,C21H18O13Zn4-0_16-r2SCAN-D4,-0.541933,-414.667,r2SCAN-D4,P1
C27H15N6O16Zn4-2_5-r2SCAN-D4,C27H15N6O16Zn4-2_5-r2SCAN-D4,-0.405066,-533.964,r2SCAN-D4,P1
C24H24O17Zn4-1_7-r2SCAN-D4,C24H24O17Zn4-1_7-r2SCAN-D4,-0.502115,-493.041,r2SCAN-D4,P1
C56H16N12O13Zn4-0_9-r2SCAN-D4,C56H16N12O13Zn4-0_9-r2SCAN-D4,-0.0258052,-840.42,r2SCAN-D4,P1
Al1C10H9N2O2S2-5-r2SCAN-D4,Al1C10H9N2O2S2-5-r2SCAN-D4,-0.00451657,-184.432,r2SCAN-D4,P1
C44H24N8O17Zn4-2_18-r2SCAN-D4,Zn4H24C44N8O17,-0.238195,-755.05,r2SCAN-D4,P1
C44H24N8O13S4Zn4-2_1-r2SCAN-D4,Zn4H24C44S4N8O13,-0.169831,-757.658,r2SCAN-D4,P1
C42H24N6O25Zn4-3_4-r2SCAN-D4,Zn4H24C42N6O25,-0.454749,-786.106,r2SCAN-D4,P1
C42H24N6O13Zn4-1_14-r2SCAN-D4,Zn4H24C42N6O13,-0.261744,-693.62,r2SCAN-D4,P1
C40H20N8O17Zn4-2_8-r2SCAN-D4,Zn4H20C40N8O17,-0.189932,-694.953,r2SCAN-D4,P1
C26H24N4O13Zn4-0_22-r2SCAN-D4,Zn4H24C26N4O13,-0.477248,-525.634,r2SCAN-D4,P1
C40H12N8O13Zn4-3_6-r2SCAN-D4,Zn4H12C40N8O13,-0.109752,-635.56,r2SCAN-D4,P1
C52H20N8O13Zn4-1_8-r2SCAN-D4,Zn4H20C52N8O13,-0.129057,-787.488,r2SCAN-D4,P1
C36H18N6O13Zn4-3_6-r2SCAN-D4,Zn4H18C36N6O13,-0.286455,-611.538,r2SCAN-D4,P1
C36H18N6O13Zn4-0_10-r2SCAN-D4,Zn4H18C36N6O13,-0.284869,-611.415,r2SCAN-D4,P1
C52H20N8O13Zn4-2_4-r2SCAN-D4,Zn4H20C52N8O13,-0.127667,-787.353,r2SCAN-D4,P1
C48H18N6O13S6Zn4-1-r2SCAN-D4,Zn4H18C48S6N6O13,0.00230559,-758.251,r2SCAN-D4,P1
C48H18N12O19Zn4-0_18-r2SCAN-D4,Zn4H18C48N12O19,-0.177493,-817.444,r2SCAN-D4,P1
C44H28N4O13Zn4-1_7-r2SCAN-D4,Zn4H28C44N4O13,-0.222787,-706.603,r2SCAN-D4,P1
C36H24N8O21Zn4-2-r2SCAN-D4,Zn4H24C36N8O21,-0.492393,-720.885,r2SCAN-D4,P1
C36H18N6O25Zn4-2_9-r2SCAN-D4,Zn4H18C36N6O25,-0.461154,-700.375,r2SCAN-D4,P1
C30H18N24O13Zn4-3_1-r2SCAN-D4,Zn4H18C30N24O13,-0.114038,-704.248,r2SCAN-D4,P1
C30H24N18O13Zn4-0_16-r2SCAN-D4,Zn4H24C30N18O13,-0.295991,-686.276,r2SCAN-D4,P1
C64H20N16O13Zn4-2_13-r2SCAN-D4,Zn4H20C64N16O13,0.0304438,-964.821,r2SCAN-D4,P1
C64H24N16O13Zn4-3_9-r2SCAN-D4,Zn4H24C64N16O13,-0.0278479,-985.58,r2SCAN-D4,P1
C60H24N12O13S6Zn4-1_13-r2SCAN-D4,Zn4H24C60S6N12O13,-0.0342766,-958.402,r2SCAN-D4,P1
C56H8N40O13Zn4-2_7-r2SCAN-D4,Zn4H8C56N40O13,0.25359,-1035.71,r2SCAN-D4,P1
C56H32N8O21Zn4-3_9-r2SCAN-D4,Zn4H32C56N8O21,-0.257069,-934.194,r2SCAN-D4,P1
C56H32N8O13S8Zn4-0_9-r2SCAN-D4,Zn4H32C56S8N8O13,-0.0914433,-932.632,r2SCAN-D4,P1
C56H32N8O17S4Zn4-1_4-r2SCAN-D4,Zn4H32C56S4N8O17,-0.114227,-926.149,r2SCAN-D4,P1
C56H32N8O13S8Zn4-7_10-r2SCAN-D4,Zn4H32C56S8N8O13,-0.0380907,-926.176,r2SCAN-D4,P1
C56H24N8O13S8Zn4-3_16-r2SCAN-D4,Zn4H24C56S8N8O13,-0.0491835,-899.47,r2SCAN-D4,P1
C56H24N16O17Zn4-0_6-r2SCAN-D4,Zn4H24C56N16O17,-0.0978856,-936.811,r2SCAN-D4,P1
C56H24N16O13Zn4-1_7-r2SCAN-D4,Zn4H24C56N16O13,0.0401407,-897.538,r2SCAN-D4,P1
C54H42N12O13Zn4-1_11-r2SCAN-D4,Zn4H42C54N12O13,-0.161229,-927.814,r2SCAN-D4,P1
C54H42N12O13Zn4-2_10-r2SCAN-D4,Zn4H42C54N12O13,-0.144335,-925.702,r2SCAN-D4,P1
C54H18N12O19Zn4-2-r2SCAN-D4,Zn4H18C54N12O19,-0.169016,-877.704,r2SCAN-D4,P1
C52H36N4O17Zn4-3_5-r2SCAN-D4,Zn4H36C52N4O17,-0.25134,-845.361,r2SCAN-D4,P1
C52H36N12O13Zn4-2_4-r2SCAN-D4,Zn4H36C52N12O13,-0.127144,-881.76,r2SCAN-D4,P1
C42H24N6O13Zn4-1-r2SCAN-D4,Zn4H24C42N6O13,-0.261185,-693.57,r2SCAN-D4,P1
C44H36N8O21Zn4-2_1-r2SCAN-D4,Zn4H36C44N8O21,-0.400252,-841.94,r2SCAN-D4,P1
C44H32N32O13Zn4-2_15-r2SCAN-D4,Zn4H32C44N32O13,-0.0882537,-966.975,r2SCAN-D4,P1
C42H30N12O16Zn4-1_3-r2SCAN-D4,Zn2H15C21(N3O4)2,-0.31068,-795.746,r2SCAN-D4,P1
C40H24N16O21Zn4-0_18-r2SCAN-D4,Zn4H24C40N16O21,-0.221002,-811.575,r2SCAN-D4,P1
C39H36N12O13Zn4-1_4-r2SCAN-D4,Zn4H36C39N12O13,-0.263877,-764.106,r2SCAN-D4,P1
C52H28N4O21Zn4-2_4-r2SCAN-D4,Zn4H28C52N4O21,-0.341241,-849.783,r2SCAN-D4,P1
C51H24N21O10Zn4-0_2-r2SCAN-D4,Zn4H24C51N21O10,0.0376301,-876.142,r2SCAN-D4,P1
C48H40N4O13Zn4-3_18-r2SCAN-D4,Zn4H40C48N4O13,-0.187727,-787.898,r2SCAN-D4,P1
C48H40N8O13Zn4-1_3-r2SCAN-D4,Zn4H40C48N8O13,-0.2132,-828.131,r2SCAN-D4,P1
C48H36N6O13Zn4-0_11-r2SCAN-D4,Zn4H36C48N6O13,-0.227259,-796.227,r2SCAN-D4,P1
C48H32N8O13Zn4-3_11-r2SCAN-D4,Zn4H32C48N8O13,-0.23378,-800.931,r2SCAN-D4,P1
C48H32N8O13Zn4-2_11-r2SCAN-D4,Zn4H32C48N8O13,-0.233464,-800.898,r2SCAN-D4,P1
C48H32N8O17S4Zn4-2_13-r2SCAN-D4,Zn4H32C48S4N8O17,-0.228031,-857.959,r2SCAN-D4,P1
C48H30N12O13Zn4-1_4-r2SCAN-D4,Zn4H30C48N12O13,-0.176654,-824.977,r2SCAN-D4,P1
C44H40N24O13Zn4-2_17-r2SCAN-D4,Zn4H40C44N24O13,-0.199886,-935.375,r2SCAN-D4,P1
C48H28N12O17Zn4-0_13-r2SCAN-D4,Zn4H28C48N12O17,-0.218659,-846.279,r2SCAN-D4,P1
C48H28N12O17Zn4-1_8-r2SCAN-D4,Zn4H28C48N12O17,-0.249922,-849.686,r2SCAN-D4,P1
C48H24N8O13S8Zn4-1_2-r2SCAN-D4,Zn4H24C48S8N8O13,-0.108355,-825.153,r2SCAN-D4,P1
C48H24N20O13Zn4-3_6-r2SCAN-D4,Zn4H24C48N20O13,-0.0708517,-866.265,r2SCAN-D4,P1
C48H24N24O10Zn4-3_2-r2SCAN-D4,Zn2H12C24N12O5,-0.00346698,-878.065,r2SCAN-D4,P1
C48H24N12O19Zn4-1_13-r2SCAN-D4,Zn4H24C48N12O19,-0.273286,-849.501,r2SCAN-D4,P1
C46H30N8O15Zn4-0_8-r2SCAN-D4,Zn4H30C46N8O15,-0.251114,-786.943,r2SCAN-D4,P1
C46H30N8O15Zn4-0_15-r2SCAN-D4,Zn4H30C46N8O15,-0.257038,-787.553,r2SCAN-D4,P1
C60H32N4O21Zn4-2_4-r2SCAN-D4,Zn4H32C60N4O21,-0.228935,-934.253,r2SCAN-D4,P1
C64H20N16O13Zn4-0-MACE-OMat-D3,C64H20N16O13Zn4-0-MACE-OMat-D3,-0.0436383,-860.639,MACE-OMat-D3,P1
C60H44N4O13Zn4-2_10-MACE-OMat-D3,C60H44N4O13Zn4-2_10-MACE-OMat-D3,-0.230211,-825.246,MACE-OMat-D3,P1
C60H18N12O19Zn4-1_16-MACE-OMat-D3,C60H18N12O19Zn4-1_16-MACE-OMat-D3,-0.218676,-833.288,MACE-OMat-D3,P1
C60H18N12O13S6Zn4-2_9-MACE-OMat-D3,C60H18N12O13S6Zn4-2_9-MACE-OMat-D3,-0.0612674,-810.585,MACE-OMat-D3,P1
C60H16N16O13Zn4-0_7-MACE-OMat-D3,C60H16N16O13Zn4-0_7-MACE-OMat-D3,-0.0760735,-814.072,MACE-OMat-D3,P1
C56H40N8O13Zn4-3_13-MACE-OMat-D3,C56H40N8O13Zn4-3_13-MACE-OMat-D3,-0.220819,-806.814,MACE-OMat-D3,P1
C56H16N12O13Zn4-1_11-MACE-OMat-D3,C56H16N12O13Zn4-1_11-MACE-OMat-D3,-0.0913427,-744.849,MACE-OMat-D3,P1
C52H32N8O17Zn4-1_8-MACE-OMat-D3,C52H32N8O17Zn4-1_8-MACE-OMat-D3,-0.242426,-764.553,MACE-OMat-D3,P1
C52H32N4O13Zn4-2_4-MACE-OMat-D3,C52H32N4O13Zn4-2_4-MACE-OMat-D3,-0.242114,-709.41,MACE-OMat-D3,P1
C52H32N12O17Zn4-1_1-MACE-OMat-D3,C52H32N12O17Zn4-1_1-MACE-OMat-D3,-0.223326,-796.666,MACE-OMat-D3,P1
C52H28N4O21Zn4-2_4-MACE-OMat-D3,C52H28N4O21Zn4-2_4-MACE-OMat-D3,-0.348312,-748.564,MACE-OMat-D3,P1
C52H28N4O21Zn4-0_6-MACE-OMat-D3,C52H28N4O21Zn4-0_6-MACE-OMat-D3,-0.327622,-746.308,MACE-OMat-D3,P1
C52H28N12O17Zn4-2_5-MACE-OMat-D3,C52H28N12O17Zn4-2_5-MACE-OMat-D3,-0.191468,-779.198,MACE-OMat-D3,P1
C48H36N6O13Zn4-1_8-MACE-OMat-D3,C48H36N6O13Zn4-1_8-MACE-OMat-D3,-0.250388,-703.665,MACE-OMat-D3,P1
C48H36N12O13S4Zn4-2_3-MACE-OMat-D3,C48H36N12O13S4Zn4-2_3-MACE-OMat-D3,-0.267377,-774.739,MACE-OMat-D3,P1
C48H32N20O17Zn4-1-MACE-OMat-D3,C48H32N20O17Zn4-1-MACE-OMat-D3,-0.260854,-832.079,MACE-OMat-D3,P1
C48H28N12O21Zn4-1_8-MACE-OMat-D3,C48H28N12O21Zn4-1_8-MACE-OMat-D3,-0.275204,-771.674,MACE-OMat-D3,P1
C48H27N9O13Zn4-2_3-MACE-OMat-D3,C48H27N9O13Zn4-2_3-MACE-OMat-D3,-0.213797,-694.307,MACE-OMat-D3,P1
C48H27N9O13Zn4-0_6-MACE-OMat-D3,C48H27N9O13Zn4-0_6-MACE-OMat-D3,-0.234594,-696.407,MACE-OMat-D3,P1
C48H18N12O19Zn4-2_6-MACE-OMat-D3,C48H18N12O19Zn4-2_6-MACE-OMat-D3,-0.272381,-725.753,MACE-OMat-D3,P1
C48H18N12O19Zn4-2_10-MACE-OMat-D3,C48H18N12O19Zn4-2_10-MACE-OMat-D3,-0.251729,-723.667,MACE-OMat-D3,P1
C48H18N12O19Zn4-1_15-MACE-OMat-D3,C48H18N12O19Zn4-1_15-MACE-OMat-D3,-0.24677,-723.166,MACE-OMat-D3,P1
C46H30N8O15Zn4-1_10-MACE-OMat-D3,C46H30N8O15Zn4-1_10-MACE-OMat-D3,-0.277324,-694.171,MACE-OMat-D3,P1
C45H42N6O13Zn4-3_11-MACE-OMat-D3,C45H42N6O13Zn4-3_11-MACE-OMat-D3,-0.285836,-700.194,MACE-OMat-D3,P1
C44H36N16O13Zn4-2_11-MACE-OMat-D3,C44H36N16O13Zn4-2_11-MACE-OMat-D3,-0.294756,-756.848,MACE-OMat-D3,P1
C44H36N16O13Zn4-1_6-MACE-OMat-D3,C44H36N16O13Zn4-1_6-MACE-OMat-D3,-0.293727,-756.732,MACE-OMat-D3,P1
C44H32N8O17Zn4-3_1-MACE-OMat-D3,C44H32N8O17Zn4-3_1-MACE-OMat-D3,-0.288762,-693.921,MACE-OMat-D3,P1
C44H32N8O17Zn4-3_16-MACE-OMat-D3,C44H32N8O17Zn4-3_16-MACE-OMat-D3,-0.307767,-695.917,MACE-OMat-D3,P1
C44H32N8O17Zn4-0_1-MACE-OMat-D3,C44H32N8O17Zn4-0_1-MACE-OMat-D3,-0.310137,-696.166,MACE-OMat-D3,P1
C44H32N8O13Zn4-0_4-MACE-OMat-D3,C44H32N8O13Zn4-0_4-MACE-OMat-D3,-0.274656,-671.549,MACE-OMat-D3,P1
C44H28N16O21Zn4-3_7-MACE-OMat-D3,C44H28N16O21Zn4-3_7-MACE-OMat-D3,-0.285293,-769.414,MACE-OMat-D3,P1
C44H28N16O21Zn4-0_9-MACE-OMat-D3,C44H28N16O21Zn4-0_9-MACE-OMat-D3,-0.278113,-768.602,MACE-OMat-D3,P1
C42H24N6O13Zn4-0_5-MACE-OMat-D3,C42H24N6O13Zn4-0_5-MACE-OMat-D3,-0.258111,-605.752,MACE-OMat-D3,P1
C42H18N24O10Zn4-2_9-MACE-OMat-D3,C42H18N24O10Zn4-2_9-MACE-OMat-D3,-0.0801561,-706.532,MACE-OMat-D3,P1
C40H36N8O13Zn4-5_8-MACE-OMat-D3,C40H36N8O13Zn4-5_8-MACE-OMat-D3,-0.297235,-650.026,MACE-OMat-D3,P1
C40H24N8O17Zn4-0_11-MACE-OMat-D3,C40H24N8O17Zn4-0_11-MACE-OMat-D3,-0.276444,-626.582,MACE-OMat-D3,P1
C40H20N8O13Zn4-3_9-MACE-OMat-D3,C40H20N8O13Zn4-3_9-MACE-OMat-D3,-0.193452,-584.549,MACE-OMat-D3,P1
C32H24O17Zn4-3_12-MACE-OMat-D3,C32H24O17Zn4-3_12-MACE-OMat-D3,-0.423575,-493.174,MACE-OMat-D3,P1
C30H18N6O13Zn4-0_17-MACE-OMat-D3,C30H18N6O13Zn4-0_17-MACE-OMat-D3,-0.326685,-476.177,MACE-OMat-D3,P1
C28H16N4O17Zn4-1_13-MACE-OMat-D3,C28H16N4O17Zn4-1_13-MACE-OMat-D3,-0.462711,-463.136,MACE-OMat-D3,P1
C24H24O13Zn4-3_5-MACE-OMat-D3,C24H24O13Zn4-3_5-MACE-OMat-D3,-0.486783,-398.85,MACE-OMat-D3,P1
C24H16O13Zn4-1_9-MACE-OMat-D3,C24H16O13Zn4-1_9-MACE-OMat-D3,-0.477676,-368.486,MACE-OMat-D3,P1
C20H12O15Zn4-3_7-MACE-OMat-D3,C20H12O15Zn4-3_7-MACE-OMat-D3,-0.579016,-330.931,MACE-OMat-D3,P1
C20H12O15Zn4-0_11-MACE-OMat-D3,C20H12O15Zn4-0_11-MACE-OMat-D3,-0.511713,-327.499,MACE-OMat-D3,P1
C18H14O11S4Zn4-2_9-MACE-OMat-D3,C18H14O11S4Zn4-2_9-MACE-OMat-D3,-0.363672,-304.77,MACE-OMat-D3,P1
C20H12O7Zn4-2-r2SCAN-D4,C20H12O7Zn4-2-r2SCAN-D4,-0.118984,-323.75,r2SCAN-D4,P1
C20H12O15Zn4-3_15-r2SCAN-D4,C20H12O15Zn4-3_15-r2SCAN-D4,-0.608713,-396.246,r2SCAN-D4,P1
C20H16O11Zn4-1_10.0-r2SCAN-D4,C20H16O11Zn4-1_10.0-r2SCAN-D4,-0.430628,-377.707,r2SCAN-D4,P1
C24H15O13Zn4-0_13.0-r2SCAN-D4,C24H15O13Zn4-0_13.0-r2SCAN-D4,-0.459111,-429.709,r2SCAN-D4,P1
C21H18O13Zn4-0_17-r2SCAN-D4,C21H18O13Zn4-0_17-r2SCAN-D4,-0.542463,-414.696,r2SCAN-D4,P1
C21H18O13Zn4-0_1.0-r2SCAN-D4,C21H18O13Zn4-0_1.0-r2SCAN-D4,-0.54599,-414.894,r2SCAN-D4,P1
C56H24N16O17Zn4-3_9-MACE-OMat-D3,C56H24N16O17Zn4-3_9-MACE-OMat-D3,-0.110624,-827.687,MACE-OMat-D3,P1
C56H24N16O13Zn4-2_7-MACE-OMat-D3,C56H24N16O13Zn4-2_7-MACE-OMat-D3,-0.137749,-810.517,MACE-OMat-D3,P1
C56H24N16O13Zn4-0_9-MACE-OMat-D3,C56H24N16O13Zn4-0_9-MACE-OMat-D3,-0.131627,-809.825,MACE-OMat-D3,P1
C56H24N12O9Zn4-2_5-MACE-OMat-D3,C56H24N12O9Zn4-2_5-MACE-OMat-D3,0.00813105,-740.927,MACE-OMat-D3,P1
C52H20N8O13Zn4-3_7-MACE-OMat-D3,C52H20N8O13Zn4-3_7-MACE-OMat-D3,-0.149215,-692.915,MACE-OMat-D3,P1
C51H42N6O19Zn4-3_7-MACE-OMat-D3,C51H42N6O19Zn4-3_7-MACE-OMat-D3,-0.296234,-789.749,MACE-OMat-D3,P1
C51H33N9O13Zn4-0_2-MACE-OMat-D3,C51H33N9O13Zn4-0_2-MACE-OMat-D3,-0.223535,-744.349,MACE-OMat-D3,P1
C48H24N20O13Zn4-1_13-MACE-OMat-D3,C48H24N20O13Zn4-1_13-MACE-OMat-D3,-0.195122,-776.041,MACE-OMat-D3,P1
C48H24N20O13Zn4-0_6-MACE-OMat-D3,C48H24N20O13Zn4-0_6-MACE-OMat-D3,-0.191702,-775.668,MACE-OMat-D3,P1
C44H20N8O13Zn4-2_15-MACE-OMat-D3,C44H20N8O13Zn4-2_15-MACE-OMat-D3,-0.17324,-620.302,MACE-OMat-D3,P1
C44H20N8O13S4Zn4-3_2-MACE-OMat-D3,C44H20N8O13S4Zn4-3_2-MACE-OMat-D3,-0.198587,-639.868,MACE-OMat-D3,P1
C36H28N12O13Zn4-7_6-MACE-OMat-D3,C36H28N12O13Zn4-7_6-MACE-OMat-D3,-0.273773,-616.116,MACE-OMat-D3,P1
C36H24N6O13Zn4-1_12-MACE-OMat-D3,C36H24N6O13Zn4-1_12-MACE-OMat-D3,-0.306414,-553.045,MACE-OMat-D3,P1
C36H20N8O21Zn4-3_18-MACE-OMat-D3,C36H20N8O21Zn4-3_18-MACE-OMat-D3,-0.324807,-599.819,MACE-OMat-D3,P1
C36H24N15O13Zn4-0_3-MACE-OMat-D3,C36H24N15O13Zn4-0_3-MACE-OMat-D3,-0.243991,-625.161,MACE-OMat-D3,P1
C36H18N6O13Zn4-2_7-MACE-OMat-D3,C36H18N6O13Zn4-2_7-MACE-OMat-D3,-0.280938,-529.782,MACE-OMat-D3,P1
C36H18N6O13S3Zn4-1_6-MACE-OMat-D3,C36H18N6O13S3Zn4-1_6-MACE-OMat-D3,-0.277564,-542.741,MACE-OMat-D3,P1
C36H12N8O13Zn4-2_12-r2SCAN-D4,C36H12N8O13Zn4-2_12-r2SCAN-D4,-0.218627,-603.001,r2SCAN-D4,P1
C24H24O13Zn4-3_11-r2SCAN-D4,C24H24O13Zn4-3_11-r2SCAN-D4,-0.48339,-466.531,r2SCAN-D4,P1
C24H24O13Zn4-3_13-r2SCAN-D4,C24H24O13Zn4-3_13-r2SCAN-D4,-0.433352,-463.279,r2SCAN-D4,P1
C18H12O19Zn4-2_6-r2SCAN-D4,C18H12O19Zn4-2_6-r2SCAN-D4,-0.766207,-409.061,r2SCAN-D4,P1
C48H24N12O21Zn4-2_12-MACE-OMat-D3,C48H24N12O21Zn4-2_12-MACE-OMat-D3,-0.302269,-760.548,MACE-OMat-D3,P1
C48H24N12O21Zn4-1_16-MACE-OMat-D3,C48H24N12O21Zn4-1_16-MACE-OMat-D3,-0.250044,-754.856,MACE-OMat-D3,P1
C48H24N12O21Zn4-1_12-MACE-OMat-D3,C48H24N12O21Zn4-1_12-MACE-OMat-D3,-0.336364,-764.265,MACE-OMat-D3,P1
C48H24N12O19Zn4-1_10-MACE-OMat-D3,C48H24N12O19Zn4-1_10-MACE-OMat-D3,-0.280153,-747.681,MACE-OMat-D3,P1
C44H24N8O17Zn4-1_11-MACE-OMat-D3,C44H24N8O17Zn4-1_11-MACE-OMat-D3,-0.244973,-661.414,MACE-OMat-D3,P1
C36H24N6O13Zn4-0_13-r2SCAN-D4,C36H24N6O13Zn4-0_13-r2SCAN-D4,-0.277612,-633.264,r2SCAN-D4,P1
C36H18N6O13Zn4-2_4-r2SCAN-D4,C36H18N6O13Zn4-2_4-r2SCAN-D4,-0.280901,-611.11,r2SCAN-D4,P1
C36H18N6O13S6Zn4-1_3-r2SCAN-D4,C36H18N6O13S6Zn4-1_3-r2SCAN-D4,-0.234239,-657.707,r2SCAN-D4,P1
C48H28N4O13Zn4-1_5-r2SCAN-D4,C48H28N4O13Zn4-1_5-r2SCAN-D4,-0.229657,-748.229,r2SCAN-D4,P1
C44H20N8O13Zn4-3_11-r2SCAN-D4,Zn4H20C44N8O13,-0.162963,-709.337,r2SCAN-D4,P1
C44H20N8O13S4Zn4-1_17-r2SCAN-D4,Zn4H20C44S4N8O13,-0.149192,-741.231,r2SCAN-D4,P1
C42H24N6O13Zn4-1_11-r2SCAN-D4,Zn4H24C42N6O13,-0.261073,-693.56,r2SCAN-D4,P1
C42H24N6O13Zn4-0_12-r2SCAN-D4,Zn4H24C42N6O13,-0.260956,-693.549,r2SCAN-D4,P1
C42H24N6O13S3Zn4-0_5-r2SCAN-D4,Zn4H24C42S3N6O13,-0.233588,-716.207,r2SCAN-D4,P1
C38H28N4O13Zn4-0_4-r2SCAN-D4,Zn4H28C38N4O13,-0.309305,-652.691,r2SCAN-D4,P1
C36H30N9O13Zn4-2_5-r2SCAN-D4,Zn4H30C36N9O13,-0.27244,-683.482,r2SCAN-D4,P1
C36H28O17Zn4-3_8-r2SCAN-D4,Zn4H28C36O17,-0.396883,-626.162,r2SCAN-D4,P1
C36H18N6O13S3Zn4-1-r2SCAN-D4,Zn4H18C36S3N6O13,-0.26018,-634.687,r2SCAN-D4,P1
C28H24N16O13Zn4-0_3-r2SCAN-D4,Zn4H24C28N16O13,-0.325722,-649.283,r2SCAN-D4,P1
C48H27N9O13Zn4-3_13-r2SCAN-D4,Zn4H27C48N9O13,-0.180446,-786.476,r2SCAN-D4,P1
C48H18N6O13S6Zn4-0_6-r2SCAN-D4,Zn4H18C48S6N6O13,-0.107156,-768.65,r2SCAN-D4,P1
C64H20N16O13Zn4-1_8-r2SCAN-D4,Zn4H20C64N16O13,0.0140726,-966.736,r2SCAN-D4,P1
C60H18N12O19Zn4-1-r2SCAN-D4,Zn4H18C60N12O19,-0.134236,-934.891,r2SCAN-D4,P1
C56H36N12O5Zn4-3-r2SCAN-D4,Zn4H36C56N12O5,0.138604,-844.723,r2SCAN-D4,P1
C56H24N4O21Zn4-2_3-r2SCAN-D4,Zn4H24C56N4O21,-0.294209,-870.897,r2SCAN-D4,P1
C56H24N4O21Zn4-0_16-r2SCAN-D4,Zn4H24C56N4O21,-0.206763,-861.366,r2SCAN-D4,P1
C56H20N12O13Zn4-0-r2SCAN-D4,Zn4H20C56N12O13,-0.0900105,-861.093,r2SCAN-D4,P1
C54H30N6O19Zn4-1_5-r2SCAN-D4,Zn4H30C54N6O19,-0.231899,-872.401,r2SCAN-D4,P1
C54H18N12O19Zn4-0_9-r2SCAN-D4,Zn4H18C54N12O19,-0.177826,-878.647,r2SCAN-D4,P1
C52H32N4O13Zn4-0_12-r2SCAN-D4,Zn4H32C52N4O13,-0.208234,-801.713,r2SCAN-D4,P1
C52H28N8O13Zn4-1_1-r2SCAN-D4,Zn4H28C52N8O13,-0.199065,-823.526,r2SCAN-D4,P1
C52H28N8O13Zn4-1-r2SCAN-D4,Zn4H28C52N8O13,-0.171495,-820.632,r2SCAN-D4,P1
C44H36N8O21Zn4-1_14-r2SCAN-D4,Zn4H36C44N8O21,-0.369655,-838.483,r2SCAN-D4,P1
C44H28N16O21Zn4-3_9-r2SCAN-D4,Zn4H28C44N16O21,-0.273753,-873.199,r2SCAN-D4,P1
C44H28N16O21Zn4-2_7-r2SCAN-D4,Zn4H28C44N16O21,-0.183009,-862.945,r2SCAN-D4,P1
C44H28N16O21Zn4-1_12-r2SCAN-D4,Zn4H28C44N16O21,-0.239174,-869.292,r2SCAN-D4,P1
C44H40N20O17Zn4-2_12-r2SCAN-D4,Zn4H40C44N20O17,-0.241161,-927.214,r2SCAN-D4,P1
C42H36N6O19Zn4-1_14-r2SCAN-D4,Zn4H36C42N6O19,-0.320588,-781.036,r2SCAN-D4,P1
C40H36N12O17Zn4-1_10-r2SCAN-D4,Zn4H36C40N12O17,-0.272324,-799.647,r2SCAN-D4,P1
C42H36N18O10Zn4-2_5-r2SCAN-D4,Zn2H18C21N9O5,-0.133447,-818.837,r2SCAN-D4,P1
C40H32N8O21Zn4-7_8-r2SCAN-D4,Zn4H32C40N8O21,-0.427628,-787.717,r2SCAN-D4,P1
C42H30N12O16Zn4-2_12-r2SCAN-D4,Zn2H15C21(N3O4)2,-0.245968,-789.016,r2SCAN-D4,P1
C52H28N4O21Zn4-1_18-r2SCAN-D4,Zn4H28C52N4O21,-0.326667,-848.195,r2SCAN-D4,P1
C52H24N16O13Zn4-2_2-r2SCAN-D4,Zn4H24C52N16O13,-0.0601818,-868.566,r2SCAN-D4,P1
C48H40N16O13Zn4-0_11-r2SCAN-D4,Zn4H40C48N16O13,-0.218765,-903.719,r2SCAN-D4,P1
C60H24N20O5Zn4-0_1-r2SCAN-D4,Zn4H24C60(N4O)5,0.261533,-902.625,r2SCAN-D4,P1
C48H32N20O17Zn4-3_1-r2SCAN-D4,Zn4H32C48N20O17,-0.209795,-934.867,r2SCAN-D4,P1
C44H40N24O13Zn4-3_4-r2SCAN-D4,Zn4H40C44N24O13,-0.208884,-936.5,r2SCAN-D4,P1
C44H40N24O13Zn4-3-r2SCAN-D4,Zn4H40C44N24O13,-0.166854,-931.246,r2SCAN-D4,P1
C48H24N6O13S9Zn4-3_13-r2SCAN-D4,Zn4H24C48S9N6O13,-0.130539,-817.18,r2SCAN-D4,P1
C48H24N20O13Zn4-0_7-r2SCAN-D4,Zn4H24C48N20O13,-0.121132,-871.746,r2SCAN-D4,P1
C48H24N12O19Zn4-1_10-r2SCAN-D4,Zn4H24C48N12O19,-0.232943,-845.184,r2SCAN-D4,P1
C46H30N8O15Zn4-1_13-r2SCAN-D4,Zn4H30C46N8O15,-0.261401,-788.003,r2SCAN-D4,P1
C60H32N4O21Zn4-3_1-r2SCAN-D4,Zn4H32C60N4O21,-0.24129,-935.748,r2SCAN-D4,P1
C60H30N6O25Zn4-1_17-r2SCAN-D4,Zn4H30C60N6O25,-0.219742,-968.692,r2SCAN-D4,P1
C60H28N16O5Zn4-2_2-r2SCAN-D4,Zn4H28C60N16O5,0.230381,-883.369,r2SCAN-D4,P1
C64H28N20O5Zn4-3-MACE-OMat-D3,C64H28N20O5Zn4-3-MACE-OMat-D3,0.152453,-856.83,MACE-OMat-D3,P1
C60H32N4O21Zn4-3_1-MACE-OMat-D3,C60H32N4O21Zn4-3_1-MACE-OMat-D3,-0.25552,-828.048,MACE-OMat-D3,P1
C60H32N4O17Zn4-3_5-MACE-OMat-D3,C60H32N4O17Zn4-3_5-MACE-OMat-D3,-0.251081,-806.714,MACE-OMat-D3,P1
C60H24N12O13S6Zn4-0_9-MACE-OMat-D3,C60H24N12O13S6Zn4-0_9-MACE-OMat-D3,-0.100158,-835.043,MACE-OMat-D3,P1
C60H18N12O19Zn4-3_2-MACE-OMat-D3,C60H18N12O19Zn4-3_2-MACE-OMat-D3,-0.213735,-832.73,MACE-OMat-D3,P1
C56H36N12O13Zn4-2-MACE-OMat-D3,C56H36N12O13Zn4-2-MACE-OMat-D3,-0.110202,-813.832,MACE-OMat-D3,P1
C56H32N8O9S8Zn4-6_1-MACE-OMat-D3,C56H32N8O9S8Zn4-6_1-MACE-OMat-D3,-0.0601442,-774.419,MACE-OMat-D3,P1
C56H32N8O13S8Zn4-5_5-MACE-OMat-D3,C56H32N8O13S8Zn4-5_5-MACE-OMat-D3,-0.153418,-805.738,MACE-OMat-D3,P1
C56H16N12O13Zn4-2_9-MACE-OMat-D3,C56H16N12O13Zn4-2_9-MACE-OMat-D3,-0.0902209,-744.735,MACE-OMat-D3,P1
C54H30N6O19Zn4-1_12-MACE-OMat-D3,C54H30N6O19Zn4-1_12-MACE-OMat-D3,-0.230612,-768.326,MACE-OMat-D3,P1
C54H18N12O19Zn4-2_11-MACE-OMat-D3,C54H18N12O19Zn4-2_11-MACE-OMat-D3,-0.18583,-773.294,MACE-OMat-D3,P1
C54H18N12O13S6Zn4-3_13-MACE-OMat-D3,C54H18N12O13S6Zn4-3_13-MACE-OMat-D3,-0.0712571,-756.118,MACE-OMat-D3,P1
C52H36N4O17Zn4-3_5-MACE-OMat-D3,C52H36N4O17Zn4-3_5-MACE-OMat-D3,-0.291057,-749.644,MACE-OMat-D3,P1
C52H36N12O13Zn4-2_1-MACE-OMat-D3,C52H36N12O13Zn4-2_1-MACE-OMat-D3,-0.242309,-792.07,MACE-OMat-D3,P1
C52H32N4O17Zn4-2_7-MACE-OMat-D3,C52H32N4O17Zn4-2_7-MACE-OMat-D3,-0.306323,-737.169,MACE-OMat-D3,P1
C52H32N4O13Zn4-0_9-MACE-OMat-D3,C52H32N4O13Zn4-0_9-MACE-OMat-D3,-0.223485,-707.454,MACE-OMat-D3,P1
C52H28N8O13Zn4-3_12-MACE-OMat-D3,C52H28N8O13Zn4-3_12-MACE-OMat-D3,-0.115939,-716.565,MACE-OMat-D3,P1
C52H28N8O13Zn4-0_9-MACE-OMat-D3,C52H28N8O13Zn4-0_9-MACE-OMat-D3,-0.188834,-724.219,MACE-OMat-D3,P1
C48H40N12O17Zn4-3_8-MACE-OMat-D3,C48H40N12O17Zn4-3_8-MACE-OMat-D3,-0.290346,-794.84,MACE-OMat-D3,P1
C48H36N8O13Zn4-2-MACE-OMat-D3,C48H36N8O13Zn4-2-MACE-OMat-D3,-0.248196,-720.616,MACE-OMat-D3,P1
C48H36N6O13Zn4-3-MACE-OMat-D3,C48H36N6O13Zn4-3-MACE-OMat-D3,-0.263041,-705.019,MACE-OMat-D3,P1
C48H32N8O13Zn4-2_12-MACE-OMat-D3,C48H32N8O13Zn4-2_12-MACE-OMat-D3,-0.222766,-703.978,MACE-OMat-D3,P1
C48H32N8O13Zn4-1_11-MACE-OMat-D3,C48H32N8O13Zn4-1_11-MACE-OMat-D3,-0.280647,-710.055,MACE-OMat-D3,P1
C48H28N4O13Zn4-1_5-MACE-OMat-D3,C48H28N4O13Zn4-1_5-MACE-OMat-D3,-0.254825,-658.952,MACE-OMat-D3,P1
C48H28N12O21Zn4-3_10-MACE-OMat-D3,C48H28N12O21Zn4-3_10-MACE-OMat-D3,-0.313177,-775.965,MACE-OMat-D3,P1
C48H28N12O21Zn4-2_13-MACE-OMat-D3,C48H28N12O21Zn4-2_13-MACE-OMat-D3,-0.330918,-777.97,MACE-OMat-D3,P1
C48H28N12O17Zn4-2_15-MACE-OMat-D3,C48H28N12O17Zn4-2_15-MACE-OMat-D3,-0.260486,-749.176,MACE-OMat-D3,P1
C48H27N9O13Zn4-3_6-MACE-OMat-D3,C48H27N9O13Zn4-3_6-MACE-OMat-D3,-0.182697,-691.166,MACE-OMat-D3,P1
C48H24N8O17Zn4-2_2-MACE-OMat-D3,C48H24N8O17Zn4-2_2-MACE-OMat-D3,-0.258042,-700.492,MACE-OMat-D3,P1
C48H24N8O17Zn4-2_17-MACE-OMat-D3,C48H24N8O17Zn4-2_17-MACE-OMat-D3,-0.254988,-700.184,MACE-OMat-D3,P1
C48H24N6O13Zn4-3_1-MACE-OMat-D3,C48H24N6O13Zn4-3_1-MACE-OMat-D3,-0.196573,-656.623,MACE-OMat-D3,P1
C48H24N12O19Zn4-0-MACE-OMat-D3,C48H24N12O19Zn4-0-MACE-OMat-D3,-0.242192,-743.619,MACE-OMat-D3,P1
C48H16N16O17Zn4-3_5-MACE-OMat-D3,C48H16N16O17Zn4-3_5-MACE-OMat-D3,-0.156464,-731.04,MACE-OMat-D3,P1
C45H27N9O19Zn4-3_15-MACE-OMat-D3,C45H27N9O19Zn4-3_15-MACE-OMat-D3,-0.251078,-700.93,MACE-OMat-D3,P1
C44H36N16O13Zn4-2_9-MACE-OMat-D3,C44H36N16O13Zn4-2_9-MACE-OMat-D3,-0.279463,-755.12,MACE-OMat-D3,P1
C44H32N8O13Zn4-1_8-MACE-OMat-D3,C44H32N8O13Zn4-1_8-MACE-OMat-D3,-0.266808,-670.756,MACE-OMat-D3,P1
C44H32N32O13Zn4-1_4-MACE-OMat-D3,C44H32N32O13Zn4-1_4-MACE-OMat-D3,-0.176393,-866.129,MACE-OMat-D3,P1
C44H28N16O21Zn4-3_12-MACE-OMat-D3,C44H28N16O21Zn4-3_12-MACE-OMat-D3,-0.260621,-766.626,MACE-OMat-D3,P1
C44H28N16O21Zn4-1_1-MACE-OMat-D3,C44H28N16O21Zn4-1_1-MACE-OMat-D3,-0.331066,-774.586,MACE-OMat-D3,P1
C42H30N6O13Zn4-1_14-MACE-OMat-D3,C42H30N6O13Zn4-1_14-MACE-OMat-D3,-0.249551,-625.95,MACE-OMat-D3,P1
C42H24N6O13Zn4-3_15-MACE-OMat-D3,C42H24N6O13Zn4-3_15-MACE-OMat-D3,-0.258116,-605.753,MACE-OMat-D3,P1
C42H24N6O13S3Zn4-2_5-MACE-OMat-D3,C42H24N6O13S3Zn4-2_5-MACE-OMat-D3,-0.251932,-618.344,MACE-OMat-D3,P1
C40H40N16O25Zn4-2_12-MACE-OMat-D3,C40H40N16O25Zn4-2_12-MACE-OMat-D3,-0.458134,-816.381,MACE-OMat-D3,P1
C40H36N8O15Zn4-0_14-MACE-OMat-D3,C40H36N8O15Zn4-0_14-MACE-OMat-D3,-0.317838,-662.639,MACE-OMat-D3,P1
C40H20N8O17Zn4-2_15-MACE-OMat-D3,C40H20N8O17Zn4-2_15-MACE-OMat-D3,-0.187858,-604.617,MACE-OMat-D3,P1
C39H36N12O13Zn4-1_11-MACE-OMat-D3,C39H36N12O13Zn4-1_11-MACE-OMat-D3,-0.321061,-677.579,MACE-OMat-D3,P1
C33H18O13Zn4-0_9-MACE-OMat-D3,C33H18O13Zn4-0_9-MACE-OMat-D3,-0.354617,-454.612,MACE-OMat-D3,P1
C27H15N3O13S6Zn4-1_7-MACE-OMat-D3,C27H15N3O13S6Zn4-1_7-MACE-OMat-D3,-0.340107,-438.533,MACE-OMat-D3,P1
C21H18O13Zn4-3_16-MACE-OMat-D3,C21H18O13Zn4-3_16-MACE-OMat-D3,-0.536995,-350.234,MACE-OMat-D3,P1
C21H18O13Zn4-0_12-MACE-OMat-D3,C21H18O13Zn4-0_12-MACE-OMat-D3,-0.520432,-349.307,MACE-OMat-D3,P1
C20H20N8O13Zn4-3_6-MACE-OMat-D3,C20H20N8O13Zn4-3_6-MACE-OMat-D3,-0.496377,-416.477,MACE-OMat-D3,P1
C21H18O13Zn4-0_1-MACE-OMat-D3,C21H18O13Zn4-0_1-MACE-OMat-D3,-0.5398,-350.391,MACE-OMat-D3,P1
C20H16O11Zn4-0_3-MACE-OMat-D3,C20H16O11Zn4-0_3-MACE-OMat-D3,-0.408789,-315.432,MACE-OMat-D3,P1
C20H12O15Zn4-3_19-MACE-OMat-D3,C20H12O15Zn4-3_19-MACE-OMat-D3,-0.514903,-327.662,MACE-OMat-D3,P1
C18H18N6O13Zn4-2_7-MACE-OMat-D3,C18H18N6O13Zn4-2_7-MACE-OMat-D3,-0.55864,-375.606,MACE-OMat-D3,P1
C18H15N3O13Zn4-2_1-MACE-OMat-D3,C18H15N3O13Zn4-2_1-MACE-OMat-D3,-0.571797,-338.186,MACE-OMat-D3,P1
C21H18O13Zn4-3_14-r2SCAN-D4,C21H18O13Zn4-3_14-r2SCAN-D4,-0.542757,-414.713,r2SCAN-D4,P1
C56H24N16O13S8Zn4-1_14-MACE-OMat-D3,C56H24N16O13S8Zn4-1_14-MACE-OMat-D3,-0.0889194,-838.741,MACE-OMat-D3,P1
C52H24N16O13Zn4-2_3-MACE-OMat-D3,C52H24N16O13Zn4-2_3-MACE-OMat-D3,-0.138293,-773.247,MACE-OMat-D3,P1
C52H24N16O13Zn4-0_7-MACE-OMat-D3,C52H24N16O13Zn4-0_7-MACE-OMat-D3,-0.153738,-774.93,MACE-OMat-D3,P1
C51H33N9O13Zn4-1_9-MACE-OMat-D3,C51H33N9O13Zn4-1_9-MACE-OMat-D3,-0.199865,-741.745,MACE-OMat-D3,P1
C51H33N9O13Zn4-1_13-MACE-OMat-D3,C51H33N9O13Zn4-1_13-MACE-OMat-D3,-0.172356,-738.719,MACE-OMat-D3,P1
C36H32N12O17Zn4-1_15-MACE-OMat-D3,C36H32N12O17Zn4-1_15-MACE-OMat-D3,-0.40355,-664.181,MACE-OMat-D3,P1
C36H30N9O13Zn4-3_14-MACE-OMat-D3,C36H30N9O13Zn4-3_14-MACE-OMat-D3,-0.350815,-604.384,MACE-OMat-D3,P1
C36H24N6O13Zn4-3_12-MACE-OMat-D3,C36H24N6O13Zn4-3_12-MACE-OMat-D3,-0.304867,-552.916,MACE-OMat-D3,P1
C36H18N6O13S6Zn4-3_4-MACE-OMat-D3,C36H18N6O13S6Zn4-3_4-MACE-OMat-D3,-0.207192,-550.119,MACE-OMat-D3,P1
C32H12N8O5Zn4-0.0-r2SCAN-D4,C32H12N8O5Zn4-0.0-r2SCAN-D4,0.199969,-488.207,r2SCAN-D4,P1
C28H16N4O9Zn4-1_3-r2SCAN-D4,C28H16N4O9Zn4-1_3-r2SCAN-D4,0.038452,-458.499,r2SCAN-D4,P1
C33H18O10Zn4-0_2-r2SCAN-D4,C33H18O10Zn4-0_2-r2SCAN-D4,-0.217557,-501.201,r2SCAN-D4,P1
C33H18O13Zn4-0_11-r2SCAN-D4,C33H18O13Zn4-0_11-r2SCAN-D4,-0.384188,-530.648,r2SCAN-D4,P1
C30H20O13S2Zn4-3-r2SCAN-D4,C30H20O13S2Zn4-3-r2SCAN-D4,-0.305792,-518.747,r2SCAN-D4,P1
C18H12O19Zn4-0_8-r2SCAN-D4,C18H12O19Zn4-0_8-r2SCAN-D4,-0.76999,-409.261,r2SCAN-D4,P1
C48H24N12O21Zn4-3_15-MACE-OMat-D3,C48H24N12O21Zn4-3_15-MACE-OMat-D3,-0.316474,-762.097,MACE-OMat-D3,P1
C44H24O13Zn4-2_5-MACE-OMat-D3,C44H24O13Zn4-2_5-MACE-OMat-D3,-0.325935,-578.807,MACE-OMat-D3,P1
C44H24N8O17Zn4-3_1-MACE-OMat-D3,C44H24N8O17Zn4-3_1-MACE-OMat-D3,-0.229952,-659.957,MACE-OMat-D3,P1
C24H16N8O21Zn4-2_10-r2SCAN-D4,C24H16N8O21Zn4-2_10-r2SCAN-D4,-0.447067,-559.868,r2SCAN-D4,P1
C16H14Mg2N6O2-0-r2SCAN-D4,C16H14Mg2N6O2-0-r2SCAN-D4,0.0181728,-282.886,r2SCAN-D4,P-1
C42H36O13Zn4-2-r2SCAN-D4,Zn4H36C42O13,-0.318579,-687.166,r2SCAN-D4,P1
C42H30N12O10Zn4-0-r2SCAN-D4,Zn2H15C21N6O5,-0.143902,-742.612,r2SCAN-D4,P1
C36H30N9O13Zn4-3_11-r2SCAN-D4,Zn4H30C36N9O13,-0.304447,-686.426,r2SCAN-D4,P1
C36H24N15O13Zn4-0_3-r2SCAN-D4,Zn4H24C36N15O13,-0.160163,-707.317,r2SCAN-D4,P1
C24H16N2O11Zn4-2_5-r2SCAN-D4,Zn4H16C24N2O11,-0.391508,-436.432,r2SCAN-D4,P1
C36H24N6O13Zn4-1_3-r2SCAN-D4,Zn4H24C36N6O13,-0.290979,-634.373,r2SCAN-D4,P1
C36H18N6O13Zn4-3_2-r2SCAN-D4,Zn4H18C36N6O13,-0.285765,-611.484,r2SCAN-D4,P1
C48H16N16O17Zn4-0_1-r2SCAN-D4,Zn4H16C48N16O17,-0.122489,-829.938,r2SCAN-D4,P1
C36H32N12O17Zn4-0_7-r2SCAN-D4,Zn4H32C36N12O17,-0.347459,-751.162,r2SCAN-D4,P1
C36H18N12O10S6Zn4-0_12-r2SCAN-D4,Zn2H9C18S3N6O5,0.0284373,-673.264,r2SCAN-D4,P1
C28H20N12O25Zn4-2_13-r2SCAN-D4,Zn4H20C28N12O25,-0.335647,-670.889,r2SCAN-D4,P1
C64H24N16O17Zn4-3-r2SCAN-D4,Zn4H24C64N16O17,-0.0506124,-1011.82,r2SCAN-D4,P1
C60H18N12O19Zn4-1_17-r2SCAN-D4,Zn4H18C60N12O19,-0.172524,-939.217,r2SCAN-D4,P1
C60H16N16O13Zn4-3-r2SCAN-D4,Zn4H16C60N16O13,-0.0140257,-916.015,r2SCAN-D4,P1
C60H16N16O13Zn4-0_6-r2SCAN-D4,Zn4H16C60N16O13,-0.0316056,-917.932,r2SCAN-D4,P1
C56H40N4O13Zn4-0_9-r2SCAN-D4,Zn4H40C56N4O13,-0.204317,-871.477,r2SCAN-D4,P1
C56H36N12O13Zn4-3_18-r2SCAN-D4,Zn4H36C56N12O13,-0.163627,-926.752,r2SCAN-D4,P1
C56H36N12O13Zn4-0_16-r2SCAN-D4,Zn4H36C56N12O13,-0.142561,-924.203,r2SCAN-D4,P1
C56H36N8O13Zn4-2_11-r2SCAN-D4,Zn4H36C56N8O13,-0.107303,-882.903,r2SCAN-D4,P1
C56H8N40O13Zn4-2-r2SCAN-D4,Zn4H8C56N40O13,0.197869,-1042.45,r2SCAN-D4,P1
C56H32N8O21Zn4-0_10-r2SCAN-D4,Zn4H32C56N8O21,-0.249912,-933.328,r2SCAN-D4,P1
C56H24N16O17Zn4-1_9-r2SCAN-D4,Zn4H24C56N16O17,-0.0911997,-936.028,r2SCAN-D4,P1
C56H20N12O13Zn4-2_7-r2SCAN-D4,Zn4H20C56N12O13,-0.0729235,-859.299,r2SCAN-D4,P1
C56H20N12O13Zn4-3_12-r2SCAN-D4,Zn4H20C56N12O13,-0.0863312,-860.707,r2SCAN-D4,P1
C56H24N12O21Zn4-3-r2SCAN-D4,Zn4H24C56(N4O7)3,-0.194336,-934.775,r2SCAN-D4,P1
C56H24N12O21Zn4-1_9-r2SCAN-D4,Zn4H24C56(N4O7)3,-0.140725,-928.502,r2SCAN-D4,P1
C54H39N9O16Zn4-0_10-r2SCAN-D4,Zn4H39C54N9O16,-0.234814,-915.946,r2SCAN-D4,P1
C54H18N12O19Zn4-0_15-r2SCAN-D4,Zn4H18C54N12O19,-0.142364,-874.853,r2SCAN-D4,P1
C44H36N16O13Zn4-3_14-r2SCAN-D4,Zn4H36C44N16O13,-0.22549,-848.833,r2SCAN-D4,P1
C44H32N32O13Zn4-2_7-r2SCAN-D4,Zn4H32C44N32O13,-0.070259,-964.725,r2SCAN-D4,P1
C40H36N8O15Zn4-3-r2SCAN-D4,Zn4H36C40N8O15,-0.28563,-751.138,r2SCAN-D4,P1
C40H40N16O25Zn4-3_13-r2SCAN-D4,Zn4H40C40N16O25,-0.405425,-917.642,r2SCAN-D4,P1
C52H28N20O5Zn4-3-r2SCAN-D4,Zn4H28C52(N4O)5,0.220438,-841.842,r2SCAN-D4,P1
C52H28N4O21Zn4-2_5-r2SCAN-D4,Zn4H28C52N4O21,-0.34168,-849.831,r2SCAN-D4,P1
C52H24N16O13Zn4-1_10-r2SCAN-D4,Zn4H24C52N16O13,-0.0950282,-872.364,r2SCAN-D4,P1
C52H24N16O13Zn4-2_3-r2SCAN-D4,Zn4H24C52N16O13,-0.0746127,-870.139,r2SCAN-D4,P1
C52H24N16O13Zn4-0_15-r2SCAN-D4,Zn4H24C52N16O13,-0.0770767,-870.407,r2SCAN-D4,P1
C48H32N8O13Zn4-2_6-r2SCAN-D4,Zn4H32C48N8O13,-0.190346,-796.371,r2SCAN-D4,P1
C48H36N12O13S4Zn4-1-r2SCAN-D4,Zn4H36C48S4N12O13,-0.195127,-882.17,r2SCAN-D4,P1
C48H28N12O17Zn4-2_2-r2SCAN-D4,Zn4H28C48N12O17,-0.158903,-839.765,r2SCAN-D4,P1
C48H28N12O17Zn4-2_16-r2SCAN-D4,Zn4H28C48N12O17,-0.201651,-844.425,r2SCAN-D4,P1
C48H24N8O17S4Zn4-0_16-r2SCAN-D4,Zn4H24C48S4N8O17,-0.199571,-825.491,r2SCAN-D4,P1
C48H24N6O19S6Zn4-2_10-r2SCAN-D4,Zn4H24C48S6N6O19,-0.168907,-832.211,r2SCAN-D4,P1
C48H24N6O13S9Zn4-0_6-r2SCAN-D4,Zn4H24C48S9N6O13,-0.137082,-817.861,r2SCAN-D4,P1
C48H24N24O10Zn4-3_9-r2SCAN-D4,Zn2H12C24N12O5,0.0168899,-875.826,r2SCAN-D4,P1
C48H24N24O10Zn4-1_3-r2SCAN-D4,Zn2H12C24N12O5,0.0327339,-874.083,r2SCAN-D4,P1
C48H24N12O21Zn4-3_9-r2SCAN-D4,Zn4H24C48(N4O7)3,-0.223991,-856.316,r2SCAN-D4,P1
C48H24N12O21Zn4-0_6-r2SCAN-D4,Zn4H24C48(N4O7)3,-0.209964,-854.787,r2SCAN-D4,P1
C48H24N16O9S8Zn4-6-r2SCAN-D4,Zn4H24C48S8N16O9,0.120288,-850.589,r2SCAN-D4,P1
C46H30N8O15Zn4-0_2-r2SCAN-D4,Zn4H30C46N8O15,-0.259948,-787.853,r2SCAN-D4,P1
C60H30N12O13Zn4-1_15-r2SCAN-D4,Zn4H30C60N12O13,-0.0713738,-934.773,r2SCAN-D4,P1
C64H32N8O13Zn4-1-MACE-OMat-D3,C64H32N8O13Zn4-1-MACE-OMat-D3,-0.159074,-846.95,MACE-OMat-D3,P1
C64H24N16O13Zn4-2_13-MACE-OMat-D3,C64H24N16O13Zn4-2_13-MACE-OMat-D3,-0.0748281,-877.563,MACE-OMat-D3,P1
C60H40N4O17Zn4-0_3-MACE-OMat-D3,C60H40N4O17Zn4-0_3-MACE-OMat-D3,-0.219983,-830.785,MACE-OMat-D3,P1
C60H36N4O5Zn4-3_1-MACE-OMat-D3,C60H36N4O5Zn4-3_1-MACE-OMat-D3,0.0523616,-725.227,MACE-OMat-D3,P1
C60H24N12O17Zn4-3_1-MACE-OMat-D3,C60H24N12O17Zn4-3_1-MACE-OMat-D3,-0.131648,-833.547,MACE-OMat-D3,P1
C60H16N16O13Zn4-1_14-MACE-OMat-D3,C60H16N16O13Zn4-1_14-MACE-OMat-D3,-0.0852428,-815.072,MACE-OMat-D3,P1
C56H36N8O13Zn4-3-MACE-OMat-D3,C56H36N8O13Zn4-3-MACE-OMat-D3,-0.179478,-788.119,MACE-OMat-D3,P1
C56H36N12O13Zn4-3_7-MACE-OMat-D3,C56H36N12O13Zn4-3_7-MACE-OMat-D3,-0.151532,-818.833,MACE-OMat-D3,P1
C56H24N8O13S8Zn4-2_8-MACE-OMat-D3,C56H24N8O13S8Zn4-2_8-MACE-OMat-D3,-0.0923118,-771.656,MACE-OMat-D3,P1
C54H42O25Zn4-2_4-MACE-OMat-D3,C54H42O25Zn4-2_4-MACE-OMat-D3,-0.427785,-814.286,MACE-OMat-D3,P1
C54H24N12O19Zn4-0_3-MACE-OMat-D3,C54H24N12O19Zn4-0_3-MACE-OMat-D3,-0.220216,-797.757,MACE-OMat-D3,P1
C54H18N12O19Zn4-0_2-MACE-OMat-D3,C54H18N12O19Zn4-0_2-MACE-OMat-D3,-0.213808,-776.288,MACE-OMat-D3,P1
C52H24N8O17Zn4-1_8-MACE-OMat-D3,C52H24N8O17Zn4-1_8-MACE-OMat-D3,-0.172807,-729.353,MACE-OMat-D3,P1
C48H40N8O13Zn4-0_6-MACE-OMat-D3,C48H40N8O13Zn4-0_6-MACE-OMat-D3,-0.242266,-733.913,MACE-OMat-D3,P1
C48H40N12O17Zn4-2_4-MACE-OMat-D3,C48H40N12O17Zn4-2_4-MACE-OMat-D3,-0.287195,-794.459,MACE-OMat-D3,P1
C48H36N12O13S4Zn4-2_14-MACE-OMat-D3,C48H36N12O13S4Zn4-2_14-MACE-OMat-D3,-0.26728,-774.728,MACE-OMat-D3,P1
C48H30N12O13Zn4-3_4-MACE-OMat-D3,C48H30N12O13Zn4-3_4-MACE-OMat-D3,-0.25046,-734.278,MACE-OMat-D3,P1
C48H30N12O13Zn4-3_7-MACE-OMat-D3,C48H30N12O13Zn4-3_7-MACE-OMat-D3,-0.185518,-727.329,MACE-OMat-D3,P1
C48H28N12O17Zn4-0_10-MACE-OMat-D3,C48H28N12O17Zn4-0_10-MACE-OMat-D3,-0.206505,-743.292,MACE-OMat-D3,P1
C48H27N9O13Zn4-2_13-MACE-OMat-D3,C48H27N9O13Zn4-2_13-MACE-OMat-D3,-0.219051,-694.838,MACE-OMat-D3,P1
C48H24N8O13S8Zn4-2_8-MACE-OMat-D3,C48H24N8O13S8Zn4-2_8-MACE-OMat-D3,-0.16285,-704.767,MACE-OMat-D3,P1
C48H24N8O13S8Zn4-2_1-MACE-OMat-D3,C48H24N8O13S8Zn4-2_1-MACE-OMat-D3,-0.141234,-702.497,MACE-OMat-D3,P1
C48H24N6O13Zn4-2_6-MACE-OMat-D3,C48H24N6O13Zn4-2_6-MACE-OMat-D3,-0.195046,-656.478,MACE-OMat-D3,P1
C48H18N12O19Zn4-2-MACE-OMat-D3,C48H18N12O19Zn4-2-MACE-OMat-D3,-0.24147,-722.631,MACE-OMat-D3,P1
C46H30N8O15Zn4-0_16-MACE-OMat-D3,C46H30N8O15Zn4-0_16-MACE-OMat-D3,-0.272381,-693.662,MACE-OMat-D3,P1
C44H36N16O13Zn4-3_14-MACE-OMat-D3,C44H36N16O13Zn4-3_14-MACE-OMat-D3,-0.292445,-756.587,MACE-OMat-D3,P1
C42H30N6O19Zn4-3_2-MACE-OMat-D3,C42H30N6O19Zn4-3_2-MACE-OMat-D3,-0.297108,-661.939,MACE-OMat-D3,P1
C42H24N6O13S3Zn4-0_1-MACE-OMat-D3,C42H24N6O13S3Zn4-0_1-MACE-OMat-D3,-0.258876,-618.983,MACE-OMat-D3,P1
C40H44N20O13Zn4-3-MACE-OMat-D3,C40H44N20O13Zn4-3-MACE-OMat-D3,-0.289598,-781.132,MACE-OMat-D3,P1
C40H24N8O25Zn4-2_13-MACE-OMat-D3,C40H24N8O25Zn4-2_13-MACE-OMat-D3,-0.508876,-691.854,MACE-OMat-D3,P1
C40H16N24O25Zn4-3_12-MACE-OMat-D3,C40H16N24O25Zn4-3_12-MACE-OMat-D3,-0.205504,-770.421,MACE-OMat-D3,P1
C39H36N12O13Zn4-2-MACE-OMat-D3,C39H36N12O13Zn4-2-MACE-OMat-D3,-0.288078,-674.149,MACE-OMat-D3,P1
C34H22N8O15Zn4-0_9-MACE-OMat-D3,C34H22N8O15Zn4-0_9-MACE-OMat-D3,-0.338559,-557.421,MACE-OMat-D3,P1
C33H30N15O13Zn4-2_15-MACE-OMat-D3,C33H30N15O13Zn4-2_15-MACE-OMat-D3,-0.349157,-627.762,MACE-OMat-D3,P1
C32H24N8O17Zn4-3_11-MACE-OMat-D3,C32H24N8O17Zn4-3_11-MACE-OMat-D3,-0.445425,-565.177,MACE-OMat-D3,P1
C30H18N24O13Zn4-3_1-MACE-OMat-D3,C30H18N24O13Zn4-3_1-MACE-OMat-D3,-0.195565,-620.59,MACE-OMat-D3,P1
C28H20N12O25Zn4-2-MACE-OMat-D3,C28H20N12O25Zn4-2-MACE-OMat-D3,-0.405678,-586.631,MACE-OMat-D3,P1
C28H16N4O9Zn4-1_3-MACE-OMat-D3,C28H16N4O9Zn4-1_3-MACE-OMat-D3,-0.000726395,-391.668,MACE-OMat-D3,P1
C27H15N3O13S6Zn4-1_8-MACE-OMat-D3,C27H15N3O13S6Zn4-1_8-MACE-OMat-D3,-0.337204,-438.335,MACE-OMat-D3,P1
C24H20N8O17Zn4-0_4-MACE-OMat-D3,C24H20N8O17Zn4-0_4-MACE-OMat-D3,-0.543109,-480.43,MACE-OMat-D3,P1
C24H15O13Zn4-1_8-MACE-OMat-D3,C24H15O13Zn4-1_8-MACE-OMat-D3,-0.489523,-365.429,MACE-OMat-D3,P1
C21H18O13Zn4-3_7-MACE-OMat-D3,C21H18O13Zn4-3_7-MACE-OMat-D3,-0.525488,-349.59,MACE-OMat-D3,P1
C18H18N6O13Zn4-0_15-MACE-OMat-D3,C18H18N6O13Zn4-0_15-MACE-OMat-D3,-0.566009,-376.041,MACE-OMat-D3,P1
C18H18N6O13Zn4-0_12-MACE-OMat-D3,C18H18N6O13Zn4-0_12-MACE-OMat-D3,-0.577079,-376.694,MACE-OMat-D3,P1
C18H12O19Zn4-0-MACE-OMat-D3,C18H12O19Zn4-0-MACE-OMat-D3,-0.738418,-341.941,MACE-OMat-D3,P1
C20H12O15Zn4-1_15.0-r2SCAN-D4,C20H12O15Zn4-1_15.0-r2SCAN-D4,-0.574266,-394.489,r2SCAN-D4,P1
C18H14O11S4Zn4-2_13-r2SCAN-D4,C18H14O11S4Zn4-2_13-r2SCAN-D4,-0.360542,-379.709,r2SCAN-D4,P1
C56H24N16O17Zn4-2_2-MACE-OMat-D3,C56H24N16O17Zn4-2_2-MACE-OMat-D3,-0.13157,-830.138,MACE-OMat-D3,P1
C56H24N16O13Zn4-2_14-MACE-OMat-D3,C56H24N16O13Zn4-2_14-MACE-OMat-D3,-0.106555,-806.992,MACE-OMat-D3,P1
C56H24N16O13Zn4-1_7-MACE-OMat-D3,C56H24N16O13Zn4-1_7-MACE-OMat-D3,-0.0402921,-799.505,MACE-OMat-D3,P1
C56H24N16O13S8Zn4-1_9-MACE-OMat-D3,C56H24N16O13S8Zn4-1_9-MACE-OMat-D3,-0.119886,-842.488,MACE-OMat-D3,P1
C56H24N12O21Zn4-1_12-MACE-OMat-D3,C56H24N12O21Zn4-1_12-MACE-OMat-D3,-0.213855,-826.179,MACE-OMat-D3,P1
C56H20N12O13Zn4-2_4-MACE-OMat-D3,C56H20N12O13Zn4-2_4-MACE-OMat-D3,-0.109795,-760.127,MACE-OMat-D3,P1
C56H20N12O13Zn4-2_15-MACE-OMat-D3,C56H20N12O13Zn4-2_15-MACE-OMat-D3,-0.142144,-763.523,MACE-OMat-D3,P1
C51H42N6O19Zn4-3_15-MACE-OMat-D3,C51H42N6O19Zn4-3_15-MACE-OMat-D3,-0.300508,-790.27,MACE-OMat-D3,P1
C48H40N8O17Zn4-3_10-MACE-OMat-D3,C48H40N8O17Zn4-3_10-MACE-OMat-D3,-0.292099,-760.505,MACE-OMat-D3,P1
C48H24N6O13S6Zn4-3_5-MACE-OMat-D3,C48H24N6O13S6Zn4-3_5-MACE-OMat-D3,-0.180944,-680.996,MACE-OMat-D3,P1
C38H28N4O13Zn4-0_4-MACE-OMat-D3,C38H28N4O13Zn4-0_4-MACE-OMat-D3,-0.321772,-570.282,MACE-OMat-D3,P1
C38H28N4O13Zn4-0_15-MACE-OMat-D3,C38H28N4O13Zn4-0_15-MACE-OMat-D3,-0.29814,-568.226,MACE-OMat-D3,P1
C36H28N8O5Zn4-1-MACE-OMat-D3,C36H28N8O5Zn4-1-MACE-OMat-D3,0.0193243,-516.126,MACE-OMat-D3,P1
C36H20N8O21Zn4-1_16-MACE-OMat-D3,C36H20N8O21Zn4-1_16-MACE-OMat-D3,-0.309395,-598.448,MACE-OMat-D3,P1
C36H20N4O13Zn4-7_17-MACE-OMat-D3,C36H20N4O13Zn4-7_17-MACE-OMat-D3,-0.267086,-518.514,MACE-OMat-D3,P1
C36H18N6O13Zn4-3_6-MACE-OMat-D3,C36H18N6O13Zn4-3_6-MACE-OMat-D3,-0.287628,-530.297,MACE-OMat-D3,P1
C36H18N6O13Zn4-0_14-MACE-OMat-D3,C36H18N6O13Zn4-0_14-MACE-OMat-D3,-0.245221,-527.032,MACE-OMat-D3,P1
C36H18N6O13S3Zn4-2_1-MACE-OMat-D3,C36H18N6O13S3Zn4-2_1-MACE-OMat-D3,-0.230897,-539.008,MACE-OMat-D3,P1
C21H18N6O13Zn4-0_12-r2SCAN-D4,C21H18N6O13Zn4-0_12-r2SCAN-D4,-0.472186,-468.501,r2SCAN-D4,P1
C18H18N6O13Zn4-0_12-r2SCAN-D4,C18H18N6O13Zn4-0_12-r2SCAN-D4,-0.558929,-442.151,r2SCAN-D4,P1
C32H16N4O5S8Zn4-0-r2SCAN-D4,C32H16N4O5S8Zn4-0-r2SCAN-D4,0.167274,-531.133,r2SCAN-D4,P1
C44H24O13Zn4-2_5-r2SCAN-D4,C44H24O13Zn4-2_5-r2SCAN-D4,-0.311494,-661.929,r2SCAN-D4,P1
C48H24N12O19Zn4-2_2-MACE-OMat-D3,C48H24N12O19Zn4-2_2-MACE-OMat-D3,-0.233679,-742.708,MACE-OMat-D3,P1
C44H24N8O17Zn4-2_13-MACE-OMat-D3,C44H24N8O17Zn4-2_13-MACE-OMat-D3,-0.228374,-659.804,MACE-OMat-D3,P1
C18H12O19Zn4-0_26-r2SCAN-D4,C18H12O19Zn4-0_26-r2SCAN-D4,-0.762393,-408.858,r2SCAN-D4,P1
C33H18O13Zn4-2_18-r2SCAN-D4,C33H18O13Zn4-2_18-r2SCAN-D4,-0.357343,-528.822,r2SCAN-D4,P1
C32H24N8O17Zn4-3_11-r2SCAN-D4,C32H24N8O17Zn4-3_11-r2SCAN-D4,-0.388167,-644.734,r2SCAN-D4,P1
Al1C6H4N3O2-2-r2SCAN-D4,Al1C6H4N3O2-2-r2SCAN-D4,0.00484382,-119.774,r2SCAN-D4,P1
C44H24N8O17Zn4-3-r2SCAN-D4,Zn4H24C44N8O17,-0.235051,-754.745,r2SCAN-D4,P1
C44H24N8O13S4Zn4-3_10-r2SCAN-D4,Zn4H24C44S4N8O13,-0.164544,-757.145,r2SCAN-D4,P1
C44H20N8O13S4Zn4-2_4-r2SCAN-D4,Zn4H20C44S4N8O13,-0.147418,-741.066,r2SCAN-D4,P1
C42H30N6O13S6Zn4-3_8-r2SCAN-D4,Zn4H30C42S6N6O13,-0.14912,-754.912,r2SCAN-D4,P1
C40H36N8O13Zn4-5_10-r2SCAN-D4,Zn4H36C40N8O13,-0.272135,-737.561,r2SCAN-D4,P1
C40H36N8O13Zn4-5_1-r2SCAN-D4,Zn4H36C40N8O13,-0.283912,-738.751,r2SCAN-D4,P1
C40H36N8O13Zn4-2_3-r2SCAN-D4,Zn4H36C40N8O13,-0.250124,-735.338,r2SCAN-D4,P1
C40H24N8O13Zn4-0_14-r2SCAN-D4,Zn4H24C40N8O13,-0.215094,-687.736,r2SCAN-D4,P1
C36H32N12O17Zn4-1_4-r2SCAN-D4,Zn4H32C36N12O17,-0.336732,-750.078,r2SCAN-D4,P1
C36H32N12O17Zn4-2_14-r2SCAN-D4,Zn4H32C36N12O17,-0.351049,-751.524,r2SCAN-D4,P1
C48H24N12O13Zn4-3_13-r2SCAN-D4,Zn4H24C48N12O13,-0.161589,-801.654,r2SCAN-D4,P1
C36H28O13Zn4-0_5-r2SCAN-D4,Zn4H28C36O13,-0.337216,-596.458,r2SCAN-D4,P1
C36H18N6O13S6Zn4-3_11-r2SCAN-D4,Zn4H18C36S6N6O13,-0.230033,-657.358,r2SCAN-D4,P1
C45H24N6O13Zn4-3-r2SCAN-D4,Zn4H24C45N6O13,-0.17263,-716.257,r2SCAN-D4,P1
C32H24N16O13Zn4-2_3-r2SCAN-D4,Zn4H24C32N16O13,-0.265803,-685.322,r2SCAN-D4,P1
C68H28N4O17Zn4-2_15-r2SCAN-D4,Zn4H28C68N4O17,-0.0982163,-961.461,r2SCAN-D4,P1
C66H36N6O13Zn4-1_17-r2SCAN-D4,Zn4H36C66N6O13,-0.055058,-959.099,r2SCAN-D4,P1
C60H30N6O13Zn4-3_6-r2SCAN-D4,Zn4H30C60N6O13,-0.0695661,-879.234,r2SCAN-D4,P1
C60H24N12O13S6Zn4-0_3-r2SCAN-D4,Zn4H24C60S6N12O13,0.00965676,-953.174,r2SCAN-D4,P1
C60H24N12O13S6Zn4-0_7-r2SCAN-D4,Zn4H24C60S6N12O13,-0.00385396,-954.781,r2SCAN-D4,P1
C56H40N8O17Zn4-3_14-r2SCAN-D4,Zn4H40C56N8O17,-0.196839,-932.065,r2SCAN-D4,P1
C56H40O25Zn4-2_1-r2SCAN-D4,Zn4H40C56O25,-0.372427,-927.372,r2SCAN-D4,P1
C56H36N8O13Zn4-0_9-r2SCAN-D4,Zn4H36C56N8O13,-0.12815,-885.342,r2SCAN-D4,P1
C56H8N40O13Zn4-2_6-r2SCAN-D4,Zn4H8C56N40O13,0.231254,-1038.41,r2SCAN-D4,P1
C56H32N8O21Zn4-3_2-r2SCAN-D4,Zn4H32C56N8O21,-0.23957,-932.076,r2SCAN-D4,P1
C56H32N8O13S8Zn4-5_13-r2SCAN-D4,Zn4H32C56S8N8O13,-0.0705901,-930.109,r2SCAN-D4,P1
C56H32N8O13S8Zn4-2-r2SCAN-D4,Zn4H32C56S8N8O13,-0.121627,-936.284,r2SCAN-D4,P1
C56H24N4O21Zn4-2_15-r2SCAN-D4,Zn4H24C56N4O21,-0.242011,-865.208,r2SCAN-D4,P1
C54H39N9O16Zn4-1_11-r2SCAN-D4,Zn4H39C54N9O16,-0.21163,-913.118,r2SCAN-D4,P1
C52H32N12O17Zn4-0-r2SCAN-D4,Zn4H32C52N12O17,-0.237307,-904.106,r2SCAN-D4,P1
C44H32N8O17Zn4-2_2-r2SCAN-D4,Zn4H32C44N8O17,-0.311918,-792.351,r2SCAN-D4,P1
C44H40N20O17Zn4-0_1-r2SCAN-D4,Zn4H40C44N20O17,-0.264107,-930.082,r2SCAN-D4,P1
C42H33N9O19Zn4-3_12-r2SCAN-D4,Zn4H33C42N9O19,-0.248772,-790.435,r2SCAN-D4,P1
C40H36N8O15Zn4-0_11-r2SCAN-D4,Zn4H36C40N8O15,-0.282046,-750.768,r2SCAN-D4,P1
C48H42N12O13Zn4-2_14-r2SCAN-D4,Zn4H42C48N12O13,-0.214,-873.024,r2SCAN-D4,P1
C48H40N8O17Zn4-3_10-r2SCAN-D4,Zn4H40C48N8O17,-0.255504,-857.218,r2SCAN-D4,P1
C48H36N6O13Zn4-3_6-r2SCAN-D4,Zn4H36C48N6O13,-0.241169,-797.715,r2SCAN-D4,P1
C48H32N8O17S4Zn4-2_4-r2SCAN-D4,Zn4H32C48S4N8O17,-0.224973,-857.614,r2SCAN-D4,P1
C56H24N16O13S8Zn4-3_2-r2SCAN-D4,Zn4H24C56S8N16O13,-0.0136326,-968.77,r2SCAN-D4,P1
C48H36N12O13S4Zn4-1_11-r2SCAN-D4,Zn4H36C48S4N12O13,-0.143,-876.071,r2SCAN-D4,P1
C48H28N12O21Zn4-1_16-r2SCAN-D4,Zn4H28C48(N4O7)3,-0.188845,-867.068,r2SCAN-D4,P1
C54H24N12O19Zn4-1-r2SCAN-D4,Zn4H24C54N12O19,-0.136793,-895.819,r2SCAN-D4,P1
C48H28N12O21Zn4-2_11-r2SCAN-D4,Zn4H28C48(N4O7)3,-0.246909,-873.63,r2SCAN-D4,P1
C48H24N20O13Zn4-3_10-r2SCAN-D4,Zn4H24C48N20O13,-0.124686,-872.133,r2SCAN-D4,P1
C48H24N20O13Zn4-3_11-r2SCAN-D4,Zn4H24C48N20O13,-0.12515,-872.183,r2SCAN-D4,P1
C48H24N28O17Zn4-2-r2SCAN-D4,Zn4H24C48N28O17,-0.0810647,-964.844,r2SCAN-D4,P1
C48H24N20O13Zn4-1_13-r2SCAN-D4,Zn4H24C48N20O13,-0.129703,-872.68,r2SCAN-D4,P1
C48H24N8O13S8Zn4-3_2-r2SCAN-D4,Zn4H24C48S8N8O13,0.0660881,-806.836,r2SCAN-D4,P1
C46H30N8O15Zn4-1-r2SCAN-D4,Zn4H30C46N8O15,-0.253881,-787.228,r2SCAN-D4,P1
C45H27N9O19Zn4-3_7-r2SCAN-D4,Zn4H27C45N9O19,-0.274733,-801.698,r2SCAN-D4,P1
C42H24N6O13Zn4-0_13-r2SCAN-D4,Zn4H24C42N6O13,-0.261618,-693.608,r2SCAN-D4,P1
C44H32N8O13Zn4-2_4-r2SCAN-D4,Zn4H32C44N8O13,-0.221831,-758.721,r2SCAN-D4,P1
C60H44N4O13Zn4-2_17-r2SCAN-D4,Zn4H44C60N4O13,-0.129033,-917.597,r2SCAN-D4,P1
C68H28N4O17Zn4-2_15-MACE-OMat-D3,C68H28N4O17Zn4-2_15-MACE-OMat-D3,-0.154472,-856.611,MACE-OMat-D3,P1
C60H18N12O13S6Zn4-1_15-MACE-OMat-D3,C60H18N12O13S6Zn4-1_15-MACE-OMat-D3,-0.104753,-815.499,MACE-OMat-D3,P1
C60H18N12O13S6Zn4-0_16-MACE-OMat-D3,C60H18N12O13S6Zn4-0_16-MACE-OMat-D3,-0.0486248,-809.156,MACE-OMat-D3,P1
C56H32N8O13S8Zn4-3_17-MACE-OMat-D3,C56H32N8O13S8Zn4-3_17-MACE-OMat-D3,-0.183052,-809.324,MACE-OMat-D3,P1
C54H39N9O16Zn4-0_10-MACE-OMat-D3,C54H39N9O16Zn4-0_10-MACE-OMat-D3,-0.286883,-816.65,MACE-OMat-D3,P1
C54H30N6O13Zn4-2_10-MACE-OMat-D3,C54H30N6O13Zn4-2_10-MACE-OMat-D3,-0.208197,-734.856,MACE-OMat-D3,P1
C54H24N12O13S3Zn4-3_16-MACE-OMat-D3,C54H24N12O13S3Zn4-3_16-MACE-OMat-D3,-0.123065,-769.107,MACE-OMat-D3,P1
C54H18N12O19Zn4-3_7-MACE-OMat-D3,C54H18N12O19Zn4-3_7-MACE-OMat-D3,-0.196175,-774.401,MACE-OMat-D3,P1
C54H18N12O19Zn4-0_1-MACE-OMat-D3,C54H18N12O19Zn4-0_1-MACE-OMat-D3,-0.216363,-776.561,MACE-OMat-D3,P1
C52H32N12O17Zn4-2_8-MACE-OMat-D3,C52H32N12O17Zn4-2_8-MACE-OMat-D3,-0.293588,-804.887,MACE-OMat-D3,P1
C52H28N8O13Zn4-1_9-MACE-OMat-D3,C52H28N8O13Zn4-1_9-MACE-OMat-D3,-0.183503,-723.659,MACE-OMat-D3,P1
C48H36N4O21Zn4-2_4-MACE-OMat-D3,C48H36N4O21Zn4-2_4-MACE-OMat-D3,-0.362941,-740.781,MACE-OMat-D3,P1
C48H32N8O13Zn4-3_1-MACE-OMat-D3,C48H32N8O13Zn4-3_1-MACE-OMat-D3,-0.297031,-711.776,MACE-OMat-D3,P1
C48H32N8O13Zn4-3-MACE-OMat-D3,C48H32N8O13Zn4-3-MACE-OMat-D3,-0.228403,-704.57,MACE-OMat-D3,P1
C48H32N20O17Zn4-3_5-MACE-OMat-D3,C48H32N20O17Zn4-3_5-MACE-OMat-D3,-0.279273,-834.307,MACE-OMat-D3,P1
C48H28N20O5Zn4-3_2-MACE-OMat-D3,C48H28N20O5Zn4-3_2-MACE-OMat-D3,0.0483507,-723.086,MACE-OMat-D3,P1
C48H24N8O13S8Zn4-3_12-MACE-OMat-D3,C48H24N8O13S8Zn4-3_12-MACE-OMat-D3,-0.166931,-705.195,MACE-OMat-D3,P1
C48H24N12O13Zn4-0_8-MACE-OMat-D3,C48H24N12O13Zn4-0_8-MACE-OMat-D3,-0.175386,-705.73,MACE-OMat-D3,P1
C48H16N16O17Zn4-2_13-MACE-OMat-D3,C48H16N16O17Zn4-2_13-MACE-OMat-D3,-0.153022,-730.692,MACE-OMat-D3,P1
C48H16N16O17Zn4-0_14-MACE-OMat-D3,C48H16N16O17Zn4-0_14-MACE-OMat-D3,-0.182118,-733.631,MACE-OMat-D3,P1
C44H40N24O13Zn4-2_11-MACE-OMat-D3,C44H40N24O13Zn4-2_11-MACE-OMat-D3,-0.268524,-836.838,MACE-OMat-D3,P1
C44H40N24O13Zn4-1_17-MACE-OMat-D3,C44H40N24O13Zn4-1_17-MACE-OMat-D3,-0.256465,-835.331,MACE-OMat-D3,P1
C44H40N24O13Zn4-0_15-MACE-OMat-D3,C44H40N24O13Zn4-0_15-MACE-OMat-D3,-0.283584,-838.721,MACE-OMat-D3,P1
C44H36N16O13Zn4-1_3-MACE-OMat-D3,C44H36N16O13Zn4-1_3-MACE-OMat-D3,-0.275178,-754.636,MACE-OMat-D3,P1
C44H32N32O13Zn4-1_3-MACE-OMat-D3,C44H32N32O13Zn4-1_3-MACE-OMat-D3,-0.170668,-865.413,MACE-OMat-D3,P1
C42H24N6O13Zn4-3_9-MACE-OMat-D3,C42H24N6O13Zn4-3_9-MACE-OMat-D3,-0.258428,-605.78,MACE-OMat-D3,P1
C42H24N6O13Zn4-2_16-MACE-OMat-D3,C42H24N6O13Zn4-2_16-MACE-OMat-D3,-0.257778,-605.723,MACE-OMat-D3,P1
C40H32N8O21Zn4-7_6-MACE-OMat-D3,C40H32N8O21Zn4-7_6-MACE-OMat-D3,-0.427135,-691.464,MACE-OMat-D3,P1
C40H32N8O13Zn4-1_9-MACE-OMat-D3,C40H32N8O13Zn4-1_9-MACE-OMat-D3,-0.366264,-642.558,MACE-OMat-D3,P1
C40H24N8O17Zn4-3_9-MACE-OMat-D3,C40H24N8O17Zn4-3_9-MACE-OMat-D3,-0.287681,-627.627,MACE-OMat-D3,P1
C40H24N16O21Zn4-0_18-MACE-OMat-D3,C40H24N16O21Zn4-0_18-MACE-OMat-D3,-0.263562,-715.096,MACE-OMat-D3,P1
C40H20N8O17Zn4-1_8-MACE-OMat-D3,C40H20N8O17Zn4-1_8-MACE-OMat-D3,-0.243009,-609.526,MACE-OMat-D3,P1
C40H20N8O13Zn4-3_4-MACE-OMat-D3,C40H20N8O13Zn4-3_4-MACE-OMat-D3,-0.244993,-588.93,MACE-OMat-D3,P1
C40H20N8O13Zn4-2-MACE-OMat-D3,C40H20N8O13Zn4-2-MACE-OMat-D3,-0.222339,-587.004,MACE-OMat-D3,P1
C40H20N12O13Zn4-1_17-MACE-OMat-D3,C40H20N12O13Zn4-1_17-MACE-OMat-D3,-0.2044,-619.675,MACE-OMat-D3,P1
C39H33N6O13Zn4-2_15-MACE-OMat-D3,C39H33N6O13Zn4-2_15-MACE-OMat-D3,-0.313574,-614.18,MACE-OMat-D3,P1
C38H28N4O13Zn4-1_9-MACE-OMat-D3,C38H28N4O13Zn4-1_9-MACE-OMat-D3,-0.314453,-569.645,MACE-OMat-D3,P1
C32H20O17Zn4-3_10-MACE-OMat-D3,C32H20O17Zn4-3_10-MACE-OMat-D3,-0.480918,-482.691,MACE-OMat-D3,P1
C30H24N18O13Zn4-0_16-MACE-OMat-D3,C30H24N18O13Zn4-0_16-MACE-OMat-D3,-0.378152,-606.235,MACE-OMat-D3,P1
C24H20N4O17Zn4-0_2-MACE-OMat-D3,C24H20N4O17Zn4-0_2-MACE-OMat-D3,-0.547076,-445.153,MACE-OMat-D3,P1
C24H16N8O21Zn4-3_4-MACE-OMat-D3,C24H16N8O21Zn4-3_4-MACE-OMat-D3,-0.497242,-483.899,MACE-OMat-D3,P1
C24H16O25Zn4-2_8-MACE-OMat-D3,C24H16O25Zn4-2_8-MACE-OMat-D3,-0.688953,-448.174,MACE-OMat-D3,P1
C18H12O19Zn4-3_7-MACE-OMat-D3,C18H12O19Zn4-3_7-MACE-OMat-D3,-0.735988,-341.812,MACE-OMat-D3,P1
C20H16O11Zn4-0_3.0-r2SCAN-D4,C20H16O11Zn4-0_3.0-r2SCAN-D4,-0.410393,-376.675,r2SCAN-D4,P1
C56H24N8O13S8Zn4-1_11-MACE-OMat-D3,C56H24N8O13S8Zn4-1_11-MACE-OMat-D3,-0.0505209,-766.934,MACE-OMat-D3,P1
C56H24N16O13Zn4-2-MACE-OMat-D3,C56H24N16O13Zn4-2-MACE-OMat-D3,-0.0980024,-806.026,MACE-OMat-D3,P1
C52H20N12O13Zn4-1_10-MACE-OMat-D3,C52H20N12O13Zn4-1_10-MACE-OMat-D3,-0.127204,-724.667,MACE-OMat-D3,P1
C48H24N16O13S8Zn4-2-MACE-OMat-D3,C48H24N16O13S8Zn4-2-MACE-OMat-D3,-0.125781,-768.638,MACE-OMat-D3,P1
C36H30N9O13Zn4-3_11-MACE-OMat-D3,C36H30N9O13Zn4-3_11-MACE-OMat-D3,-0.348994,-604.216,MACE-OMat-D3,P1
C36H30N6O19Zn4-3-MACE-OMat-D3,C36H30N6O19Zn4-3-MACE-OMat-D3,-0.468613,-621.282,MACE-OMat-D3,P1
C36H24N6O13S3Zn4-2_14-MACE-OMat-D3,C36H24N6O13S3Zn4-2_14-MACE-OMat-D3,-0.24911,-561.422,MACE-OMat-D3,P1
C36H18N6O13Zn4-1_3-MACE-OMat-D3,C36H18N6O13Zn4-1_3-MACE-OMat-D3,-0.284227,-530.035,MACE-OMat-D3,P1
C36H16N8O9S2Zn4-1_3-MACE-OMat-D3,C36H16N8O9S2Zn4-1_3-MACE-OMat-D3,-0.016164,-508.029,MACE-OMat-D3,P1
C24H24O17Zn4-0_9-r2SCAN-D4,C24H24O17Zn4-0_9-r2SCAN-D4,-0.539606,-495.628,r2SCAN-D4,P1
C24H24O13Zn4-0_10-r2SCAN-D4,C24H24O13Zn4-0_10-r2SCAN-D4,-0.488166,-466.842,r2SCAN-D4,P1
C48H24N12O21Zn4-3_11-MACE-OMat-D3,C48H24N12O21Zn4-3_11-MACE-OMat-D3,-0.205477,-749.998,MACE-OMat-D3,P1
C48H24N12O19Zn4-3_9-MACE-OMat-D3,C48H24N12O19Zn4-3_9-MACE-OMat-D3,-0.264946,-746.054,MACE-OMat-D3,P1
C44H24N8O17Zn4-2_10-MACE-OMat-D3,C44H24N8O17Zn4-2_10-MACE-OMat-D3,-0.256338,-662.516,MACE-OMat-D3,P1
C44H24N8O13S4Zn4-3_18-MACE-OMat-D3,C44H24N8O13S4Zn4-3_18-MACE-OMat-D3,-0.224081,-656.11,MACE-OMat-D3,P1
C44H24N16O13Zn4-0_2-MACE-OMat-D3,C44H24N16O13Zn4-0_2-MACE-OMat-D3,-0.203375,-705.157,MACE-OMat-D3,P1
C24H24O17Zn4-2_12-r2SCAN-D4,C24H24O17Zn4-2_12-r2SCAN-D4,-0.519192,-494.219,r2SCAN-D4,P1
C24H28N4O13Zn4-3_11-r2SCAN-D4,C24H28N4O13Zn4-3_11-r2SCAN-D4,-0.459044,-519.053,r2SCAN-D4,P1
C44H24O13Zn4-3_3-r2SCAN-D4,C44H24O13Zn4-3_3-r2SCAN-D4,-0.308373,-661.663,r2SCAN-D4,P1
C48H28N4O13Zn4-3_12-r2SCAN-D4,C48H28N4O13Zn4-3_12-r2SCAN-D4,-0.230956,-748.355,r2SCAN-D4,P1
C8H3Mg2N1O4-3-r2SCAN-D4,C8H3Mg2N1O4-3-r2SCAN-D4,-0.242961,-135.71,r2SCAN-D4,P1
C44H24N8O17Zn4-0_18-r2SCAN-D4,Zn4H24C44N8O17,-0.235074,-754.747,r2SCAN-D4,P1
C42H24N6O25Zn4-3_14-r2SCAN-D4,Zn4H24C42N6O25,-0.459637,-786.6,r2SCAN-D4,P1
C42H24N6O13Zn4-3_11-r2SCAN-D4,Zn4H24C42N6O13,-0.26134,-693.584,r2SCAN-D4,P1
C40H36N8O13Zn4-7-r2SCAN-D4,Zn4H36C40N8O13,-0.260848,-736.421,r2SCAN-D4,P1
C40H24N8O13Zn4-2_9-r2SCAN-D4,Zn4H24C40N8O13,-0.215222,-687.747,r2SCAN-D4,P1
C40H24N8O17Zn4-1_8-r2SCAN-D4,Zn4H24C40N8O17,-0.205182,-710.958,r2SCAN-D4,P1
C40H20N12O13Zn4-1_3-r2SCAN-D4,Zn4H20C40N12O13,-0.185095,-707.843,r2SCAN-D4,P1
C38H28N4O13Zn4-1-r2SCAN-D4,Zn4H28C38N4O13,-0.309112,-652.674,r2SCAN-D4,P1
C24H20N4O13Zn4-1_4-r2SCAN-D4,Zn4H20C24N4O13,-0.468871,-488.364,r2SCAN-D4,P1
C40H24N8O9Zn4-0_4-r2SCAN-D4,Zn4H24C40N8O9,0.00472313,-644.907,r2SCAN-D4,P1
C48H24N8O17Zn4-3_14-r2SCAN-D4,Zn4H24C48N8O17,-0.205323,-792.75,r2SCAN-D4,P1
C36H18N6O13S3Zn4-1_1-r2SCAN-D4,Zn4H18C36S3N6O13,-0.25957,-634.639,r2SCAN-D4,P1
C36H18N6O13S3Zn4-0_4-r2SCAN-D4,Zn4H18C36S3N6O13,-0.259786,-634.656,r2SCAN-D4,P1
C52H20N12O13Zn4-0_5-r2SCAN-D4,Zn4H20C52N12O13,-0.075524,-819.202,r2SCAN-D4,P1
C48H16N16O17Zn4-2_3-r2SCAN-D4,Zn4H16C48N16O17,-0.112834,-828.962,r2SCAN-D4,P1
C36H20N8O21Zn4-2-r2SCAN-D4,Zn4H20C36N8O21,-0.299687,-687.937,r2SCAN-D4,P1
C32H24N16O13Zn4-2_9-r2SCAN-D4,Zn4H24C32N16O13,-0.228118,-681.968,r2SCAN-D4,P1
C33H30N15O13Zn4-3_15-r2SCAN-D4,Zn4H30C33N15O13,-0.282599,-710.12,r2SCAN-D4,P1
C64H32N8O13Zn4-1-r2SCAN-D4,Zn4H32C64N8O13,-0.118908,-951.045,r2SCAN-D4,P1
C64H20N16O13Zn4-1_4-r2SCAN-D4,Zn4H20C64N16O13,-0.00345716,-968.787,r2SCAN-D4,P1
C64H24N16O13Zn4-0_11-r2SCAN-D4,Zn4H24C64N16O13,-0.0350098,-986.446,r2SCAN-D4,P1
C60H18N12O13S6Zn4-3-r2SCAN-D4,Zn4H18C60S6N12O13,0.0164917,-931.717,r2SCAN-D4,P1
C60H18N12O13S6Zn4-1_5-r2SCAN-D4,Zn4H18C60S6N12O13,0.0494291,-927.996,r2SCAN-D4,P1
C60H16N16O13Zn4-3_17-r2SCAN-D4,Zn4H16C60N16O13,-0.00441534,-914.968,r2SCAN-D4,P1
C56H8N40O13Zn4-3_5-r2SCAN-D4,Zn4H8C56N40O13,0.229227,-1038.65,r2SCAN-D4,P1
C56H24N8O13S8Zn4-0_13-r2SCAN-D4,Zn4H24C56S8N8O13,-0.046188,-899.131,r2SCAN-D4,P1
C56H24N8O13S8Zn4-0_3-r2SCAN-D4,Zn4H24C56S8N8O13,0.0339324,-890.077,r2SCAN-D4,P1
C56H24N16O13Zn4-0-r2SCAN-D4,Zn4H24C56N16O13,-0.0567109,-908.482,r2SCAN-D4,P1
C54H36N6O13Zn4-1_9-r2SCAN-D4,Zn4H36C54N6O13,-0.163165,-850.45,r2SCAN-D4,P1
C54H30N6O19Zn4-0_17-r2SCAN-D4,Zn4H30C54N6O19,-0.262085,-875.812,r2SCAN-D4,P1
C54H18N12O19Zn4-3_2-r2SCAN-D4,Zn4H18C54N12O19,-0.168009,-877.597,r2SCAN-D4,P1
C54H18N12O13S6Zn4-2_5-r2SCAN-D4,Zn4H18C54S6N12O13,-0.044173,-878.205,r2SCAN-D4,P1
C52H44N8O17Zn4-0_8-r2SCAN-D4,Zn4H44C52N8O17,-0.217828,-908.448,r2SCAN-D4,P1
C52H36N4O17Zn4-1_7-r2SCAN-D4,Zn4H36C52N4O17,-0.250498,-845.266,r2SCAN-D4,P1
C52H36N12O9S2Zn4-1_5-r2SCAN-D4,Zn4H36C52S2(N4O3)3,-0.0315005,-863.485,r2SCAN-D4,P1
C52H32N12O17Zn4-3_3-r2SCAN-D4,Zn4H32C52N12O17,-0.212959,-901.257,r2SCAN-D4,P1
C66H24N6O13S6Zn4-0-r2SCAN-D4,Zn4H24C66S6N6O13,-0.0697552,-967.819,r2SCAN-D4,P1
C44H36N16O5Zn4-0-r2SCAN-D4,Zn4H36C44N16O5,0.089991,-767.336,r2SCAN-D4,P1
C44H36N16O5Zn4-3_1-r2SCAN-D4,Zn4H36C44N16O5,0.0998499,-766.301,r2SCAN-D4,P1
C44H40N20O17Zn4-1_2-r2SCAN-D4,Zn4H40C44N20O17,-0.26914,-930.711,r2SCAN-D4,P1
C44H28N16O21Zn4-1_1-r2SCAN-D4,Zn4H28C44N16O21,-0.277164,-873.585,r2SCAN-D4,P1
C44H28N16O21Zn4-1_9-r2SCAN-D4,Zn4H28C44N16O21,-0.209106,-865.894,r2SCAN-D4,P1
C40H32N8O21Zn4-7_6-r2SCAN-D4,Zn4H32C40N8O21,-0.385549,-783.299,r2SCAN-D4,P1
C40H24N16O21Zn4-2_4-r2SCAN-D4,Zn4H24C40N16O21,-0.226123,-812.112,r2SCAN-D4,P1
C52H28N12O17Zn4-3_10-r2SCAN-D4,Zn4H28C52N12O17,-0.162921,-880.923,r2SCAN-D4,P1
C51H42N6O19Zn4-1_5-r2SCAN-D4,Zn4H42C51N6O19,-0.323092,-897.046,r2SCAN-D4,P1
C51H42N6O19Zn4-0_1-r2SCAN-D4,Zn4H42C51N6O19,-0.292419,-893.304,r2SCAN-D4,P1
C51H33N9O13Zn4-0-r2SCAN-D4,Zn4H33C51N9O13,-0.171372,-837.894,r2SCAN-D4,P1
C51H33N12O22Zn4-2_7-r2SCAN-D4,Zn4H33C51(N6O11)2,-0.23727,-927.833,r2SCAN-D4,P1
C51H24N21O10Zn4-1_4-r2SCAN-D4,Zn4H24C51N21O10,-0.00550651,-880.887,r2SCAN-D4,P1
C51H18N27O10Zn4-0_4-r2SCAN-D4,Zn4H18C51N27O10,0.0880795,-904.758,r2SCAN-D4,P1
C48H42N12O13Zn4-0_7-r2SCAN-D4,Zn4H42C48N12O13,-0.199565,-871.306,r2SCAN-D4,P1
C48H40N8O17Zn4-0_12-r2SCAN-D4,Zn4H40C48N8O17,-0.237537,-855.116,r2SCAN-D4,P1
C48H40N24O9Zn4-3_2-r2SCAN-D4,Zn4H40C48(N8O3)3,-0.0430766,-932.558,r2SCAN-D4,P1
C48H32N8O17Zn4-3_9-r2SCAN-D4,Zn4H32C48N8O17,-0.259608,-827.966,r2SCAN-D4,P1
C48H36N12O13S4Zn4-0_3-r2SCAN-D4,Zn4H36C48S4N12O13,-0.203058,-883.098,r2SCAN-D4,P1
C48H28N20O5Zn4-2-r2SCAN-D4,Zn4H28C48(N4O)5,0.144012,-810.681,r2SCAN-D4,P1
C48H28N12O21Zn4-1_6-r2SCAN-D4,Zn4H28C48(N4O7)3,-0.26202,-875.337,r2SCAN-D4,P1
C48H24N8O33Zn4-2_1-r2SCAN-D4,Zn4H24C48N8O33,-0.273241,-897.118,r2SCAN-D4,P1
C48H24N8O13S8Zn4-3_9-r2SCAN-D4,Zn4H24C48S8N8O13,-0.0568028,-819.74,r2SCAN-D4,P1
C48H24N16O13S8Zn4-3-r2SCAN-D4,Zn4H24C48S8N16O13,-0.0892695,-897.072,r2SCAN-D4,P1
C44H32N8O13Zn4-2_8-r2SCAN-D4,Zn4H32C44N8O13,-0.239312,-760.487,r2SCAN-D4,P1
C30H18N24O13Zn4-0_10-r2SCAN-D4,Zn4H18C30N24O13,-0.064299,-699.821,r2SCAN-D4,P1
C64H24N16O13Zn4-0_8-MACE-OMat-D3,C64H24N16O13Zn4-0_8-MACE-OMat-D3,-0.100195,-880.632,MACE-OMat-D3,P1
C64H20N16O13Zn4-1_16-MACE-OMat-D3,C64H20N16O13Zn4-1_16-MACE-OMat-D3,-0.0457918,-860.891,MACE-OMat-D3,P1
C60H28N8O17Zn4-1_2-MACE-OMat-D3,C60H28N8O17Zn4-1_2-MACE-OMat-D3,-0.151732,-815.493,MACE-OMat-D3,P1
C60H24N12O13S6Zn4-0_3-MACE-OMat-D3,C60H24N12O13S6Zn4-0_3-MACE-OMat-D3,-0.070124,-831.469,MACE-OMat-D3,P1
C60H24N12O13S6Zn4-0_18-MACE-OMat-D3,C60H24N12O13S6Zn4-0_18-MACE-OMat-D3,-0.0979257,-834.777,MACE-OMat-D3,P1
C60H18N12O13S6Zn4-1-MACE-OMat-D3,C60H18N12O13S6Zn4-1-MACE-OMat-D3,-0.11181,-816.296,MACE-OMat-D3,P1
C56H40N8O13Zn4-0_6-MACE-OMat-D3,C56H40N8O13Zn4-0_6-MACE-OMat-D3,-0.287478,-814.879,MACE-OMat-D3,P1
C56H36N12O13Zn4-0_16-MACE-OMat-D3,C56H36N12O13Zn4-0_16-MACE-OMat-D3,-0.201338,-824.86,MACE-OMat-D3,P1
C54H39N9O16Zn4-3_7-MACE-OMat-D3,C54H39N9O16Zn4-3_7-MACE-OMat-D3,-0.263422,-813.788,MACE-OMat-D3,P1
C54H36N18O13Zn4-2_5-MACE-OMat-D3,C54H36N18O13Zn4-2_5-MACE-OMat-D3,-0.16514,-852.819,MACE-OMat-D3,P1
C54H18N12O13S6Zn4-0_18-MACE-OMat-D3,C54H18N12O13S6Zn4-0_18-MACE-OMat-D3,-0.112035,-760.482,MACE-OMat-D3,P1
C52H32N12O17Zn4-3_10-MACE-OMat-D3,C52H32N12O17Zn4-3_10-MACE-OMat-D3,-0.195242,-793.38,MACE-OMat-D3,P1
C52H28N4O21Zn4-3_15-MACE-OMat-D3,C52H28N4O21Zn4-3_15-MACE-OMat-D3,-0.354154,-749.2,MACE-OMat-D3,P1
C52H28N4O21Zn4-3_4-MACE-OMat-D3,C52H28N4O21Zn4-3_4-MACE-OMat-D3,-0.347481,-748.473,MACE-OMat-D3,P1
C52H24N8O17Zn4-2-MACE-OMat-D3,C52H24N8O17Zn4-2-MACE-OMat-D3,-0.241001,-736.514,MACE-OMat-D3,P1
C48H32N20O17Zn4-2-MACE-OMat-D3,C48H32N20O17Zn4-2-MACE-OMat-D3,-0.282534,-834.702,MACE-OMat-D3,P1
C48H30N6O13Zn4-0_17-MACE-OMat-D3,C48H30N6O13Zn4-0_17-MACE-OMat-D3,-0.261697,-683.842,MACE-OMat-D3,P1
C48H28N12O17Zn4-0_7-MACE-OMat-D3,C48H28N12O17Zn4-0_7-MACE-OMat-D3,-0.244601,-747.445,MACE-OMat-D3,P1
C48H27N9O13Zn4-3_13-MACE-OMat-D3,C48H27N9O13Zn4-3_13-MACE-OMat-D3,-0.222807,-695.217,MACE-OMat-D3,P1
C48H27N9O13Zn4-0_10-MACE-OMat-D3,C48H27N9O13Zn4-0_10-MACE-OMat-D3,-0.203165,-693.233,MACE-OMat-D3,P1
C48H24O21Zn4-2_11-MACE-OMat-D3,C48H24O21Zn4-2_11-MACE-OMat-D3,-0.395629,-665.842,MACE-OMat-D3,P1
C48H24N8O17S8Zn4-2_11-MACE-OMat-D3,C48H24N8O17S8Zn4-2_11-MACE-OMat-D3,-0.14132,-722.864,MACE-OMat-D3,P1
C48H18N6O13S6Zn4-0_14-MACE-OMat-D3,C48H18N6O13S6Zn4-0_14-MACE-OMat-D3,-0.228804,-664.995,MACE-OMat-D3,P1
C48H16N16O17Zn4-0_18-MACE-OMat-D3,C48H16N16O17Zn4-0_18-MACE-OMat-D3,-0.131485,-728.517,MACE-OMat-D3,P1
C44H40N20O17Zn4-1_7-MACE-OMat-D3,C44H40N20O17Zn4-1_7-MACE-OMat-D3,-0.359293,-834.598,MACE-OMat-D3,P1
C44H32N32O13Zn4-2_11-MACE-OMat-D3,C44H32N32O13Zn4-2_11-MACE-OMat-D3,-0.214249,-870.86,MACE-OMat-D3,P1
C42H30N12O16Zn4-2_17-MACE-OMat-D3,C42H30N12O16Zn4-2_17-MACE-OMat-D3,-0.336925,-702.195,MACE-OMat-D3,P1
C42H27N6O10Zn4-3_2-MACE-OMat-D3,C42H27N6O10Zn4-3_2-MACE-OMat-D3,-0.109898,-587.448,MACE-OMat-D3,P1
C42H24N6O13Zn4-0_6-MACE-OMat-D3,C42H24N6O13Zn4-0_6-MACE-OMat-D3,-0.257766,-605.722,MACE-OMat-D3,P1
C42H24N6O13Zn4-0_13-MACE-OMat-D3,C42H24N6O13Zn4-0_13-MACE-OMat-D3,-0.258189,-605.759,MACE-OMat-D3,P1
C40H24N8O17Zn4-1_16-MACE-OMat-D3,C40H24N8O17Zn4-1_16-MACE-OMat-D3,-0.234121,-622.646,MACE-OMat-D3,P1
C40H20N8O17Zn4-1_9-MACE-OMat-D3,C40H20N8O17Zn4-1_9-MACE-OMat-D3,-0.228958,-608.275,MACE-OMat-D3,P1
C40H20N8O17Zn4-0_11-MACE-OMat-D3,C40H20N8O17Zn4-0_11-MACE-OMat-D3,-0.269827,-611.912,MACE-OMat-D3,P1
C40H20N12O13Zn4-0_19-MACE-OMat-D3,C40H20N12O13Zn4-0_19-MACE-OMat-D3,-0.212657,-620.41,MACE-OMat-D3,P1
C40H12N8O13Zn4-3_14-MACE-OMat-D3,C40H12N8O13Zn4-3_14-MACE-OMat-D3,-0.211846,-558.467,MACE-OMat-D3,P1
C24H24N24O13Zn4-0_2-MACE-OMat-D3,C24H24N24O13Zn4-0_2-MACE-OMat-D3,-0.271512,-591.644,MACE-OMat-D3,P1
C20H12O7Zn4-2-MACE-OMat-D3,C20H12O7Zn4-2-MACE-OMat-D3,-0.129135,-267.369,MACE-OMat-D3,P1
C18H15N3O13Zn4-1_10-MACE-OMat-D3,C18H15N3O13Zn4-1_10-MACE-OMat-D3,-0.577381,-338.482,MACE-OMat-D3,P1
C18H12O19Zn4-0-pcu-MACE-OMat-D3,C18H12O19Zn4-0-pcu-MACE-OMat-D3,-0.739331,-341.989,MACE-OMat-D3,P1
C18H12O19Zn4-2_9-r2SCAN-D4,C18H12O19Zn4-2_9-r2SCAN-D4,-0.768064,-409.159,r2SCAN-D4,P1
C56H24N4O21Zn4-1_6-MACE-OMat-D3,C56H24N4O21Zn4-1_6-MACE-OMat-D3,-0.224254,-758.845,MACE-OMat-D3,P1
C56H24N12O21Zn4-0_15-MACE-OMat-D3,C56H24N12O21Zn4-0_15-MACE-OMat-D3,-0.235418,-828.702,MACE-OMat-D3,P1
C56H20N12O13Zn4-2_12-MACE-OMat-D3,C56H20N12O13Zn4-2_12-MACE-OMat-D3,-0.135965,-762.874,MACE-OMat-D3,P1
C56H20N12O13Zn4-1_10-MACE-OMat-D3,C56H20N12O13Zn4-1_10-MACE-OMat-D3,-0.147509,-764.087,MACE-OMat-D3,P1
C56H20N12O13Zn4-1_15-MACE-OMat-D3,C56H20N12O13Zn4-1_15-MACE-OMat-D3,-0.133144,-762.578,MACE-OMat-D3,P1
C56H16N12O13Zn4-3_9-MACE-OMat-D3,C56H16N12O13Zn4-3_9-MACE-OMat-D3,-0.0907751,-744.791,MACE-OMat-D3,P1
C52H20N8O13Zn4-2_2-MACE-OMat-D3,C52H20N8O13Zn4-2_2-MACE-OMat-D3,-0.108247,-688.941,MACE-OMat-D3,P1
C51H33N9O13Zn4-0_11-MACE-OMat-D3,C51H33N9O13Zn4-0_11-MACE-OMat-D3,-0.242955,-746.485,MACE-OMat-D3,P1
C51H33N12O22Zn4-3_8-MACE-OMat-D3,C51H33N12O22Zn4-3_8-MACE-OMat-D3,-0.327584,-829.292,MACE-OMat-D3,P1
C48H40N8O17Zn4-0_12-MACE-OMat-D3,C48H40N8O17Zn4-0_12-MACE-OMat-D3,-0.270628,-757.993,MACE-OMat-D3,P1
C48H40N8O13Zn4-1_8-MACE-OMat-D3,C48H40N8O13Zn4-1_8-MACE-OMat-D3,-0.266901,-736.697,MACE-OMat-D3,P1
C48H24N6O13Zn4-1_13-MACE-OMat-D3,C48H24N6O13Zn4-1_13-MACE-OMat-D3,-0.210934,-657.987,MACE-OMat-D3,P1
C48H24N6O13S6Zn4-2_4-MACE-OMat-D3,C48H24N6O13S6Zn4-2_4-MACE-OMat-D3,-0.187473,-681.656,MACE-OMat-D3,P1
C48H24N24O10Zn4-3_9-MACE-OMat-D3,C48H24N24O10Zn4-3_9-MACE-OMat-D3,-0.0654984,-780.512,MACE-OMat-D3,P1
C48H24N24O10Zn4-0_4-MACE-OMat-D3,C48H24N24O10Zn4-0_4-MACE-OMat-D3,-0.0693285,-780.933,MACE-OMat-D3,P1
C48H24N16O13S8Zn4-3_5-MACE-OMat-D3,C48H24N16O13S8Zn4-3_5-MACE-OMat-D3,-0.0975517,-765.448,MACE-OMat-D3,P1
C48H24N16O13S8Zn4-2_6-MACE-OMat-D3,C48H24N16O13S8Zn4-2_6-MACE-OMat-D3,-0.173688,-774.051,MACE-OMat-D3,P1
C44H20N8O13S4Zn4-1_6-MACE-OMat-D3,C44H20N8O13S4Zn4-1_6-MACE-OMat-D3,-0.142451,-634.647,MACE-OMat-D3,P1
C44H20N8O13S4Zn4-0_13-MACE-OMat-D3,C44H20N8O13S4Zn4-0_13-MACE-OMat-D3,-0.190035,-639.072,MACE-OMat-D3,P1
C36H33N18O10Zn4-2_7-MACE-OMat-D3,C36H33N18O10Zn4-2_7-MACE-OMat-D3,-0.216858,-664.0,MACE-OMat-D3,P1
C36H28N12O13Zn4-3-MACE-OMat-D3,C36H28N12O13Zn4-3-MACE-OMat-D3,-0.308694,-619.364,MACE-OMat-D3,P1
C36H28N4O9Zn4-0_1-MACE-OMat-D3,C36H28N4O9Zn4-0_1-MACE-OMat-D3,-0.145551,-515.895,MACE-OMat-D3,P1
C36H28N12O9Zn4-6_7-MACE-OMat-D3,C36H28N12O9Zn4-6_7-MACE-OMat-D3,-0.136347,-582.997,MACE-OMat-D3,P1
C36H16N8O13Zn4-2_7-MACE-OMat-D3,C36H16N8O13Zn4-2_7-MACE-OMat-D3,-0.217984,-535.136,MACE-OMat-D3,P1
C22H18N4O11Zn4-3-r2SCAN-D4,C22H18N4O11Zn4-3-r2SCAN-D4,-0.338875,-439.291,r2SCAN-D4,P1
C26H14N2O11Zn4-0_2-r2SCAN-D4,C26H14N2O11Zn4-0_2-r2SCAN-D4,-0.312867,-445.069,r2SCAN-D4,P1
C33H18O13Zn4-0_9-r2SCAN-D4,C33H18O13Zn4-0_9-r2SCAN-D4,-0.362649,-529.183,r2SCAN-D4,P1
C28H16N4O17Zn4-1_14-r2SCAN-D4,C28H16N4O17Zn4-1_14-r2SCAN-D4,-0.42977,-537.066,r2SCAN-D4,P1
C24H16O25Zn4-2-r2SCAN-D4,C24H16O25Zn4-2-r2SCAN-D4,-0.718035,-526.852,r2SCAN-D4,P1
C48H24N12O21Zn4-1_13-MACE-OMat-D3,C48H24N12O21Zn4-1_13-MACE-OMat-D3,-0.262431,-756.206,MACE-OMat-D3,P1
C44H24N8O17Zn4-0-MACE-OMat-D3,C44H24N8O17Zn4-0-MACE-OMat-D3,-0.308806,-667.605,MACE-OMat-D3,P1
C28H8N8O5Zn4-3-r2SCAN-D4,C28H8N8O5Zn4-3-r2SCAN-D4,0.280906,-431.621,r2SCAN-D4,P1
C30H14N4O11Zn4-1_10.0-r2SCAN-D4,C30H14N4O11Zn4-1_10.0-r2SCAN-D4,-0.141145,-494.499,r2SCAN-D4,P1
C48H28N4O17Zn4-2_12-r2SCAN-D4,C48H28N4O17Zn4-2_12-r2SCAN-D4,-0.302833,-779.822,r2SCAN-D4,P1
Al1C10H9N2O2S2-14-r2SCAN-D4,Al1C10H9N2O2S2-14-r2SCAN-D4,0.145031,-180.544,r2SCAN-D4,P1
C8H7Mg2N3O3-5-r2SCAN-D4,C8H7Mg2N3O3-5-r2SCAN-D4,0.00960029,-157.425,r2SCAN-D4,P1
C44H24N8O17Zn4-2_12-r2SCAN-D4,Zn4H24C44N8O17,-0.23431,-754.673,r2SCAN-D4,P1
C44H24N8O13S4Zn4-0_6-r2SCAN-D4,Zn4H24C44S4N8O13,-0.11584,-752.42,r2SCAN-D4,P1
C40H20N8O17Zn4-3_9-r2SCAN-D4,Zn4H20C40N8O17,-0.244409,-699.801,r2SCAN-D4,P1
C40H20N8O17Zn4-2_2-r2SCAN-D4,Zn4H20C40N8O17,-0.170886,-693.258,r2SCAN-D4,P1
C40H20N8O17Zn4-1_3-r2SCAN-D4,Zn4H20C40N8O17,-0.220325,-697.658,r2SCAN-D4,P1
C36H32N12O17Zn4-3_16-r2SCAN-D4,Zn4H32C36N12O17,-0.376746,-754.12,r2SCAN-D4,P1
C24H20N12O13Zn4-2_14-r2SCAN-D4,Zn4H20C24N12O13,-0.362599,-557.566,r2SCAN-D4,P1
C36H28N8O5Zn4-3-r2SCAN-D4,Zn4H28C36N8O5,0.0426822,-592.327,r2SCAN-D4,P1
C36H18N6O13S3Zn4-3_9-r2SCAN-D4,Zn4H18C36S3N6O13,-0.199626,-629.843,r2SCAN-D4,P1
C24H24N8O17Zn4-3_5-r2SCAN-D4,Zn4H24C24N8O17,-0.506507,-570.605,r2SCAN-D4,P1
C30H18O22Zn4-1_10-r2SCAN-D4,Zn2H9C15O11,-0.57244,-569.221,r2SCAN-D4,P1
C56H16N12O13Zn4-3_3-r2SCAN-D4,Zn4H16C56N12O13,-0.0541336,-843.281,r2SCAN-D4,P1
C52H20N8O13Zn4-1_2-r2SCAN-D4,Zn4H20C52N8O13,-0.126459,-787.236,r2SCAN-D4,P1
C52H20N12O13Zn4-0_3-r2SCAN-D4,Zn4H20C52N12O13,-0.0381945,-815.431,r2SCAN-D4,P1
C48H18N12O19Zn4-2_16-r2SCAN-D4,Zn4H18C48N12O19,-0.152353,-814.905,r2SCAN-D4,P1
C45H24N6O13Zn4-0_17-r2SCAN-D4,Zn4H24C45N6O13,-0.149992,-714.175,r2SCAN-D4,P1
C36H30N6O19Zn4-3-r2SCAN-D4,Zn4H30C36N6O19,-0.431312,-706.864,r2SCAN-D4,P1
C36H28N12O9Zn4-6_7-r2SCAN-D4,Zn4H28C36(N4O3)3,-0.0500936,-660.131,r2SCAN-D4,P1
C36H18N6O25Zn4-2_5-r2SCAN-D4,Zn4H18C36N6O25,-0.451458,-699.512,r2SCAN-D4,P1
C36H28N12O13Zn4-2_18-r2SCAN-D4,Zn4H28C36N12O13,-0.23269,-700.597,r2SCAN-D4,P1
C32H36N16O13Zn4-3_6-r2SCAN-D4,Zn4H36C32N16O13,-0.296712,-733.116,r2SCAN-D4,P1
C60H18N12O19Zn4-3_2-r2SCAN-D4,Zn4H18C60N12O19,-0.173778,-939.359,r2SCAN-D4,P1
C60H20N12O13Zn4-3_1-r2SCAN-D4,Zn4H20C60N12O13,-0.045167,-896.633,r2SCAN-D4,P1
C60H18N12O13S6Zn4-1-r2SCAN-D4,Zn4H18C60S6N12O13,-0.032554,-937.26,r2SCAN-D4,P1
C60H16N16O13Zn4-0_7-r2SCAN-D4,Zn4H16C60N16O13,-0.0171523,-916.356,r2SCAN-D4,P1
C60H16N16O13Zn4-1_10-r2SCAN-D4,Zn4H16C60N16O13,-0.00346475,-914.864,r2SCAN-D4,P1
C56H32N8O9S8Zn4-0-r2SCAN-D4,Zn4H32C56S8N8O9,0.0943871,-887.24,r2SCAN-D4,P1
C56H32N8O13S8Zn4-5_5-r2SCAN-D4,Zn4H32C56S8N8O13,-0.0723503,-930.322,r2SCAN-D4,P1
C56H24N16O13Zn4-3_11-r2SCAN-D4,Zn4H24C56N16O13,-0.09064,-912.316,r2SCAN-D4,P1
C56H20N12O13Zn4-1_8-r2SCAN-D4,Zn4H20C56N12O13,-0.103274,-862.486,r2SCAN-D4,P1
C54H18N12O13S6Zn4-3_2-r2SCAN-D4,Zn4H18C54S6N12O13,-0.046249,-878.427,r2SCAN-D4,P1
C52H32N4O17Zn4-0_3-r2SCAN-D4,Zn4H32C52N4O17,-0.27438,-833.039,r2SCAN-D4,P1
C52H32N4O13Zn4-1_8-r2SCAN-D4,Zn4H32C52N4O13,-0.207249,-801.609,r2SCAN-D4,P1
C52H32N4O13Zn4-2_4-r2SCAN-D4,Zn4H32C52N4O13,-0.231462,-804.151,r2SCAN-D4,P1
C52H32N4O13Zn4-1-r2SCAN-D4,Zn4H32C52N4O13,-0.218157,-802.754,r2SCAN-D4,P1
C44H28N16O21Zn4-1_11-r2SCAN-D4,Zn4H28C44N16O21,-0.225779,-867.778,r2SCAN-D4,P1
C52H24N8O17Zn4-2_15-r2SCAN-D4,Zn4H24C52N8O17,-0.228509,-836.074,r2SCAN-D4,P1
C50H34N6O13Zn4-0_9-r2SCAN-D4,Zn4H34C50N6O13,-0.215676,-808.107,r2SCAN-D4,P1
C51H33N12O22Zn4-1_12-r2SCAN-D4,Zn4H33C51(N6O11)2,-0.282359,-933.333,r2SCAN-D4,P1
C48H40N12O17Zn4-0-r2SCAN-D4,Zn4H40C48N12O17,-0.264499,-895.933,r2SCAN-D4,P1
C48H32N8O13Zn4-1-r2SCAN-D4,Zn4H32C48N8O13,-0.231748,-800.718,r2SCAN-D4,P1
C48H30N12O13Zn4-1_11-r2SCAN-D4,Zn4H30C48N12O13,-0.154071,-822.56,r2SCAN-D4,P1
C48H28N12O17Zn4-3_7-r2SCAN-D4,Zn4H28C48N12O17,-0.199454,-844.185,r2SCAN-D4,P1
C48H28N12O17Zn4-2_14-r2SCAN-D4,Zn4H28C48N12O17,-0.224123,-846.874,r2SCAN-D4,P1
C48H24N6O13S9Zn4-2_6-r2SCAN-D4,Zn4H24C48S9N6O13,-0.109878,-815.031,r2SCAN-D4,P1
C48H24N6O19S6Zn4-3_6-r2SCAN-D4,Zn4H24C48S6N6O19,-0.19813,-835.337,r2SCAN-D4,P1
C48H24N16O13S8Zn4-3_4-r2SCAN-D4,Zn4H24C48S8N16O13,-0.0732654,-895.263,r2SCAN-D4,P1
C48H24N16O13S8Zn4-0_12-r2SCAN-D4,Zn4H24C48S8N16O13,-0.0923,-897.414,r2SCAN-D4,P1
C48H24N12O21Zn4-2_10-r2SCAN-D4,Zn4H24C48(N4O7)3,-0.280176,-862.44,r2SCAN-D4,P1
C27H15N3O13S6Zn4-1_7-r2SCAN-D4,Zn4H15C27S6N3O13,-0.246768,-527.068,r2SCAN-D4,P1
C48H18N12O19Zn4-2_4-r2SCAN-D4,Zn4H18C48N12O19,-0.0931408,-808.925,r2SCAN-D4,P1
C42H24N6O13S3Zn4-1_6-r2SCAN-D4,Zn4H24C42S3N6O13,-0.206656,-713.729,r2SCAN-D4,P1
C60H16N16O13Zn4-3_3-MACE-OMat-D3,C60H16N16O13Zn4-3_3-MACE-OMat-D3,-0.0747999,-813.933,MACE-OMat-D3,P1
C56H40N4O13Zn4-2_6-MACE-OMat-D3,C56H40N4O13Zn4-2_6-MACE-OMat-D3,-0.22664,-773.233,MACE-OMat-D3,P1
C56H24N8O13S8Zn4-3_15-MACE-OMat-D3,C56H24N8O13S8Zn4-3_15-MACE-OMat-D3,-0.0705177,-769.193,MACE-OMat-D3,P1
C54H30N6O13Zn4-3_10-MACE-OMat-D3,C54H30N6O13Zn4-3_10-MACE-OMat-D3,-0.213402,-735.413,MACE-OMat-D3,P1
C54H30N6O13Zn4-3_1-MACE-OMat-D3,C54H30N6O13Zn4-3_1-MACE-OMat-D3,-0.230256,-737.216,MACE-OMat-D3,P1
C54H24N6O13Zn4-2_3-MACE-OMat-D3,C54H24N6O13Zn4-2_3-MACE-OMat-D3,-0.0990986,-703.125,MACE-OMat-D3,P1
C54H18N12O19Zn4-3_3-MACE-OMat-D3,C54H18N12O19Zn4-3_3-MACE-OMat-D3,-0.21465,-776.378,MACE-OMat-D3,P1
C54H18N12O19Zn4-2-MACE-OMat-D3,C54H18N12O19Zn4-2-MACE-OMat-D3,-0.217755,-776.71,MACE-OMat-D3,P1
C52H36N12O13Zn4-3_3-MACE-OMat-D3,C52H36N12O13Zn4-3_3-MACE-OMat-D3,-0.264866,-794.709,MACE-OMat-D3,P1
C52H24N8O17Zn4-1_7-MACE-OMat-D3,C52H24N8O17Zn4-1_7-MACE-OMat-D3,-0.249354,-737.391,MACE-OMat-D3,P1
C48H40N12O17Zn4-0_6-MACE-OMat-D3,C48H40N12O17Zn4-0_6-MACE-OMat-D3,-0.279239,-793.496,MACE-OMat-D3,P1
C48H40N12O17Zn4-1_5-MACE-OMat-D3,C48H40N12O17Zn4-1_5-MACE-OMat-D3,-0.308866,-797.081,MACE-OMat-D3,P1
C48H30N12O13Zn4-2_11-MACE-OMat-D3,C48H30N12O13Zn4-2_11-MACE-OMat-D3,-0.210134,-729.963,MACE-OMat-D3,P1
C48H30N12O13Zn4-1_4-MACE-OMat-D3,C48H30N12O13Zn4-1_4-MACE-OMat-D3,-0.217761,-730.779,MACE-OMat-D3,P1
C48H28N4O13Zn4-1_1-MACE-OMat-D3,C48H28N4O13Zn4-1_1-MACE-OMat-D3,-0.257851,-659.246,MACE-OMat-D3,P1
C48H28N4O13Zn4-1_15-MACE-OMat-D3,C48H28N4O13Zn4-1_15-MACE-OMat-D3,-0.241901,-657.698,MACE-OMat-D3,P1
C48H28N12O17Zn4-2_16-MACE-OMat-D3,C48H28N12O17Zn4-2_16-MACE-OMat-D3,-0.252253,-748.279,MACE-OMat-D3,P1
C48H28N12O17Zn4-2_8-MACE-OMat-D3,C48H28N12O17Zn4-2_8-MACE-OMat-D3,-0.265645,-749.739,MACE-OMat-D3,P1
C48H27N9O13Zn4-2_11-MACE-OMat-D3,C48H27N9O13Zn4-2_11-MACE-OMat-D3,-0.227227,-695.663,MACE-OMat-D3,P1
C48H24N8O17Zn4-1_18-MACE-OMat-D3,C48H24N8O17Zn4-1_18-MACE-OMat-D3,-0.237254,-698.393,MACE-OMat-D3,P1
C48H24N8O17Zn4-1_2-MACE-OMat-D3,C48H24N8O17Zn4-1_2-MACE-OMat-D3,-0.20158,-694.79,MACE-OMat-D3,P1
C45H27N9O19Zn4-2_4-MACE-OMat-D3,C45H27N9O19Zn4-2_4-MACE-OMat-D3,-0.364949,-712.773,MACE-OMat-D3,P1
C44H40N24O13Zn4-3_2-MACE-OMat-D3,C44H40N24O13Zn4-3_2-MACE-OMat-D3,-0.290425,-839.576,MACE-OMat-D3,P1
C45H27N12O10Zn4-3_2-MACE-OMat-D3,C45H27N12O10Zn4-3_2-MACE-OMat-D3,-0.149141,-669.935,MACE-OMat-D3,P1
C44H32N8O17Zn4-1_19-MACE-OMat-D3,C44H32N8O17Zn4-1_19-MACE-OMat-D3,-0.334712,-698.746,MACE-OMat-D3,P1
C44H32N32O13Zn4-3_14-MACE-OMat-D3,C44H32N32O13Zn4-3_14-MACE-OMat-D3,-0.139986,-861.578,MACE-OMat-D3,P1
C44H32N32O13Zn4-0_4-MACE-OMat-D3,C44H32N32O13Zn4-0_4-MACE-OMat-D3,-0.151563,-863.025,MACE-OMat-D3,P1
C42H24N6O13Zn4-3_7-MACE-OMat-D3,C42H24N6O13Zn4-3_7-MACE-OMat-D3,-0.258523,-605.789,MACE-OMat-D3,P1
C42H24N6O13S3Zn4-3_6-MACE-OMat-D3,C42H24N6O13S3Zn4-3_6-MACE-OMat-D3,-0.218036,-615.226,MACE-OMat-D3,P1
C42H24N6O13S3Zn4-1_5-MACE-OMat-D3,C42H24N6O13S3Zn4-1_5-MACE-OMat-D3,-0.259461,-619.037,MACE-OMat-D3,P1
C40H20N8O17Zn4-0_2-MACE-OMat-D3,C40H20N8O17Zn4-0_2-MACE-OMat-D3,-0.213089,-606.863,MACE-OMat-D3,P1
C40H20N4O17Zn4-1_5-MACE-OMat-D3,C40H20N4O17Zn4-1_5-MACE-OMat-D3,-0.300886,-580.095,MACE-OMat-D3,P1
C40H16N24O25Zn4-2_14-MACE-OMat-D3,C40H16N24O25Zn4-2_14-MACE-OMat-D3,-0.234523,-773.584,MACE-OMat-D3,P1
C40H12N8O13Zn4-1_18-MACE-OMat-D3,C40H12N8O13Zn4-1_18-MACE-OMat-D3,-0.218062,-558.946,MACE-OMat-D3,P1
C33H18O13Zn4-3_8-MACE-OMat-D3,C33H18O13Zn4-3_8-MACE-OMat-D3,-0.327894,-452.795,MACE-OMat-D3,P1
C33H18O13Zn4-2_18-MACE-OMat-D3,C33H18O13Zn4-2_18-MACE-OMat-D3,-0.356191,-454.719,MACE-OMat-D3,P1
C32H24N8O13Zn4-1_7-MACE-OMat-D3,C32H24N8O13Zn4-1_7-MACE-OMat-D3,-0.401365,-540.034,MACE-OMat-D3,P1
C28H36N12O13Zn4-1_4-MACE-OMat-D3,C28H36N12O13Zn4-1_4-MACE-OMat-D3,-0.435613,-583.56,MACE-OMat-D3,P1
C28H24O17Zn4-0_7-MACE-OMat-D3,C28H24O17Zn4-0_7-MACE-OMat-D3,-0.483733,-459.093,MACE-OMat-D3,P1
C24H24O17Zn4-1_17-MACE-OMat-D3,C24H24O17Zn4-1_17-MACE-OMat-D3,-0.526519,-423.331,MACE-OMat-D3,P1
C24H18N6O13Zn4-3_17-MACE-OMat-D3,C24H18N6O13Zn4-3_17-MACE-OMat-D3,-0.447351,-426.892,MACE-OMat-D3,P1
C24H15O13Zn4-0_1-MACE-OMat-D3,C24H15O13Zn4-0_1-MACE-OMat-D3,-0.48325,-365.077,MACE-OMat-D3,P1
C21H18O13Zn4-0_3-MACE-OMat-D3,C21H18O13Zn4-0_3-MACE-OMat-D3,-0.524993,-349.562,MACE-OMat-D3,P1
C20H12O13Zn4-0_15-MACE-OMat-D3,C20H12O13Zn4-0_15-MACE-OMat-D3,-0.468955,-314.484,MACE-OMat-D3,P1
C21H18O13Zn4-1-r2SCAN-D4,C21H18O13Zn4-1-r2SCAN-D4,-0.54764,-414.986,r2SCAN-D4,P1
C56H24N16O17Zn4-3_5-MACE-OMat-D3,C56H24N16O17Zn4-3_5-MACE-OMat-D3,-0.152421,-832.577,MACE-OMat-D3,P1
C56H24N16O13Zn4-2_1-MACE-OMat-D3,C56H24N16O13Zn4-2_1-MACE-OMat-D3,-0.128425,-809.464,MACE-OMat-D3,P1
C56H20N12O13Zn4-0_3-MACE-OMat-D3,C56H20N12O13Zn4-0_3-MACE-OMat-D3,-0.125222,-761.746,MACE-OMat-D3,P1
C52H20N8O13Zn4-1_3-MACE-OMat-D3,C52H20N8O13Zn4-1_3-MACE-OMat-D3,-0.153189,-693.3,MACE-OMat-D3,P1
C51H42N6O19Zn4-1_15-MACE-OMat-D3,C51H42N6O19Zn4-1_15-MACE-OMat-D3,-0.284701,-788.342,MACE-OMat-D3,P1
C51H24N21O10Zn4-3_3-MACE-OMat-D3,C51H24N21O10Zn4-3_3-MACE-OMat-D3,-0.0808318,-784.748,MACE-OMat-D3,P1
C48H24N20O13Zn4-3_6-MACE-OMat-D3,C48H24N20O13Zn4-3_6-MACE-OMat-D3,-0.151321,-771.267,MACE-OMat-D3,P1
C36H28O13Zn4-2_5-MACE-OMat-D3,C36H28O13Zn4-2_5-MACE-OMat-D3,-0.379055,-521.223,MACE-OMat-D3,P1
C36H30N6O13S6Zn4-2_1-MACE-OMat-D3,C36H30N6O13S6Zn4-2_1-MACE-OMat-D3,-0.207505,-591.56,MACE-OMat-D3,P1
C36H24N6O13Zn4-0_7-MACE-OMat-D3,C36H24N6O13Zn4-0_7-MACE-OMat-D3,-0.286592,-551.4,MACE-OMat-D3,P1
C36H20N4O17S8Zn4-0_3-MACE-OMat-D3,C36H20N4O17S8Zn4-0_3-MACE-OMat-D3,-0.285275,-576.16,MACE-OMat-D3,P1
C36H18N6O13Zn4-3_12-MACE-OMat-D3,C36H18N6O13Zn4-3_12-MACE-OMat-D3,-0.283969,-530.016,MACE-OMat-D3,P1
C36H18N6O13S6Zn4-2_8-MACE-OMat-D3,C36H18N6O13S6Zn4-2_8-MACE-OMat-D3,-0.239908,-552.835,MACE-OMat-D3,P1
C48H24N12O21Zn4-2_14-MACE-OMat-D3,C48H24N12O21Zn4-2_14-MACE-OMat-D3,-0.196439,-749.013,MACE-OMat-D3,P1
C48H24N12O21Zn4-2_10-MACE-OMat-D3,C48H24N12O21Zn4-2_10-MACE-OMat-D3,-0.333657,-763.969,MACE-OMat-D3,P1
C48H24N12O19Zn4-3_10-MACE-OMat-D3,C48H24N12O19Zn4-3_10-MACE-OMat-D3,-0.184413,-737.437,MACE-OMat-D3,P1
C48H24N12O19Zn4-2_4-MACE-OMat-D3,C48H24N12O19Zn4-2_4-MACE-OMat-D3,-0.273558,-746.975,MACE-OMat-D3,P1
C44H24N8O13S4Zn4-3_6-MACE-OMat-D3,C44H24N8O13S4Zn4-3_6-MACE-OMat-D3,-0.202958,-654.061,MACE-OMat-D3,P1
C28H12N2O11Zn4-3_8.0-r2SCAN-D4,C28H12N2O11Zn4-3_8.0-r2SCAN-D4,-0.263304,-455.365,r2SCAN-D4,P1
C36H20N4O13Zn4-2_17-r2SCAN-D4,C36H20N4O13Zn4-2_17-r2SCAN-D4,-0.244092,-596.887,r2SCAN-D4,P1
C36H18N6O13S6Zn4-0_8-r2SCAN-D4,C36H18N6O13S6Zn4-0_8-r2SCAN-D4,-0.235811,-657.838,r2SCAN-D4,P1
C52H20N8O13Zn4-3_5-r2SCAN-D4,C52H20N8O13Zn4-3_5-r2SCAN-D4,-0.12304,-786.904,r2SCAN-D4,P1
C48H30N6O13Zn4-3_2-r2SCAN-D4,C48H30N6O13Zn4-3_2-r2SCAN-D4,-0.228368,-774.233,r2SCAN-D4,P1
C48H28N4O13Zn4-1_15-r2SCAN-D4,C48H28N4O13Zn4-1_15-r2SCAN-D4,-0.23576,-748.821,r2SCAN-D4,P1
Al1C6H5N4O3-10-r2SCAN-D4,Al1C6H5N4O3-10-r2SCAN-D4,-0.352485,-144.978,r2SCAN-D4,P1
C15H16Mg2N4O1-10-r2SCAN-D4,C15H16Mg2N4O1-10-r2SCAN-D4,0.0920831,-252.888,r2SCAN-D4,P1
C44H24N8O17Zn4-3_7-r2SCAN-D4,Zn4H24C44N8O17,-0.197191,-751.072,r2SCAN-D4,P1
C42H24N6O13Zn4-1_9-r2SCAN-D4,Zn4H24C42N6O13,-0.261139,-693.566,r2SCAN-D4,P1
C40H36N8O13Zn4-0_1-r2SCAN-D4,Zn4H36C40N8O13,-0.282554,-738.614,r2SCAN-D4,P1
C40H24N8O25Zn4-0_6-r2SCAN-D4,Zn4H24C40N8O25,-0.486702,-787.601,r2SCAN-D4,P1
C40H24N8O13Zn4-0_3-r2SCAN-D4,Zn4H24C40N8O13,-0.203979,-686.747,r2SCAN-D4,P1
C36H30N9O13Zn4-1_19-r2SCAN-D4,Zn4H30C36N9O13,-0.277779,-683.973,r2SCAN-D4,P1
C22H10N6O5Zn4-3-r2SCAN-D4,Zn4H10C22N6O5,0.111561,-369.775,r2SCAN-D4,P1
C40H20N8O13Zn4-2_1-r2SCAN-D4,Zn4H20C40N8O13,-0.232043,-674.488,r2SCAN-D4,P1
C48H24N12O13Zn4-2_2-r2SCAN-D4,Zn4H24C48N12O13,-0.143763,-799.853,r2SCAN-D4,P1
C36H26N6O11Zn4-3-r2SCAN-D4,Zn4H26C36N6O11,-0.205096,-622.517,r2SCAN-D4,P1
C36H18N6O13Zn4-0_3-r2SCAN-D4,Zn4H18C36N6O13,-0.285735,-611.482,r2SCAN-D4,P1
C36H18N6O13Zn4-0_12-r2SCAN-D4,Zn4H18C36N6O13,-0.282914,-611.265,r2SCAN-D4,P1
C28H24N16O13Zn4-1_16-r2SCAN-D4,Zn4H24C28N16O13,-0.288757,-646.141,r2SCAN-D4,P1
C48H20N8O13Zn4-2_8-r2SCAN-D4,Zn4H20C48N8O13,-0.138997,-747.828,r2SCAN-D4,P1
C56H16N12O13Zn4-1_3-r2SCAN-D4,Zn4H16C56N12O13,-0.0519849,-843.064,r2SCAN-D4,P1
C48H18N12O19Zn4-2_13-r2SCAN-D4,Zn4H18C48N12O19,-0.248042,-824.57,r2SCAN-D4,P1
C48H16N16O17Zn4-0_6-r2SCAN-D4,Zn4H16C48N16O17,-0.159845,-833.71,r2SCAN-D4,P1
C45H24N6O13Zn4-3_7-r2SCAN-D4,Zn4H24C45N6O13,-0.161811,-715.262,r2SCAN-D4,P1
C45H24N6O13Zn4-1_6-r2SCAN-D4,Zn4H24C45N6O13,-0.222532,-720.848,r2SCAN-D4,P1
C44H24O17Zn4-3_9-r2SCAN-D4,Zn4H24C44O17,-0.334637,-688.518,r2SCAN-D4,P1
C36H24N24O10Zn4-3-r2SCAN-D4,Zn2H12C18N12O5,-0.0475618,-762.14,r2SCAN-D4,P1
C36H12N27O13Zn4-0_3-r2SCAN-D4,Zn4H12C36N27O13,-0.0152857,-762.319,r2SCAN-D4,P1
C24H24N24O13Zn4-0_2-r2SCAN-D4,Zn4H24C24N24O13,-0.197795,-672.341,r2SCAN-D4,P1
C56H32N8O9S8Zn4-6_1-r2SCAN-D4,Zn4H32C56S8N8O9,0.0507047,-892.351,r2SCAN-D4,P1
C56H32N8O21Zn4-3_10-r2SCAN-D4,Zn4H32C56N8O21,-0.182774,-925.204,r2SCAN-D4,P1
C56H24N4O21Zn4-1_14-r2SCAN-D4,Zn4H24C56N4O21,-0.294639,-870.944,r2SCAN-D4,P1
C56H24N16O17Zn4-1_13-r2SCAN-D4,Zn4H24C56N16O17,-0.0989875,-936.939,r2SCAN-D4,P1
C56H24N16O13Zn4-1_14-r2SCAN-D4,Zn4H24C56N16O13,-0.0977761,-913.123,r2SCAN-D4,P1
C56H20N12O13Zn4-1_3-r2SCAN-D4,Zn4H20C56N12O13,-0.0604823,-857.992,r2SCAN-D4,P1
C52H36N12O13Zn4-3_6-r2SCAN-D4,Zn4H36C52N12O13,-0.193853,-889.565,r2SCAN-D4,P1
C52H44N8O17Zn4-0-r2SCAN-D4,Zn4H44C52N8O17,-0.226392,-909.519,r2SCAN-D4,P1
C52H36N12O13Zn4-0-r2SCAN-D4,Zn4H36C52N12O13,-0.180441,-887.996,r2SCAN-D4,P1
C44H28N16O13Zn4-1_3-r2SCAN-D4,Zn4H28C44N16O13,-0.201121,-816.815,r2SCAN-D4,P1
C42H30N12O16Zn4-3_2-r2SCAN-D4,Zn2H15C21(N3O4)2,-0.325452,-797.283,r2SCAN-D4,P1
C44H32N32O13Zn4-2_17-r2SCAN-D4,Zn4H32C44N32O13,-0.0903336,-967.235,r2SCAN-D4,P1
C52H24N8O17Zn4-3_6-r2SCAN-D4,Zn4H24C52N8O17,-0.218151,-834.987,r2SCAN-D4,P1
C52H28N4O21Zn4-1_15-r2SCAN-D4,Zn4H28C52N4O21,-0.356505,-851.447,r2SCAN-D4,P1
C51H33N9O13Zn4-2_15-r2SCAN-D4,Zn4H33C51N9O13,-0.186549,-839.564,r2SCAN-D4,P1
C51H33N12O22Zn4-1_15-r2SCAN-D4,Zn4H33C51(N6O11)2,-0.226246,-926.488,r2SCAN-D4,P1
C51H39N12O10Zn4-3_3-r2SCAN-D4,Zn4H39C51(N6O5)2,-0.048332,-855.382,r2SCAN-D4,P1
C51H33N12O22Zn4-3_8-r2SCAN-D4,Zn4H33C51(N6O11)2,-0.285335,-933.697,r2SCAN-D4,P1
C48H48N8O17Zn4-0-r2SCAN-D4,Zn4H48C48N8O17,-0.253081,-886.614,r2SCAN-D4,P1
C48H42N12O13Zn4-2_11-r2SCAN-D4,Zn4H42C48N12O13,-0.22715,-874.589,r2SCAN-D4,P1
C48H42N12O13Zn4-1_3-r2SCAN-D4,Zn4H42C48N12O13,-0.215167,-873.163,r2SCAN-D4,P1
C48H32N8O17S4Zn4-0_7-r2SCAN-D4,Zn4H32C48S4N8O17,-0.213929,-856.366,r2SCAN-D4,P1
C48H30N12O13Zn4-3_9-r2SCAN-D4,Zn4H30C48N12O13,-0.183613,-825.721,r2SCAN-D4,P1
C56H24N16O13Zn4-2_14-r2SCAN-D4,Zn4H24C56N16O13,-0.0396534,-906.555,r2SCAN-D4,P1
C54H24N12O13S3Zn4-1_14-r2SCAN-D4,Zn4H24C54S3N12O13,-0.09451,-880.224,r2SCAN-D4,P1
C48H36N12O13S4Zn4-0_9-r2SCAN-D4,Zn4H36C48S4N12O13,-0.145991,-876.421,r2SCAN-D4,P1
C44H40N20O17Zn4-3_6-r2SCAN-D4,Zn4H40C44N20O17,-0.27657,-931.64,r2SCAN-D4,P1
C48H24N16O13S8Zn4-1_3-r2SCAN-D4,Zn4H24C48S8N16O13,-0.0470152,-892.297,r2SCAN-D4,P1
C48H24N12O19Zn4-3_11-r2SCAN-D4,Zn4H24C48N12O19,-0.238084,-845.734,r2SCAN-D4,P1
C48H24N12O19Zn4-0_6-r2SCAN-D4,Zn4H24C48N12O19,-0.220794,-843.884,r2SCAN-D4,P1
C46H30N8O15Zn4-0_11-r2SCAN-D4,Zn4H30C46N8O15,-0.229869,-784.755,r2SCAN-D4,P1
C36H18N6O13S6Zn4-3_15-r2SCAN-D4,Zn4H18C36S6N6O13,-0.225965,-657.021,r2SCAN-D4,P1
C42H24N6O13S3Zn4-3_6-r2SCAN-D4,Zn4H24C42S3N6O13,-0.198813,-713.008,r2SCAN-D4,P1
C60H30N6O25Zn4-2_3-r2SCAN-D4,Zn4H30C60N6O25,-0.211015,-967.601,r2SCAN-D4,P1
C64H24N16O13Zn4-2_9-MACE-OMat-D3,C64H24N16O13Zn4-2_9-MACE-OMat-D3,-0.103582,-881.042,MACE-OMat-D3,P1
C60H36N12O13Zn4-1_4-MACE-OMat-D3,C60H36N12O13Zn4-1_4-MACE-OMat-D3,-0.17341,-858.953,MACE-OMat-D3,P1
C60H32N8O17Zn4-0_5-MACE-OMat-D3,C60H32N8O17Zn4-0_5-MACE-OMat-D3,-0.130757,-826.537,MACE-OMat-D3,P1
C60H30N6O13Zn4-1_8-MACE-OMat-D3,C60H30N6O13Zn4-1_8-MACE-OMat-D3,-0.209485,-791.418,MACE-OMat-D3,P1
C60H28N8O21Zn4-1_2-MACE-OMat-D3,C60H28N8O21Zn4-1_2-MACE-OMat-D3,-0.196602,-841.322,MACE-OMat-D3,P1
C60H28N4O13Zn4-1_1-MACE-OMat-D3,C60H28N4O13Zn4-1_1-MACE-OMat-D3,-0.199438,-766.309,MACE-OMat-D3,P1
C60H24N12O13S6Zn4-1_12-MACE-OMat-D3,C60H24N12O13S6Zn4-1_12-MACE-OMat-D3,-0.10362,-835.455,MACE-OMat-D3,P1
C60H24N12O13S6Zn4-2_13-MACE-OMat-D3,C60H24N12O13S6Zn4-2_13-MACE-OMat-D3,-0.112406,-836.501,MACE-OMat-D3,P1
C60H18N12O13S6Zn4-1_14-MACE-OMat-D3,C60H18N12O13S6Zn4-1_14-MACE-OMat-D3,-0.0537862,-809.74,MACE-OMat-D3,P1
C56H8N40O13Zn4-2_4-MACE-OMat-D3,C56H8N40O13Zn4-2_4-MACE-OMat-D3,0.0805782,-933.572,MACE-OMat-D3,P1
C56H36N8O13Zn4-2_5-MACE-OMat-D3,C56H36N8O13Zn4-2_5-MACE-OMat-D3,-0.260259,-797.57,MACE-OMat-D3,P1
C56H36N8O13Zn4-2_17-MACE-OMat-D3,C56H36N8O13Zn4-2_17-MACE-OMat-D3,-0.155059,-785.262,MACE-OMat-D3,P1
C56H32N4O17Zn4-3_10-MACE-OMat-D3,C56H32N4O17Zn4-3_10-MACE-OMat-D3,-0.272509,-771.352,MACE-OMat-D3,P1
C56H32N4O17Zn4-0_11-MACE-OMat-D3,C56H32N4O17Zn4-0_11-MACE-OMat-D3,-0.231523,-766.721,MACE-OMat-D3,P1
C56H16N12O13Zn4-0_3-MACE-OMat-D3,C56H16N12O13Zn4-0_3-MACE-OMat-D3,-0.0907923,-744.793,MACE-OMat-D3,P1
C54H30N6O13Zn4-0_1-MACE-OMat-D3,C54H30N6O13Zn4-0_1-MACE-OMat-D3,-0.20449,-734.459,MACE-OMat-D3,P1
C54H18N12O13S6Zn4-3_2-MACE-OMat-D3,C54H18N12O13S6Zn4-3_2-MACE-OMat-D3,-0.119745,-761.307,MACE-OMat-D3,P1
C52H44O17Zn4-3_9-MACE-OMat-D3,C52H44O17Zn4-3_9-MACE-OMat-D3,-0.324443,-747.286,MACE-OMat-D3,P1
C52H36N12O13Zn4-3-MACE-OMat-D3,C52H36N12O13Zn4-3-MACE-OMat-D3,-0.217843,-789.207,MACE-OMat-D3,P1
C52H32N8O17Zn4-2_2-MACE-OMat-D3,C52H32N8O17Zn4-2_2-MACE-OMat-D3,-0.248576,-765.248,MACE-OMat-D3,P1
C52H32N4O13Zn4-2_9-MACE-OMat-D3,C52H32N4O13Zn4-2_9-MACE-OMat-D3,-0.234925,-708.655,MACE-OMat-D3,P1
C52H24N8O17Zn4-1_3-MACE-OMat-D3,C52H24N8O17Zn4-1_3-MACE-OMat-D3,-0.216979,-733.991,MACE-OMat-D3,P1
C52H24N16O13Zn4-1_15-MACE-OMat-D3,C52H24N16O13Zn4-1_15-MACE-OMat-D3,-0.125527,-771.855,MACE-OMat-D3,P1
C48H40N16O13Zn4-2_4-MACE-OMat-D3,C48H40N16O13Zn4-2_4-MACE-OMat-D3,-0.304268,-810.111,MACE-OMat-D3,P1
C48H40N16O13Zn4-1_10-MACE-OMat-D3,C48H40N16O13Zn4-1_10-MACE-OMat-D3,-0.318068,-811.781,MACE-OMat-D3,P1
C48H40N12O17Zn4-2_8-MACE-OMat-D3,C48H40N12O17Zn4-2_8-MACE-OMat-D3,-0.288776,-794.65,MACE-OMat-D3,P1
C48H36N12O13S4Zn4-2_9-MACE-OMat-D3,C48H36N12O13S4Zn4-2_9-MACE-OMat-D3,-0.277004,-775.865,MACE-OMat-D3,P1
C48H32N20O17Zn4-3_1-MACE-OMat-D3,C48H32N20O17Zn4-3_1-MACE-OMat-D3,-0.276052,-833.918,MACE-OMat-D3,P1
C48H24N8O13S8Zn4-1_1-MACE-OMat-D3,C48H24N8O13S8Zn4-1_1-MACE-OMat-D3,-0.0966165,-697.812,MACE-OMat-D3,P1
C48H24N6O19S6Zn4-2_3-MACE-OMat-D3,C48H24N6O19S6Zn4-2_3-MACE-OMat-D3,-0.212097,-715.104,MACE-OMat-D3,P1
C48H24N12O13Zn4-0_10-MACE-OMat-D3,C48H24N12O13Zn4-0_10-MACE-OMat-D3,-0.144722,-702.633,MACE-OMat-D3,P1
C48H18N12O19Zn4-1_13-MACE-OMat-D3,C48H18N12O19Zn4-1_13-MACE-OMat-D3,-0.221116,-720.575,MACE-OMat-D3,P1
C44H40N24O13Zn4-3_9-MACE-OMat-D3,C44H40N24O13Zn4-3_9-MACE-OMat-D3,-0.265739,-836.49,MACE-OMat-D3,P1
C44H40N24O13Zn4-3_15-MACE-OMat-D3,C44H40N24O13Zn4-3_15-MACE-OMat-D3,-0.278205,-838.048,MACE-OMat-D3,P1
C44H32N32O13Zn4-2_9-MACE-OMat-D3,C44H32N32O13Zn4-2_9-MACE-OMat-D3,-0.174396,-865.879,MACE-OMat-D3,P1
C44H32N32O13Zn4-1_2-MACE-OMat-D3,C44H32N32O13Zn4-1_2-MACE-OMat-D3,-0.183558,-867.024,MACE-OMat-D3,P1
C44H32N32O13Zn4-1_11-MACE-OMat-D3,C44H32N32O13Zn4-1_11-MACE-OMat-D3,-0.173552,-865.773,MACE-OMat-D3,P1
C44H32N32O13Zn4-0_14-MACE-OMat-D3,C44H32N32O13Zn4-0_14-MACE-OMat-D3,-0.180759,-866.674,MACE-OMat-D3,P1
C42H24N6O13Zn4-1_16-MACE-OMat-D3,C42H24N6O13Zn4-1_16-MACE-OMat-D3,-0.258215,-605.761,MACE-OMat-D3,P1
C42H24N18O10Zn4-3-MACE-OMat-D3,C42H24N18O10Zn4-3-MACE-OMat-D3,-0.123339,-680.158,MACE-OMat-D3,P1
C40H20N8O17Zn4-3_8-MACE-OMat-D3,C40H20N8O17Zn4-3_8-MACE-OMat-D3,-0.213503,-606.899,MACE-OMat-D3,P1
C40H20N8O17Zn4-1_13-MACE-OMat-D3,C40H20N8O17Zn4-1_13-MACE-OMat-D3,-0.213928,-606.937,MACE-OMat-D3,P1
C40H20N8O17Zn4-0_17-MACE-OMat-D3,C40H20N8O17Zn4-0_17-MACE-OMat-D3,-0.161604,-602.281,MACE-OMat-D3,P1
C30H24N18O13Zn4-1_3-MACE-OMat-D3,C30H24N18O13Zn4-1_3-MACE-OMat-D3,-0.362815,-604.87,MACE-OMat-D3,P1
C28H24N16O13Zn4-0_6-MACE-OMat-D3,C28H24N16O13Zn4-0_6-MACE-OMat-D3,-0.387753,-570.46,MACE-OMat-D3,P1
C28H24N16O13Zn4-0_13-MACE-OMat-D3,C28H24N16O13Zn4-0_13-MACE-OMat-D3,-0.400525,-571.546,MACE-OMat-D3,P1
C27H33N15O13Zn4-1_5-MACE-OMat-D3,C27H33N15O13Zn4-1_5-MACE-OMat-D3,-0.419107,-587.714,MACE-OMat-D3,P1
C20H16N6O5Zn4-3-MACE-OMat-D3,C20H16N6O5Zn4-3-MACE-OMat-D3,0.0209532,-313.894,MACE-OMat-D3,P1
C18H12O19Zn4-0_11-MACE-OMat-D3,C18H12O19Zn4-0_11-MACE-OMat-D3,-0.745433,-342.313,MACE-OMat-D3,P1
C18H12O19Zn4-0_16-MACE-OMat-D3,C18H12O19Zn4-0_16-MACE-OMat-D3,-0.752355,-342.68,MACE-OMat-D3,P1
C24H15O13Zn4-1_1-r2SCAN-D4,C24H15O13Zn4-1_1-r2SCAN-D4,-0.507067,-432.394,r2SCAN-D4,P1
C21H18O13Zn4-0_12.0-r2SCAN-D4,C21H18O13Zn4-0_12.0-r2SCAN-D4,-0.540602,-414.592,r2SCAN-D4,P1
C56H24N16O13S8Zn4-3_13-MACE-OMat-D3,C56H24N16O13S8Zn4-3_13-MACE-OMat-D3,-0.0983678,-839.884,MACE-OMat-D3,P1
C56H24N16O13S8Zn4-0_13-MACE-OMat-D3,C56H24N16O13S8Zn4-0_13-MACE-OMat-D3,-0.121327,-842.662,MACE-OMat-D3,P1
C50H34N6O13Zn4-1_1-MACE-OMat-D3,C50H34N6O13Zn4-1_1-MACE-OMat-D3,-0.255027,-716.063,MACE-OMat-D3,P1
C48H24N6O13S6Zn4-0_7-MACE-OMat-D3,C48H24N6O13S6Zn4-0_7-MACE-OMat-D3,-0.20449,-683.374,MACE-OMat-D3,P1
C48H24N20O13Zn4-1_16-MACE-OMat-D3,C48H24N20O13Zn4-1_16-MACE-OMat-D3,-0.197346,-776.284,MACE-OMat-D3,P1
C36H32N12O17Zn4-2_11-MACE-OMat-D3,C36H32N12O17Zn4-2_11-MACE-OMat-D3,-0.399755,-663.798,MACE-OMat-D3,P1
C36H24N6O13Zn4-2_9-MACE-OMat-D3,C36H24N6O13Zn4-2_9-MACE-OMat-D3,-0.283332,-551.129,MACE-OMat-D3,P1
C36H20N8O21Zn4-3_2-MACE-OMat-D3,C36H20N8O21Zn4-3_2-MACE-OMat-D3,-0.298096,-597.442,MACE-OMat-D3,P1
C18H18N6O13Zn4-0_15-r2SCAN-D4,C18H18N6O13Zn4-0_15-r2SCAN-D4,-0.551663,-441.722,r2SCAN-D4,P1
C28H24O11Zn4-1_3-r2SCAN-D4,C28H24O11Zn4-1_3-r2SCAN-D4,-0.326241,-485.395,r2SCAN-D4,P1
C27H15N3O13S6Zn4-1_16-r2SCAN-D4,C27H15N3O13S6Zn4-1_16-r2SCAN-D4,-0.338105,-533.279,r2SCAN-D4,P1
C44H24O13Zn4-0_15-MACE-OMat-D3,C44H24O13Zn4-0_15-MACE-OMat-D3,-0.300684,-576.66,MACE-OMat-D3,P1
C44H24N8O17Zn4-2_1-MACE-OMat-D3,C44H24N8O17Zn4-2_1-MACE-OMat-D3,-0.22815,-659.782,MACE-OMat-D3,P1
C44H24N8O17Zn4-2_5-MACE-OMat-D3,C44H24N8O17Zn4-2_5-MACE-OMat-D3,-0.206119,-657.645,MACE-OMat-D3,P1
C44H24N8O13S4Zn4-2-MACE-OMat-D3,C44H24N8O13S4Zn4-2-MACE-OMat-D3,-0.216263,-655.351,MACE-OMat-D3,P1
C56H16N12O13Zn4-2_2-r2SCAN-D4,C56H16N12O13Zn4-2_2-r2SCAN-D4,-0.00398694,-838.217,r2SCAN-D4,P1
C44H24N8O17Zn4-1_10-r2SCAN-D4,Zn4H24C44N8O17,-0.221981,-753.477,r2SCAN-D4,P1
C44H24N8O17Zn4-0_1-r2SCAN-D4,Zn4H24C44N8O17,-0.26588,-757.735,r2SCAN-D4,P1
C44H24N8O13S4Zn4-2_7-r2SCAN-D4,Zn4H24C44S4N8O13,-0.157983,-756.508,r2SCAN-D4,P1
C44H20N8O13S4Zn4-0_13-r2SCAN-D4,Zn4H20C44S4N8O13,-0.151408,-741.437,r2SCAN-D4,P1
C38H28N4O13Zn4-3_16-r2SCAN-D4,Zn4H28C38N4O13,-0.308953,-652.661,r2SCAN-D4,P1
C38H28N4O13Zn4-3_20-r2SCAN-D4,Zn4H28C38N4O13,-0.310211,-652.77,r2SCAN-D4,P1
C36H24N8O21Zn4-0_9-r2SCAN-D4,Zn4H24C36N8O21,-0.447074,-716.67,r2SCAN-D4,P1
C36H32N12O17Zn4-0_9-r2SCAN-D4,Zn4H32C36N12O17,-0.29166,-745.526,r2SCAN-D4,P1
C24H14N6O11Zn4-1_8-r2SCAN-D4,Zn4H14C24N6O11,-0.24031,-457.985,r2SCAN-D4,P1
C32H16N16O5Zn4-1_1-r2SCAN-D4,Zn4H16C32N16O5,0.169078,-575.099,r2SCAN-D4,P1
C40H20N8O13Zn4-2_15-r2SCAN-D4,Zn4H20C40N8O13,-0.229991,-674.314,r2SCAN-D4,P1
C20H20N4O15Zn4-0_13-r2SCAN-D4,Zn4H20C20N4O15,-0.560749,-464.789,r2SCAN-D4,P1
C36H18N6O13S6Zn4-2_10-r2SCAN-D4,Zn4H18C36S6N6O13,-0.235463,-657.809,r2SCAN-D4,P1
C56H20N16O5Zn4-2-r2SCAN-D4,Zn4H20C56N16O5,0.282143,-813.182,r2SCAN-D4,P1
C48H27N9O13Zn4-3_10-r2SCAN-D4,Zn4H27C48N9O13,-0.153193,-783.723,r2SCAN-D4,P1
C48H18N6O13S6Zn4-2_10-r2SCAN-D4,Zn4H18C48S6N6O13,-0.0869178,-766.727,r2SCAN-D4,P1
C48H18N12O19Zn4-3_2-r2SCAN-D4,Zn4H18C48N12O19,-0.252674,-825.038,r2SCAN-D4,P1
C48H18N12O19Zn4-1_8-r2SCAN-D4,Zn4H18C48N12O19,-0.25036,-824.804,r2SCAN-D4,P1
C48H18N12O19Zn4-1_13-r2SCAN-D4,Zn4H18C48N12O19,-0.193216,-819.032,r2SCAN-D4,P1
C48H18N12O19Zn4-1_1-r2SCAN-D4,Zn4H18C48N12O19,-0.242234,-823.983,r2SCAN-D4,P1
C48H16N16O17Zn4-0_7-r2SCAN-D4,Zn4H16C48N16O17,-0.0988726,-827.552,r2SCAN-D4,P1
C32H24N16O13Zn4-0_7-r2SCAN-D4,Zn4H24C32N16O13,-0.273522,-686.009,r2SCAN-D4,P1
C28H20N12O25Zn4-2_12-r2SCAN-D4,Zn4H20C28N12O25,-0.256913,-663.882,r2SCAN-D4,P1
C60H30N6O13Zn4-2_8-r2SCAN-D4,Zn4H30C60N6O13,-0.146914,-887.974,r2SCAN-D4,P1
C60H20N12O13Zn4-1_2-r2SCAN-D4,Zn4H20C60N12O13,-0.00119917,-891.841,r2SCAN-D4,P1
C60H18N12O13S6Zn4-1_14-r2SCAN-D4,Zn4H18C60S6N12O13,0.0389247,-929.183,r2SCAN-D4,P1
C60H16N16O13Zn4-0_8-r2SCAN-D4,Zn4H16C60N16O13,-0.00589354,-915.129,r2SCAN-D4,P1
C56H32O17S4Zn4-1_14-r2SCAN-D4,Zn4H32C56S4O17,-0.250233,-867.395,r2SCAN-D4,P1
C56H32N4O17Zn4-1_10-r2SCAN-D4,Zn4H32C56N4O17,-0.269353,-873.637,r2SCAN-D4,P1
C56H32N4O17Zn4-3_5-r2SCAN-D4,Zn4H32C56N4O17,-0.267172,-873.39,r2SCAN-D4,P1
C56H24N4O21Zn4-2_17-r2SCAN-D4,Zn4H24C56N4O21,-0.235275,-864.474,r2SCAN-D4,P1
C56H24N16O13Zn4-0_6-r2SCAN-D4,Zn4H24C56N16O13,-0.0505092,-907.781,r2SCAN-D4,P1
C56H20N12O13Zn4-0_7-r2SCAN-D4,Zn4H20C56N12O13,-0.0894318,-861.032,r2SCAN-D4,P1
C54H39N9O16Zn4-3_7-r2SCAN-D4,Zn4H39C54N9O16,-0.215741,-913.619,r2SCAN-D4,P1
C54H18N12O19Zn4-3_14-r2SCAN-D4,Zn4H18C54N12O19,-0.205668,-881.626,r2SCAN-D4,P1
C54H18N12O13S6Zn4-0_3-r2SCAN-D4,Zn4H18C54S6N12O13,-0.0402625,-877.787,r2SCAN-D4,P1
C52H32N8O17Zn4-3_13-r2SCAN-D4,Zn4H32C52N8O17,-0.247005,-867.648,r2SCAN-D4,P1
C52H32N4O17Zn4-1_4-r2SCAN-D4,Zn4H32C52N4O17,-0.248164,-830.182,r2SCAN-D4,P1
C52H32N4O17Zn4-1_1-r2SCAN-D4,Zn4H32C52N4O17,-0.272769,-832.864,r2SCAN-D4,P1
C44H40N20O17Zn4-0_8-r2SCAN-D4,Zn4H40C44N20O17,-0.252287,-928.605,r2SCAN-D4,P1
C44H28N16O13Zn4-1_2-r2SCAN-D4,Zn4H28C44N16O13,-0.194613,-816.132,r2SCAN-D4,P1
C42H30N12O16Zn4-1_8-r2SCAN-D4,Zn2H15C21(N3O4)2,-0.310641,-795.742,r2SCAN-D4,P1
C44H16N40O13Zn4-3_1-r2SCAN-D4,Zn4H16C44N40O13,0.119458,-959.864,r2SCAN-D4,P1
C40H40N16O25Zn4-1_10-r2SCAN-D4,Zn4H40C40N16O25,-0.309184,-905.612,r2SCAN-D4,P1
C40H16N24O25Zn4-1_8-r2SCAN-D4,Zn4H16C40N24O25,-0.136946,-872.134,r2SCAN-D4,P1
C52H24N8O17Zn4-2-r2SCAN-D4,Zn4H24C52N8O17,-0.202833,-833.378,r2SCAN-D4,P1
C52H24N8O17Zn4-2_8-r2SCAN-D4,Zn4H24C52N8O17,-0.175661,-830.525,r2SCAN-D4,P1
C36H26N6O11Zn4-3_3-r2SCAN-D4,Zn4H26C36N6O11,-0.213331,-623.2,r2SCAN-D4,P1
C52H24N8O17Zn4-1_8-r2SCAN-D4,Zn4H24C52N8O17,-0.144338,-827.236,r2SCAN-D4,P1
C52H28N4O21Zn4-0_6-r2SCAN-D4,Zn4H28C52N4O21,-0.293329,-844.561,r2SCAN-D4,P1
C48H40N16O13Zn4-2_4-r2SCAN-D4,Zn4H40C48N16O13,-0.230498,-905.139,r2SCAN-D4,P1
C48H36N6O13S3Zn4-3_2-r2SCAN-D4,Zn4H36C48S3N6O13,-0.178733,-815.963,r2SCAN-D4,P1
C48H32N8O17Zn4-1-r2SCAN-D4,Zn4H32C48N8O17,-0.249686,-826.884,r2SCAN-D4,P1
C52H32N4O17Zn4-3_13-r2SCAN-D4,Zn4H32C52N4O17,-0.292614,-835.027,r2SCAN-D4,P1
C44H40N8O13Zn4-0_15-r2SCAN-D4,Zn4H40C44N8O13,-0.209957,-786.857,r2SCAN-D4,P1
C48H28N12O21Zn4-0-r2SCAN-D4,Zn4H28C48(N4O7)3,-0.188791,-867.062,r2SCAN-D4,P1
C48H24N8O17S8Zn4-3_10-r2SCAN-D4,Zn4H24C48S8N8O17,-0.125087,-850.694,r2SCAN-D4,P1
C48H24N8O33Zn4-1_3-r2SCAN-D4,Zn4H24C48N8O33,-0.371987,-908.671,r2SCAN-D4,P1
C46H30N8O15Zn4-0_6-r2SCAN-D4,Zn4H30C46N8O15,-0.220601,-783.8,r2SCAN-D4,P1
C48H16N16O17Zn4-0_12-r2SCAN-D4,Zn4H16C48N16O17,-0.0711376,-824.751,r2SCAN-D4,P1
C64H20N16O13Zn4-0_2-MACE-OMat-D3,C64H20N16O13Zn4-0_2-MACE-OMat-D3,0.00260398,-855.229,MACE-OMat-D3,P1
C60H42N6O13Zn4-0_8-MACE-OMat-D3,C60H42N6O13Zn4-0_8-MACE-OMat-D3,-0.224132,-834.688,MACE-OMat-D3,P1
C60H40N4O17Zn4-1-MACE-OMat-D3,C60H40N4O17Zn4-1-MACE-OMat-D3,-0.215375,-830.209,MACE-OMat-D3,P1
C56H32N8O13S8Zn4-5_2-MACE-OMat-D3,C56H32N8O13S8Zn4-5_2-MACE-OMat-D3,-0.110883,-800.592,MACE-OMat-D3,P1
C56H16N12O13Zn4-3_17-MACE-OMat-D3,C56H16N12O13Zn4-3_17-MACE-OMat-D3,-0.0952497,-745.243,MACE-OMat-D3,P1
C54H24N12O19Zn4-0_2-MACE-OMat-D3,C54H24N12O19Zn4-0_2-MACE-OMat-D3,-0.194799,-794.885,MACE-OMat-D3,P1
C54H18N12O19Zn4-3_13-MACE-OMat-D3,C54H18N12O19Zn4-3_13-MACE-OMat-D3,-0.215257,-776.443,MACE-OMat-D3,P1
C54H18N12O13S6Zn4-0_7-MACE-OMat-D3,C54H18N12O13S6Zn4-0_7-MACE-OMat-D3,-0.0773482,-756.77,MACE-OMat-D3,P1
C54H18N12O13S6Zn4-0_8-MACE-OMat-D3,C54H18N12O13S6Zn4-0_8-MACE-OMat-D3,-0.104048,-759.627,MACE-OMat-D3,P1
C52H32N4O17Zn4-1_15-MACE-OMat-D3,C52H32N4O17Zn4-1_15-MACE-OMat-D3,-0.281166,-734.427,MACE-OMat-D3,P1
C52H28N8O13Zn4-1_1-MACE-OMat-D3,C52H28N8O13Zn4-1_1-MACE-OMat-D3,-0.220541,-727.548,MACE-OMat-D3,P1
C52H28N4O21Zn4-3_16-MACE-OMat-D3,C52H28N4O21Zn4-3_16-MACE-OMat-D3,-0.326725,-746.211,MACE-OMat-D3,P1
C52H28N12O17Zn4-1_5-MACE-OMat-D3,C52H28N12O17Zn4-1_5-MACE-OMat-D3,-0.204425,-780.662,MACE-OMat-D3,P1
C48H30N12O13Zn4-2-MACE-OMat-D3,C48H30N12O13Zn4-2-MACE-OMat-D3,-0.220521,-731.074,MACE-OMat-D3,P1
C48H30N12O13Zn4-0_3-MACE-OMat-D3,C48H30N12O13Zn4-0_3-MACE-OMat-D3,-0.230924,-732.187,MACE-OMat-D3,P1
C48H28N12O17Zn4-2_1-MACE-OMat-D3,C48H28N12O17Zn4-2_1-MACE-OMat-D3,-0.244963,-747.484,MACE-OMat-D3,P1
C48H24N8O17Zn4-2_3-MACE-OMat-D3,C48H24N8O17Zn4-2_3-MACE-OMat-D3,-0.235921,-698.258,MACE-OMat-D3,P1
C48H24N12O13Zn4-2_18-MACE-OMat-D3,C48H24N12O13Zn4-2_18-MACE-OMat-D3,-0.182378,-706.436,MACE-OMat-D3,P1
C48H18N12O19Zn4-2_16-MACE-OMat-D3,C48H18N12O19Zn4-2_16-MACE-OMat-D3,-0.173256,-715.741,MACE-OMat-D3,P1
C48H18N12O19Zn4-0_4-MACE-OMat-D3,C48H18N12O19Zn4-0_4-MACE-OMat-D3,-0.284744,-727.001,MACE-OMat-D3,P1
C44H40N20O17Zn4-3_11-MACE-OMat-D3,C44H40N20O17Zn4-3_11-MACE-OMat-D3,-0.361773,-834.908,MACE-OMat-D3,P1
C44H36N8O21Zn4-1_14-MACE-OMat-D3,C44H36N8O21Zn4-1_14-MACE-OMat-D3,-0.442325,-746.351,MACE-OMat-D3,P1
C44H32N8O17Zn4-3_5-MACE-OMat-D3,C44H32N8O17Zn4-3_5-MACE-OMat-D3,-0.311617,-696.321,MACE-OMat-D3,P1
C44H32N32O13Zn4-2_17-MACE-OMat-D3,C44H32N32O13Zn4-2_17-MACE-OMat-D3,-0.199762,-869.05,MACE-OMat-D3,P1
C42H30N4O11Zn4-2_7-MACE-OMat-D3,C42H30N4O11Zn4-2_7-MACE-OMat-D3,-0.17757,-591.816,MACE-OMat-D3,P1
C38H28N4O13Zn4-3_11-MACE-OMat-D3,C38H28N4O13Zn4-3_11-MACE-OMat-D3,-0.320092,-570.136,MACE-OMat-D3,P1
C30H18N12O10Zn4-2_6-MACE-OMat-D3,C30H18N12O10Zn4-2_6-MACE-OMat-D3,-0.212822,-503.954,MACE-OMat-D3,P1
C28H24O11Zn4-1_3-MACE-OMat-D3,C28H24O11Zn4-1_3-MACE-OMat-D3,-0.353722,-417.791,MACE-OMat-D3,P1
C28H24N16O13Zn4-0_3-MACE-OMat-D3,C28H24N16O13Zn4-0_3-MACE-OMat-D3,-0.379915,-569.794,MACE-OMat-D3,P1
C24H24N24O13Zn4-0_13-MACE-OMat-D3,C24H24N24O13Zn4-0_13-MACE-OMat-D3,-0.196591,-584.976,MACE-OMat-D3,P1
C21H18O13Zn4-2-MACE-OMat-D3,C21H18O13Zn4-2-MACE-OMat-D3,-0.533388,-350.032,MACE-OMat-D3,P1
C20H12N2O5Zn4-3-MACE-OMat-D3,C20H12N2O5Zn4-3-MACE-OMat-D3,0.0898944,-264.744,MACE-OMat-D3,P1
C18H12O19Zn4-0_6-MACE-OMat-D3,C18H12O19Zn4-0_6-MACE-OMat-D3,-0.741844,-342.123,MACE-OMat-D3,P1
C36H42N9O16Zn4-0-bnn-MACE-OMat-D3,C36H42N9O16Zn4-0-bnn-MACE-OMat-D3,-0.343704,-662.654,MACE-OMat-D3,P1
C21H18O13Zn4-2_2-r2SCAN-D4,C21H18O13Zn4-2_2-r2SCAN-D4,-0.50032,-412.336,r2SCAN-D4,P1
C20H12O13Zn4-2_10-r2SCAN-D4,C20H12O13Zn4-2_10-r2SCAN-D4,-0.42472,-374.371,r2SCAN-D4,P1
C56H24N4O21Zn4-2_7-MACE-OMat-D3,C56H24N4O21Zn4-2_7-MACE-OMat-D3,-0.25063,-761.72,MACE-OMat-D3,P1
C56H20N4O13Zn4-1_12-MACE-OMat-D3,C56H20N4O13Zn4-1_12-MACE-OMat-D3,-0.10235,-691.769,MACE-OMat-D3,P1
C56H20N12O13Zn4-2_6-MACE-OMat-D3,C56H20N12O13Zn4-2_6-MACE-OMat-D3,-0.139746,-763.271,MACE-OMat-D3,P1
C51H42N6O19Zn4-0_11-MACE-OMat-D3,C51H42N6O19Zn4-0_11-MACE-OMat-D3,-0.360901,-797.638,MACE-OMat-D3,P1
C51H33N12O22Zn4-0_10-MACE-OMat-D3,C51H33N12O22Zn4-0_10-MACE-OMat-D3,-0.334644,-830.153,MACE-OMat-D3,P1
C51H27N21O10Zn4-0_1-MACE-OMat-D3,C51H27N21O10Zn4-0_1-MACE-OMat-D3,-0.0774905,-794.345,MACE-OMat-D3,P1
C50H34N6O13Zn4-1_4-MACE-OMat-D3,C50H34N6O13Zn4-1_4-MACE-OMat-D3,-0.246326,-715.132,MACE-OMat-D3,P1
C48H24N20O5Zn4-2_2-MACE-OMat-D3,C48H24N20O5Zn4-2_2-MACE-OMat-D3,0.0970638,-705.384,MACE-OMat-D3,P1
C48H24N20O13Zn4-1-MACE-OMat-D3,C48H24N20O13Zn4-1-MACE-OMat-D3,-0.194034,-775.922,MACE-OMat-D3,P1
C36H32N12O17Zn4-1_14-MACE-OMat-D3,C36H32N12O17Zn4-1_14-MACE-OMat-D3,-0.42619,-666.468,MACE-OMat-D3,P1
C36H24N6O13Zn4-0_10-MACE-OMat-D3,C36H24N6O13Zn4-0_10-MACE-OMat-D3,-0.310584,-553.391,MACE-OMat-D3,P1
C36H18N6O13Zn4-1_7-MACE-OMat-D3,C36H18N6O13Zn4-1_7-MACE-OMat-D3,-0.281057,-529.791,MACE-OMat-D3,P1
C36H18N6O13Zn4-0_12-MACE-OMat-D3,C36H18N6O13Zn4-0_12-MACE-OMat-D3,-0.282189,-529.878,MACE-OMat-D3,P1
C36H18N6O13S3Zn4-3_9-MACE-OMat-D3,C36H18N6O13S3Zn4-3_9-MACE-OMat-D3,-0.223121,-538.386,MACE-OMat-D3,P1
C44H28N16O13Zn4-1_4-MACE-OMat-D3,C44H28N16O13Zn4-1_4-MACE-OMat-D3,-0.235061,-722.272,MACE-OMat-D3,P1
C44H24O13Zn4-3_2-MACE-OMat-D3,C44H24O13Zn4-3_2-MACE-OMat-D3,-0.326773,-578.878,MACE-OMat-D3,P1
C44H24N8O17Zn4-2_18-MACE-OMat-D3,C44H24N8O17Zn4-2_18-MACE-OMat-D3,-0.248281,-661.735,MACE-OMat-D3,P1
C44H24N8O17Zn4-0_9-MACE-OMat-D3,C44H24N8O17Zn4-0_9-MACE-OMat-D3,-0.172616,-654.395,MACE-OMat-D3,P1
C44H24N8O13S4Zn4-0_1-MACE-OMat-D3,C44H24N8O13S4Zn4-0_1-MACE-OMat-D3,-0.204232,-654.184,MACE-OMat-D3,P1
C44H24N16O13Zn4-3_15-MACE-OMat-D3,C44H24N16O13Zn4-3_15-MACE-OMat-D3,-0.148595,-699.624,MACE-OMat-D3,P1
C24H18O13S3Zn4-3_4-r2SCAN-D4,C24H18O13S3Zn4-3_4-r2SCAN-D4,-0.330143,-459.231,r2SCAN-D4,P1
C36H24N6O13Zn4-0_8-r2SCAN-D4,C36H24N6O13Zn4-0_8-r2SCAN-D4,-0.306285,-635.644,r2SCAN-D4,P1
C36H18O16Zn4-2_14-r2SCAN-D4,C36H18O16Zn4-2_14-r2SCAN-D4,-0.381077,-580.237,r2SCAN-D4,P1
C36H18N6O13Zn4-2_2-r2SCAN-D4,C36H18N6O13Zn4-2_2-r2SCAN-D4,-0.279311,-610.987,r2SCAN-D4,P1
C33H27N6O13Zn4-0_3-r2SCAN-D4,C33H27N6O13Zn4-0_3-r2SCAN-D4,-0.315737,-616.748,r2SCAN-D4,P1
C8H5Mg2N1O3-8-r2SCAN-D4,C8H5Mg2N1O3-8-r2SCAN-D4,-0.12728,-134.848,r2SCAN-D4,P1
C11H8Mg2N2O2S1-13-r2SCAN-D4,C11H8Mg2N2O2S1-13-r2SCAN-D4,0.176568,-179.722,r2SCAN-D4,P1
C8H7Mg2N3O3-6-r2SCAN-D4,C8H7Mg2N3O3-6-r2SCAN-D4,-0.265531,-163.753,r2SCAN-D4,P1
C44H24N8O17Zn4-2_11-r2SCAN-D4,Zn4H24C44N8O17,-0.277233,-758.836,r2SCAN-D4,P1
C44H20N8O13Zn4-3_12-r2SCAN-D4,Zn4H20C44N8O13,-0.122998,-705.78,r2SCAN-D4,P1
C44H24N8O13S4Zn4-1_1-r2SCAN-D4,Zn4H24C44S4N8O13,-0.153289,-756.053,r2SCAN-D4,P1
C42H24N6O13Zn4-3_1-r2SCAN-D4,Zn4H24C42N6O13,-0.26144,-693.593,r2SCAN-D4,P1
C42H24N6O13Zn4-2-r2SCAN-D4,Zn4H24C42N6O13,-0.261149,-693.567,r2SCAN-D4,P1
C40H24N8O25Zn4-1_11-r2SCAN-D4,Zn4H24C40N8O25,-0.442728,-783.16,r2SCAN-D4,P1
C40H20N8O17Zn4-1_11-r2SCAN-D4,Zn4H20C40N8O17,-0.177746,-693.868,r2SCAN-D4,P1
C40H20N12O13Zn4-1_17-r2SCAN-D4,Zn4H20C40N12O13,-0.158274,-705.456,r2SCAN-D4,P1
C40H20N8O17Zn4-0_9-r2SCAN-D4,Zn4H20C40N8O17,-0.203418,-696.153,r2SCAN-D4,P1
C42H18N24O10Zn4-1_2-r2SCAN-D4,Zn2H9C21N12O5,0.0449142,-792.438,r2SCAN-D4,P1
C38H28N4O13Zn4-0_15-r2SCAN-D4,Zn4H28C38N4O13,-0.289769,-650.992,r2SCAN-D4,P1
C36H32N12O17Zn4-3_1-r2SCAN-D4,Zn4H32C36N12O17,-0.357746,-752.201,r2SCAN-D4,P1
C36H30N9O13Zn4-1_11-r2SCAN-D4,Zn4H30C36N9O13,-0.290243,-685.119,r2SCAN-D4,P1
C36H20N8O21Zn4-2_5-r2SCAN-D4,Zn4H20C36N8O21,-0.300278,-687.989,r2SCAN-D4,P1
C24H20N4O13Zn4-2_12-r2SCAN-D4,Zn4H20C24N4O13,-0.408877,-484.465,r2SCAN-D4,P1
C40H20N8O13Zn4-3_11-r2SCAN-D4,Zn4H20C40N8O13,-0.183194,-670.336,r2SCAN-D4,P1
C36H16N8O13Zn4-3_2-r2SCAN-D4,Zn4H16C36N8O13,-0.196363,-615.989,r2SCAN-D4,P1
C28H24N16O13Zn4-0_13-r2SCAN-D4,Zn4H24C28N16O13,-0.353784,-651.669,r2SCAN-D4,P1
C34H22N8O15Zn4-1_9-r2SCAN-D4,Zn4H22C34N8O15,-0.333051,-640.862,r2SCAN-D4,P1
C48H24N8O17Zn4-2_3-r2SCAN-D4,Zn4H24C48N8O17,-0.220305,-794.264,r2SCAN-D4,P1
C48H18N12O19Zn4-3-r2SCAN-D4,Zn4H18C48N12O19,-0.253261,-825.097,r2SCAN-D4,P1
C48H18N12O19Zn4-2_9-r2SCAN-D4,Zn4H18C48N12O19,-0.248199,-824.586,r2SCAN-D4,P1
C48H18N12O19Zn4-0_11-r2SCAN-D4,Zn4H18C48N12O19,-0.244213,-824.183,r2SCAN-D4,P1
C48H16N16O17Zn4-2_8-r2SCAN-D4,Zn4H16C48N16O17,-0.098658,-827.531,r2SCAN-D4,P1
C44H32N8O13Zn4-3_8-r2SCAN-D4,Zn4H32C44N8O13,-0.226141,-759.156,r2SCAN-D4,P1
C36H24N15O13Zn4-3_16-r2SCAN-D4,Zn4H24C36N15O13,-0.202313,-711.195,r2SCAN-D4,P1
C36H12N27O13Zn4-1_3-r2SCAN-D4,Zn4H12C36N27O13,-0.0215333,-762.893,r2SCAN-D4,P1
C24H24N24O13Zn4-2_9-r2SCAN-D4,Zn4H24C24N24O13,-0.227365,-674.973,r2SCAN-D4,P1
C56H40N8O13Zn4-3-r2SCAN-D4,Zn4H40C56N8O13,-0.143983,-901.598,r2SCAN-D4,P1
C56H32N8O13S8Zn4-4_16-r2SCAN-D4,Zn4H32C56S8N8O13,-0.0885263,-932.279,r2SCAN-D4,P1
C56H24N8O13S8Zn4-3_9-r2SCAN-D4,Zn4H24C56S8N8O13,-0.000152474,-893.929,r2SCAN-D4,P1
C56H20N12O13Zn4-2_3-r2SCAN-D4,Zn4H20C56N12O13,-0.081982,-860.25,r2SCAN-D4,P1
C56H20N12O13Zn4-0_15-r2SCAN-D4,Zn4H20C56N12O13,-0.0900079,-861.093,r2SCAN-D4,P1
C54H42N12O13Zn4-0_15-r2SCAN-D4,Zn4H42C54N12O13,-0.140627,-925.239,r2SCAN-D4,P1
C54H36N18O13Zn4-0_7-r2SCAN-D4,Zn4H36C54N18O13,-0.168197,-962.85,r2SCAN-D4,P1
C54H18N12O13S6Zn4-3_9-r2SCAN-D4,Zn4H18C54S6N12O13,-0.0415575,-877.926,r2SCAN-D4,P1
C52H36N12O13Zn4-1-r2SCAN-D4,Zn4H36C52N12O13,-0.166054,-886.313,r2SCAN-D4,P1
C52H32N4O17Zn4-3_4-r2SCAN-D4,Zn4H32C52N4O17,-0.248083,-830.173,r2SCAN-D4,P1
C52H32N12O17Zn4-3_5-r2SCAN-D4,Zn4H32C52N12O17,-0.203448,-900.144,r2SCAN-D4,P1
C44H28N16O13Zn4-2_11-r2SCAN-D4,Zn4H28C44N16O13,-0.220402,-818.84,r2SCAN-D4,P1
C44H32N32O13Zn4-0_1-r2SCAN-D4,Zn4H32C44N32O13,-0.0370458,-960.574,r2SCAN-D4,P1
C40H36N8O15Zn4-2_13-r2SCAN-D4,Zn4H36C40N8O15,-0.236044,-746.03,r2SCAN-D4,P1
C40H24N16O21Zn4-0_9-r2SCAN-D4,Zn4H24C40N16O21,-0.194708,-808.814,r2SCAN-D4,P1
C52H28N12O17Zn4-2_5-r2SCAN-D4,Zn4H28C52N12O17,-0.145309,-878.933,r2SCAN-D4,P1
C52H28N12O17Zn4-3_15-r2SCAN-D4,Zn4H28C52N12O17,-0.201544,-885.288,r2SCAN-D4,P1
C51H33N9O13Zn4-0_10-r2SCAN-D4,Zn4H33C51N9O13,-0.169686,-837.709,r2SCAN-D4,P1
C48H40N8O13Zn4-0_6-r2SCAN-D4,Zn4H40C48N8O13,-0.206972,-827.428,r2SCAN-D4,P1
C48H42N12O13Zn4-1_1-r2SCAN-D4,Zn4H42C48N12O13,-0.212853,-872.888,r2SCAN-D4,P1
C48H30N12O13Zn4-2_5-r2SCAN-D4,Zn4H30C48N12O13,-0.181942,-825.543,r2SCAN-D4,P1
C52H32N8O17Zn4-1_15-r2SCAN-D4,Zn4H32C52N8O17,-0.250371,-868.028,r2SCAN-D4,P1
C54H24N12O13S3Zn4-0_4-r2SCAN-D4,Zn4H24C54S3N12O13,-0.042066,-874.455,r2SCAN-D4,P1
C44H40N20O17Zn4-3_11-r2SCAN-D4,Zn4H40C44N20O17,-0.286426,-932.872,r2SCAN-D4,P1
C48H24N8O17S4Zn4-0_2-r2SCAN-D4,Zn4H24C48S4N8O17,-0.137372,-818.96,r2SCAN-D4,P1
C48H24N6O13S9Zn4-1_1-r2SCAN-D4,Zn4H24C48S9N6O13,-0.158632,-820.102,r2SCAN-D4,P1
C48H24N6O19S6Zn4-0_9-r2SCAN-D4,Zn4H24C48S6N6O19,-0.202397,-835.794,r2SCAN-D4,P1
C48H24N24O10Zn4-2_8-r2SCAN-D4,Zn2H12C24N12O5,0.0394524,-873.344,r2SCAN-D4,P1
C48H32N20O17Zn4-1_2-r2SCAN-D4,Zn4H32C48N20O17,-0.167381,-929.735,r2SCAN-D4,P1
C48H24N24O10Zn4-0_1-r2SCAN-D4,Zn2H12C24N12O5,0.0306919,-874.307,r2SCAN-D4,P1
C46H30N8O15Zn4-2_1-r2SCAN-D4,Zn4H30C46N8O15,-0.231629,-784.936,r2SCAN-D4,P1
C45H42N6O13Zn4-0_14-r2SCAN-D4,Zn4H42C45N6O13,-0.216875,-786.457,r2SCAN-D4,P1
C36H18N6O13S6Zn4-3_2-r2SCAN-D4,Zn4H18C36S6N6O13,-0.226924,-657.1,r2SCAN-D4,P1
C24H20N10O11Zn4-0_10-r2SCAN-D4,Zn4H20C24N10O11,-0.318191,-523.108,r2SCAN-D4,P1
C42H24N6O13S3Zn4-3_9-r2SCAN-D4,Zn4H24C42S3N6O13,-0.237024,-716.523,r2SCAN-D4,P1
C42H24N6O13S3Zn4-2_16-r2SCAN-D4,Zn4H24C42S3N6O13,-0.23815,-716.627,r2SCAN-D4,P1
C60H36N12O13Zn4-2-MACE-OMat-D3,C60H36N12O13Zn4-2-MACE-OMat-D3,-0.105736,-850.494,MACE-OMat-D3,P1
C60H16N16O13Zn4-0_16-MACE-OMat-D3,C60H16N16O13Zn4-0_16-MACE-OMat-D3,-0.0490607,-811.128,MACE-OMat-D3,P1
C56H40N8O17Zn4-1_2-MACE-OMat-D3,C56H40N8O17Zn4-1_2-MACE-OMat-D3,-0.178549,-822.206,MACE-OMat-D3,P1
C56H32N8O17Zn4-3_3-MACE-OMat-D3,C56H32N8O17Zn4-3_3-MACE-OMat-D3,-0.153644,-791.914,MACE-OMat-D3,P1
C56H32N8O13S8Zn4-3_8-MACE-OMat-D3,C56H32N8O13S8Zn4-3_8-MACE-OMat-D3,-0.185995,-809.68,MACE-OMat-D3,P1
C56H16N12O13Zn4-3_12-MACE-OMat-D3,C56H16N12O13Zn4-3_12-MACE-OMat-D3,-0.0930275,-745.019,MACE-OMat-D3,P1
C56H16N12O13Zn4-2_3-MACE-OMat-D3,C56H16N12O13Zn4-2_3-MACE-OMat-D3,-0.0895275,-744.665,MACE-OMat-D3,P1
C54H42N12O13Zn4-1_7-MACE-OMat-D3,C54H42N12O13Zn4-1_7-MACE-OMat-D3,-0.232542,-830.639,MACE-OMat-D3,P1
C54H36N6O13S6Zn4-1_7-MACE-OMat-D3,C54H36N6O13S6Zn4-1_7-MACE-OMat-D3,-0.185185,-778.851,MACE-OMat-D3,P1
C54H30N12O10Zn4-1_4-MACE-OMat-D3,C54H30N12O10Zn4-1_4-MACE-OMat-D3,-0.0945919,-758.207,MACE-OMat-D3,P1
C54H18N12O19Zn4-0_7-MACE-OMat-D3,C54H18N12O19Zn4-0_7-MACE-OMat-D3,-0.218137,-776.751,MACE-OMat-D3,P1
C52H32N8O17Zn4-2_16-MACE-OMat-D3,C52H32N8O17Zn4-2_16-MACE-OMat-D3,-0.233764,-763.574,MACE-OMat-D3,P1
C52H24N8O17Zn4-1_2-MACE-OMat-D3,C52H24N8O17Zn4-1_2-MACE-OMat-D3,-0.236036,-735.992,MACE-OMat-D3,P1
C48H32N8O13Zn4-2_7-MACE-OMat-D3,C48H32N8O13Zn4-2_7-MACE-OMat-D3,-0.278171,-709.795,MACE-OMat-D3,P1
C48H30N12O13Zn4-0_12-MACE-OMat-D3,C48H30N12O13Zn4-0_12-MACE-OMat-D3,-0.217271,-730.726,MACE-OMat-D3,P1
C48H28N4O17Zn4-0_3-MACE-OMat-D3,C48H28N4O17Zn4-0_3-MACE-OMat-D3,-0.298429,-684.168,MACE-OMat-D3,P1
C48H28N4O13Zn4-1_12-MACE-OMat-D3,C48H28N4O13Zn4-1_12-MACE-OMat-D3,-0.256535,-659.118,MACE-OMat-D3,P1
C48H28N4O13Zn4-0_6-MACE-OMat-D3,C48H28N4O13Zn4-0_6-MACE-OMat-D3,-0.247573,-658.249,MACE-OMat-D3,P1
C48H28N12O17Zn4-3_5-MACE-OMat-D3,C48H28N12O17Zn4-3_5-MACE-OMat-D3,-0.274692,-750.725,MACE-OMat-D3,P1
C48H28N12O17Zn4-2_19-MACE-OMat-D3,C48H28N12O17Zn4-2_19-MACE-OMat-D3,-0.26942,-750.15,MACE-OMat-D3,P1
C48H27N9O13Zn4-1_16-MACE-OMat-D3,C48H27N9O13Zn4-1_16-MACE-OMat-D3,-0.220526,-694.986,MACE-OMat-D3,P1
C48H24N8O33Zn4-3_5-MACE-OMat-D3,C48H24N8O33Zn4-3_5-MACE-OMat-D3,-0.473904,-809.047,MACE-OMat-D3,P1
C48H18N6O13S6Zn4-0_8-MACE-OMat-D3,C48H18N6O13S6Zn4-0_8-MACE-OMat-D3,-0.202633,-662.508,MACE-OMat-D3,P1
C48H18N12O19Zn4-1_2-MACE-OMat-D3,C48H18N12O19Zn4-1_2-MACE-OMat-D3,-0.199185,-718.36,MACE-OMat-D3,P1
C46H30N8O15Zn4-1_11-MACE-OMat-D3,C46H30N8O15Zn4-1_11-MACE-OMat-D3,-0.172272,-683.351,MACE-OMat-D3,P1
C44H36N16O13Zn4-2_7-MACE-OMat-D3,C44H36N16O13Zn4-2_7-MACE-OMat-D3,-0.293732,-756.732,MACE-OMat-D3,P1
C44H32O17Zn4-4_10-MACE-OMat-D3,C44H32O17Zn4-4_10-MACE-OMat-D3,-0.385186,-634.207,MACE-OMat-D3,P1
C44H32N32O13Zn4-1_12-MACE-OMat-D3,C44H32N32O13Zn4-1_12-MACE-OMat-D3,-0.172149,-865.598,MACE-OMat-D3,P1
C42H30N12O16Zn4-1_1-MACE-OMat-D3,C42H30N12O16Zn4-1_1-MACE-OMat-D3,-0.349976,-703.552,MACE-OMat-D3,P1
C42H27N6O10Zn4-0_4-MACE-OMat-D3,C42H27N6O10Zn4-0_4-MACE-OMat-D3,-0.16167,-592.056,MACE-OMat-D3,P1
C42H24N6O10S6Zn4-3_1-MACE-OMat-D3,C42H24N6O10S6Zn4-3_1-MACE-OMat-D3,-0.127747,-604.461,MACE-OMat-D3,P1
C40H40N16O25Zn4-3_13-MACE-OMat-D3,C40H40N16O25Zn4-3_13-MACE-OMat-D3,-0.489842,-820.345,MACE-OMat-D3,P1
C40H32N8O21Zn4-2_11-MACE-OMat-D3,C40H32N8O21Zn4-2_11-MACE-OMat-D3,-0.403515,-688.984,MACE-OMat-D3,P1
C40H24N16O21Zn4-2_5-MACE-OMat-D3,C40H24N16O21Zn4-2_5-MACE-OMat-D3,-0.284308,-717.274,MACE-OMat-D3,P1
C40H20N8O17Zn4-1_6-MACE-OMat-D3,C40H20N8O17Zn4-1_6-MACE-OMat-D3,-0.245952,-609.787,MACE-OMat-D3,P1
C40H20N8O17Zn4-0_3-MACE-OMat-D3,C40H20N8O17Zn4-0_3-MACE-OMat-D3,-0.225386,-607.957,MACE-OMat-D3,P1
C40H20N8O13Zn4-1_5-MACE-OMat-D3,C40H20N8O13Zn4-1_5-MACE-OMat-D3,-0.118169,-578.15,MACE-OMat-D3,P1
C40H20N12O13Zn4-1_8-MACE-OMat-D3,C40H20N12O13Zn4-1_8-MACE-OMat-D3,-0.213156,-620.455,MACE-OMat-D3,P1
C40H12N8O13Zn4-1_2-MACE-OMat-D3,C40H12N8O13Zn4-1_2-MACE-OMat-D3,-0.223296,-559.349,MACE-OMat-D3,P1
C38H28N4O13Zn4-1_11-MACE-OMat-D3,C38H28N4O13Zn4-1_11-MACE-OMat-D3,-0.324644,-570.532,MACE-OMat-D3,P1
C33H18O13Zn4-1_15-MACE-OMat-D3,C33H18O13Zn4-1_15-MACE-OMat-D3,-0.357061,-454.778,MACE-OMat-D3,P1
C28H20N12O25Zn4-1-MACE-OMat-D3,C28H20N12O25Zn4-1-MACE-OMat-D3,-0.393771,-585.571,MACE-OMat-D3,P1
C26H14N2O11Zn4-0_2-MACE-OMat-D3,C26H14N2O11Zn4-0_2-MACE-OMat-D3,-0.31435,-377.872,MACE-OMat-D3,P1
C24H16N8O21Zn4-2_10-MACE-OMat-D3,C24H16N8O21Zn4-2_10-MACE-OMat-D3,-0.471084,-481.99,MACE-OMat-D3,P1
C18H15N3O13Zn4-1_5-MACE-OMat-D3,C18H15N3O13Zn4-1_5-MACE-OMat-D3,-0.573621,-338.283,MACE-OMat-D3,P1
C21H18O13Zn4-3_17-r2SCAN-D4,C21H18O13Zn4-3_17-r2SCAN-D4,-0.546502,-414.922,r2SCAN-D4,P1
C20H12O15Zn4-0_5.0-r2SCAN-D4,C20H12O15Zn4-0_5.0-r2SCAN-D4,-0.53036,-392.25,r2SCAN-D4,P1
C56H24N4O13Zn4-1_5-MACE-OMat-D3,C56H24N4O13Zn4-1_5-MACE-OMat-D3,-0.182391,-713.238,MACE-OMat-D3,P1
C56H24N16O17Zn4-1_13-MACE-OMat-D3,C56H24N16O17Zn4-1_13-MACE-OMat-D3,-0.155243,-832.907,MACE-OMat-D3,P1
C56H24N16O13Zn4-1_13-MACE-OMat-D3,C56H24N16O13Zn4-1_13-MACE-OMat-D3,-0.0911799,-805.255,MACE-OMat-D3,P1
C52H24N16O13Zn4-1_13-MACE-OMat-D3,C52H24N16O13Zn4-1_13-MACE-OMat-D3,-0.128084,-772.134,MACE-OMat-D3,P1
C52H20N8O13Zn4-1_2-MACE-OMat-D3,C52H20N8O13Zn4-1_2-MACE-OMat-D3,-0.149866,-692.978,MACE-OMat-D3,P1
C51H33N12O22Zn4-2_10-MACE-OMat-D3,C51H33N12O22Zn4-2_10-MACE-OMat-D3,-0.377295,-835.357,MACE-OMat-D3,P1
C48H42N12O13Zn4-1_18-MACE-OMat-D3,C48H42N12O13Zn4-1_18-MACE-OMat-D3,-0.316817,-784.105,MACE-OMat-D3,P1
C48H24N6O13S9Zn4-0_6-MACE-OMat-D3,C48H24N6O13S9Zn4-0_6-MACE-OMat-D3,-0.200102,-695.918,MACE-OMat-D3,P1
C44H20N8O13Zn4-2_13-MACE-OMat-D3,C44H20N8O13Zn4-2_13-MACE-OMat-D3,-0.174589,-620.422,MACE-OMat-D3,P1
C44H20N8O13Zn4-1_4-MACE-OMat-D3,C44H20N8O13Zn4-1_4-MACE-OMat-D3,-0.176634,-620.604,MACE-OMat-D3,P1
C44H20N8O13Zn4-1_14-MACE-OMat-D3,C44H20N8O13Zn4-1_14-MACE-OMat-D3,-0.175332,-620.488,MACE-OMat-D3,P1
C38H28N4O13Zn4-1-MACE-OMat-D3,C38H28N4O13Zn4-1-MACE-OMat-D3,-0.317273,-569.89,MACE-OMat-D3,P1
C38H28N4O13Zn4-0_9-MACE-OMat-D3,C38H28N4O13Zn4-0_9-MACE-OMat-D3,-0.307582,-569.047,MACE-OMat-D3,P1
C38H28N4O13Zn4-0_7-MACE-OMat-D3,C38H28N4O13Zn4-0_7-MACE-OMat-D3,-0.284854,-567.07,MACE-OMat-D3,P1
C36H30N9O13Zn4-1_6-MACE-OMat-D3,C36H30N9O13Zn4-1_6-MACE-OMat-D3,-0.351684,-604.464,MACE-OMat-D3,P1
C36H18O16Zn4-3_9-MACE-OMat-D3,C36H18O16Zn4-3_9-MACE-OMat-D3,-0.35024,-498.844,MACE-OMat-D3,P1
C36H18N6O13Zn4-0_2-MACE-OMat-D3,C36H18N6O13Zn4-0_2-MACE-OMat-D3,-0.296434,-530.975,MACE-OMat-D3,P1
C44H24O13Zn4-1_11-r2SCAN-D4,C44H24O13Zn4-1_11-r2SCAN-D4,-0.318598,-662.533,r2SCAN-D4,P1
C18H12O19Zn4-1_2-r2SCAN-D4,C18H12O19Zn4-1_2-r2SCAN-D4,-0.773356,-409.439,r2SCAN-D4,P1
C48H24N12O19Zn4-0_9-MACE-OMat-D3,C48H24N12O19Zn4-0_9-MACE-OMat-D3,-0.290473,-748.785,MACE-OMat-D3,P1
C44H24O13Zn4-1_8-MACE-OMat-D3,C44H24O13Zn4-1_8-MACE-OMat-D3,-0.280719,-574.963,MACE-OMat-D3,P1
C44H20N8O13Zn4-2_9-MACE-OMat-D3,C44H20N8O13Zn4-2_9-MACE-OMat-D3,-0.213547,-623.89,MACE-OMat-D3,P1
C21H12N6O13Zn4-3_14-r2SCAN-D4,C21H12N6O13Zn4-3_14-r2SCAN-D4,-0.469783,-444.791,r2SCAN-D4,P1
C18H18N6O13Zn4-2_11-r2SCAN-D4,C18H18N6O13Zn4-2_11-r2SCAN-D4,-0.554103,-441.866,r2SCAN-D4,P1
C24H18N6O13Zn4-3_17-r2SCAN-D4,C24H18N6O13Zn4-3_17-r2SCAN-D4,-0.424351,-496.859,r2SCAN-D4,P1
C36H18N6O13S6Zn4-0_7-r2SCAN-D4,C36H18N6O13S6Zn4-0_7-r2SCAN-D4,-0.178093,-653.047,r2SCAN-D4,P1
C44H24N8O17Zn4-2_8-r2SCAN-D4,Zn4H24C44N8O17,-0.237672,-754.999,r2SCAN-D4,P1
C42H24N6O25Zn4-1_14-r2SCAN-D4,Zn4H24C42N6O25,-0.443009,-784.92,r2SCAN-D4,P1
C40H20N8O17Zn4-3_15-r2SCAN-D4,Zn4H20C40N8O17,-0.20722,-696.491,r2SCAN-D4,P1
C24H16N8O21Zn4-3_4-r2SCAN-D4,Zn4H16C24N8O21,-0.481535,-562.384,r2SCAN-D4,P1
C36H18O16Zn4-2_11-r2SCAN-D4,Zn2H9(C9O4)2,-0.407005,-582.155,r2SCAN-D4,P1
C36H18N6O13S3Zn4-2_2-r2SCAN-D4,Zn4H18C36S3N6O13,-0.217145,-631.245,r2SCAN-D4,P1
C34H22N8O15Zn4-3_1-r2SCAN-D4,Zn4H22C34N8O15,-0.332952,-640.853,r2SCAN-D4,P1
C36H18N6O10S6Zn4-3_9-r2SCAN-D4,Zn2H9C18S3N3O5,-0.0924822,-628.201,r2SCAN-D4,P1
C48H18N6O13S6Zn4-3_1-r2SCAN-D4,Zn4H18C48S6N6O13,-0.136057,-771.395,r2SCAN-D4,P1
C48H18N12O19Zn4-0_7-r2SCAN-D4,Zn4H18C48N12O19,-0.243535,-824.115,r2SCAN-D4,P1
C44H32O17Zn4-4_10-r2SCAN-D4,Zn4H32C44O17,-0.362801,-721.583,r2SCAN-D4,P1
C36H18N21O13Zn4-2_18-r2SCAN-D4,Zn4H18C36N21O13,-0.114346,-737.267,r2SCAN-D4,P1
C32H24N16O13Zn4-0_4-r2SCAN-D4,Zn4H24C32N16O13,-0.207918,-680.17,r2SCAN-D4,P1
C60H40N4O17Zn4-3_5-r2SCAN-D4,Zn4H40C60N4O17,-0.20865,-937.005,r2SCAN-D4,P1
C60H18N12O19Zn4-0-r2SCAN-D4,Zn4H18C60N12O19,-0.140514,-935.6,r2SCAN-D4,P1
C60H18N12O13S6Zn4-1_15-r2SCAN-D4,Zn4H18C60S6N12O13,-0.0351637,-937.555,r2SCAN-D4,P1
C60H18N12O13S6Zn4-1_1-r2SCAN-D4,Zn4H18C60S6N12O13,0.0381292,-929.272,r2SCAN-D4,P1
C60H16N16O13Zn4-1_5-r2SCAN-D4,Zn4H16C60N16O13,-0.0186489,-916.519,r2SCAN-D4,P1
C60H18N12O19Zn4-1_6-r2SCAN-D4,Zn4H18C60N12O19,-0.0570729,-926.171,r2SCAN-D4,P1
C56H40N4O13Zn4-3_13-r2SCAN-D4,Zn4H40C56N4O13,-0.20549,-871.614,r2SCAN-D4,P1
C56H32N4O17Zn4-3_11-r2SCAN-D4,Zn4H32C56N4O17,-0.232536,-869.477,r2SCAN-D4,P1
C56H24N16O17Zn4-0-r2SCAN-D4,Zn4H24C56N16O17,-0.0783009,-934.519,r2SCAN-D4,P1
C56H24N12O21Zn4-3_15-r2SCAN-D4,Zn4H24C56(N4O7)3,-0.163393,-931.154,r2SCAN-D4,P1
C56H24N16O13S8Zn4-0_14-r2SCAN-D4,Zn4H24C56S8N16O13,0.000190049,-967.098,r2SCAN-D4,P1
C54H42N12O13Zn4-1_10-r2SCAN-D4,Zn4H42C54N12O13,-0.096844,-919.766,r2SCAN-D4,P1
C54H36N18O13Zn4-2_7-r2SCAN-D4,Zn4H36C54N18O13,-0.0828128,-952.177,r2SCAN-D4,P1
C54H30N6O13Zn4-2_11-r2SCAN-D4,Zn4H30C54N6O13,-0.178883,-830.411,r2SCAN-D4,P1
C52H32N4O13Zn4-0_15-r2SCAN-D4,Zn4H32C52N4O13,-0.212562,-802.167,r2SCAN-D4,P1
C52H32N4O13Zn4-2_13-r2SCAN-D4,Zn4H32C52N4O13,-0.203395,-801.204,r2SCAN-D4,P1
C52H28N8O13Zn4-1_9-r2SCAN-D4,Zn4H28C52N8O13,-0.139913,-817.316,r2SCAN-D4,P1
C44H36N16O13Zn4-0_6-r2SCAN-D4,Zn4H36C44N16O13,-0.224093,-848.675,r2SCAN-D4,P1
C44H32N32O13Zn4-2_14-r2SCAN-D4,Zn4H32C44N32O13,-0.0953689,-967.864,r2SCAN-D4,P1
C44H32N32O13Zn4-0_14-r2SCAN-D4,Zn4H32C44N32O13,-0.0804236,-965.996,r2SCAN-D4,P1
C44H28N16O21Zn4-0_13-r2SCAN-D4,Zn4H28C44N16O21,-0.204946,-865.424,r2SCAN-D4,P1
C42H30N12O16Zn4-0_7-r2SCAN-D4,Zn2H15C21(N3O4)2,-0.305327,-795.19,r2SCAN-D4,P1
C42H30N12O16Zn4-3_6-r2SCAN-D4,Zn2H15C21(N3O4)2,-0.307853,-795.452,r2SCAN-D4,P1
C42H36N18O10Zn4-3_3-r2SCAN-D4,Zn2H18C21N9O5,-0.157276,-821.458,r2SCAN-D4,P1
C44H16N40O13Zn4-3-r2SCAN-D4,Zn4H16C44N40O13,0.140601,-957.39,r2SCAN-D4,P1
C51H42N6O19Zn4-2_19-r2SCAN-D4,Zn4H42C51N6O19,-0.294549,-893.563,r2SCAN-D4,P1
C51H42N6O19Zn4-0_11-r2SCAN-D4,Zn4H42C51N6O19,-0.300427,-894.281,r2SCAN-D4,P1
C50H34N6O13Zn4-0_17-r2SCAN-D4,Zn4H34C50N6O13,-0.22113,-808.691,r2SCAN-D4,P1
C50H34N6O13Zn4-2_8-r2SCAN-D4,Zn4H34C50N6O13,-0.152311,-801.327,r2SCAN-D4,P1
C50H34N6O13Zn4-3_1-r2SCAN-D4,Zn4H34C50N6O13,-0.160906,-802.247,r2SCAN-D4,P1
C48H36N12O13S4Zn4-3_10-r2SCAN-D4,Zn4H36C48S4N12O13,-0.196136,-882.288,r2SCAN-D4,P1
C48H32N8O17Zn4-3_13-r2SCAN-D4,Zn4H32C48N8O17,-0.230651,-824.809,r2SCAN-D4,P1
C48H30N12O13Zn4-2-r2SCAN-D4,Zn4H30C48N12O13,-0.178497,-825.174,r2SCAN-D4,P1
C48H24N6O19S6Zn4-0_1-r2SCAN-D4,Zn4H24C48S6N6O19,-0.229538,-838.698,r2SCAN-D4,P1
C48H24N28O17Zn4-3_2-r2SCAN-D4,Zn4H24C48N28O17,-0.117116,-969.206,r2SCAN-D4,P1
C48H24N16O13S8Zn4-2_16-r2SCAN-D4,Zn4H24C48S8N16O13,-0.0645483,-894.278,r2SCAN-D4,P1
C48H24N16O13S8Zn4-0_2-r2SCAN-D4,Zn4H24C48S8N16O13,-0.0783955,-895.843,r2SCAN-D4,P1
C48H24N12O19Zn4-0_16-r2SCAN-D4,Zn4H24C48N12O19,-0.239247,-845.859,r2SCAN-D4,P1
C46H30N8O15Zn4-0_16-r2SCAN-D4,Zn4H30C46N8O15,-0.241537,-785.957,r2SCAN-D4,P1
C44H40N24O13Zn4-0_7-r2SCAN-D4,Zn4H40C44N24O13,-0.148183,-928.912,r2SCAN-D4,P1
C56H24N4O13Zn4-1_9-r2SCAN-D4,Zn4H24C56N4O13,-0.113677,-803.742,r2SCAN-D4,P1
C42H24N6O13S3Zn4-2_3-r2SCAN-D4,Zn4H24C42S3N6O13,-0.236255,-716.452,r2SCAN-D4,P1
C64H24N16O13Zn4-3_16-MACE-OMat-D3,C64H24N16O13Zn4-3_16-MACE-OMat-D3,-0.0672899,-876.651,MACE-OMat-D3,P1
C64H24N16O13Zn4-0_4-MACE-OMat-D3,C64H24N16O13Zn4-0_4-MACE-OMat-D3,-0.0959621,-880.12,MACE-OMat-D3,P1
C60H40N4O17Zn4-0_11-MACE-OMat-D3,C60H40N4O17Zn4-0_11-MACE-OMat-D3,-0.273783,-837.51,MACE-OMat-D3,P1
C60H24N12O13S6Zn4-0_14-MACE-OMat-D3,C60H24N12O13S6Zn4-0_14-MACE-OMat-D3,-0.0981693,-834.806,MACE-OMat-D3,P1
C60H18N12O13S6Zn4-3_1-MACE-OMat-D3,C60H18N12O13S6Zn4-3_1-MACE-OMat-D3,0.0176836,-801.664,MACE-OMat-D3,P1
C56H32N8O21Zn4-3_9-MACE-OMat-D3,C56H32N8O21Zn4-3_9-MACE-OMat-D3,-0.315448,-831.899,MACE-OMat-D3,P1
C56H32N8O13S8Zn4-6_8-MACE-OMat-D3,C56H32N8O13S8Zn4-6_8-MACE-OMat-D3,-0.112654,-800.806,MACE-OMat-D3,P1
C56H32N4O17Zn4-3_11-MACE-OMat-D3,C56H32N4O17Zn4-3_11-MACE-OMat-D3,-0.267477,-770.784,MACE-OMat-D3,P1
C56H32N4O17Zn4-0_6-MACE-OMat-D3,C56H32N4O17Zn4-0_6-MACE-OMat-D3,-0.278511,-772.03,MACE-OMat-D3,P1
C56H16N12O13Zn4-0_12-MACE-OMat-D3,C56H16N12O13Zn4-0_12-MACE-OMat-D3,-0.0713137,-742.826,MACE-OMat-D3,P1
C54H18N12O13S6Zn4-3_14-MACE-OMat-D3,C54H18N12O13S6Zn4-3_14-MACE-OMat-D3,-0.127518,-762.138,MACE-OMat-D3,P1
C54H18N12O13S6Zn4-2_8-MACE-OMat-D3,C54H18N12O13S6Zn4-2_8-MACE-OMat-D3,-0.130455,-762.453,MACE-OMat-D3,P1
C54H18N12O13S6Zn4-0_1-MACE-OMat-D3,C54H18N12O13S6Zn4-0_1-MACE-OMat-D3,-0.105136,-759.743,MACE-OMat-D3,P1
C52H44N8O17Zn4-1_4-MACE-OMat-D3,C52H44N8O17Zn4-1_4-MACE-OMat-D3,-0.265051,-809.215,MACE-OMat-D3,P1
C52H44N8O17Zn4-2_6-MACE-OMat-D3,C52H44N8O17Zn4-2_6-MACE-OMat-D3,-0.296096,-813.095,MACE-OMat-D3,P1
C52H36N12O9S2Zn4-1_5-MACE-OMat-D3,C52H36N12O9S2Zn4-1_5-MACE-OMat-D3,-0.104221,-764.17,MACE-OMat-D3,P1
C52H32N4O13Zn4-3_10-MACE-OMat-D3,C52H32N4O13Zn4-3_10-MACE-OMat-D3,-0.245231,-709.737,MACE-OMat-D3,P1
C52H32N4O13Zn4-2_15-MACE-OMat-D3,C52H32N4O13Zn4-2_15-MACE-OMat-D3,-0.215864,-706.653,MACE-OMat-D3,P1
C52H32N12O17Zn4-0_1-MACE-OMat-D3,C52H32N12O17Zn4-0_1-MACE-OMat-D3,-0.249943,-799.78,MACE-OMat-D3,P1
C52H28N4O21Zn4-1_16-MACE-OMat-D3,C52H28N4O21Zn4-1_16-MACE-OMat-D3,-0.305855,-743.936,MACE-OMat-D3,P1
C48H32N8O13Zn4-1_15-MACE-OMat-D3,C48H32N8O13Zn4-1_15-MACE-OMat-D3,-0.271194,-709.063,MACE-OMat-D3,P1
C48H27N9O13Zn4-0_3-MACE-OMat-D3,C48H27N9O13Zn4-0_3-MACE-OMat-D3,-0.23015,-695.958,MACE-OMat-D3,P1
C48H24N8O33Zn4-1_3-MACE-OMat-D3,C48H24N8O33Zn4-1_3-MACE-OMat-D3,-0.391683,-799.427,MACE-OMat-D3,P1
C48H24N8O17S8Zn4-2_8-MACE-OMat-D3,C48H24N8O17S8Zn4-2_8-MACE-OMat-D3,-0.213949,-730.78,MACE-OMat-D3,P1
C48H24N6O19S6Zn4-0_4-MACE-OMat-D3,C48H24N6O19S6Zn4-0_4-MACE-OMat-D3,-0.267254,-721.006,MACE-OMat-D3,P1
C46H30N8O15Zn4-3_8-MACE-OMat-D3,C46H30N8O15Zn4-3_8-MACE-OMat-D3,-0.283383,-694.795,MACE-OMat-D3,P1
C45H33N6O13Zn4-3_4-MACE-OMat-D3,C45H33N6O13Zn4-3_4-MACE-OMat-D3,-0.347891,-674.695,MACE-OMat-D3,P1
C45H27N9O19Zn4-3_3-MACE-OMat-D3,C45H27N9O19Zn4-3_3-MACE-OMat-D3,-0.364476,-712.724,MACE-OMat-D3,P1
C44H40N8O13Zn4-1_3-MACE-OMat-D3,C44H40N8O13Zn4-1_3-MACE-OMat-D3,-0.311913,-703.757,MACE-OMat-D3,P1
C45H27N12O10Zn4-2_7-MACE-OMat-D3,C45H27N12O10Zn4-2_7-MACE-OMat-D3,-0.123883,-667.459,MACE-OMat-D3,P1
C44H36N16O13Zn4-3_5-MACE-OMat-D3,C44H36N16O13Zn4-3_5-MACE-OMat-D3,-0.290399,-756.356,MACE-OMat-D3,P1
C44H32N32O13Zn4-3_10-MACE-OMat-D3,C44H32N32O13Zn4-3_10-MACE-OMat-D3,-0.200681,-869.164,MACE-OMat-D3,P1
C42H24N6O13S3Zn4-3_2-MACE-OMat-D3,C42H24N6O13S3Zn4-3_2-MACE-OMat-D3,-0.241911,-617.422,MACE-OMat-D3,P1
C42H24N6O13S3Zn4-2_17-MACE-OMat-D3,C42H24N6O13S3Zn4-2_17-MACE-OMat-D3,-0.258952,-618.99,MACE-OMat-D3,P1
C42H24N6O13S3Zn4-1_7-MACE-OMat-D3,C42H24N6O13S3Zn4-1_7-MACE-OMat-D3,-0.255386,-618.662,MACE-OMat-D3,P1
C40H24N8O25Zn4-0_10-MACE-OMat-D3,C40H24N8O25Zn4-0_10-MACE-OMat-D3,-0.356049,-676.419,MACE-OMat-D3,P1
C39H33O10Zn4-2-MACE-OMat-D3,C39H33O10Zn4-2-MACE-OMat-D3,-0.259304,-541.778,MACE-OMat-D3,P1
C20F6H12Mg4N2O6S2-7-r2SCAN-D4,C20F6H12Mg4N2O6S2-7-r2SCAN-D4,-0.574978,-376.841,r2SCAN-D4,P1
C34H22N4O11Zn4-0_8-MACE-OMat-D3,C34H22N4O11Zn4-0_8-MACE-OMat-D3,-0.227038,-493.178,MACE-OMat-D3,P1
C33H18O10Zn4-0_2-MACE-OMat-D3,C33H18O10Zn4-0_2-MACE-OMat-D3,-0.230297,-430.623,MACE-OMat-D3,P1
C28H20N12O25Zn4-2_13-MACE-OMat-D3,C28H20N12O25Zn4-2_13-MACE-OMat-D3,-0.387584,-585.02,MACE-OMat-D3,P1
C28H20N12O9S4Zn4-1_1-MACE-OMat-D3,C28H20N12O9S4Zn4-1_1-MACE-OMat-D3,-0.126589,-497.618,MACE-OMat-D3,P1
C24H20N4O13Zn4-0_20-MACE-OMat-D3,C24H20N4O13Zn4-0_20-MACE-OMat-D3,-0.473729,-418.405,MACE-OMat-D3,P1
C20H20N4O15Zn4-0_13-MACE-OMat-D3,C20H20N4O15Zn4-0_13-MACE-OMat-D3,-0.553035,-395.571,MACE-OMat-D3,P1
C22H16N4O9Zn4-3_6-r2SCAN-D4,C22H16N4O9Zn4-3_6-r2SCAN-D4,-0.190333,-411.21,r2SCAN-D4,P1
C18H14O11S4Zn4-2_6-r2SCAN-D4,C18H14O11S4Zn4-2_6-r2SCAN-D4,-0.320871,-377.685,r2SCAN-D4,P1
C52H24N16O13Zn4-1_10-MACE-OMat-D3,C52H24N16O13Zn4-1_10-MACE-OMat-D3,-0.137991,-773.214,MACE-OMat-D3,P1
C52H20N12O13Zn4-3_5-MACE-OMat-D3,C52H20N12O13Zn4-3_5-MACE-OMat-D3,-0.113615,-723.295,MACE-OMat-D3,P1
C52H20N12O13Zn4-2_1-MACE-OMat-D3,C52H20N12O13Zn4-2_1-MACE-OMat-D3,-0.106437,-722.57,MACE-OMat-D3,P1
C51H33N9O13Zn4-0-MACE-OMat-D3,C51H33N9O13Zn4-0-MACE-OMat-D3,-0.217335,-743.667,MACE-OMat-D3,P1
C51H33N12O22Zn4-2_2-MACE-OMat-D3,C51H33N12O22Zn4-2_2-MACE-OMat-D3,-0.271452,-822.444,MACE-OMat-D3,P1
C48H24N6O13S6Zn4-2_3-MACE-OMat-D3,C48H24N6O13S6Zn4-2_3-MACE-OMat-D3,-0.10624,-673.451,MACE-OMat-D3,P1
C48H24N20O13Zn4-0_7-MACE-OMat-D3,C48H24N20O13Zn4-0_7-MACE-OMat-D3,-0.188469,-775.316,MACE-OMat-D3,P1
C48H24N16O13S8Zn4-1_17-MACE-OMat-D3,C48H24N16O13S8Zn4-1_17-MACE-OMat-D3,-0.122497,-768.267,MACE-OMat-D3,P1
C36H18N6O25Zn4-2_12-MACE-OMat-D3,C36H18N6O25Zn4-2_12-MACE-OMat-D3,-0.415992,-604.551,MACE-OMat-D3,P1
C36H18N6O13S6Zn4-2_11-MACE-OMat-D3,C36H18N6O13S6Zn4-2_11-MACE-OMat-D3,-0.258407,-554.37,MACE-OMat-D3,P1
C36H18N6O13S3Zn4-1_1-MACE-OMat-D3,C36H18N6O13S3Zn4-1_1-MACE-OMat-D3,-0.282083,-543.103,MACE-OMat-D3,P1
C36H18N6O13S3Zn4-0_16-MACE-OMat-D3,C36H18N6O13S3Zn4-0_16-MACE-OMat-D3,-0.27839,-542.807,MACE-OMat-D3,P1
C36H12N8O13Zn4-1_5-r2SCAN-D4,C36H12N8O13Zn4-1_5-r2SCAN-D4,-0.147997,-597.845,r2SCAN-D4,P1
C18H10N2O9S4Zn4-0_3-r2SCAN-D4,C18H10N2O9S4Zn4-0_3-r2SCAN-D4,-0.126319,-360.09,r2SCAN-D4,P1
C32H14N2O11Zn4-1_1-r2SCAN-D4,C32H14N2O11Zn4-1_1-r2SCAN-D4,-0.128013,-495.403,r2SCAN-D4,P1
C48H30N6O13Zn4-0_4-r2SCAN-D4,C48H30N6O13Zn4-0_4-r2SCAN-D4,-0.225934,-773.987,r2SCAN-D4,P1
C48H28N4O13Zn4-1_16-r2SCAN-D4,C48H28N4O13Zn4-1_16-r2SCAN-D4,-0.230993,-748.358,r2SCAN-D4,P1
C48H28N4O13Zn4-0_10-r2SCAN-D4,C48H28N4O13Zn4-0_10-r2SCAN-D4,-0.227764,-748.045,r2SCAN-D4,P1
C48H27N9O13Zn4-2_15-r2SCAN-D4,C48H27N9O13Zn4-2_15-r2SCAN-D4,-0.166783,-785.096,r2SCAN-D4,P1
C44H32N8O13Zn4-2_13-r2SCAN-D4,Zn4H32C44N8O13,-0.224123,-758.953,r2SCAN-D4,P1
C44H24N8O17Zn4-2_7-r2SCAN-D4,Zn4H24C44N8O17,-0.240382,-755.262,r2SCAN-D4,P1
C44H24N8O13S4Zn4-3_6-r2SCAN-D4,Zn4H24C44S4N8O13,-0.155678,-756.285,r2SCAN-D4,P1
C44H24N8O13S4Zn4-2_5-r2SCAN-D4,Zn4H24C44S4N8O13,-0.161539,-756.853,r2SCAN-D4,P1
C44H20N8O13Zn4-0_10-r2SCAN-D4,Zn4H20C44N8O13,-0.164009,-709.43,r2SCAN-D4,P1
C44H20N8O13S4Zn4-0_7-r2SCAN-D4,Zn4H20C44S4N8O13,-0.154223,-741.699,r2SCAN-D4,P1
C42H24N6O13Zn4-1_13-r2SCAN-D4,Zn4H24C42N6O13,-0.261139,-693.566,r2SCAN-D4,P1
C42H24N6O13Zn4-0_14-r2SCAN-D4,Zn4H24C42N6O13,-0.261191,-693.57,r2SCAN-D4,P1
C38H28N4O13Zn4-1_11-r2SCAN-D4,Zn4H28C38N4O13,-0.31193,-652.92,r2SCAN-D4,P1
C38H28N4O13Zn4-0_9-r2SCAN-D4,Zn4H28C38N4O13,-0.287311,-650.778,r2SCAN-D4,P1
C36H20N8O21Zn4-3_2-r2SCAN-D4,Zn4H20C36N8O21,-0.285567,-686.68,r2SCAN-D4,P1
C36H20N8O21Zn4-2_12-r2SCAN-D4,Zn4H20C36N8O21,-0.307032,-688.59,r2SCAN-D4,P1
C34H28N4O13Zn4-2_9-r2SCAN-D4,Zn4H28C34N4O13,-0.307163,-611.208,r2SCAN-D4,P1
C40H20N8O13Zn4-1_5-r2SCAN-D4,Zn4H20C40N8O13,-0.106866,-663.848,r2SCAN-D4,P1
C56H16N12O13Zn4-2_9-r2SCAN-D4,Zn4H16C56N12O13,-0.0502988,-842.894,r2SCAN-D4,P1
C48H24N12O13Zn4-3_10-r2SCAN-D4,Zn4H24C48N12O13,-0.155211,-801.01,r2SCAN-D4,P1
C48H24N20O5Zn4-2_2-r2SCAN-D4,Zn4H24C48(N4O)5,0.192201,-792.562,r2SCAN-D4,P1
C48H18N12O19Zn4-3_9-r2SCAN-D4,Zn4H18C48N12O19,-0.170536,-816.742,r2SCAN-D4,P1
C48H24N12O13Zn4-0_8-r2SCAN-D4,Zn4H24C48N12O13,-0.13494,-798.962,r2SCAN-D4,P1
C48H16N16O17Zn4-1_1-r2SCAN-D4,Zn4H16C48N16O17,-0.114174,-829.098,r2SCAN-D4,P1
C30H24N18O13Zn4-0_5-r2SCAN-D4,Zn4H24C30N18O13,-0.25775,-682.873,r2SCAN-D4,P1
C64H36N4O13Zn4-1_6-r2SCAN-D4,Zn4H36C64N4O13,-0.11656,-927.984,r2SCAN-D4,P1
C64H32N8O17Zn4-3_2-r2SCAN-D4,Zn4H32C64N8O17,-0.107852,-973.422,r2SCAN-D4,P1
C64H28N20O5Zn4-3-r2SCAN-D4,Zn4H28C64(N4O)5,0.264744,-954.04,r2SCAN-D4,P1
C60H16N16O13Zn4-3_10-r2SCAN-D4,Zn4H16C60N16O13,-0.0082095,-915.381,r2SCAN-D4,P1
C60H16N16O13Zn4-2_12-r2SCAN-D4,Zn4H16C60N16O13,-0.0155873,-916.186,r2SCAN-D4,P1
C56H40N8O13Zn4-1_11-r2SCAN-D4,Zn4H40C56N8O13,-0.228782,-911.859,r2SCAN-D4,P1
C56H8N40O13Zn4-0-r2SCAN-D4,Zn4H8C56N40O13,0.236012,-1037.83,r2SCAN-D4,P1
C56H36N12O13Zn4-0_13-r2SCAN-D4,Zn4H36C56N12O13,-0.129183,-922.584,r2SCAN-D4,P1
C56H32N8O13S8Zn4-1_2-r2SCAN-D4,Zn4H32C56S8N8O13,-0.0916691,-932.659,r2SCAN-D4,P1
C56H24N4O21Zn4-0-r2SCAN-D4,Zn4H24C56N4O21,-0.222954,-863.131,r2SCAN-D4,P1
C56H24N8O13S8Zn4-0_9-r2SCAN-D4,Zn4H24C56S8N8O13,-0.0497301,-899.531,r2SCAN-D4,P1
C54H36N18O13Zn4-2_4-r2SCAN-D4,Zn4H36C54N18O13,-0.0996082,-954.276,r2SCAN-D4,P1
C54H24N12O13S3Zn4-2_10-r2SCAN-D4,Zn4H24C54S3N12O13,-0.0768043,-878.276,r2SCAN-D4,P1
C54H18N12O13S6Zn4-0_17-r2SCAN-D4,Zn4H18C54S6N12O13,-0.0311537,-876.812,r2SCAN-D4,P1
C52H28N8O13Zn4-0_1-r2SCAN-D4,Zn4H28C52N8O13,-0.154334,-818.83,r2SCAN-D4,P1
C44H32N8O17Zn4-3_16-r2SCAN-D4,Zn4H32C44N8O17,-0.281845,-789.194,r2SCAN-D4,P1
C44H32N32O13Zn4-3_9-r2SCAN-D4,Zn4H32C44N32O13,-0.0650359,-964.072,r2SCAN-D4,P1
C44H28N16O21Zn4-1_7-r2SCAN-D4,Zn4H28C44N16O21,-0.241034,-869.502,r2SCAN-D4,P1
C42H45N12O10Zn4-0_4-r2SCAN-D4,Zn4H45C42(N6O5)2,-0.152412,-797.586,r2SCAN-D4,P1
C42H30N12O16Zn4-2-r2SCAN-D4,Zn2H15C21(N3O4)2,-0.207444,-785.01,r2SCAN-D4,P1
C40H24N16O21Zn4-3_8-r2SCAN-D4,Zn4H24C40N16O21,-0.215097,-810.955,r2SCAN-D4,P1
C52H28N4O21Zn4-3_15-r2SCAN-D4,Zn4H28C52N4O21,-0.335567,-849.165,r2SCAN-D4,P1
C52H28N12O17Zn4-3-r2SCAN-D4,Zn4H28C52N12O17,-0.183981,-883.303,r2SCAN-D4,P1
C52H24N8O17Zn4-1_3-r2SCAN-D4,Zn4H24C52N8O17,-0.189441,-831.972,r2SCAN-D4,P1
C52H24N16O13Zn4-0_7-r2SCAN-D4,Zn4H24C52N16O13,-0.0887608,-871.681,r2SCAN-D4,P1
C52H28N4O21Zn4-3_13-r2SCAN-D4,Zn4H28C52N4O21,-0.347988,-850.519,r2SCAN-D4,P1
C48H36N6O13Zn4-2_18-r2SCAN-D4,Zn4H36C48N6O13,-0.242658,-797.874,r2SCAN-D4,P1
C48H36N6O13Zn4-1_11-r2SCAN-D4,Zn4H36C48N6O13,-0.240762,-797.671,r2SCAN-D4,P1
C48H40N4O19Zn4-1-r2SCAN-D4,Zn4H40C48N4O19,-0.311149,-838.143,r2SCAN-D4,P1
C48H32N8O17Zn4-1_11-r2SCAN-D4,Zn4H32C48N8O17,-0.250719,-826.997,r2SCAN-D4,P1
C48H32N8O17Zn4-1_3-r2SCAN-D4,Zn4H32C48N8O17,-0.242699,-826.122,r2SCAN-D4,P1
C48H32N8O17S4Zn4-0_5-r2SCAN-D4,Zn4H32C48S4N8O17,-0.259943,-861.565,r2SCAN-D4,P1
C54H42N12O13Zn4-1_7-r2SCAN-D4,Zn4H42C54N12O13,-0.167955,-928.655,r2SCAN-D4,P1
C44H40N8O13Zn4-3_6-r2SCAN-D4,Zn4H40C44N8O13,-0.196549,-785.395,r2SCAN-D4,P1
C48H28N12O21Zn4-3-r2SCAN-D4,Zn4H28C48(N4O7)3,-0.218943,-870.469,r2SCAN-D4,P1
C48H32N20O17Zn4-0_3-r2SCAN-D4,Zn4H32C48N20O17,-0.221367,-936.267,r2SCAN-D4,P1
C48H24N8O33Zn4-3_4-r2SCAN-D4,Zn4H24C48N8O33,-0.458325,-918.773,r2SCAN-D4,P1
C46H30N8O15Zn4-2_2-r2SCAN-D4,Zn4H30C46N8O15,-0.227004,-784.46,r2SCAN-D4,P1
C45H27N9O19Zn4-2_4-r2SCAN-D4,Zn4H27C45N9O19,-0.345739,-809.082,r2SCAN-D4,P1
C44H40N24O13Zn4-2_11-r2SCAN-D4,Zn4H40C44N24O13,-0.194,-934.639,r2SCAN-D4,P1
C42H24N6O13S3Zn4-3-r2SCAN-D4,Zn4H24C42S3N6O13,-0.236009,-716.43,r2SCAN-D4,P1
C42H24N6O13S3Zn4-2-r2SCAN-D4,Zn4H24C42S3N6O13,-0.236638,-716.488,r2SCAN-D4,P1
C60H28N16O5Zn4-2_5-MACE-OMat-D3,C60H28N16O5Zn4-2_5-MACE-OMat-D3,0.15413,-787.703,MACE-OMat-D3,P1
C60H18N12O19Zn4-0_13-MACE-OMat-D3,C60H18N12O19Zn4-0_13-MACE-OMat-D3,-0.202651,-831.478,MACE-OMat-D3,P1
C60H16N16O13Zn4-1_19-MACE-OMat-D3,C60H16N16O13Zn4-1_19-MACE-OMat-D3,-0.00556903,-806.387,MACE-OMat-D3,P1
C60H16N16O13Zn4-0_3-MACE-OMat-D3,C60H16N16O13Zn4-0_3-MACE-OMat-D3,-0.0851039,-815.057,MACE-OMat-D3,P1
C56H36N12O13Zn4-0_3-MACE-OMat-D3,C56H36N12O13Zn4-0_3-MACE-OMat-D3,-0.180071,-822.287,MACE-OMat-D3,P1
C56H32N4O17Zn4-3_5-MACE-OMat-D3,C56H32N4O17Zn4-3_5-MACE-OMat-D3,-0.277162,-771.878,MACE-OMat-D3,P1
C54H36N12O13Zn4-1_8-MACE-OMat-D3,C54H36N12O13Zn4-1_8-MACE-OMat-D3,-0.224736,-808.852,MACE-OMat-D3,P1
C54H30N6O13Zn4-0_14-MACE-OMat-D3,C54H30N6O13Zn4-0_14-MACE-OMat-D3,-0.167423,-730.493,MACE-OMat-D3,P1
C54H24N12O19Zn4-0_1-MACE-OMat-D3,C54H24N12O19Zn4-0_1-MACE-OMat-D3,-0.192692,-794.647,MACE-OMat-D3,P1
C52H36N4O17Zn4-1_7-MACE-OMat-D3,C52H36N4O17Zn4-1_7-MACE-OMat-D3,-0.286848,-749.169,MACE-OMat-D3,P1
C52H28N4O21Zn4-1_18-MACE-OMat-D3,C52H28N4O21Zn4-1_18-MACE-OMat-D3,-0.343188,-748.005,MACE-OMat-D3,P1
C48H30N6O13Zn4-1_5-MACE-OMat-D3,C48H30N6O13Zn4-1_5-MACE-OMat-D3,-0.232252,-680.868,MACE-OMat-D3,P1
C48H30N12O13Zn4-2_5-MACE-OMat-D3,C48H30N12O13Zn4-2_5-MACE-OMat-D3,-0.213025,-730.272,MACE-OMat-D3,P1
C48H28N12O21Zn4-0_8-MACE-OMat-D3,C48H28N12O21Zn4-0_8-MACE-OMat-D3,-0.344225,-779.473,MACE-OMat-D3,P1
C48H28N12O17Zn4-2_6-MACE-OMat-D3,C48H28N12O17Zn4-2_6-MACE-OMat-D3,-0.270055,-750.219,MACE-OMat-D3,P1
C48H24N8O17Zn4-3_10-MACE-OMat-D3,C48H24N8O17Zn4-3_10-MACE-OMat-D3,-0.232138,-697.876,MACE-OMat-D3,P1
C48H24N12O13Zn4-2_5-MACE-OMat-D3,C48H24N12O13Zn4-2_5-MACE-OMat-D3,-0.183082,-706.507,MACE-OMat-D3,P1
C48H18N12O19Zn4-0_19-MACE-OMat-D3,C48H18N12O19Zn4-0_19-MACE-OMat-D3,-0.192631,-717.698,MACE-OMat-D3,P1
C48H16N16O17Zn4-0_17-MACE-OMat-D3,C48H16N16O17Zn4-0_17-MACE-OMat-D3,-0.148454,-730.231,MACE-OMat-D3,P1
C44H40N20O17Zn4-2_11-MACE-OMat-D3,C44H40N20O17Zn4-2_11-MACE-OMat-D3,-0.357082,-834.322,MACE-OMat-D3,P1
C44H36N12O5Zn4-3-MACE-OMat-D3,C44H36N12O5Zn4-3-MACE-OMat-D3,0.00528327,-650.044,MACE-OMat-D3,P1
C44H32N32O13Zn4-3_3-MACE-OMat-D3,C44H32N32O13Zn4-3_3-MACE-OMat-D3,-0.190238,-867.859,MACE-OMat-D3,P1
C44H32N32O13Zn4-1_8-MACE-OMat-D3,C44H32N32O13Zn4-1_8-MACE-OMat-D3,-0.166096,-864.841,MACE-OMat-D3,P1
C44H32N32O13Zn4-0_15-MACE-OMat-D3,C44H32N32O13Zn4-0_15-MACE-OMat-D3,-0.182447,-866.885,MACE-OMat-D3,P1
C44H28N4O13Zn4-2_16-MACE-OMat-D3,C44H28N4O13Zn4-2_16-MACE-OMat-D3,-0.26093,-621.722,MACE-OMat-D3,P1
C42H33N9O19Zn4-0_7-MACE-OMat-D3,C42H33N9O19Zn4-0_7-MACE-OMat-D3,-0.277217,-696.359,MACE-OMat-D3,P1
C42H30N6O19Zn4-0_8-MACE-OMat-D3,C42H30N6O19Zn4-0_8-MACE-OMat-D3,-0.343135,-666.588,MACE-OMat-D3,P1
C42H30N6O16S6Zn4-2_5-MACE-OMat-D3,C42H30N6O16S6Zn4-2_5-MACE-OMat-D3,-0.320496,-675.191,MACE-OMat-D3,P1
C42H30N12O16Zn4-1_8-MACE-OMat-D3,C42H30N12O16Zn4-1_8-MACE-OMat-D3,-0.340282,-702.544,MACE-OMat-D3,P1
C40H36N8O13Zn4-1_11-MACE-OMat-D3,C40H36N8O13Zn4-1_11-MACE-OMat-D3,-0.316157,-651.937,MACE-OMat-D3,P1
C40H20N8O17Zn4-3_15-MACE-OMat-D3,C40H20N8O17Zn4-3_15-MACE-OMat-D3,-0.220971,-607.564,MACE-OMat-D3,P1
C40H20N8O17Zn4-1_11-MACE-OMat-D3,C40H20N8O17Zn4-1_11-MACE-OMat-D3,-0.199465,-605.65,MACE-OMat-D3,P1
C40H12N8O13Zn4-3_6-MACE-OMat-D3,C40H12N8O13Zn4-3_6-MACE-OMat-D3,-0.163918,-554.777,MACE-OMat-D3,P1
C38H28N4O13Zn4-2_8-MACE-OMat-D3,C38H28N4O13Zn4-2_8-MACE-OMat-D3,-0.318437,-569.992,MACE-OMat-D3,P1
Al2C20H24N2O4S2-7-r2SCAN-D4,Al2C20H24N2O4S2-7-r2SCAN-D4,-0.165597,-363.749,r2SCAN-D4,P1
Al1C24H17N10O3-9-r2SCAN-D4,Al1C24H17N10O3-9-r2SCAN-D4,0.0644613,-411.432,r2SCAN-D4,P1
C30H18N6O13Zn4-2_19-MACE-OMat-D3,C30H18N6O13Zn4-2_19-MACE-OMat-D3,-0.365898,-478.961,MACE-OMat-D3,P1
C24H16O13Zn4-1_14-MACE-OMat-D3,C24H16O13Zn4-1_14-MACE-OMat-D3,-0.452767,-367.067,MACE-OMat-D3,P1
C21H18O13Zn4-1_13-MACE-OMat-D3,C21H18O13Zn4-1_13-MACE-OMat-D3,-0.508032,-348.612,MACE-OMat-D3,P1
C20H20N4O15Zn4-2_10-MACE-OMat-D3,C20H20N4O15Zn4-2_10-MACE-OMat-D3,-0.55253,-395.539,MACE-OMat-D3,P1
C20H20N4O15Zn4-3_2-MACE-OMat-D3,C20H20N4O15Zn4-3_2-MACE-OMat-D3,-0.546354,-395.15,MACE-OMat-D3,P1
C18H12O19Zn4-2_9-MACE-OMat-D3,C18H12O19Zn4-2_9-MACE-OMat-D3,-0.745422,-342.312,MACE-OMat-D3,P1
C20H12O15Zn4-3_13-r2SCAN-D4,C20H12O15Zn4-3_13-r2SCAN-D4,-0.61329,-396.479,r2SCAN-D4,P1
C18H14O11S4Zn4-1_2-r2SCAN-D4,C18H14O11S4Zn4-1_2-r2SCAN-D4,-0.402458,-381.846,r2SCAN-D4,P1
C20H12O15Zn4-0_5-r2SCAN-D4,C20H12O15Zn4-0_5-r2SCAN-D4,-0.53153,-392.31,r2SCAN-D4,P1
C20H12O13Zn4-2_10.0-r2SCAN-D4,C20H12O13Zn4-2_10.0-r2SCAN-D4,-0.424532,-374.362,r2SCAN-D4,P1
C56H24N8O13S8Zn4-1_12-MACE-OMat-D3,C56H24N8O13S8Zn4-1_12-MACE-OMat-D3,-0.135324,-776.516,MACE-OMat-D3,P1
C56H24N16O17Zn4-2_9-MACE-OMat-D3,C56H24N16O17Zn4-2_9-MACE-OMat-D3,-0.183891,-836.259,MACE-OMat-D3,P1
C56H24N16O13Zn4-3_11-MACE-OMat-D3,C56H24N16O13Zn4-3_11-MACE-OMat-D3,-0.147096,-811.573,MACE-OMat-D3,P1
C56H20N12O13Zn4-2_13-MACE-OMat-D3,C56H20N12O13Zn4-2_13-MACE-OMat-D3,-0.0454136,-753.367,MACE-OMat-D3,P1
C52H20N12O13Zn4-3_1-MACE-OMat-D3,C52H20N12O13Zn4-3_1-MACE-OMat-D3,-0.102461,-722.168,MACE-OMat-D3,P1
C48H40N8O25Zn4-0_7-MACE-OMat-D3,C48H40N8O25Zn4-0_7-MACE-OMat-D3,-0.396962,-815.535,MACE-OMat-D3,P1
C48H24N6O13Zn4-0_5-MACE-OMat-D3,C48H24N6O13Zn4-0_5-MACE-OMat-D3,-0.196562,-656.622,MACE-OMat-D3,P1
C48H24N20O13Zn4-2_2-MACE-OMat-D3,C48H24N20O13Zn4-2_2-MACE-OMat-D3,-0.127269,-768.645,MACE-OMat-D3,P1
C48H24N16O13S8Zn4-0_9-MACE-OMat-D3,C48H24N16O13S8Zn4-0_9-MACE-OMat-D3,-0.15473,-771.909,MACE-OMat-D3,P1
C44H20N8O13S4Zn4-2_5-MACE-OMat-D3,C44H20N8O13S4Zn4-2_5-MACE-OMat-D3,-0.206717,-640.624,MACE-OMat-D3,P1
C36H18N6O25Zn4-3-MACE-OMat-D3,C36H18N6O25Zn4-3-MACE-OMat-D3,-0.441866,-606.853,MACE-OMat-D3,P1
C30H18O19Zn4-2_1-r2SCAN-D4,C30H18O19Zn4-2_1-r2SCAN-D4,-0.55919,-549.1,r2SCAN-D4,P1
C20H16N4O11Zn4-7_1-r2SCAN-D4,C20H16N4O11Zn4-7_1-r2SCAN-D4,-0.362382,-412.281,r2SCAN-D4,P1
C44H24O13Zn4-2_15-MACE-OMat-D3,C44H24O13Zn4-2_15-MACE-OMat-D3,-0.325341,-578.756,MACE-OMat-D3,P1
C44H24N8O17Zn4-0_5-MACE-OMat-D3,C44H24N8O17Zn4-0_5-MACE-OMat-D3,-0.232705,-660.224,MACE-OMat-D3,P1
C44H24N8O17Zn4-0_12-MACE-OMat-D3,C44H24N8O17Zn4-0_12-MACE-OMat-D3,-0.258994,-662.774,MACE-OMat-D3,P1
C21H18O13Zn4-3_13-r2SCAN-D4,C21H18O13Zn4-3_13-r2SCAN-D4,-0.542795,-414.715,r2SCAN-D4,P1
C24H16N8O21Zn4-2_17-r2SCAN-D4,C24H16N8O21Zn4-2_17-r2SCAN-D4,-0.489693,-562.98,r2SCAN-D4,P1
C56H16N12O13Zn4-1_1-r2SCAN-D4,C56H16N12O13Zn4-1_1-r2SCAN-D4,0.0273885,-835.048,r2SCAN-D4,P1
C44H24N8O13S4Zn4-3_12-r2SCAN-D4,Zn4H24C44S4N8O13,-0.143102,-755.065,r2SCAN-D4,P1
C44H24N8O13S4Zn4-1_12-r2SCAN-D4,Zn4H24C44S4N8O13,-0.173571,-758.02,r2SCAN-D4,P1
C44H24N8O13S4Zn4-1-r2SCAN-D4,Zn4H24C44S4N8O13,-0.151066,-755.837,r2SCAN-D4,P1
C44H24N16O13Zn4-0_2-r2SCAN-D4,Zn4H24C44N16O13,-0.150006,-797.02,r2SCAN-D4,P1
C42H24N6O13Zn4-3-r2SCAN-D4,Zn4H24C42N6O13,-0.261105,-693.563,r2SCAN-D4,P1
C42H24N6O13Zn4-0_10-r2SCAN-D4,Zn4H24C42N6O13,-0.26104,-693.557,r2SCAN-D4,P1
C42H24N6O10S6Zn4-0-r2SCAN-D4,Zn2H12C21S3N3O5,-0.0886948,-709.806,r2SCAN-D4,P1
C40H24N16O13Zn4-1_3-r2SCAN-D4,Zn4H24C40N16O13,-0.144301,-755.799,r2SCAN-D4,P1
C36H26N6O11Zn4-3_11-r2SCAN-D4,Zn4H26C36N6O11,-0.221693,-623.895,r2SCAN-D4,P1
C36H16N8O9S2Zn4-1_3-r2SCAN-D4,Zn4H16C36S2N8O9,0.0240722,-592.041,r2SCAN-D4,P1
C34H22N8O15Zn4-2_4-r2SCAN-D4,Zn4H22C34N8O15,-0.330585,-640.657,r2SCAN-D4,P1
C48H18N12O19Zn4-0_19-r2SCAN-D4,Zn4H18C48N12O19,-0.169215,-816.608,r2SCAN-D4,P1
C45H24N6O13Zn4-1_1-r2SCAN-D4,Zn4H24C45N6O13,-0.151127,-714.279,r2SCAN-D4,P1
C44H36N4O13Zn4-0_2-r2SCAN-D4,Zn4H36C44N4O13,-0.280325,-741.852,r2SCAN-D4,P1
C44H32N8O13Zn4-0_4-r2SCAN-D4,Zn4H32C44N8O13,-0.231759,-759.724,r2SCAN-D4,P1
C33H30N15O13Zn4-3-r2SCAN-D4,Zn4H30C33N15O13,-0.294076,-711.21,r2SCAN-D4,P1
C60H42N6O13Zn4-0-r2SCAN-D4,Zn4H42C60N6O13,-0.187007,-936.232,r2SCAN-D4,P1
C60H36N6O13Zn4-2_18-r2SCAN-D4,Zn4H36C60N6O13,-0.175329,-912.978,r2SCAN-D4,P1
C60H20N12O13Zn4-1-r2SCAN-D4,Zn4H20C60N12O13,0.000891008,-891.613,r2SCAN-D4,P1
C60H18N12O19Zn4-1_4-r2SCAN-D4,Zn4H18C60N12O19,-0.131544,-934.586,r2SCAN-D4,P1
C60H16N16O13Zn4-2_2-r2SCAN-D4,Zn4H16C60N16O13,-0.0106103,-915.643,r2SCAN-D4,P1
C60H16N16O13Zn4-0-r2SCAN-D4,Zn4H16C60N16O13,0.0289889,-911.327,r2SCAN-D4,P1
C56H32N8O17Zn4-3_8-r2SCAN-D4,Zn4H32C56N8O17,-0.176696,-900.478,r2SCAN-D4,P1
C56H24N8O13S8Zn4-0_15-r2SCAN-D4,Zn4H24C56S8N8O13,-0.0177179,-895.914,r2SCAN-D4,P1
C56H24N12O21Zn4-1-r2SCAN-D4,Zn4H24C56(N4O7)3,-0.167389,-931.622,r2SCAN-D4,P1
C56H24N12O21Zn4-0_3-r2SCAN-D4,Zn4H24C56(N4O7)3,-0.167856,-931.677,r2SCAN-D4,P1
C54H36N12O13Zn4-1_8-r2SCAN-D4,Zn4H36C54N12O13,-0.156323,-905.521,r2SCAN-D4,P1
C54H42N12O13Zn4-2_2-r2SCAN-D4,Zn4H42C54N12O13,-0.17918,-930.058,r2SCAN-D4,P1
C54H30N6O19Zn4-0_8-r2SCAN-D4,Zn4H30C54N6O19,-0.244283,-873.8,r2SCAN-D4,P1
C54H18N12O13S6Zn4-3_3-r2SCAN-D4,Zn4H18C54S6N12O13,-0.0251742,-876.172,r2SCAN-D4,P1
C54H18N12O13S6Zn4-3_14-r2SCAN-D4,Zn4H18C54S6N12O13,-0.0611362,-880.02,r2SCAN-D4,P1
C54H18N12O13S6Zn4-0_18-r2SCAN-D4,Zn4H18C54S6N12O13,-0.0384391,-877.592,r2SCAN-D4,P1
C52H36N4O17Zn4-3_13-r2SCAN-D4,Zn4H36C52N4O17,-0.274377,-847.964,r2SCAN-D4,P1
C52H32N8O17Zn4-0-r2SCAN-D4,Zn4H32C52N8O17,-0.176616,-859.694,r2SCAN-D4,P1
C52H32N12O17Zn4-0_1-r2SCAN-D4,Zn4H32C52N12O17,-0.206465,-900.497,r2SCAN-D4,P1
C44H36N16O13Zn4-2_2-r2SCAN-D4,Zn4H36C44N16O13,-0.199839,-845.935,r2SCAN-D4,P1
C44H28N16O21Zn4-3_13-r2SCAN-D4,Zn4H28C44N16O21,-0.212016,-866.223,r2SCAN-D4,P1
C44H32N32O13Zn4-1_9-r2SCAN-D4,Zn4H32C44N32O13,-0.0891701,-967.089,r2SCAN-D4,P1
C42H30N12O16Zn4-2_7-r2SCAN-D4,Zn2H15C21(N3O4)2,-0.303686,-795.019,r2SCAN-D4,P1
C42H30N6O16S6Zn4-2_5-r2SCAN-D4,Zn2H15C21S3N3O8,-0.266248,-785.004,r2SCAN-D4,P1
C39H36N6O19Zn4-1_11-r2SCAN-D4,Zn4H36C39N6O19,-0.356342,-753.742,r2SCAN-D4,P1
C40H40N16O25Zn4-2_8-r2SCAN-D4,Zn4H40C40N16O25,-0.367178,-912.862,r2SCAN-D4,P1
C52H28N4O21Zn4-1_3-r2SCAN-D4,Zn4H28C52N4O21,-0.28094,-843.211,r2SCAN-D4,P1
C52H28N12O17Zn4-2_10-r2SCAN-D4,Zn4H28C52N12O17,-0.157571,-880.319,r2SCAN-D4,P1
C51H24N21O10Zn4-1_7-r2SCAN-D4,Zn4H24C51N21O10,0.00957538,-879.228,r2SCAN-D4,P1
C51H18N27O10Zn4-3_1-r2SCAN-D4,Zn4H18C51N27O10,0.127867,-900.381,r2SCAN-D4,P1
C48H42N12O13Zn4-2_5-r2SCAN-D4,Zn4H42C48N12O13,-0.201097,-871.489,r2SCAN-D4,P1
C51H24N21O10Zn4-0_3-r2SCAN-D4,Zn4H24C51N21O10,0.116817,-867.432,r2SCAN-D4,P1
C48H40N16O13Zn4-3_10-r2SCAN-D4,Zn4H40C48N16O13,-0.235316,-905.722,r2SCAN-D4,P1
C48H40N12O17Zn4-1_13-r2SCAN-D4,Zn4H40C48N12O17,-0.246769,-893.787,r2SCAN-D4,P1
C48H36N16O5Zn4-1-r2SCAN-D4,Zn4H36C48N16O5,0.0922904,-806.793,r2SCAN-D4,P1
C54H24N12O19Zn4-0_6-r2SCAN-D4,Zn4H24C54N12O19,-0.183076,-901.049,r2SCAN-D4,P1
C48H32N4O21Zn4-3_15-r2SCAN-D4,Zn4H32C48N4O21,-0.300573,-819.11,r2SCAN-D4,P1
C48H30N12O13Zn4-2_14-r2SCAN-D4,Zn4H30C48N12O13,-0.184337,-825.799,r2SCAN-D4,P1
C48H28N12O21Zn4-3_17-r2SCAN-D4,Zn4H28C48(N4O7)3,-0.291925,-878.716,r2SCAN-D4,P1
C44H40N20O17Zn4-3_4-r2SCAN-D4,Zn4H40C44N20O17,-0.256284,-929.104,r2SCAN-D4,P1
C48H28N12O17Zn4-2_19-r2SCAN-D4,Zn4H28C48N12O17,-0.224185,-846.881,r2SCAN-D4,P1
C48H28N12O17Zn4-2-r2SCAN-D4,Zn4H28C48N12O17,-0.211533,-845.502,r2SCAN-D4,P1
C48H24N8O33Zn4-2_6-r2SCAN-D4,Zn4H24C48N8O33,-0.327997,-903.524,r2SCAN-D4,P1
C45H27N9O19Zn4-3_14-r2SCAN-D4,Zn4H27C45N9O19,-0.245686,-798.677,r2SCAN-D4,P1
C44H40N24O13Zn4-0_15-r2SCAN-D4,Zn4H40C44N24O13,-0.202314,-935.679,r2SCAN-D4,P1
C42H24N6O13Zn4-0_15-r2SCAN-D4,Zn4H24C42N6O13,-0.261352,-693.585,r2SCAN-D4,P1
C42H24N6O13S3Zn4-2_12-r2SCAN-D4,Zn4H24C42S3N6O13,-0.238443,-716.654,r2SCAN-D4,P1
C66H36N6O13Zn4-2_12-MACE-OMat-D3,C66H36N6O13Zn4-2_12-MACE-OMat-D3,-0.145215,-860.529,MACE-OMat-D3,P1
C60H42N6O13Zn4-0_5-MACE-OMat-D3,C60H42N6O13Zn4-0_5-MACE-OMat-D3,-0.259321,-839.087,MACE-OMat-D3,P1
C60H30N12O19Zn4-0_2-MACE-OMat-D3,C60H30N12O19Zn4-0_2-MACE-OMat-D3,-0.257479,-879.688,MACE-OMat-D3,P1
C60H30N12O13Zn4-1_13-MACE-OMat-D3,C60H30N12O13Zn4-1_13-MACE-OMat-D3,-0.175905,-838.747,MACE-OMat-D3,P1
C56H40O17Zn4-1_11-MACE-OMat-D3,C56H40O17Zn4-1_11-MACE-OMat-D3,-0.282244,-766.153,MACE-OMat-D3,P1
C56H36N8O13Zn4-0_16-MACE-OMat-D3,C56H36N8O13Zn4-0_16-MACE-OMat-D3,-0.231118,-794.16,MACE-OMat-D3,P1
C56H32N8O13S8Zn4-0_9-MACE-OMat-D3,C56H32N8O13S8Zn4-0_9-MACE-OMat-D3,-0.164349,-807.061,MACE-OMat-D3,P1
C56H16N12O13Zn4-1_1-MACE-OMat-D3,C56H16N12O13Zn4-1_1-MACE-OMat-D3,-0.0205719,-737.701,MACE-OMat-D3,P1
C54H42N6O13Zn4-0_11-MACE-OMat-D3,C54H42N6O13Zn4-0_11-MACE-OMat-D3,-0.260199,-782.467,MACE-OMat-D3,P1
C54H42N12O13Zn4-1_14-MACE-OMat-D3,C54H42N12O13Zn4-1_14-MACE-OMat-D3,-0.203033,-826.95,MACE-OMat-D3,P1
C54H39N9O16Zn4-1_14-MACE-OMat-D3,C54H39N9O16Zn4-1_14-MACE-OMat-D3,-0.236816,-810.542,MACE-OMat-D3,P1
C54H36N18O13Zn4-0_7-MACE-OMat-D3,C54H36N18O13Zn4-0_7-MACE-OMat-D3,-0.235581,-861.624,MACE-OMat-D3,P1
C54H24N12O19Zn4-1_10-MACE-OMat-D3,C54H24N12O19Zn4-1_10-MACE-OMat-D3,-0.170778,-792.17,MACE-OMat-D3,P1
C52H44N8O17Zn4-1_3-MACE-OMat-D3,C52H44N8O17Zn4-1_3-MACE-OMat-D3,-0.286731,-811.925,MACE-OMat-D3,P1
C52H36N12O13Zn4-2_9-MACE-OMat-D3,C52H36N12O13Zn4-2_9-MACE-OMat-D3,-0.234187,-791.119,MACE-OMat-D3,P1
C52H32N8O13Zn4-3_1-MACE-OMat-D3,C52H32N8O13Zn4-3_1-MACE-OMat-D3,-0.254968,-745.158,MACE-OMat-D3,P1
C52H28N4O21Zn4-3_13-MACE-OMat-D3,C52H28N4O21Zn4-3_13-MACE-OMat-D3,-0.35794,-749.613,MACE-OMat-D3,P1
C52H24N8O17Zn4-1-MACE-OMat-D3,C52H24N8O17Zn4-1-MACE-OMat-D3,-0.25124,-737.589,MACE-OMat-D3,P1
C48H40N4O19Zn4-2-MACE-OMat-D3,C48H40N4O19Zn4-2-MACE-OMat-D3,-0.304905,-737.912,MACE-OMat-D3,P1
C48H40N12O17Zn4-3_13-MACE-OMat-D3,C48H40N12O17Zn4-3_13-MACE-OMat-D3,-0.282796,-793.927,MACE-OMat-D3,P1
C48H36N6O13Zn4-1_11-MACE-OMat-D3,C48H36N6O13Zn4-1_11-MACE-OMat-D3,-0.260317,-704.727,MACE-OMat-D3,P1
C48H36N16O5Zn4-3-MACE-OMat-D3,C48H36N16O5Zn4-3-MACE-OMat-D3,-0.0237556,-723.324,MACE-OMat-D3,P1
C48H36N12O13S4Zn4-1_5-MACE-OMat-D3,C48H36N12O13S4Zn4-1_5-MACE-OMat-D3,-0.209409,-767.957,MACE-OMat-D3,P1
C48H33N6O10Zn4-1-MACE-OMat-D3,C48H33N6O10Zn4-1-MACE-OMat-D3,-0.143805,-666.822,MACE-OMat-D3,P1
C48H32N8O13Zn4-0_1-MACE-OMat-D3,C48H32N8O13Zn4-0_1-MACE-OMat-D3,-0.274573,-709.418,MACE-OMat-D3,P1
C48H27N9O13Zn4-0_9-MACE-OMat-D3,C48H27N9O13Zn4-0_9-MACE-OMat-D3,-0.219351,-694.868,MACE-OMat-D3,P1
C48H24N8O17Zn4-0_19-MACE-OMat-D3,C48H24N8O17Zn4-0_19-MACE-OMat-D3,-0.260546,-700.745,MACE-OMat-D3,P1
C48H24N12O13Zn4-0_15-MACE-OMat-D3,C48H24N12O13Zn4-0_15-MACE-OMat-D3,-0.16615,-704.797,MACE-OMat-D3,P1
C48H18N12O19Zn4-0_16-MACE-OMat-D3,C48H18N12O19Zn4-0_16-MACE-OMat-D3,-0.277044,-726.224,MACE-OMat-D3,P1
C48H16N16O17Zn4-0-MACE-OMat-D3,C48H16N16O17Zn4-0-MACE-OMat-D3,-0.14025,-729.402,MACE-OMat-D3,P1
C45H27N9O19Zn4-3_14-MACE-OMat-D3,C45H27N9O19Zn4-3_14-MACE-OMat-D3,-0.26172,-702.037,MACE-OMat-D3,P1
C45H24N6O13Zn4-3-MACE-OMat-D3,C45H24N6O13Zn4-3-MACE-OMat-D3,-0.193147,-628.134,MACE-OMat-D3,P1
C45H33N15O10Zn4-3_5-MACE-OMat-D3,C45H33N15O10Zn4-3_5-MACE-OMat-D3,-0.151055,-715.978,MACE-OMat-D3,P1
C44H40N24O13Zn4-1_9-MACE-OMat-D3,C44H40N24O13Zn4-1_9-MACE-OMat-D3,-0.28585,-839.004,MACE-OMat-D3,P1
C44H40N24O13Zn4-0_16-MACE-OMat-D3,C44H40N24O13Zn4-0_16-MACE-OMat-D3,-0.247575,-834.219,MACE-OMat-D3,P1
C44H40N20O17Zn4-2_13-MACE-OMat-D3,C44H40N20O17Zn4-2_13-MACE-OMat-D3,-0.371583,-836.134,MACE-OMat-D3,P1
C44H32N8O13Zn4-2_4-MACE-OMat-D3,C44H32N8O13Zn4-2_4-MACE-OMat-D3,-0.258695,-669.937,MACE-OMat-D3,P1
C44H32N8O13Zn4-3-MACE-OMat-D3,C44H32N8O13Zn4-3-MACE-OMat-D3,-0.253528,-669.415,MACE-OMat-D3,P1
C44H32N32O13Zn4-1_5-MACE-OMat-D3,C44H32N32O13Zn4-1_5-MACE-OMat-D3,-0.17451,-865.893,MACE-OMat-D3,P1
C42H30N12O16Zn4-0_7-MACE-OMat-D3,C42H30N12O16Zn4-0_7-MACE-OMat-D3,-0.344836,-703.018,MACE-OMat-D3,P1
C42H24N6O25Zn4-1_17-MACE-OMat-D3,C42H24N6O25Zn4-1_17-MACE-OMat-D3,-0.482642,-690.905,MACE-OMat-D3,P1
C42H24N6O25Zn4-1_7-MACE-OMat-D3,C42H24N6O25Zn4-1_7-MACE-OMat-D3,-0.468587,-689.485,MACE-OMat-D3,P1
C42H24N6O25Zn4-0_17-MACE-OMat-D3,C42H24N6O25Zn4-0_17-MACE-OMat-D3,-0.459962,-688.614,MACE-OMat-D3,P1
C42H24N6O13Zn4-1_3-MACE-OMat-D3,C42H24N6O13Zn4-1_3-MACE-OMat-D3,-0.258156,-605.756,MACE-OMat-D3,P1
C42H24N6O13S3Zn4-0-MACE-OMat-D3,C42H24N6O13S3Zn4-0-MACE-OMat-D3,-0.258462,-618.945,MACE-OMat-D3,P1
C40H24N16O21Zn4-2_9-MACE-OMat-D3,C40H24N16O21Zn4-2_9-MACE-OMat-D3,-0.229187,-711.487,MACE-OMat-D3,P1
C40H20N8O17Zn4-0_16-MACE-OMat-D3,C40H20N8O17Zn4-0_16-MACE-OMat-D3,-0.213715,-606.918,MACE-OMat-D3,P1
C40H20N8O13Zn4-3_8-MACE-OMat-D3,C40H20N8O13Zn4-3_8-MACE-OMat-D3,-0.162358,-581.906,MACE-OMat-D3,P1
C33H18O13Zn4-2_8-MACE-OMat-D3,C33H18O13Zn4-2_8-MACE-OMat-D3,-0.304262,-451.188,MACE-OMat-D3,P1
C32H14N2O11Zn4-1_1-MACE-OMat-D3,C32H14N2O11Zn4-1_1-MACE-OMat-D3,-0.157986,-425.075,MACE-OMat-D3,P1
C30H18O19Zn4-2_14-MACE-OMat-D3,C30H18O19Zn4-2_14-MACE-OMat-D3,-0.547887,-471.503,MACE-OMat-D3,P1
C21H18O13Zn4-3_11-MACE-OMat-D3,C21H18O13Zn4-3_11-MACE-OMat-D3,-0.532143,-349.963,MACE-OMat-D3,P1
C18H12O19Zn4-1_13-MACE-OMat-D3,C18H12O19Zn4-1_13-MACE-OMat-D3,-0.744739,-342.276,MACE-OMat-D3,P1
C18H15N3O13Zn4-1-r2SCAN-D4,C18H15N3O13Zn4-1-r2SCAN-D4,-0.583616,-402.281,r2SCAN-D4,P1
C56H24N4O21Zn4-3-MACE-OMat-D3,C56H24N4O21Zn4-3-MACE-OMat-D3,-0.252241,-761.895,MACE-OMat-D3,P1
C56H24N4O21Zn4-1_2-MACE-OMat-D3,C56H24N4O21Zn4-1_2-MACE-OMat-D3,-0.311153,-768.317,MACE-OMat-D3,P1
C56H24N16O13S8Zn4-3_15-MACE-OMat-D3,C56H24N16O13S8Zn4-3_15-MACE-OMat-D3,-0.0745606,-837.003,MACE-OMat-D3,P1
C56H24N16O13S8Zn4-2_3-MACE-OMat-D3,C56H24N16O13S8Zn4-2_3-MACE-OMat-D3,-0.057364,-834.923,MACE-OMat-D3,P1
C56H24N16O13S8Zn4-1_6-MACE-OMat-D3,C56H24N16O13S8Zn4-1_6-MACE-OMat-D3,-0.107598,-841.001,MACE-OMat-D3,P1
C52H20N12O13Zn4-1_17-MACE-OMat-D3,C52H20N12O13Zn4-1_17-MACE-OMat-D3,-0.101844,-722.106,MACE-OMat-D3,P1
C51H39N15O10Zn4-0_8-MACE-OMat-D3,C51H39N15O10Zn4-0_8-MACE-OMat-D3,-0.13712,-790.763,MACE-OMat-D3,P1
C48H24N6O13Zn4-2_11-MACE-OMat-D3,C48H24N6O13Zn4-2_11-MACE-OMat-D3,-0.200378,-656.984,MACE-OMat-D3,P1
C48H24N24O10Zn4-2_8-MACE-OMat-D3,C48H24N24O10Zn4-2_8-MACE-OMat-D3,-0.05879,-779.774,MACE-OMat-D3,P1
C48H24N16O9S8Zn4-6-MACE-OMat-D3,C48H24N16O9S8Zn4-6-MACE-OMat-D3,-0.00741435,-735.44,MACE-OMat-D3,P1
C44H20N8O13S4Zn4-3_10-MACE-OMat-D3,C44H20N8O13S4Zn4-3_10-MACE-OMat-D3,-0.0877258,-629.557,MACE-OMat-D3,P1
C38H28N4O13Zn4-0_12-MACE-OMat-D3,C38H28N4O13Zn4-0_12-MACE-OMat-D3,-0.316583,-569.83,MACE-OMat-D3,P1
C36H30N9O13Zn4-2_10-MACE-OMat-D3,C36H30N9O13Zn4-2_10-MACE-OMat-D3,-0.348508,-604.171,MACE-OMat-D3,P1
C36H20N4O13Zn4-0_9-MACE-OMat-D3,C36H20N4O13Zn4-0_9-MACE-OMat-D3,-0.266576,-518.475,MACE-OMat-D3,P1
C36H18N6O13Zn4-1_13-MACE-OMat-D3,C36H18N6O13Zn4-1_13-MACE-OMat-D3,-0.281064,-529.792,MACE-OMat-D3,P1
C36H18N6O13S3Zn4-0_1-MACE-OMat-D3,C36H18N6O13S3Zn4-0_1-MACE-OMat-D3,-0.152336,-532.723,MACE-OMat-D3,P1
C36H18N6O10S6Zn4-2_2-MACE-OMat-D3,C36H18N6O10S6Zn4-2_2-MACE-OMat-D3,-0.1187,-527.574,MACE-OMat-D3,P1
C28H16N2O9Zn4-3_7-r2SCAN-D4,C28H16N2O9Zn4-3_7-r2SCAN-D4,-0.127735,-450.078,r2SCAN-D4,P1
C48H24N12O19Zn4-2_3-MACE-OMat-D3,C48H24N12O19Zn4-2_3-MACE-OMat-D3,-0.237895,-743.159,MACE-OMat-D3,P1
C44H28N16O21Zn4-0_18-MACE-OMat-D3,C44H28N16O21Zn4-0_18-MACE-OMat-D3,-0.276877,-768.463,MACE-OMat-D3,P1
C44H24N8O17Zn4-0_4-MACE-OMat-D3,C44H24N8O17Zn4-0_4-MACE-OMat-D3,-0.229706,-659.933,MACE-OMat-D3,P1
C36H24O19Zn4-1_9-r2SCAN-D4,C36H24O19Zn4-1_9-r2SCAN-D4,-0.44725,-627.363,r2SCAN-D4,P1
C48H28N4O13Zn4-1_6-r2SCAN-D4,C48H28N4O13Zn4-1_6-r2SCAN-D4,-0.232545,-748.509,r2SCAN-D4,P1
C44H24N8O17Zn4-2_1-r2SCAN-D4,Zn4H24C44N8O17,-0.209965,-752.311,r2SCAN-D4,P1
C44H24N8O13S4Zn4-2_11-r2SCAN-D4,Zn4H24C44S4N8O13,-0.162562,-756.953,r2SCAN-D4,P1
C44H24N8O13S4Zn4-0_12-r2SCAN-D4,Zn4H24C44S4N8O13,-0.158737,-756.581,r2SCAN-D4,P1
C42H24N6O13S3Zn4-1_5-r2SCAN-D4,Zn4H24C42S3N6O13,-0.236803,-716.503,r2SCAN-D4,P1
C40H24N12O21Zn4-3_14-r2SCAN-D4,Zn4H24C40(N4O7)3,-0.290253,-781.08,r2SCAN-D4,P1
C40H24N16O13Zn4-2_12-r2SCAN-D4,Zn4H24C40N16O13,-0.205607,-761.745,r2SCAN-D4,P1
C40H24N8O13Zn4-2_2-r2SCAN-D4,Zn4H24C40N8O13,-0.221758,-688.329,r2SCAN-D4,P1
C40H24N16O9Zn4-0_4-r2SCAN-D4,Zn4H24C40N16O9,-0.00983828,-719.432,r2SCAN-D4,P1
C36H30N9O13Zn4-2_2-r2SCAN-D4,Zn4H30C36N9O13,-0.285275,-684.662,r2SCAN-D4,P1
C40H20N4O17Zn4-3_15-r2SCAN-D4,Zn4H20C40N4O17,-0.279716,-665.22,r2SCAN-D4,P1
C36H24N6O13Zn4-1_24-r2SCAN-D4,Zn4H24C36N6O13,-0.28986,-634.281,r2SCAN-D4,P1
C36H18N6O13S3Zn4-1_6-r2SCAN-D4,Zn4H18C36S3N6O13,-0.262158,-634.846,r2SCAN-D4,P1
C56H16N12O13Zn4-3_18-r2SCAN-D4,Zn4H16C56N12O13,-0.0533079,-843.198,r2SCAN-D4,P1
C56H24N4O13Zn4-0_15-r2SCAN-D4,Zn4H24C56N4O13,-0.102477,-802.611,r2SCAN-D4,P1
C52H20N12O13Zn4-1_17-r2SCAN-D4,Zn4H20C52N12O13,-0.0505464,-816.679,r2SCAN-D4,P1
C48H16N16O17Zn4-3_14-r2SCAN-D4,Zn4H16C48N16O17,-0.113668,-829.047,r2SCAN-D4,P1
C36H18N6O25Zn4-3_6-r2SCAN-D4,Zn4H18C36N6O25,-0.427612,-697.39,r2SCAN-D4,P1
C36H18N6O25Zn4-3_5-r2SCAN-D4,Zn4H18C36N6O25,-0.461639,-700.418,r2SCAN-D4,P1
C64H36N4O13Zn4-3_9-r2SCAN-D4,Zn4H36C64N4O13,-0.154102,-932.526,r2SCAN-D4,P1
C60H44N4O13Zn4-3_2-r2SCAN-D4,Zn4H44C60N4O13,-0.141585,-919.166,r2SCAN-D4,P1
C60H42N6O13Zn4-0_1-r2SCAN-D4,Zn4H42C60N6O13,-0.229783,-941.579,r2SCAN-D4,P1
C60H16N16O13Zn4-2_8-r2SCAN-D4,Zn4H16C60N16O13,-0.0472072,-919.632,r2SCAN-D4,P1
C56H24N8O13S8Zn4-3_12-r2SCAN-D4,Zn4H24C56S8N8O13,-0.0299479,-897.296,r2SCAN-D4,P1
C56H24N16O17Zn4-0_8-r2SCAN-D4,Zn4H24C56N16O17,-0.0681179,-933.328,r2SCAN-D4,P1
C56H24N16O13S8Zn4-3_13-r2SCAN-D4,Zn4H24C56S8N16O13,-0.010588,-968.402,r2SCAN-D4,P1
C54H39N9O16Zn4-3_6-r2SCAN-D4,Zn4H39C54N9O16,-0.214016,-913.409,r2SCAN-D4,P1
C54H36N18O13Zn4-1_5-r2SCAN-D4,Zn4H36C54N18O13,-0.119957,-956.82,r2SCAN-D4,P1
C54H36N6O13S6Zn4-0_1-r2SCAN-D4,Zn4H36C54S6N6O13,-0.1008,-892.792,r2SCAN-D4,P1
C54H24N12O19Zn4-3-r2SCAN-D4,Zn4H24C54N12O19,-0.153111,-897.663,r2SCAN-D4,P1
C54H24N12O13S3Zn4-3_8-r2SCAN-D4,Zn4H24C54S3N12O13,-0.100031,-880.831,r2SCAN-D4,P1
C54H18N12O19Zn4-1_10-r2SCAN-D4,Zn4H18C54N12O19,-0.20649,-881.714,r2SCAN-D4,P1
C52H36N12O13Zn4-2_9-r2SCAN-D4,Zn4H36C52N12O13,-0.182071,-888.187,r2SCAN-D4,P1
C52H32N8O17Zn4-2_2-r2SCAN-D4,Zn4H32C52N8O17,-0.214918,-864.022,r2SCAN-D4,P1
C52H32N4O17Zn4-2_18-r2SCAN-D4,Zn4H32C52N4O17,-0.274463,-833.048,r2SCAN-D4,P1
C52H32N4O13Zn4-2_7-r2SCAN-D4,Zn4H32C52N4O13,-0.210252,-801.924,r2SCAN-D4,P1
C64H24N16O13Zn4-0_4-r2SCAN-D4,Zn4H24C64N16O13,-0.017155,-984.286,r2SCAN-D4,P1
C44H32N32O13Zn4-1_10-r2SCAN-D4,Zn4H32C44N32O13,-0.102066,-968.701,r2SCAN-D4,P1
C42H30N12O16Zn4-2_16-r2SCAN-D4,Zn2H15C21(N3O4)2,-0.283973,-792.969,r2SCAN-D4,P1
C44H28N16O21Zn4-3_1-r2SCAN-D4,Zn4H28C44N16O21,-0.250548,-870.577,r2SCAN-D4,P1
C40H36N8O15Zn4-1_12-r2SCAN-D4,Zn4H36C40N8O15,-0.313021,-753.959,r2SCAN-D4,P1
C39H36N6O19Zn4-0_16-r2SCAN-D4,Zn4H36C39N6O19,-0.365293,-754.673,r2SCAN-D4,P1
C40H36N12O17Zn4-2_13-r2SCAN-D4,Zn4H36C40N12O17,-0.284147,-800.936,r2SCAN-D4,P1
C51H42N6O19Zn4-0_4-r2SCAN-D4,Zn4H42C51N6O19,-0.282636,-892.11,r2SCAN-D4,P1
C48H40N16O13Zn4-2_5-r2SCAN-D4,Zn4H40C48N16O13,-0.235698,-905.768,r2SCAN-D4,P1
C48H36N4O21Zn4-3_9-r2SCAN-D4,Zn4H36C48N4O21,-0.348248,-839.528,r2SCAN-D4,P1
C48H36N6O13S3Zn4-2_8-r2SCAN-D4,Zn4H36C48S3N6O13,-0.20509,-818.862,r2SCAN-D4,P1
C48H32N8O17Zn4-3_11-r2SCAN-D4,Zn4H32C48N8O17,-0.20807,-822.348,r2SCAN-D4,P1
C48H32N20O17Zn4-0_4-r2SCAN-D4,Zn4H32C48N20O17,-0.188526,-932.293,r2SCAN-D4,P1
C48H24N8O13S8Zn4-3_10-r2SCAN-D4,Zn4H24C48S8N8O13,-0.0574797,-819.811,r2SCAN-D4,P1
C48H24N8O17S8Zn4-0_9-r2SCAN-D4,Zn4H24C48S8N8O17,-0.0910145,-846.98,r2SCAN-D4,P1
C60H24N4O13Zn4-1_2-r2SCAN-D4,Zn4H24C60N4O13,-0.119661,-844.893,r2SCAN-D4,P1
C60H44N4O13Zn4-3_2-MACE-OMat-D3,C60H44N4O13Zn4-3_2-MACE-OMat-D3,-0.182085,-819.23,MACE-OMat-D3,P1
C60H24N12O17Zn4-1_6-MACE-OMat-D3,C60H24N12O17Zn4-1_6-MACE-OMat-D3,-0.121155,-832.319,MACE-OMat-D3,P1
C60H20N12O13Zn4-3_12-MACE-OMat-D3,C60H20N12O13Zn4-3_12-MACE-OMat-D3,-0.0996528,-796.239,MACE-OMat-D3,P1
C56H32N8O13S8Zn4-3_9-MACE-OMat-D3,C56H32N8O13S8Zn4-3_9-MACE-OMat-D3,-0.196951,-811.006,MACE-OMat-D3,P1
C56H24N8O13S8Zn4-1_14-MACE-OMat-D3,C56H24N8O13S8Zn4-1_14-MACE-OMat-D3,-0.102969,-772.86,MACE-OMat-D3,P1
C54H42N12O13Zn4-2_2-MACE-OMat-D3,C54H42N12O13Zn4-2_2-MACE-OMat-D3,-0.241726,-831.787,MACE-OMat-D3,P1
C54H30N6O13Zn4-1_4-MACE-OMat-D3,C54H30N6O13Zn4-1_4-MACE-OMat-D3,-0.194392,-733.379,MACE-OMat-D3,P1
C54H18N12O19Zn4-0_4-MACE-OMat-D3,C54H18N12O19Zn4-0_4-MACE-OMat-D3,-0.204682,-775.311,MACE-OMat-D3,P1
C52H32N8O13Zn4-3_13-MACE-OMat-D3,C52H32N8O13Zn4-3_13-MACE-OMat-D3,-0.267651,-746.54,MACE-OMat-D3,P1
C52H32N4O13Zn4-3_2-MACE-OMat-D3,C52H32N4O13Zn4-3_2-MACE-OMat-D3,-0.230892,-708.231,MACE-OMat-D3,P1
C52H32N4O13Zn4-2_3-MACE-OMat-D3,C52H32N4O13Zn4-2_3-MACE-OMat-D3,-0.252603,-710.511,MACE-OMat-D3,P1
C52H24N8O17Zn4-2_6-MACE-OMat-D3,C52H24N8O17Zn4-2_6-MACE-OMat-D3,-0.227382,-735.084,MACE-OMat-D3,P1
C52H24N16O13Zn4-3_1-MACE-OMat-D3,C52H24N16O13Zn4-3_1-MACE-OMat-D3,-0.16125,-775.749,MACE-OMat-D3,P1
C48H40N12O17Zn4-1_11-MACE-OMat-D3,C48H40N12O17Zn4-1_11-MACE-OMat-D3,-0.322515,-798.733,MACE-OMat-D3,P1
C48H36N8O13Zn4-2_2-MACE-OMat-D3,C48H36N8O13Zn4-2_2-MACE-OMat-D3,-0.237352,-719.434,MACE-OMat-D3,P1
C48H32N8O17S4Zn4-0_5-MACE-OMat-D3,C48H32N8O17S4Zn4-0_5-MACE-OMat-D3,-0.290135,-749.68,MACE-OMat-D3,P1
C48H28N12O17Zn4-3_9-MACE-OMat-D3,C48H28N12O17Zn4-3_9-MACE-OMat-D3,-0.29018,-752.413,MACE-OMat-D3,P1
C48H28N12O17Zn4-3_11-MACE-OMat-D3,C48H28N12O17Zn4-3_11-MACE-OMat-D3,-0.265797,-749.755,MACE-OMat-D3,P1
C48H24N8O17Zn4-3_9-MACE-OMat-D3,C48H24N8O17Zn4-3_9-MACE-OMat-D3,-0.242678,-698.94,MACE-OMat-D3,P1
C48H24N8O17Zn4-3_16-MACE-OMat-D3,C48H24N8O17Zn4-3_16-MACE-OMat-D3,-0.259417,-700.631,MACE-OMat-D3,P1
C48H24N8O13S8Zn4-3_15-MACE-OMat-D3,C48H24N8O13S8Zn4-3_15-MACE-OMat-D3,-0.140026,-702.37,MACE-OMat-D3,P1
C48H24N8O13S8Zn4-3_2-MACE-OMat-D3,C48H24N8O13S8Zn4-3_2-MACE-OMat-D3,-0.0378505,-691.642,MACE-OMat-D3,P1
C48H18N12O19Zn4-0_3-MACE-OMat-D3,C48H18N12O19Zn4-0_3-MACE-OMat-D3,-0.274335,-725.95,MACE-OMat-D3,P1
C48H12N30O10Zn4-1_2-MACE-OMat-D3,C48H12N30O10Zn4-1_2-MACE-OMat-D3,0.0669359,-777.488,MACE-OMat-D3,P1
C45H24N6O13Zn4-0_17-MACE-OMat-D3,C45H24N6O13Zn4-0_17-MACE-OMat-D3,-0.163682,-625.423,MACE-OMat-D3,P1
C44H40N8O17Zn4-0_4-MACE-OMat-D3,C44H40N8O17Zn4-0_4-MACE-OMat-D3,-0.315887,-725.246,MACE-OMat-D3,P1
C44H40N20O17Zn4-2_2-MACE-OMat-D3,C44H40N20O17Zn4-2_2-MACE-OMat-D3,-0.356072,-834.196,MACE-OMat-D3,P1
C44H40N20O17Zn4-1_8-MACE-OMat-D3,C44H40N20O17Zn4-1_8-MACE-OMat-D3,-0.344234,-832.716,MACE-OMat-D3,P1
C44H32N32O13Zn4-3_8-MACE-OMat-D3,C44H32N32O13Zn4-3_8-MACE-OMat-D3,-0.199756,-869.049,MACE-OMat-D3,P1
C44H32N32O13Zn4-3_11-MACE-OMat-D3,C44H32N32O13Zn4-3_11-MACE-OMat-D3,-0.157031,-863.708,MACE-OMat-D3,P1
C42H30N12O16Zn4-1_3-MACE-OMat-D3,C42H30N12O16Zn4-1_3-MACE-OMat-D3,-0.352535,-703.819,MACE-OMat-D3,P1
C42H24N6O13Zn4-0-MACE-OMat-D3,C42H24N6O13Zn4-0-MACE-OMat-D3,-0.257975,-605.74,MACE-OMat-D3,P1
C42H24N6O13S3Zn4-1_3-MACE-OMat-D3,C42H24N6O13S3Zn4-1_3-MACE-OMat-D3,-0.256183,-618.735,MACE-OMat-D3,P1
C40H20N8O17Zn4-3_12-MACE-OMat-D3,C40H20N8O17Zn4-3_12-MACE-OMat-D3,-0.254462,-610.545,MACE-OMat-D3,P1
C40H20N8O17Zn4-1_4-MACE-OMat-D3,C40H20N8O17Zn4-1_4-MACE-OMat-D3,-0.221523,-607.613,MACE-OMat-D3,P1
C40H24N16O21Zn4-0_9-MACE-OMat-D3,C40H24N16O21Zn4-0_9-MACE-OMat-D3,-0.248911,-713.558,MACE-OMat-D3,P1
C40H20N8O13Zn4-1_9-MACE-OMat-D3,C40H20N8O13Zn4-1_9-MACE-OMat-D3,-0.222925,-587.054,MACE-OMat-D3,P1
C32H24N16O13Zn4-1_4-MACE-OMat-D3,C32H24N16O13Zn4-1_4-MACE-OMat-D3,-0.334639,-604.063,MACE-OMat-D3,P1
C24H16O5Zn4-0-r2SCAN-D4,C24H16O5Zn4-0-r2SCAN-D4,0.0694342,-357.485,r2SCAN-D4,P1
C21H18O13Zn4-2_17.0-r2SCAN-D4,C21H18O13Zn4-2_17.0-r2SCAN-D4,-0.537658,-414.427,r2SCAN-D4,P1
C56H24N16O13S8Zn4-1_1-MACE-OMat-D3,C56H24N16O13S8Zn4-1_1-MACE-OMat-D3,0.00471318,-827.411,MACE-OMat-D3,P1
C56H24N12O21Zn4-1_9-MACE-OMat-D3,C56H24N12O21Zn4-1_9-MACE-OMat-D3,-0.188761,-823.243,MACE-OMat-D3,P1
C56H20N12O13Zn4-2_1-MACE-OMat-D3,C56H20N12O13Zn4-2_1-MACE-OMat-D3,-0.141958,-763.504,MACE-OMat-D3,P1
C51H33N12O22Zn4-2_7-MACE-OMat-D3,C51H33N12O22Zn4-2_7-MACE-OMat-D3,-0.31001,-827.148,MACE-OMat-D3,P1
C51H33N12O22Zn4-1_9-MACE-OMat-D3,C51H33N12O22Zn4-1_9-MACE-OMat-D3,-0.385987,-836.417,MACE-OMat-D3,P1
C51H18N27O10Zn4-3_4-MACE-OMat-D3,C51H18N27O10Zn4-3_4-MACE-OMat-D3,0.0334693,-802.781,MACE-OMat-D3,P1
C51H18N27O10Zn4-1_3-MACE-OMat-D3,C51H18N27O10Zn4-1_3-MACE-OMat-D3,0.017906,-804.492,MACE-OMat-D3,P1
C48H24N6O13Zn4-1_8-MACE-OMat-D3,C48H24N6O13Zn4-1_8-MACE-OMat-D3,-0.218208,-658.678,MACE-OMat-D3,P1
C48H24N6O13S9Zn4-2_6-MACE-OMat-D3,C48H24N6O13S9Zn4-2_6-MACE-OMat-D3,-0.166252,-692.397,MACE-OMat-D3,P1
C36H24N12O9Zn4-1_2-MACE-OMat-D3,C36H24N12O9Zn4-1_2-MACE-OMat-D3,-0.120879,-568.162,MACE-OMat-D3,P1
C36H18N6O13Zn4-0_8-MACE-OMat-D3,C36H18N6O13Zn4-0_8-MACE-OMat-D3,-0.281839,-529.852,MACE-OMat-D3,P1
C36H16N8O13Zn4-0_1-MACE-OMat-D3,C36H16N8O13Zn4-0_1-MACE-OMat-D3,-0.208979,-534.443,MACE-OMat-D3,P1
C36H12N27O13Zn4-2_7-MACE-OMat-D3,C36H12N27O13Zn4-2_7-MACE-OMat-D3,-0.0659737,-669.994,MACE-OMat-D3,P1
C24H24O16Zn4-2_6-r2SCAN-D4,C24H24O16Zn4-2_6-r2SCAN-D4,-0.536413,-489.05,r2SCAN-D4,P1
C48H24N12O21Zn4-0_4-MACE-OMat-D3,C48H24N12O21Zn4-0_4-MACE-OMat-D3,-0.24632,-754.45,MACE-OMat-D3,P1
C44H24N8O13S4Zn4-3_19-MACE-OMat-D3,C44H24N8O13S4Zn4-3_19-MACE-OMat-D3,-0.198737,-653.651,MACE-OMat-D3,P1
C44H20N8O13Zn4-3_4-MACE-OMat-D3,C44H20N8O13Zn4-3_4-MACE-OMat-D3,-0.176838,-620.622,MACE-OMat-D3,P1
C28H12N6O11Zn4-2_2.0-r2SCAN-D4,C28H12N6O11Zn4-2_2.0-r2SCAN-D4,-0.186045,-488.309,r2SCAN-D4,P1
C32H28N12O9Zn4-0_6-r2SCAN-D4,C32H28N12O9Zn4-0_6-r2SCAN-D4,-0.144141,-627.856,r2SCAN-D4,P1
C16H6Mg4N2O8-11-r2SCAN-D4,C16H6Mg4N2O8-11-r2SCAN-D4,-0.405619,-277.276,r2SCAN-D4,P1
C44H28N4O13Zn4-0_8-r2SCAN-D4,Zn4H28C44N4O13,-0.183694,-702.967,r2SCAN-D4,P1
C44H24N8O17Zn4-2_4-r2SCAN-D4,Zn4H24C44N8O17,-0.223351,-753.61,r2SCAN-D4,P1
C44H24N8O17Zn4-3_10-r2SCAN-D4,Zn4H24C44N8O17,-0.25104,-756.296,r2SCAN-D4,P1
C44H24N8O17Zn4-1_13-r2SCAN-D4,Zn4H24C44N8O17,-0.271265,-758.257,r2SCAN-D4,P1
C44H24N8O17Zn4-0_14-r2SCAN-D4,Zn4H24C44N8O17,-0.235777,-754.815,r2SCAN-D4,P1
C44H24N8O13S4Zn4-2_9-r2SCAN-D4,Zn4H24C44S4N8O13,-0.166388,-757.324,r2SCAN-D4,P1
C44H24N8O13S4Zn4-1_8-r2SCAN-D4,Zn4H24C44S4N8O13,-0.178736,-758.521,r2SCAN-D4,P1
C44H20N8O13Zn4-0_13-r2SCAN-D4,Zn4H20C44N8O13,-0.1632,-709.358,r2SCAN-D4,P1
C44H20N8O13S4Zn4-2_1-r2SCAN-D4,Zn4H20C44S4N8O13,-0.100548,-736.707,r2SCAN-D4,P1
C42H24N6O13Zn4-3_6-r2SCAN-D4,Zn4H24C42N6O13,-0.261,-693.553,r2SCAN-D4,P1
C42H24N6O13Zn4-2_13-r2SCAN-D4,Zn4H24C42N6O13,-0.261098,-693.562,r2SCAN-D4,P1
C42H24N6O10S6Zn4-3_1-r2SCAN-D4,Zn2H12C21S3N3O5,-0.0730979,-708.371,r2SCAN-D4,P1
C40H20N8O17Zn4-2_16-r2SCAN-D4,Zn4H20C40N8O17,-0.240725,-699.473,r2SCAN-D4,P1
C38H28N4O13Zn4-3_24-r2SCAN-D4,Zn4H28C38N4O13,-0.310154,-652.765,r2SCAN-D4,P1
C38H28N4O13Zn4-0_13-r2SCAN-D4,Zn4H28C38N4O13,-0.308946,-652.66,r2SCAN-D4,P1
C28H16N8O17Zn4-0_9-r2SCAN-D4,Zn4H16C28N8O17,-0.339391,-568.792,r2SCAN-D4,P1
C40H16N8O9S4Zn4-3_3-r2SCAN-D4,Zn4H16C40S4N8O9,0.0848138,-643.306,r2SCAN-D4,P1
C36H18N6O13S6Zn4-2_12-r2SCAN-D4,Zn4H18C36S6N6O13,-0.186136,-653.715,r2SCAN-D4,P1
C36H16N8O13Zn4-2_7-r2SCAN-D4,Zn4H16C36N8O13,-0.202976,-616.498,r2SCAN-D4,P1
C28H24N16O13Zn4-3_15-r2SCAN-D4,Zn4H24C28N16O13,-0.29347,-646.542,r2SCAN-D4,P1
C56H24N4O13Zn4-1_5-r2SCAN-D4,Zn4H24C56N4O13,-0.148096,-807.218,r2SCAN-D4,P1
C56H16N12O13Zn4-3_4-r2SCAN-D4,Zn4H16C56N12O13,-0.0525758,-843.124,r2SCAN-D4,P1
C48H16N16O17Zn4-1_3-r2SCAN-D4,Zn4H16C48N16O17,-0.100987,-827.766,r2SCAN-D4,P1
C48H18N12O19Zn4-0_17-r2SCAN-D4,Zn4H18C48N12O19,-0.157731,-815.448,r2SCAN-D4,P1
C44H32O17Zn4-2-r2SCAN-D4,Zn4H32C44O17,-0.351348,-720.472,r2SCAN-D4,P1
C33H30N15O13Zn4-0_15-r2SCAN-D4,Zn4H30C33N15O13,-0.300123,-711.784,r2SCAN-D4,P1
C68H32N4O13Zn4-1_17-r2SCAN-D4,Zn4H32C68N4O13,-0.101553,-952.408,r2SCAN-D4,P1
C36H18N21O13Zn4-0_9-r2SCAN-D4,Zn4H18C36N21O13,-0.102382,-736.166,r2SCAN-D4,P1
C64H36N4O13Zn4-1_2-r2SCAN-D4,Zn4H36C64N4O13,-0.152049,-932.278,r2SCAN-D4,P1
C64H36N4O13Zn4-3_13-r2SCAN-D4,Zn4H36C64N4O13,-0.113564,-927.621,r2SCAN-D4,P1
C60H36O19Zn4-1_1-r2SCAN-D4,Zn4H36C60O19,-0.248871,-901.749,r2SCAN-D4,P1
C60H36N12O13Zn4-1_4-r2SCAN-D4,Zn4H36C60N12O13,-0.0956923,-958.982,r2SCAN-D4,P1
C60H16N16O13Zn4-3_23-r2SCAN-D4,Zn4H16C60N16O13,-0.0186779,-916.522,r2SCAN-D4,P1
C56H40N4O13Zn4-2_1-r2SCAN-D4,Zn4H40C56N4O13,-0.17261,-867.767,r2SCAN-D4,P1
C56H8N40O13Zn4-0_8-r2SCAN-D4,Zn4H8C56N40O13,0.261088,-1034.8,r2SCAN-D4,P1
C56H32N4O17Zn4-2-r2SCAN-D4,Zn4H32C56N4O17,-0.23533,-869.792,r2SCAN-D4,P1
C56H32N8O13S8Zn4-2_4-r2SCAN-D4,Zn4H32C56S8N8O13,-0.0258392,-924.694,r2SCAN-D4,P1
C54H30N6O13Zn4-2_8-r2SCAN-D4,Zn4H30C54N6O13,-0.167309,-829.172,r2SCAN-D4,P1
C44H36N16O13Zn4-0_15-r2SCAN-D4,Zn4H36C44N16O13,-0.227726,-849.086,r2SCAN-D4,P1
C44H32N32O13Zn4-2_11-r2SCAN-D4,Zn4H32C44N32O13,-0.117181,-970.59,r2SCAN-D4,P1
C44H32N32O13Zn4-0_10-r2SCAN-D4,Zn4H32C44N32O13,-0.10526,-969.1,r2SCAN-D4,P1
C40H36N8O15Zn4-0_4-r2SCAN-D4,Zn4H36C40N8O15,-0.299928,-752.61,r2SCAN-D4,P1
C44H16N40O13Zn4-0_3-r2SCAN-D4,Zn4H16C44N40O13,0.0930404,-962.955,r2SCAN-D4,P1
C40H16N24O25Zn4-2_4-r2SCAN-D4,Zn4H16C40N24O25,-0.108174,-868.998,r2SCAN-D4,P1
C52H24N16O13Zn4-0_12-r2SCAN-D4,Zn4H24C52N16O13,-0.042903,-866.682,r2SCAN-D4,P1
C52H24N16O13Zn4-2_14-r2SCAN-D4,Zn4H24C52N16O13,-0.115123,-874.554,r2SCAN-D4,P1
C51H33N9O13Zn4-0_2-r2SCAN-D4,Zn4H33C51N9O13,-0.168952,-837.628,r2SCAN-D4,P1
C52H24N16O13Zn4-1_13-r2SCAN-D4,Zn4H24C52N16O13,-0.0450985,-866.922,r2SCAN-D4,P1
C48H52N8O13Zn4-3_11-r2SCAN-D4,Zn4H52C48N8O13,-0.253381,-877.196,r2SCAN-D4,P1
C48H36N6O13S3Zn4-3_5-r2SCAN-D4,Zn4H36C48S3N6O13,-0.188687,-817.058,r2SCAN-D4,P1
C48H36N12O13S4Zn4-3_5-r2SCAN-D4,Zn4H36C48S4N12O13,-0.179424,-880.332,r2SCAN-D4,P1
C48H36N12O13S4Zn4-3_3-r2SCAN-D4,Zn4H36C48S4N12O13,-0.174342,-879.738,r2SCAN-D4,P1
C48H36N12O13S4Zn4-3_7-r2SCAN-D4,Zn4H36C48S4N12O13,-0.192245,-881.832,r2SCAN-D4,P1
C60H28N8O17Zn4-1_2-r2SCAN-D4,Zn4H28C60N8O17,-0.0922372,-916.837,r2SCAN-D4,P1
C48H32N8O13Zn4-0_16-r2SCAN-D4,Zn4H32C48N8O13,-0.23274,-800.822,r2SCAN-D4,P1
C48H30N12O13Zn4-2_17-r2SCAN-D4,Zn4H30C48N12O13,-0.159008,-823.089,r2SCAN-D4,P1
C48H32N20O17Zn4-2_5-r2SCAN-D4,Zn4H32C48N20O17,-0.208628,-934.726,r2SCAN-D4,P1
C48H24N8O17S8Zn4-2_9-r2SCAN-D4,Zn4H24C48S8N8O17,-0.0667278,-844.333,r2SCAN-D4,P1
C48H24N8O17S8Zn4-0_10-r2SCAN-D4,Zn4H24C48S8N8O17,-0.16939,-855.523,r2SCAN-D4,P1
C48H24N8O33Zn4-1_1-r2SCAN-D4,Zn4H24C48N8O33,-0.272812,-897.068,r2SCAN-D4,P1
C48H24N20O13Zn4-2_11-r2SCAN-D4,Zn4H24C48N20O13,-0.125424,-872.213,r2SCAN-D4,P1
C48H24N16O13S8Zn4-2_15-r2SCAN-D4,Zn4H24C48S8N16O13,-0.0389498,-891.386,r2SCAN-D4,P1
C48H24N12O21Zn4-3_3-r2SCAN-D4,Zn4H24C48(N4O7)3,-0.202862,-854.013,r2SCAN-D4,P1
C48H24N12O19Zn4-3_13-r2SCAN-D4,Zn4H24C48N12O19,-0.190751,-840.67,r2SCAN-D4,P1
C48H24N16O13S8Zn4-2_13-r2SCAN-D4,Zn4H24C48S8N16O13,-0.0308219,-890.467,r2SCAN-D4,P1
C45H27N9O19Zn4-3_11-r2SCAN-D4,Zn4H27C45N9O19,-0.30442,-804.785,r2SCAN-D4,P1
C44H40N24O13Zn4-1_12-r2SCAN-D4,Zn4H40C44N24O13,-0.214481,-937.2,r2SCAN-D4,P1
C48H24N12O13Zn4-3_1-r2SCAN-D4,Zn4H24C48N12O13,-0.131561,-798.621,r2SCAN-D4,P1
C66H24N6O13S6Zn4-0_5-MACE-OMat-D3,C66H24N6O13S6Zn4-0_5-MACE-OMat-D3,-0.154632,-846.626,MACE-OMat-D3,P1
C64H20N16O13Zn4-3_8-MACE-OMat-D3,C64H20N16O13Zn4-3_8-MACE-OMat-D3,-0.0427398,-860.534,MACE-OMat-D3,P1
C56H40N8O13Zn4-1_2-MACE-OMat-D3,C56H40N8O13Zn4-1_2-MACE-OMat-D3,-0.287933,-814.934,MACE-OMat-D3,P1
C56H32O13Zn4-3_7-MACE-OMat-D3,C56H32O13Zn4-3_7-MACE-OMat-D3,-0.264043,-715.112,MACE-OMat-D3,P1
C56H32N8O13S8Zn4-3_12-MACE-OMat-D3,C56H32N8O13S8Zn4-3_12-MACE-OMat-D3,-0.141729,-804.324,MACE-OMat-D3,P1
C56H16N12O13Zn4-2_16-MACE-OMat-D3,C56H16N12O13Zn4-2_16-MACE-OMat-D3,-0.0916296,-744.878,MACE-OMat-D3,P1
C54H24N6O13Zn4-2_9-MACE-OMat-D3,C54H24N6O13Zn4-2_9-MACE-OMat-D3,-0.104395,-703.66,MACE-OMat-D3,P1
C54H24N12O19Zn4-3_13-MACE-OMat-D3,C54H24N12O19Zn4-3_13-MACE-OMat-D3,-0.215758,-797.253,MACE-OMat-D3,P1
C54H24N12O19Zn4-2_9-MACE-OMat-D3,C54H24N12O19Zn4-2_9-MACE-OMat-D3,-0.171794,-792.285,MACE-OMat-D3,P1
C54H18N12O13S6Zn4-2_12-MACE-OMat-D3,C54H18N12O13S6Zn4-2_12-MACE-OMat-D3,-0.110674,-760.336,MACE-OMat-D3,P1
C52H44N8O17Zn4-3_7-MACE-OMat-D3,C52H44N8O17Zn4-3_7-MACE-OMat-D3,-0.265216,-809.235,MACE-OMat-D3,P1
C52H32N4O17Zn4-2_5-MACE-OMat-D3,C52H32N4O17Zn4-2_5-MACE-OMat-D3,-0.2977,-736.229,MACE-OMat-D3,P1
C52H32N4O13Zn4-0_13-MACE-OMat-D3,C52H32N4O13Zn4-0_13-MACE-OMat-D3,-0.228319,-707.961,MACE-OMat-D3,P1
C52H32N4O13Zn4-0_11-MACE-OMat-D3,C52H32N4O13Zn4-0_11-MACE-OMat-D3,-0.233227,-708.476,MACE-OMat-D3,P1
C52H28N4O21Zn4-0_17-MACE-OMat-D3,C52H28N4O21Zn4-0_17-MACE-OMat-D3,-0.331217,-746.7,MACE-OMat-D3,P1
C52H28N20O5Zn4-3-MACE-OMat-D3,C52H28N20O5Zn4-3-MACE-OMat-D3,0.107322,-753.243,MACE-OMat-D3,P1
C52H28N12O17Zn4-2_7-MACE-OMat-D3,C52H28N12O17Zn4-2_7-MACE-OMat-D3,-0.202871,-780.486,MACE-OMat-D3,P1
C48H32N8O13Zn4-2_8-MACE-OMat-D3,C48H32N8O13Zn4-2_8-MACE-OMat-D3,-0.269933,-708.93,MACE-OMat-D3,P1
C48H32N8O17S4Zn4-3_9-MACE-OMat-D3,C48H32N8O17S4Zn4-3_9-MACE-OMat-D3,-0.257272,-745.967,MACE-OMat-D3,P1
C48H32N8O17S4Zn4-0_7-MACE-OMat-D3,C48H32N8O17S4Zn4-0_7-MACE-OMat-D3,-0.246088,-744.703,MACE-OMat-D3,P1
C48H30N6O13Zn4-0_14-MACE-OMat-D3,C48H30N6O13Zn4-0_14-MACE-OMat-D3,-0.253379,-683.002,MACE-OMat-D3,P1
C48H27N9O13Zn4-2_6-MACE-OMat-D3,C48H27N9O13Zn4-2_6-MACE-OMat-D3,-0.206187,-693.538,MACE-OMat-D3,P1
C48H24N8O33Zn4-2_1-MACE-OMat-D3,C48H24N8O33Zn4-2_1-MACE-OMat-D3,-0.297747,-788.436,MACE-OMat-D3,P1
C48H24N8O17Zn4-3_14-MACE-OMat-D3,C48H24N8O17Zn4-3_14-MACE-OMat-D3,-0.224739,-697.129,MACE-OMat-D3,P1
C48H20N12O9Zn4-3_7-MACE-OMat-D3,C48H20N12O9Zn4-3_7-MACE-OMat-D3,0.0083232,-654.474,MACE-OMat-D3,P1
C48H18N12O19Zn4-1_4-MACE-OMat-D3,C48H18N12O19Zn4-1_4-MACE-OMat-D3,-0.275256,-726.043,MACE-OMat-D3,P1
C48H16N16O17Zn4-0_5-MACE-OMat-D3,C48H16N16O17Zn4-0_5-MACE-OMat-D3,-0.138271,-729.202,MACE-OMat-D3,P1
C45H27N9O19Zn4-1_4-MACE-OMat-D3,C45H27N9O19Zn4-1_4-MACE-OMat-D3,-0.309823,-707.04,MACE-OMat-D3,P1
C45H24N6O13Zn4-2-MACE-OMat-D3,C45H24N6O13Zn4-2-MACE-OMat-D3,-0.137822,-623.044,MACE-OMat-D3,P1
C44H40N24O13Zn4-2_10-MACE-OMat-D3,C44H40N24O13Zn4-2_10-MACE-OMat-D3,-0.28778,-839.245,MACE-OMat-D3,P1
C44H40N20O17Zn4-2_7-MACE-OMat-D3,C44H40N20O17Zn4-2_7-MACE-OMat-D3,-0.342487,-832.497,MACE-OMat-D3,P1
C44H36N4O17Zn4-2_4-MACE-OMat-D3,C44H36N4O17Zn4-2_4-MACE-OMat-D3,-0.360629,-681.064,MACE-OMat-D3,P1
C44H36N16O13Zn4-3_10-MACE-OMat-D3,C44H36N16O13Zn4-3_10-MACE-OMat-D3,-0.286057,-755.865,MACE-OMat-D3,P1
C44H32N8O17Zn4-2_6-MACE-OMat-D3,C44H32N8O17Zn4-2_6-MACE-OMat-D3,-0.314126,-696.585,MACE-OMat-D3,P1
C44H20N8O13S4Zn4-0_3-MACE-OMat-D3,C44H20N8O13S4Zn4-0_3-MACE-OMat-D3,-0.16527,-636.769,MACE-OMat-D3,P1
C42H30N12O16Zn4-0_6-MACE-OMat-D3,C42H30N12O16Zn4-0_6-MACE-OMat-D3,-0.343438,-702.872,MACE-OMat-D3,P1
C42H24N6O25Zn4-3_14-MACE-OMat-D3,C42H24N6O25Zn4-3_14-MACE-OMat-D3,-0.472358,-689.866,MACE-OMat-D3,P1
C42H24N6O13S3Zn4-1_4-MACE-OMat-D3,C42H24N6O13S3Zn4-1_4-MACE-OMat-D3,-0.224747,-615.843,MACE-OMat-D3,P1
C40H32O17Zn4-1_16-MACE-OMat-D3,C40H32O17Zn4-1_16-MACE-OMat-D3,-0.372399,-594.699,MACE-OMat-D3,P1
C40H24N16O13Zn4-1_5-MACE-OMat-D3,C40H24N16O13Zn4-1_5-MACE-OMat-D3,-0.18878,-666.149,MACE-OMat-D3,P1
C40H16N24O25Zn4-0_2-MACE-OMat-D3,C40H16N24O25Zn4-0_2-MACE-OMat-D3,-0.266732,-777.095,MACE-OMat-D3,P1
C38H28N4O13Zn4-2_3-MACE-OMat-D3,C38H28N4O13Zn4-2_3-MACE-OMat-D3,-0.289967,-567.515,MACE-OMat-D3,P1
C22H16Mg2N8O8-15-r2SCAN-D4,C22H16Mg2N8O8-15-r2SCAN-D4,-0.191811,-414.599,r2SCAN-D4,P1
C33H18O13Zn4-0_14-MACE-OMat-D3,C33H18O13Zn4-0_14-MACE-OMat-D3,-0.349649,-454.274,MACE-OMat-D3,P1
C30H18N6O19Zn4-0_7-MACE-OMat-D3,C30H18N6O19Zn4-0_7-MACE-OMat-D3,-0.496372,-520.891,MACE-OMat-D3,P1
C24H24O16Zn4-3_7-MACE-OMat-D3,C24H24O16Zn4-3_7-MACE-OMat-D3,-0.495521,-415.749,MACE-OMat-D3,P1
C24H18N12O13Zn4-2_7-MACE-OMat-D3,C24H18N12O13Zn4-2_7-MACE-OMat-D3,-0.349531,-472.698,MACE-OMat-D3,P1
C24H16N8O21Zn4-2_15-MACE-OMat-D3,C24H16N8O21Zn4-2_15-MACE-OMat-D3,-0.463343,-481.425,MACE-OMat-D3,P1
C20H12O15Zn4-1_1-MACE-OMat-D3,C20H12O15Zn4-1_1-MACE-OMat-D3,-0.534349,-328.653,MACE-OMat-D3,P1
C18H15N3O13Zn4-2_3-MACE-OMat-D3,C18H15N3O13Zn4-2_3-MACE-OMat-D3,-0.581329,-338.692,MACE-OMat-D3,P1
C18H12O19Zn4-0_3-r2SCAN-D4,C18H12O19Zn4-0_3-r2SCAN-D4,-0.767417,-409.125,r2SCAN-D4,P1
C56H24N16O17Zn4-3_10-MACE-OMat-D3,C56H24N16O17Zn4-3_10-MACE-OMat-D3,-0.138118,-830.904,MACE-OMat-D3,P1
C56H24N16O17Zn4-1_8-MACE-OMat-D3,C56H24N16O17Zn4-1_8-MACE-OMat-D3,-0.148895,-832.165,MACE-OMat-D3,P1
C56H24N12O21Zn4-2_8-MACE-OMat-D3,C56H24N12O21Zn4-2_8-MACE-OMat-D3,-0.170112,-821.061,MACE-OMat-D3,P1
C52H20N12O13Zn4-2_3-MACE-OMat-D3,C52H20N12O13Zn4-2_3-MACE-OMat-D3,-0.108902,-722.819,MACE-OMat-D3,P1
C51H33N9O13Zn4-3_7-MACE-OMat-D3,C51H33N9O13Zn4-3_7-MACE-OMat-D3,-0.186225,-740.245,MACE-OMat-D3,P1
C48H24N20O13Zn4-1_1-MACE-OMat-D3,C48H24N20O13Zn4-1_1-MACE-OMat-D3,-0.158553,-772.055,MACE-OMat-D3,P1
C48H24N16O13S8Zn4-2_3-MACE-OMat-D3,C48H24N16O13S8Zn4-2_3-MACE-OMat-D3,-0.159152,-772.409,MACE-OMat-D3,P1
C44H20N8O13Zn4-1_17-MACE-OMat-D3,C44H20N8O13Zn4-1_17-MACE-OMat-D3,-0.177214,-620.656,MACE-OMat-D3,P1
C36H24N6O13Zn4-3_10-MACE-OMat-D3,C36H24N6O13Zn4-3_10-MACE-OMat-D3,-0.302005,-552.679,MACE-OMat-D3,P1
C36H24N6O13Zn4-0_3-MACE-OMat-D3,C36H24N6O13Zn4-0_3-MACE-OMat-D3,-0.290238,-551.702,MACE-OMat-D3,P1
C36H20N8O21Zn4-2_26-MACE-OMat-D3,C36H20N8O21Zn4-2_26-MACE-OMat-D3,-0.310862,-598.578,MACE-OMat-D3,P1
C36H18N6O13Zn4-2_8-MACE-OMat-D3,C36H18N6O13Zn4-2_8-MACE-OMat-D3,-0.281546,-529.829,MACE-OMat-D3,P1
C36H18N6O13S6Zn4-2_12-MACE-OMat-D3,C36H18N6O13S6Zn4-2_12-MACE-OMat-D3,-0.216336,-550.878,MACE-OMat-D3,P1
C36H18N6O13S6Zn4-1_6-MACE-OMat-D3,C36H18N6O13S6Zn4-1_6-MACE-OMat-D3,-0.28054,-556.207,MACE-OMat-D3,P1
C30H20N2O5Zn4-2_1.0-r2SCAN-D4,C30H20N2O5Zn4-2_1.0-r2SCAN-D4,0.11859,-445.886,r2SCAN-D4,P1
C30H18O19Zn4-2_7-r2SCAN-D4,C30H18O19Zn4-2_7-r2SCAN-D4,-0.555198,-548.817,r2SCAN-D4,P1
C28H20N4O13Zn4-2_1-r2SCAN-D4,C28H20N4O13Zn4-2_1-r2SCAN-D4,-0.360665,-522.842,r2SCAN-D4,P1
C20H20N8O13Zn4-3_6-r2SCAN-D4,C20H20N8O13Zn4-3_6-r2SCAN-D4,-0.474035,-485.236,r2SCAN-D4,P1
C18H15N3O13Zn4-0_15-r2SCAN-D4,C18H15N3O13Zn4-0_15-r2SCAN-D4,-0.584546,-402.331,r2SCAN-D4,P1
C48H24N12O21Zn4-1_1-MACE-OMat-D3,C48H24N12O21Zn4-1_1-MACE-OMat-D3,-0.215568,-751.098,MACE-OMat-D3,P1
C48H24N12O21Zn4-1_2-MACE-OMat-D3,C48H24N12O21Zn4-1_2-MACE-OMat-D3,-0.303163,-760.646,MACE-OMat-D3,P1
C48H24N12O21Zn4-0-MACE-OMat-D3,C48H24N12O21Zn4-0-MACE-OMat-D3,-0.266868,-756.689,MACE-OMat-D3,P1
C44H24N8O13S4Zn4-0_9-MACE-OMat-D3,C44H24N8O13S4Zn4-0_9-MACE-OMat-D3,-0.213983,-655.13,MACE-OMat-D3,P1
C44H20N8O13Zn4-2_3-MACE-OMat-D3,C44H20N8O13Zn4-2_3-MACE-OMat-D3,-0.177225,-620.657,MACE-OMat-D3,P1
C36H18O16Zn4-3_9-r2SCAN-D4,C36H18O16Zn4-3_9-r2SCAN-D4,-0.323122,-575.948,r2SCAN-D4,P1
C48H28N4O13Zn4-0_16-r2SCAN-D4,C48H28N4O13Zn4-0_16-r2SCAN-D4,-0.247522,-749.962,r2SCAN-D4,P1
C44H24N8O17Zn4-0_20-r2SCAN-D4,Zn4H24C44N8O17,-0.291091,-760.18,r2SCAN-D4,P1
C44H24N8O17Zn4-0_12-r2SCAN-D4,Zn4H24C44N8O17,-0.242475,-755.465,r2SCAN-D4,P1
C44H24N16O13Zn4-1_7-r2SCAN-D4,Zn4H24C44N16O13,-0.127373,-794.734,r2SCAN-D4,P1
C44H20N8O13S4Zn4-1_1-r2SCAN-D4,Zn4H20C44S4N8O13,-0.140571,-740.429,r2SCAN-D4,P1
C44H20N8O13S4Zn4-1_6-r2SCAN-D4,Zn4H20C44S4N8O13,-0.0978365,-736.455,r2SCAN-D4,P1
C44H20N8O13S4Zn4-1_15-r2SCAN-D4,Zn4H20C44S4N8O13,-0.138057,-740.196,r2SCAN-D4,P1
C42H30N6O19Zn4-3_2-r2SCAN-D4,Zn4H30C42N6O19,-0.284822,-754.759,r2SCAN-D4,P1
C42H24N6O13S3Zn4-1_2-r2SCAN-D4,Zn4H24C42S3N6O13,-0.182542,-711.511,r2SCAN-D4,P1
C42H24N6O13S3Zn4-0_12-r2SCAN-D4,Zn4H24C42S3N6O13,-0.145659,-708.118,r2SCAN-D4,P1
C40H36N8O13Zn4-1_11-r2SCAN-D4,Zn4H36C40N8O13,-0.269069,-737.252,r2SCAN-D4,P1
C24H16N2O11Zn4-0_7-r2SCAN-D4,Zn4H16C24N2O11,-0.320387,-432.378,r2SCAN-D4,P1
C36H18N6O13Zn4-1_14-r2SCAN-D4,Zn4H18C36N6O13,-0.283539,-611.313,r2SCAN-D4,P1
C36H18N6O13S6Zn4-2_15-r2SCAN-D4,Zn4H18C36S6N6O13,-0.236075,-657.86,r2SCAN-D4,P1
C24H24N12O13Zn4-2_6-r2SCAN-D4,Zn4H24C24N12O13,-0.42766,-577.854,r2SCAN-D4,P1
C24H24N8O17Zn4-0_13-r2SCAN-D4,Zn4H24C24N8O17,-0.521857,-571.787,r2SCAN-D4,P1
C48H30N6O13Zn4-0_5-r2SCAN-D4,Zn4H30C48N6O13,-0.232971,-774.698,r2SCAN-D4,P1
C48H18N12O19Zn4-1_4-r2SCAN-D4,Zn4H18C48N12O19,-0.243513,-824.112,r2SCAN-D4,P1
C48H20N12O9Zn4-3_7-r2SCAN-D4,Zn4H20C48(N4O3)3,0.0690377,-741.801,r2SCAN-D4,P1
C54H24N6O13Zn4-2_3-r2SCAN-D4,Zn4H24C54N6O13,-0.0671558,-797.311,r2SCAN-D4,P1
C45H24N6O13Zn4-2_1-r2SCAN-D4,Zn4H24C45N6O13,-0.14439,-713.659,r2SCAN-D4,P1
C36H32N12O17Zn4-2_15-r2SCAN-D4,Zn4H32C36N12O17,-0.371085,-753.548,r2SCAN-D4,P1
C36H18N6O25Zn4-0_17-r2SCAN-D4,Zn4H18C36N6O25,-0.333484,-689.012,r2SCAN-D4,P1
C36H12N27O13Zn4-0_6-r2SCAN-D4,Zn4H12C36N27O13,0.00236694,-760.694,r2SCAN-D4,P1
C68H32N4O13Zn4-3_10-r2SCAN-D4,Zn4H32C68N4O13,-0.105641,-952.903,r2SCAN-D4,P1
C60H24N12O13S6Zn4-2_4-r2SCAN-D4,Zn4H24C60S6N12O13,0.0445798,-949.018,r2SCAN-D4,P1
C60H20N12O13Zn4-2_11-r2SCAN-D4,Zn4H20C60N12O13,0.0232391,-889.177,r2SCAN-D4,P1
C60H18N12O13S6Zn4-3_10-r2SCAN-D4,Zn4H18C60S6N12O13,-0.0501576,-939.249,r2SCAN-D4,P1
C56H40N8O13Zn4-1_16-r2SCAN-D4,Zn4H40C56N8O13,-0.182221,-906.225,r2SCAN-D4,P1
C56H36N12O13Zn4-1_11-r2SCAN-D4,Zn4H36C56N12O13,-0.135872,-923.393,r2SCAN-D4,P1
C56H24N8O13S8Zn4-3_15-r2SCAN-D4,Zn4H24C56S8N8O13,0.0345082,-890.012,r2SCAN-D4,P1
C56H24N16O17Zn4-3_16-r2SCAN-D4,Zn4H24C56N16O17,-0.0565963,-931.98,r2SCAN-D4,P1
C56H24N16O13S8Zn4-0_4-r2SCAN-D4,Zn4H24C56S8N16O13,-0.000664871,-967.201,r2SCAN-D4,P1
C54H42N6O13Zn4-0_11-r2SCAN-D4,Zn4H42C54N6O13,-0.214587,-878.289,r2SCAN-D4,P1
C54H18N12O13S6Zn4-2_12-r2SCAN-D4,Zn4H18C54S6N12O13,-0.032818,-876.99,r2SCAN-D4,P1
C52H32N12O17Zn4-1_7-r2SCAN-D4,Zn4H32C52N12O17,-0.237273,-904.102,r2SCAN-D4,P1
C44H28N16O13Zn4-3_4-r2SCAN-D4,Zn4H28C44N16O13,-0.167779,-813.314,r2SCAN-D4,P1
C52H24N8O17Zn4-2_6-r2SCAN-D4,Zn4H24C52N8O17,-0.191679,-832.207,r2SCAN-D4,P1
C51H33N12O22Zn4-3_7-r2SCAN-D4,Zn4H33C51(N6O11)2,-0.302052,-935.736,r2SCAN-D4,P1
C51H39N15O10Zn4-0_8-r2SCAN-D4,Zn4H39C51(N3O2)5,-0.0589065,-884.239,r2SCAN-D4,P1
C48H52N8O13Zn4-1_11-r2SCAN-D4,Zn4H52C48N8O13,-0.253376,-877.195,r2SCAN-D4,P1
C48H52N8O13Zn4-0_4-r2SCAN-D4,Zn4H52C48N8O13,-0.247743,-876.491,r2SCAN-D4,P1
C48H42N12O13Zn4-3_13-r2SCAN-D4,Zn4H42C48N12O13,-0.214289,-873.059,r2SCAN-D4,P1
C48H40N12O17Zn4-3_13-r2SCAN-D4,Zn4H40C48N12O17,-0.239297,-892.883,r2SCAN-D4,P1
C48H36N12O13S4Zn4-2_11-r2SCAN-D4,Zn4H36C48S4N12O13,-0.20061,-882.811,r2SCAN-D4,P1
C48H32N20O17Zn4-1-r2SCAN-D4,Zn4H32C48N20O17,-0.207789,-934.624,r2SCAN-D4,P1
C48H24N8O13S8Zn4-3_3-r2SCAN-D4,Zn4H24C48S8N8O13,-0.069041,-821.025,r2SCAN-D4,P1
C48H24N12O19Zn4-0_5-r2SCAN-D4,Zn4H24C48N12O19,-0.253732,-847.409,r2SCAN-D4,P1
C46H30N8O15Zn4-3_3-r2SCAN-D4,Zn4H30C46N8O15,-0.256267,-787.474,r2SCAN-D4,P1
C48H18N6O13S6Zn4-2_6-r2SCAN-D4,Zn4H18C48S6N6O13,-0.043756,-762.627,r2SCAN-D4,P1
C42H24N6O13S3Zn4-3_13-r2SCAN-D4,Zn4H24C42S3N6O13,-0.237862,-716.6,r2SCAN-D4,P1
C60H42N6O13Zn4-3_7-r2SCAN-D4,Zn4H42C60N6O13,-0.0653571,-921.025,r2SCAN-D4,P1
C64H24N8O17S8Zn4-0_4-MACE-OMat-D3,C64H24N8O17S8Zn4-0_4-MACE-OMat-D3,-0.144738,-872.667,MACE-OMat-D3,P1
C64H24N16O13Zn4-0_11-MACE-OMat-D3,C64H24N16O13Zn4-0_11-MACE-OMat-D3,-0.0922582,-879.672,MACE-OMat-D3,P1
C64H20N16O13Zn4-0_16-MACE-OMat-D3,C64H20N16O13Zn4-0_16-MACE-OMat-D3,-0.059394,-862.483,MACE-OMat-D3,P1
C60H36N8O9Zn4-1_6-MACE-OMat-D3,C60H36N8O9Zn4-1_6-MACE-OMat-D3,-0.0795776,-793.416,MACE-OMat-D3,P1
C60H28N8O21Zn4-0_9-MACE-OMat-D3,C60H28N8O21Zn4-0_9-MACE-OMat-D3,-0.222817,-844.494,MACE-OMat-D3,P1
C60H24N12O13S6Zn4-3_4-MACE-OMat-D3,C60H24N12O13S6Zn4-3_4-MACE-OMat-D3,-0.0887848,-833.69,MACE-OMat-D3,P1
C60H18N12O13S6Zn4-3_12-MACE-OMat-D3,C60H18N12O13S6Zn4-3_12-MACE-OMat-D3,-0.0360309,-807.733,MACE-OMat-D3,P1
C60H16N16O13Zn4-1_20-MACE-OMat-D3,C60H16N16O13Zn4-1_20-MACE-OMat-D3,-0.0989695,-816.568,MACE-OMat-D3,P1
C56H32N8O17S4Zn4-3_3-MACE-OMat-D3,C56H32N8O17S4Zn4-3_3-MACE-OMat-D3,-0.167022,-810.662,MACE-OMat-D3,P1
C56H32N8O13S8Zn4-0_12-MACE-OMat-D3,C56H32N8O13S8Zn4-0_12-MACE-OMat-D3,-0.150075,-805.334,MACE-OMat-D3,P1
C56H24N8O13S8Zn4-3_9-MACE-OMat-D3,C56H24N8O13S8Zn4-3_9-MACE-OMat-D3,-0.0815162,-770.436,MACE-OMat-D3,P1
C56H16N12O13Zn4-3_18-MACE-OMat-D3,C56H16N12O13Zn4-3_18-MACE-OMat-D3,-0.0947758,-745.196,MACE-OMat-D3,P1
C54H24N6O13Zn4-1_3-MACE-OMat-D3,C54H24N6O13Zn4-1_3-MACE-OMat-D3,-0.114824,-704.713,MACE-OMat-D3,P1
C52H32N4O17Zn4-3_13-MACE-OMat-D3,C52H32N4O17Zn4-3_13-MACE-OMat-D3,-0.297837,-736.244,MACE-OMat-D3,P1
C52H32N4O17Zn4-3_12-MACE-OMat-D3,C52H32N4O17Zn4-3_12-MACE-OMat-D3,-0.317614,-738.4,MACE-OMat-D3,P1
C52H28N8O13Zn4-3_1-MACE-OMat-D3,C52H28N8O13Zn4-3_1-MACE-OMat-D3,-0.214909,-726.956,MACE-OMat-D3,P1
C48H36N12O13S4Zn4-0_3-MACE-OMat-D3,C48H36N12O13S4Zn4-0_3-MACE-OMat-D3,-0.281771,-776.423,MACE-OMat-D3,P1
C48H36N12O13S4Zn4-1_1-MACE-OMat-D3,C48H36N12O13S4Zn4-1_1-MACE-OMat-D3,-0.269349,-774.97,MACE-OMat-D3,P1
C48H32N8O17S4Zn4-0_13-MACE-OMat-D3,C48H32N8O17S4Zn4-0_13-MACE-OMat-D3,-0.242463,-744.293,MACE-OMat-D3,P1
C48H24N8O13S8Zn4-3_1-MACE-OMat-D3,C48H24N8O13S8Zn4-3_1-MACE-OMat-D3,-0.147473,-703.152,MACE-OMat-D3,P1
C48H24N12O13Zn4-3_13-MACE-OMat-D3,C48H24N12O13Zn4-3_13-MACE-OMat-D3,-0.192644,-707.473,MACE-OMat-D3,P1
C48H18N12O19Zn4-2_11-MACE-OMat-D3,C48H18N12O19Zn4-2_11-MACE-OMat-D3,-0.284754,-727.002,MACE-OMat-D3,P1
C46H30N8O15Zn4-2_9-MACE-OMat-D3,C46H30N8O15Zn4-2_9-MACE-OMat-D3,-0.261989,-692.592,MACE-OMat-D3,P1
C48H12N30O10Zn4-1_5-MACE-OMat-D3,C48H12N30O10Zn4-1_5-MACE-OMat-D3,0.120336,-771.935,MACE-OMat-D3,P1
C45H24N6O13Zn4-1_8-MACE-OMat-D3,C45H24N6O13Zn4-1_8-MACE-OMat-D3,-0.218608,-630.476,MACE-OMat-D3,P1
C45H24N6O13Zn4-0_3-MACE-OMat-D3,C45H24N6O13Zn4-0_3-MACE-OMat-D3,-0.151958,-624.344,MACE-OMat-D3,P1
C44H32N32O13Zn4-1-MACE-OMat-D3,C44H32N32O13Zn4-1-MACE-OMat-D3,-0.197727,-868.795,MACE-OMat-D3,P1
C42H30N4O11Zn4-1_9-MACE-OMat-D3,C42H30N4O11Zn4-1_9-MACE-OMat-D3,-0.184292,-592.428,MACE-OMat-D3,P1
C42H24N6O13Zn4-2_2-MACE-OMat-D3,C42H24N6O13Zn4-2_2-MACE-OMat-D3,-0.257662,-605.712,MACE-OMat-D3,P1
C42H24N6O13Zn4-2_12-MACE-OMat-D3,C42H24N6O13Zn4-2_12-MACE-OMat-D3,-0.257578,-605.705,MACE-OMat-D3,P1
C42H24N6O13Zn4-0_9-MACE-OMat-D3,C42H24N6O13Zn4-0_9-MACE-OMat-D3,-0.258213,-605.761,MACE-OMat-D3,P1
C40H36N8O13Zn4-0_10-MACE-OMat-D3,C40H36N8O13Zn4-0_10-MACE-OMat-D3,-0.321713,-652.498,MACE-OMat-D3,P1
C40H24O13Zn4-2_8-MACE-OMat-D3,C40H24O13Zn4-2_8-MACE-OMat-D3,-0.233962,-533.274,MACE-OMat-D3,P1
C40H24N8O13Zn4-1_9-MACE-OMat-D3,C40H24N8O13Zn4-1_9-MACE-OMat-D3,-0.24971,-603.304,MACE-OMat-D3,P1
C40H24N16O13Zn4-1-MACE-OMat-D3,C40H24N16O13Zn4-1-MACE-OMat-D3,-0.233605,-670.497,MACE-OMat-D3,P1
C39H36N12O13Zn4-1_4-MACE-OMat-D3,C39H36N12O13Zn4-1_4-MACE-OMat-D3,-0.333822,-678.906,MACE-OMat-D3,P1
C38H28N4O13Zn4-3_2-MACE-OMat-D3,C38H28N4O13Zn4-3_2-MACE-OMat-D3,-0.323217,-570.407,MACE-OMat-D3,P1
C24Cl3F6H9O7Zn4-13-r2SCAN-D4,C24Cl3F6H9O7Zn4-13-r2SCAN-D4,-0.262295,-399.743,r2SCAN-D4,P1
C25H15Mg2N3O7-15-r2SCAN-D4,C25H15Mg2N3O7-15-r2SCAN-D4,-0.150411,-386.696,r2SCAN-D4,P1
C32H30N10O5Zn4-1-MACE-OMat-D3,C32H30N10O5Zn4-1-MACE-OMat-D3,-0.0274983,-506.317,MACE-OMat-D3,P1
C30H24N18O13Zn4-1_14-MACE-OMat-D3,C30H24N18O13Zn4-1_14-MACE-OMat-D3,-0.352906,-603.988,MACE-OMat-D3,P1
C30H24N18O13Zn4-3_13-MACE-OMat-D3,C30H24N18O13Zn4-3_13-MACE-OMat-D3,-0.316854,-600.78,MACE-OMat-D3,P1
C30H18N12O16Zn4-0-MACE-OMat-D3,C30H18N12O16Zn4-0-MACE-OMat-D3,-0.424358,-551.843,MACE-OMat-D3,P1
C28H24N16O13Zn4-0-MACE-OMat-D3,C28H24N16O13Zn4-0-MACE-OMat-D3,-0.379146,-569.729,MACE-OMat-D3,P1
C24H24O13Zn4-2_2-MACE-OMat-D3,C24H24O13Zn4-2_2-MACE-OMat-D3,-0.497275,-399.532,MACE-OMat-D3,P1
C21H18O13Zn4-3_17-MACE-OMat-D3,C21H18O13Zn4-3_17-MACE-OMat-D3,-0.520469,-349.309,MACE-OMat-D3,P1
C18H15N3O13Zn4-2_5-MACE-OMat-D3,C18H15N3O13Zn4-2_5-MACE-OMat-D3,-0.572915,-338.246,MACE-OMat-D3,P1
C18H15N3O13Zn4-2_2-r2SCAN-D4,C18H15N3O13Zn4-2_2-r2SCAN-D4,-0.586294,-402.423,r2SCAN-D4,P1
C21H18O13Zn4-0_7-r2SCAN-D4,C21H18O13Zn4-0_7-r2SCAN-D4,-0.518958,-413.38,r2SCAN-D4,P1
C56H24N4O21Zn4-2_17-MACE-OMat-D3,C56H24N4O21Zn4-2_17-MACE-OMat-D3,-0.280707,-764.998,MACE-OMat-D3,P1
C56H24N16O17Zn4-2_5-MACE-OMat-D3,C56H24N16O17Zn4-2_5-MACE-OMat-D3,-0.128142,-829.737,MACE-OMat-D3,P1
C56H24N16O17Zn4-0_8-MACE-OMat-D3,C56H24N16O17Zn4-0_8-MACE-OMat-D3,-0.143158,-831.494,MACE-OMat-D3,P1
C56H24N16O13S8Zn4-1_13-MACE-OMat-D3,C56H24N16O13S8Zn4-1_13-MACE-OMat-D3,-0.070478,-836.509,MACE-OMat-D3,P1
C56H20N12O13Zn4-3_9-MACE-OMat-D3,C56H20N12O13Zn4-3_9-MACE-OMat-D3,-0.146919,-764.025,MACE-OMat-D3,P1
C51H42N6O19Zn4-2_19-MACE-OMat-D3,C51H42N6O19Zn4-2_19-MACE-OMat-D3,-0.310893,-791.537,MACE-OMat-D3,P1
C51H33N9O13Zn4-0_4-MACE-OMat-D3,C51H33N9O13Zn4-0_4-MACE-OMat-D3,-0.25074,-747.341,MACE-OMat-D3,P1
C51H18N27O10Zn4-3_3-MACE-OMat-D3,C51H18N27O10Zn4-3_3-MACE-OMat-D3,0.0294621,-803.221,MACE-OMat-D3,P1
C50H34N6O13Zn4-0_8-MACE-OMat-D3,C50H34N6O13Zn4-0_8-MACE-OMat-D3,-0.218812,-712.188,MACE-OMat-D3,P1
C48H24N20O13Zn4-3_10-MACE-OMat-D3,C48H24N20O13Zn4-3_10-MACE-OMat-D3,-0.188837,-775.356,MACE-OMat-D3,P1
C36H30N9O13Zn4-0_17-MACE-OMat-D3,C36H30N9O13Zn4-0_17-MACE-OMat-D3,-0.33135,-602.593,MACE-OMat-D3,P1
C36H30N6O13S6Zn4-3_2-MACE-OMat-D3,C36H30N6O13S6Zn4-3_2-MACE-OMat-D3,-0.285142,-598.936,MACE-OMat-D3,P1
C36H18N6O13Zn4-1_14-MACE-OMat-D3,C36H18N6O13Zn4-1_14-MACE-OMat-D3,-0.282783,-529.924,MACE-OMat-D3,P1
C36H18N6O13S6Zn4-2_15-MACE-OMat-D3,C36H18N6O13S6Zn4-2_15-MACE-OMat-D3,-0.270664,-555.388,MACE-OMat-D3,P1
C36H18N6O13S3Zn4-2_2-MACE-OMat-D3,C36H18N6O13S3Zn4-2_2-MACE-OMat-D3,-0.233424,-539.21,MACE-OMat-D3,P1
C22H14N8O11Zn4-2_8-r2SCAN-D4,C22H14N8O11Zn4-2_8-r2SCAN-D4,-0.303799,-459.999,r2SCAN-D4,P1
C32H14N6O9Zn4-3_1-r2SCAN-D4,C32H14N6O9Zn4-3_1-r2SCAN-D4,-0.0580683,-516.075,r2SCAN-D4,P1
C24H20N8O9S8Zn4-3-r2SCAN-D4,C24H20N8O9S8Zn4-3-r2SCAN-D4,-0.146464,-546.947,r2SCAN-D4,P1
C48H24N12O21Zn4-1_15-MACE-OMat-D3,C48H24N12O21Zn4-1_15-MACE-OMat-D3,-0.214795,-751.014,MACE-OMat-D3,P1
C44H24O13Zn4-0_14-MACE-OMat-D3,C44H24O13Zn4-0_14-MACE-OMat-D3,-0.325673,-578.784,MACE-OMat-D3,P1
C18H12O19Zn4-0_32-r2SCAN-D4,C18H12O19Zn4-0_32-r2SCAN-D4,-0.764042,-408.946,r2SCAN-D4,P1
C21H18O13Zn4-0_10.0-r2SCAN-D4,C21H18O13Zn4-0_10.0-r2SCAN-D4,-0.538557,-414.478,r2SCAN-D4,P1
C36H18N6O13S3Zn4-2_15-r2SCAN-D4,C36H18N6O13S3Zn4-2_15-r2SCAN-D4,-0.252703,-634.089,r2SCAN-D4,P1
C34H22N8O15Zn4-0_3-r2SCAN-D4,C34H22N8O15Zn4-0_3-r2SCAN-D4,-0.302827,-638.353,r2SCAN-D4,P1
C5H3Mg2N3O4-8-r2SCAN-D4,C5H3Mg2N3O4-8-r2SCAN-D4,-0.418931,-126.71,r2SCAN-D4,P1
C12H8Mg2N2O4-10-r2SCAN-D4,C12H8Mg2N2O4-10-r2SCAN-D4,-0.122144,-201.261,r2SCAN-D4,P1
C42H24N6O13Zn4-1_16-r2SCAN-D4,Zn4H24C42N6O13,-0.261254,-693.576,r2SCAN-D4,P1
C42H24N6O13Zn4-1_5-r2SCAN-D4,Zn4H24C42N6O13,-0.261664,-693.612,r2SCAN-D4,P1
C42H24N6O13Zn4-0_8-r2SCAN-D4,Zn4H24C42N6O13,-0.261167,-693.568,r2SCAN-D4,P1
C42H24N18O10Zn4-3-r2SCAN-D4,Zn2H12C21N9O5,-0.0405896,-766.652,r2SCAN-D4,P1
C40H24N8O25Zn4-2_13-r2SCAN-D4,Zn4H24C40N8O25,-0.472428,-786.16,r2SCAN-D4,P1
C40H20N8O17Zn4-1_4-r2SCAN-D4,Zn4H20C40N8O17,-0.206448,-696.423,r2SCAN-D4,P1
C40H36N8O13Zn4-0_13-r2SCAN-D4,Zn4H36C40N8O13,-0.246477,-734.97,r2SCAN-D4,P1
C40H20N8O17Zn4-0_13-r2SCAN-D4,Zn4H20C40N8O17,-0.20428,-696.23,r2SCAN-D4,P1
C40H20N8O17Zn4-0-r2SCAN-D4,Zn4H20C40N8O17,-0.216544,-697.321,r2SCAN-D4,P1
C36H24N8O21Zn4-3_4-r2SCAN-D4,Zn4H24C36N8O21,-0.438674,-715.889,r2SCAN-D4,P1
C40H16N4O13S4Zn4-0_16-r2SCAN-D4,Zn4H16C40S4N4O13,-0.197293,-652.837,r2SCAN-D4,P1
C52H20N8O13Zn4-1_16-r2SCAN-D4,Zn4H20C52N8O13,-0.127965,-787.382,r2SCAN-D4,P1
C36H24N6O13Zn4-3-r2SCAN-D4,Zn4H24C36N6O13,-0.27983,-633.448,r2SCAN-D4,P1
C56H16N12O13Zn4-2_11-r2SCAN-D4,Zn4H16C56N12O13,-0.0582915,-843.701,r2SCAN-D4,P1
C48H24N12O13Zn4-1_18-r2SCAN-D4,Zn4H24C48N12O13,-0.145495,-800.028,r2SCAN-D4,P1
C48H18N12O19Zn4-1_17-r2SCAN-D4,Zn4H18C48N12O19,-0.243158,-824.076,r2SCAN-D4,P1
C44H24N8O17Zn4-3_5-r2SCAN-D4,Zn4H24C44N8O17,-0.276136,-758.73,r2SCAN-D4,P1
C36H18N21O13Zn4-2_11-r2SCAN-D4,Zn4H18C36N21O13,-0.122216,-737.991,r2SCAN-D4,P1
C32H24N16O13Zn4-0_9-r2SCAN-D4,Zn4H24C32N16O13,-0.239572,-682.987,r2SCAN-D4,P1
C60H36N8O5Zn4-0-r2SCAN-D4,Zn4H36C60N8O5,0.151564,-846.722,r2SCAN-D4,P1
C60H16N16O13Zn4-3_14-r2SCAN-D4,Zn4H16C60N16O13,-0.0256291,-917.28,r2SCAN-D4,P1
C56H40O17Zn4-1_11-r2SCAN-D4,Zn4H40C56O17,-0.250855,-863.601,r2SCAN-D4,P1
C56H32O17S4Zn4-3_7-r2SCAN-D4,Zn4H32C56S4O17,-0.252251,-867.623,r2SCAN-D4,P1
C54H30N6O13Zn4-1_5-r2SCAN-D4,Zn4H30C54N6O13,-0.164436,-828.865,r2SCAN-D4,P1
C54H30N6O13Zn4-1_11-r2SCAN-D4,Zn4H30C54N6O13,-0.0782385,-819.642,r2SCAN-D4,P1
C54H18N12O19Zn4-0_5-r2SCAN-D4,Zn4H18C54N12O19,-0.132031,-873.747,r2SCAN-D4,P1
C54H18N12O13S6Zn4-1_6-r2SCAN-D4,Zn4H18C54S6N12O13,0.00215808,-873.248,r2SCAN-D4,P1
C44H36N16O13Zn4-1_16-r2SCAN-D4,Zn4H36C44N16O13,-0.237171,-850.153,r2SCAN-D4,P1
C44H28N16O21Zn4-3-r2SCAN-D4,Zn4H28C44N16O21,-0.285573,-874.535,r2SCAN-D4,P1
C40H24N16O21Zn4-2_5-r2SCAN-D4,Zn4H24C40N16O21,-0.237613,-813.319,r2SCAN-D4,P1
C52H24N8O17Zn4-1_17-r2SCAN-D4,Zn4H24C52N8O17,-0.205871,-833.697,r2SCAN-D4,P1
C52H24N16O13Zn4-3_7-r2SCAN-D4,Zn4H24C52N16O13,-0.0986276,-872.756,r2SCAN-D4,P1
C51H33N12O22Zn4-3_5-r2SCAN-D4,Zn4H33C51(N6O11)2,-0.285458,-933.712,r2SCAN-D4,P1
C51H33N12O22Zn4-3_12-r2SCAN-D4,Zn4H33C51(N6O11)2,-0.30396,-935.969,r2SCAN-D4,P1
C48H42N12O13Zn4-3_2-r2SCAN-D4,Zn4H42C48N12O13,-0.20352,-871.777,r2SCAN-D4,P1
C48H40N8O17Zn4-2_14-r2SCAN-D4,Zn4H40C48N8O17,-0.257331,-857.431,r2SCAN-D4,P1
C48H36N6O13Zn4-3_10-r2SCAN-D4,Zn4H36C48N6O13,-0.218764,-795.318,r2SCAN-D4,P1
C60H24N12O17Zn4-3_1-r2SCAN-D4,Zn4H24C60N12O17,-0.0829968,-938.532,r2SCAN-D4,P1
C48H32N8O17Zn4-2_10-r2SCAN-D4,Zn4H32C48N8O17,-0.232359,-824.995,r2SCAN-D4,P1
C54H18N12O19Zn4-3_1-r2SCAN-D4,Zn4H18C54N12O19,-0.156566,-876.372,r2SCAN-D4,P1
C48H24N12O19Zn4-0-r2SCAN-D4,Zn4H24C48N12O19,-0.205389,-842.236,r2SCAN-D4,P1
C48H24N8O17S4Zn4-1-r2SCAN-D4,Zn4H24C48S4N8O17,-0.155147,-820.827,r2SCAN-D4,P1
C48H24N8O33Zn4-3_5-r2SCAN-D4,Zn4H24C48N8O33,-0.441692,-916.827,r2SCAN-D4,P1
C48H24N8O17S4Zn4-2-r2SCAN-D4,Zn4H24C48S4N8O17,-0.176015,-823.018,r2SCAN-D4,P1
C48H24N8O13S8Zn4-2_1-r2SCAN-D4,Zn4H24C48S8N8O13,-0.0561791,-819.674,r2SCAN-D4,P1
C48H24N12O21Zn4-1_7-r2SCAN-D4,Zn4H24C48(N4O7)3,-0.290174,-863.53,r2SCAN-D4,P1
C48H24N16O13S8Zn4-1_13-r2SCAN-D4,Zn4H24C48S8N16O13,-0.0364897,-891.108,r2SCAN-D4,P1
C48H24N12O19Zn4-1_8-r2SCAN-D4,Zn4H24C48N12O19,-0.184418,-839.992,r2SCAN-D4,P1
C48H24N12O19Zn4-0_2-r2SCAN-D4,Zn4H24C48N12O19,-0.220298,-843.831,r2SCAN-D4,P1
C52H20N12O13Zn4-2_1-r2SCAN-D4,Zn4H20C52N12O13,-0.0652434,-818.163,r2SCAN-D4,P1
C60H28N8O21Zn4-3_8-r2SCAN-D4,Zn4H28C60N8O21,-0.24157,-958.559,r2SCAN-D4,P1
C60H36N12O13Zn4-1_10-r2SCAN-D4,Zn4H36C60N12O13,-0.0845182,-957.586,r2SCAN-D4,P1
C60H24N4O13Zn4-1_8-r2SCAN-D4,Zn4H24C60N4O13,-0.103787,-843.226,r2SCAN-D4,P1
C68H28N4O17Zn4-3_6-MACE-OMat-D3,C68H28N4O17Zn4-3_6-MACE-OMat-D3,-0.190325,-860.949,MACE-OMat-D3,P1
C64H28N12O17Zn4-2_1-MACE-OMat-D3,C64H28N12O17Zn4-2_1-MACE-OMat-D3,-0.124275,-883.432,MACE-OMat-D3,P1
C64H20N16O13Zn4-1_5-MACE-OMat-D3,C64H20N16O13Zn4-1_5-MACE-OMat-D3,-0.0630777,-862.914,MACE-OMat-D3,P1
C60H16N16O13Zn4-1_9-MACE-OMat-D3,C60H16N16O13Zn4-1_9-MACE-OMat-D3,-0.0907966,-815.677,MACE-OMat-D3,P1
C60H16N16O13Zn4-1_11-MACE-OMat-D3,C60H16N16O13Zn4-1_11-MACE-OMat-D3,-0.0799939,-814.5,MACE-OMat-D3,P1
C56H36N8O13Zn4-2_11-MACE-OMat-D3,C56H36N8O13Zn4-2_11-MACE-OMat-D3,-0.159304,-785.758,MACE-OMat-D3,P1
C56H32N8O13S8Zn4-7_6-MACE-OMat-D3,C56H32N8O13S8Zn4-7_6-MACE-OMat-D3,-0.162203,-806.801,MACE-OMat-D3,P1
C56H32N8O13S8Zn4-4_16-MACE-OMat-D3,C56H32N8O13S8Zn4-4_16-MACE-OMat-D3,-0.176352,-808.513,MACE-OMat-D3,P1
C54H42N12O13Zn4-0_15-MACE-OMat-D3,C54H42N12O13Zn4-0_15-MACE-OMat-D3,-0.210587,-827.895,MACE-OMat-D3,P1
C54H18N12O13S6Zn4-1_1-MACE-OMat-D3,C54H18N12O13S6Zn4-1_1-MACE-OMat-D3,-0.099925,-759.186,MACE-OMat-D3,P1
C54H18N12O13S6Zn4-0_15-MACE-OMat-D3,C54H18N12O13S6Zn4-0_15-MACE-OMat-D3,-0.116369,-760.945,MACE-OMat-D3,P1
C52H36N12O13Zn4-1_17-MACE-OMat-D3,C52H36N12O13Zn4-1_17-MACE-OMat-D3,-0.187285,-785.632,MACE-OMat-D3,P1
C52H24N8O17Zn4-1_17-MACE-OMat-D3,C52H24N8O17Zn4-1_17-MACE-OMat-D3,-0.247356,-737.181,MACE-OMat-D3,P1
C48H40N16O13Zn4-3_1-MACE-OMat-D3,C48H40N16O13Zn4-3_1-MACE-OMat-D3,-0.304487,-810.137,MACE-OMat-D3,P1
C48H30N18O10Zn4-2_6-MACE-OMat-D3,C48H30N18O10Zn4-2_6-MACE-OMat-D3,-0.12709,-756.682,MACE-OMat-D3,P1
C48H27N9O13Zn4-2_2-MACE-OMat-D3,C48H27N9O13Zn4-2_2-MACE-OMat-D3,-0.179433,-690.836,MACE-OMat-D3,P1
C48H27N9O13Zn4-0_12-MACE-OMat-D3,C48H27N9O13Zn4-0_12-MACE-OMat-D3,-0.212863,-694.212,MACE-OMat-D3,P1
C48H16N16O17Zn4-1_1-MACE-OMat-D3,C48H16N16O17Zn4-1_1-MACE-OMat-D3,-0.159736,-731.37,MACE-OMat-D3,P1
C45H33N6O13Zn4-3_6-MACE-OMat-D3,C45H33N6O13Zn4-3_6-MACE-OMat-D3,-0.246622,-664.467,MACE-OMat-D3,P1
C45H27N9O19Zn4-2_3-MACE-OMat-D3,C45H27N9O19Zn4-2_3-MACE-OMat-D3,-0.234858,-699.243,MACE-OMat-D3,P1
C44H40N24O13Zn4-0_5-MACE-OMat-D3,C44H40N24O13Zn4-0_5-MACE-OMat-D3,-0.272828,-837.376,MACE-OMat-D3,P1
C44H32N8O17Zn4-3_12-MACE-OMat-D3,C44H32N8O17Zn4-3_12-MACE-OMat-D3,-0.341691,-699.479,MACE-OMat-D3,P1
C44H32N32O13Zn4-1_13-MACE-OMat-D3,C44H32N32O13Zn4-1_13-MACE-OMat-D3,-0.192499,-868.142,MACE-OMat-D3,P1
C44H28N16O21Zn4-2_16-MACE-OMat-D3,C44H28N16O21Zn4-2_16-MACE-OMat-D3,-0.290475,-769.999,MACE-OMat-D3,P1
C44H20N12O9Zn4-3_4-MACE-OMat-D3,C44H20N12O9Zn4-3_4-MACE-OMat-D3,-0.00651265,-619.049,MACE-OMat-D3,P1
C40H36N8O15Zn4-3-MACE-OMat-D3,C40H36N8O15Zn4-3-MACE-OMat-D3,-0.345632,-665.502,MACE-OMat-D3,P1
C40H36N8O13Zn4-4_5-MACE-OMat-D3,C40H36N8O13Zn4-4_5-MACE-OMat-D3,-0.318387,-652.162,MACE-OMat-D3,P1
C40H16N20O5Zn4-1_1-MACE-OMat-D3,C40H16N20O5Zn4-1_1-MACE-OMat-D3,0.203691,-598.367,MACE-OMat-D3,P1
C32H32O17S8Zn4-0-MACE-OMat-D3,C32H32O17S8Zn4-0-MACE-OMat-D3,-0.380853,-554.958,MACE-OMat-D3,P1
C30H18O22Zn4-1_10-MACE-OMat-D3,C30H18O22Zn4-1_10-MACE-OMat-D3,-0.577021,-490.147,MACE-OMat-D3,P1
C24H24N24O13Zn4-1-MACE-OMat-D3,C24H24N24O13Zn4-1-MACE-OMat-D3,-0.176553,-583.193,MACE-OMat-D3,P1
C21H18O13Zn4-1_16-MACE-OMat-D3,C21H18O13Zn4-1_16-MACE-OMat-D3,-0.536328,-350.197,MACE-OMat-D3,P1
C20H12N4O13Zn4-1_6-MACE-OMat-D3,C20H12N4O13Zn4-1_6-MACE-OMat-D3,-0.462503,-349.396,MACE-OMat-D3,P1
C18H15N3O13Zn4-3_8-MACE-OMat-D3,C18H15N3O13Zn4-3_8-MACE-OMat-D3,-0.576126,-338.416,MACE-OMat-D3,P1
C18H15N3O13Zn4-3_15-MACE-OMat-D3,C18H15N3O13Zn4-3_15-MACE-OMat-D3,-0.573821,-338.294,MACE-OMat-D3,P1
C60H36O19Zn4-2-pts-MACE-OMat-D3,C60H36O19Zn4-2-pts-MACE-OMat-D3,-0.281808,-800.365,MACE-OMat-D3,P1
C20H12O13Zn4-1-r2SCAN-D4,C20H12O13Zn4-1-r2SCAN-D4,-0.496765,-377.901,r2SCAN-D4,P1
C24H16O5Zn4-0.0-r2SCAN-D4,C24H16O5Zn4-0.0-r2SCAN-D4,0.0695209,-357.481,r2SCAN-D4,P1
C20H12O15Zn4-3_15.0-r2SCAN-D4,C20H12O15Zn4-3_15.0-r2SCAN-D4,-0.603682,-395.989,r2SCAN-D4,P1
C56H24N16O13Zn4-3_16-MACE-OMat-D3,C56H24N16O13Zn4-3_16-MACE-OMat-D3,-0.0528829,-800.927,MACE-OMat-D3,P1
C56H20N12O13Zn4-1_2-MACE-OMat-D3,C56H20N12O13Zn4-1_2-MACE-OMat-D3,-0.135775,-762.855,MACE-OMat-D3,P1
C51H42N6O19Zn4-1-MACE-OMat-D3,C51H42N6O19Zn4-1-MACE-OMat-D3,-0.28321,-788.16,MACE-OMat-D3,P1
C51H24N21O10Zn4-2_2-MACE-OMat-D3,C51H24N21O10Zn4-2_2-MACE-OMat-D3,-0.0491441,-781.263,MACE-OMat-D3,P1
C48H24N6O13S6Zn4-3_12-MACE-OMat-D3,C48H24N6O13S6Zn4-3_12-MACE-OMat-D3,-0.196928,-682.611,MACE-OMat-D3,P1
C48H24N24O10Zn4-1_3-MACE-OMat-D3,C48H24N24O10Zn4-1_3-MACE-OMat-D3,-0.0657467,-780.539,MACE-OMat-D3,P1
C48H24N16O13S8Zn4-3_15-MACE-OMat-D3,C48H24N16O13S8Zn4-3_15-MACE-OMat-D3,-0.168205,-773.432,MACE-OMat-D3,P1
C48H24N16O13S8Zn4-3_3-MACE-OMat-D3,C48H24N16O13S8Zn4-3_3-MACE-OMat-D3,-0.128924,-768.993,MACE-OMat-D3,P1
C48H24N12O21Zn4-3_16-MACE-OMat-D3,C48H24N12O21Zn4-3_16-MACE-OMat-D3,-0.141448,-743.019,MACE-OMat-D3,P1
C36H28N12O9Zn4-0_2-MACE-OMat-D3,C36H28N12O9Zn4-0_2-MACE-OMat-D3,-0.16757,-585.776,MACE-OMat-D3,P1
C36H24N6O13Zn4-2_19-MACE-OMat-D3,C36H24N6O13Zn4-2_19-MACE-OMat-D3,-0.284143,-551.196,MACE-OMat-D3,P1
C36H20N8O21Zn4-2_23-MACE-OMat-D3,C36H20N8O21Zn4-2_23-MACE-OMat-D3,-0.322004,-599.57,MACE-OMat-D3,P1
C36H18N6O13S6Zn4-3_18-MACE-OMat-D3,C36H18N6O13S6Zn4-3_18-MACE-OMat-D3,-0.27355,-555.627,MACE-OMat-D3,P1
C36H18N6O13S3Zn4-2_14-MACE-OMat-D3,C36H18N6O13S3Zn4-2_14-MACE-OMat-D3,-0.281368,-543.046,MACE-OMat-D3,P1
C36H18N21O13Zn4-2_18-MACE-OMat-D3,C36H18N21O13Zn4-2_18-MACE-OMat-D3,-0.213214,-652.935,MACE-OMat-D3,P1
C30H16N2O11Zn4-1_10-r2SCAN-D4,C30H16N2O11Zn4-1_10-r2SCAN-D4,-0.271924,-491.349,r2SCAN-D4,P1
C48H24N12O21Zn4-2_1-MACE-OMat-D3,C48H24N12O21Zn4-2_1-MACE-OMat-D3,-0.237532,-753.492,MACE-OMat-D3,P1
C48H24N12O19Zn4-1_6-MACE-OMat-D3,C48H24N12O19Zn4-1_6-MACE-OMat-D3,-0.26543,-746.106,MACE-OMat-D3,P1
C44H24O13Zn4-0_13-MACE-OMat-D3,C44H24O13Zn4-0_13-MACE-OMat-D3,-0.325479,-578.768,MACE-OMat-D3,P1
C44H24N8O13S4Zn4-3_16-MACE-OMat-D3,C44H24N8O13S4Zn4-3_16-MACE-OMat-D3,-0.203253,-654.089,MACE-OMat-D3,P1
C44H24N8O13S4Zn4-2_7-MACE-OMat-D3,C44H24N8O13S4Zn4-2_7-MACE-OMat-D3,-0.212403,-654.977,MACE-OMat-D3,P1
C18H12O19Zn4-0_11-r2SCAN-D4,C18H12O19Zn4-0_11-r2SCAN-D4,-0.771907,-409.363,r2SCAN-D4,P1
C24H15O13Zn4-0_8.0-r2SCAN-D4,C24H15O13Zn4-0_8.0-r2SCAN-D4,-0.46204,-429.873,r2SCAN-D4,P1
C33H18O13Zn4-1_15-r2SCAN-D4,C33H18O13Zn4-1_15-r2SCAN-D4,-0.3574,-528.826,r2SCAN-D4,P1
C36H26N6O11Zn4-1_9-r2SCAN-D4,C36H26N6O11Zn4-1_9-r2SCAN-D4,-0.204154,-622.439,r2SCAN-D4,P1
C36H26N6O11Zn4-0_11-r2SCAN-D4,C36H26N6O11Zn4-0_11-r2SCAN-D4,-0.23032,-624.611,r2SCAN-D4,P1
C36H24N6O13Zn4-3_9-r2SCAN-D4,C36H24N6O13Zn4-3_9-r2SCAN-D4,-0.271799,-632.781,r2SCAN-D4,P1
C36H18N6O13S6Zn4-1_2-r2SCAN-D4,C36H18N6O13S6Zn4-1_2-r2SCAN-D4,-0.23366,-657.659,r2SCAN-D4,P1
C52H20N12O13Zn4-3_2-r2SCAN-D4,C52H20N12O13Zn4-3_2-r2SCAN-D4,-0.0746266,-819.111,r2SCAN-D4,P1
C48H30N6O13Zn4-0_14-r2SCAN-D4,C48H30N6O13Zn4-0_14-r2SCAN-D4,-0.229424,-774.34,r2SCAN-D4,P1
C6H2Mg2N4O2-11-r2SCAN-D4,C6H2Mg2N4O2-11-r2SCAN-D4,-0.18302,-126.586,r2SCAN-D4,P-1
Al1C6H4N3O2-12-r2SCAN-D4,Al1C6H4N3O2-12-r2SCAN-D4,-0.0609111,-120.826,r2SCAN-D4,P1
C10H6Mg2N2O5-15-r2SCAN-D4,C10H6Mg2N2O5-15-r2SCAN-D4,-0.345781,-185.358,r2SCAN-D4,P1
C44H32N8O13Zn4-2_11-r2SCAN-D4,Zn4H32C44N8O13,-0.237525,-760.306,r2SCAN-D4,P1
C42H24N6O13Zn4-1_17-r2SCAN-D4,Zn4H24C42N6O13,-0.261185,-693.57,r2SCAN-D4,P1
C40H24N8O13Zn4-1_3-r2SCAN-D4,Zn4H24C40N8O13,-0.210631,-687.339,r2SCAN-D4,P1
C40H20N4O17Zn4-2_7-r2SCAN-D4,Zn4H20C40N4O17,-0.318145,-668.487,r2SCAN-D4,P1
C40H20N4O17Zn4-0_12-r2SCAN-D4,Zn4H20C40N4O17,-0.289552,-666.056,r2SCAN-D4,P1
C48H27N9O13Zn4-0_12-r2SCAN-D4,Zn4H27C48N9O13,-0.178862,-786.316,r2SCAN-D4,P1
C56H16N12O13Zn4-2_1-r2SCAN-D4,Zn4H16C56N12O13,-0.0552608,-843.395,r2SCAN-D4,P1
C48H18N12O19Zn4-1_7-r2SCAN-D4,Zn4H18C48N12O19,-0.245088,-824.271,r2SCAN-D4,P1
C48H18N12O19Zn4-3_12-r2SCAN-D4,Zn4H18C48N12O19,-0.246885,-824.453,r2SCAN-D4,P1
C48H16N16O17Zn4-0_17-r2SCAN-D4,Zn4H16C48N16O17,-0.104636,-828.134,r2SCAN-D4,P1
C45H24N6O13Zn4-3_11-r2SCAN-D4,Zn4H24C45N6O13,-0.179439,-716.884,r2SCAN-D4,P1
C28H20N12O25Zn4-2-r2SCAN-D4,Zn4H20C28N12O25,-0.374001,-674.303,r2SCAN-D4,P1
C64H20N16O13Zn4-0_2-r2SCAN-D4,Zn4H20C64N16O13,0.100293,-956.648,r2SCAN-D4,P1
C60H20N12O13Zn4-1_8-r2SCAN-D4,Zn4H20C60N12O13,-0.0263138,-894.578,r2SCAN-D4,P1
C60H18N12O19Zn4-2-r2SCAN-D4,Zn4H18C60N12O19,-0.167267,-938.623,r2SCAN-D4,P1
C60H18N12O13S6Zn4-0_7-r2SCAN-D4,Zn4H18C60S6N12O13,0.0384153,-929.24,r2SCAN-D4,P1
C56H24N16O17Zn4-1_1-r2SCAN-D4,Zn4H24C56N16O17,-0.0808671,-934.819,r2SCAN-D4,P1
C54H42O25Zn4-2_4-r2SCAN-D4,Zn4H42C54O25,-0.401051,-917.83,r2SCAN-D4,P1
C54H24N12O13S3Zn4-1_1-r2SCAN-D4,Zn4H24C54S3N12O13,-0.0541251,-875.782,r2SCAN-D4,P1
C54H24N12O13S3Zn4-0_9-r2SCAN-D4,Zn4H24C54S3N12O13,-0.0775611,-878.36,r2SCAN-D4,P1
C54H18N12O19Zn4-1_5-r2SCAN-D4,Zn4H18C54N12O19,-0.11814,-872.261,r2SCAN-D4,P1
C52H44N8O17Zn4-2_5-r2SCAN-D4,Zn4H44C52N8O17,-0.202636,-906.549,r2SCAN-D4,P1
C52H32N4O13Zn4-1_12-r2SCAN-D4,Zn4H32C52N4O13,-0.21359,-802.275,r2SCAN-D4,P1
C52H32N4O13Zn4-0_6-r2SCAN-D4,Zn4H32C52N4O13,-0.213554,-802.271,r2SCAN-D4,P1
C52H32N12O17Zn4-0_10-r2SCAN-D4,Zn4H32C52N12O17,-0.174376,-896.743,r2SCAN-D4,P1
C44H36N16O13Zn4-3_5-r2SCAN-D4,Zn4H36C44N16O13,-0.217019,-847.876,r2SCAN-D4,P1
C44H32N8O17Zn4-1_19-r2SCAN-D4,Zn4H32C44N8O17,-0.292696,-790.333,r2SCAN-D4,P1
C44H32N32O13Zn4-3_1-r2SCAN-D4,Zn4H32C44N32O13,-0.0781858,-965.716,r2SCAN-D4,P1
C44H32N32O13Zn4-1_11-r2SCAN-D4,Zn4H32C44N32O13,-0.0734621,-965.126,r2SCAN-D4,P1
C44H32N32O13Zn4-1_4-r2SCAN-D4,Zn4H32C44N32O13,-0.0740283,-965.196,r2SCAN-D4,P1
C44H28N16O13Zn4-2_8-r2SCAN-D4,Zn4H28C44N16O13,-0.172795,-813.841,r2SCAN-D4,P1
C44H32N32O13Zn4-0_4-r2SCAN-D4,Zn4H32C44N32O13,-0.0497795,-962.165,r2SCAN-D4,P1
C42H36N6O19Zn4-3_16-r2SCAN-D4,Zn4H36C42N6O19,-0.284047,-777.127,r2SCAN-D4,P1
C44H32N32O13Zn4-1_3-r2SCAN-D4,Zn4H32C44N32O13,-0.0632847,-963.853,r2SCAN-D4,P1
C40H40N16O25Zn4-2_12-r2SCAN-D4,Zn4H40C40N16O25,-0.363572,-912.411,r2SCAN-D4,P1
C40H24N16O21Zn4-0_17-r2SCAN-D4,Zn4H24C40N16O21,-0.23585,-813.134,r2SCAN-D4,P1
C50H34N6O13Zn4-0_4-r2SCAN-D4,Zn4H34C50N6O13,-0.2467,-811.427,r2SCAN-D4,P1
C50H34N6O13Zn4-2_11-r2SCAN-D4,Zn4H34C50N6O13,-0.189992,-805.359,r2SCAN-D4,P1
C51H18N27O10Zn4-3_6-r2SCAN-D4,Zn4H18C51N27O10,0.124636,-900.736,r2SCAN-D4,P1
C48H42N12O13Zn4-2_16-r2SCAN-D4,Zn4H42C48N12O13,-0.217332,-873.421,r2SCAN-D4,P1
C48H39N6O16Zn4-1-r2SCAN-D4,Zn4H39C48(N3O8)2,-0.250072,-828.002,r2SCAN-D4,P1
C52H32N4O17Zn4-3_12-r2SCAN-D4,Zn4H32C52N4O17,-0.289833,-834.724,r2SCAN-D4,P1
C48H32N20O17Zn4-0_7-r2SCAN-D4,Zn4H32C48N20O17,-0.189493,-932.41,r2SCAN-D4,P1
C44H40N24O13Zn4-3_17-r2SCAN-D4,Zn4H40C44N24O13,-0.165256,-931.046,r2SCAN-D4,P1
C48H24N28O17Zn4-3-r2SCAN-D4,Zn4H24C48N28O17,-0.118499,-969.373,r2SCAN-D4,P1
C48H24N6O19S6Zn4-2_4-r2SCAN-D4,Zn4H24C48S6N6O19,-0.145724,-829.73,r2SCAN-D4,P1
C48H24N16O13S8Zn4-1_17-r2SCAN-D4,Zn4H24C48S8N16O13,-0.0456534,-892.143,r2SCAN-D4,P1
C48H24N12O19Zn4-0_4-r2SCAN-D4,Zn4H24C48N12O19,-0.253413,-847.374,r2SCAN-D4,P1
C48H24N12O21Zn4-3_16-r2SCAN-D4,Zn4H24C48(N4O7)3,-0.109904,-843.881,r2SCAN-D4,P1
C46H30N8O15Zn4-1_10-r2SCAN-D4,Zn4H30C46N8O15,-0.252238,-787.059,r2SCAN-D4,P1
C46H30N8O15Zn4-0_17-r2SCAN-D4,Zn4H30C46N8O15,-0.257112,-787.561,r2SCAN-D4,P1
C44H40N24O13Zn4-0_1-r2SCAN-D4,Zn4H40C44N24O13,-0.205359,-936.059,r2SCAN-D4,P1
C48H24N12O13Zn4-1_8-r2SCAN-D4,Zn4H24C48N12O13,-0.157273,-801.218,r2SCAN-D4,P1
C33H27N6O13Zn4-1_11-r2SCAN-D4,Zn4H27C33N6O13,-0.35631,-620.116,r2SCAN-D4,P1
C42H24N6O13Zn4-0_2-r2SCAN-D4,Zn4H24C42N6O13,-0.261016,-693.555,r2SCAN-D4,P1
C42H24N6O13S3Zn4-2_18-r2SCAN-D4,Zn4H24C42S3N6O13,-0.237648,-716.58,r2SCAN-D4,P1
C64H20N16O13Zn4-3_5-MACE-OMat-D3,C64H20N16O13Zn4-3_5-MACE-OMat-D3,-0.0404461,-860.266,MACE-OMat-D3,P1
C60H32N4O21Zn4-2_4-MACE-OMat-D3,C60H32N4O21Zn4-2_4-MACE-OMat-D3,-0.258776,-828.442,MACE-OMat-D3,P1
C60H28N16O5Zn4-3_1-MACE-OMat-D3,C60H28N16O5Zn4-3_1-MACE-OMat-D3,0.164696,-786.51,MACE-OMat-D3,P1
C60H20N12O13Zn4-1_2-MACE-OMat-D3,C60H20N12O13Zn4-1_2-MACE-OMat-D3,-0.0408149,-789.826,MACE-OMat-D3,P1
C60H18N12O19Zn4-1_4-MACE-OMat-D3,C60H18N12O19Zn4-1_4-MACE-OMat-D3,-0.192272,-830.305,MACE-OMat-D3,P1
C60H18N12O13S6Zn4-3_16-MACE-OMat-D3,C60H18N12O13S6Zn4-3_16-MACE-OMat-D3,-0.0532861,-809.683,MACE-OMat-D3,P1
C56H36N12O13Zn4-1_18-MACE-OMat-D3,C56H36N12O13Zn4-1_18-MACE-OMat-D3,-0.168222,-820.853,MACE-OMat-D3,P1
C56H16N12O13Zn4-3_10-MACE-OMat-D3,C56H16N12O13Zn4-3_10-MACE-OMat-D3,-0.0988746,-745.609,MACE-OMat-D3,P1
C54H30N6O19Zn4-0_17-MACE-OMat-D3,C54H30N6O19Zn4-0_17-MACE-OMat-D3,-0.302395,-776.438,MACE-OMat-D3,P1
C54H24N12O13S3Zn4-3_1-MACE-OMat-D3,C54H24N12O13S3Zn4-3_1-MACE-OMat-D3,-0.13548,-770.473,MACE-OMat-D3,P1
C54H24N12O13S3Zn4-2_9-MACE-OMat-D3,C54H24N12O13S3Zn4-2_9-MACE-OMat-D3,-0.0995405,-766.52,MACE-OMat-D3,P1
C54H18N12O19Zn4-0_5-MACE-OMat-D3,C54H18N12O19Zn4-0_5-MACE-OMat-D3,-0.197584,-774.552,MACE-OMat-D3,P1
C54H18N12O13S6Zn4-2_5-MACE-OMat-D3,C54H18N12O13S6Zn4-2_5-MACE-OMat-D3,-0.11709,-761.023,MACE-OMat-D3,P1
C52H32N4O17Zn4-0_14-MACE-OMat-D3,C52H32N4O17Zn4-0_14-MACE-OMat-D3,-0.309758,-737.544,MACE-OMat-D3,P1
C52H32N4O17Zn4-1_4-MACE-OMat-D3,C52H32N4O17Zn4-1_4-MACE-OMat-D3,-0.265535,-732.723,MACE-OMat-D3,P1
C52H32N4O17Zn4-0_11-MACE-OMat-D3,C52H32N4O17Zn4-0_11-MACE-OMat-D3,-0.299205,-736.393,MACE-OMat-D3,P1
C52H32N12O17Zn4-1_10-MACE-OMat-D3,C52H32N12O17Zn4-1_10-MACE-OMat-D3,-0.292826,-804.798,MACE-OMat-D3,P1
C48H32N8O17Zn4-3_13-MACE-OMat-D3,C48H32N8O17Zn4-3_13-MACE-OMat-D3,-0.236845,-726.196,MACE-OMat-D3,P1
C48H32N8O17S4Zn4-2_13-MACE-OMat-D3,C48H32N8O17S4Zn4-2_13-MACE-OMat-D3,-0.288293,-749.472,MACE-OMat-D3,P1
C48H32N20O17Zn4-2_3-MACE-OMat-D3,C48H32N20O17Zn4-2_3-MACE-OMat-D3,-0.284615,-834.954,MACE-OMat-D3,P1
C48H30N12O13Zn4-2_1-MACE-OMat-D3,C48H30N12O13Zn4-2_1-MACE-OMat-D3,-0.236183,-732.75,MACE-OMat-D3,P1
C48H28N4O13Zn4-3_4-MACE-OMat-D3,C48H28N4O13Zn4-3_4-MACE-OMat-D3,-0.255441,-659.012,MACE-OMat-D3,P1
C48H28N12O17Zn4-0_13-MACE-OMat-D3,C48H28N12O17Zn4-0_13-MACE-OMat-D3,-0.254234,-748.495,MACE-OMat-D3,P1
C48H27N9O13Zn4-2_14-MACE-OMat-D3,C48H27N9O13Zn4-2_14-MACE-OMat-D3,-0.222501,-695.186,MACE-OMat-D3,P1
C48H24N8O17Zn4-0_5-MACE-OMat-D3,C48H24N8O17Zn4-0_5-MACE-OMat-D3,-0.267829,-701.481,MACE-OMat-D3,P1
C48H24N8O13S8Zn4-3_7-MACE-OMat-D3,C48H24N8O13S8Zn4-3_7-MACE-OMat-D3,-0.138682,-702.229,MACE-OMat-D3,P1
C48H18N6O13S6Zn4-3_13-MACE-OMat-D3,C48H18N6O13S6Zn4-3_13-MACE-OMat-D3,-0.174608,-659.846,MACE-OMat-D3,P1
C48H16N16O17Zn4-2-MACE-OMat-D3,C48H16N16O17Zn4-2-MACE-OMat-D3,-0.184693,-733.891,MACE-OMat-D3,P1
C46H30N8O15Zn4-0_6-MACE-OMat-D3,C46H30N8O15Zn4-0_6-MACE-OMat-D3,-0.249906,-691.347,MACE-OMat-D3,P1
C45H33N6O13Zn4-2_10-MACE-OMat-D3,C45H33N6O13Zn4-2_10-MACE-OMat-D3,-0.217919,-661.568,MACE-OMat-D3,P1
C44H40N24O13Zn4-1_7-MACE-OMat-D3,C44H40N24O13Zn4-1_7-MACE-OMat-D3,-0.272571,-837.344,MACE-OMat-D3,P1
C44H40N24O13Zn4-0_12-MACE-OMat-D3,C44H40N24O13Zn4-0_12-MACE-OMat-D3,-0.29575,-840.241,MACE-OMat-D3,P1
C44H36N16O13Zn4-2_1-MACE-OMat-D3,C44H36N16O13Zn4-2_1-MACE-OMat-D3,-0.274009,-754.504,MACE-OMat-D3,P1
C44H36N16O13Zn4-1_15-MACE-OMat-D3,C44H36N16O13Zn4-1_15-MACE-OMat-D3,-0.279793,-755.157,MACE-OMat-D3,P1
C44H36N16O13Zn4-0_15-MACE-OMat-D3,C44H36N16O13Zn4-0_15-MACE-OMat-D3,-0.285835,-755.84,MACE-OMat-D3,P1
C44H32N8O17Zn4-2_9-MACE-OMat-D3,C44H32N8O17Zn4-2_9-MACE-OMat-D3,-0.29849,-694.943,MACE-OMat-D3,P1
C44H32N8O13Zn4-3_5-MACE-OMat-D3,C44H32N8O13Zn4-3_5-MACE-OMat-D3,-0.242205,-668.271,MACE-OMat-D3,P1
C44H32N4O21Zn4-2_17-MACE-OMat-D3,C44H32N4O21Zn4-2_17-MACE-OMat-D3,-0.383916,-690.327,MACE-OMat-D3,P1
C44H32N32O13Zn4-2_2-MACE-OMat-D3,C44H32N32O13Zn4-2_2-MACE-OMat-D3,-0.173251,-865.736,MACE-OMat-D3,P1
C44H32N32O13Zn4-2_15-MACE-OMat-D3,C44H32N32O13Zn4-2_15-MACE-OMat-D3,-0.180355,-866.624,MACE-OMat-D3,P1
C44H28N16O21Zn4-3-MACE-OMat-D3,C44H28N16O21Zn4-3-MACE-OMat-D3,-0.332653,-774.766,MACE-OMat-D3,P1
C42H30N6O13S6Zn4-3_8-MACE-OMat-D3,C42H30N6O13S6Zn4-3_8-MACE-OMat-D3,-0.215378,-648.768,MACE-OMat-D3,P1
C42H30N12O10Zn4-2_5-MACE-OMat-D3,C42H30N12O10Zn4-2_5-MACE-OMat-D3,-0.183513,-655.45,MACE-OMat-D3,P1
C42H24N6O13Zn4-1_1-MACE-OMat-D3,C42H24N6O13Zn4-1_1-MACE-OMat-D3,-0.257572,-605.704,MACE-OMat-D3,P1
C40H44N20O13Zn4-0_4-MACE-OMat-D3,C40H44N20O13Zn4-0_4-MACE-OMat-D3,-0.296706,-781.992,MACE-OMat-D3,P1
C40H32N8O21Zn4-0_14-MACE-OMat-D3,C40H32N8O21Zn4-0_14-MACE-OMat-D3,-0.418916,-690.601,MACE-OMat-D3,P1
C40H16N24O25Zn4-2_3-MACE-OMat-D3,C40H16N24O25Zn4-2_3-MACE-OMat-D3,-0.154892,-764.905,MACE-OMat-D3,P1
C40H16N8O9S4Zn4-3_3-MACE-OMat-D3,C40H16N8O9S4Zn4-3_3-MACE-OMat-D3,0.0131445,-550.788,MACE-OMat-D3,P1
C38H28N4O13Zn4-3_3-MACE-OMat-D3,C38H28N4O13Zn4-3_3-MACE-OMat-D3,-0.329279,-570.935,MACE-OMat-D3,P1
C34H22N8O15Zn4-2_4-MACE-OMat-D3,C34H22N8O15Zn4-2_4-MACE-OMat-D3,-0.337737,-557.353,MACE-OMat-D3,P1
C34H22N4O11Zn4-0_9-MACE-OMat-D3,C34H22N4O11Zn4-0_9-MACE-OMat-D3,-0.225724,-493.079,MACE-OMat-D3,P1
C24H24O16Zn4-2_6-MACE-OMat-D3,C24H24O16Zn4-2_6-MACE-OMat-D3,-0.544822,-419.101,MACE-OMat-D3,P1
C18H12O19Zn4-0_27-MACE-OMat-D3,C18H12O19Zn4-0_27-MACE-OMat-D3,-0.746351,-342.361,MACE-OMat-D3,P1
C20H12O15Zn4-0_11.0-r2SCAN-D4,C20H12O15Zn4-0_11.0-r2SCAN-D4,-0.539419,-392.712,r2SCAN-D4,P1
C24H15O13Zn4-1_12-r2SCAN-D4,C24H15O13Zn4-1_12-r2SCAN-D4,-0.347028,-423.432,r2SCAN-D4,P1
C48H42N12O13Zn4-2_2-MACE-OMat-D3,C48H42N12O13Zn4-2_2-MACE-OMat-D3,-0.281764,-779.933,MACE-OMat-D3,P1
C48H24N6O13Zn4-1_3-MACE-OMat-D3,C48H24N6O13Zn4-1_3-MACE-OMat-D3,-0.203056,-657.239,MACE-OMat-D3,P1
C48H24N28O17Zn4-3_2-MACE-OMat-D3,C48H24N28O17Zn4-3_2-MACE-OMat-D3,-0.192283,-864.588,MACE-OMat-D3,P1
C48H24N20O13Zn4-3_1-MACE-OMat-D3,C48H24N20O13Zn4-3_1-MACE-OMat-D3,-0.112966,-767.086,MACE-OMat-D3,P1
C48H24N16O13S8Zn4-1_9-MACE-OMat-D3,C48H24N16O13S8Zn4-1_9-MACE-OMat-D3,-0.180168,-774.783,MACE-OMat-D3,P1
C36H30N9O13Zn4-2_5-MACE-OMat-D3,C36H30N9O13Zn4-2_5-MACE-OMat-D3,-0.317213,-601.292,MACE-OMat-D3,P1
C36H30N9O13Zn4-0_5-MACE-OMat-D3,C36H30N9O13Zn4-0_5-MACE-OMat-D3,-0.325974,-602.098,MACE-OMat-D3,P1
C36H28N8O5Zn4-3-MACE-OMat-D3,C36H28N8O5Zn4-3-MACE-OMat-D3,0.0126392,-516.668,MACE-OMat-D3,P1
C36H24N6O13Zn4-1_9-MACE-OMat-D3,C36H24N6O13Zn4-1_9-MACE-OMat-D3,-0.310663,-553.397,MACE-OMat-D3,P1
C36H20N8O21Zn4-0_14-MACE-OMat-D3,C36H20N8O21Zn4-0_14-MACE-OMat-D3,-0.335526,-600.773,MACE-OMat-D3,P1
C36H18N6O13S6Zn4-3_6-MACE-OMat-D3,C36H18N6O13S6Zn4-3_6-MACE-OMat-D3,-0.220103,-551.191,MACE-OMat-D3,P1
C36H42N9O16Zn4-0-bnn-r2SCAN-D4,C36H42N9O16Zn4-0-bnn-r2SCAN-D4,-0.303549,-749.843,r2SCAN-D4,P1
C33H18O13Zn4-3_8-r2SCAN-D4,C33H18O13Zn4-3_8-r2SCAN-D4,-0.330215,-526.977,r2SCAN-D4,P1
C28H26N10O5Zn4-3-r2SCAN-D4,C28H26N10O5Zn4-3-r2SCAN-D4,0.0506342,-523.34,r2SCAN-D4,P1
C27H24N6O10Zn4-0-r2SCAN-D4,C27H24N6O10Zn4-0-r2SCAN-D4,-0.240943,-519.713,r2SCAN-D4,P1
C24H24O17Zn4-1_16-r2SCAN-D4,C24H24O17Zn4-1_16-r2SCAN-D4,-0.535659,-495.355,r2SCAN-D4,P1
C21H18O13Zn4-3_12-r2SCAN-D4,C21H18O13Zn4-3_12-r2SCAN-D4,-0.539807,-414.548,r2SCAN-D4,P1
C48H24N12O19Zn4-1_18-MACE-OMat-D3,C48H24N12O19Zn4-1_18-MACE-OMat-D3,-0.275389,-747.171,MACE-OMat-D3,P1
C44H24N8O17Zn4-3_5-MACE-OMat-D3,C44H24N8O17Zn4-3_5-MACE-OMat-D3,-0.293342,-666.106,MACE-OMat-D3,P1
C44H24N8O17Zn4-2_3-MACE-OMat-D3,C44H24N8O17Zn4-2_3-MACE-OMat-D3,-0.271544,-663.991,MACE-OMat-D3,P1
C44H24N8O17Zn4-0_1-MACE-OMat-D3,C44H24N8O17Zn4-0_1-MACE-OMat-D3,-0.261185,-662.986,MACE-OMat-D3,P1
Al1C15H15N2O4-6-r2SCAN-D4,Al1C15H15N2O4-6-r2SCAN-D4,-0.0954916,-254.055,r2SCAN-D4,P1
C44H20N8O13Zn4-3_4-r2SCAN-D4,Zn4H20C44N8O13,-0.162457,-709.292,r2SCAN-D4,P1
C44H24N8O13S4Zn4-0_13-r2SCAN-D4,Zn4H24C44S4N8O13,-0.0707355,-748.045,r2SCAN-D4,P1
C44H20N8O13Zn4-1_14-r2SCAN-D4,Zn4H20C44N8O13,-0.161936,-709.245,r2SCAN-D4,P1
C42H24N6O13Zn4-2_9-r2SCAN-D4,Zn4H24C42N6O13,-0.261171,-693.569,r2SCAN-D4,P1
C38H28N4O13Zn4-0_12-r2SCAN-D4,Zn4H28C38N4O13,-0.308897,-652.656,r2SCAN-D4,P1
C40H24N12O21Zn4-0_10-r2SCAN-D4,Zn4H24C40(N4O7)3,-0.269315,-778.966,r2SCAN-D4,P1
C40H20N12O13Zn4-0_19-r2SCAN-D4,Zn4H20C40N12O13,-0.156612,-705.308,r2SCAN-D4,P1
C36H24N12O13Zn4-0_11-r2SCAN-D4,Zn4H24C36N12O13,-0.283354,-690.347,r2SCAN-D4,P1
C22H12O9Zn4-3-r2SCAN-D4,Zn4H12C22O9,-0.160255,-357.842,r2SCAN-D4,P1
C40H20N8O13Zn4-0_10-r2SCAN-D4,Zn4H20C40N8O13,-0.186269,-670.598,r2SCAN-D4,P1
C40H12N8O13Zn4-0_1-r2SCAN-D4,Zn4H12C40N8O13,-0.132566,-637.317,r2SCAN-D4,P1
C36H18N6O13Zn4-3_18-r2SCAN-D4,Zn4H18C36N6O13,-0.281206,-611.133,r2SCAN-D4,P1
C32H24N8O13Zn4-1_7-r2SCAN-D4,Zn4H24C32N8O13,-0.374545,-618.794,r2SCAN-D4,P1
C48H24N6O10S6Zn4-0_10-r2SCAN-D4,Zn2H12C24S3N3O5,0.0254258,-759.257,r2SCAN-D4,P1
C48H27N9O13Zn4-0_10-r2SCAN-D4,Zn4H27C48N9O13,-0.168916,-785.311,r2SCAN-D4,P1
C48H18N12O19Zn4-1_15-r2SCAN-D4,Zn4H18C48N12O19,-0.200264,-819.744,r2SCAN-D4,P1
C36H18N6O25Zn4-0_2-r2SCAN-D4,Zn4H18C36N6O25,-0.453828,-699.723,r2SCAN-D4,P1
C36H18N6O25Zn4-3_10-r2SCAN-D4,Zn4H18C36N6O25,-0.439939,-698.487,r2SCAN-D4,P1
C30H24N18O13Zn4-3_13-r2SCAN-D4,Zn4H24C30N18O13,-0.226818,-680.12,r2SCAN-D4,P1
C60H16N16O13Zn4-3_7-r2SCAN-D4,Zn4H16C60N16O13,-0.0102576,-915.605,r2SCAN-D4,P1
C60H16N16O13Zn4-3_2-r2SCAN-D4,Zn4H16C60N16O13,-0.012525,-915.852,r2SCAN-D4,P1
C56H40N8O13Zn4-1_2-r2SCAN-D4,Zn4H40C56N8O13,-0.233124,-912.384,r2SCAN-D4,P1
C56H32N8O17S4Zn4-1_1-r2SCAN-D4,Zn4H32C56S4N8O17,-0.111586,-925.83,r2SCAN-D4,P1
C56H32N4O17Zn4-1_8-r2SCAN-D4,Zn4H32C56N4O17,-0.226534,-868.798,r2SCAN-D4,P1
C56H24N8O13S8Zn4-2_8-r2SCAN-D4,Zn4H24C56S8N8O13,0.00614635,-893.217,r2SCAN-D4,P1
C56H24N12O21Zn4-0_1-r2SCAN-D4,Zn4H24C56(N4O7)3,-0.13711,-928.079,r2SCAN-D4,P1
C54H36N12O13Zn4-2_5-r2SCAN-D4,Zn4H36C54N12O13,-0.184678,-908.895,r2SCAN-D4,P1
C54H18N12O19Zn4-2_4-r2SCAN-D4,Zn4H18C54N12O19,-0.113505,-871.765,r2SCAN-D4,P1
C52H32N8O13Zn4-1_2-r2SCAN-D4,Zn4H32C52N8O13,-0.0874845,-825.988,r2SCAN-D4,P1
C44H36N16O13Zn4-0_5-r2SCAN-D4,Zn4H36C44N16O13,-0.226378,-848.933,r2SCAN-D4,P1
C44H28N16O13Zn4-3-r2SCAN-D4,Zn4H28C44N16O13,-0.192073,-815.865,r2SCAN-D4,P1
C44H32N32O13Zn4-1_7-r2SCAN-D4,Zn4H32C44N32O13,-0.0910684,-967.326,r2SCAN-D4,P1
C40H32N8O21Zn4-2_11-r2SCAN-D4,Zn4H32C40N8O21,-0.36843,-781.501,r2SCAN-D4,P1
C52H24N16O13Zn4-1_3-r2SCAN-D4,Zn4H24C52N16O13,-0.0872853,-871.52,r2SCAN-D4,P1
C51H42N6O19Zn4-1-r2SCAN-D4,Zn4H42C51N6O19,-0.26221,-889.618,r2SCAN-D4,P1
C48H42N12O13Zn4-1_18-r2SCAN-D4,Zn4H42C48N12O13,-0.2415,-876.297,r2SCAN-D4,P1
C48H36N6O13Zn4-3_9-r2SCAN-D4,Zn4H36C48N6O13,-0.241495,-797.75,r2SCAN-D4,P1
C48H32N8O13Zn4-2_8-r2SCAN-D4,Zn4H32C48N8O13,-0.233505,-800.902,r2SCAN-D4,P1
C48H32N8O17Zn4-0_8-r2SCAN-D4,Zn4H32C48N8O17,-0.271691,-829.283,r2SCAN-D4,P1
C48H32N8O13Zn4-1_1-r2SCAN-D4,Zn4H32C48N8O13,-0.225349,-800.046,r2SCAN-D4,P1
C54H42N6O13Zn4-1_15-r2SCAN-D4,Zn4H42C54N6O13,-0.213355,-878.143,r2SCAN-D4,P1
C44H40N20O17Zn4-2_14-r2SCAN-D4,Zn4H40C44N20O17,-0.281519,-932.259,r2SCAN-D4,P1
C56H24N16O13S8Zn4-3_5-r2SCAN-D4,Zn4H24C56S8N16O13,0.0134039,-965.499,r2SCAN-D4,P1
C48H28N12O17Zn4-2_15-r2SCAN-D4,Zn4H28C48N12O17,-0.224444,-846.909,r2SCAN-D4,P1
C48H28N12O17Zn4-1_11-r2SCAN-D4,Zn4H28C48N12O17,-0.139876,-837.691,r2SCAN-D4,P1
C48H28N12O21Zn4-0_16-r2SCAN-D4,Zn4H28C48(N4O7)3,-0.296807,-879.268,r2SCAN-D4,P1
C48H24N12O21Zn4-0_11-r2SCAN-D4,Zn4H24C48(N4O7)3,-0.174572,-850.93,r2SCAN-D4,P1
C44H32N8O13Zn4-3-r2SCAN-D4,Zn4H32C44N8O13,-0.21416,-757.946,r2SCAN-D4,P1
C48H27N9O13Zn4-1_14-r2SCAN-D4,Zn4H27C48N9O13,-0.13515,-781.901,r2SCAN-D4,P1
C78H24N6O13Zn4-0_5-r2SCAN-D4,Zn4H24C78N6O13,0.137868,-1013.7,r2SCAN-D4,P1
C60H30N12O13Zn4-3_5-r2SCAN-D4,Zn4H30C60N12O13,-0.0906102,-937.062,r2SCAN-D4,P1
C60H30N12O13Zn4-3_5-MACE-OMat-D3,C60H30N12O13Zn4-3_5-MACE-OMat-D3,-0.141396,-834.64,MACE-OMat-D3,P1
C60H28N4O13Zn4-3_15-MACE-OMat-D3,C60H28N4O13Zn4-3_15-MACE-OMat-D3,-0.192133,-765.512,MACE-OMat-D3,P1
C60H24N12O17Zn4-1_2-MACE-OMat-D3,C60H24N12O17Zn4-1_2-MACE-OMat-D3,-0.147809,-835.438,MACE-OMat-D3,P1
C60H16N16O13Zn4-0-MACE-OMat-D3,C60H16N16O13Zn4-0-MACE-OMat-D3,-0.031123,-809.173,MACE-OMat-D3,P1
C56H40N4O13Zn4-3_13-MACE-OMat-D3,C56H40N4O13Zn4-3_13-MACE-OMat-D3,-0.236472,-774.383,MACE-OMat-D3,P1
C56H32N8O21Zn4-3_3-MACE-OMat-D3,C56H32N8O21Zn4-3_3-MACE-OMat-D3,-0.3192,-832.353,MACE-OMat-D3,P1
C54H39N9O16Zn4-3_3-MACE-OMat-D3,C54H39N9O16Zn4-3_3-MACE-OMat-D3,-0.266245,-814.132,MACE-OMat-D3,P1
C54H24N12O19Zn4-2_4-MACE-OMat-D3,C54H24N12O19Zn4-2_4-MACE-OMat-D3,-0.194026,-794.798,MACE-OMat-D3,P1
C54H24N12O19Zn4-0_18-MACE-OMat-D3,C54H24N12O19Zn4-0_18-MACE-OMat-D3,-0.139142,-788.596,MACE-OMat-D3,P1
C54H18N12O19Zn4-2_8-MACE-OMat-D3,C54H18N12O19Zn4-2_8-MACE-OMat-D3,-0.184999,-773.205,MACE-OMat-D3,P1
C54H18N12O19Zn4-3_1-MACE-OMat-D3,C54H18N12O19Zn4-3_1-MACE-OMat-D3,-0.183701,-773.066,MACE-OMat-D3,P1
C54H18N12O19Zn4-1_10-MACE-OMat-D3,C54H18N12O19Zn4-1_10-MACE-OMat-D3,-0.244059,-779.524,MACE-OMat-D3,P1
C54H18N12O19Zn4-0_9-MACE-OMat-D3,C54H18N12O19Zn4-0_9-MACE-OMat-D3,-0.226375,-777.632,MACE-OMat-D3,P1
C52H36N12O13Zn4-2_4-MACE-OMat-D3,C52H36N12O13Zn4-2_4-MACE-OMat-D3,-0.193595,-786.37,MACE-OMat-D3,P1
C52H32N4O13Zn4-0_14-MACE-OMat-D3,C52H32N4O13Zn4-0_14-MACE-OMat-D3,-0.225772,-707.694,MACE-OMat-D3,P1
C52H32N12O17Zn4-0_10-MACE-OMat-D3,C52H32N12O17Zn4-0_10-MACE-OMat-D3,-0.2212,-796.417,MACE-OMat-D3,P1
C52H24N8O17Zn4-3_6-MACE-OMat-D3,C52H24N8O17Zn4-3_6-MACE-OMat-D3,-0.239721,-736.379,MACE-OMat-D3,P1
C52H28N12O17Zn4-1_6-MACE-OMat-D3,C52H28N12O17Zn4-1_6-MACE-OMat-D3,-0.217744,-782.167,MACE-OMat-D3,P1
C52H24N8O17Zn4-2_12-MACE-OMat-D3,C52H24N8O17Zn4-2_12-MACE-OMat-D3,-0.270674,-739.629,MACE-OMat-D3,P1
C52H24N16O13Zn4-3_8-MACE-OMat-D3,C52H24N16O13Zn4-3_8-MACE-OMat-D3,-0.154804,-775.047,MACE-OMat-D3,P1
C48H32N8O13Zn4-0_9-MACE-OMat-D3,C48H32N8O13Zn4-0_9-MACE-OMat-D3,-0.259537,-707.839,MACE-OMat-D3,P1
C48H30N12O13Zn4-3_6-MACE-OMat-D3,C48H30N12O13Zn4-3_6-MACE-OMat-D3,-0.220321,-731.053,MACE-OMat-D3,P1
C48H28N20O5Zn4-2-MACE-OMat-D3,C48H28N20O5Zn4-2-MACE-OMat-D3,0.043666,-723.578,MACE-OMat-D3,P1
C48H27N9O13Zn4-1_6-MACE-OMat-D3,C48H27N9O13Zn4-1_6-MACE-OMat-D3,-0.190873,-691.992,MACE-OMat-D3,P1
C48H27N9O13Zn4-1_14-MACE-OMat-D3,C48H27N9O13Zn4-1_14-MACE-OMat-D3,-0.179526,-690.845,MACE-OMat-D3,P1
C48H24N8O13S8Zn4-1_3-MACE-OMat-D3,C48H24N8O13S8Zn4-1_3-MACE-OMat-D3,-0.166158,-705.114,MACE-OMat-D3,P1
C48H24N12O19Zn4-0_11-MACE-OMat-D3,C48H24N12O19Zn4-0_11-MACE-OMat-D3,-0.212868,-740.481,MACE-OMat-D3,P1
C48H24N12O19Zn4-0_2-MACE-OMat-D3,C48H24N12O19Zn4-0_2-MACE-OMat-D3,-0.262241,-745.764,MACE-OMat-D3,P1
C48H20N8O13Zn4-2_8-MACE-OMat-D3,C48H20N8O13Zn4-2_8-MACE-OMat-D3,-0.153121,-655.903,MACE-OMat-D3,P1
C48H18N6O13S6Zn4-3_1-MACE-OMat-D3,C48H18N6O13S6Zn4-3_1-MACE-OMat-D3,-0.199843,-662.243,MACE-OMat-D3,P1
C48H18N12O19Zn4-2_1-MACE-OMat-D3,C48H18N12O19Zn4-2_1-MACE-OMat-D3,-0.282193,-726.744,MACE-OMat-D3,P1
C44H40N20O17Zn4-3_10-MACE-OMat-D3,C44H40N20O17Zn4-3_10-MACE-OMat-D3,-0.355494,-834.123,MACE-OMat-D3,P1
C44H40N20O17Zn4-0_5-MACE-OMat-D3,C44H40N20O17Zn4-0_5-MACE-OMat-D3,-0.364858,-835.294,MACE-OMat-D3,P1
C44H32N8O13Zn4-3_10-MACE-OMat-D3,C44H32N8O13Zn4-3_10-MACE-OMat-D3,-0.253456,-669.408,MACE-OMat-D3,P1
C42H30N12O16Zn4-3_9-MACE-OMat-D3,C42H30N12O16Zn4-3_9-MACE-OMat-D3,-0.32709,-701.172,MACE-OMat-D3,P1
C42H24N6O13Zn4-3_6-MACE-OMat-D3,C42H24N6O13Zn4-3_6-MACE-OMat-D3,-0.258514,-605.788,MACE-OMat-D3,P1
C42H24N6O13Zn4-1_9-MACE-OMat-D3,C42H24N6O13Zn4-1_9-MACE-OMat-D3,-0.258349,-605.773,MACE-OMat-D3,P1
C42H24N6O13S3Zn4-2_16-MACE-OMat-D3,C42H24N6O13S3Zn4-2_16-MACE-OMat-D3,-0.253629,-618.501,MACE-OMat-D3,P1
C40H32N8O21Zn4-0_17-MACE-OMat-D3,C40H32N8O21Zn4-0_17-MACE-OMat-D3,-0.39907,-688.518,MACE-OMat-D3,P1
C40H24N16O21Zn4-2_4-MACE-OMat-D3,C40H24N16O21Zn4-2_4-MACE-OMat-D3,-0.272895,-716.076,MACE-OMat-D3,P1
C32H14N2O11Zn4-0_6-MACE-OMat-D3,C32H14N2O11Zn4-0_6-MACE-OMat-D3,-0.254394,-431.148,MACE-OMat-D3,P1
C30H18O22Zn4-2_9-MACE-OMat-D3,C30H18O22Zn4-2_9-MACE-OMat-D3,-0.598253,-491.718,MACE-OMat-D3,P1
C24H24N8O17Zn4-0_3-MACE-OMat-D3,C24H24N8O17Zn4-0_3-MACE-OMat-D3,-0.560937,-496.95,MACE-OMat-D3,P1
C21H18O13Zn4-1_3-MACE-OMat-D3,C21H18O13Zn4-1_3-MACE-OMat-D3,-0.524201,-349.518,MACE-OMat-D3,P1
C21H18O13Zn4-0_15-MACE-OMat-D3,C21H18O13Zn4-0_15-MACE-OMat-D3,-0.530266,-349.857,MACE-OMat-D3,P1
C18H12O19Zn4-0_9-MACE-OMat-D3,C18H12O19Zn4-0_9-MACE-OMat-D3,-0.748516,-342.476,MACE-OMat-D3,P1
C18H10N2O9S4Zn4-0_3-MACE-OMat-D3,C18H10N2O9S4Zn4-0_3-MACE-OMat-D3,-0.151082,-287.141,MACE-OMat-D3,P1
C21H18O13Zn4-1_8-r2SCAN-D4,C21H18O13Zn4-1_8-r2SCAN-D4,-0.547577,-414.983,r2SCAN-D4,P1
C56H24N4O21Zn4-2_3-MACE-OMat-D3,C56H24N4O21Zn4-2_3-MACE-OMat-D3,-0.320694,-769.357,MACE-OMat-D3,P1
C56H24N16O13S8Zn4-3_5-MACE-OMat-D3,C56H24N16O13S8Zn4-3_5-MACE-OMat-D3,-0.0802362,-837.69,MACE-OMat-D3,P1
C52H20N8O13Zn4-2_5-MACE-OMat-D3,C52H20N8O13Zn4-2_5-MACE-OMat-D3,-0.14899,-692.893,MACE-OMat-D3,P1
C50H34N6O13Zn4-2_8-MACE-OMat-D3,C50H34N6O13Zn4-2_8-MACE-OMat-D3,-0.205341,-710.747,MACE-OMat-D3,P1
C50H34N6O13Zn4-1_2-MACE-OMat-D3,C50H34N6O13Zn4-1_2-MACE-OMat-D3,-0.232372,-713.639,MACE-OMat-D3,P1
C48H42N12O13Zn4-0_7-MACE-OMat-D3,C48H42N12O13Zn4-0_7-MACE-OMat-D3,-0.27186,-778.755,MACE-OMat-D3,P1
C48H40N8O17Zn4-0_6-MACE-OMat-D3,C48H40N8O17Zn4-0_6-MACE-OMat-D3,-0.288705,-760.108,MACE-OMat-D3,P1
C48H24N16O13S8Zn4-3_4-MACE-OMat-D3,C48H24N16O13S8Zn4-3_4-MACE-OMat-D3,-0.151393,-771.532,MACE-OMat-D3,P1
C44H20N8O13Zn4-1-MACE-OMat-D3,C44H20N8O13Zn4-1-MACE-OMat-D3,-0.199358,-622.627,MACE-OMat-D3,P1
C36H24N6O13Zn4-0_4-MACE-OMat-D3,C36H24N6O13Zn4-0_4-MACE-OMat-D3,-0.300143,-552.524,MACE-OMat-D3,P1
C36H20N4O17S8Zn4-0-MACE-OMat-D3,C36H20N4O17S8Zn4-0-MACE-OMat-D3,-0.246492,-572.709,MACE-OMat-D3,P1
C36H18O16Zn4-1_9-MACE-OMat-D3,C36H18O16Zn4-1_9-MACE-OMat-D3,-0.377087,-500.831,MACE-OMat-D3,P1
C36H18N6O13Zn4-2_2-MACE-OMat-D3,C36H18N6O13Zn4-2_2-MACE-OMat-D3,-0.282744,-529.921,MACE-OMat-D3,P1
C36H18N12O10S6Zn4-0_12-MACE-OMat-D3,C36H18N12O10S6Zn4-0_12-MACE-OMat-D3,-0.0411967,-571.689,MACE-OMat-D3,P1
C36H12N8O13Zn4-0_5-r2SCAN-D4,C36H12N8O13Zn4-0_5-r2SCAN-D4,-0.116139,-595.519,r2SCAN-D4,P1
C30H18O19Zn4-2_14-r2SCAN-D4,C30H18O19Zn4-2_14-r2SCAN-D4,-0.561488,-549.263,r2SCAN-D4,P1
C18H12O19Zn4-1_10-r2SCAN-D4,C18H12O19Zn4-1_10-r2SCAN-D4,-0.758621,-408.658,r2SCAN-D4,P1
C48H24N12O21Zn4-0_11-MACE-OMat-D3,C48H24N12O21Zn4-0_11-MACE-OMat-D3,-0.216825,-751.235,MACE-OMat-D3,P1
C44H28N16O13Zn4-1_15-MACE-OMat-D3,C44H28N16O13Zn4-1_15-MACE-OMat-D3,-0.23876,-722.661,MACE-OMat-D3,P1
C44H28N16O21Zn4-0_16-MACE-OMat-D3,C44H28N16O21Zn4-0_16-MACE-OMat-D3,-0.251492,-765.594,MACE-OMat-D3,P1
C44H24N8O17Zn4-1_13-MACE-OMat-D3,C44H24N8O17Zn4-1_13-MACE-OMat-D3,-0.304125,-667.151,MACE-OMat-D3,P1
C27H15N3O13S6Zn4-2-r2SCAN-D4,C27H15N3O13S6Zn4-2-r2SCAN-D4,-0.319576,-532.019,r2SCAN-D4,P1
C36H18O16Zn4-1_14-r2SCAN-D4,C36H18O16Zn4-1_14-r2SCAN-D4,-0.472267,-586.985,r2SCAN-D4,P1
C48H30N6O13Zn4-0_13-r2SCAN-D4,C48H30N6O13Zn4-0_13-r2SCAN-D4,-0.220032,-773.391,r2SCAN-D4,P1
C48H28N4O13Zn4-2_2-r2SCAN-D4,C48H28N4O13Zn4-2_2-r2SCAN-D4,-0.229461,-748.21,r2SCAN-D4,P1
C48H28N4O13Zn4-0_6-r2SCAN-D4,C48H28N4O13Zn4-0_6-r2SCAN-D4,-0.239108,-749.146,r2SCAN-D4,P1
C48H27N9O13Zn4-2_14-r2SCAN-D4,C48H27N9O13Zn4-2_14-r2SCAN-D4,-0.194213,-787.866,r2SCAN-D4,P1
C20H18Mg4N2O2S2-8-r2SCAN-D4,C20H18Mg4N2O2S2-8-r2SCAN-D4,0.0776828,-321.832,r2SCAN-D4,P1
C44H32N8O13Zn4-0_14-r2SCAN-D4,Zn4H32C44N8O13,-0.230619,-759.609,r2SCAN-D4,P1
C44H24N8O17Zn4-1_12-r2SCAN-D4,Zn4H24C44N8O17,-0.239008,-755.128,r2SCAN-D4,P1
C42H24N6O25Zn4-1_7-r2SCAN-D4,Zn4H24C42N6O25,-0.446176,-785.24,r2SCAN-D4,P1
C42H24N6O13Zn4-1_3-r2SCAN-D4,Zn4H24C42N6O13,-0.261602,-693.607,r2SCAN-D4,P1
C40H24N16O13Zn4-1-r2SCAN-D4,Zn4H24C40N16O13,-0.161602,-757.477,r2SCAN-D4,P1
C36H30N12O10Zn4-1_8-r2SCAN-D4,Zn2H15C18N6O5,-0.175691,-684.571,r2SCAN-D4,P1
C24H12N4O17Zn4-1_9-r2SCAN-D4,Zn4H12C24N4O17,-0.426607,-479.539,r2SCAN-D4,P1
C44H24O13Zn4-0_3-r2SCAN-D4,Zn4H24C44O13,-0.29303,-660.359,r2SCAN-D4,P1
C40H20N8O13Zn4-1_15-r2SCAN-D4,Zn4H20C40N8O13,-0.129416,-665.765,r2SCAN-D4,P1
C27H27N9O13Zn4-2_10-r2SCAN-D4,Zn4H27C27N9O13,-0.405661,-590.346,r2SCAN-D4,P1
C56H16N12O13Zn4-2_8-r2SCAN-D4,Zn4H16C56N12O13,-0.0545638,-843.325,r2SCAN-D4,P1
C48H27N9O13Zn4-1_4-r2SCAN-D4,Zn4H27C48N9O13,-0.111699,-779.532,r2SCAN-D4,P1
C64H24N16O13Zn4-2_12-r2SCAN-D4,Zn4H24C64N16O13,-0.0445258,-987.598,r2SCAN-D4,P1
C64H24N16O13Zn4-3_8-r2SCAN-D4,Zn4H24C64N16O13,-0.0314808,-986.019,r2SCAN-D4,P1
C60H32N8O17Zn4-2_5-r2SCAN-D4,Zn4H32C60N8O17,-0.100419,-932.023,r2SCAN-D4,P1
C60H20N12O13Zn4-0_5-r2SCAN-D4,Zn4H20C60N12O13,-0.0409292,-896.171,r2SCAN-D4,P1
C56H40N4O13Zn4-0_13-r2SCAN-D4,Zn4H40C56N4O13,-0.237662,-875.378,r2SCAN-D4,P1
C56H36N12O13Zn4-3_3-r2SCAN-D4,Zn4H36C56N12O13,-0.12303,-921.839,r2SCAN-D4,P1
C56H24N4O21Zn4-1_2-r2SCAN-D4,Zn4H24C56N4O21,-0.278382,-869.172,r2SCAN-D4,P1
C56H32N8O21Zn4-2_8-r2SCAN-D4,Zn4H32C56N8O21,-0.196069,-926.813,r2SCAN-D4,P1
C54H42N6O13Zn4-1_4-r2SCAN-D4,Zn4H42C54N6O13,-0.160385,-871.839,r2SCAN-D4,P1
C54H30N6O19Zn4-0_5-r2SCAN-D4,Zn4H30C54N6O19,-0.238383,-873.134,r2SCAN-D4,P1
C52H44N8O17Zn4-0_13-r2SCAN-D4,Zn4H44C52N8O17,-0.225989,-909.468,r2SCAN-D4,P1
C52H36N12O13Zn4-3_3-r2SCAN-D4,Zn4H36C52N12O13,-0.208169,-891.24,r2SCAN-D4,P1
C52H32N4O17Zn4-1_15-r2SCAN-D4,Zn4H32C52N4O17,-0.273518,-832.945,r2SCAN-D4,P1
C52H32N4O13Zn4-3_10-r2SCAN-D4,Zn4H32C52N4O13,-0.214259,-802.345,r2SCAN-D4,P1
C52H32N4O17Zn4-0_12-r2SCAN-D4,Zn4H32C52N4O17,-0.285821,-834.286,r2SCAN-D4,P1
C52H28N8O13Zn4-2_15-r2SCAN-D4,Zn4H28C52N8O13,-0.161064,-819.536,r2SCAN-D4,P1
C44H36N16O13Zn4-2_7-r2SCAN-D4,Zn4H36C44N16O13,-0.226609,-848.96,r2SCAN-D4,P1
C44H32N32O13Zn4-0_17-r2SCAN-D4,Zn4H32C44N32O13,-0.0737849,-965.166,r2SCAN-D4,P1
C42H30N12O16Zn4-2_18-r2SCAN-D4,Zn2H15C21(N3O4)2,-0.296636,-794.286,r2SCAN-D4,P1
C42H36N18O10Zn4-3_4-r2SCAN-D4,Zn2H18C21N9O5,-0.15309,-820.998,r2SCAN-D4,P1
C42H36N18O10Zn4-1_2-r2SCAN-D4,Zn2H18C21N9O5,-0.13773,-819.308,r2SCAN-D4,P1
C40H32N8O21Zn4-1-r2SCAN-D4,Zn4H32C40N8O21,-0.374812,-782.171,r2SCAN-D4,P1
C50H34N6O13Zn4-0_16-r2SCAN-D4,Zn4H34C50N6O13,-0.271857,-814.119,r2SCAN-D4,P1
C48H42N12O13Zn4-2_2-r2SCAN-D4,Zn4H42C48N12O13,-0.236116,-875.656,r2SCAN-D4,P1
C48H36N8O13Zn4-2_2-r2SCAN-D4,Zn4H36C48N8O13,-0.202145,-812.246,r2SCAN-D4,P1
C48H36N12O13S4Zn4-1_9-r2SCAN-D4,Zn4H36C48S4N12O13,-0.210323,-883.948,r2SCAN-D4,P1
C48H28N12O21Zn4-3_11-r2SCAN-D4,Zn4H28C48(N4O7)3,-0.244419,-873.348,r2SCAN-D4,P1
C48H28N12O21Zn4-1_2-r2SCAN-D4,Zn4H28C48(N4O7)3,-0.272921,-876.569,r2SCAN-D4,P1
C48H28N12O17Zn4-1_14-r2SCAN-D4,Zn4H28C48N12O17,-0.144496,-838.195,r2SCAN-D4,P1
C48H24N6O13S9Zn4-1_12-r2SCAN-D4,Zn4H24C48S9N6O13,-0.0880891,-812.765,r2SCAN-D4,P1
C48H24N16O13S8Zn4-1_11-r2SCAN-D4,Zn4H24C48S8N16O13,-0.0955129,-897.777,r2SCAN-D4,P1
C48H24N16O13S8Zn4-0_4-r2SCAN-D4,Zn4H24C48S8N16O13,-0.0523832,-892.904,r2SCAN-D4,P1
C48H24N12O21Zn4-0-r2SCAN-D4,Zn4H24C48(N4O7)3,-0.222449,-856.148,r2SCAN-D4,P1
C48H24N12O19Zn4-3_1-r2SCAN-D4,Zn4H24C48N12O19,-0.23601,-845.512,r2SCAN-D4,P1
C48H24N12O19Zn4-0_14-r2SCAN-D4,Zn4H24C48N12O19,-0.229006,-844.763,r2SCAN-D4,P1
C40H20N8O13Zn4-1_13-r2SCAN-D4,Zn4H20C40N8O13,-0.227025,-674.062,r2SCAN-D4,P1
C60H32N8O9S4Zn4-2_1-r2SCAN-D4,Zn4H32C60S4N8O9,-0.0136165,-907.421,r2SCAN-D4,P1
C60H30N6O25Zn4-0_8-r2SCAN-D4,Zn4H30C60N6O25,-0.248445,-972.28,r2SCAN-D4,P1
C60H24N4O13Zn4-3_16-r2SCAN-D4,Zn4H24C60N4O13,-0.118987,-844.822,r2SCAN-D4,P1
C60H30N12O19Zn4-2_3-r2SCAN-D4,Zn4H30C60N12O19,-0.137974,-978.452,r2SCAN-D4,P1
C66H36N6O13Zn4-2_1-MACE-OMat-D3,C66H36N6O13Zn4-2_1-MACE-OMat-D3,-0.17869,-864.713,MACE-OMat-D3,P1
C64H24N16O13Zn4-3_10-MACE-OMat-D3,C64H24N16O13Zn4-3_10-MACE-OMat-D3,-0.0835169,-878.614,MACE-OMat-D3,P1
C64H20N16O13Zn4-1_4-MACE-OMat-D3,C64H20N16O13Zn4-1_4-MACE-OMat-D3,-0.0729352,-864.067,MACE-OMat-D3,P1
C60H30N6O25Zn4-0_8-MACE-OMat-D3,C60H30N6O25Zn4-0_8-MACE-OMat-D3,-0.304316,-865.164,MACE-OMat-D3,P1
C60H24N12O17Zn4-3-MACE-OMat-D3,C60H24N12O17Zn4-3-MACE-OMat-D3,-0.140214,-834.549,MACE-OMat-D3,P1
C60H20N12O13Zn4-1_7-MACE-OMat-D3,C60H20N12O13Zn4-1_7-MACE-OMat-D3,-0.0860638,-794.758,MACE-OMat-D3,P1
C60H20N12O13Zn4-0-MACE-OMat-D3,C60H20N12O13Zn4-0-MACE-OMat-D3,-0.0221365,-787.79,MACE-OMat-D3,P1
C60H18N12O19Zn4-2-MACE-OMat-D3,C60H18N12O19Zn4-2-MACE-OMat-D3,-0.211551,-832.483,MACE-OMat-D3,P1
C60H18N12O19Zn4-1-MACE-OMat-D3,C60H18N12O19Zn4-1-MACE-OMat-D3,-0.20357,-831.581,MACE-OMat-D3,P1
C56H8N40O13Zn4-3_5-MACE-OMat-D3,C56H8N40O13Zn4-3_5-MACE-OMat-D3,0.103259,-930.828,MACE-OMat-D3,P1
C56H8N40O13Zn4-0_3-MACE-OMat-D3,C56H8N40O13Zn4-0_3-MACE-OMat-D3,0.0969659,-931.589,MACE-OMat-D3,P1
C56H40N4O13Zn4-3_12-MACE-OMat-D3,C56H40N4O13Zn4-3_12-MACE-OMat-D3,-0.216076,-771.997,MACE-OMat-D3,P1
C56H36N12O13Zn4-3_18-MACE-OMat-D3,C56H36N12O13Zn4-3_18-MACE-OMat-D3,-0.20608,-825.434,MACE-OMat-D3,P1
C56H16N12O13Zn4-0_8-MACE-OMat-D3,C56H16N12O13Zn4-0_8-MACE-OMat-D3,-0.0947854,-745.196,MACE-OMat-D3,P1
C54H42N12O13Zn4-1_10-MACE-OMat-D3,C54H42N12O13Zn4-1_10-MACE-OMat-D3,-0.149962,-820.317,MACE-OMat-D3,P1
C54H30N6O19Zn4-1_7-MACE-OMat-D3,C54H30N6O19Zn4-1_7-MACE-OMat-D3,-0.268003,-772.552,MACE-OMat-D3,P1
C54H36N12O10S3Zn4-0_3-MACE-OMat-D3,C54H36N12O10S3Zn4-0_3-MACE-OMat-D3,-0.119378,-793.857,MACE-OMat-D3,P1
C54H18N12O19Zn4-0_3-MACE-OMat-D3,C54H18N12O19Zn4-0_3-MACE-OMat-D3,-0.216572,-776.583,MACE-OMat-D3,P1
C54H18N12O13S6Zn4-1_11-MACE-OMat-D3,C54H18N12O13S6Zn4-1_11-MACE-OMat-D3,-0.100157,-759.211,MACE-OMat-D3,P1
C52H32N4O17Zn4-3_5-MACE-OMat-D3,C52H32N4O17Zn4-3_5-MACE-OMat-D3,-0.320792,-738.746,MACE-OMat-D3,P1
C48H40N4O19Zn4-1-MACE-OMat-D3,C48H40N4O19Zn4-1-MACE-OMat-D3,-0.374739,-745.943,MACE-OMat-D3,P1
C48H36N6O13Zn4-3_9-MACE-OMat-D3,C48H36N6O13Zn4-3_9-MACE-OMat-D3,-0.258415,-704.524,MACE-OMat-D3,P1
C48H36N6O13Zn4-2-MACE-OMat-D3,C48H36N6O13Zn4-2-MACE-OMat-D3,-0.268987,-705.655,MACE-OMat-D3,P1
C48H36N12O13S4Zn4-1-MACE-OMat-D3,C48H36N12O13S4Zn4-1-MACE-OMat-D3,-0.28078,-776.307,MACE-OMat-D3,P1
C48H32N8O17Zn4-0_3-MACE-OMat-D3,C48H32N8O17Zn4-0_3-MACE-OMat-D3,-0.241688,-726.724,MACE-OMat-D3,P1
C48H30N6O13Zn4-3_8-MACE-OMat-D3,C48H30N6O13Zn4-3_8-MACE-OMat-D3,-0.25885,-683.555,MACE-OMat-D3,P1
C48H30N12O13Zn4-2_14-MACE-OMat-D3,C48H30N12O13Zn4-2_14-MACE-OMat-D3,-0.237812,-732.924,MACE-OMat-D3,P1
C48H28N4O13Zn4-2_10-MACE-OMat-D3,C48H28N4O13Zn4-2_10-MACE-OMat-D3,-0.241741,-657.683,MACE-OMat-D3,P1
C48H28N4O13Zn4-1-MACE-OMat-D3,C48H28N4O13Zn4-1-MACE-OMat-D3,-0.251915,-658.67,MACE-OMat-D3,P1
C48H28N12O21Zn4-1_12-MACE-OMat-D3,C48H28N12O21Zn4-1_12-MACE-OMat-D3,-0.341883,-779.209,MACE-OMat-D3,P1
C48H27N9O13Zn4-1_13-MACE-OMat-D3,C48H27N9O13Zn4-1_13-MACE-OMat-D3,-0.217121,-694.643,MACE-OMat-D3,P1
C48H24O21Zn4-0_5-MACE-OMat-D3,C48H24O21Zn4-0_5-MACE-OMat-D3,-0.410237,-667.259,MACE-OMat-D3,P1
C48H18N12O19Zn4-2_12-MACE-OMat-D3,C48H18N12O19Zn4-2_12-MACE-OMat-D3,-0.22737,-721.206,MACE-OMat-D3,P1
C48H18N12O19Zn4-0_6-MACE-OMat-D3,C48H18N12O19Zn4-0_6-MACE-OMat-D3,-0.28546,-727.074,MACE-OMat-D3,P1
C48H16N16O17Zn4-0_11-MACE-OMat-D3,C48H16N16O17Zn4-0_11-MACE-OMat-D3,-0.162717,-731.671,MACE-OMat-D3,P1
C46H30N8O15Zn4-0_7-MACE-OMat-D3,C46H30N8O15Zn4-0_7-MACE-OMat-D3,-0.238637,-690.186,MACE-OMat-D3,P1
C44H40N20O17Zn4-3_1-MACE-OMat-D3,C44H40N20O17Zn4-3_1-MACE-OMat-D3,-0.34671,-833.025,MACE-OMat-D3,P1
C44H40N20O17Zn4-0_13-MACE-OMat-D3,C44H40N20O17Zn4-0_13-MACE-OMat-D3,-0.366435,-835.491,MACE-OMat-D3,P1
C44H36N16O13Zn4-0_9-MACE-OMat-D3,C44H36N16O13Zn4-0_9-MACE-OMat-D3,-0.278036,-754.959,MACE-OMat-D3,P1
C44H32N32O13Zn4-1_14-MACE-OMat-D3,C44H32N32O13Zn4-1_14-MACE-OMat-D3,-0.199673,-869.039,MACE-OMat-D3,P1
C42H24N6O13Zn4-2_1-MACE-OMat-D3,C42H24N6O13Zn4-2_1-MACE-OMat-D3,-0.258149,-605.756,MACE-OMat-D3,P1
C40H36N8O13Zn4-5_5-MACE-OMat-D3,C40H36N8O13Zn4-5_5-MACE-OMat-D3,-0.285884,-648.879,MACE-OMat-D3,P1
C40H24O29Zn4-3_13-MACE-OMat-D3,C40H24O29Zn4-3_13-MACE-OMat-D3,-0.522631,-644.189,MACE-OMat-D3,P1
C40H24N8O17Zn4-3-MACE-OMat-D3,C40H24N8O17Zn4-3-MACE-OMat-D3,-0.340514,-632.541,MACE-OMat-D3,P1
C40H20N8O17Zn4-3_4-MACE-OMat-D3,C40H20N8O17Zn4-3_4-MACE-OMat-D3,-0.247632,-609.937,MACE-OMat-D3,P1
C40H20N8O13Zn4-2_14-MACE-OMat-D3,C40H20N8O13Zn4-2_14-MACE-OMat-D3,-0.18149,-583.532,MACE-OMat-D3,P1
C40H20N4O17Zn4-0_8-MACE-OMat-D3,C40H20N4O17Zn4-0_8-MACE-OMat-D3,-0.315939,-581.374,MACE-OMat-D3,P1
C38H28N4O13Zn4-1_1-MACE-OMat-D3,C38H28N4O13Zn4-1_1-MACE-OMat-D3,-0.315058,-569.697,MACE-OMat-D3,P1
C24H16O5Zn4-0-MACE-OMat-D3,C24H16O5Zn4-0-MACE-OMat-D3,0.0336183,-300.027,MACE-OMat-D3,P1
C22H22N6O13Zn4-1_16-MACE-OMat-D3,C22H22N6O13Zn4-1_16-MACE-OMat-D3,-0.494929,-425.56,MACE-OMat-D3,P1
C20H12O15Zn4-0_5-MACE-OMat-D3,C20H12O15Zn4-0_5-MACE-OMat-D3,-0.502647,-327.037,MACE-OMat-D3,P1
C18H14O11S4Zn4-1_10-MACE-OMat-D3,C18H14O11S4Zn4-1_10-MACE-OMat-D3,-0.392441,-306.237,MACE-OMat-D3,P1
C56H32N12O1Zn4-2-hcb-MACE-OMat-D3,C56H32N12O1Zn4-2-hcb-MACE-OMat-D3,0.222519,-704.781,MACE-OMat-D3,P1
C20H16O11Zn4-1_10-r2SCAN-D4,C20H16O11Zn4-1_10-r2SCAN-D4,-0.434817,-377.921,r2SCAN-D4,P1
C56H24N8O13S8Zn4-1_2-MACE-OMat-D3,C56H24N8O13S8Zn4-1_2-MACE-OMat-D3,-0.104432,-773.026,MACE-OMat-D3,P1
C56H24N16O17Zn4-2_8-MACE-OMat-D3,C56H24N16O17Zn4-2_8-MACE-OMat-D3,-0.148398,-832.107,MACE-OMat-D3,P1
C56H20N12O13Zn4-0_11-MACE-OMat-D3,C56H20N12O13Zn4-0_11-MACE-OMat-D3,-0.131896,-762.447,MACE-OMat-D3,P1
C56H20N12O13Zn4-0_1-MACE-OMat-D3,C56H20N12O13Zn4-0_1-MACE-OMat-D3,-0.131339,-762.389,MACE-OMat-D3,P1
C51H33N12O22Zn4-3-MACE-OMat-D3,C51H33N12O22Zn4-3-MACE-OMat-D3,-0.330475,-829.645,MACE-OMat-D3,P1
C51H39N12O10Zn4-3_3-MACE-OMat-D3,C51H39N12O10Zn4-3_3-MACE-OMat-D3,-0.112626,-762.476,MACE-OMat-D3,P1
C48H24N6O13S9Zn4-1_1-MACE-OMat-D3,C48H24N6O13S9Zn4-1_1-MACE-OMat-D3,-0.209538,-696.899,MACE-OMat-D3,P1
C48H24N24O10Zn4-2_10-MACE-OMat-D3,C48H24N24O10Zn4-2_10-MACE-OMat-D3,-0.0635281,-780.295,MACE-OMat-D3,P1
C44H20N8O13Zn4-1_11-MACE-OMat-D3,C44H20N8O13Zn4-1_11-MACE-OMat-D3,-0.177387,-620.671,MACE-OMat-D3,P1
C36H26N6O11Zn4-3_11-MACE-OMat-D3,C36H26N6O11Zn4-3_11-MACE-OMat-D3,-0.238497,-543.999,MACE-OMat-D3,P1
C36H24N6O13Zn4-3_8-MACE-OMat-D3,C36H24N6O13Zn4-3_8-MACE-OMat-D3,-0.304371,-552.875,MACE-OMat-D3,P1
C36H28N12O9Zn4-0_6-MACE-OMat-D3,C36H28N12O9Zn4-0_6-MACE-OMat-D3,-0.124327,-581.928,MACE-OMat-D3,P1
C36H20N4O13Zn4-0-MACE-OMat-D3,C36H20N4O13Zn4-0-MACE-OMat-D3,-0.267011,-518.508,MACE-OMat-D3,P1
C36H18N6O25Zn4-2_2-MACE-OMat-D3,C36H18N6O25Zn4-2_2-MACE-OMat-D3,-0.440875,-606.765,MACE-OMat-D3,P1
C36H12N27O13Zn4-1_3-MACE-OMat-D3,C36H12N27O13Zn4-1_3-MACE-OMat-D3,-0.102678,-673.371,MACE-OMat-D3,P1
C32H12N8O13Zn4-1_15-r2SCAN-D4,C32H12N8O13Zn4-1_15-r2SCAN-D4,-0.288874,-566.905,r2SCAN-D4,P1
C18H12O19Zn4-0_9-r2SCAN-D4,C18H12O19Zn4-0_9-r2SCAN-D4,-0.770982,-409.314,r2SCAN-D4,P1
C44H24N8O17Zn4-0_15-MACE-OMat-D3,C44H24N8O17Zn4-0_15-MACE-OMat-D3,-0.287295,-665.519,MACE-OMat-D3,P1
C44H24N8O13S4Zn4-2_9-MACE-OMat-D3,C44H24N8O13S4Zn4-2_9-MACE-OMat-D3,-0.202789,-654.044,MACE-OMat-D3,P1
C18H18N6O13Zn4-2_7-r2SCAN-D4,C18H18N6O13Zn4-2_7-r2SCAN-D4,-0.551549,-441.715,r2SCAN-D4,P1
C52H20N8O13Zn4-1_13-r2SCAN-D4,C52H20N8O13Zn4-1_13-r2SCAN-D4,-0.126156,-787.206,r2SCAN-D4,P1
C48H28N4O17Zn4-0_3-r2SCAN-D4,C48H28N4O17Zn4-0_3-r2SCAN-D4,-0.287144,-778.238,r2SCAN-D4,P1
Al1C15H19N4O2-0-r2SCAN-D4,Al1C15H19N4O2-0-r2SCAN-D4,-0.0268934,-272.112,r2SCAN-D4,P1
C42H30O13Zn4-1_13-r2SCAN-D4,Zn4H30C42O13,-0.353855,-667.652,r2SCAN-D4,P1
C42H30N6O19Zn4-0_8-r2SCAN-D4,Zn4H30C42N6O19,-0.328212,-759.141,r2SCAN-D4,P1
C42H24N6O13Zn4-2_8-r2SCAN-D4,Zn4H24C42N6O13,-0.261622,-693.609,r2SCAN-D4,P1
C40H24N8O13Zn4-2_14-r2SCAN-D4,Zn4H24C40N8O13,-0.19383,-685.843,r2SCAN-D4,P1
C36H30N6O13Zn4-3_8-r2SCAN-D4,Zn4H30C36N6O13,-0.30871,-658.439,r2SCAN-D4,P1
C24H20N4O13Zn4-2_6-r2SCAN-D4,Zn4H20C24N4O13,-0.338728,-479.905,r2SCAN-D4,P1
C40H20N8O13Zn4-3_4-r2SCAN-D4,Zn4H20C40N8O13,-0.228998,-674.23,r2SCAN-D4,P1
C56H16N12O13Zn4-3_2-r2SCAN-D4,Zn4H16C56N12O13,-0.0563294,-843.503,r2SCAN-D4,P1
C52H20N12O13Zn4-0_11-r2SCAN-D4,Zn4H20C52N12O13,-0.100022,-821.676,r2SCAN-D4,P1
C52H20N12O13Zn4-1_10-r2SCAN-D4,Zn4H20C52N12O13,-0.0822997,-819.886,r2SCAN-D4,P1
C45H24N6O13Zn4-1_9-r2SCAN-D4,Zn4H24C45N6O13,-0.141411,-713.385,r2SCAN-D4,P1
C33H30N15O13Zn4-2_4-r2SCAN-D4,Zn4H30C33N15O13,-0.285104,-710.358,r2SCAN-D4,P1
C64H20N16O13Zn4-3_12-r2SCAN-D4,Zn4H20C64N16O13,-0.0123834,-969.831,r2SCAN-D4,P1
C60H24N12O13S6Zn4-2_13-r2SCAN-D4,Zn4H24C60S6N12O13,-0.0313124,-958.049,r2SCAN-D4,P1
C60H20N12O13Zn4-1_7-r2SCAN-D4,Zn4H20C60N12O13,-0.0422893,-896.319,r2SCAN-D4,P1
C60H16N16O13Zn4-2_9-r2SCAN-D4,Zn4H16C60N16O13,-0.0339496,-918.187,r2SCAN-D4,P1
C56H32N8O17Zn4-3_2-r2SCAN-D4,Zn4H32C56N8O17,-0.189405,-901.965,r2SCAN-D4,P1
C56H32N4O17Zn4-2_6-r2SCAN-D4,Zn4H32C56N4O17,-0.251586,-871.629,r2SCAN-D4,P1
C56H24N16O13Zn4-2_18-r2SCAN-D4,Zn4H24C56N16O13,-0.0504723,-907.777,r2SCAN-D4,P1
C56H20N12O13Zn4-0_11-r2SCAN-D4,Zn4H20C56N12O13,-0.0852275,-860.591,r2SCAN-D4,P1
C54H30N6O13Zn4-3_10-r2SCAN-D4,Zn4H30C54N6O13,-0.178439,-830.363,r2SCAN-D4,P1
C54H24N12O13S3Zn4-3_2-r2SCAN-D4,Zn4H24C54S3N12O13,-0.0976738,-880.572,r2SCAN-D4,P1
C54H18N12O19Zn4-0_11-r2SCAN-D4,Zn4H18C54N12O19,-0.174316,-878.272,r2SCAN-D4,P1
C52H32N8O17Zn4-3_2-r2SCAN-D4,Zn4H32C52N8O17,-0.20326,-862.705,r2SCAN-D4,P1
C52H32N8O17Zn4-2_16-r2SCAN-D4,Zn4H32C52N8O17,-0.217365,-864.299,r2SCAN-D4,P1
C52H32N4O13Zn4-2_9-r2SCAN-D4,Zn4H32C52N4O13,-0.205465,-801.422,r2SCAN-D4,P1
C60H28N4O13Zn4-3_15-r2SCAN-D4,Zn4H28C60N4O13,-0.162918,-863.915,r2SCAN-D4,P1
C44H32N32O13Zn4-2_3-r2SCAN-D4,Zn4H32C44N32O13,-0.0995824,-968.391,r2SCAN-D4,P1
C44H40N20O17Zn4-2_13-r2SCAN-D4,Zn4H40C44N20O17,-0.283936,-932.561,r2SCAN-D4,P1
C42H30N12O16Zn4-2_2-r2SCAN-D4,Zn2H15C21(N3O4)2,-0.310876,-795.767,r2SCAN-D4,P1
C40H16N24O25Zn4-2_14-r2SCAN-D4,Zn4H16C40N24O25,-0.169091,-875.638,r2SCAN-D4,P1
C51H42N6O19Zn4-1_16-r2SCAN-D4,Zn4H42C51N6O19,-0.259087,-889.237,r2SCAN-D4,P1
C48H42N12O13Zn4-0_3-r2SCAN-D4,Zn4H42C48N12O13,-0.221987,-873.974,r2SCAN-D4,P1
C48H42N6O13S3Zn4-2-r2SCAN-D4,Zn4H42C48S3N6O13,-0.160144,-835.621,r2SCAN-D4,P1
C48H40N16O13Zn4-2_10-r2SCAN-D4,Zn4H40C48N16O13,-0.2322,-905.345,r2SCAN-D4,P1
C48H36N12O13S4Zn4-2_16-r2SCAN-D4,Zn4H36C48S4N12O13,-0.190623,-881.643,r2SCAN-D4,P1
C48H30N12O13Zn4-3_1-r2SCAN-D4,Zn4H30C48N12O13,-0.161674,-823.374,r2SCAN-D4,P1
C48H30N12O13Zn4-1_3-r2SCAN-D4,Zn4H30C48N12O13,-0.189718,-826.375,r2SCAN-D4,P1
C48H28N12O21Zn4-0_9-r2SCAN-D4,Zn4H28C48(N4O7)3,-0.237178,-872.53,r2SCAN-D4,P1
C48H28N12O17Zn4-2_8-r2SCAN-D4,Zn4H28C48N12O17,-0.212362,-845.592,r2SCAN-D4,P1
C48H28N12O17Zn4-3_9-r2SCAN-D4,Zn4H28C48N12O17,-0.250401,-849.739,r2SCAN-D4,P1
C48H24N12O21Zn4-2_8-r2SCAN-D4,Zn4H24C48(N4O7)3,-0.203571,-854.09,r2SCAN-D4,P1
C48H24N16O13S8Zn4-1_15-r2SCAN-D4,Zn4H24C48S8N16O13,-0.0470141,-892.297,r2SCAN-D4,P1
C48H24N16O13S8Zn4-3_15-r2SCAN-D4,Zn4H24C48S8N16O13,-0.0667817,-894.531,r2SCAN-D4,P1
C48H24N12O19Zn4-0_11-r2SCAN-D4,Zn4H24C48N12O19,-0.184491,-840.0,r2SCAN-D4,P1
C46H30N8O15Zn4-2_9-r2SCAN-D4,Zn4H30C46N8O15,-0.235689,-785.354,r2SCAN-D4,P1
C48H24N12O19Zn4-1_12-r2SCAN-D4,Zn4H24C48N12O19,-0.244061,-846.374,r2SCAN-D4,P1
C42H24N6O13Zn4-0_6-r2SCAN-D4,Zn4H24C42N6O13,-0.26162,-693.609,r2SCAN-D4,P1
C42H24N6O13S3Zn4-3_4-r2SCAN-D4,Zn4H24C42S3N6O13,-0.237209,-716.54,r2SCAN-D4,P1
C60H30N12O19Zn4-3_7-r2SCAN-D4,Zn4H30C60N12O19,-0.115013,-975.582,r2SCAN-D4,P1
C60H24N4O13Zn4-3_1-r2SCAN-D4,Zn4H24C60N4O13,-0.142005,-847.239,r2SCAN-D4,P1
C60H24N8O17Zn4-3_8-MACE-OMat-D3,C60H24N8O17Zn4-3_8-MACE-OMat-D3,-0.188652,-806.083,MACE-OMat-D3,P1
C60H24N12O13S6Zn4-2_9-MACE-OMat-D3,C60H24N12O13S6Zn4-2_9-MACE-OMat-D3,-0.121456,-837.577,MACE-OMat-D3,P1
C60H18N12O13S6Zn4-0_11-MACE-OMat-D3,C60H18N12O13S6Zn4-0_11-MACE-OMat-D3,-0.0275275,-806.772,MACE-OMat-D3,P1
C60H16N16O13Zn4-0_8-MACE-OMat-D3,C60H16N16O13Zn4-0_8-MACE-OMat-D3,-0.0825988,-814.783,MACE-OMat-D3,P1
C56H32N8O13S8Zn4-2_12-MACE-OMat-D3,C56H32N8O13S8Zn4-2_12-MACE-OMat-D3,-0.151724,-805.533,MACE-OMat-D3,P1
C54H39N9O16Zn4-3_10-MACE-OMat-D3,C54H39N9O16Zn4-3_10-MACE-OMat-D3,-0.297734,-817.974,MACE-OMat-D3,P1
C54H30N6O13Zn4-2_15-MACE-OMat-D3,C54H30N6O13Zn4-2_15-MACE-OMat-D3,-0.219288,-736.042,MACE-OMat-D3,P1
C54H18N12O19Zn4-3_10-MACE-OMat-D3,C54H18N12O19Zn4-3_10-MACE-OMat-D3,-0.20928,-775.803,MACE-OMat-D3,P1
C52H44N8O17Zn4-0_14-MACE-OMat-D3,C52H44N8O17Zn4-0_14-MACE-OMat-D3,-0.259091,-808.47,MACE-OMat-D3,P1
C52H32N4O17Zn4-3_14-MACE-OMat-D3,C52H32N4O17Zn4-3_14-MACE-OMat-D3,-0.296624,-736.112,MACE-OMat-D3,P1
C52H28N12O17Zn4-0_12-MACE-OMat-D3,C52H28N12O17Zn4-0_12-MACE-OMat-D3,-0.233803,-783.982,MACE-OMat-D3,P1
C48H36N12O13S4Zn4-2_8-MACE-OMat-D3,C48H36N12O13S4Zn4-2_8-MACE-OMat-D3,-0.278393,-776.028,MACE-OMat-D3,P1
C48H32N20O17Zn4-3_2-MACE-OMat-D3,C48H32N20O17Zn4-3_2-MACE-OMat-D3,-0.260067,-831.983,MACE-OMat-D3,P1
C48H32N20O17Zn4-2_2-MACE-OMat-D3,C48H32N20O17Zn4-2_2-MACE-OMat-D3,-0.312111,-838.281,MACE-OMat-D3,P1
C48H30N6O13Zn4-0_5-MACE-OMat-D3,C48H30N6O13Zn4-0_5-MACE-OMat-D3,-0.24719,-682.377,MACE-OMat-D3,P1
C48H30N6O13Zn4-0_4-MACE-OMat-D3,C48H30N6O13Zn4-0_4-MACE-OMat-D3,-0.254258,-683.091,MACE-OMat-D3,P1
C48H30N12O13Zn4-3_14-MACE-OMat-D3,C48H30N12O13Zn4-3_14-MACE-OMat-D3,-0.204202,-729.328,MACE-OMat-D3,P1
C48H28N4O17Zn4-2_3-MACE-OMat-D3,C48H28N4O17Zn4-2_3-MACE-OMat-D3,-0.328458,-687.201,MACE-OMat-D3,P1
C48H28N4O13Zn4-3_7-MACE-OMat-D3,C48H28N4O13Zn4-3_7-MACE-OMat-D3,-0.259282,-659.384,MACE-OMat-D3,P1
C48H28N12O21Zn4-2_6-MACE-OMat-D3,C48H28N12O21Zn4-2_6-MACE-OMat-D3,-0.241132,-767.824,MACE-OMat-D3,P1
C48H18N12O19Zn4-3-MACE-OMat-D3,C48H18N12O19Zn4-3-MACE-OMat-D3,-0.28082,-726.605,MACE-OMat-D3,P1
C48H18N12O19Zn4-0_2-MACE-OMat-D3,C48H18N12O19Zn4-0_2-MACE-OMat-D3,-0.190862,-717.519,MACE-OMat-D3,P1
C46H30N8O15Zn4-0_15-MACE-OMat-D3,C46H30N8O15Zn4-0_15-MACE-OMat-D3,-0.277817,-694.222,MACE-OMat-D3,P1
C45H24N6O13Zn4-1_6-MACE-OMat-D3,C45H24N6O13Zn4-1_6-MACE-OMat-D3,-0.225669,-631.126,MACE-OMat-D3,P1
C44H40N24O13Zn4-2_6-MACE-OMat-D3,C44H40N24O13Zn4-2_6-MACE-OMat-D3,-0.270845,-837.128,MACE-OMat-D3,P1
C44H40N20O17Zn4-1_5-MACE-OMat-D3,C44H40N20O17Zn4-1_5-MACE-OMat-D3,-0.35708,-834.322,MACE-OMat-D3,P1
C44H36N16O13Zn4-3_8-MACE-OMat-D3,C44H36N16O13Zn4-3_8-MACE-OMat-D3,-0.28685,-755.955,MACE-OMat-D3,P1
C44H36N16O13Zn4-1_13-MACE-OMat-D3,C44H36N16O13Zn4-1_13-MACE-OMat-D3,-0.29462,-756.833,MACE-OMat-D3,P1
C44H32N8O17Zn4-2_2-MACE-OMat-D3,C44H32N8O17Zn4-2_2-MACE-OMat-D3,-0.355254,-700.903,MACE-OMat-D3,P1
C44H32N4O21Zn4-3-MACE-OMat-D3,C44H32N4O21Zn4-3-MACE-OMat-D3,-0.355988,-687.394,MACE-OMat-D3,P1
C44H32N32O13Zn4-2_4-MACE-OMat-D3,C44H32N32O13Zn4-2_4-MACE-OMat-D3,-0.184147,-867.098,MACE-OMat-D3,P1
C44H28N16O21Zn4-3_11-MACE-OMat-D3,C44H28N16O21Zn4-3_11-MACE-OMat-D3,-0.282177,-769.062,MACE-OMat-D3,P1
C44H28N16O21Zn4-2_17-MACE-OMat-D3,C44H28N16O21Zn4-2_17-MACE-OMat-D3,-0.269565,-767.637,MACE-OMat-D3,P1
C44H16N40O13Zn4-1-MACE-OMat-D3,C44H16N40O13Zn4-1-MACE-OMat-D3,-0.015578,-860.759,MACE-OMat-D3,P1
C42H30N12O16Zn4-1_14-MACE-OMat-D3,C42H30N12O16Zn4-1_14-MACE-OMat-D3,-0.334199,-701.911,MACE-OMat-D3,P1
C42H30N12O10Zn4-0-MACE-OMat-D3,C42H30N12O10Zn4-0-MACE-OMat-D3,-0.178942,-655.002,MACE-OMat-D3,P1
C42H24N6O13Zn4-1_5-MACE-OMat-D3,C42H24N6O13Zn4-1_5-MACE-OMat-D3,-0.258492,-605.786,MACE-OMat-D3,P1
C42H24N18O10Zn4-2_2-MACE-OMat-D3,C42H24N18O10Zn4-2_2-MACE-OMat-D3,-0.116095,-679.449,MACE-OMat-D3,P1
C40H24N8O17Zn4-3_5-MACE-OMat-D3,C40H24N8O17Zn4-3_5-MACE-OMat-D3,-0.379285,-636.146,MACE-OMat-D3,P1
C40H24N16O13Zn4-2_12-MACE-OMat-D3,C40H24N16O13Zn4-2_12-MACE-OMat-D3,-0.257377,-672.803,MACE-OMat-D3,P1
C40H20N8O13Zn4-2_1-MACE-OMat-D3,C40H20N8O13Zn4-2_1-MACE-OMat-D3,-0.249663,-589.327,MACE-OMat-D3,P1
C40H20N8O13Zn4-1_17-MACE-OMat-D3,C40H20N8O13Zn4-1_17-MACE-OMat-D3,-0.106659,-577.171,MACE-OMat-D3,P1
C40H20N12O13Zn4-1_3-MACE-OMat-D3,C40H20N12O13Zn4-1_3-MACE-OMat-D3,-0.238446,-622.705,MACE-OMat-D3,P1
C40H16N24O25Zn4-1_10-MACE-OMat-D3,C40H16N24O25Zn4-1_10-MACE-OMat-D3,-0.130516,-762.248,MACE-OMat-D3,P1
C38H28N4O13Zn4-2_14-MACE-OMat-D3,C38H28N4O13Zn4-2_14-MACE-OMat-D3,-0.320097,-570.136,MACE-OMat-D3,P1
C34H22N8O15Zn4-0_3-MACE-OMat-D3,C34H22N8O15Zn4-0_3-MACE-OMat-D3,-0.314837,-555.453,MACE-OMat-D3,P1
C33H27N6O13Zn4-0_3-MACE-OMat-D3,C33H27N6O13Zn4-0_3-MACE-OMat-D3,-0.345252,-538.416,MACE-OMat-D3,P1
C32H24N16O13Zn4-3_4-MACE-OMat-D3,C32H24N16O13Zn4-3_4-MACE-OMat-D3,-0.227067,-594.489,MACE-OMat-D3,P1
C30H14N4O11Zn4-1_10-MACE-OMat-D3,C30H14N4O11Zn4-1_10-MACE-OMat-D3,-0.174886,-424.439,MACE-OMat-D3,P1
C21H18O13Zn4-3_12-MACE-OMat-D3,C21H18O13Zn4-3_12-MACE-OMat-D3,-0.526457,-349.644,MACE-OMat-D3,P1
C20H12O13Zn4-2_10-MACE-OMat-D3,C20H12O13Zn4-2_10-MACE-OMat-D3,-0.421229,-312.146,MACE-OMat-D3,P1
C18H12O19Zn4-2_8-MACE-OMat-D3,C18H12O19Zn4-2_8-MACE-OMat-D3,-0.730337,-341.513,MACE-OMat-D3,P1
C21H18O13Zn4-3_1-r2SCAN-D4,C21H18O13Zn4-3_1-r2SCAN-D4,-0.546624,-414.929,r2SCAN-D4,P1
C20H12O15Zn4-3_19.0-r2SCAN-D4,C20H12O15Zn4-3_19.0-r2SCAN-D4,-0.533168,-392.393,r2SCAN-D4,P1
C56H24N4O21Zn4-1_14-MACE-OMat-D3,C56H24N4O21Zn4-1_14-MACE-OMat-D3,-0.312844,-768.501,MACE-OMat-D3,P1
C56H20N12O13Zn4-2_8-MACE-OMat-D3,C56H20N12O13Zn4-2_8-MACE-OMat-D3,-0.136448,-762.925,MACE-OMat-D3,P1
C51H33N12O22Zn4-1_15-MACE-OMat-D3,C51H33N12O22Zn4-1_15-MACE-OMat-D3,-0.265021,-821.659,MACE-OMat-D3,P1
C48H52N8O13Zn4-0_4-MACE-OMat-D3,C48H52N8O13Zn4-0_4-MACE-OMat-D3,-0.307396,-783.887,MACE-OMat-D3,P1
C48H40N8O17Zn4-2_9-MACE-OMat-D3,C48H40N8O17Zn4-2_9-MACE-OMat-D3,-0.311603,-762.787,MACE-OMat-D3,P1
C44H20N8O13S4Zn4-3_7-MACE-OMat-D3,C44H20N8O13S4Zn4-3_7-MACE-OMat-D3,-0.20953,-640.885,MACE-OMat-D3,P1
C36H26N6O11Zn4-0_11-MACE-OMat-D3,C36H26N6O11Zn4-0_11-MACE-OMat-D3,-0.255869,-545.441,MACE-OMat-D3,P1
C36H18N6O25Zn4-3_4-MACE-OMat-D3,C36H18N6O25Zn4-3_4-MACE-OMat-D3,-0.437479,-606.463,MACE-OMat-D3,P1
C36H18N6O25Zn4-0_3-MACE-OMat-D3,C36H18N6O25Zn4-0_3-MACE-OMat-D3,-0.445414,-607.169,MACE-OMat-D3,P1
C36H18N6O13S3Zn4-0_4-MACE-OMat-D3,C36H18N6O13S3Zn4-0_4-MACE-OMat-D3,-0.279365,-542.885,MACE-OMat-D3,P1
C36H16N8O13Zn4-2-MACE-OMat-D3,C36H16N8O13Zn4-2-MACE-OMat-D3,-0.217219,-535.078,MACE-OMat-D3,P1
C26H18N2O11Zn4-0_6.0-r2SCAN-D4,C26H18N2O11Zn4-0_6.0-r2SCAN-D4,-0.255061,-456.622,r2SCAN-D4,P1
C33H18O13Zn4-1_13-r2SCAN-D4,C33H18O13Zn4-1_13-r2SCAN-D4,-0.382633,-530.542,r2SCAN-D4,P1
C33H18O13Zn4-0_14-r2SCAN-D4,C33H18O13Zn4-0_14-r2SCAN-D4,-0.358985,-528.934,r2SCAN-D4,P1
C28H20N4O13Zn4-2_12-r2SCAN-D4,C28H20N4O13Zn4-2_12-r2SCAN-D4,-0.415202,-526.605,r2SCAN-D4,P1
C48H24N12O21Zn4-2_2-MACE-OMat-D3,C48H24N12O21Zn4-2_2-MACE-OMat-D3,-0.307497,-761.118,MACE-OMat-D3,P1
C44H28N16O13Zn4-3-MACE-OMat-D3,C44H28N16O13Zn4-3-MACE-OMat-D3,-0.24052,-722.845,MACE-OMat-D3,P1
C44H28N16O21Zn4-0_12-MACE-OMat-D3,C44H28N16O21Zn4-0_12-MACE-OMat-D3,-0.377779,-779.865,MACE-OMat-D3,P1
C34H22N8O15Zn4-0_16-r2SCAN-D4,C34H22N8O15Zn4-0_16-r2SCAN-D4,-0.296235,-637.806,r2SCAN-D4,P1
C48H27N9O13Zn4-3_6-r2SCAN-D4,C48H27N9O13Zn4-3_6-r2SCAN-D4,-0.15024,-783.425,r2SCAN-D4,P1
C48H27N9O13Zn4-1_7-r2SCAN-D4,C48H27N9O13Zn4-1_7-r2SCAN-D4,-0.170704,-785.492,r2SCAN-D4,P1
Al1C8F3H4O3-14-r2SCAN-D4,Al1C8F3H4O3-14-r2SCAN-D4,-0.496764,-137.111,r2SCAN-D4,P1
C44H20N8O13Zn4-2_13-r2SCAN-D4,Zn4H20C44N8O13,-0.162559,-709.301,r2SCAN-D4,P1
C44H20N8O13S4Zn4-3_7-r2SCAN-D4,Zn4H20C44S4N8O13,-0.144564,-740.801,r2SCAN-D4,P1
C42H30N4O11Zn4-1_9-r2SCAN-D4,Zn4H30C42N4O11,-0.157471,-675.452,r2SCAN-D4,P1
C40H24N8O13Zn4-0_16-r2SCAN-D4,Zn4H24C40N8O13,-0.125375,-679.751,r2SCAN-D4,P1
C40H24N8O17Zn4-0_15-r2SCAN-D4,Zn4H24C40N8O17,-0.260155,-716.071,r2SCAN-D4,P1
C40H20N8O17Zn4-0_6-r2SCAN-D4,Zn4H20C40N8O17,-0.206277,-696.407,r2SCAN-D4,P1
C38H28N4O13Zn4-2_14-r2SCAN-D4,Zn4H28C38N4O13,-0.308597,-652.63,r2SCAN-D4,P1
C36H20N8O21Zn4-3_18-r2SCAN-D4,Zn4H20C36N8O21,-0.310673,-688.914,r2SCAN-D4,P1
C18H14O11S4Zn4-1_10-r2SCAN-D4,Zn4H14C18S4O11,-0.340523,-378.688,r2SCAN-D4,P1
C18H18N12O13Zn4-0_8-r2SCAN-D4,Zn4H18C18N12O13,-0.426529,-491.805,r2SCAN-D4,P1
C44H24O13Zn4-3_2-r2SCAN-D4,Zn4H24C44O13,-0.315859,-662.3,r2SCAN-D4,P1
C36H24N6O13Zn4-3_10-r2SCAN-D4,Zn4H24C36N6O13,-0.303528,-635.415,r2SCAN-D4,P1
C48H18N12O19Zn4-3_14-r2SCAN-D4,Zn4H18C48N12O19,-0.10798,-810.424,r2SCAN-D4,P1
C45H33N6O13Zn4-0_17-r2SCAN-D4,Zn4H33C45N6O13,-0.27392,-759.154,r2SCAN-D4,P1
C45H24N6O13Zn4-1_3-r2SCAN-D4,Zn4H24C45N6O13,-0.229039,-721.447,r2SCAN-D4,P1
C45H24N6O13Zn4-3_4-r2SCAN-D4,Zn4H24C45N6O13,-0.217999,-720.431,r2SCAN-D4,P1
C36H12N27O13Zn4-2_1-r2SCAN-D4,Zn4H12C36N27O13,0.112338,-750.577,r2SCAN-D4,P1
C64H24N16O13Zn4-3_4-r2SCAN-D4,Zn4H24C64N16O13,0.00279866,-981.872,r2SCAN-D4,P1
C64H20N16O13Zn4-1_9-r2SCAN-D4,Zn4H20C64N16O13,-0.011113,-969.683,r2SCAN-D4,P1
C60H40N4O17Zn4-0_11-r2SCAN-D4,Zn4H40C60N4O17,-0.249604,-942.124,r2SCAN-D4,P1
C60H16N16O13Zn4-3_20-r2SCAN-D4,Zn4H16C60N16O13,-0.0289763,-917.645,r2SCAN-D4,P1
C60H16N16O13Zn4-1_20-r2SCAN-D4,Zn4H16C60N16O13,-0.02336,-917.033,r2SCAN-D4,P1
C56H8N40O13Zn4-2_2-r2SCAN-D4,Zn4H8C56N40O13,0.218039,-1040.01,r2SCAN-D4,P1
C56H24N8O13S8Zn4-1_14-r2SCAN-D4,Zn4H24C56S8N8O13,-0.0209501,-896.279,r2SCAN-D4,P1
C56H24N16O13Zn4-1_13-r2SCAN-D4,Zn4H24C56N16O13,-0.0185758,-904.173,r2SCAN-D4,P1
C56H20N12O13Zn4-1_2-r2SCAN-D4,Zn4H20C56N12O13,-0.0843662,-860.5,r2SCAN-D4,P1
C56H20N12O13Zn4-1_14-r2SCAN-D4,Zn4H20C56N12O13,-0.0861528,-860.688,r2SCAN-D4,P1
C56H20N12O13Zn4-0_3-r2SCAN-D4,Zn4H20C56N12O13,-0.084043,-860.466,r2SCAN-D4,P1
C56H24N16O13S8Zn4-3_8-r2SCAN-D4,Zn4H24C56S8N16O13,0.00462794,-966.561,r2SCAN-D4,P1
C54H30N6O13Zn4-0_14-r2SCAN-D4,Zn4H30C54N6O13,-0.154758,-827.829,r2SCAN-D4,P1
C54H24N12O19Zn4-2_4-r2SCAN-D4,Zn4H24C54N12O19,-0.1565,-898.046,r2SCAN-D4,P1
C54H18N12O19Zn4-2_11-r2SCAN-D4,Zn4H18C54N12O19,-0.14216,-874.831,r2SCAN-D4,P1
C52H36N12O13Zn4-2_2-r2SCAN-D4,Zn4H36C52N12O13,-0.148109,-884.213,r2SCAN-D4,P1
C52H28N8O13Zn4-3_1-r2SCAN-D4,Zn4H28C52N8O13,-0.180226,-821.548,r2SCAN-D4,P1
C52H28N8O13Zn4-0_9-r2SCAN-D4,Zn4H28C52N8O13,-0.168004,-820.265,r2SCAN-D4,P1
C44H32N8O17Zn4-3_11-r2SCAN-D4,Zn4H32C44N8O17,-0.291176,-790.174,r2SCAN-D4,P1
C44H36N16O13Zn4-2_1-r2SCAN-D4,Zn4H36C44N16O13,-0.210656,-847.157,r2SCAN-D4,P1
C42H30N12O16Zn4-0_4-r2SCAN-D4,Zn2H15C21(N3O4)2,-0.305795,-795.238,r2SCAN-D4,P1
C42H30N12O16Zn4-0_6-r2SCAN-D4,Zn2H15C21(N3O4)2,-0.277466,-792.292,r2SCAN-D4,P1
C52H28N12O17Zn4-3_3-r2SCAN-D4,Zn4H28C52N12O17,-0.057301,-868.988,r2SCAN-D4,P1
C51H24N21O10Zn4-2_2-r2SCAN-D4,Zn4H24C51N21O10,0.0272697,-877.282,r2SCAN-D4,P1
C48H40N8O17Zn4-1_11-r2SCAN-D4,Zn4H40C48N8O17,-0.252117,-856.821,r2SCAN-D4,P1
C48H36N6O13Zn4-0-r2SCAN-D4,Zn4H36C48N6O13,-0.242699,-797.879,r2SCAN-D4,P1
C48H40N12O17Zn4-2_12-r2SCAN-D4,Zn4H40C48N12O17,-0.213866,-889.806,r2SCAN-D4,P1
C48H40N12O17Zn4-3_8-r2SCAN-D4,Zn4H40C48N12O17,-0.249893,-894.165,r2SCAN-D4,P1
C48H24N12O21Zn4-2_11-r2SCAN-D4,Zn4H24C48(N4O7)3,-0.166487,-850.048,r2SCAN-D4,P1
C48H28N12O17Zn4-3_10-r2SCAN-D4,Zn4H28C48N12O17,-0.197577,-843.981,r2SCAN-D4,P1
C48H24N6O19S6Zn4-1_10-r2SCAN-D4,Zn4H24C48S6N6O19,-0.208159,-836.411,r2SCAN-D4,P1
C48H24N16O13S8Zn4-3_9-r2SCAN-D4,Zn4H24C48S8N16O13,-0.0740061,-895.347,r2SCAN-D4,P1
C48H24N16O13S8Zn4-2_10-r2SCAN-D4,Zn4H24C48S8N16O13,0.0105789,-885.789,r2SCAN-D4,P1
C48H18N12O19Zn4-2_10-r2SCAN-D4,Zn4H18C48N12O19,-0.211971,-820.927,r2SCAN-D4,P1
C60H24N6O19S6Zn4-0_12-r2SCAN-D4,Zn4H24C60S6N6O19,-0.138865,-950.867,r2SCAN-D4,P1
C64H20N16O13Zn4-1_17-MACE-OMat-D3,C64H20N16O13Zn4-1_17-MACE-OMat-D3,-0.0794595,-864.831,MACE-OMat-D3,P1
C60H44N4O13Zn4-0_12-MACE-OMat-D3,C60H44N4O13Zn4-0_12-MACE-OMat-D3,-0.198386,-821.268,MACE-OMat-D3,P1
C60H28N16O5Zn4-2_2-MACE-OMat-D3,C60H28N16O5Zn4-2_2-MACE-OMat-D3,0.105232,-793.229,MACE-OMat-D3,P1
C60H18N12O19Zn4-2_10-MACE-OMat-D3,C60H18N12O19Zn4-2_10-MACE-OMat-D3,-0.206648,-831.929,MACE-OMat-D3,P1
C60H18N12O13S6Zn4-3-MACE-OMat-D3,C60H18N12O13S6Zn4-3-MACE-OMat-D3,-0.0433233,-808.557,MACE-OMat-D3,P1
C60H18N12O13S6Zn4-1_16-MACE-OMat-D3,C60H18N12O13S6Zn4-1_16-MACE-OMat-D3,-0.0361457,-807.746,MACE-OMat-D3,P1
C56H40N8O13Zn4-1_11-MACE-OMat-D3,C56H40N8O13Zn4-1_11-MACE-OMat-D3,-0.289563,-815.132,MACE-OMat-D3,P1
C56H36N8O13Zn4-0_9-MACE-OMat-D3,C56H36N8O13Zn4-0_9-MACE-OMat-D3,-0.17115,-787.144,MACE-OMat-D3,P1
C54H42N6O13Zn4-1_13-MACE-OMat-D3,C54H42N6O13Zn4-1_13-MACE-OMat-D3,-0.265412,-783.088,MACE-OMat-D3,P1
C54H36N6O13S6Zn4-3_11-MACE-OMat-D3,C54H36N6O13S6Zn4-3_11-MACE-OMat-D3,-0.166313,-776.605,MACE-OMat-D3,P1
C54H24N12O19Zn4-2_17-MACE-OMat-D3,C54H24N12O19Zn4-2_17-MACE-OMat-D3,-0.152484,-790.103,MACE-OMat-D3,P1
C54H24N12O13S3Zn4-2_3-MACE-OMat-D3,C54H24N12O13S3Zn4-2_3-MACE-OMat-D3,-0.166987,-773.939,MACE-OMat-D3,P1
C52H32N4O13Zn4-0_15-MACE-OMat-D3,C52H32N4O13Zn4-0_15-MACE-OMat-D3,-0.236169,-708.785,MACE-OMat-D3,P1
C52H32N12O17Zn4-1_14-MACE-OMat-D3,C52H32N12O17Zn4-1_14-MACE-OMat-D3,-0.219354,-796.201,MACE-OMat-D3,P1
C52H28N4O21Zn4-1_4-MACE-OMat-D3,C52H28N4O21Zn4-1_4-MACE-OMat-D3,-0.341911,-747.866,MACE-OMat-D3,P1
C48H40N16O13Zn4-0_15-MACE-OMat-D3,C48H40N16O13Zn4-0_15-MACE-OMat-D3,-0.307025,-810.444,MACE-OMat-D3,P1
C48H36N16O5Zn4-1-MACE-OMat-D3,C48H36N16O5Zn4-1-MACE-OMat-D3,-0.00513649,-721.294,MACE-OMat-D3,P1
C48H32N8O17Zn4-0_8-MACE-OMat-D3,C48H32N8O17Zn4-0_8-MACE-OMat-D3,-0.308356,-733.991,MACE-OMat-D3,P1
C48H32N8O9S16Zn4-0_5-MACE-OMat-D3,C48H32N8O9S16Zn4-0_5-MACE-OMat-D3,-0.0461198,-732.251,MACE-OMat-D3,P1
C48H30N6O13Zn4-2_14-MACE-OMat-D3,C48H30N6O13Zn4-2_14-MACE-OMat-D3,-0.264874,-684.163,MACE-OMat-D3,P1
C48H28N4O13Zn4-3_9-MACE-OMat-D3,C48H28N4O13Zn4-3_9-MACE-OMat-D3,-0.252592,-658.735,MACE-OMat-D3,P1
C48H27N9O13Zn4-0_19-MACE-OMat-D3,C48H27N9O13Zn4-0_19-MACE-OMat-D3,-0.225146,-695.453,MACE-OMat-D3,P1
C48H24N8O17Zn4-1_1-MACE-OMat-D3,C48H24N8O17Zn4-1_1-MACE-OMat-D3,-0.250091,-699.689,MACE-OMat-D3,P1
C48H24N8O13S8Zn4-1_6-MACE-OMat-D3,C48H24N8O13S8Zn4-1_6-MACE-OMat-D3,-0.158543,-704.314,MACE-OMat-D3,P1
C48H24N8O13S8Zn4-0_6-MACE-OMat-D3,C48H24N8O13S8Zn4-0_6-MACE-OMat-D3,-0.147289,-703.133,MACE-OMat-D3,P1
C48H24N8O13S8Zn4-0_8-MACE-OMat-D3,C48H24N8O13S8Zn4-0_8-MACE-OMat-D3,-0.191609,-707.787,MACE-OMat-D3,P1
C48H24N12O13Zn4-2_10-MACE-OMat-D3,C48H24N12O13Zn4-2_10-MACE-OMat-D3,-0.176694,-705.862,MACE-OMat-D3,P1
C48H18N12O19Zn4-2_14-MACE-OMat-D3,C48H18N12O19Zn4-2_14-MACE-OMat-D3,-0.210288,-719.481,MACE-OMat-D3,P1
C44H40N20O17Zn4-0_1-MACE-OMat-D3,C44H40N20O17Zn4-0_1-MACE-OMat-D3,-0.351315,-833.601,MACE-OMat-D3,P1
C44H32N32O13Zn4-1_9-MACE-OMat-D3,C44H32N32O13Zn4-1_9-MACE-OMat-D3,-0.194062,-868.337,MACE-OMat-D3,P1
C44H32N32O13Zn4-0_16-MACE-OMat-D3,C44H32N32O13Zn4-0_16-MACE-OMat-D3,-0.189557,-867.774,MACE-OMat-D3,P1
C44H28N4O13Zn4-0_7-MACE-OMat-D3,C44H28N4O13Zn4-0_7-MACE-OMat-D3,-0.267115,-622.297,MACE-OMat-D3,P1
C44H28N16O21Zn4-1_5-MACE-OMat-D3,C44H28N16O21Zn4-1_5-MACE-OMat-D3,-0.272362,-767.953,MACE-OMat-D3,P1
C42H24N6O25Zn4-3_13-MACE-OMat-D3,C42H24N6O25Zn4-3_13-MACE-OMat-D3,-0.457066,-688.322,MACE-OMat-D3,P1
C42H24N6O13Zn4-3_2-MACE-OMat-D3,C42H24N6O13Zn4-3_2-MACE-OMat-D3,-0.258074,-605.749,MACE-OMat-D3,P1
C42H24N6O13Zn4-3_14-MACE-OMat-D3,C42H24N6O13Zn4-3_14-MACE-OMat-D3,-0.258313,-605.77,MACE-OMat-D3,P1
C42H24N6O13S3Zn4-3_10-MACE-OMat-D3,C42H24N6O13S3Zn4-3_10-MACE-OMat-D3,-0.22652,-616.006,MACE-OMat-D3,P1
C40H24N8O25Zn4-1_11-MACE-OMat-D3,C40H24N8O25Zn4-1_11-MACE-OMat-D3,-0.486318,-689.576,MACE-OMat-D3,P1
C40H24N8O13Zn4-0_14-MACE-OMat-D3,C40H24N8O13Zn4-0_14-MACE-OMat-D3,-0.234055,-601.911,MACE-OMat-D3,P1
C40H20N4O17Zn4-3_15-MACE-OMat-D3,C40H20N4O17Zn4-3_15-MACE-OMat-D3,-0.301075,-580.111,MACE-OMat-D3,P1
C38H28N4O13Zn4-3_16-MACE-OMat-D3,C38H28N4O13Zn4-3_16-MACE-OMat-D3,-0.323955,-570.472,MACE-OMat-D3,P1
C28H14Mg4N6O4-15-r2SCAN-D4,C28H14Mg4N6O4-15-r2SCAN-D4,0.0550731,-420.77,r2SCAN-D4,P1
C32H12N8O13Zn4-1_15-MACE-OMat-D3,C32H12N8O13Zn4-1_15-MACE-OMat-D3,-0.324261,-490.972,MACE-OMat-D3,P1
C24H20N10O11Zn4-0_11-MACE-OMat-D3,C24H20N10O11Zn4-0_11-MACE-OMat-D3,-0.348331,-451.819,MACE-OMat-D3,P1
C24H15O13Zn4-1_12-MACE-OMat-D3,C24H15O13Zn4-1_12-MACE-OMat-D3,-0.3419,-357.162,MACE-OMat-D3,P1
C21H18O13Zn4-2_10-MACE-OMat-D3,C21H18O13Zn4-2_10-MACE-OMat-D3,-0.538809,-350.336,MACE-OMat-D3,P1
C21H18O13Zn4-0_7-MACE-OMat-D3,C21H18O13Zn4-0_7-MACE-OMat-D3,-0.518163,-349.18,MACE-OMat-D3,P1
C18H18N6O13Zn4-1_5-MACE-OMat-D3,C18H18N6O13Zn4-1_5-MACE-OMat-D3,-0.567162,-376.109,MACE-OMat-D3,P1
C21H18O13Zn4-1_3-r2SCAN-D4,C21H18O13Zn4-1_3-r2SCAN-D4,-0.549145,-415.07,r2SCAN-D4,P1
C24H15O13Zn4-3_13-r2SCAN-D4,C24H15O13Zn4-3_13-r2SCAN-D4,-0.504936,-432.275,r2SCAN-D4,P1
C24H15O13Zn4-0_8-r2SCAN-D4,C24H15O13Zn4-0_8-r2SCAN-D4,-0.460648,-429.795,r2SCAN-D4,P1
C21H18O13Zn4-3_7.0-r2SCAN-D4,C21H18O13Zn4-3_7.0-r2SCAN-D4,-0.543313,-414.744,r2SCAN-D4,P1
C18H15N3O13Zn4-1_4-r2SCAN-D4,C18H15N3O13Zn4-1_4-r2SCAN-D4,-0.582932,-402.245,r2SCAN-D4,P1
C56H20N12O13Zn4-0_12-MACE-OMat-D3,C56H20N12O13Zn4-0_12-MACE-OMat-D3,-0.127025,-761.936,MACE-OMat-D3,P1
C51H33N12O22Zn4-0_15-MACE-OMat-D3,C51H33N12O22Zn4-0_15-MACE-OMat-D3,-0.322206,-828.636,MACE-OMat-D3,P1
C48H48N12O13Zn4-1_17-MACE-OMat-D3,C48H48N12O13Zn4-1_17-MACE-OMat-D3,-0.233004,-794.991,MACE-OMat-D3,P1
C48H24N16O13S8Zn4-0_8-MACE-OMat-D3,C48H24N16O13S8Zn4-0_8-MACE-OMat-D3,-0.143728,-770.666,MACE-OMat-D3,P1
C48H24N12O21Zn4-3_4-MACE-OMat-D3,C48H24N12O21Zn4-3_4-MACE-OMat-D3,-0.307612,-761.131,MACE-OMat-D3,P1
C36H30N9O13Zn4-0_9-MACE-OMat-D3,C36H30N9O13Zn4-0_9-MACE-OMat-D3,-0.324817,-601.992,MACE-OMat-D3,P1
C36H20N8O21Zn4-0_9-MACE-OMat-D3,C36H20N8O21Zn4-0_9-MACE-OMat-D3,-0.313667,-598.828,MACE-OMat-D3,P1
C28H24O17Zn4-0_7-r2SCAN-D4,C28H24O17Zn4-0_7-r2SCAN-D4,-0.494308,-534.548,r2SCAN-D4,P1
C44H28N16O21Zn4-0_6-MACE-OMat-D3,C44H28N16O21Zn4-0_6-MACE-OMat-D3,-0.204653,-760.302,MACE-OMat-D3,P1
C44H28N16O21Zn4-0_5-MACE-OMat-D3,C44H28N16O21Zn4-0_5-MACE-OMat-D3,-0.294629,-770.469,MACE-OMat-D3,P1
C44H20N8O13Zn4-3_1-MACE-OMat-D3,C44H20N8O13Zn4-3_1-MACE-OMat-D3,-0.175399,-620.494,MACE-OMat-D3,P1
C18H15N3O13Zn4-3_8.0-r2SCAN-D4,C18H15N3O13Zn4-3_8.0-r2SCAN-D4,-0.5812,-402.153,r2SCAN-D4,P1
C36H18O16Zn4-3_8-r2SCAN-D4,C36H18O16Zn4-3_8-r2SCAN-D4,-0.459783,-586.061,r2SCAN-D4,P1
C44H20N8O13Zn4-2_15-r2SCAN-D4,Zn4H20C44N8O13,-0.163531,-709.387,r2SCAN-D4,P1
C44H20N8O13Zn4-0_4-r2SCAN-D4,Zn4H20C44N8O13,-0.162754,-709.318,r2SCAN-D4,P1
C42H24N6O25Zn4-0_6-r2SCAN-D4,Zn4H24C42N6O25,-0.46005,-786.641,r2SCAN-D4,P1
C42H24N6O13S3Zn4-0_1-r2SCAN-D4,Zn4H24C42S3N6O13,-0.235092,-716.345,r2SCAN-D4,P1
C40H24N8O17Zn4-0_11-r2SCAN-D4,Zn4H24C40N8O17,-0.230591,-713.321,r2SCAN-D4,P1
C38H28N4O13Zn4-3_21-r2SCAN-D4,Zn4H28C38N4O13,-0.31117,-652.854,r2SCAN-D4,P1
C40H20N8O17Zn4-0_18-r2SCAN-D4,Zn4H20C40N8O17,-0.212641,-696.974,r2SCAN-D4,P1
C38H28N4O13Zn4-1_6-r2SCAN-D4,Zn4H28C38N4O13,-0.310336,-652.781,r2SCAN-D4,P1
C36H24N15O13Zn4-3_5-r2SCAN-D4,Zn4H24C36N15O13,-0.223675,-713.16,r2SCAN-D4,P1
C20H12N2O5Zn4-3-r2SCAN-D4,Zn4H12C20N2O5,0.109578,-320.582,r2SCAN-D4,P1
C36H18N6O13Zn4-0_15-r2SCAN-D4,Zn4H18C36N6O13,-0.284611,-611.396,r2SCAN-D4,P1
C30H18N12O10Zn4-0_10-r2SCAN-D4,Zn2H9C15N6O5,-0.141167,-577.268,r2SCAN-D4,P1
C36H16N8O13Zn4-0_1-r2SCAN-D4,Zn4H16C36N8O13,-0.191303,-615.599,r2SCAN-D4,P1
C45H33N6O13Zn4-3_2-r2SCAN-D4,Zn4H33C45N6O13,-0.234805,-755.203,r2SCAN-D4,P1
C36H28N12O9Zn4-0_2-r2SCAN-D4,Zn4H28C36(N4O3)3,-0.0975254,-664.352,r2SCAN-D4,P1
C36H18N6O25Zn4-1_5-r2SCAN-D4,Zn4H18C36N6O25,-0.440907,-698.573,r2SCAN-D4,P1
C36H18N6O25Zn4-3_15-r2SCAN-D4,Zn4H18C36N6O25,-0.43692,-698.218,r2SCAN-D4,P1
C36H18N6O25Zn4-3-r2SCAN-D4,Zn4H18C36N6O25,-0.4111,-695.92,r2SCAN-D4,P1
C66H30N6O13Zn4-0_15-r2SCAN-D4,Zn4H30C66N6O13,-0.0743476,-940.322,r2SCAN-D4,P1
C27H33N15O13Zn4-1_5-r2SCAN-D4,Zn4H33C27N15O13,-0.338166,-664.653,r2SCAN-D4,P1
C64H24N16O13Zn4-0_10-r2SCAN-D4,Zn4H24C64N16O13,0.0161244,-980.259,r2SCAN-D4,P1
C56H36N8O13Zn4-2-r2SCAN-D4,Zn4H36C56N8O13,-0.169582,-890.189,r2SCAN-D4,P1
C56H32N8O21Zn4-3_3-r2SCAN-D4,Zn4H32C56N8O21,-0.265795,-935.25,r2SCAN-D4,P1
C56H32N8O13S8Zn4-6_8-r2SCAN-D4,Zn4H32C56S8N8O13,0.00807008,-920.591,r2SCAN-D4,P1
C56H20N12O13Zn4-2_4-r2SCAN-D4,Zn4H20C56N12O13,-0.0564073,-857.565,r2SCAN-D4,P1
C56H20N12O13Zn4-0_1-r2SCAN-D4,Zn4H20C56N12O13,-0.0802097,-860.064,r2SCAN-D4,P1
C54H39N9O16Zn4-2_9-r2SCAN-D4,Zn4H39C54N9O16,-0.253155,-918.184,r2SCAN-D4,P1
C54H39N9O16Zn4-3_3-r2SCAN-D4,Zn4H39C54N9O16,-0.213874,-913.392,r2SCAN-D4,P1
C54H30N6O13Zn4-2_15-r2SCAN-D4,Zn4H30C54N6O13,-0.180596,-830.594,r2SCAN-D4,P1
C52H36N4O17Zn4-3_8-r2SCAN-D4,Zn4H36C52N4O17,-0.256118,-845.901,r2SCAN-D4,P1
C52H32N4O17Zn4-2_15-r2SCAN-D4,Zn4H32C52N4O17,-0.273693,-832.964,r2SCAN-D4,P1
C52H28N8O13Zn4-3-r2SCAN-D4,Zn4H28C52N8O13,-0.169106,-820.381,r2SCAN-D4,P1
C44H40N20O17Zn4-0_7-r2SCAN-D4,Zn4H40C44N20O17,-0.267775,-930.541,r2SCAN-D4,P1
C44H28N16O21Zn4-1_5-r2SCAN-D4,Zn4H28C44N16O21,-0.233304,-868.629,r2SCAN-D4,P1
C44H32N32O13Zn4-1_5-r2SCAN-D4,Zn4H32C44N32O13,-0.0692944,-964.605,r2SCAN-D4,P1
C44H28N16O21Zn4-1_16-r2SCAN-D4,Zn4H28C44N16O21,-0.248075,-870.298,r2SCAN-D4,P1
C44H28N16O13Zn4-2_5-r2SCAN-D4,Zn4H28C44N16O13,-0.118322,-808.121,r2SCAN-D4,P1
C44H28N16O13Zn4-1_4-r2SCAN-D4,Zn4H28C44N16O13,-0.189679,-815.614,r2SCAN-D4,P1
C42H36N6O19Zn4-3_7-r2SCAN-D4,Zn4H36C42N6O19,-0.294947,-778.293,r2SCAN-D4,P1
C40H32N8O21Zn4-0_14-r2SCAN-D4,Zn4H32C40N8O21,-0.373836,-782.069,r2SCAN-D4,P1
C40H36N12O17Zn4-3_8-r2SCAN-D4,Zn4H36C40N12O17,-0.264736,-798.82,r2SCAN-D4,P1
C40H32N8O21Zn4-0_4-r2SCAN-D4,Zn4H32C40N8O21,-0.37911,-782.623,r2SCAN-D4,P1
C52H24N8O17Zn4-1-r2SCAN-D4,Zn4H24C52N8O17,-0.220733,-835.258,r2SCAN-D4,P1
C52H24N8O17Zn4-2_10-r2SCAN-D4,Zn4H24C52N8O17,-0.225473,-835.755,r2SCAN-D4,P1
C52H28N4O21Zn4-1_7-r2SCAN-D4,Zn4H28C52N4O21,-0.304207,-845.747,r2SCAN-D4,P1
C51H42N6O19Zn4-0_12-r2SCAN-D4,Zn4H42C51N6O19,-0.283612,-892.229,r2SCAN-D4,P1
C51H33N9O13Zn4-0_13-r2SCAN-D4,Zn4H33C51N9O13,-0.216261,-842.832,r2SCAN-D4,P1
C50H34N6O13Zn4-1_1-r2SCAN-D4,Zn4H34C50N6O13,-0.209694,-807.467,r2SCAN-D4,P1
C48H42N12O13Zn4-1_19-r2SCAN-D4,Zn4H42C48N12O13,-0.216013,-873.264,r2SCAN-D4,P1
C48H40N16O13Zn4-3_8-r2SCAN-D4,Zn4H40C48N16O13,-0.229029,-904.961,r2SCAN-D4,P1
C48H40N8O17S8Zn4-1_3-r2SCAN-D4,Zn4H40C48S8N8O17,-0.194717,-916.71,r2SCAN-D4,P1
C48H32N8O17Zn4-3_6-r2SCAN-D4,Zn4H32C48N8O17,-0.257045,-827.686,r2SCAN-D4,P1
C48H36N12O13S4Zn4-1_1-r2SCAN-D4,Zn4H36C48S4N12O13,-0.192221,-881.83,r2SCAN-D4,P1
C48H32N8O17S4Zn4-2_8-r2SCAN-D4,Zn4H32C48S4N8O17,-0.208711,-855.776,r2SCAN-D4,P1
C48H30N12O13Zn4-0_1-r2SCAN-D4,Zn4H30C48N12O13,-0.178779,-825.204,r2SCAN-D4,P1
C48H24N20O13Zn4-1_1-r2SCAN-D4,Zn4H24C48N20O13,-0.0743804,-866.65,r2SCAN-D4,P1
C48H24N16O13S8Zn4-1_10-r2SCAN-D4,Zn4H24C48S8N16O13,-0.111908,-899.63,r2SCAN-D4,P1
C48H24N12O21Zn4-1_11-r2SCAN-D4,Zn4H24C48(N4O7)3,-0.203479,-854.08,r2SCAN-D4,P1
C42H24N6O13S3Zn4-2_17-r2SCAN-D4,Zn4H24C42S3N6O13,-0.234592,-716.299,r2SCAN-D4,P1
C42H24N6O13S3Zn4-2_11-r2SCAN-D4,Zn4H24C42S3N6O13,-0.234464,-716.288,r2SCAN-D4,P1
C60H30N12O13Zn4-1_3-r2SCAN-D4,Zn4H30C60N12O13,-0.0477976,-931.967,r2SCAN-D4,P1
C60H28N8O21Zn4-1_3-r2SCAN-D4,Zn4H28C60N8O21,-0.245949,-959.089,r2SCAN-D4,P1
C78H24N6O13Zn4-0_5-MACE-OMat-D3,C78H24N6O13Zn4-0_5-MACE-OMat-D3,0.0833055,-903.375,MACE-OMat-D3,P1
C66H30N6O13Zn4-0_15-MACE-OMat-D3,C66H30N6O13Zn4-0_15-MACE-OMat-D3,-0.121684,-837.395,MACE-OMat-D3,P1
C60H24N12O13S6Zn4-1_11-MACE-OMat-D3,C60H24N12O13S6Zn4-1_11-MACE-OMat-D3,-0.12677,-838.21,MACE-OMat-D3,P1
C60H20N12O13Zn4-0_5-MACE-OMat-D3,C60H20N12O13Zn4-0_5-MACE-OMat-D3,-0.0962955,-795.873,MACE-OMat-D3,P1
C56H40N8O17Zn4-2-MACE-OMat-D3,C56H40N8O17Zn4-2-MACE-OMat-D3,-0.249909,-831.126,MACE-OMat-D3,P1
C56H32N8O13S8Zn4-5_9-MACE-OMat-D3,C56H32N8O13S8Zn4-5_9-MACE-OMat-D3,-0.197332,-811.052,MACE-OMat-D3,P1
C56H32N4O5Zn4-0_2-MACE-OMat-D3,C56H32N4O5Zn4-0_2-MACE-OMat-D3,0.0505444,-676.076,MACE-OMat-D3,P1
C56H24N8O13S8Zn4-3_16-MACE-OMat-D3,C56H24N8O13S8Zn4-3_16-MACE-OMat-D3,-0.122836,-775.105,MACE-OMat-D3,P1
C56H24N8O13S8Zn4-3_8-MACE-OMat-D3,C56H24N8O13S8Zn4-3_8-MACE-OMat-D3,-0.109611,-773.611,MACE-OMat-D3,P1
C54H42N12O13Zn4-0_12-MACE-OMat-D3,C54H42N12O13Zn4-0_12-MACE-OMat-D3,-0.22399,-829.57,MACE-OMat-D3,P1
C52H36N12O13Zn4-3_6-MACE-OMat-D3,C52H36N12O13Zn4-3_6-MACE-OMat-D3,-0.24656,-792.567,MACE-OMat-D3,P1
C52H36N4O17Zn4-2_6-MACE-OMat-D3,C52H36N4O17Zn4-2_6-MACE-OMat-D3,-0.299457,-750.594,MACE-OMat-D3,P1
C52H32N4O17Zn4-2_18-MACE-OMat-D3,C52H32N4O17Zn4-2_18-MACE-OMat-D3,-0.282106,-734.53,MACE-OMat-D3,P1
C52H32N4O17Zn4-2_14-MACE-OMat-D3,C52H32N4O17Zn4-2_14-MACE-OMat-D3,-0.28945,-735.33,MACE-OMat-D3,P1
C52H28N12O17Zn4-3_10-MACE-OMat-D3,C52H28N12O17Zn4-3_10-MACE-OMat-D3,-0.197188,-779.844,MACE-OMat-D3,P1
C48H40N16O13Zn4-2_10-MACE-OMat-D3,C48H40N16O13Zn4-2_10-MACE-OMat-D3,-0.301423,-809.766,MACE-OMat-D3,P1
C48H36N12O13S4Zn4-2_11-MACE-OMat-D3,C48H36N12O13S4Zn4-2_11-MACE-OMat-D3,-0.284949,-776.795,MACE-OMat-D3,P1
C48H32N8O17Zn4-1_11-MACE-OMat-D3,C48H32N8O17Zn4-1_11-MACE-OMat-D3,-0.287148,-731.679,MACE-OMat-D3,P1
C48H24N12O19Zn4-0_4-MACE-OMat-D3,C48H24N12O19Zn4-0_4-MACE-OMat-D3,-0.288081,-748.529,MACE-OMat-D3,P1
C48H24N12O13Zn4-3_1-MACE-OMat-D3,C48H24N12O13Zn4-3_1-MACE-OMat-D3,-0.181581,-706.356,MACE-OMat-D3,P1
C48H24N12O13Zn4-1-MACE-OMat-D3,C48H24N12O13Zn4-1-MACE-OMat-D3,-0.158747,-704.049,MACE-OMat-D3,P1
C48H16N16O17Zn4-0_6-MACE-OMat-D3,C48H16N16O17Zn4-0_6-MACE-OMat-D3,-0.192954,-734.725,MACE-OMat-D3,P1
C46H30N8O15Zn4-3_15-MACE-OMat-D3,C46H30N8O15Zn4-3_15-MACE-OMat-D3,-0.280495,-694.498,MACE-OMat-D3,P1
C45H33N6O13Zn4-0_17-MACE-OMat-D3,C45H33N6O13Zn4-0_17-MACE-OMat-D3,-0.330573,-672.946,MACE-OMat-D3,P1
C45H27N9O19Zn4-3_6-MACE-OMat-D3,C45H27N9O19Zn4-3_6-MACE-OMat-D3,-0.281734,-704.118,MACE-OMat-D3,P1
C44H40N24O13Zn4-3_17-MACE-OMat-D3,C44H40N24O13Zn4-3_17-MACE-OMat-D3,-0.26508,-836.408,MACE-OMat-D3,P1
C44H40N20O17Zn4-3_12-MACE-OMat-D3,C44H40N20O17Zn4-3_12-MACE-OMat-D3,-0.306966,-828.057,MACE-OMat-D3,P1
C44H28N16O21Zn4-3_1-MACE-OMat-D3,C44H28N16O21Zn4-3_1-MACE-OMat-D3,-0.312977,-772.542,MACE-OMat-D3,P1
C44H28N16O21Zn4-0_7-MACE-OMat-D3,C44H28N16O21Zn4-0_7-MACE-OMat-D3,-0.302991,-771.414,MACE-OMat-D3,P1
C42H24N6O13Zn4-2_10-MACE-OMat-D3,C42H24N6O13Zn4-2_10-MACE-OMat-D3,-0.257925,-605.736,MACE-OMat-D3,P1
C42H24N6O13Zn4-1_10-MACE-OMat-D3,C42H24N6O13Zn4-1_10-MACE-OMat-D3,-0.257836,-605.728,MACE-OMat-D3,P1
C42H24N6O10S6Zn4-7_7-MACE-OMat-D3,C42H24N6O10S6Zn4-7_7-MACE-OMat-D3,-0.134272,-605.062,MACE-OMat-D3,P1
C40H24N8O13Zn4-3_6-MACE-OMat-D3,C40H24N8O13Zn4-3_6-MACE-OMat-D3,-0.276676,-605.704,MACE-OMat-D3,P1
C40H16N24O25Zn4-0_3-MACE-OMat-D3,C40H16N24O25Zn4-0_3-MACE-OMat-D3,-0.110438,-760.059,MACE-OMat-D3,P1
C38H28N4O13Zn4-3_20-MACE-OMat-D3,C38H28N4O13Zn4-3_20-MACE-OMat-D3,-0.321362,-570.246,MACE-OMat-D3,P1
C34H22N8O15Zn4-0_6-MACE-OMat-D3,C34H22N8O15Zn4-0_6-MACE-OMat-D3,-0.312312,-555.243,MACE-OMat-D3,P1
C32H28N8O9Zn4-1_2-MACE-OMat-D3,C32H28N8O9Zn4-1_2-MACE-OMat-D3,-0.254164,-521.293,MACE-OMat-D3,P1
C32H14N6O9Zn4-3_1-MACE-OMat-D3,C32H14N6O9Zn4-3_1-MACE-OMat-D3,-0.0796418,-443.781,MACE-OMat-D3,P1
C32H28N12O9Zn4-0_6-MACE-OMat-D3,C32H28N12O9Zn4-0_6-MACE-OMat-D3,-0.205125,-551.52,MACE-OMat-D3,P1
C30H18N6O19Zn4-0_6-MACE-OMat-D3,C30H18N6O19Zn4-0_6-MACE-OMat-D3,-0.356377,-510.112,MACE-OMat-D3,P1
C24H24O13Zn4-2_10-MACE-OMat-D3,C24H24O13Zn4-2_10-MACE-OMat-D3,-0.495559,-399.42,MACE-OMat-D3,P1
C20H12O15Zn4-3_13-MACE-OMat-D3,C20H12O15Zn4-3_13-MACE-OMat-D3,-0.584172,-331.194,MACE-OMat-D3,P1
C18H18N6O13Zn4-2_11-MACE-OMat-D3,C18H18N6O13Zn4-2_11-MACE-OMat-D3,-0.569221,-376.23,MACE-OMat-D3,P1
C18H12O19Zn4-2_11-MACE-OMat-D3,C18H12O19Zn4-2_11-MACE-OMat-D3,-0.743855,-342.229,MACE-OMat-D3,P1
C21H18O13Zn4-3_7-r2SCAN-D4,C21H18O13Zn4-3_7-r2SCAN-D4,-0.547511,-414.979,r2SCAN-D4,P1
C20H12O15Zn4-3_13.0-r2SCAN-D4,C20H12O15Zn4-3_13.0-r2SCAN-D4,-0.608147,-396.217,r2SCAN-D4,P1
C51H33N12O22Zn4-3_2-MACE-OMat-D3,C51H33N12O22Zn4-3_2-MACE-OMat-D3,-0.385576,-836.367,MACE-OMat-D3,P1
C51H24N21O10Zn4-1_7-MACE-OMat-D3,C51H24N21O10Zn4-1_7-MACE-OMat-D3,-0.0667822,-783.203,MACE-OMat-D3,P1
C51H18N27O10Zn4-0_4-MACE-OMat-D3,C51H18N27O10Zn4-0_4-MACE-OMat-D3,-0.0169447,-808.326,MACE-OMat-D3,P1
C48H42N12O13Zn4-2_7-MACE-OMat-D3,C48H42N12O13Zn4-2_7-MACE-OMat-D3,-0.277557,-779.433,MACE-OMat-D3,P1
C48H24N16O13S8Zn4-1_8-MACE-OMat-D3,C48H24N16O13S8Zn4-1_8-MACE-OMat-D3,-0.1843,-775.25,MACE-OMat-D3,P1
C44H20N8O13S4Zn4-1_15-MACE-OMat-D3,C44H20N8O13S4Zn4-1_15-MACE-OMat-D3,-0.173345,-637.52,MACE-OMat-D3,P1
C44H20N8O13S4Zn4-2-MACE-OMat-D3,C44H20N8O13S4Zn4-2-MACE-OMat-D3,-0.190593,-639.124,MACE-OMat-D3,P1
C38H28N4O13Zn4-1_7-MACE-OMat-D3,C38H28N4O13Zn4-1_7-MACE-OMat-D3,-0.308499,-569.127,MACE-OMat-D3,P1
C36H30N9O13Zn4-2_2-MACE-OMat-D3,C36H30N9O13Zn4-2_2-MACE-OMat-D3,-0.331093,-602.569,MACE-OMat-D3,P1
C36H24N6O13Zn4-1_24-MACE-OMat-D3,C36H24N6O13Zn4-1_24-MACE-OMat-D3,-0.300198,-552.529,MACE-OMat-D3,P1
C36H24N6O13Zn4-0_2-MACE-OMat-D3,C36H24N6O13Zn4-0_2-MACE-OMat-D3,-0.291265,-551.787,MACE-OMat-D3,P1
C36H20N8O21Zn4-2_6-MACE-OMat-D3,C36H20N8O21Zn4-2_6-MACE-OMat-D3,-0.288361,-596.576,MACE-OMat-D3,P1
C36H18N6O13S3Zn4-2_15-MACE-OMat-D3,C36H18N6O13S3Zn4-2_15-MACE-OMat-D3,-0.282156,-543.109,MACE-OMat-D3,P1
C24H24O16Zn4-3_7-r2SCAN-D4,C24H24O16Zn4-3_7-r2SCAN-D4,-0.496645,-486.346,r2SCAN-D4,P1
C27H15N3O13S6Zn4-0_15-r2SCAN-D4,C27H15N3O13S6Zn4-0_15-r2SCAN-D4,-0.179867,-522.519,r2SCAN-D4,P1
C18H12O19Zn4-0_2-r2SCAN-D4,C18H12O19Zn4-0_2-r2SCAN-D4,-0.764371,-408.963,r2SCAN-D4,P1
C48H24N16O13S8Zn4-0_11-MACE-OMat-D3,C48H24N16O13S8Zn4-0_11-MACE-OMat-D3,-0.148092,-771.159,MACE-OMat-D3,P1
C48H24N12O19Zn4-3_13-MACE-OMat-D3,C48H24N12O19Zn4-3_13-MACE-OMat-D3,-0.210811,-740.261,MACE-OMat-D3,P1
C44H28N16O13Zn4-3_4-MACE-OMat-D3,C44H28N16O13Zn4-3_4-MACE-OMat-D3,-0.228803,-721.615,MACE-OMat-D3,P1
C36H18N6O13Zn4-1_19-r2SCAN-D4,C36H18N6O13Zn4-1_19-r2SCAN-D4,-0.235401,-607.606,r2SCAN-D4,P1
C34H22N8O15Zn4-0_10-r2SCAN-D4,C34H22N8O15Zn4-0_10-r2SCAN-D4,-0.328923,-640.519,r2SCAN-D4,P1
C32H24N8O13Zn4-2_12-r2SCAN-D4,C32H24N8O13Zn4-2_12-r2SCAN-D4,-0.343122,-616.249,r2SCAN-D4,P1
C56H16N12O13Zn4-1_11-r2SCAN-D4,C56H16N12O13Zn4-1_11-r2SCAN-D4,-0.0465682,-842.517,r2SCAN-D4,P1
C48H28N4O17Zn4-1_5-r2SCAN-D4,C48H28N4O17Zn4-1_5-r2SCAN-D4,-0.295068,-779.038,r2SCAN-D4,P1
Al2C14H14N4O6-11-r2SCAN-D4,Al2C14H14N4O6-11-r2SCAN-D4,-0.415361,-290.433,r2SCAN-D4,P1
C44H24N8O13S4Zn4-1_9-r2SCAN-D4,Zn4H24C44S4N8O13,-0.170211,-757.694,r2SCAN-D4,P1
C44H20N8O13S4Zn4-2_5-r2SCAN-D4,Zn4H20C44S4N8O13,-0.165125,-742.713,r2SCAN-D4,P1
C42H24N6O13Zn4-2_14-r2SCAN-D4,Zn4H24C42N6O13,-0.261545,-693.602,r2SCAN-D4,P1
C40H36N8O13Zn4-5_16-r2SCAN-D4,Zn4H36C40N8O13,-0.252112,-735.539,r2SCAN-D4,P1
C40H20N12O13Zn4-1_8-r2SCAN-D4,Zn4H20C40N12O13,-0.165464,-706.096,r2SCAN-D4,P1
C40H24N12O21Zn4-0_5-r2SCAN-D4,Zn4H24C40(N4O7)3,-0.244215,-776.431,r2SCAN-D4,P1
C36H32N12O17Zn4-2-r2SCAN-D4,Zn4H32C36N12O17,-0.332649,-749.666,r2SCAN-D4,P1
C24H16N8O21Zn4-2_8-r2SCAN-D4,Zn4H16C24N8O21,-0.457144,-560.604,r2SCAN-D4,P1
C40H24O13Zn4-2_8-r2SCAN-D4,Zn4H24C40O13,-0.238421,-614.696,r2SCAN-D4,P1
C40H20N8O13Zn4-2-r2SCAN-D4,Zn4H20C40N8O13,-0.201186,-671.866,r2SCAN-D4,P1
C36H24N6O13Zn4-3_8-r2SCAN-D4,Zn4H24C36N6O13,-0.302417,-635.323,r2SCAN-D4,P1
C40H20N8O13Zn4-0_11-r2SCAN-D4,Zn4H20C40N8O13,-0.189063,-670.835,r2SCAN-D4,P1
C36H18N6O13Zn4-0_14-r2SCAN-D4,Zn4H18C36N6O13,-0.233241,-607.44,r2SCAN-D4,P1
C36H18N6O13S6Zn4-3_7-r2SCAN-D4,Zn4H18C36S6N6O13,-0.177619,-653.008,r2SCAN-D4,P1
C48H28N4O13Zn4-3_18-r2SCAN-D4,Zn4H28C48N4O13,-0.231831,-748.44,r2SCAN-D4,P1
C48H27N9O13Zn4-3_14-r2SCAN-D4,Zn4H27C48N9O13,-0.194103,-787.855,r2SCAN-D4,P1
C48H18N12O19Zn4-0_16-r2SCAN-D4,Zn4H18C48N12O19,-0.24292,-824.052,r2SCAN-D4,P1
C48H16N16O17Zn4-3_7-r2SCAN-D4,Zn4H16C48N16O17,-0.0767906,-825.322,r2SCAN-D4,P1
C44H32N8O13Zn4-3_5-r2SCAN-D4,Zn4H32C44N8O13,-0.223054,-758.845,r2SCAN-D4,P1
C36H18N6O25Zn4-3_1-r2SCAN-D4,Zn4H18C36N6O25,-0.414262,-696.202,r2SCAN-D4,P1
C32H24N16O17Zn4-3-r2SCAN-D4,Zn4H24C32N16O17,-0.259366,-709.07,r2SCAN-D4,P1
C24H24N24O13Zn4-2_11-r2SCAN-D4,Zn4H24C24N24O13,-0.166046,-669.516,r2SCAN-D4,P1
C64H20N16O13Zn4-2_17-r2SCAN-D4,Zn4H20C64N16O13,-0.0132558,-969.933,r2SCAN-D4,P1
C64H20N16O13Zn4-3_5-r2SCAN-D4,Zn4H20C64N16O13,0.0242331,-965.547,r2SCAN-D4,P1
C60H24N12O13S6Zn4-0_18-r2SCAN-D4,Zn4H24C60S6N12O13,-0.0302791,-957.926,r2SCAN-D4,P1
C60H18N12O13S6Zn4-0_14-r2SCAN-D4,Zn4H18C60S6N12O13,0.0401672,-929.042,r2SCAN-D4,P1
C60H16N16O13Zn4-0_9-r2SCAN-D4,Zn4H16C60N16O13,-0.0126473,-915.865,r2SCAN-D4,P1
C56H32O13Zn4-3_7-r2SCAN-D4,Zn4H32C56O13,-0.250909,-809.657,r2SCAN-D4,P1
C56H32N8O13S8Zn4-3_8-r2SCAN-D4,Zn4H32C56S8N8O13,-0.106518,-934.456,r2SCAN-D4,P1
C56H32N4O17Zn4-3_8-r2SCAN-D4,Zn4H32C56N4O17,-0.226752,-868.823,r2SCAN-D4,P1
C56H24N8O13S8Zn4-3_13-r2SCAN-D4,Zn4H24C56S8N8O13,-0.0219957,-896.397,r2SCAN-D4,P1
C54H30N6O13Zn4-3_8-r2SCAN-D4,Zn4H30C54N6O13,-0.150288,-827.351,r2SCAN-D4,P1
C54H36N6O13S6Zn4-1_7-r2SCAN-D4,Zn4H36C54S6N6O13,-0.101034,-892.82,r2SCAN-D4,P1
C54H18N12O19Zn4-2_12-r2SCAN-D4,Zn4H18C54N12O19,-0.177595,-878.622,r2SCAN-D4,P1
C52H32N8O17Zn4-2_7-r2SCAN-D4,Zn4H32C52N8O17,-0.175869,-859.61,r2SCAN-D4,P1
C44H32N32O13Zn4-3_15-r2SCAN-D4,Zn4H32C44N32O13,-0.0879381,-966.935,r2SCAN-D4,P1
C44H32N32O13Zn4-2_4-r2SCAN-D4,Zn4H32C44N32O13,-0.0827615,-966.288,r2SCAN-D4,P1
C44H28N16O13Zn4-2_3-r2SCAN-D4,Zn4H28C44N16O13,-0.191969,-815.854,r2SCAN-D4,P1
C44H28N16O13Zn4-2_1-r2SCAN-D4,Zn4H28C44N16O13,-0.199153,-816.608,r2SCAN-D4,P1
C44H32N32O13Zn4-0_3-r2SCAN-D4,Zn4H32C44N32O13,-0.107095,-969.33,r2SCAN-D4,P1
C44H32N32O13Zn4-0_18-r2SCAN-D4,Zn4H32C44N32O13,-0.106861,-969.3,r2SCAN-D4,P1
C40H16N24O25Zn4-3_14-r2SCAN-D4,Zn4H16C40N24O25,-0.125611,-870.898,r2SCAN-D4,P1
C52H24N8O17Zn4-0_10-r2SCAN-D4,Zn4H24C52N8O17,-0.20364,-833.463,r2SCAN-D4,P1
C51H33N9O13Zn4-1_11-r2SCAN-D4,Zn4H33C51N9O13,-0.168262,-837.552,r2SCAN-D4,P1
C48H42N12O13Zn4-2_10-r2SCAN-D4,Zn4H42C48N12O13,-0.234416,-875.454,r2SCAN-D4,P1
C51H24N21O10Zn4-3_3-r2SCAN-D4,Zn4H24C51N21O10,0.00414017,-879.826,r2SCAN-D4,P1
C48H40N12O17Zn4-3-r2SCAN-D4,Zn4H40C48N12O17,-0.190892,-887.026,r2SCAN-D4,P1
C48H32N8O17Zn4-0_6-r2SCAN-D4,Zn4H32C48N8O17,-0.190948,-820.482,r2SCAN-D4,P1
C48H28N12O21Zn4-2_8-r2SCAN-D4,Zn4H28C48(N4O7)3,-0.22314,-870.944,r2SCAN-D4,P1
C44H40N20O17Zn4-2_4-r2SCAN-D4,Zn4H40C44N20O17,-0.276826,-931.672,r2SCAN-D4,P1
C44H40N24O13Zn4-2_13-r2SCAN-D4,Zn4H40C44N24O13,-0.186318,-933.679,r2SCAN-D4,P1
C48H24N8O17S8Zn4-2_8-r2SCAN-D4,Zn4H24C48S8N8O17,-0.161094,-854.619,r2SCAN-D4,P1
C48H24N16O13S8Zn4-1_8-r2SCAN-D4,Zn4H24C48S8N16O13,-0.0895945,-897.109,r2SCAN-D4,P1
C48H24N12O19Zn4-3_8-r2SCAN-D4,Zn4H24C48N12O19,-0.22476,-844.308,r2SCAN-D4,P1
C45H42N6O13Zn4-3_11-r2SCAN-D4,Zn4H42C45N6O13,-0.22784,-787.663,r2SCAN-D4,P1
C48H24N8O17Zn4-0-r2SCAN-D4,Zn4H24C48N8O17,-0.219439,-794.176,r2SCAN-D4,P1
C60H32N4O21Zn4-3_3-r2SCAN-D4,Zn4H32C60N4O21,-0.190783,-929.637,r2SCAN-D4,P1
C60H32N8O17Zn4-2_4-MACE-OMat-D3,C60H32N8O17Zn4-2_4-MACE-OMat-D3,-0.169346,-831.207,MACE-OMat-D3,P1
C60H30N6O25Zn4-1_18-MACE-OMat-D3,C60H30N6O25Zn4-1_18-MACE-OMat-D3,-0.23766,-856.831,MACE-OMat-D3,P1
C60H30N6O13Zn4-3_6-MACE-OMat-D3,C60H30N6O13Zn4-3_6-MACE-OMat-D3,-0.107367,-779.879,MACE-OMat-D3,P1
C60H16N16O13Zn4-2_12-MACE-OMat-D3,C60H16N16O13Zn4-2_12-MACE-OMat-D3,-0.0816909,-814.685,MACE-OMat-D3,P1
C56H32N8O17S4Zn4-1_1-MACE-OMat-D3,C56H32N8O17S4Zn4-1_1-MACE-OMat-D3,-0.169617,-810.976,MACE-OMat-D3,P1
C56H32N4O17Zn4-1_13-MACE-OMat-D3,C56H32N4O17Zn4-1_13-MACE-OMat-D3,-0.24901,-768.697,MACE-OMat-D3,P1
C54H36N18O13Zn4-2_4-MACE-OMat-D3,C54H36N18O13Zn4-2_4-MACE-OMat-D3,-0.162674,-852.511,MACE-OMat-D3,P1
C54H24N12O13S3Zn4-0_9-MACE-OMat-D3,C54H24N12O13S3Zn4-0_9-MACE-OMat-D3,-0.143915,-771.401,MACE-OMat-D3,P1
C52H32N4O17Zn4-1_1-MACE-OMat-D3,C52H32N4O17Zn4-1_1-MACE-OMat-D3,-0.275746,-733.836,MACE-OMat-D3,P1
C52H28N4O21Zn4-2_12-MACE-OMat-D3,C52H28N4O21Zn4-2_12-MACE-OMat-D3,-0.330093,-746.578,MACE-OMat-D3,P1
C52H28N4O21Zn4-0_16-MACE-OMat-D3,C52H28N4O21Zn4-0_16-MACE-OMat-D3,-0.365637,-750.452,MACE-OMat-D3,P1
C52H28N12O17Zn4-3_14-MACE-OMat-D3,C52H28N12O17Zn4-3_14-MACE-OMat-D3,-0.187952,-778.801,MACE-OMat-D3,P1
C52H28N12O17Zn4-2_10-MACE-OMat-D3,C52H28N12O17Zn4-2_10-MACE-OMat-D3,-0.188191,-778.828,MACE-OMat-D3,P1
C52H24N16O13Zn4-1_4-MACE-OMat-D3,C52H24N16O13Zn4-1_4-MACE-OMat-D3,-0.160168,-775.631,MACE-OMat-D3,P1
C48H40N8O13Zn4-1_3-MACE-OMat-D3,C48H40N8O13Zn4-1_3-MACE-OMat-D3,-0.258773,-735.779,MACE-OMat-D3,P1
C48H32N8O17Zn4-0_2-MACE-OMat-D3,C48H32N8O17Zn4-0_2-MACE-OMat-D3,-0.267798,-729.57,MACE-OMat-D3,P1
C48H32N20O17Zn4-0_4-MACE-OMat-D3,C48H32N20O17Zn4-0_4-MACE-OMat-D3,-0.261218,-832.123,MACE-OMat-D3,P1
C48H30N6O13Zn4-1_4-MACE-OMat-D3,C48H30N6O13Zn4-1_4-MACE-OMat-D3,-0.2558,-683.247,MACE-OMat-D3,P1
C48H28N12O17Zn4-3_13-MACE-OMat-D3,C48H28N12O17Zn4-3_13-MACE-OMat-D3,-0.280075,-751.311,MACE-OMat-D3,P1
C48H27N9O13Zn4-2_1-MACE-OMat-D3,C48H27N9O13Zn4-2_1-MACE-OMat-D3,-0.226055,-695.545,MACE-OMat-D3,P1
C48H24N8O33Zn4-3_1-MACE-OMat-D3,C48H24N8O33Zn4-3_1-MACE-OMat-D3,-0.489482,-810.869,MACE-OMat-D3,P1
C48H24N8O17S4Zn4-2-MACE-OMat-D3,C48H24N8O17S4Zn4-2-MACE-OMat-D3,-0.191269,-711.028,MACE-OMat-D3,P1
C48H18N6O13S6Zn4-0_9-MACE-OMat-D3,C48H18N6O13S6Zn4-0_9-MACE-OMat-D3,-0.207972,-663.016,MACE-OMat-D3,P1
C48H18N12O19Zn4-0_11-MACE-OMat-D3,C48H18N12O19Zn4-0_11-MACE-OMat-D3,-0.279472,-726.469,MACE-OMat-D3,P1
C44H32N8O13Zn4-0_10-MACE-OMat-D3,C44H32N8O13Zn4-0_10-MACE-OMat-D3,-0.26416,-670.489,MACE-OMat-D3,P1
C44H28N16O21Zn4-1_6-MACE-OMat-D3,C44H28N16O21Zn4-1_6-MACE-OMat-D3,-0.24214,-764.537,MACE-OMat-D3,P1
C44H28N16O21Zn4-1_9-MACE-OMat-D3,C44H28N16O21Zn4-1_9-MACE-OMat-D3,-0.250042,-765.43,MACE-OMat-D3,P1
C44H32N32O13Zn4-0_1-MACE-OMat-D3,C44H32N32O13Zn4-0_1-MACE-OMat-D3,-0.1435,-862.017,MACE-OMat-D3,P1
C44H20N8O13S4Zn4-0-MACE-OMat-D3,C44H20N8O13S4Zn4-0-MACE-OMat-D3,-0.156583,-635.961,MACE-OMat-D3,P1
C42H36N6O19Zn4-3_16-MACE-OMat-D3,C42H36N6O19Zn4-3_16-MACE-OMat-D3,-0.323683,-686.028,MACE-OMat-D3,P1
C42H30N12O16Zn4-2_3-MACE-OMat-D3,C42H30N12O16Zn4-2_3-MACE-OMat-D3,-0.352348,-703.799,MACE-OMat-D3,P1
C42H30N12O16Zn4-2_14-MACE-OMat-D3,C42H30N12O16Zn4-2_14-MACE-OMat-D3,-0.313901,-699.801,MACE-OMat-D3,P1
C42H24N6O13S3Zn4-2_18-MACE-OMat-D3,C42H24N6O13S3Zn4-2_18-MACE-OMat-D3,-0.253793,-618.516,MACE-OMat-D3,P1
C42H24N6O13S3Zn4-1_1-MACE-OMat-D3,C42H24N6O13S3Zn4-1_1-MACE-OMat-D3,-0.259156,-619.009,MACE-OMat-D3,P1
C40H16N24O25Zn4-3_13-MACE-OMat-D3,C40H16N24O25Zn4-3_13-MACE-OMat-D3,-0.188965,-768.619,MACE-OMat-D3,P1
C40H16N24O25Zn4-0_13-MACE-OMat-D3,C40H16N24O25Zn4-0_13-MACE-OMat-D3,-0.183784,-768.054,MACE-OMat-D3,P1
C39H36N12O13Zn4-0_13-MACE-OMat-D3,C39H36N12O13Zn4-0_13-MACE-OMat-D3,-0.321394,-677.614,MACE-OMat-D3,P1
C32H12N8O5Zn4-0-MACE-OMat-D3,C32H12N8O5Zn4-0-MACE-OMat-D3,0.149755,-419.878,MACE-OMat-D3,P1
C24H24O17Zn4-0_17-MACE-OMat-D3,C24H24O17Zn4-0_17-MACE-OMat-D3,-0.550988,-425.02,MACE-OMat-D3,P1
C21H18O13Zn4-2_3-MACE-OMat-D3,C21H18O13Zn4-2_3-MACE-OMat-D3,-0.523474,-349.477,MACE-OMat-D3,P1
C20H16O11Zn4-2_3-MACE-OMat-D3,C20H16O11Zn4-2_3-MACE-OMat-D3,-0.419063,-315.956,MACE-OMat-D3,P1
C20H12O15Zn4-0-MACE-OMat-D3,C20H12O15Zn4-0-MACE-OMat-D3,-0.522007,-328.024,MACE-OMat-D3,P1
C21H18O13Zn4-0_15-r2SCAN-D4,C21H18O13Zn4-0_15-r2SCAN-D4,-0.550842,-415.165,r2SCAN-D4,P1
C56H24N8O13S8Zn4-0_9-MACE-OMat-D3,C56H24N8O13S8Zn4-0_9-MACE-OMat-D3,-0.124503,-775.294,MACE-OMat-D3,P1
C56H24N16O17Zn4-1_3-MACE-OMat-D3,C56H24N16O17Zn4-1_3-MACE-OMat-D3,-0.156391,-833.042,MACE-OMat-D3,P1
C56H24N16O17Zn4-0_15-MACE-OMat-D3,C56H24N16O17Zn4-0_15-MACE-OMat-D3,-0.122639,-829.093,MACE-OMat-D3,P1
C56H24N16O17Zn4-0-MACE-OMat-D3,C56H24N16O17Zn4-0-MACE-OMat-D3,-0.140339,-831.164,MACE-OMat-D3,P1
C56H20N12O13Zn4-2_9-MACE-OMat-D3,C56H20N12O13Zn4-2_9-MACE-OMat-D3,-0.130583,-762.309,MACE-OMat-D3,P1
C52H24N16O13Zn4-1_14-MACE-OMat-D3,C52H24N16O13Zn4-1_14-MACE-OMat-D3,-0.13401,-772.78,MACE-OMat-D3,P1
C52H20N12O13Zn4-0_11-MACE-OMat-D3,C52H20N12O13Zn4-0_11-MACE-OMat-D3,-0.141062,-726.067,MACE-OMat-D3,P1
C51H24N21O10Zn4-1_4-MACE-OMat-D3,C51H24N21O10Zn4-1_4-MACE-OMat-D3,-0.0758057,-784.196,MACE-OMat-D3,P1
C48H52N8O13Zn4-1_11-MACE-OMat-D3,C48H52N8O13Zn4-1_11-MACE-OMat-D3,-0.299292,-782.874,MACE-OMat-D3,P1
C48H24N16O13S8Zn4-1_13-MACE-OMat-D3,C48H24N16O13S8Zn4-1_13-MACE-OMat-D3,-0.145336,-770.847,MACE-OMat-D3,P1
C44H20N8O13S4Zn4-3_5-MACE-OMat-D3,C44H20N8O13S4Zn4-3_5-MACE-OMat-D3,-0.162115,-636.476,MACE-OMat-D3,P1
C44H20N16O5Zn4-0_2-MACE-OMat-D3,C44H20N16O5Zn4-0_2-MACE-OMat-D3,0.152146,-618.515,MACE-OMat-D3,P1
C36H24N24O10Zn4-3-MACE-OMat-D3,C36H24N24O10Zn4-3-MACE-OMat-D3,-0.156215,-678.28,MACE-OMat-D3,P1
C36H20N8O7Zn4-1-MACE-OMat-D3,C36H20N8O7Zn4-1-MACE-OMat-D3,0.0232265,-499.896,MACE-OMat-D3,P1
C36H20N8O21Zn4-2_13-MACE-OMat-D3,C36H20N8O21Zn4-2_13-MACE-OMat-D3,-0.305515,-598.102,MACE-OMat-D3,P1
C36H18O16Zn4-0_11-MACE-OMat-D3,C36H18O16Zn4-0_11-MACE-OMat-D3,-0.39303,-502.011,MACE-OMat-D3,P1
C44H24N8O17Zn4-3_11-MACE-OMat-D3,C44H24N8O17Zn4-3_11-MACE-OMat-D3,-0.297708,-666.529,MACE-OMat-D3,P1
C52H20N8O13Zn4-1-r2SCAN-D4,C52H20N8O13Zn4-1-r2SCAN-D4,-0.122922,-786.893,r2SCAN-D4,P1
C52H20N12O13Zn4-3_4-r2SCAN-D4,C52H20N12O13Zn4-3_4-r2SCAN-D4,-0.0451604,-816.135,r2SCAN-D4,P1
C7H4Mg2N2O2-8-r2SCAN-D4,C7H4Mg2N2O2-8-r2SCAN-D4,-0.0920955,-123.852,r2SCAN-D4,P1
C44H24N8O17Zn4-3_13-r2SCAN-D4,Zn4H24C44N8O17,-0.260849,-757.247,r2SCAN-D4,P1
C44H24N8O17Zn4-3_9-r2SCAN-D4,Zn4H24C44N8O17,-0.186195,-750.006,r2SCAN-D4,P1
C44H24N8O17Zn4-1_14-r2SCAN-D4,Zn4H24C44N8O17,-0.255029,-756.682,r2SCAN-D4,P1
C44H24N8O13S4Zn4-0_7-r2SCAN-D4,Zn4H24C44S4N8O13,-0.151277,-755.858,r2SCAN-D4,P1
C44H20N8O13S4Zn4-3_2-r2SCAN-D4,Zn4H20C44S4N8O13,-0.159372,-742.178,r2SCAN-D4,P1
C42H24N6O13Zn4-1_1-r2SCAN-D4,Zn4H24C42N6O13,-0.261761,-693.621,r2SCAN-D4,P1
C40H36N8O13Zn4-0_17-r2SCAN-D4,Zn4H36C40N8O13,-0.247974,-735.121,r2SCAN-D4,P1
C38H28N4O13Zn4-3_19-r2SCAN-D4,Zn4H28C38N4O13,-0.305962,-652.4,r2SCAN-D4,P1
C38H28N4O13Zn4-3_17-r2SCAN-D4,Zn4H28C38N4O13,-0.282226,-650.335,r2SCAN-D4,P1
C38H28N4O13Zn4-2_10-r2SCAN-D4,Zn4H28C38N4O13,-0.309294,-652.69,r2SCAN-D4,P1
C36H32N12O17Zn4-3_15-r2SCAN-D4,Zn4H32C36N12O17,-0.342813,-750.692,r2SCAN-D4,P1
C18H22N10O9Zn4-0_3-r2SCAN-D4,Zn4H22C18N10O9,-0.266034,-453.082,r2SCAN-D4,P1
C40H20N8O13Zn4-1_1-r2SCAN-D4,Zn4H20C40N8O13,-0.188887,-670.82,r2SCAN-D4,P1
C56H16N12O13Zn4-2_10-r2SCAN-D4,Zn4H16C56N12O13,-0.0499701,-842.861,r2SCAN-D4,P1
C48H24N8O17Zn4-3_10-r2SCAN-D4,Zn4H24C48N8O17,-0.222585,-794.494,r2SCAN-D4,P1
C48H24N6O13Zn4-0_3-r2SCAN-D4,Zn4H24C48N6O13,-0.190803,-748.553,r2SCAN-D4,P1
C36H18N6O13Zn4-3_7-r2SCAN-D4,Zn4H18C36N6O13,-0.283589,-611.317,r2SCAN-D4,P1
C36H18N6O13Zn4-0_9-r2SCAN-D4,Zn4H18C36N6O13,-0.284085,-611.355,r2SCAN-D4,P1
C30H18N12O16Zn4-3-r2SCAN-D4,Zn2H9C15(N3O4)2,-0.302473,-625.946,r2SCAN-D4,P1
C48H28N4O13Zn4-3_4-r2SCAN-D4,Zn4H28C48N4O13,-0.237329,-748.973,r2SCAN-D4,P1
C52H20N12O13Zn4-2_11-r2SCAN-D4,Zn4H20C52N12O13,-0.0829828,-819.955,r2SCAN-D4,P1
C48H24N12O13Zn4-1_5-r2SCAN-D4,Zn4H24C48N12O13,-0.16982,-802.485,r2SCAN-D4,P1
C48H18N12O19Zn4-0_5-r2SCAN-D4,Zn4H18C48N12O19,-0.252777,-825.048,r2SCAN-D4,P1
C33H30N15O13Zn4-1_16-r2SCAN-D4,Zn4H30C33N15O13,-0.285538,-710.399,r2SCAN-D4,P1
C28H20N12O25Zn4-1-r2SCAN-D4,Zn4H20C28N12O25,-0.360975,-673.143,r2SCAN-D4,P1
C32H24N16O13Zn4-3_4-r2SCAN-D4,Zn4H24C32N16O13,-0.136608,-673.823,r2SCAN-D4,P1
C60H18N12O19Zn4-3_6-r2SCAN-D4,Zn4H18C60N12O19,-0.168306,-938.74,r2SCAN-D4,P1
C60H18N12O19Zn4-3_10-r2SCAN-D4,Zn4H18C60N12O19,-0.0992583,-930.938,r2SCAN-D4,P1
C56H8N40O13Zn4-3_10-r2SCAN-D4,Zn4H8C56N40O13,0.210135,-1040.96,r2SCAN-D4,P1
C56H40N4O13Zn4-1_2-r2SCAN-D4,Zn4H40C56N4O13,-0.185449,-869.269,r2SCAN-D4,P1
C56H32O17S4Zn4-0_1-r2SCAN-D4,Zn4H32C56S4O17,-0.22861,-864.952,r2SCAN-D4,P1
C56H24N12O21Zn4-2_1-r2SCAN-D4,Zn4H24C56(N4O7)3,-0.155708,-930.255,r2SCAN-D4,P1
C54H30N6O19Zn4-1_16-r2SCAN-D4,Zn4H30C54N6O19,-0.257849,-875.333,r2SCAN-D4,P1
C54H18N12O19Zn4-3_3-r2SCAN-D4,Zn4H18C54N12O19,-0.166398,-877.424,r2SCAN-D4,P1
C54H24N12O13S3Zn4-0_6-r2SCAN-D4,Zn4H24C54S3N12O13,-0.0922749,-879.978,r2SCAN-D4,P1
C52H36N4O17Zn4-2_6-r2SCAN-D4,Zn4H36C52N4O17,-0.269698,-847.436,r2SCAN-D4,P1
C52H32N8O13Zn4-2_12-r2SCAN-D4,Zn4H32C52N8O13,-0.157324,-833.601,r2SCAN-D4,P1
C52H32N4O17Zn4-3_11-r2SCAN-D4,Zn4H32C52N4O17,-0.241259,-829.429,r2SCAN-D4,P1
C52H32N4O17Zn4-2_11-r2SCAN-D4,Zn4H32C52N4O17,-0.27457,-833.06,r2SCAN-D4,P1
C52H32N4O17Zn4-1_3-r2SCAN-D4,Zn4H32C52N4O17,-0.244734,-829.808,r2SCAN-D4,P1
C52H32N4O13Zn4-3_6-r2SCAN-D4,Zn4H32C52N4O13,-0.204222,-801.291,r2SCAN-D4,P1
C52H32N12O17Zn4-2_2-r2SCAN-D4,Zn4H32C52N12O17,-0.169275,-896.146,r2SCAN-D4,P1
C44H28N16O21Zn4-3_3-r2SCAN-D4,Zn4H28C44N16O21,-0.264367,-872.139,r2SCAN-D4,P1
C39H36N12O13Zn4-1_11-r2SCAN-D4,Zn4H36C39N12O13,-0.260534,-763.759,r2SCAN-D4,P1
C52H28N4O21Zn4-2_16-r2SCAN-D4,Zn4H28C52N4O21,-0.333201,-848.907,r2SCAN-D4,P1
C52H28N12O17Zn4-0_5-r2SCAN-D4,Zn4H28C52N12O17,-0.134992,-877.767,r2SCAN-D4,P1
C51H33N9O13Zn4-1_9-r2SCAN-D4,Zn4H33C51N9O13,-0.160183,-836.663,r2SCAN-D4,P1
C48H52N8O13Zn4-0_9-r2SCAN-D4,Zn4H52C48N8O13,-0.234571,-874.844,r2SCAN-D4,P1
C48H36N6O13Zn4-1_4-r2SCAN-D4,Zn4H36C48N6O13,-0.24355,-797.97,r2SCAN-D4,P1
C60H28N8O21Zn4-0_9-r2SCAN-D4,Zn4H28C60N8O21,-0.184858,-951.697,r2SCAN-D4,P1
C52H32N8O13Zn4-2-r2SCAN-D4,Zn4H32C52N8O13,-0.218264,-840.243,r2SCAN-D4,P1
C45H27N9O19Zn4-2_6-r2SCAN-D4,Zn4H27C45N9O19,-0.291301,-803.421,r2SCAN-D4,P1
C45H27N9O19Zn4-0_3-r2SCAN-D4,Zn4H27C45N9O19,-0.215539,-795.542,r2SCAN-D4,P1
C48H24N8O13S8Zn4-3_1-r2SCAN-D4,Zn4H24C48S8N8O13,-0.0680669,-820.923,r2SCAN-D4,P1
C48H24N6O13S9Zn4-2_8-r2SCAN-D4,Zn4H24C48S9N6O13,-0.0131571,-804.972,r2SCAN-D4,P1
C48H24N12O21Zn4-3_4-r2SCAN-D4,Zn4H24C48(N4O7)3,-0.266964,-861.0,r2SCAN-D4,P1
C48H24N16O13S8Zn4-3_5-r2SCAN-D4,Zn4H24C48S8N16O13,-0.0167306,-888.875,r2SCAN-D4,P1
C46H30N8O15Zn4-3_8-r2SCAN-D4,Zn4H30C46N8O15,-0.24487,-786.3,r2SCAN-D4,P1
C48H24N16O13S8Zn4-2-r2SCAN-D4,Zn4H24C48S8N16O13,-0.0160198,-888.795,r2SCAN-D4,P1
C44H40N24O13Zn4-2_10-r2SCAN-D4,Zn4H40C44N24O13,-0.209777,-936.611,r2SCAN-D4,P1
C20H20N4O15Zn4-3_2-r2SCAN-D4,Zn4H20C20N4O15,-0.474686,-459.367,r2SCAN-D4,P1
C42H24N6O13S3Zn4-2_2-r2SCAN-D4,Zn4H24C42S3N6O13,-0.235285,-716.363,r2SCAN-D4,P1
C60H36N12O13Zn4-3_10-r2SCAN-D4,Zn4H36C60N12O13,-0.089333,-958.188,r2SCAN-D4,P1
C60H28N8O21Zn4-2_9-r2SCAN-D4,Zn4H28C60N8O21,-0.230502,-957.22,r2SCAN-D4,P1
C60H24N12O17Zn4-3_2-r2SCAN-D4,Zn4H24C60N12O17,-0.0977351,-940.257,r2SCAN-D4,P1
C68H32N4O13Zn4-1_17-MACE-OMat-D3,C68H32N4O13Zn4-1_17-MACE-OMat-D3,-0.148619,-849.085,MACE-OMat-D3,P1
C64H24N16O13Zn4-3_11-MACE-OMat-D3,C64H24N16O13Zn4-3_11-MACE-OMat-D3,-0.082394,-878.478,MACE-OMat-D3,P1
C64H24N16O13Zn4-2_12-MACE-OMat-D3,C64H24N16O13Zn4-2_12-MACE-OMat-D3,-0.0976229,-880.321,MACE-OMat-D3,P1
C64H20N16O13Zn4-2_7-MACE-OMat-D3,C64H20N16O13Zn4-2_7-MACE-OMat-D3,-0.0828659,-865.229,MACE-OMat-D3,P1
C64H20N16O13Zn4-2_14-MACE-OMat-D3,C64H20N16O13Zn4-2_14-MACE-OMat-D3,-0.0930629,-866.422,MACE-OMat-D3,P1
C60H42N6O13Zn4-0_1-MACE-OMat-D3,C60H42N6O13Zn4-0_1-MACE-OMat-D3,-0.268499,-840.234,MACE-OMat-D3,P1
C60H42N6O13Zn4-0-MACE-OMat-D3,C60H42N6O13Zn4-0-MACE-OMat-D3,-0.250968,-838.042,MACE-OMat-D3,P1
C60H36N12O13Zn4-3_7-MACE-OMat-D3,C60H36N12O13Zn4-3_7-MACE-OMat-D3,-0.130505,-853.59,MACE-OMat-D3,P1
C60H36N12O13Zn4-0_9-MACE-OMat-D3,C60H36N12O13Zn4-0_9-MACE-OMat-D3,-0.159817,-857.254,MACE-OMat-D3,P1
C60H24N4O13Zn4-3_1-MACE-OMat-D3,C60H24N4O13Zn4-3_1-MACE-OMat-D3,-0.166608,-749.089,MACE-OMat-D3,P1
C60H16N16O13Zn4-2_2-MACE-OMat-D3,C60H16N16O13Zn4-2_2-MACE-OMat-D3,-0.0682334,-813.218,MACE-OMat-D3,P1
C56H40N4O13Zn4-1_10-MACE-OMat-D3,C56H40N4O13Zn4-1_10-MACE-OMat-D3,-0.22651,-773.218,MACE-OMat-D3,P1
C56H32N8O17S4Zn4-0_10-MACE-OMat-D3,C56H32N8O17S4Zn4-0_10-MACE-OMat-D3,-0.137145,-807.047,MACE-OMat-D3,P1
C56H32N8O13S8Zn4-6_2-MACE-OMat-D3,C56H32N8O13S8Zn4-6_2-MACE-OMat-D3,-0.150791,-805.42,MACE-OMat-D3,P1
C56H32N4O17Zn4-3_9-MACE-OMat-D3,C56H32N4O17Zn4-3_9-MACE-OMat-D3,-0.253786,-769.237,MACE-OMat-D3,P1
C56H32N4O17Zn4-0_10-MACE-OMat-D3,C56H32N4O17Zn4-0_10-MACE-OMat-D3,-0.260593,-770.006,MACE-OMat-D3,P1
C56H16N12O13Zn4-3_16-MACE-OMat-D3,C56H16N12O13Zn4-3_16-MACE-OMat-D3,-0.0932569,-745.042,MACE-OMat-D3,P1
C52H32N4O17Zn4-3_11-MACE-OMat-D3,C52H32N4O17Zn4-3_11-MACE-OMat-D3,-0.250198,-731.052,MACE-OMat-D3,P1
C52H28N4O21Zn4-2_17-MACE-OMat-D3,C52H28N4O21Zn4-2_17-MACE-OMat-D3,-0.357949,-749.614,MACE-OMat-D3,P1
C52H28N12O17Zn4-3_15-MACE-OMat-D3,C52H28N12O17Zn4-3_15-MACE-OMat-D3,-0.242865,-785.006,MACE-OMat-D3,P1
C48H40N16O13Zn4-3_20-MACE-OMat-D3,C48H40N16O13Zn4-3_20-MACE-OMat-D3,-0.315826,-811.509,MACE-OMat-D3,P1
C48H40N12O17Zn4-2_10-MACE-OMat-D3,C48H40N12O17Zn4-2_10-MACE-OMat-D3,-0.297936,-795.759,MACE-OMat-D3,P1
C48H36N6O13Zn4-0_13-MACE-OMat-D3,C48H36N6O13Zn4-0_13-MACE-OMat-D3,-0.306583,-709.678,MACE-OMat-D3,P1
C48H28N4O13Zn4-1_16-MACE-OMat-D3,C48H28N4O13Zn4-1_16-MACE-OMat-D3,-0.251916,-658.67,MACE-OMat-D3,P1
C48H28N12O21Zn4-0_5-MACE-OMat-D3,C48H28N12O21Zn4-0_5-MACE-OMat-D3,-0.272982,-771.423,MACE-OMat-D3,P1
C48H28N12O21Zn4-0_16-MACE-OMat-D3,C48H28N12O21Zn4-0_16-MACE-OMat-D3,-0.345858,-779.658,MACE-OMat-D3,P1
C48H24N8O17S8Zn4-2_9-MACE-OMat-D3,C48H24N8O17S8Zn4-2_9-MACE-OMat-D3,-0.12564,-721.155,MACE-OMat-D3,P1
C48H24N6O19S6Zn4-0_1-MACE-OMat-D3,C48H24N6O19S6Zn4-0_1-MACE-OMat-D3,-0.26143,-720.383,MACE-OMat-D3,P1
C48H18N12O19Zn4-2_17-MACE-OMat-D3,C48H18N12O19Zn4-2_17-MACE-OMat-D3,-0.269473,-725.459,MACE-OMat-D3,P1
C48H16N16O17Zn4-0_9-MACE-OMat-D3,C48H16N16O17Zn4-0_9-MACE-OMat-D3,-0.161478,-731.546,MACE-OMat-D3,P1
C45H24N6O13Zn4-1_3-MACE-OMat-D3,C45H24N6O13Zn4-1_3-MACE-OMat-D3,-0.233299,-631.828,MACE-OMat-D3,P1
C44H32N32O13Zn4-1_7-MACE-OMat-D3,C44H32N32O13Zn4-1_7-MACE-OMat-D3,-0.188214,-867.606,MACE-OMat-D3,P1
C42H36N6O19Zn4-1_14-MACE-OMat-D3,C42H36N6O19Zn4-1_14-MACE-OMat-D3,-0.338582,-687.622,MACE-OMat-D3,P1
C42H24N6O13Zn4-0_20-MACE-OMat-D3,C42H24N6O13Zn4-0_20-MACE-OMat-D3,-0.257975,-605.74,MACE-OMat-D3,P1
C42H24N6O13S3Zn4-0_12-MACE-OMat-D3,C42H24N6O13S3Zn4-0_12-MACE-OMat-D3,-0.165678,-610.409,MACE-OMat-D3,P1
C40H36N8O15Zn4-1_16-MACE-OMat-D3,C40H36N8O15Zn4-1_16-MACE-OMat-D3,-0.339749,-664.896,MACE-OMat-D3,P1
C40H36N8O13Zn4-0_16-MACE-OMat-D3,C40H36N8O13Zn4-0_16-MACE-OMat-D3,-0.298236,-650.127,MACE-OMat-D3,P1
C40H32N8O13Zn4-2_3-MACE-OMat-D3,C40H32N8O13Zn4-2_3-MACE-OMat-D3,-0.284874,-634.663,MACE-OMat-D3,P1
C40H20N12O13Zn4-0_15-MACE-OMat-D3,C40H20N12O13Zn4-0_15-MACE-OMat-D3,-0.245781,-623.358,MACE-OMat-D3,P1
C40H16N24O25Zn4-1_13-MACE-OMat-D3,C40H16N24O25Zn4-1_13-MACE-OMat-D3,-0.221851,-772.203,MACE-OMat-D3,P1
C40H16N24O25Zn4-0_11-MACE-OMat-D3,C40H16N24O25Zn4-0_11-MACE-OMat-D3,-0.16965,-766.513,MACE-OMat-D3,P1
C33H30N6O13Zn4-1_10-MACE-OMat-D3,C33H30N6O13Zn4-1_10-MACE-OMat-D3,-0.333565,-548.178,MACE-OMat-D3,P1
C24H18O13S3Zn4-0_3-MACE-OMat-D3,C24H18O13S3Zn4-0_3-MACE-OMat-D3,-0.404734,-385.226,MACE-OMat-D3,P1
C24H18O13S3Zn4-0_1-MACE-OMat-D3,C24H18O13S3Zn4-0_1-MACE-OMat-D3,-0.37079,-383.122,MACE-OMat-D3,P1
C24H15O13Zn4-0_13-MACE-OMat-D3,C24H15O13Zn4-0_13-MACE-OMat-D3,-0.424836,-361.806,MACE-OMat-D3,P1
C24H12N18O13Zn4-2_14-MACE-OMat-D3,C24H12N18O13Zn4-2_14-MACE-OMat-D3,-0.0924536,-485.051,MACE-OMat-D3,P1
C22H10N6O5Zn4-3-MACE-OMat-D3,C22H10N6O5Zn4-3-MACE-OMat-D3,0.0640695,-310.879,MACE-OMat-D3,P1
C18H12O19Zn4-3_2-MACE-OMat-D3,C18H12O19Zn4-3_2-MACE-OMat-D3,-0.729584,-341.473,MACE-OMat-D3,P1
C20H12O15Zn4-0_11-r2SCAN-D4,C20H12O15Zn4-0_11-r2SCAN-D4,-0.546232,-393.059,r2SCAN-D4,P1
C18H15N3O13Zn4-1_5-r2SCAN-D4,C18H15N3O13Zn4-1_5-r2SCAN-D4,-0.578643,-402.018,r2SCAN-D4,P1
C24H15O13Zn4-1_1.0-r2SCAN-D4,C24H15O13Zn4-1_1.0-r2SCAN-D4,-0.508682,-432.485,r2SCAN-D4,P1
C56H24N16O13S8Zn4-0_14-MACE-OMat-D3,C56H24N16O13S8Zn4-0_14-MACE-OMat-D3,-0.09661,-839.671,MACE-OMat-D3,P1
C51H42N6O19Zn4-1_16-MACE-OMat-D3,C51H42N6O19Zn4-1_16-MACE-OMat-D3,-0.287418,-788.673,MACE-OMat-D3,P1
C51H42N6O19Zn4-0_1-MACE-OMat-D3,C51H42N6O19Zn4-0_1-MACE-OMat-D3,-0.301527,-790.395,MACE-OMat-D3,P1
C51H33N12O22Zn4-3_7-MACE-OMat-D3,C51H33N12O22Zn4-3_7-MACE-OMat-D3,-0.356629,-832.835,MACE-OMat-D3,P1
C51H33N12O22Zn4-0_3-MACE-OMat-D3,C51H33N12O22Zn4-0_3-MACE-OMat-D3,-0.330001,-829.587,MACE-OMat-D3,P1
C51H33N12O22Zn4-0_1-MACE-OMat-D3,C51H33N12O22Zn4-0_1-MACE-OMat-D3,-0.294516,-825.258,MACE-OMat-D3,P1
C48H42N12O13Zn4-2_5-MACE-OMat-D3,C48H42N12O13Zn4-2_5-MACE-OMat-D3,-0.259845,-777.325,MACE-OMat-D3,P1
C38H28N4O13Zn4-0_13-MACE-OMat-D3,C38H28N4O13Zn4-0_13-MACE-OMat-D3,-0.326015,-570.651,MACE-OMat-D3,P1
C36H30N9O13Zn4-1_11-MACE-OMat-D3,C36H30N9O13Zn4-1_11-MACE-OMat-D3,-0.324609,-601.973,MACE-OMat-D3,P1
C36H24N15O13Zn4-3_5-MACE-OMat-D3,C36H24N15O13Zn4-3_5-MACE-OMat-D3,-0.274912,-628.006,MACE-OMat-D3,P1
C36H18N6O13Zn4-3_7-MACE-OMat-D3,C36H18N6O13Zn4-3_7-MACE-OMat-D3,-0.280519,-529.75,MACE-OMat-D3,P1
C24H24O13Zn4-2_10-r2SCAN-D4,C24H24O13Zn4-2_10-r2SCAN-D4,-0.48966,-466.939,r2SCAN-D4,P1
C24H20N4O17Zn4-0_2-r2SCAN-D4,C24H20N4O17Zn4-0_2-r2SCAN-D4,-0.527912,-517.598,r2SCAN-D4,P1
C20H12N4O13Zn4-1_6-r2SCAN-D4,C20H12N4O13Zn4-1_6-r2SCAN-D4,-0.462796,-414.692,r2SCAN-D4,P1
C18H12O19Zn4-1_16-r2SCAN-D4,C18H12O19Zn4-1_16-r2SCAN-D4,-0.768693,-409.192,r2SCAN-D4,P1
C44H24N8O17Zn4-0_18-MACE-OMat-D3,C44H24N8O17Zn4-0_18-MACE-OMat-D3,-0.254634,-662.351,MACE-OMat-D3,P1
C34H22N4O11Zn4-3_13-r2SCAN-D4,C34H22N4O11Zn4-3_13-r2SCAN-D4,-0.206366,-568.807,r2SCAN-D4,P1
C11H8Mg2N2O2S1-3-r2SCAN-D4,C11H8Mg2N2O2S1-3-r2SCAN-D4,0.0288739,-183.562,r2SCAN-D4,P1
C44H24N8O17Zn4-1_11-r2SCAN-D4,Zn4H24C44N8O17,-0.234458,-754.687,r2SCAN-D4,P1
C44H20N8O13Zn4-0_8-r2SCAN-D4,Zn4H20C44N8O13,-0.162978,-709.338,r2SCAN-D4,P1
C42H24N6O13Zn4-2_17-r2SCAN-D4,Zn4H24C42N6O13,-0.261149,-693.567,r2SCAN-D4,P1
C42H27N6O10Zn4-3_2-r2SCAN-D4,Zn4H27C42(N3O5)2,-0.0811806,-670.457,r2SCAN-D4,P1
C40H24N8O17Zn4-2_4-r2SCAN-D4,Zn4H24C40N8O17,-0.297669,-719.56,r2SCAN-D4,P1
C40H20N8O17Zn4-3_6-r2SCAN-D4,Zn4H20C40N8O17,-0.241204,-699.516,r2SCAN-D4,P1
C40H24N16O13Zn4-1_15-r2SCAN-D4,Zn4H24C40N16O13,-0.181829,-759.439,r2SCAN-D4,P1
C36H30O19Zn4-2_4-r2SCAN-D4,Zn4H30C36O19,-0.428757,-649.142,r2SCAN-D4,P1
C36H30N9O13Zn4-0_6-r2SCAN-D4,Zn4H30C36N9O13,-0.302437,-686.241,r2SCAN-D4,P1
C44H24O13Zn4-0_13-r2SCAN-D4,Zn4H24C44O13,-0.313275,-662.08,r2SCAN-D4,P1
C36H18N6O10S6Zn4-2_2-r2SCAN-D4,Zn2H9C18S3N3O5,-0.0570707,-625.368,r2SCAN-D4,P1
C36H18N6O13Zn4-3_8-r2SCAN-D4,Zn4H18C36N6O13,-0.285618,-611.473,r2SCAN-D4,P1
C36H18N6O13Zn4-3_12-r2SCAN-D4,Zn4H18C36N6O13,-0.286107,-611.511,r2SCAN-D4,P1
C36H18N6O13Zn4-2_7-r2SCAN-D4,Zn4H18C36N6O13,-0.282985,-611.27,r2SCAN-D4,P1
C36H18N6O13S3Zn4-3_12-r2SCAN-D4,Zn4H18C36S3N6O13,-0.215829,-631.139,r2SCAN-D4,P1
C36H18N6O13S6Zn4-2_11-r2SCAN-D4,Zn4H18C36S6N6O13,-0.204544,-655.243,r2SCAN-D4,P1
C36H18N6O13S3Zn4-0_1-r2SCAN-D4,Zn4H18C36S3N6O13,-0.115368,-623.103,r2SCAN-D4,P1
C48H30N6O13Zn4-1_5-r2SCAN-D4,Zn4H30C48N6O13,-0.205468,-771.92,r2SCAN-D4,P1
C48H28N4O13Zn4-1_1-r2SCAN-D4,Zn4H28C48N4O13,-0.251227,-750.321,r2SCAN-D4,P1
C48H20N8O13Zn4-3_10-r2SCAN-D4,Zn4H20C48N8O13,-0.143585,-748.254,r2SCAN-D4,P1
C48H18N12O19Zn4-1_2-r2SCAN-D4,Zn4H18C48N12O19,-0.160133,-815.691,r2SCAN-D4,P1
C36H18N6O25Zn4-1_16-r2SCAN-D4,Zn4H18C36N6O25,-0.294948,-685.583,r2SCAN-D4,P1
C60H24N12O13S6Zn4-2_9-r2SCAN-D4,Zn4H24C60S6N12O13,-0.041417,-959.251,r2SCAN-D4,P1
C60H18N12O19Zn4-3_5-r2SCAN-D4,Zn4H18C60N12O19,-0.113798,-932.581,r2SCAN-D4,P1
C60H18N12O19Zn4-0_12-r2SCAN-D4,Zn4H18C60N12O19,-0.139137,-935.444,r2SCAN-D4,P1
C56H32N8O17S4Zn4-3_3-r2SCAN-D4,Zn4H32C56S4N8O17,-0.11811,-926.619,r2SCAN-D4,P1
C56H24N8O13S8Zn4-3_8-r2SCAN-D4,Zn4H24C56S8N8O13,0.0132788,-892.411,r2SCAN-D4,P1
C56H32N4O17Zn4-1_14-r2SCAN-D4,Zn4H32C56N4O17,-0.22923,-869.103,r2SCAN-D4,P1
C54H36N12O10S3Zn4-0_3-r2SCAN-D4,Zn4H36C54S3(N6O5)2,-0.0346195,-897.968,r2SCAN-D4,P1
C54H18N12O19Zn4-2_5-r2SCAN-D4,Zn4H18C54N12O19,-0.19383,-880.36,r2SCAN-D4,P1
C54H36N6O13S6Zn4-3_11-r2SCAN-D4,Zn4H36C54S6N6O13,-0.115724,-894.568,r2SCAN-D4,P1
C52H36N12O13Zn4-1_17-r2SCAN-D4,Zn4H36C52N12O13,-0.125793,-881.602,r2SCAN-D4,P1
C52H32N4O17Zn4-3_1-r2SCAN-D4,Zn4H32C52N4O17,-0.274978,-833.105,r2SCAN-D4,P1
C44H32N8O17Zn4-3_12-r2SCAN-D4,Zn4H32C44N8O17,-0.288126,-789.853,r2SCAN-D4,P1
C44H32N32O13Zn4-0-r2SCAN-D4,Zn4H32C44N32O13,-0.0589116,-963.307,r2SCAN-D4,P1
C44H40N20O17Zn4-2_11-r2SCAN-D4,Zn4H40C44N20O17,-0.271697,-931.031,r2SCAN-D4,P1
C44H28N16O21Zn4-1_10-r2SCAN-D4,Zn4H28C44N16O21,-0.255091,-871.09,r2SCAN-D4,P1
C42H30N12O16Zn4-2_1-r2SCAN-D4,Zn2H15C21(N3O4)2,-0.262964,-790.784,r2SCAN-D4,P1
C40H16N24O25Zn4-2-r2SCAN-D4,Zn4H16C40N24O25,-0.136325,-872.066,r2SCAN-D4,P1
C40H16N24O25Zn4-1_13-r2SCAN-D4,Zn4H16C40N24O25,-0.19668,-878.645,r2SCAN-D4,P1
C40H16N24O25Zn4-1_10-r2SCAN-D4,Zn4H16C40N24O25,-0.0575619,-863.481,r2SCAN-D4,P1
C52H24N8O17Zn4-0-r2SCAN-D4,Zn4H24C52N8O17,-0.186832,-831.698,r2SCAN-D4,P1
C51H42N6O19Zn4-0_6-r2SCAN-D4,Zn4H42C51N6O19,-0.324253,-897.187,r2SCAN-D4,P1
C51H42N6O19Zn4-2_7-r2SCAN-D4,Zn4H42C51N6O19,-0.264184,-889.859,r2SCAN-D4,P1
C50H34N6O13Zn4-0_3-r2SCAN-D4,Zn4H34C50N6O13,-0.229285,-809.564,r2SCAN-D4,P1
C48H42N12O13Zn4-0_6-r2SCAN-D4,Zn4H42C48N12O13,-0.228269,-874.722,r2SCAN-D4,P1
C48H36N6O13Zn4-0_14-r2SCAN-D4,Zn4H36C48N6O13,-0.225936,-796.085,r2SCAN-D4,P1
C48H36N12O13S4Zn4-2_8-r2SCAN-D4,Zn4H36C48S4N12O13,-0.208486,-883.733,r2SCAN-D4,P1
C56H24N16O13S8Zn4-2_3-r2SCAN-D4,Zn4H24C56S8N16O13,0.0584707,-960.046,r2SCAN-D4,P1
C48H28N12O17Zn4-2_1-r2SCAN-D4,Zn4H28C48N12O17,-0.19325,-843.509,r2SCAN-D4,P1
C48H24N8O33Zn4-1_6-r2SCAN-D4,Zn4H24C48N8O33,-0.40929,-913.036,r2SCAN-D4,P1
C48H24N8O17S4Zn4-2_10-r2SCAN-D4,Zn4H24C48S4N8O17,-0.13535,-818.748,r2SCAN-D4,P1
C48H24N8O17S8Zn4-2_14-r2SCAN-D4,Zn4H24C48S8N8O17,-0.125339,-850.721,r2SCAN-D4,P1
C48H24N8O13S8Zn4-1_1-r2SCAN-D4,Zn4H24C48S8N8O13,-0.0113879,-814.971,r2SCAN-D4,P1
C48H24N28O17Zn4-0-r2SCAN-D4,Zn4H24C48N28O17,-0.0878929,-965.67,r2SCAN-D4,P1
C48H24N12O19Zn4-1_18-r2SCAN-D4,Zn4H24C48N12O19,-0.22515,-844.35,r2SCAN-D4,P1
C45H27N9O19Zn4-2_1-r2SCAN-D4,Zn4H27C45N9O19,-0.262601,-800.436,r2SCAN-D4,P1
C45H42N6O13Zn4-0_10-r2SCAN-D4,Zn4H42C45N6O13,-0.247868,-789.866,r2SCAN-D4,P1
C48H18N12O19Zn4-2-r2SCAN-D4,Zn4H18C48N12O19,-0.213637,-821.095,r2SCAN-D4,P1
C80H32O9Zn4-1_1-MACE-OMat-D3,C80H32O9Zn4-1_1-MACE-OMat-D3,0.14719,-869.868,MACE-OMat-D3,P1
C60H30N12O19Zn4-0_4-MACE-OMat-D3,C60H30N12O19Zn4-0_4-MACE-OMat-D3,-0.171843,-868.983,MACE-OMat-D3,P1
C60H24N12O17Zn4-3_2-MACE-OMat-D3,C60H24N12O17Zn4-3_2-MACE-OMat-D3,-0.130804,-833.448,MACE-OMat-D3,P1
C60H18N12O19Zn4-0_10-MACE-OMat-D3,C60H18N12O19Zn4-0_10-MACE-OMat-D3,-0.203641,-831.589,MACE-OMat-D3,P1
C60H18N12O19Zn4-0_12-MACE-OMat-D3,C60H18N12O19Zn4-0_12-MACE-OMat-D3,-0.194185,-830.521,MACE-OMat-D3,P1
C60H18N12O13S6Zn4-0_7-MACE-OMat-D3,C60H18N12O13S6Zn4-0_7-MACE-OMat-D3,-0.0435398,-808.582,MACE-OMat-D3,P1
C60H18N12O13S6Zn4-0_17-MACE-OMat-D3,C60H18N12O13S6Zn4-0_17-MACE-OMat-D3,-0.0507112,-809.392,MACE-OMat-D3,P1
C56H8N40O13Zn4-0_6-MACE-OMat-D3,C56H8N40O13Zn4-0_6-MACE-OMat-D3,0.0640089,-935.577,MACE-OMat-D3,P1
C56H40N4O13Zn4-0_13-MACE-OMat-D3,C56H40N4O13Zn4-0_13-MACE-OMat-D3,-0.257405,-776.833,MACE-OMat-D3,P1
C56H36N12O5Zn4-2-MACE-OMat-D3,C56H36N12O5Zn4-2-MACE-OMat-D3,0.0626446,-753.834,MACE-OMat-D3,P1
C56H32N8O9S8Zn4-0-MACE-OMat-D3,C56H32N8O9S8Zn4-0-MACE-OMat-D3,-0.0117624,-768.758,MACE-OMat-D3,P1
C56H32N8O13S8Zn4-3_10-MACE-OMat-D3,C56H32N8O13S8Zn4-3_10-MACE-OMat-D3,-0.184818,-809.538,MACE-OMat-D3,P1
C56H32N4O17Zn4-3_8-MACE-OMat-D3,C56H32N4O17Zn4-3_8-MACE-OMat-D3,-0.266478,-770.671,MACE-OMat-D3,P1
C56H16N12O13Zn4-0_7-MACE-OMat-D3,C56H16N12O13Zn4-0_7-MACE-OMat-D3,-0.0976612,-745.487,MACE-OMat-D3,P1
C54H30N6O13Zn4-2_2-MACE-OMat-D3,C54H30N6O13Zn4-2_2-MACE-OMat-D3,-0.21136,-735.194,MACE-OMat-D3,P1
C54H30N6O13Zn4-1_7-MACE-OMat-D3,C54H30N6O13Zn4-1_7-MACE-OMat-D3,-0.217608,-735.863,MACE-OMat-D3,P1
C54H18N12O19Zn4-2_4-MACE-OMat-D3,C54H18N12O19Zn4-2_4-MACE-OMat-D3,-0.160435,-770.577,MACE-OMat-D3,P1
C54H18N12O19Zn4-0_15-MACE-OMat-D3,C54H18N12O19Zn4-0_15-MACE-OMat-D3,-0.200282,-774.84,MACE-OMat-D3,P1
C52H32N8O13Zn4-2_3-MACE-OMat-D3,C52H32N8O13Zn4-2_3-MACE-OMat-D3,-0.201066,-739.282,MACE-OMat-D3,P1
C52H28N8O13Zn4-1_14-MACE-OMat-D3,C52H28N8O13Zn4-1_14-MACE-OMat-D3,-0.216925,-727.168,MACE-OMat-D3,P1
C52H28N8O13Zn4-2_2-MACE-OMat-D3,C52H28N8O13Zn4-2_2-MACE-OMat-D3,-0.221952,-727.696,MACE-OMat-D3,P1
C48H40N16O13Zn4-1_4-MACE-OMat-D3,C48H40N16O13Zn4-1_4-MACE-OMat-D3,-0.301827,-809.815,MACE-OMat-D3,P1
C48H32N8O13Zn4-0_16-MACE-OMat-D3,C48H32N8O13Zn4-0_16-MACE-OMat-D3,-0.271414,-709.086,MACE-OMat-D3,P1
C48H32N20O17Zn4-3_3-MACE-OMat-D3,C48H32N20O17Zn4-3_3-MACE-OMat-D3,-0.263366,-832.383,MACE-OMat-D3,P1
C48H28N12O17Zn4-2-MACE-OMat-D3,C48H28N12O17Zn4-2-MACE-OMat-D3,-0.254174,-748.488,MACE-OMat-D3,P1
C48H24N8O17Zn4-2_9-MACE-OMat-D3,C48H24N8O17Zn4-2_9-MACE-OMat-D3,-0.250124,-699.692,MACE-OMat-D3,P1
C48H24N8O13S8Zn4-2_15-MACE-OMat-D3,C48H24N8O13S8Zn4-2_15-MACE-OMat-D3,-0.129144,-701.228,MACE-OMat-D3,P1
C48H24N12O13Zn4-2_4-MACE-OMat-D3,C48H24N12O13Zn4-2_4-MACE-OMat-D3,-0.167541,-704.938,MACE-OMat-D3,P1
C48H24N12O13Zn4-0_17-MACE-OMat-D3,C48H24N12O13Zn4-0_17-MACE-OMat-D3,-0.143337,-702.493,MACE-OMat-D3,P1
C48H18N12O19Zn4-3_14-MACE-OMat-D3,C48H18N12O19Zn4-3_14-MACE-OMat-D3,-0.14339,-712.725,MACE-OMat-D3,P1
C44H28N16O21Zn4-2_7-MACE-OMat-D3,C44H28N16O21Zn4-2_7-MACE-OMat-D3,-0.236185,-763.865,MACE-OMat-D3,P1
C42H24N6O13Zn4-2-MACE-OMat-D3,C42H24N6O13Zn4-2-MACE-OMat-D3,-0.258334,-605.772,MACE-OMat-D3,P1
C42H24N6O13Zn4-1_12-MACE-OMat-D3,C42H24N6O13Zn4-1_12-MACE-OMat-D3,-0.2582,-605.76,MACE-OMat-D3,P1
C40H40N16O25Zn4-1_11-MACE-OMat-D3,C40H40N16O25Zn4-1_11-MACE-OMat-D3,-0.458127,-816.38,MACE-OMat-D3,P1
C40H32O17Zn4-3_13-MACE-OMat-D3,C40H32O17Zn4-3_13-MACE-OMat-D3,-0.43279,-600.315,MACE-OMat-D3,P1
C40H24N16O21Zn4-0_8-MACE-OMat-D3,C40H24N16O21Zn4-0_8-MACE-OMat-D3,-0.251406,-713.82,MACE-OMat-D3,P1
C40H20N4O17Zn4-2_2-MACE-OMat-D3,C40H20N4O17Zn4-2_2-MACE-OMat-D3,-0.295641,-579.649,MACE-OMat-D3,P1
C32H24N16O13Zn4-0_9-MACE-OMat-D3,C32H24N16O13Zn4-0_9-MACE-OMat-D3,-0.318391,-602.617,MACE-OMat-D3,P1
C30H12N2O11Zn4-3_8-MACE-OMat-D3,C30H12N2O11Zn4-3_8-MACE-OMat-D3,-0.303636,-408.159,MACE-OMat-D3,P1
C28H16N8O17Zn4-1_2-MACE-OMat-D3,C28H16N8O17Zn4-1_2-MACE-OMat-D3,-0.325549,-488.352,MACE-OMat-D3,P1
C27H24N9O13Zn4-1_10-MACE-OMat-D3,C27H24N9O13Zn4-1_10-MACE-OMat-D3,-0.433577,-503.28,MACE-OMat-D3,P1
C27H15N3O13S6Zn4-2-MACE-OMat-D3,C27H15N3O13S6Zn4-2-MACE-OMat-D3,-0.299959,-435.803,MACE-OMat-D3,P1
C24H24O17Zn4-1_7-MACE-OMat-D3,C24H24O17Zn4-1_7-MACE-OMat-D3,-0.496119,-421.234,MACE-OMat-D3,P1
C24H20N8O17Zn4-0-MACE-OMat-D3,C24H20N8O17Zn4-0-MACE-OMat-D3,-0.536208,-479.926,MACE-OMat-D3,P1
C18H12O19Zn4-1_10-MACE-OMat-D3,C18H12O19Zn4-1_10-MACE-OMat-D3,-0.730692,-341.531,MACE-OMat-D3,P1
C20H16O11Zn4-2_3-r2SCAN-D4,C20H16O11Zn4-2_3-r2SCAN-D4,-0.436056,-377.984,r2SCAN-D4,P1
C20H12O13Zn4-0_15-r2SCAN-D4,C20H12O13Zn4-0_15-r2SCAN-D4,-0.494055,-377.768,r2SCAN-D4,P1
C21H18O13Zn4-1_3.0-r2SCAN-D4,C21H18O13Zn4-1_3.0-r2SCAN-D4,-0.544465,-414.808,r2SCAN-D4,P1
C56H20N12O13Zn4-0_7-MACE-OMat-D3,C56H20N12O13Zn4-0_7-MACE-OMat-D3,-0.1436,-763.676,MACE-OMat-D3,P1
C56H20N12O13Zn4-0-MACE-OMat-D3,C56H20N12O13Zn4-0-MACE-OMat-D3,-0.126567,-761.888,MACE-OMat-D3,P1
C48H24N20O5Zn4-2_1-MACE-OMat-D3,C48H24N20O5Zn4-2_1-MACE-OMat-D3,0.116317,-703.44,MACE-OMat-D3,P1
C48H24N12O21Zn4-3_3-MACE-OMat-D3,C48H24N12O21Zn4-3_3-MACE-OMat-D3,-0.231549,-752.84,MACE-OMat-D3,P1
C44H20N8O13S4Zn4-2_1-MACE-OMat-D3,C44H20N8O13S4Zn4-2_1-MACE-OMat-D3,-0.147993,-635.162,MACE-OMat-D3,P1
C44H20N8O13S4Zn4-1_17-MACE-OMat-D3,C44H20N8O13S4Zn4-1_17-MACE-OMat-D3,-0.196447,-639.668,MACE-OMat-D3,P1
C38H28N4O13Zn4-0_10-MACE-OMat-D3,C38H28N4O13Zn4-0_10-MACE-OMat-D3,-0.329662,-570.968,MACE-OMat-D3,P1
C36H20N8O21Zn4-0_5-MACE-OMat-D3,C36H20N8O21Zn4-0_5-MACE-OMat-D3,-0.291882,-596.889,MACE-OMat-D3,P1
C36H18N6O13S6Zn4-2_10-MACE-OMat-D3,C36H18N6O13S6Zn4-2_10-MACE-OMat-D3,-0.288777,-556.891,MACE-OMat-D3,P1
C36H18N12O10S6Zn4-0_6-MACE-OMat-D3,C36H18N12O10S6Zn4-0_6-MACE-OMat-D3,-0.121551,-578.599,MACE-OMat-D3,P1
C21H18N6O13Zn4-0_4-r2SCAN-D4,C21H18N6O13Zn4-0_4-r2SCAN-D4,-0.437815,-466.37,r2SCAN-D4,P1
C20H20N4O15Zn4-2_5-r2SCAN-D4,C20H20N4O15Zn4-2_5-r2SCAN-D4,-0.512905,-461.775,r2SCAN-D4,P1
C34H20N4O9Zn4-2_4-r2SCAN-D4,C34H20N4O9Zn4-2_4-r2SCAN-D4,-0.128609,-543.905,r2SCAN-D4,P1
C24H24O17Zn4-1_17-r2SCAN-D4,C24H24O17Zn4-1_17-r2SCAN-D4,-0.531785,-495.088,r2SCAN-D4,P1
C18H15N3O13Zn4-2_5-r2SCAN-D4,C18H15N3O13Zn4-2_5-r2SCAN-D4,-0.588364,-402.533,r2SCAN-D4,P1
C44H24N8O17Zn4-3_10-MACE-OMat-D3,C44H24N8O17Zn4-3_10-MACE-OMat-D3,-0.268523,-663.698,MACE-OMat-D3,P1
C44H24N8O13S4Zn4-3_12-MACE-OMat-D3,C44H24N8O13S4Zn4-3_12-MACE-OMat-D3,-0.212458,-654.982,MACE-OMat-D3,P1
C44H24N8O13S4Zn4-0_7-MACE-OMat-D3,C44H24N8O13S4Zn4-0_7-MACE-OMat-D3,-0.197848,-653.565,MACE-OMat-D3,P1
C36H24N6O13Zn4-1_11-r2SCAN-D4,C36H24N6O13Zn4-1_11-r2SCAN-D4,-0.297672,-634.929,r2SCAN-D4,P1
C36H24N6O10Zn4-3_4-r2SCAN-D4,C36H24N6O10Zn4-3_4-r2SCAN-D4,-0.0865015,-599.679,r2SCAN-D4,P1
C36H24N6O10Zn4-3_1-r2SCAN-D4,C36H24N6O10Zn4-3_1-r2SCAN-D4,-0.140359,-603.988,r2SCAN-D4,P1
C33H24N6O13Zn4-0_1-r2SCAN-D4,C33H24N6O13Zn4-0_1-r2SCAN-D4,-0.373882,-610.082,r2SCAN-D4,P1
C48H27N9O13Zn4-2_2-r2SCAN-D4,C48H27N9O13Zn4-2_2-r2SCAN-D4,-0.143444,-782.739,r2SCAN-D4,P1
C44H24N8O17Zn4-3_2-r2SCAN-D4,Zn4H24C44N8O17,-0.270648,-758.197,r2SCAN-D4,P1
C42H24O13S3Zn4-2_11-r2SCAN-D4,Zn4H24C42S3O13,-0.2679,-662.85,r2SCAN-D4,P1
C44H20N12O9Zn4-1_5-r2SCAN-D4,Zn4H20C44(N4O3)3,0.0208592,-706.297,r2SCAN-D4,P1
C42H24N6O25Zn4-2_3-r2SCAN-D4,Zn4H24C42N6O25,-0.44397,-785.017,r2SCAN-D4,P1
C40H20N8O17Zn4-3_8-r2SCAN-D4,Zn4H20C40N8O17,-0.200601,-695.902,r2SCAN-D4,P1
C38H28N4O13Zn4-0_8-r2SCAN-D4,Zn4H28C38N4O13,-0.306865,-652.479,r2SCAN-D4,P1
C36H32N12O17Zn4-1_14-r2SCAN-D4,Zn4H32C36N12O17,-0.371585,-753.598,r2SCAN-D4,P1
C28H16N4O17Zn4-0_13-r2SCAN-D4,Zn4H16C28N4O17,-0.444794,-538.103,r2SCAN-D4,P1
C27H15N3O13S6Zn4-2_11-r2SCAN-D4,Zn4H15C27S6N3O13,-0.203101,-524.099,r2SCAN-D4,P1
C40H20N4O17Zn4-2_2-r2SCAN-D4,Zn4H20C40N4O17,-0.27447,-664.774,r2SCAN-D4,P1
C56H16N12O13Zn4-3_9-r2SCAN-D4,Zn4H16C56N12O13,-0.0529051,-843.157,r2SCAN-D4,P1
C52H20N8O13Zn4-2_5-r2SCAN-D4,Zn4H20C52N8O13,-0.128114,-787.396,r2SCAN-D4,P1
C48H18N12O19Zn4-3_5-r2SCAN-D4,Zn4H18C48N12O19,-0.245688,-824.332,r2SCAN-D4,P1
C48H24N12O13Zn4-1_6-r2SCAN-D4,Zn4H24C48N12O13,-0.162226,-801.718,r2SCAN-D4,P1
C48H24N8O17Zn4-0_10-r2SCAN-D4,Zn4H24C48N8O17,-0.220409,-794.274,r2SCAN-D4,P1
C48H18N12O19Zn4-2_1-r2SCAN-D4,Zn4H18C48N12O19,-0.250827,-824.851,r2SCAN-D4,P1
C48H18N12O19Zn4-0_14-r2SCAN-D4,Zn4H18C48N12O19,-0.245017,-824.264,r2SCAN-D4,P1
C36H18N6O25Zn4-0_3-r2SCAN-D4,Zn4H18C36N6O25,-0.429497,-697.558,r2SCAN-D4,P1
C24H24N24O13Zn4-1-r2SCAN-D4,Zn4H24C24N24O13,-0.11438,-664.918,r2SCAN-D4,P1
C64H20N16O13Zn4-2_14-r2SCAN-D4,Zn4H20C64N16O13,-0.0166862,-970.335,r2SCAN-D4,P1
C60H42N6O13Zn4-0_5-r2SCAN-D4,Zn4H42C60N6O13,-0.190778,-936.703,r2SCAN-D4,P1
C60H16N16O13Zn4-1_11-r2SCAN-D4,Zn4H16C60N16O13,-0.0149577,-916.117,r2SCAN-D4,P1
C60H16N16O13Zn4-3_9-r2SCAN-D4,Zn4H16C60N16O13,-0.0242695,-917.132,r2SCAN-D4,P1
C56H36N8O13Zn4-3-r2SCAN-D4,Zn4H36C56N8O13,-0.140589,-886.797,r2SCAN-D4,P1
C56H32N8O17Zn4-2_1-r2SCAN-D4,Zn4H32C56N8O17,-0.215645,-905.035,r2SCAN-D4,P1
C56H32N8O13S8Zn4-3_12-r2SCAN-D4,Zn4H32C56S8N8O13,-0.079796,-931.223,r2SCAN-D4,P1
C56H32N8O13S8Zn4-0_8-r2SCAN-D4,Zn4H32C56S8N8O13,-0.108555,-934.702,r2SCAN-D4,P1
C56H24N16O17Zn4-3_4-r2SCAN-D4,Zn4H24C56N16O17,-0.102769,-937.382,r2SCAN-D4,P1
C56H24N16O13S8Zn4-2_1-r2SCAN-D4,Zn4H24C56S8N16O13,-0.0168073,-969.154,r2SCAN-D4,P1
C56H20N12O13Zn4-0_2-r2SCAN-D4,Zn4H20C56N12O13,-0.0472503,-856.603,r2SCAN-D4,P1
C54H42N12O13Zn4-0_5-r2SCAN-D4,Zn4H42C54N12O13,-0.169309,-928.824,r2SCAN-D4,P1
C54H18N12O13S6Zn4-2-r2SCAN-D4,Zn4H18C54S6N12O13,-0.0417998,-877.951,r2SCAN-D4,P1
C54H18N12O13S6Zn4-0_8-r2SCAN-D4,Zn4H18C54S6N12O13,-0.0326694,-876.974,r2SCAN-D4,P1
C52H32N4O17Zn4-0_14-r2SCAN-D4,Zn4H32C52N4O17,-0.278679,-833.508,r2SCAN-D4,P1
C52H32N12O17Zn4-2_8-r2SCAN-D4,Zn4H32C52N12O17,-0.240161,-904.44,r2SCAN-D4,P1
C60H40N4O17Zn4-0_3-r2SCAN-D4,Zn4H40C60N4O17,-0.174102,-932.686,r2SCAN-D4,P1
C44H32N8O17Zn4-0_1-r2SCAN-D4,Zn4H32C44N8O17,-0.274589,-788.432,r2SCAN-D4,P1
C44H32N32O13Zn4-0_2-r2SCAN-D4,Zn4H32C44N32O13,-0.0384828,-960.753,r2SCAN-D4,P1
C52H24N16O13Zn4-1_6-r2SCAN-D4,Zn4H24C52N16O13,-0.0661424,-869.215,r2SCAN-D4,P1
C52H24N16O13Zn4-3_13-r2SCAN-D4,Zn4H24C52N16O13,-0.0594464,-868.485,r2SCAN-D4,P1
C48H40N12O17Zn4-3_14-r2SCAN-D4,Zn4H40C48N12O17,-0.254656,-894.742,r2SCAN-D4,P1
C48H32N8O17Zn4-3_3-r2SCAN-D4,Zn4H32C48N8O17,-0.286787,-830.928,r2SCAN-D4,P1
C48H36N12O10Zn4-2-r2SCAN-D4,Zn2H18C24N6O5,-0.0969837,-820.022,r2SCAN-D4,P1
C48H32N8O17S4Zn4-0_13-r2SCAN-D4,Zn4H32C48S4N8O17,-0.211114,-856.047,r2SCAN-D4,P1
C44H40N20O17Zn4-2_7-r2SCAN-D4,Zn4H40C44N20O17,-0.266137,-930.336,r2SCAN-D4,P1
C48H28N12O21Zn4-0_8-r2SCAN-D4,Zn4H28C48(N4O7)3,-0.289649,-878.459,r2SCAN-D4,P1
C48H24N6O19S6Zn4-2_5-r2SCAN-D4,Zn4H24C48S6N6O19,-0.237173,-839.515,r2SCAN-D4,P1
C48H24N20O13Zn4-1_16-r2SCAN-D4,Zn4H24C48N20O13,-0.12717,-872.404,r2SCAN-D4,P1
C48H24N20O13Zn4-0_8-r2SCAN-D4,Zn4H24C48N20O13,-0.0725608,-866.451,r2SCAN-D4,P1
C48H24N12O19Zn4-3_17-r2SCAN-D4,Zn4H24C48N12O19,-0.146153,-835.898,r2SCAN-D4,P1
C46H30N8O15Zn4-0_3-r2SCAN-D4,Zn4H30C46N8O15,-0.237182,-785.508,r2SCAN-D4,P1
C46H30N8O15Zn4-0_1-r2SCAN-D4,Zn4H30C46N8O15,-0.230788,-784.85,r2SCAN-D4,P1
C45H27N9O19Zn4-3_12-r2SCAN-D4,Zn4H27C45N9O19,-0.212906,-795.268,r2SCAN-D4,P1
C48H24N12O13Zn4-1-r2SCAN-D4,Zn4H24C48N12O13,-0.101952,-795.63,r2SCAN-D4,P1
C28H12N16O7Zn4-2-r2SCAN-D4,Zn4H12C28N16O7,0.159503,-534.501,r2SCAN-D4,P1
C44H36N12O5Zn4-3-r2SCAN-D4,Zn4H36C44N12O5,0.0798896,-732.112,r2SCAN-D4,P1
C60H40N4O17Zn4-1-r2SCAN-D4,Zn4H40C60N4O17,-0.170782,-932.271,r2SCAN-D4,P1
C64H20N16O13Zn4-3_12-MACE-OMat-D3,C64H20N16O13Zn4-3_12-MACE-OMat-D3,-0.0883282,-865.868,MACE-OMat-D3,P1
C60H24N4O13Zn4-3_12-MACE-OMat-D3,C60H24N4O13Zn4-3_12-MACE-OMat-D3,-0.165563,-748.979,MACE-OMat-D3,P1
C60H18N12O19Zn4-3_14-MACE-OMat-D3,C60H18N12O19Zn4-3_14-MACE-OMat-D3,-0.183195,-829.279,MACE-OMat-D3,P1
C60H18N12O13S6Zn4-2_5-MACE-OMat-D3,C60H18N12O13S6Zn4-2_5-MACE-OMat-D3,-0.0513769,-809.467,MACE-OMat-D3,P1
C60H16N16O13Zn4-0_12-MACE-OMat-D3,C60H16N16O13Zn4-0_12-MACE-OMat-D3,-0.0919039,-815.798,MACE-OMat-D3,P1
C60H16N16O13Zn4-1_2-MACE-OMat-D3,C60H16N16O13Zn4-1_2-MACE-OMat-D3,-0.0750591,-813.962,MACE-OMat-D3,P1
C56H8N40O13Zn4-3_8-MACE-OMat-D3,C56H8N40O13Zn4-3_8-MACE-OMat-D3,0.107698,-930.291,MACE-OMat-D3,P1
C56H8N40O13Zn4-1_1-MACE-OMat-D3,C56H8N40O13Zn4-1_1-MACE-OMat-D3,0.123992,-928.319,MACE-OMat-D3,P1
C54H39N9O16Zn4-0_13-MACE-OMat-D3,C54H39N9O16Zn4-0_13-MACE-OMat-D3,-0.238423,-810.738,MACE-OMat-D3,P1
C54H24N12O13S3Zn4-0_5-MACE-OMat-D3,C54H24N12O13S3Zn4-0_5-MACE-OMat-D3,-0.144919,-771.511,MACE-OMat-D3,P1
C52H32N4O13Zn4-2_1-MACE-OMat-D3,C52H32N4O13Zn4-2_1-MACE-OMat-D3,-0.225437,-707.658,MACE-OMat-D3,P1
C52H28N8O13Zn4-3_19-MACE-OMat-D3,C52H28N8O13Zn4-3_19-MACE-OMat-D3,-0.137608,-718.84,MACE-OMat-D3,P1
C48H40N16O13Zn4-0_11-MACE-OMat-D3,C48H40N16O13Zn4-0_11-MACE-OMat-D3,-0.288333,-808.183,MACE-OMat-D3,P1
C48H36N12O13S4Zn4-3_7-MACE-OMat-D3,C48H36N12O13S4Zn4-3_7-MACE-OMat-D3,-0.273989,-775.513,MACE-OMat-D3,P1
C48H36N6O13S3Zn4-3_2-MACE-OMat-D3,C48H36N6O13S3Zn4-3_2-MACE-OMat-D3,-0.212112,-712.592,MACE-OMat-D3,P1
C48H36N12O13S4Zn4-1_12-MACE-OMat-D3,C48H36N12O13S4Zn4-1_12-MACE-OMat-D3,-0.261778,-774.084,MACE-OMat-D3,P1
C48H28N20O5Zn4-0_1-MACE-OMat-D3,C48H28N20O5Zn4-0_1-MACE-OMat-D3,0.0648549,-721.353,MACE-OMat-D3,P1
C48H28N12O21Zn4-0_7-MACE-OMat-D3,C48H28N12O21Zn4-0_7-MACE-OMat-D3,-0.294692,-773.876,MACE-OMat-D3,P1
C48H27N9O13Zn4-3_7-MACE-OMat-D3,C48H27N9O13Zn4-3_7-MACE-OMat-D3,-0.219375,-694.87,MACE-OMat-D3,P1
C48H24N8O33Zn4-3_2-MACE-OMat-D3,C48H24N8O33Zn4-3_2-MACE-OMat-D3,-0.463936,-807.88,MACE-OMat-D3,P1
C48H24N8O17Zn4-0_12-MACE-OMat-D3,C48H24N8O17Zn4-0_12-MACE-OMat-D3,-0.248097,-699.488,MACE-OMat-D3,P1
C48H24N8O17S4Zn4-2_13-MACE-OMat-D3,C48H24N8O17S4Zn4-2_13-MACE-OMat-D3,-0.231015,-715.202,MACE-OMat-D3,P1
C48H24N6O19S6Zn4-2_10-MACE-OMat-D3,C48H24N6O19S6Zn4-2_10-MACE-OMat-D3,-0.20719,-714.579,MACE-OMat-D3,P1
C48H18N12O19Zn4-3_8-MACE-OMat-D3,C48H18N12O19Zn4-3_8-MACE-OMat-D3,-0.231627,-721.636,MACE-OMat-D3,P1
C48H16N16O17Zn4-3_7-MACE-OMat-D3,C48H16N16O17Zn4-3_7-MACE-OMat-D3,-0.0865213,-723.976,MACE-OMat-D3,P1
C48H12N30O10Zn4-2_2-MACE-OMat-D3,C48H12N30O10Zn4-2_2-MACE-OMat-D3,0.0430089,-779.977,MACE-OMat-D3,P1
C45H27N9O19Zn4-3_12-MACE-OMat-D3,C45H27N9O19Zn4-3_12-MACE-OMat-D3,-0.233631,-699.116,MACE-OMat-D3,P1
C44H40N24O13Zn4-2_8-MACE-OMat-D3,C44H40N24O13Zn4-2_8-MACE-OMat-D3,-0.257847,-835.503,MACE-OMat-D3,P1
C44H40N20O17Zn4-3_5-MACE-OMat-D3,C44H40N20O17Zn4-3_5-MACE-OMat-D3,-0.338109,-831.95,MACE-OMat-D3,P1
C44H16N40O13Zn4-3_1-MACE-OMat-D3,C44H16N40O13Zn4-3_1-MACE-OMat-D3,0.00569967,-858.269,MACE-OMat-D3,P1
C42H24N6O25Zn4-1_11-MACE-OMat-D3,C42H24N6O25Zn4-1_11-MACE-OMat-D3,-0.480253,-690.663,MACE-OMat-D3,P1
C42H24N6O13Zn4-1_14-MACE-OMat-D3,C42H24N6O13Zn4-1_14-MACE-OMat-D3,-0.25816,-605.757,MACE-OMat-D3,P1
C40H36N8O13Zn4-5_1-MACE-OMat-D3,C40H36N8O13Zn4-5_1-MACE-OMat-D3,-0.319362,-652.261,MACE-OMat-D3,P1
C40H36N8O13Zn4-0_17-MACE-OMat-D3,C40H36N8O13Zn4-0_17-MACE-OMat-D3,-0.297979,-650.101,MACE-OMat-D3,P1
C40H24N16O21Zn4-1_9-MACE-OMat-D3,C40H24N16O21Zn4-1_9-MACE-OMat-D3,-0.224726,-711.018,MACE-OMat-D3,P1
C40H20N8O17Zn4-1_3-MACE-OMat-D3,C40H20N8O17Zn4-1_3-MACE-OMat-D3,-0.233497,-608.679,MACE-OMat-D3,P1
C40H20N4O17Zn4-2_7-MACE-OMat-D3,C40H20N4O17Zn4-2_7-MACE-OMat-D3,-0.327119,-582.324,MACE-OMat-D3,P1
C38H28N4O13Zn4-1_12-MACE-OMat-D3,C38H28N4O13Zn4-1_12-MACE-OMat-D3,-0.320775,-570.195,MACE-OMat-D3,P1
C30H18N6O13Zn4-5_15-MACE-OMat-D3,C30H18N6O13Zn4-5_15-MACE-OMat-D3,-0.350028,-477.834,MACE-OMat-D3,P1
C30H16N2O11Zn4-1_10-MACE-OMat-D3,C30H16N2O11Zn4-1_10-MACE-OMat-D3,-0.265285,-419.933,MACE-OMat-D3,P1
C27H15N6O16Zn4-3_5-MACE-OMat-D3,C27H15N6O16Zn4-3_5-MACE-OMat-D3,-0.384735,-456.673,MACE-OMat-D3,P1
C21H18O13Zn4-0_10-MACE-OMat-D3,C21H18O13Zn4-0_10-MACE-OMat-D3,-0.524997,-349.562,MACE-OMat-D3,P1
C20H20N4O17Zn4-1_4-MACE-OMat-D3,C20H20N4O17Zn4-1_4-MACE-OMat-D3,-0.597364,-409.455,MACE-OMat-D3,P1
C20H16O11Zn4-1_10-MACE-OMat-D3,C20H16O11Zn4-1_10-MACE-OMat-D3,-0.423429,-316.179,MACE-OMat-D3,P1
C20H12O13Zn4-1_2-MACE-OMat-D3,C20H12O13Zn4-1_2-MACE-OMat-D3,-0.529748,-317.463,MACE-OMat-D3,P1
C18H14O11S4Zn4-2_6-MACE-OMat-D3,C18H14O11S4Zn4-2_6-MACE-OMat-D3,-0.374588,-305.326,MACE-OMat-D3,P1
C18H12O19Zn4-2_4-MACE-OMat-D3,C18H12O19Zn4-2_4-MACE-OMat-D3,-0.74873,-342.488,MACE-OMat-D3,P1
C56H24N16O13Zn4-2_18-MACE-OMat-D3,C56H24N16O13Zn4-2_18-MACE-OMat-D3,-0.119239,-808.426,MACE-OMat-D3,P1
C56H20N12O13Zn4-2_17-MACE-OMat-D3,C56H20N12O13Zn4-2_17-MACE-OMat-D3,-0.13927,-763.221,MACE-OMat-D3,P1
C52H20N8O13Zn4-2_4-MACE-OMat-D3,C52H20N8O13Zn4-2_4-MACE-OMat-D3,-0.151472,-693.134,MACE-OMat-D3,P1
C48H24N20O13Zn4-3_3-MACE-OMat-D3,C48H24N20O13Zn4-3_3-MACE-OMat-D3,-0.192147,-775.717,MACE-OMat-D3,P1
C48H24N20O13Zn4-3_11-MACE-OMat-D3,C48H24N20O13Zn4-3_11-MACE-OMat-D3,-0.190579,-775.546,MACE-OMat-D3,P1
C44H20N8O13Zn4-0_9-MACE-OMat-D3,C44H20N8O13Zn4-0_9-MACE-OMat-D3,-0.176106,-620.557,MACE-OMat-D3,P1
C44H20N8O13S4Zn4-0_11-MACE-OMat-D3,C44H20N8O13S4Zn4-0_11-MACE-OMat-D3,-0.189854,-639.055,MACE-OMat-D3,P1
C36H32N12O17Zn4-0_7-MACE-OMat-D3,C36H32N12O17Zn4-0_7-MACE-OMat-D3,-0.412922,-665.128,MACE-OMat-D3,P1
C36H24N6O13Zn4-3_9-MACE-OMat-D3,C36H24N6O13Zn4-3_9-MACE-OMat-D3,-0.289431,-551.635,MACE-OMat-D3,P1
C36H24N6O13Zn4-1_3-MACE-OMat-D3,C36H24N6O13Zn4-1_3-MACE-OMat-D3,-0.307484,-553.134,MACE-OMat-D3,P1
C36H24N6O10Zn4-1_4-MACE-OMat-D3,C36H24N6O10Zn4-1_4-MACE-OMat-D3,-0.185151,-527.58,MACE-OMat-D3,P1
C36H18N6O25Zn4-0_10-MACE-OMat-D3,C36H18N6O25Zn4-0_10-MACE-OMat-D3,-0.447315,-607.338,MACE-OMat-D3,P1
C36H18N6O13Zn4-1_11-MACE-OMat-D3,C36H18N6O13Zn4-1_11-MACE-OMat-D3,-0.274733,-529.304,MACE-OMat-D3,P1
C36H18N6O13Zn4-0_9-MACE-OMat-D3,C36H18N6O13Zn4-0_9-MACE-OMat-D3,-0.282648,-529.914,MACE-OMat-D3,P1
C36H18N6O25Zn4-1_16-MACE-OMat-D3,C36H18N6O25Zn4-1_16-MACE-OMat-D3,-0.354508,-599.079,MACE-OMat-D3,P1
C36H18N6O13S6Zn4-0_8-MACE-OMat-D3,C36H18N6O13S6Zn4-0_8-MACE-OMat-D3,-0.267991,-555.166,MACE-OMat-D3,P1
C33H18O13Zn4-0_7-r2SCAN-D4,C33H18O13Zn4-0_7-r2SCAN-D4,-0.359349,-528.958,r2SCAN-D4,P1
C24H18N12O13Zn4-1_18-r2SCAN-D4,C24H18N12O13Zn4-1_18-r2SCAN-D4,-0.320006,-546.903,r2SCAN-D4,P1
C18H15N3O13Zn4-2_3-r2SCAN-D4,C18H15N3O13Zn4-2_3-r2SCAN-D4,-0.59073,-402.658,r2SCAN-D4,P1
C18H12O19Zn4-1_17-r2SCAN-D4,C18H12O19Zn4-1_17-r2SCAN-D4,-0.765077,-409.001,r2SCAN-D4,P1
C48H24N12O21Zn4-1_3-MACE-OMat-D3,C48H24N12O21Zn4-1_3-MACE-OMat-D3,-0.239684,-753.726,MACE-OMat-D3,P1
C48H24N12O19Zn4-3_11-MACE-OMat-D3,C48H24N12O19Zn4-3_11-MACE-OMat-D3,-0.279515,-747.613,MACE-OMat-D3,P1
C44H24N8O17Zn4-1_12-MACE-OMat-D3,C44H24N8O17Zn4-1_12-MACE-OMat-D3,-0.25366,-662.256,MACE-OMat-D3,P1
C44H24N8O13S4Zn4-2_4-MACE-OMat-D3,C44H24N8O13S4Zn4-2_4-MACE-OMat-D3,-0.210829,-654.824,MACE-OMat-D3,P1
C36H20N4O13Zn4-7_17-r2SCAN-D4,C36H20N4O13Zn4-7_17-r2SCAN-D4,-0.259606,-598.082,r2SCAN-D4,P1
C24H24N8O17Zn4-0_3-r2SCAN-D4,C24H24N8O17Zn4-0_3-r2SCAN-D4,-0.495127,-569.729,r2SCAN-D4,P1
C48H30N6O13Zn4-0_17-r2SCAN-D4,C48H30N6O13Zn4-0_17-r2SCAN-D4,-0.242949,-775.706,r2SCAN-D4,P1
C11H8Mg2N2O2S1-1-r2SCAN-D4,C11H8Mg2N2O2S1-1-r2SCAN-D4,-0.180493,-189.006,r2SCAN-D4,P1
C44H20N8O13Zn4-3_1-r2SCAN-D4,Zn4H20C44N8O13,-0.16229,-709.277,r2SCAN-D4,P1
C42H30N4O11Zn4-2_4-r2SCAN-D4,Zn4H30C42N4O11,-0.161676,-675.834,r2SCAN-D4,P1
C40H32O17Zn4-1_15-r2SCAN-D4,Zn4H32C40O17,-0.391785,-682.759,r2SCAN-D4,P1
C40H24N8O13Zn4-0_12-r2SCAN-D4,Zn4H24C40N8O13,-0.252357,-691.052,r2SCAN-D4,P1
C38H28N4O13Zn4-1_10-r2SCAN-D4,Zn4H28C38N4O13,-0.279683,-650.114,r2SCAN-D4,P1
C36H24N8O21Zn4-2_15-r2SCAN-D4,Zn4H24C36N8O21,-0.297451,-702.755,r2SCAN-D4,P1
C24H16N8O21Zn4-0_3-r2SCAN-D4,Zn4H16C24N8O21,-0.490464,-563.036,r2SCAN-D4,P1
C40H20N8O13Zn4-3_13-r2SCAN-D4,Zn4H20C40N8O13,-0.229086,-674.237,r2SCAN-D4,P1
C36H18N6O13Zn4-1_1-r2SCAN-D4,Zn4H18C36N6O13,-0.282159,-611.207,r2SCAN-D4,P1
C36H18N6O13S6Zn4-1_9-r2SCAN-D4,Zn4H18C36S6N6O13,-0.234993,-657.77,r2SCAN-D4,P1
C36H18N6O13S3Zn4-1_3-r2SCAN-D4,Zn4H18C36S3N6O13,-0.234314,-632.618,r2SCAN-D4,P1
C48H24N12O13Zn4-2_1-r2SCAN-D4,Zn4H24C48N12O13,-0.0927859,-794.705,r2SCAN-D4,P1
C48H18N12O19Zn4-3_15-r2SCAN-D4,Zn4H18C48N12O19,-0.249566,-824.724,r2SCAN-D4,P1
C48H18N12O19Zn4-1_12-r2SCAN-D4,Zn4H18C48N12O19,-0.198661,-819.582,r2SCAN-D4,P1
C36H20N8O21Zn4-2_6-r2SCAN-D4,Zn4H20C36N8O21,-0.247452,-683.288,r2SCAN-D4,P1
C30H24N18O13Zn4-1_3-r2SCAN-D4,Zn4H24C30N18O13,-0.303331,-686.93,r2SCAN-D4,P1
C60H36N6O13Zn4-2_9-r2SCAN-D4,Zn4H36C60N6O13,-0.15748,-910.854,r2SCAN-D4,P1
C66H24N6O13S6Zn4-0_17-r2SCAN-D4,Zn4H24C66S6N6O13,-0.0698412,-967.829,r2SCAN-D4,P1
C60H24N12O13S6Zn4-0_9-r2SCAN-D4,Zn4H24C60S6N12O13,-0.0194517,-956.637,r2SCAN-D4,P1
C60H24N12O13S6Zn4-0_15-r2SCAN-D4,Zn4H24C60S6N12O13,-0.0189677,-956.58,r2SCAN-D4,P1
C60H18N12O19Zn4-1_15-r2SCAN-D4,Zn4H18C60N12O19,-0.15407,-937.132,r2SCAN-D4,P1
C60H16N16O13Zn4-0_12-r2SCAN-D4,Zn4H16C60N16O13,-0.0407915,-918.933,r2SCAN-D4,P1
C60H16N16O13Zn4-0_3-r2SCAN-D4,Zn4H16C60N16O13,-0.0242403,-917.129,r2SCAN-D4,P1
C56H32N8O13S8Zn4-4_12-r2SCAN-D4,Zn4H32C56S8N8O13,-0.104934,-934.264,r2SCAN-D4,P1
C56H24N4O21Zn4-2_6-r2SCAN-D4,Zn4H24C56N4O21,-0.2247,-863.321,r2SCAN-D4,P1
C56H28N16O9Zn4-3_3-r2SCAN-D4,Zn4H28C56N16O9,0.0619033,-885.623,r2SCAN-D4,P1
C56H20N12O13Zn4-1_10-r2SCAN-D4,Zn4H20C56N12O13,-0.109493,-863.138,r2SCAN-D4,P1
C56H24N12O21Zn4-0_15-r2SCAN-D4,Zn4H24C56(N4O7)3,-0.189923,-934.258,r2SCAN-D4,P1
C54H30N6O13Zn4-3_4-r2SCAN-D4,Zn4H30C54N6O13,-0.134453,-825.657,r2SCAN-D4,P1
C54H36N18O13Zn4-3_11-r2SCAN-D4,Zn4H36C54N18O13,-0.0751347,-951.217,r2SCAN-D4,P1
C54H30N6O19Zn4-1_12-r2SCAN-D4,Zn4H30C54N6O19,-0.201574,-868.974,r2SCAN-D4,P1
C52H36N12O13Zn4-1_7-r2SCAN-D4,Zn4H36C52N12O13,-0.191057,-889.238,r2SCAN-D4,P1
C52H32N4O13Zn4-0_9-r2SCAN-D4,Zn4H32C52N4O13,-0.199016,-800.745,r2SCAN-D4,P1
C44H36N16O13Zn4-1_15-r2SCAN-D4,Zn4H36C44N16O13,-0.216768,-847.848,r2SCAN-D4,P1
C44H32N32O13Zn4-1_8-r2SCAN-D4,Zn4H32C44N32O13,-0.063747,-963.911,r2SCAN-D4,P1
C44H28N16O21Zn4-0_7-r2SCAN-D4,Zn4H28C44N16O21,-0.266903,-872.425,r2SCAN-D4,P1
C44H28N16O13Zn4-1_7-r2SCAN-D4,Zn4H28C44N16O13,-0.192722,-815.933,r2SCAN-D4,P1
C40H32N8O21Zn4-0_17-r2SCAN-D4,Zn4H32C40N8O21,-0.328091,-777.266,r2SCAN-D4,P1
C51H33N9O13Zn4-0_11-r2SCAN-D4,Zn4H33C51N9O13,-0.195437,-840.541,r2SCAN-D4,P1
C51H33N9O13Zn4-2_2-r2SCAN-D4,Zn4H33C51N9O13,-0.18519,-839.414,r2SCAN-D4,P1
C51H33N12O22Zn4-2_10-r2SCAN-D4,Zn4H33C51(N6O11)2,-0.334715,-939.721,r2SCAN-D4,P1
C48H32N8O13Zn4-3-r2SCAN-D4,Zn4H32C48N8O13,-0.189247,-796.255,r2SCAN-D4,P1
C48H36N12O13S4Zn4-3_4-r2SCAN-D4,Zn4H36C48S4N12O13,-0.179328,-880.321,r2SCAN-D4,P1
C48H24N12O21Zn4-1_16-r2SCAN-D4,Zn4H24C48(N4O7)3,-0.206643,-854.425,r2SCAN-D4,P1
C56H24N16O13S8Zn4-1_6-r2SCAN-D4,Zn4H24C56S8N16O13,0.0105189,-965.848,r2SCAN-D4,P1
C44H40N20O17Zn4-2_2-r2SCAN-D4,Zn4H40C44N20O17,-0.271624,-931.022,r2SCAN-D4,P1
C48H28N12O17Zn4-3_1-r2SCAN-D4,Zn4H28C48N12O17,-0.220025,-846.428,r2SCAN-D4,P1
C48H24N20O13Zn4-1_15-r2SCAN-D4,Zn4H24C48N20O13,-0.0969102,-869.105,r2SCAN-D4,P1
C48H24N16O13S8Zn4-3_8-r2SCAN-D4,Zn4H24C48S8N16O13,-0.0631006,-894.115,r2SCAN-D4,P1
C48H24N12O21Zn4-3_10-r2SCAN-D4,Zn4H24C48(N4O7)3,-0.271681,-861.514,r2SCAN-D4,P1
C48H24N12O21Zn4-2_3-r2SCAN-D4,Zn4H24C48(N4O7)3,-0.261491,-860.404,r2SCAN-D4,P1
C48H24N12O19Zn4-2_9-r2SCAN-D4,Zn4H24C48N12O19,-0.191208,-840.718,r2SCAN-D4,P1
C48H16N16O17Zn4-0_14-r2SCAN-D4,Zn4H16C48N16O17,-0.137186,-831.422,r2SCAN-D4,P1
C64H24N16O13Zn4-3_8-MACE-OMat-D3,C64H24N16O13Zn4-3_8-MACE-OMat-D3,-0.113649,-882.26,MACE-OMat-D3,P1
C60H28N8O21Zn4-3_13-MACE-OMat-D3,C60H28N8O21Zn4-3_13-MACE-OMat-D3,-0.199503,-841.673,MACE-OMat-D3,P1
C60H20N12O13Zn4-2_13-MACE-OMat-D3,C60H20N12O13Zn4-2_13-MACE-OMat-D3,-0.0907407,-795.267,MACE-OMat-D3,P1
C60H16N16O13Zn4-3_14-MACE-OMat-D3,C60H16N16O13Zn4-3_14-MACE-OMat-D3,-0.105429,-817.272,MACE-OMat-D3,P1
C56H32N8O13S8Zn4-3_3-MACE-OMat-D3,C56H32N8O13S8Zn4-3_3-MACE-OMat-D3,-0.178159,-808.732,MACE-OMat-D3,P1
C52H32N8O17Zn4-0-MACE-OMat-D3,C52H32N8O17Zn4-0-MACE-OMat-D3,-0.195304,-759.228,MACE-OMat-D3,P1
C48H40N16O13Zn4-2_15-MACE-OMat-D3,C48H40N16O13Zn4-2_15-MACE-OMat-D3,-0.241525,-802.519,MACE-OMat-D3,P1
C48H40N12O17Zn4-0_3-MACE-OMat-D3,C48H40N12O17Zn4-0_3-MACE-OMat-D3,-0.289689,-794.761,MACE-OMat-D3,P1
C48H36N4O21Zn4-3_9-MACE-OMat-D3,C48H36N4O21Zn4-3_9-MACE-OMat-D3,-0.35439,-739.815,MACE-OMat-D3,P1
C48H32N8O17S4Zn4-1_1-MACE-OMat-D3,C48H32N8O17S4Zn4-1_1-MACE-OMat-D3,-0.313648,-752.337,MACE-OMat-D3,P1
C48H30N18O10Zn4-1_2-MACE-OMat-D3,C48H30N18O10Zn4-1_2-MACE-OMat-D3,-0.124983,-756.45,MACE-OMat-D3,P1
C48H28N12O21Zn4-3_1-MACE-OMat-D3,C48H28N12O21Zn4-3_1-MACE-OMat-D3,-0.266803,-770.725,MACE-OMat-D3,P1
C48H28N12O21Zn4-0_12-MACE-OMat-D3,C48H28N12O21Zn4-0_12-MACE-OMat-D3,-0.284598,-772.735,MACE-OMat-D3,P1
C48H24N6O19S6Zn4-1_8-MACE-OMat-D3,C48H24N6O19S6Zn4-1_8-MACE-OMat-D3,-0.257025,-719.911,MACE-OMat-D3,P1
C48H24N12O19Zn4-0_5-MACE-OMat-D3,C48H24N12O19Zn4-0_5-MACE-OMat-D3,-0.297843,-749.574,MACE-OMat-D3,P1
C48H18N12O19Zn4-1_8-MACE-OMat-D3,C48H18N12O19Zn4-1_8-MACE-OMat-D3,-0.286243,-727.153,MACE-OMat-D3,P1
C48H18N12O19Zn4-0_7-MACE-OMat-D3,C48H18N12O19Zn4-0_7-MACE-OMat-D3,-0.277439,-726.264,MACE-OMat-D3,P1
C48H16N16O17Zn4-2_14-MACE-OMat-D3,C48H16N16O17Zn4-2_14-MACE-OMat-D3,-0.160567,-731.454,MACE-OMat-D3,P1
C44H40N20O17Zn4-3_6-MACE-OMat-D3,C44H40N20O17Zn4-3_6-MACE-OMat-D3,-0.355891,-834.173,MACE-OMat-D3,P1
C44H40N24O13Zn4-0_1-MACE-OMat-D3,C44H40N24O13Zn4-0_1-MACE-OMat-D3,-0.280239,-838.302,MACE-OMat-D3,P1
C44H32O17Zn4-1_12-MACE-OMat-D3,C44H32O17Zn4-1_12-MACE-OMat-D3,-0.356033,-631.38,MACE-OMat-D3,P1
C44H32N32O13Zn4-3-MACE-OMat-D3,C44H32N32O13Zn4-3-MACE-OMat-D3,-0.156963,-863.7,MACE-OMat-D3,P1
C44H32N32O13Zn4-1_6-MACE-OMat-D3,C44H32N32O13Zn4-1_6-MACE-OMat-D3,-0.182076,-866.839,MACE-OMat-D3,P1
C44H32N32O13Zn4-0_2-MACE-OMat-D3,C44H32N32O13Zn4-0_2-MACE-OMat-D3,-0.133204,-860.73,MACE-OMat-D3,P1
C42H36N18O10Zn4-0_3-MACE-OMat-D3,C42H36N18O10Zn4-0_3-MACE-OMat-D3,-0.186889,-727.554,MACE-OMat-D3,P1
C42H24N6O13Zn4-0_14-MACE-OMat-D3,C42H24N6O13Zn4-0_14-MACE-OMat-D3,-0.257872,-605.731,MACE-OMat-D3,P1
C42H24N18O10Zn4-2_1-MACE-OMat-D3,C42H24N18O10Zn4-2_1-MACE-OMat-D3,-0.108526,-678.707,MACE-OMat-D3,P1
C40H36N4O13Zn4-2-MACE-OMat-D3,C40H36N4O13Zn4-2-MACE-OMat-D3,-0.313337,-617.02,MACE-OMat-D3,P1
C40H24O13Zn4-3_2-MACE-OMat-D3,C40H24O13Zn4-3_2-MACE-OMat-D3,-0.341694,-542.001,MACE-OMat-D3,P1
C40H24N8O13Zn4-2_7-MACE-OMat-D3,C40H24N8O13Zn4-2_7-MACE-OMat-D3,-0.21823,-600.503,MACE-OMat-D3,P1
C40H20N8O13Zn4-2_5-MACE-OMat-D3,C40H20N8O13Zn4-2_5-MACE-OMat-D3,-0.205229,-585.55,MACE-OMat-D3,P1
C40H20N12O13Zn4-0_17-MACE-OMat-D3,C40H20N12O13Zn4-0_17-MACE-OMat-D3,-0.202943,-619.546,MACE-OMat-D3,P1
C39H36N6O19Zn4-0_16-MACE-OMat-D3,C39H36N6O19Zn4-0_16-MACE-OMat-D3,-0.419401,-667.428,MACE-OMat-D3,P1
C22H16Mg2N8O8-12-r2SCAN-D4,C22H16Mg2N8O8-12-r2SCAN-D4,-0.26911,-418.928,r2SCAN-D4,P-1
C28H26N10O5Zn4-3-MACE-OMat-D3,C28H26N10O5Zn4-3-MACE-OMat-D3,-0.0327144,-456.724,MACE-OMat-D3,P1
C28H24N8O17Zn4-0_9-MACE-OMat-D3,C28H24N8O17Zn4-0_9-MACE-OMat-D3,-0.456227,-527.491,MACE-OMat-D3,P1
C28H16N8O17Zn4-0_9-MACE-OMat-D3,C28H16N8O17Zn4-0_9-MACE-OMat-D3,-0.38034,-492.352,MACE-OMat-D3,P1
C27H15N3O13S6Zn4-3_1-MACE-OMat-D3,C27H15N3O13S6Zn4-3_1-MACE-OMat-D3,-0.339254,-438.475,MACE-OMat-D3,P1
C24H24N12O13Zn4-2_13-MACE-OMat-D3,C24H24N12O13Zn4-2_13-MACE-OMat-D3,-0.481679,-504.433,MACE-OMat-D3,P1
C24H18N6O13Zn4-2_3-MACE-OMat-D3,C24H18N6O13Zn4-2_3-MACE-OMat-D3,-0.459318,-427.67,MACE-OMat-D3,P1
C24H16O25Zn4-0_6-MACE-OMat-D3,C24H16O25Zn4-0_6-MACE-OMat-D3,-0.711258,-449.713,MACE-OMat-D3,P1
C24H16N8O21Zn4-0_13-MACE-OMat-D3,C24H16N8O21Zn4-0_13-MACE-OMat-D3,-0.469039,-481.841,MACE-OMat-D3,P1
C24H14N6O11Zn4-1_8-MACE-OMat-D3,C24H14N6O11Zn4-1_8-MACE-OMat-D3,-0.288647,-391.973,MACE-OMat-D3,P1
C21H18O13Zn4-2_9-MACE-OMat-D3,C21H18O13Zn4-2_9-MACE-OMat-D3,-0.533388,-350.032,MACE-OMat-D3,P1
C22H18N4O11Zn4-3-MACE-OMat-D3,C22H18N4O11Zn4-3-MACE-OMat-D3,-0.351878,-373.6,MACE-OMat-D3,P1
C18H14O11S4Zn4-2_13-MACE-OMat-D3,C18H14O11S4Zn4-2_13-MACE-OMat-D3,-0.399779,-306.611,MACE-OMat-D3,P1
C18H12O19Zn4-3_1-MACE-OMat-D3,C18H12O19Zn4-3_1-MACE-OMat-D3,-0.739677,-342.008,MACE-OMat-D3,P1
C21H18O13Zn4-2_17-r2SCAN-D4,C21H18O13Zn4-2_17-r2SCAN-D4,-0.542179,-414.68,r2SCAN-D4,P1
C18H14O11S4Zn4-3_1-r2SCAN-D4,C18H14O11S4Zn4-3_1-r2SCAN-D4,-0.330474,-378.175,r2SCAN-D4,P1
C20H12O7Zn4-2.0-r2SCAN-D4,C20H12O7Zn4-2.0-r2SCAN-D4,-0.122884,-323.918,r2SCAN-D4,P1
C56H24N8O13S8Zn4-0_12-MACE-OMat-D3,C56H24N8O13S8Zn4-0_12-MACE-OMat-D3,-0.101773,-772.725,MACE-OMat-D3,P1
C56H24N16O13Zn4-0-MACE-OMat-D3,C56H24N16O13Zn4-0-MACE-OMat-D3,-0.106531,-806.99,MACE-OMat-D3,P1
C56H20N12O13Zn4-3_13-MACE-OMat-D3,C56H20N12O13Zn4-3_13-MACE-OMat-D3,-0.138205,-763.11,MACE-OMat-D3,P1
C51H42N6O19Zn4-2_7-MACE-OMat-D3,C51H42N6O19Zn4-2_7-MACE-OMat-D3,-0.296054,-789.727,MACE-OMat-D3,P1
C51H42N6O19Zn4-0_9-MACE-OMat-D3,C51H42N6O19Zn4-0_9-MACE-OMat-D3,-0.272419,-786.843,MACE-OMat-D3,P1
C48H52N8O13Zn4-3_6-MACE-OMat-D3,C48H52N8O13Zn4-3_6-MACE-OMat-D3,-0.304836,-783.567,MACE-OMat-D3,P1
C48H42N12O13Zn4-1_11-MACE-OMat-D3,C48H42N12O13Zn4-1_11-MACE-OMat-D3,-0.267444,-778.229,MACE-OMat-D3,P1
C48H42N12O13Zn4-0_6-MACE-OMat-D3,C48H42N12O13Zn4-0_6-MACE-OMat-D3,-0.281544,-779.907,MACE-OMat-D3,P1
C48H24N6O13S6Zn4-3_9-MACE-OMat-D3,C48H24N6O13S6Zn4-3_9-MACE-OMat-D3,-0.197102,-682.628,MACE-OMat-D3,P1
C48H24N24O10Zn4-3_2-MACE-OMat-D3,C48H24N24O10Zn4-3_2-MACE-OMat-D3,-0.0872255,-782.902,MACE-OMat-D3,P1
C48H24N16O13S8Zn4-2_15-MACE-OMat-D3,C48H24N16O13S8Zn4-2_15-MACE-OMat-D3,-0.130744,-769.198,MACE-OMat-D3,P1
C48H24N12O21Zn4-3_9-MACE-OMat-D3,C48H24N12O21Zn4-3_9-MACE-OMat-D3,-0.247457,-754.574,MACE-OMat-D3,P1
C44H20N8O13Zn4-2-MACE-OMat-D3,C44H20N8O13Zn4-2-MACE-OMat-D3,-0.178532,-620.773,MACE-OMat-D3,P1
C38H28N4O13Zn4-1_10-MACE-OMat-D3,C38H28N4O13Zn4-1_10-MACE-OMat-D3,-0.296474,-568.081,MACE-OMat-D3,P1
C36H24N6O13Zn4-1_11-MACE-OMat-D3,C36H24N6O13Zn4-1_11-MACE-OMat-D3,-0.301408,-552.629,MACE-OMat-D3,P1
C36H18O16Zn4-2_12-MACE-OMat-D3,C36H18O16Zn4-2_12-MACE-OMat-D3,-0.399199,-502.467,MACE-OMat-D3,P1
C30H16N2O11Zn4-1_10.0-r2SCAN-D4,C30H16N2O11Zn4-1_10.0-r2SCAN-D4,-0.272619,-491.393,r2SCAN-D4,P1
C28H16N8O17Zn4-1_2-r2SCAN-D4,C28H16N8O17Zn4-1_2-r2SCAN-D4,-0.324755,-567.724,r2SCAN-D4,P1
C56H32N12O1Zn4-2-hcb-r2SCAN-D4,C56H32N12O1Zn4-2-hcb-r2SCAN-D4,0.326008,-789.042,r2SCAN-D4,P1
C18H14O11S4Zn4-3_1.0-r2SCAN-D4,C18H14O11S4Zn4-3_1.0-r2SCAN-D4,-0.328092,-378.054,r2SCAN-D4,P1
C48H24N12O19Zn4-3_3-MACE-OMat-D3,C48H24N12O19Zn4-3_3-MACE-OMat-D3,-0.212443,-740.436,MACE-OMat-D3,P1
C44H24N8O17Zn4-1_3-MACE-OMat-D3,C44H24N8O17Zn4-1_3-MACE-OMat-D3,-0.227642,-659.733,MACE-OMat-D3,P1
C44H24N8O13S4Zn4-2_12-MACE-OMat-D3,C44H24N8O13S4Zn4-2_12-MACE-OMat-D3,-0.146029,-648.539,MACE-OMat-D3,P1
C44H24N8O13S4Zn4-0_14-MACE-OMat-D3,C44H24N8O13S4Zn4-0_14-MACE-OMat-D3,-0.215219,-655.25,MACE-OMat-D3,P1
C36H24N6O13Zn4-0_7-r2SCAN-D4,C36H24N6O13Zn4-0_7-r2SCAN-D4,-0.2711,-632.723,r2SCAN-D4,P1
C36H18N6O13S6Zn4-3_6-r2SCAN-D4,C36H18N6O13S6Zn4-3_6-r2SCAN-D4,-0.1589,-651.454,r2SCAN-D4,P1
C56H16N12O13Zn4-1_12-r2SCAN-D4,C56H16N12O13Zn4-1_12-r2SCAN-D4,-0.0465786,-842.518,r2SCAN-D4,P1
C44H24N8O17Zn4-1_3-r2SCAN-D4,Zn4H24C44N8O17,-0.214384,-752.74,r2SCAN-D4,P1
C44H24N8O17Zn4-3_3-r2SCAN-D4,Zn4H24C44N8O17,-0.163472,-747.801,r2SCAN-D4,P1
C44H24N8O13S4Zn4-1_10-r2SCAN-D4,Zn4H24C44S4N8O13,-0.178708,-758.519,r2SCAN-D4,P1
C44H20N8O13S4Zn4-3-r2SCAN-D4,Zn4H20C44S4N8O13,-0.146719,-741.001,r2SCAN-D4,P1
C42H24N6O13Zn4-1_4-r2SCAN-D4,Zn4H24C42N6O13,-0.261231,-693.574,r2SCAN-D4,P1
C40H36N8O13Zn4-4_5-r2SCAN-D4,Zn4H36C40N8O13,-0.275248,-737.876,r2SCAN-D4,P1
C40H20N8O17Zn4-2_7-r2SCAN-D4,Zn4H20C40N8O17,-0.173047,-693.45,r2SCAN-D4,P1
C36H18N6O13S3Zn4-2_4-r2SCAN-D4,Zn4H18C36S3N6O13,-0.257486,-634.472,r2SCAN-D4,P1
C36H24N6O13Zn4-1_25-r2SCAN-D4,Zn4H24C36N6O13,-0.293754,-634.604,r2SCAN-D4,P1
C36H18N6O13S3Zn4-2_16-r2SCAN-D4,Zn4H18C36S3N6O13,-0.259611,-634.642,r2SCAN-D4,P1
C28H20N12O9S4Zn4-1_1-r2SCAN-D4,Zn4H20C28S4(N4O3)3,-0.0247866,-582.313,r2SCAN-D4,P1
C48H30N6O13Zn4-2_12-r2SCAN-D4,Zn4H30C48N6O13,-0.175716,-768.915,r2SCAN-D4,P1
C48H16N16O17Zn4-0_5-r2SCAN-D4,Zn4H16C48N16O17,-0.103204,-827.99,r2SCAN-D4,P1
C45H24N6O13Zn4-3_10-r2SCAN-D4,Zn4H24C45N6O13,-0.149789,-714.156,r2SCAN-D4,P1
C48H16N16O17Zn4-0_16-r2SCAN-D4,Zn4H16C48N16O17,-0.109653,-828.641,r2SCAN-D4,P1
C36H33N18O10Zn4-2_7-r2SCAN-D4,Zn4H33C36(N9O5)2,-0.123754,-746.184,r2SCAN-D4,P1
C32H24N16O13Zn4-2_8-r2SCAN-D4,Zn4H24C32N16O13,-0.223434,-681.551,r2SCAN-D4,P1
C60H40N4O17Zn4-1_1-r2SCAN-D4,Zn4H40C60N4O17,-0.218627,-938.252,r2SCAN-D4,P1
C60H18N12O19Zn4-3_17-r2SCAN-D4,Zn4H18C60N12O19,-0.155727,-937.319,r2SCAN-D4,P1
C60H18N12O19Zn4-1_2-r2SCAN-D4,Zn4H18C60N12O19,-0.111962,-932.374,r2SCAN-D4,P1
C56H40N8O9Zn4-3_5-r2SCAN-D4,Zn4H40C56N8O9,-0.0302872,-864.436,r2SCAN-D4,P1
C56H8N40O13Zn4-1_1-r2SCAN-D4,Zn4H8C56N40O13,0.241763,-1037.14,r2SCAN-D4,P1
C56H8N40O13Zn4-1_3-r2SCAN-D4,Zn4H8C56N40O13,0.219674,-1039.81,r2SCAN-D4,P1
C56H32N8O17Zn4-3_3-r2SCAN-D4,Zn4H32C56N8O17,-0.102097,-891.75,r2SCAN-D4,P1
C56H20N12O13Zn4-2_15-r2SCAN-D4,Zn4H20C56N12O13,-0.10568,-862.738,r2SCAN-D4,P1
C56H20N12O13Zn4-2_1-r2SCAN-D4,Zn4H20C56N12O13,-0.0950859,-861.626,r2SCAN-D4,P1
C44H32N32O13Zn4-3_10-r2SCAN-D4,Zn4H32C44N32O13,-0.101807,-968.669,r2SCAN-D4,P1
C44H32N32O13Zn4-0_6-r2SCAN-D4,Zn4H32C44N32O13,-0.0871902,-966.842,r2SCAN-D4,P1
C44H32N32O13Zn4-1_14-r2SCAN-D4,Zn4H32C44N32O13,-0.101409,-968.619,r2SCAN-D4,P1
C42H36N6O19Zn4-1-r2SCAN-D4,Zn4H36C42N6O19,-0.319089,-780.876,r2SCAN-D4,P1
C39H36N12O13Zn4-0_5-r2SCAN-D4,Zn4H36C39N12O13,-0.266167,-764.344,r2SCAN-D4,P1
C40H16N24O25Zn4-3_13-r2SCAN-D4,Zn4H16C40N24O25,-0.119072,-870.186,r2SCAN-D4,P1
C40H16N24O25Zn4-1_12-r2SCAN-D4,Zn4H16C40N24O25,-0.0545611,-863.154,r2SCAN-D4,P1
C52H28N4O21Zn4-2_3-r2SCAN-D4,Zn4H28C52N4O21,-0.326855,-848.215,r2SCAN-D4,P1
C52H24N8O17Zn4-0_6-r2SCAN-D4,Zn4H24C52N8O17,-0.206304,-833.743,r2SCAN-D4,P1
C52H24N16O13Zn4-3_1-r2SCAN-D4,Zn4H24C52N16O13,-0.102851,-873.217,r2SCAN-D4,P1
C52H24N16O13Zn4-1_9-r2SCAN-D4,Zn4H24C52N16O13,-0.093521,-872.2,r2SCAN-D4,P1
C48H40N12O17Zn4-0_1-r2SCAN-D4,Zn4H40C48N12O17,-0.236567,-892.553,r2SCAN-D4,P1
C48H36N12O13S4Zn4-3_1-r2SCAN-D4,Zn4H36C48S4N12O13,-0.217343,-884.769,r2SCAN-D4,P1
C48H36N12O13S4Zn4-2_7-r2SCAN-D4,Zn4H36C48S4N12O13,-0.133506,-874.96,r2SCAN-D4,P1
C48H30N12O13Zn4-1-r2SCAN-D4,Zn4H30C48N12O13,-0.19868,-827.334,r2SCAN-D4,P1
C56H24N16O13S8Zn4-1_14-r2SCAN-D4,Zn4H24C56S8N16O13,0.0241444,-964.199,r2SCAN-D4,P1
C48H28N12O21Zn4-3_5-r2SCAN-D4,Zn4H28C48(N4O7)3,-0.251389,-874.136,r2SCAN-D4,P1
C44H40N20O17Zn4-3_10-r2SCAN-D4,Zn4H40C44N20O17,-0.273624,-931.272,r2SCAN-D4,P1
C44H40N24O13Zn4-3_16-r2SCAN-D4,Zn4H40C44N24O13,-0.166259,-931.172,r2SCAN-D4,P1
C48H24N8O17S8Zn4-0_4-r2SCAN-D4,Zn4H24C48S8N8O17,-0.14288,-852.633,r2SCAN-D4,P1
C48H24N20O13Zn4-1_11-r2SCAN-D4,Zn4H24C48N20O13,-0.107306,-870.238,r2SCAN-D4,P1
C51H33N12O22Zn4-0_1-r2SCAN-D4,Zn4H33C51(N6O11)2,-0.235808,-927.654,r2SCAN-D4,P1
C44H40N24O13Zn4-0_5-r2SCAN-D4,Zn4H40C44N24O13,-0.184131,-933.406,r2SCAN-D4,P1
C24H16O25Zn4-0_6-r2SCAN-D4,Zn4H16C24O25,-0.69894,-525.534,r2SCAN-D4,P1
C42H24N6O13S3Zn4-3_10-r2SCAN-D4,Zn4H24C42S3N6O13,-0.187031,-711.924,r2SCAN-D4,P1
C68H28N4O17Zn4-0_2-MACE-OMat-D3,C68H28N4O17Zn4-0_2-MACE-OMat-D3,-0.223162,-864.922,MACE-OMat-D3,P1
C60H24N4O13Zn4-1_2-MACE-OMat-D3,C60H24N4O13Zn4-1_2-MACE-OMat-D3,-0.161832,-748.587,MACE-OMat-D3,P1
C60H16N16O13Zn4-2_10-MACE-OMat-D3,C60H16N16O13Zn4-2_10-MACE-OMat-D3,-0.0776869,-814.248,MACE-OMat-D3,P1
C60H16N16O13Zn4-1_4-MACE-OMat-D3,C60H16N16O13Zn4-1_4-MACE-OMat-D3,-0.0468188,-810.883,MACE-OMat-D3,P1
C56H32O17S4Zn4-0_1-MACE-OMat-D3,C56H32O17S4Zn4-0_1-MACE-OMat-D3,-0.265723,-753.722,MACE-OMat-D3,P1
C56H32O13Zn4-1_7-MACE-OMat-D3,C56H32O13Zn4-1_7-MACE-OMat-D3,-0.227825,-711.309,MACE-OMat-D3,P1
C56H32N4O17Zn4-2_4-MACE-OMat-D3,C56H32N4O17Zn4-2_4-MACE-OMat-D3,-0.322943,-777.051,MACE-OMat-D3,P1
C56H24N8O13S8Zn4-2_7-MACE-OMat-D3,C56H24N8O13S8Zn4-2_7-MACE-OMat-D3,-0.110302,-773.689,MACE-OMat-D3,P1
C54H36N12O13Zn4-2_14-MACE-OMat-D3,C54H36N12O13Zn4-2_14-MACE-OMat-D3,-0.207595,-806.813,MACE-OMat-D3,P1
C54H30N6O19Zn4-0_3-MACE-OMat-D3,C54H30N6O19Zn4-0_3-MACE-OMat-D3,-0.244688,-769.917,MACE-OMat-D3,P1
C54H30N6O13Zn4-3_14-MACE-OMat-D3,C54H30N6O13Zn4-3_14-MACE-OMat-D3,-0.210834,-735.138,MACE-OMat-D3,P1
C54H30N6O13Zn4-2_11-MACE-OMat-D3,C54H30N6O13Zn4-2_11-MACE-OMat-D3,-0.202401,-734.236,MACE-OMat-D3,P1
C52H36N4O17Zn4-3_8-MACE-OMat-D3,C52H36N4O17Zn4-3_8-MACE-OMat-D3,-0.281611,-748.577,MACE-OMat-D3,P1
C52H36N4O17Zn4-3-MACE-OMat-D3,C52H36N4O17Zn4-3-MACE-OMat-D3,-0.28009,-748.405,MACE-OMat-D3,P1
C52H32N12O17Zn4-1_7-MACE-OMat-D3,C52H32N12O17Zn4-1_7-MACE-OMat-D3,-0.287839,-804.214,MACE-OMat-D3,P1
C52H28N8O13Zn4-2_8-MACE-OMat-D3,C52H28N8O13Zn4-2_8-MACE-OMat-D3,-0.221175,-727.614,MACE-OMat-D3,P1
C52H28N4O21Zn4-2_3-MACE-OMat-D3,C52H28N4O21Zn4-2_3-MACE-OMat-D3,-0.350672,-748.821,MACE-OMat-D3,P1
C52H28N12O17Zn4-3_2-MACE-OMat-D3,C52H28N12O17Zn4-3_2-MACE-OMat-D3,-0.201752,-780.36,MACE-OMat-D3,P1
C52H24N16O13Zn4-2_14-MACE-OMat-D3,C52H24N16O13Zn4-2_14-MACE-OMat-D3,-0.171873,-776.907,MACE-OMat-D3,P1
C48H36N12O13S4Zn4-3_9-MACE-OMat-D3,C48H36N12O13S4Zn4-3_9-MACE-OMat-D3,-0.279657,-776.176,MACE-OMat-D3,P1
C48H36N12O10Zn4-2-MACE-OMat-D3,C48H36N12O10Zn4-2-MACE-OMat-D3,-0.159308,-729.62,MACE-OMat-D3,P1
C48H32N8O17Zn4-2_11-MACE-OMat-D3,C48H32N8O17Zn4-2_11-MACE-OMat-D3,-0.254183,-728.086,MACE-OMat-D3,P1
C48H28N12O21Zn4-0_9-MACE-OMat-D3,C48H28N12O21Zn4-0_9-MACE-OMat-D3,-0.274976,-771.648,MACE-OMat-D3,P1
C48H28N12O21Zn4-1_10-MACE-OMat-D3,C48H28N12O21Zn4-1_10-MACE-OMat-D3,-0.311475,-775.773,MACE-OMat-D3,P1
C48H24N8O17Zn4-0-MACE-OMat-D3,C48H24N8O17Zn4-0-MACE-OMat-D3,-0.255331,-700.218,MACE-OMat-D3,P1
C48H24N8O17S4Zn4-0_2-MACE-OMat-D3,C48H24N8O17S4Zn4-0_2-MACE-OMat-D3,-0.189679,-710.861,MACE-OMat-D3,P1
C48H24N6O19S6Zn4-3_6-MACE-OMat-D3,C48H24N6O19S6Zn4-3_6-MACE-OMat-D3,-0.235202,-717.576,MACE-OMat-D3,P1
C48H24N12O19Zn4-0_8-MACE-OMat-D3,C48H24N12O19Zn4-0_8-MACE-OMat-D3,-0.220454,-741.293,MACE-OMat-D3,P1
C45H33N15O10Zn4-1_7-MACE-OMat-D3,C45H33N15O10Zn4-1_7-MACE-OMat-D3,-0.14428,-715.253,MACE-OMat-D3,P1
C45H27N9O19Zn4-3_7-MACE-OMat-D3,C45H27N9O19Zn4-3_7-MACE-OMat-D3,-0.304277,-706.463,MACE-OMat-D3,P1
C44H40N24O13Zn4-3_7-MACE-OMat-D3,C44H40N24O13Zn4-3_7-MACE-OMat-D3,-0.292415,-839.824,MACE-OMat-D3,P1
C44H40N20O17Zn4-0_7-MACE-OMat-D3,C44H40N20O17Zn4-0_7-MACE-OMat-D3,-0.347027,-833.065,MACE-OMat-D3,P1
C44H40N20O17Zn4-0_12-MACE-OMat-D3,C44H40N20O17Zn4-0_12-MACE-OMat-D3,-0.369376,-835.859,MACE-OMat-D3,P1
C44H32N32O13Zn4-3_7-MACE-OMat-D3,C44H32N32O13Zn4-3_7-MACE-OMat-D3,-0.150794,-862.929,MACE-OMat-D3,P1
C44H32N32O13Zn4-0_18-MACE-OMat-D3,C44H32N32O13Zn4-0_18-MACE-OMat-D3,-0.213764,-870.8,MACE-OMat-D3,P1
C44H28N16O21Zn4-2_1-MACE-OMat-D3,C44H28N16O21Zn4-2_1-MACE-OMat-D3,-0.289302,-769.867,MACE-OMat-D3,P1
C42H30N12O16Zn4-0_4-MACE-OMat-D3,C42H30N12O16Zn4-0_4-MACE-OMat-D3,-0.345641,-703.102,MACE-OMat-D3,P1
C42H24N6O13Zn4-2_4-MACE-OMat-D3,C42H24N6O13Zn4-2_4-MACE-OMat-D3,-0.257814,-605.726,MACE-OMat-D3,P1
C40H24N8O13Zn4-0_3-MACE-OMat-D3,C40H24N8O13Zn4-0_3-MACE-OMat-D3,-0.230393,-601.585,MACE-OMat-D3,P1
C40H20N8O17Zn4-1_10-MACE-OMat-D3,C40H20N8O17Zn4-1_10-MACE-OMat-D3,-0.23185,-608.532,MACE-OMat-D3,P1
C40H20N8O13Zn4-0_2-MACE-OMat-D3,C40H20N8O13Zn4-0_2-MACE-OMat-D3,-0.24781,-589.169,MACE-OMat-D3,P1
C40H20N8O13Zn4-1_13-MACE-OMat-D3,C40H20N8O13Zn4-1_13-MACE-OMat-D3,-0.253431,-589.647,MACE-OMat-D3,P1
C15H15N9O13Zn4-7-r2SCAN-D4,C15H15N9O13Zn4-7-r2SCAN-D4,-0.568691,-428.052,r2SCAN-D4,P1
C32H16N8O13Zn4-1_1-MACE-OMat-D3,C32H16N8O13Zn4-1_1-MACE-OMat-D3,-0.32928,-505.611,MACE-OMat-D3,P1
C28H20N4O13Zn4-2_12-MACE-OMat-D3,C28H20N4O13Zn4-2_12-MACE-OMat-D3,-0.419117,-453.31,MACE-OMat-D3,P1
C28H16N4O17Zn4-0_13-MACE-OMat-D3,C28H16N4O17Zn4-0_13-MACE-OMat-D3,-0.471994,-463.776,MACE-OMat-D3,P1
C24H24N8O17Zn4-2_4-MACE-OMat-D3,C24H24N8O17Zn4-2_4-MACE-OMat-D3,-0.469215,-489.888,MACE-OMat-D3,P1
C20H16O11Zn4-0_3-r2SCAN-D4,C20H16O11Zn4-0_3-r2SCAN-D4,-0.415192,-376.92,r2SCAN-D4,P1
C18H14O11S4Zn4-2_9-r2SCAN-D4,C18H14O11S4Zn4-2_9-r2SCAN-D4,-0.341733,-378.749,r2SCAN-D4,P1
C21H18O13Zn4-2_6-r2SCAN-D4,C21H18O13Zn4-2_6-r2SCAN-D4,-0.544825,-414.829,r2SCAN-D4,P1
C56H24N16O5Zn4-2_1-MACE-OMat-D3,C56H24N16O5Zn4-2_1-MACE-OMat-D3,0.138101,-740.866,MACE-OMat-D3,P1
C56H24N16O17Zn4-2_13-MACE-OMat-D3,C56H24N16O17Zn4-2_13-MACE-OMat-D3,-0.135273,-830.571,MACE-OMat-D3,P1
C51H42N6O19Zn4-0_12-MACE-OMat-D3,C51H42N6O19Zn4-0_12-MACE-OMat-D3,-0.298598,-790.037,MACE-OMat-D3,P1
C50H34N6O13Zn4-0_3-MACE-OMat-D3,C50H34N6O13Zn4-0_3-MACE-OMat-D3,-0.257422,-716.319,MACE-OMat-D3,P1
C48H52N8O13Zn4-0_9-MACE-OMat-D3,C48H52N8O13Zn4-0_9-MACE-OMat-D3,-0.290395,-781.762,MACE-OMat-D3,P1
C48H42N12O13Zn4-2_11-MACE-OMat-D3,C48H42N12O13Zn4-2_11-MACE-OMat-D3,-0.286069,-780.446,MACE-OMat-D3,P1
C48H24N6O13S6Zn4-2_9-MACE-OMat-D3,C48H24N6O13S6Zn4-2_9-MACE-OMat-D3,-0.194297,-682.345,MACE-OMat-D3,P1
C44H20N8O13S4Zn4-0_1-MACE-OMat-D3,C44H20N8O13S4Zn4-0_1-MACE-OMat-D3,-0.201546,-640.143,MACE-OMat-D3,P1
C38H28N4O13Zn4-0_8-MACE-OMat-D3,C38H28N4O13Zn4-0_8-MACE-OMat-D3,-0.311052,-569.349,MACE-OMat-D3,P1
C36H32N12O17Zn4-3_15-MACE-OMat-D3,C36H32N12O17Zn4-3_15-MACE-OMat-D3,-0.392177,-663.032,MACE-OMat-D3,P1
C36H18O16Zn4-1_15-MACE-OMat-D3,C36H18O16Zn4-1_15-MACE-OMat-D3,-0.340994,-498.16,MACE-OMat-D3,P1
C36H12N8O13Zn4-3_3-MACE-OMat-D3,C36H12N8O13Zn4-3_3-MACE-OMat-D3,-0.235039,-522.535,MACE-OMat-D3,P1
C36H12N8O13Zn4-0_14-MACE-OMat-D3,C36H12N8O13Zn4-0_14-MACE-OMat-D3,-0.239939,-522.892,MACE-OMat-D3,P1
C18H12O19Zn4-1_9-r2SCAN-D4,C18H12O19Zn4-1_9-r2SCAN-D4,-0.758891,-408.673,r2SCAN-D4,P1
C44H24N8O17Zn4-3_9-MACE-OMat-D3,C44H24N8O17Zn4-3_9-MACE-OMat-D3,-0.208985,-657.923,MACE-OMat-D3,P1
C44H24N16O13Zn4-0-MACE-OMat-D3,C44H24N16O13Zn4-0-MACE-OMat-D3,-0.185996,-703.401,MACE-OMat-D3,P1
C21H18O13Zn4-2_6.0-r2SCAN-D4,C21H18O13Zn4-2_6.0-r2SCAN-D4,-0.544986,-414.838,r2SCAN-D4,P1
C36H18N6O13Zn4-1_3-r2SCAN-D4,C36H18N6O13Zn4-1_3-r2SCAN-D4,-0.280276,-611.062,r2SCAN-D4,P1
C36H18N6O13Zn4-1_7-r2SCAN-D4,C36H18N6O13Zn4-1_7-r2SCAN-D4,-0.280196,-611.056,r2SCAN-D4,P1
C36H18N6O13S3Zn4-1_8-r2SCAN-D4,C36H18N6O13S3Zn4-1_8-r2SCAN-D4,-0.213942,-630.988,r2SCAN-D4,P1
C34H22N8O15Zn4-0_12-r2SCAN-D4,C34H22N8O15Zn4-0_12-r2SCAN-D4,-0.324721,-640.17,r2SCAN-D4,P1
C52H20N8O13Zn4-3_3-r2SCAN-D4,C52H20N8O13Zn4-3_3-r2SCAN-D4,-0.125646,-787.157,r2SCAN-D4,P1
C48H28N4O13Zn4-2_3-r2SCAN-D4,C48H28N4O13Zn4-2_3-r2SCAN-D4,-0.219669,-747.26,r2SCAN-D4,P1
C12H8Mg2N2O4-3-r2SCAN-D4,C12H8Mg2N2O4-3-r2SCAN-D4,-0.126506,-201.383,r2SCAN-D4,P1
C44H24N8O17Zn4-2_17-r2SCAN-D4,Zn4H24C44N8O17,-0.205031,-751.833,r2SCAN-D4,P1
C44H24N8O13S4Zn4-3_14-r2SCAN-D4,Zn4H24C44S4N8O13,-0.155193,-756.238,r2SCAN-D4,P1
C42H24N6O13Zn4-3_2-r2SCAN-D4,Zn4H24C42N6O13,-0.261553,-693.603,r2SCAN-D4,P1
C38H28N4O13Zn4-3-r2SCAN-D4,Zn4H28C38N4O13,-0.275627,-649.761,r2SCAN-D4,P1
C40H24O13Zn4-3_5-r2SCAN-D4,Zn4H24C40O13,-0.329018,-622.034,r2SCAN-D4,P1
C36H18N6O13S3Zn4-0_15-r2SCAN-D4,Zn4H18C36S3N6O13,-0.258001,-634.513,r2SCAN-D4,P1
C30H18N12O16Zn4-0-r2SCAN-D4,Zn2H9C15(N3O4)2,-0.378683,-632.043,r2SCAN-D4,P1
C48H24N6O13S6Zn4-0_12-r2SCAN-D4,Zn4H24C48S6N6O13,-0.157514,-795.121,r2SCAN-D4,P1
C48H24N6O13Zn4-3_3-r2SCAN-D4,Zn4H24C48N6O13,-0.207002,-750.092,r2SCAN-D4,P1
C30H6N30O13Zn4-2-r2SCAN-D4,Zn4H6C30N30O13,0.0726199,-701.494,r2SCAN-D4,P1
C48H24N12O13Zn4-0_4-r2SCAN-D4,Zn4H24C48N12O13,-0.0696327,-792.366,r2SCAN-D4,P1
C48H18N12O19Zn4-2_12-r2SCAN-D4,Zn4H18C48N12O19,-0.196277,-819.342,r2SCAN-D4,P1
C48H18N12O19Zn4-0_2-r2SCAN-D4,Zn4H18C48N12O19,-0.188754,-818.582,r2SCAN-D4,P1
C48H16N16O17Zn4-0-r2SCAN-D4,Zn4H16C48N16O17,-0.0937804,-827.038,r2SCAN-D4,P1
C45H24N6O13Zn4-3_12-r2SCAN-D4,Zn4H24C45N6O13,-0.162654,-715.34,r2SCAN-D4,P1
C64H24N8O17S8Zn4-0_4-r2SCAN-D4,Zn4H24C64S8N8O17,-0.0727709,-1006.43,r2SCAN-D4,P1
C60H24N12O17Zn4-1_2-r2SCAN-D4,Zn4H24C60N12O17,-0.104616,-941.062,r2SCAN-D4,P1
C56H20N12O13Zn4-3_9-r2SCAN-D4,Zn4H20C56N12O13,-0.107174,-862.895,r2SCAN-D4,P1
C56H24N12O21Zn4-3_3-r2SCAN-D4,Zn4H24C56(N4O7)3,-0.180653,-933.174,r2SCAN-D4,P1
C56H24N16O13S8Zn4-2_8-r2SCAN-D4,Zn4H24C56S8N16O13,0.0030604,-966.75,r2SCAN-D4,P1
C54H24N12O13S3Zn4-3_12-r2SCAN-D4,Zn4H24C54S3N12O13,-0.0521999,-875.57,r2SCAN-D4,P1
C54H24N12O13S3Zn4-1_13-r2SCAN-D4,Zn4H24C54S3N12O13,-0.0282954,-872.94,r2SCAN-D4,P1
C52H36N12O13Zn4-2_1-r2SCAN-D4,Zn4H36C52N12O13,-0.185101,-888.541,r2SCAN-D4,P1
C52H32N8O13Zn4-3_1-r2SCAN-D4,Zn4H32C52N8O13,-0.232294,-841.772,r2SCAN-D4,P1
C52H32N4O13Zn4-3_8-r2SCAN-D4,Zn4H32C52N4O13,-0.199025,-800.746,r2SCAN-D4,P1
C52H32N4O13Zn4-3-r2SCAN-D4,Zn4H32C52N4O13,-0.219777,-802.925,r2SCAN-D4,P1
C52H32N12O17Zn4-1_2-r2SCAN-D4,Zn4H32C52N12O17,-0.199641,-899.699,r2SCAN-D4,P1
C52H32N12O17Zn4-2_11-r2SCAN-D4,Zn4H32C52N12O17,-0.120293,-890.415,r2SCAN-D4,P1
C44H40N20O17Zn4-0_12-r2SCAN-D4,Zn4H40C44N20O17,-0.28324,-932.474,r2SCAN-D4,P1
C44H28N16O21Zn4-3_6-r2SCAN-D4,Zn4H28C44N16O21,-0.255183,-871.101,r2SCAN-D4,P1
C44H32N32O13Zn4-2_9-r2SCAN-D4,Zn4H32C44N32O13,-0.0685182,-964.508,r2SCAN-D4,P1
C42H30N12O16Zn4-3_15-r2SCAN-D4,Zn2H15C21(N3O4)2,-0.271357,-791.657,r2SCAN-D4,P1
C44H16N40O13Zn4-1-r2SCAN-D4,Zn4H16C44N40O13,0.0945965,-962.773,r2SCAN-D4,P1
C51H42N6O19Zn4-3_16-r2SCAN-D4,Zn4H42C51N6O19,-0.283631,-892.232,r2SCAN-D4,P1
C51H18N27O10Zn4-3_8-r2SCAN-D4,Zn4H18C51N27O10,0.126113,-900.574,r2SCAN-D4,P1
C48H40N8O25Zn4-0_7-r2SCAN-D4,Zn4H40C48N8O25,-0.349561,-917.587,r2SCAN-D4,P1
C48H32N8O17Zn4-2_11-r2SCAN-D4,Zn4H32C48N8O17,-0.213796,-822.972,r2SCAN-D4,P1
C48H32N8O17S4Zn4-3_9-r2SCAN-D4,Zn4H32C48S4N8O17,-0.202844,-855.113,r2SCAN-D4,P1
C48H32N8O13Zn4-0_9-r2SCAN-D4,Zn4H32C48N8O13,-0.224505,-799.957,r2SCAN-D4,P1
C48H32N20O17Zn4-3_5-r2SCAN-D4,Zn4H32C48N20O17,-0.210436,-934.944,r2SCAN-D4,P1
C48H32N20O17Zn4-1_3-r2SCAN-D4,Zn4H32C48N20O17,-0.190281,-932.506,r2SCAN-D4,P1
C48H24N24O10Zn4-2_10-r2SCAN-D4,Zn2H12C24N12O5,0.0430462,-872.949,r2SCAN-D4,P1
C48H24N16O13S8Zn4-1-r2SCAN-D4,Zn4H24C48S8N16O13,-0.0693373,-894.82,r2SCAN-D4,P1
C48H24N12O21Zn4-1_3-r2SCAN-D4,Zn4H24C48(N4O7)3,-0.20434,-854.174,r2SCAN-D4,P1
C48H24N12O21Zn4-0_1-r2SCAN-D4,Zn4H24C48(N4O7)3,-0.180837,-851.612,r2SCAN-D4,P1
C44H40N24O13Zn4-1_1-r2SCAN-D4,Zn4H40C44N24O13,-0.183166,-933.285,r2SCAN-D4,P1
C30H12N18O19Zn4-3-r2SCAN-D4,Zn4H12C30N18O19,-0.179189,-668.249,r2SCAN-D4,P1
C48H18N12O19Zn4-2_5-r2SCAN-D4,Zn4H18C48N12O19,-0.241296,-823.888,r2SCAN-D4,P1
C52H20N8O13Zn4-2_2-r2SCAN-D4,Zn4H20C52N8O13,-0.0757905,-782.321,r2SCAN-D4,P1
C48H18N12O19Zn4-2_11-r2SCAN-D4,Zn4H18C48N12O19,-0.247794,-824.545,r2SCAN-D4,P1
C44H32N8O13Zn4-3_10-r2SCAN-D4,Zn4H32C44N8O13,-0.214158,-757.946,r2SCAN-D4,P1
C42H24N6O13S3Zn4-3_2-r2SCAN-D4,Zn4H24C42S3N6O13,-0.205716,-713.643,r2SCAN-D4,P1
C60H30N6O25Zn4-1_13-r2SCAN-D4,Zn4H30C60N6O25,-0.263151,-974.118,r2SCAN-D4,P1
C56H24N12O21Zn4-0_11-r2SCAN-D4,Zn4H24C56(N4O7)3,-0.247863,-941.037,r2SCAN-D4,P1
C60H40N4O17Zn4-0_10-MACE-OMat-D3,C60H40N4O17Zn4-0_10-MACE-OMat-D3,-0.272258,-837.319,MACE-OMat-D3,P1
C60H30N6O25Zn4-2_9-MACE-OMat-D3,C60H30N6O25Zn4-2_9-MACE-OMat-D3,-0.296343,-864.167,MACE-OMat-D3,P1
C60H28N8O17Zn4-3_4-MACE-OMat-D3,C60H28N8O17Zn4-3_4-MACE-OMat-D3,-0.231818,-824.863,MACE-OMat-D3,P1
C60H24N12O13S6Zn4-0_8-MACE-OMat-D3,C60H24N12O13S6Zn4-0_8-MACE-OMat-D3,-0.0882999,-833.632,MACE-OMat-D3,P1
C60H18N12O13S6Zn4-0_5-MACE-OMat-D3,C60H18N12O13S6Zn4-0_5-MACE-OMat-D3,0.0179623,-801.632,MACE-OMat-D3,P1
C60H16N16O13Zn4-0_14-MACE-OMat-D3,C60H16N16O13Zn4-0_14-MACE-OMat-D3,-0.0550875,-811.785,MACE-OMat-D3,P1
C56H8N40O13Zn4-2_2-MACE-OMat-D3,C56H8N40O13Zn4-2_2-MACE-OMat-D3,0.0899624,-932.437,MACE-OMat-D3,P1
C56H40N4O13Zn4-0_9-MACE-OMat-D3,C56H40N4O13Zn4-0_9-MACE-OMat-D3,-0.238181,-774.583,MACE-OMat-D3,P1
C56H32N8O17Zn4-3_8-MACE-OMat-D3,C56H32N8O17Zn4-3_8-MACE-OMat-D3,-0.227718,-800.58,MACE-OMat-D3,P1
C56H16N12O13Zn4-0_2-MACE-OMat-D3,C56H16N12O13Zn4-0_2-MACE-OMat-D3,-0.0759249,-743.292,MACE-OMat-D3,P1
C54H36N18O13Zn4-3_6-MACE-OMat-D3,C54H36N18O13Zn4-3_6-MACE-OMat-D3,-0.171163,-853.572,MACE-OMat-D3,P1
C54H24N6O10S6Zn4-0_7-MACE-OMat-D3,C54H24N6O10S6Zn4-0_7-MACE-OMat-D3,-0.0564656,-708.917,MACE-OMat-D3,P1
C54H24N12O13S3Zn4-3_12-MACE-OMat-D3,C54H24N12O13S3Zn4-3_12-MACE-OMat-D3,-0.121777,-768.966,MACE-OMat-D3,P1
C52H44N8O17Zn4-0_16-MACE-OMat-D3,C52H44N8O17Zn4-0_16-MACE-OMat-D3,-0.254548,-807.902,MACE-OMat-D3,P1
C52H32N4O13Zn4-2_12-MACE-OMat-D3,C52H32N4O13Zn4-2_12-MACE-OMat-D3,-0.222039,-707.302,MACE-OMat-D3,P1
C52H28N8O13Zn4-2_15-MACE-OMat-D3,C52H28N8O13Zn4-2_15-MACE-OMat-D3,-0.189203,-724.257,MACE-OMat-D3,P1
C52H28N8O13Zn4-1_6-MACE-OMat-D3,C52H28N8O13Zn4-1_6-MACE-OMat-D3,-0.141242,-719.222,MACE-OMat-D3,P1
C52H24N8O17Zn4-2_10-MACE-OMat-D3,C52H24N8O17Zn4-2_10-MACE-OMat-D3,-0.254102,-737.889,MACE-OMat-D3,P1
C52H24N8O17Zn4-0_6-MACE-OMat-D3,C52H24N8O17Zn4-0_6-MACE-OMat-D3,-0.221697,-734.487,MACE-OMat-D3,P1
C48H40N16O13Zn4-1_14-MACE-OMat-D3,C48H40N16O13Zn4-1_14-MACE-OMat-D3,-0.281001,-807.295,MACE-OMat-D3,P1
C48H32N8O13Zn4-2_10-MACE-OMat-D3,C48H32N8O13Zn4-2_10-MACE-OMat-D3,-0.261692,-708.065,MACE-OMat-D3,P1
C48H30N12O13Zn4-1_11-MACE-OMat-D3,C48H30N12O13Zn4-1_11-MACE-OMat-D3,-0.201672,-729.057,MACE-OMat-D3,P1
C48H28N4O13Zn4-2_3-MACE-OMat-D3,C48H28N4O13Zn4-2_3-MACE-OMat-D3,-0.236463,-657.171,MACE-OMat-D3,P1
C48H28N12O21Zn4-2_11-MACE-OMat-D3,C48H28N12O21Zn4-2_11-MACE-OMat-D3,-0.282387,-772.486,MACE-OMat-D3,P1
C48H24N8O13S8Zn4-1_2-MACE-OMat-D3,C48H24N8O13S8Zn4-1_2-MACE-OMat-D3,-0.164101,-704.898,MACE-OMat-D3,P1
C48H18N12O19Zn4-2_3-MACE-OMat-D3,C48H18N12O19Zn4-2_3-MACE-OMat-D3,-0.276768,-726.196,MACE-OMat-D3,P1
C48H18N12O19Zn4-1_17-MACE-OMat-D3,C48H18N12O19Zn4-1_17-MACE-OMat-D3,-0.279196,-726.441,MACE-OMat-D3,P1
C48H18N12O19Zn4-1_12-MACE-OMat-D3,C48H18N12O19Zn4-1_12-MACE-OMat-D3,-0.229625,-721.434,MACE-OMat-D3,P1
C48H18N12O19Zn4-0-MACE-OMat-D3,C48H18N12O19Zn4-0-MACE-OMat-D3,-0.207987,-719.249,MACE-OMat-D3,P1
C46H30N8O15Zn4-2_5-MACE-OMat-D3,C46H30N8O15Zn4-2_5-MACE-OMat-D3,-0.270294,-693.447,MACE-OMat-D3,P1
C46H30N8O15Zn4-2_3-MACE-OMat-D3,C46H30N8O15Zn4-2_3-MACE-OMat-D3,-0.260553,-692.444,MACE-OMat-D3,P1
C46H30N8O15Zn4-2_1-MACE-OMat-D3,C46H30N8O15Zn4-2_1-MACE-OMat-D3,-0.238669,-690.19,MACE-OMat-D3,P1
C44H36N4O13Zn4-2_5-MACE-OMat-D3,C44H36N4O13Zn4-2_5-MACE-OMat-D3,-0.269671,-650.642,MACE-OMat-D3,P1
C44H32O17Zn4-2-MACE-OMat-D3,C44H32O17Zn4-2-MACE-OMat-D3,-0.357676,-631.539,MACE-OMat-D3,P1
C44H28N16O21Zn4-1_11-MACE-OMat-D3,C44H28N16O21Zn4-1_11-MACE-OMat-D3,-0.26827,-767.49,MACE-OMat-D3,P1
C42H30N12O16Zn4-0_16-MACE-OMat-D3,C42H30N12O16Zn4-0_16-MACE-OMat-D3,-0.346845,-703.227,MACE-OMat-D3,P1
C42H24N6O13Zn4-0_10-MACE-OMat-D3,C42H24N6O13Zn4-0_10-MACE-OMat-D3,-0.258349,-605.773,MACE-OMat-D3,P1
C40H24N8O13Zn4-1_11-MACE-OMat-D3,C40H24N8O13Zn4-1_11-MACE-OMat-D3,-0.262989,-604.486,MACE-OMat-D3,P1
C40H20N8O17Zn4-0_18-MACE-OMat-D3,C40H20N8O17Zn4-0_18-MACE-OMat-D3,-0.230048,-608.372,MACE-OMat-D3,P1
C40H20N8O13Zn4-3_12-MACE-OMat-D3,C40H20N8O13Zn4-3_12-MACE-OMat-D3,-0.251289,-589.465,MACE-OMat-D3,P1
C40H20N8O17Zn4-0_14-MACE-OMat-D3,C40H20N8O17Zn4-0_14-MACE-OMat-D3,-0.316765,-616.09,MACE-OMat-D3,P1
C40H16N24O25Zn4-1_8-MACE-OMat-D3,C40H16N24O25Zn4-1_8-MACE-OMat-D3,-0.212757,-771.212,MACE-OMat-D3,P1
C33H30N15O13Zn4-0_14-MACE-OMat-D3,C33H30N15O13Zn4-0_14-MACE-OMat-D3,-0.344605,-627.33,MACE-OMat-D3,P1
C33H18O10Zn4-0_11-MACE-OMat-D3,C33H18O10Zn4-0_11-MACE-OMat-D3,-0.22704,-430.412,MACE-OMat-D3,P1
C28H24N8O17Zn4-1_11-MACE-OMat-D3,C28H24N8O17Zn4-1_11-MACE-OMat-D3,-0.456665,-527.527,MACE-OMat-D3,P1
C28H20N8O11Zn4-0_3-MACE-OMat-D3,C28H20N8O11Zn4-0_3-MACE-OMat-D3,-0.301633,-469.289,MACE-OMat-D3,P1
C28H20N12O25Zn4-2_12-MACE-OMat-D3,C28H20N12O25Zn4-2_12-MACE-OMat-D3,-0.340485,-580.828,MACE-OMat-D3,P1
C24H24O13Zn4-0_2-MACE-OMat-D3,C24H24O13Zn4-0_2-MACE-OMat-D3,-0.494697,-399.364,MACE-OMat-D3,P1
C24H18N2O11Zn4-2_5-MACE-OMat-D3,C24H18N2O11Zn4-2_5-MACE-OMat-D3,-0.394321,-377.804,MACE-OMat-D3,P1
C24H16N8O21Zn4-2-MACE-OMat-D3,C24H16N8O21Zn4-2-MACE-OMat-D3,-0.463175,-481.413,MACE-OMat-D3,P1
C30H12N2O11Zn4-3_8-r2SCAN-D4,C30H12N2O11Zn4-3_8-r2SCAN-D4,-0.299222,-478.044,r2SCAN-D4,P1
C21H18O13Zn4-1_8.0-r2SCAN-D4,C21H18O13Zn4-1_8.0-r2SCAN-D4,-0.542383,-414.692,r2SCAN-D4,P1
C21H18O13Zn4-1_7-r2SCAN-D4,C21H18O13Zn4-1_7-r2SCAN-D4,-0.54195,-414.668,r2SCAN-D4,P1
C18H12O19Zn4-0_6-r2SCAN-D4,C18H12O19Zn4-0_6-r2SCAN-D4,-0.767982,-409.155,r2SCAN-D4,P1
C56H24N16O17Zn4-3_15-MACE-OMat-D3,C56H24N16O17Zn4-3_15-MACE-OMat-D3,-0.159894,-833.452,MACE-OMat-D3,P1
C56H24N16O13Zn4-1_3-MACE-OMat-D3,C56H24N16O13Zn4-1_3-MACE-OMat-D3,-0.115421,-807.994,MACE-OMat-D3,P1
C52H20N8O13Zn4-2_8-MACE-OMat-D3,C52H20N8O13Zn4-2_8-MACE-OMat-D3,-0.117687,-689.857,MACE-OMat-D3,P1
C50H32N4O9Zn4-3_2-MACE-OMat-D3,C50H32N4O9Zn4-3_2-MACE-OMat-D3,-0.122924,-657.975,MACE-OMat-D3,P1
C48H24N16O13S8Zn4-1-MACE-OMat-D3,C48H24N16O13S8Zn4-1-MACE-OMat-D3,-0.16291,-772.833,MACE-OMat-D3,P1
C36H18N6O25Zn4-3_11-MACE-OMat-D3,C36H18N6O25Zn4-3_11-MACE-OMat-D3,-0.455653,-608.081,MACE-OMat-D3,P1
C36H18N6O13S3Zn4-3-MACE-OMat-D3,C36H18N6O13S3Zn4-3-MACE-OMat-D3,-0.276689,-542.671,MACE-OMat-D3,P1
C44H28N16O13Zn4-2_1-MACE-OMat-D3,C44H28N16O13Zn4-2_1-MACE-OMat-D3,-0.246178,-723.439,MACE-OMat-D3,P1
C44H24O13Zn4-1_11-MACE-OMat-D3,C44H24O13Zn4-1_11-MACE-OMat-D3,-0.32717,-578.911,MACE-OMat-D3,P1
C44H24N8O13S4Zn4-3_4-MACE-OMat-D3,C44H24N8O13S4Zn4-3_4-MACE-OMat-D3,-0.221685,-655.877,MACE-OMat-D3,P1
C44H24N16O13Zn4-2_8-MACE-OMat-D3,C44H24N16O13Zn4-2_8-MACE-OMat-D3,-0.167442,-701.527,MACE-OMat-D3,P1
C16H10Mg4N2O6-4-r2SCAN-D4,C16H10Mg4N2O6-4-r2SCAN-D4,-0.238899,-273.938,r2SCAN-D4,P1
C44H24N8O13S4Zn4-0_14-r2SCAN-D4,Zn4H24C44S4N8O13,-0.152522,-755.979,r2SCAN-D4,P1
C44H20N8O13Zn4-3-r2SCAN-D4,Zn4H20C44N8O13,-0.163218,-709.359,r2SCAN-D4,P1
C42H24N6O13S3Zn4-0_3-r2SCAN-D4,Zn4H24C42S3N6O13,-0.235276,-716.362,r2SCAN-D4,P1
C42H24N6O13S3Zn4-0_14-r2SCAN-D4,Zn4H24C42S3N6O13,-0.236667,-716.49,r2SCAN-D4,P1
C40H24N8O25Zn4-0_7-r2SCAN-D4,Zn4H24C40N8O25,-0.303091,-769.057,r2SCAN-D4,P1
C40H24N12O21Zn4-3_1-r2SCAN-D4,Zn4H24C40(N4O7)3,-0.339369,-786.041,r2SCAN-D4,P1
C40H20N8O17Zn4-1_6-r2SCAN-D4,Zn4H20C40N8O17,-0.239907,-699.4,r2SCAN-D4,P1
C52H20N12O13Zn4-2_3-r2SCAN-D4,Zn4H20C52N12O13,-0.0653302,-818.172,r2SCAN-D4,P1
C48H24O21Zn4-3_11-r2SCAN-D4,Zn4H24(C16O7)3,-0.396024,-760.502,r2SCAN-D4,P1
C48H24N6O13S6Zn4-1_12-r2SCAN-D4,Zn4H24C48S6N6O13,-0.158448,-795.215,r2SCAN-D4,P1
C48H18N12O19Zn4-3_1-r2SCAN-D4,Zn4H18C48N12O19,-0.164557,-816.138,r2SCAN-D4,P1
C48H18N6O13S6Zn4-2_13-r2SCAN-D4,Zn4H18C48S6N6O13,-0.0728693,-765.393,r2SCAN-D4,P1
C48H18N12O19Zn4-3_11-r2SCAN-D4,Zn4H18C48N12O19,-0.243195,-824.08,r2SCAN-D4,P1
C54H24N6O13Zn4-0_5-r2SCAN-D4,Zn4H24C54N6O13,-0.0891742,-799.535,r2SCAN-D4,P1
C48H16N16O17Zn4-0_9-r2SCAN-D4,Zn4H16C48N16O17,-0.112297,-828.908,r2SCAN-D4,P1
C36H24N8O21Zn4-3_16-r2SCAN-D4,Zn4H24C36N8O21,-0.44689,-716.653,r2SCAN-D4,P1
C30H18N24O13Zn4-1_4-r2SCAN-D4,Zn4H18C30N24O13,-0.1192,-704.707,r2SCAN-D4,P1
C64H24N16O13Zn4-1_14-r2SCAN-D4,Zn4H24C64N16O13,0.0127258,-980.67,r2SCAN-D4,P1
C64H28N12O17Zn4-2_1-r2SCAN-D4,Zn4H28C64N12O17,-0.0449424,-988.335,r2SCAN-D4,P1
C56H40N8O17Zn4-2-r2SCAN-D4,Zn4H40C56N8O17,-0.210932,-933.826,r2SCAN-D4,P1
C56H8N40O13Zn4-3_8-r2SCAN-D4,Zn4H8C56N40O13,0.214307,-1040.46,r2SCAN-D4,P1
C56H36N12O13Zn4-2-r2SCAN-D4,Zn4H36C56N12O13,-0.0525527,-913.312,r2SCAN-D4,P1
C56H32N4O17Zn4-3_9-r2SCAN-D4,Zn4H32C56N4O17,-0.229199,-869.1,r2SCAN-D4,P1
C56H32N8O17S4Zn4-2_3-r2SCAN-D4,Zn4H32C56S4N8O17,-0.16215,-931.948,r2SCAN-D4,P1
C56H32N8O13S8Zn4-4_3-r2SCAN-D4,Zn4H32C56S8N8O13,-0.115348,-935.524,r2SCAN-D4,P1
C56H32N8O13S8Zn4-0_3-r2SCAN-D4,Zn4H32C56S8N8O13,-0.055424,-928.274,r2SCAN-D4,P1
C56H32N4O17Zn4-0_5-r2SCAN-D4,Zn4H32C56N4O17,-0.240409,-870.366,r2SCAN-D4,P1
C56H24N16O17Zn4-3_15-r2SCAN-D4,Zn4H24C56N16O17,-0.113385,-938.624,r2SCAN-D4,P1
C56H24N16O13S8Zn4-3_15-r2SCAN-D4,Zn4H24C56S8N16O13,0.0169811,-965.066,r2SCAN-D4,P1
C54H39N9O16Zn4-2_5-r2SCAN-D4,Zn4H39C54N9O16,-0.231568,-915.55,r2SCAN-D4,P1
C54H18N12O13S6Zn4-3_1-r2SCAN-D4,Zn4H18C54S6N12O13,-0.0703117,-881.002,r2SCAN-D4,P1
C54H18N12O13S6Zn4-3_15-r2SCAN-D4,Zn4H18C54S6N12O13,-0.0266682,-876.332,r2SCAN-D4,P1
C52H32N4O13Zn4-2_3-r2SCAN-D4,Zn4H32C52N4O13,-0.242013,-805.259,r2SCAN-D4,P1
C52H28N8O13Zn4-2_2-r2SCAN-D4,Zn4H28C52N8O13,-0.194855,-823.084,r2SCAN-D4,P1
C52H28N4O21Zn4-3_2-r2SCAN-D4,Zn4H28C52N4O21,-0.344308,-850.118,r2SCAN-D4,P1
C44H32N4O21Zn4-2_17-r2SCAN-D4,Zn4H32C44N4O21,-0.341829,-782.172,r2SCAN-D4,P1
C42H30N12O16Zn4-0_12-r2SCAN-D4,Zn2H15C21(N3O4)2,-0.30724,-795.389,r2SCAN-D4,P1
C39H36N12O13Zn4-2-r2SCAN-D4,Zn4H36C39N12O13,-0.227851,-760.36,r2SCAN-D4,P1
C40H16N24O25Zn4-0_13-r2SCAN-D4,Zn4H16C40N24O25,-0.116673,-869.924,r2SCAN-D4,P1
C52H28N12O17Zn4-3_2-r2SCAN-D4,Zn4H28C52N12O17,-0.165122,-881.172,r2SCAN-D4,P1
C52H24N16O13Zn4-1_1-r2SCAN-D4,Zn4H24C52N16O13,-0.110164,-874.014,r2SCAN-D4,P1
C52H28N12O17Zn4-2_7-r2SCAN-D4,Zn4H28C52N12O17,-0.162065,-880.826,r2SCAN-D4,P1
C51H42N6O19Zn4-1_15-r2SCAN-D4,Zn4H42C51N6O19,-0.264699,-889.922,r2SCAN-D4,P1
C48H39N6O16Zn4-2_17-r2SCAN-D4,Zn4H39C48(N3O8)2,-0.279284,-831.303,r2SCAN-D4,P1
C48H36N6O13Zn4-0_10-r2SCAN-D4,Zn4H36C48N6O13,-0.241428,-797.743,r2SCAN-D4,P1
C48H32N8O17S4Zn4-3_1-r2SCAN-D4,Zn4H32C48S4N8O17,-0.242999,-859.651,r2SCAN-D4,P1
C44H40N24O13Zn4-3_2-r2SCAN-D4,Zn4H40C44N24O13,-0.213784,-937.112,r2SCAN-D4,P1
C48H28N12O21Zn4-1_4-r2SCAN-D4,Zn4H28C48(N4O7)3,-0.297067,-879.297,r2SCAN-D4,P1
C48H24N8O13S8Zn4-1_6-r2SCAN-D4,Zn4H24C48S8N8O13,-0.0841032,-822.606,r2SCAN-D4,P1
C48H24N8O17S4Zn4-2_13-r2SCAN-D4,Zn4H24C48S4N8O17,-0.185228,-823.985,r2SCAN-D4,P1
C48H24N8O13S8Zn4-3_12-r2SCAN-D4,Zn4H24C48S8N8O13,-0.0977004,-824.034,r2SCAN-D4,P1
C48H24N16O9S8Zn4-7_1-r2SCAN-D4,Zn4H24C48S8N16O9,0.0184949,-861.684,r2SCAN-D4,P1
C48H24N16O13S8Zn4-1_5-r2SCAN-D4,Zn4H24C48S8N16O13,-0.0791209,-895.925,r2SCAN-D4,P1
C48H24N16O13S8Zn4-0_10-r2SCAN-D4,Zn4H24C48S8N16O13,-0.0911779,-897.288,r2SCAN-D4,P1
C48H24N12O21Zn4-2_6-r2SCAN-D4,Zn4H24C48(N4O7)3,-0.286998,-863.184,r2SCAN-D4,P1
C48H24N16O13S8Zn4-0_7-r2SCAN-D4,Zn4H24C48S8N16O13,-0.0848806,-896.576,r2SCAN-D4,P1
C48H24N12O19Zn4-0_7-r2SCAN-D4,Zn4H24C48N12O19,-0.285111,-850.766,r2SCAN-D4,P1
C48H24N12O19Zn4-3_3-r2SCAN-D4,Zn4H24C48N12O19,-0.180765,-839.601,r2SCAN-D4,P1
C45H27N9O19Zn4-3_15-r2SCAN-D4,Zn4H27C45N9O19,-0.245277,-798.634,r2SCAN-D4,P1
C48H18N12O19Zn4-2_15-r2SCAN-D4,Zn4H18C48N12O19,-0.239574,-823.715,r2SCAN-D4,P1
C60H44N4O13Zn4-0_12-r2SCAN-D4,Zn4H44C60N4O13,-0.162452,-921.774,r2SCAN-D4,P1
C60H32N8O17Zn4-0_5-r2SCAN-D4,Zn4H32C60N8O17,-0.0964237,-931.54,r2SCAN-D4,P1
C64H36N4O13Zn4-3_9-MACE-OMat-D3,C64H36N4O13Zn4-3_9-MACE-OMat-D3,-0.183601,-829.514,MACE-OMat-D3,P1
C60H32O13Zn4-2-MACE-OMat-D3,C60H32O13Zn4-2-MACE-OMat-D3,-0.234727,-749.752,MACE-OMat-D3,P1
C60H24N12O13S6Zn4-1_13-MACE-OMat-D3,C60H24N12O13S6Zn4-1_13-MACE-OMat-D3,-0.110519,-836.276,MACE-OMat-D3,P1
C60H18N12O13S6Zn4-3_11-MACE-OMat-D3,C60H18N12O13S6Zn4-3_11-MACE-OMat-D3,-0.04196,-808.403,MACE-OMat-D3,P1
C60H16N16O13Zn4-2_3-MACE-OMat-D3,C60H16N16O13Zn4-2_3-MACE-OMat-D3,-0.0826584,-814.79,MACE-OMat-D3,P1
C60H16N16O13Zn4-0_13-MACE-OMat-D3,C60H16N16O13Zn4-0_13-MACE-OMat-D3,-0.026547,-808.674,MACE-OMat-D3,P1
C56H32N8O17S4Zn4-0_7-MACE-OMat-D3,C56H32N8O17S4Zn4-0_7-MACE-OMat-D3,-0.217103,-816.722,MACE-OMat-D3,P1
C56H32N4O17Zn4-0_7-MACE-OMat-D3,C56H32N4O17Zn4-0_7-MACE-OMat-D3,-0.25884,-769.808,MACE-OMat-D3,P1
C56H16N12O13Zn4-2_8-MACE-OMat-D3,C56H16N12O13Zn4-2_8-MACE-OMat-D3,-0.0983651,-745.558,MACE-OMat-D3,P1
C54H30N6O19Zn4-1_8-MACE-OMat-D3,C54H30N6O19Zn4-1_8-MACE-OMat-D3,-0.260792,-771.737,MACE-OMat-D3,P1
C54H24N12O13S3Zn4-0_4-MACE-OMat-D3,C54H24N12O13S3Zn4-0_4-MACE-OMat-D3,-0.122272,-769.02,MACE-OMat-D3,P1
C54H18N12O13S6Zn4-2-MACE-OMat-D3,C54H18N12O13S6Zn4-2-MACE-OMat-D3,-0.114462,-760.741,MACE-OMat-D3,P1
C52H32N4O13Zn4-3_8-MACE-OMat-D3,C52H32N4O13Zn4-3_8-MACE-OMat-D3,-0.218435,-706.923,MACE-OMat-D3,P1
C52H32N4O13Zn4-0_12-MACE-OMat-D3,C52H32N4O13Zn4-0_12-MACE-OMat-D3,-0.230344,-708.174,MACE-OMat-D3,P1
C48H36N12O13S4Zn4-0_16-MACE-OMat-D3,C48H36N12O13S4Zn4-0_16-MACE-OMat-D3,-0.227799,-770.108,MACE-OMat-D3,P1
C48H32N8O13Zn4-2_6-MACE-OMat-D3,C48H32N8O13Zn4-2_6-MACE-OMat-D3,-0.234388,-705.198,MACE-OMat-D3,P1
C48H30N12O13Zn4-2_12-MACE-OMat-D3,C48H30N12O13Zn4-2_12-MACE-OMat-D3,-0.207222,-729.651,MACE-OMat-D3,P1
C48H28N16O5Zn4-0_1-MACE-OMat-D3,C48H28N16O5Zn4-0_1-MACE-OMat-D3,0.116025,-683.066,MACE-OMat-D3,P1
C48H24N8O33Zn4-0_2-MACE-OMat-D3,C48H24N8O33Zn4-0_2-MACE-OMat-D3,-0.438728,-804.931,MACE-OMat-D3,P1
C48H24N8O17Zn4-1_17-MACE-OMat-D3,C48H24N8O17Zn4-1_17-MACE-OMat-D3,-0.219225,-696.572,MACE-OMat-D3,P1
C48H24N8O13S8Zn4-0_2-MACE-OMat-D3,C48H24N8O13S8Zn4-0_2-MACE-OMat-D3,-0.110944,-699.317,MACE-OMat-D3,P1
C48H24N12O19Zn4-1_13-MACE-OMat-D3,C48H24N12O19Zn4-1_13-MACE-OMat-D3,-0.313376,-751.236,MACE-OMat-D3,P1
C45H24N6O13Zn4-3_11-MACE-OMat-D3,C45H24N6O13Zn4-3_11-MACE-OMat-D3,-0.178955,-626.828,MACE-OMat-D3,P1
C44H40N24O13Zn4-3_4-MACE-OMat-D3,C44H40N24O13Zn4-3_4-MACE-OMat-D3,-0.296967,-840.393,MACE-OMat-D3,P1
C44H36N16O13Zn4-1_16-MACE-OMat-D3,C44H36N16O13Zn4-1_16-MACE-OMat-D3,-0.298114,-757.228,MACE-OMat-D3,P1
C44H36N16O13Zn4-0_11-MACE-OMat-D3,C44H36N16O13Zn4-0_11-MACE-OMat-D3,-0.266264,-753.629,MACE-OMat-D3,P1
C44H32N32O13Zn4-1_10-MACE-OMat-D3,C44H32N32O13Zn4-1_10-MACE-OMat-D3,-0.206355,-869.874,MACE-OMat-D3,P1
C44H28N16O21Zn4-1_18-MACE-OMat-D3,C44H28N16O21Zn4-1_18-MACE-OMat-D3,-0.296846,-770.719,MACE-OMat-D3,P1
C42H24N6O13Zn4-2_14-MACE-OMat-D3,C42H24N6O13Zn4-2_14-MACE-OMat-D3,-0.257518,-605.699,MACE-OMat-D3,P1
C42H24N6O13S3Zn4-2_3-MACE-OMat-D3,C42H24N6O13S3Zn4-2_3-MACE-OMat-D3,-0.249793,-618.148,MACE-OMat-D3,P1
C42H24N6O13S3Zn4-1-MACE-OMat-D3,C42H24N6O13S3Zn4-1-MACE-OMat-D3,-0.25946,-619.037,MACE-OMat-D3,P1
C40H36N8O13Zn4-2_7-MACE-OMat-D3,C40H36N8O13Zn4-2_7-MACE-OMat-D3,-0.299571,-650.262,MACE-OMat-D3,P1
C40H24N8O25Zn4-0_7-MACE-OMat-D3,C40H24N8O25Zn4-0_7-MACE-OMat-D3,-0.342119,-675.012,MACE-OMat-D3,P1
C40H24N8O17Zn4-2_4-MACE-OMat-D3,C40H24N8O17Zn4-2_4-MACE-OMat-D3,-0.316497,-630.307,MACE-OMat-D3,P1
C40H24N8O9Zn4-0_4-MACE-OMat-D3,C40H24N8O9Zn4-0_4-MACE-OMat-D3,-0.0405091,-564.731,MACE-OMat-D3,P1
C40H20N8O13Zn4-3_11-MACE-OMat-D3,C40H20N8O13Zn4-3_11-MACE-OMat-D3,-0.211643,-586.095,MACE-OMat-D3,P1
C40H20N8O13Zn4-2_11-MACE-OMat-D3,C40H20N8O13Zn4-2_11-MACE-OMat-D3,-0.252191,-589.541,MACE-OMat-D3,P1
C34H22N8O15Zn4-0_15-MACE-OMat-D3,C34H22N8O15Zn4-0_15-MACE-OMat-D3,-0.343034,-557.793,MACE-OMat-D3,P1
C34H22N8O15Zn4-0_13-MACE-OMat-D3,C34H22N8O15Zn4-0_13-MACE-OMat-D3,-0.375684,-560.503,MACE-OMat-D3,P1
C30H18N24O13Zn4-1_4-MACE-OMat-D3,C30H18N24O13Zn4-1_4-MACE-OMat-D3,-0.207316,-621.636,MACE-OMat-D3,P1
C24H24N24O13Zn4-2_11-MACE-OMat-D3,C24H24N24O13Zn4-2_11-MACE-OMat-D3,-0.272345,-591.718,MACE-OMat-D3,P1
C21H18O13Zn4-2_9-r2SCAN-D4,C21H18O13Zn4-2_9-r2SCAN-D4,-0.545717,-414.879,r2SCAN-D4,P1
C20H16O11Zn4-2_3.0-r2SCAN-D4,C20H16O11Zn4-2_3.0-r2SCAN-D4,-0.436439,-378.004,r2SCAN-D4,P1
C18H15N3O13Zn4-3_9-r2SCAN-D4,C18H15N3O13Zn4-3_9-r2SCAN-D4,-0.581257,-402.156,r2SCAN-D4,P1
C56H24N4O21Zn4-0_7-MACE-OMat-D3,C56H24N4O21Zn4-0_7-MACE-OMat-D3,-0.239673,-760.526,MACE-OMat-D3,P1
C56H24N16O13Zn4-1_5-MACE-OMat-D3,C56H24N16O13Zn4-1_5-MACE-OMat-D3,-0.132573,-809.932,MACE-OMat-D3,P1
C56H24N16O13Zn4-1_17-MACE-OMat-D3,C56H24N16O13Zn4-1_17-MACE-OMat-D3,-0.167608,-813.891,MACE-OMat-D3,P1
C56H24N12O21Zn4-3_15-MACE-OMat-D3,C56H24N12O21Zn4-3_15-MACE-OMat-D3,-0.218575,-826.731,MACE-OMat-D3,P1
C51H18N27O10Zn4-3_6-MACE-OMat-D3,C51H18N27O10Zn4-3_6-MACE-OMat-D3,0.0214535,-804.102,MACE-OMat-D3,P1
C48H42N6O13S3Zn4-0_9-MACE-OMat-D3,C48H42N6O13S3Zn4-0_9-MACE-OMat-D3,-0.250978,-737.835,MACE-OMat-D3,P1
C48H42N12O13Zn4-1_19-MACE-OMat-D3,C48H42N12O13Zn4-1_19-MACE-OMat-D3,-0.264976,-777.935,MACE-OMat-D3,P1
C48H24N6O13Zn4-1_12-MACE-OMat-D3,C48H24N6O13Zn4-1_12-MACE-OMat-D3,-0.189203,-655.923,MACE-OMat-D3,P1
C48H24N6O13Zn4-0_3-MACE-OMat-D3,C48H24N6O13Zn4-0_3-MACE-OMat-D3,-0.200863,-657.03,MACE-OMat-D3,P1
C48H24N6O13S9Zn4-0_2-MACE-OMat-D3,C48H24N6O13S9Zn4-0_2-MACE-OMat-D3,-0.13088,-688.719,MACE-OMat-D3,P1
C48H24N6O13S6Zn4-0_12-MACE-OMat-D3,C48H24N6O13S6Zn4-0_12-MACE-OMat-D3,-0.203357,-683.26,MACE-OMat-D3,P1
C44H20N8O13Zn4-2_18-MACE-OMat-D3,C44H20N8O13Zn4-2_18-MACE-OMat-D3,-0.174778,-620.439,MACE-OMat-D3,P1
C44H20N8O13Zn4-0_13-MACE-OMat-D3,C44H20N8O13Zn4-0_13-MACE-OMat-D3,-0.178456,-620.766,MACE-OMat-D3,P1
C36H32N12O17Zn4-1_4-MACE-OMat-D3,C36H32N12O17Zn4-1_4-MACE-OMat-D3,-0.385349,-662.343,MACE-OMat-D3,P1
C36H26N6O11Zn4-0_9-MACE-OMat-D3,C36H26N6O11Zn4-0_9-MACE-OMat-D3,-0.251205,-545.054,MACE-OMat-D3,P1
C36H24N6O13Zn4-1_25-MACE-OMat-D3,C36H24N6O13Zn4-1_25-MACE-OMat-D3,-0.294607,-552.065,MACE-OMat-D3,P1
C36H20N8O21Zn4-2_20-MACE-OMat-D3,C36H20N8O21Zn4-2_20-MACE-OMat-D3,-0.315011,-598.948,MACE-OMat-D3,P1
C36H12N27O13Zn4-0_3-MACE-OMat-D3,C36H12N27O13Zn4-0_3-MACE-OMat-D3,-0.102987,-673.399,MACE-OMat-D3,P1
C24H18N6O13Zn4-2_3-r2SCAN-D4,C24H18N6O13Zn4-2_3-r2SCAN-D4,-0.444596,-498.175,r2SCAN-D4,P1
C22H22N6O13Zn4-1_16-r2SCAN-D4,C22H22N6O13Zn4-1_16-r2SCAN-D4,-0.479876,-495.222,r2SCAN-D4,P1
C18H14O11S4Zn4-2_13.0-r2SCAN-D4,C18H14O11S4Zn4-2_13.0-r2SCAN-D4,-0.360521,-379.707,r2SCAN-D4,P1
C48H24N12O21Zn4-2_6-MACE-OMat-D3,C48H24N12O21Zn4-2_6-MACE-OMat-D3,-0.332124,-763.802,MACE-OMat-D3,P1
C44H24N8O13S4Zn4-1_6-MACE-OMat-D3,C44H24N8O13S4Zn4-1_6-MACE-OMat-D3,-0.212512,-654.988,MACE-OMat-D3,P1
C44H20N8O13Zn4-2_6-MACE-OMat-D3,C44H20N8O13Zn4-2_6-MACE-OMat-D3,-0.178314,-620.754,MACE-OMat-D3,P1
C24H16O25Zn4-2_8-r2SCAN-D4,C24H16O25Zn4-2_8-r2SCAN-D4,-0.726544,-527.439,r2SCAN-D4,P1
C36H24N6O13Zn4-0_2-r2SCAN-D4,C36H24N6O13Zn4-0_2-r2SCAN-D4,-0.269886,-632.623,r2SCAN-D4,P1
C36H20N8O7Zn4-1-r2SCAN-D4,C36H20N8O7Zn4-1-r2SCAN-D4,0.0549205,-575.652,r2SCAN-D4,P1
C36H18O16Zn4-1_17-r2SCAN-D4,C36H18O16Zn4-1_17-r2SCAN-D4,-0.363749,-578.954,r2SCAN-D4,P1
C56H16N12O13Zn4-0_12-r2SCAN-D4,C56H16N12O13Zn4-0_12-r2SCAN-D4,-0.01084,-838.909,r2SCAN-D4,P1
C48H30N6O13Zn4-2_14-r2SCAN-D4,C48H30N6O13Zn4-2_14-r2SCAN-D4,-0.230216,-774.42,r2SCAN-D4,P1
Al1C3H2N3O3S1-2-r2SCAN-D4,Al1C3H2N3O3S1-2-r2SCAN-D4,-0.285356,-100.548,r2SCAN-D4,P1
C44H24N8O17Zn4-2_2-r2SCAN-D4,Zn4H24C44N8O17,-0.288097,-759.89,r2SCAN-D4,P1
C44H20N8O13Zn4-2_16-r2SCAN-D4,Zn4H20C44N8O13,-0.163343,-709.37,r2SCAN-D4,P1
C42H24N18O10Zn4-2_1-r2SCAN-D4,Zn2H12C21N9O5,-0.0159905,-764.242,r2SCAN-D4,P1
C40H36N8O13Zn4-0_16-r2SCAN-D4,Zn4H36C40N8O13,-0.245596,-734.881,r2SCAN-D4,P1
C40H20N8O17Zn4-1_5-r2SCAN-D4,Zn4H20C40N8O17,-0.299296,-704.686,r2SCAN-D4,P1
C38H28N4O13Zn4-1_12-r2SCAN-D4,Zn4H28C38N4O13,-0.30919,-652.681,r2SCAN-D4,P1
C40H20N12O13Zn4-0_17-r2SCAN-D4,Zn4H20C40N12O13,-0.144591,-704.238,r2SCAN-D4,P1
C38H28N4O13Zn4-0_10-r2SCAN-D4,Zn4H28C38N4O13,-0.311647,-652.895,r2SCAN-D4,P1
C36H30N9O13Zn4-3_5-r2SCAN-D4,Zn4H30C36N9O13,-0.292274,-685.306,r2SCAN-D4,P1
C24H18O13S3Zn4-0_3-r2SCAN-D4,Zn4H18C24S3O13,-0.43416,-465.68,r2SCAN-D4,P1
C21H21N9O10Zn4-1_5-r2SCAN-D4,Zn4H21C21N9O10,-0.242405,-475.342,r2SCAN-D4,P1
C52H32N8O13Zn4-1_10-r2SCAN-D4,Zn4H32C52N8O13,-0.177351,-835.784,r2SCAN-D4,P1
C36H28N8O5Zn4-1-r2SCAN-D4,Zn4H28C36N8O5,0.0725811,-589.905,r2SCAN-D4,P1
C36H18N6O13Zn4-0_8-r2SCAN-D4,Zn4H18C36N6O13,-0.284647,-611.398,r2SCAN-D4,P1
C48H18N12O19Zn4-1_14-r2SCAN-D4,Zn4H18C48N12O19,-0.189261,-818.633,r2SCAN-D4,P1
C48H24N8O17Zn4-2_2-r2SCAN-D4,Zn4H24C48N8O17,-0.242834,-796.539,r2SCAN-D4,P1
C30H24N18O13Zn4-3_1-r2SCAN-D4,Zn4H24C30N18O13,-0.204714,-678.153,r2SCAN-D4,P1
C33H30N15O13Zn4-1_18-r2SCAN-D4,Zn4H30C33N15O13,-0.285947,-710.438,r2SCAN-D4,P1
C36H20N4O17S8Zn4-0-r2SCAN-D4,Zn4H20C36S8N4O17,-0.205687,-684.729,r2SCAN-D4,P1
C64H20N16O13Zn4-2_7-r2SCAN-D4,Zn4H20C64N16O13,-0.00840829,-969.366,r2SCAN-D4,P1
C64H20N16O13Zn4-0_9-r2SCAN-D4,Zn4H20C64N16O13,0.00730154,-967.528,r2SCAN-D4,P1
C60H30N6O13Zn4-2_9-r2SCAN-D4,Zn4H30C60N6O13,-0.106631,-883.422,r2SCAN-D4,P1
C60H44N4O13Zn4-0-r2SCAN-D4,Zn4H44C60N4O13,-0.119839,-916.447,r2SCAN-D4,P1
C56H40N4O13Zn4-0_4-r2SCAN-D4,Zn4H40C56N4O13,-0.201934,-871.198,r2SCAN-D4,P1
C56H8N40O13Zn4-2_4-r2SCAN-D4,Zn4H8C56N40O13,0.21636,-1040.21,r2SCAN-D4,P1
C56H36N8O13Zn4-2_2-r2SCAN-D4,Zn4H36C56N8O13,-0.159597,-889.021,r2SCAN-D4,P1
C56H24N16O17Zn4-3_10-r2SCAN-D4,Zn4H24C56N16O17,-0.0946463,-936.432,r2SCAN-D4,P1
C56H24N12O21Zn4-1_3-r2SCAN-D4,Zn4H24C56(N4O7)3,-0.186152,-933.817,r2SCAN-D4,P1
C54H39N9O16Zn4-1_14-r2SCAN-D4,Zn4H39C54N9O16,-0.212207,-913.188,r2SCAN-D4,P1
C54H30N6O13Zn4-2_2-r2SCAN-D4,Zn4H30C54N6O13,-0.181152,-830.654,r2SCAN-D4,P1
C54H24N12O19Zn4-3_6-r2SCAN-D4,Zn4H24C54N12O19,-0.119986,-893.92,r2SCAN-D4,P1
C54H18N12O19Zn4-3_13-r2SCAN-D4,Zn4H18C54N12O19,-0.166504,-877.436,r2SCAN-D4,P1
C54H24N12O13S3Zn4-3_16-r2SCAN-D4,Zn4H24C54S3N12O13,-0.0704396,-877.576,r2SCAN-D4,P1
C52H32N8O17Zn4-3_4-r2SCAN-D4,Zn4H32C52N8O17,-0.223827,-865.029,r2SCAN-D4,P1
C42H30N12O16Zn4-3_8-r2SCAN-D4,Zn2H15C21(N3O4)2,-0.259642,-790.438,r2SCAN-D4,P1
C40H24N16O21Zn4-2_9-r2SCAN-D4,Zn4H24C40N16O21,-0.181873,-807.466,r2SCAN-D4,P1
C52H28N4O21Zn4-0_17-r2SCAN-D4,Zn4H28C52N4O21,-0.315005,-846.924,r2SCAN-D4,P1
C52H28N12O17Zn4-0_12-r2SCAN-D4,Zn4H28C52N12O17,-0.166578,-881.336,r2SCAN-D4,P1
C52H24N16O13Zn4-1_15-r2SCAN-D4,Zn4H24C52N16O13,-0.0571699,-868.237,r2SCAN-D4,P1
C48H42N12O13Zn4-0_13-r2SCAN-D4,Zn4H42C48N12O13,-0.19849,-871.178,r2SCAN-D4,P1
C48H42N6O13S3Zn4-0_9-r2SCAN-D4,Zn4H42C48S3N6O13,-0.178713,-837.775,r2SCAN-D4,P1
C48H36N6O13Zn4-2-r2SCAN-D4,Zn4H36C48N6O13,-0.243992,-798.017,r2SCAN-D4,P1
C48H36N16O5Zn4-2-r2SCAN-D4,Zn4H36C48N16O5,0.0688308,-809.35,r2SCAN-D4,P1
C44H40N24O13Zn4-3_6-r2SCAN-D4,Zn4H40C44N24O13,-0.193308,-934.553,r2SCAN-D4,P1
C48H28N12O21Zn4-0_5-r2SCAN-D4,Zn4H28C48(N4O7)3,-0.225652,-871.228,r2SCAN-D4,P1
C48H28N12O21Zn4-2_15-r2SCAN-D4,Zn4H28C48(N4O7)3,-0.2932,-878.861,r2SCAN-D4,P1
C44H40N24O13Zn4-3_9-r2SCAN-D4,Zn4H40C44N24O13,-0.176385,-932.438,r2SCAN-D4,P1
C48H28N12O17Zn4-2_7-r2SCAN-D4,Zn4H28C48N12O17,-0.16621,-840.562,r2SCAN-D4,P1
C48H24N20O13Zn4-2_10-r2SCAN-D4,Zn4H24C48N20O13,-0.107423,-870.251,r2SCAN-D4,P1
C44H40N24O13Zn4-0_6-r2SCAN-D4,Zn4H40C44N24O13,-0.18744,-933.819,r2SCAN-D4,P1
C44H40N24O13Zn4-1_17-r2SCAN-D4,Zn4H40C44N24O13,-0.162257,-930.672,r2SCAN-D4,P1
C22H10N2O5Zn4-1-r2SCAN-D4,Zn4H10C22N2O5,0.172594,-330.993,r2SCAN-D4,P1
C60H36N12O13Zn4-3_7-r2SCAN-D4,Zn4H36C60N12O13,-0.0649711,-955.142,r2SCAN-D4,P1
C60H30N6O25Zn4-1_13-MACE-OMat-D3,C60H30N6O25Zn4-1_13-MACE-OMat-D3,-0.309334,-865.791,MACE-OMat-D3,P1
C60H20N12O13Zn4-1_8-MACE-OMat-D3,C60H20N12O13Zn4-1_8-MACE-OMat-D3,-0.0897626,-795.161,MACE-OMat-D3,P1
C60H18N12O19Zn4-1_6-MACE-OMat-D3,C60H18N12O19Zn4-1_6-MACE-OMat-D3,-0.118074,-821.92,MACE-OMat-D3,P1
C56H8N40O13Zn4-0_1-MACE-OMat-D3,C56H8N40O13Zn4-0_1-MACE-OMat-D3,0.115876,-929.301,MACE-OMat-D3,P1
C56H16N12O13Zn4-1_12-MACE-OMat-D3,C56H16N12O13Zn4-1_12-MACE-OMat-D3,-0.0865639,-744.366,MACE-OMat-D3,P1
C54H36N18O13Zn4-2_7-MACE-OMat-D3,C54H36N18O13Zn4-2_7-MACE-OMat-D3,-0.160832,-852.28,MACE-OMat-D3,P1
C54H30N6O19Zn4-1_5-MACE-OMat-D3,C54H30N6O19Zn4-1_5-MACE-OMat-D3,-0.269182,-772.685,MACE-OMat-D3,P1
C54H24N12O19Zn4-3_6-MACE-OMat-D3,C54H24N12O19Zn4-3_6-MACE-OMat-D3,-0.181758,-793.411,MACE-OMat-D3,P1
C54H18N12O19Zn4-2_2-MACE-OMat-D3,C54H18N12O19Zn4-2_2-MACE-OMat-D3,-0.213757,-776.282,MACE-OMat-D3,P1
C54H18N12O13S6Zn4-1_6-MACE-OMat-D3,C54H18N12O13S6Zn4-1_6-MACE-OMat-D3,-0.0771913,-756.753,MACE-OMat-D3,P1
C54H18N12O13S6Zn4-0_12-MACE-OMat-D3,C54H18N12O13S6Zn4-0_12-MACE-OMat-D3,-0.125459,-761.918,MACE-OMat-D3,P1
C52H44N8O17Zn4-0_6-MACE-OMat-D3,C52H44N8O17Zn4-0_6-MACE-OMat-D3,-0.266812,-809.435,MACE-OMat-D3,P1
C52H32N4O17Zn4-3_4-MACE-OMat-D3,C52H32N4O17Zn4-3_4-MACE-OMat-D3,-0.268899,-733.09,MACE-OMat-D3,P1
C52H32N4O17Zn4-0_12-MACE-OMat-D3,C52H32N4O17Zn4-0_12-MACE-OMat-D3,-0.279197,-734.213,MACE-OMat-D3,P1
C52H32N4O13Zn4-2_13-MACE-OMat-D3,C52H32N4O13Zn4-2_13-MACE-OMat-D3,-0.225938,-707.711,MACE-OMat-D3,P1
C48H40N16O13Zn4-2_3-MACE-OMat-D3,C48H40N16O13Zn4-2_3-MACE-OMat-D3,-0.284861,-807.762,MACE-OMat-D3,P1
C48H36N12O13S4Zn4-3_4-MACE-OMat-D3,C48H36N12O13S4Zn4-3_4-MACE-OMat-D3,-0.244306,-772.04,MACE-OMat-D3,P1
C48H32N8O17Zn4-3_6-MACE-OMat-D3,C48H32N8O17Zn4-3_6-MACE-OMat-D3,-0.302146,-733.314,MACE-OMat-D3,P1
C48H32N20O17Zn4-1_2-MACE-OMat-D3,C48H32N20O17Zn4-1_2-MACE-OMat-D3,-0.236716,-829.158,MACE-OMat-D3,P1
C48H28N12O17Zn4-2_7-MACE-OMat-D3,C48H28N12O17Zn4-2_7-MACE-OMat-D3,-0.220558,-744.824,MACE-OMat-D3,P1
C48H27N9O13Zn4-0_14-MACE-OMat-D3,C48H27N9O13Zn4-0_14-MACE-OMat-D3,-0.211007,-694.025,MACE-OMat-D3,P1
C48H24O21Zn4-3_11-MACE-OMat-D3,C48H24O21Zn4-3_11-MACE-OMat-D3,-0.416188,-667.836,MACE-OMat-D3,P1
C48H24N8O17S4Zn4-1-MACE-OMat-D3,C48H24N8O17S4Zn4-1-MACE-OMat-D3,-0.18387,-710.251,MACE-OMat-D3,P1
C48H24N8O13S8Zn4-2_17-MACE-OMat-D3,C48H24N8O13S8Zn4-2_17-MACE-OMat-D3,-0.158151,-704.273,MACE-OMat-D3,P1
C48H18N12O19Zn4-3_16-MACE-OMat-D3,C48H18N12O19Zn4-3_16-MACE-OMat-D3,-0.269949,-725.507,MACE-OMat-D3,P1
C48H18N12O19Zn4-2_15-MACE-OMat-D3,C48H18N12O19Zn4-2_15-MACE-OMat-D3,-0.277213,-726.241,MACE-OMat-D3,P1
C48H16N16O17Zn4-2_10-MACE-OMat-D3,C48H16N16O17Zn4-2_10-MACE-OMat-D3,-0.156697,-731.063,MACE-OMat-D3,P1
C48H16N16O17Zn4-0_1-MACE-OMat-D3,C48H16N16O17Zn4-0_1-MACE-OMat-D3,-0.182033,-733.622,MACE-OMat-D3,P1
C48H12N30O10Zn4-1-MACE-OMat-D3,C48H12N30O10Zn4-1-MACE-OMat-D3,0.128904,-771.044,MACE-OMat-D3,P1
C45H33N6O13Zn4-3_2-MACE-OMat-D3,C45H33N6O13Zn4-3_2-MACE-OMat-D3,-0.2715,-666.979,MACE-OMat-D3,P1
C45H27N9O19Zn4-2_1-MACE-OMat-D3,C45H27N9O19Zn4-2_1-MACE-OMat-D3,-0.305916,-706.633,MACE-OMat-D3,P1
C44H40N24O13Zn4-3_16-MACE-OMat-D3,C44H40N24O13Zn4-3_16-MACE-OMat-D3,-0.254545,-835.091,MACE-OMat-D3,P1
C44H40N24O13Zn4-0_3-MACE-OMat-D3,C44H40N24O13Zn4-0_3-MACE-OMat-D3,-0.268628,-836.851,MACE-OMat-D3,P1
C44H32N32O13Zn4-0_7-MACE-OMat-D3,C44H32N32O13Zn4-0_7-MACE-OMat-D3,-0.162503,-864.392,MACE-OMat-D3,P1
C42H36O13Zn4-2-MACE-OMat-D3,C42H36O13Zn4-2-MACE-OMat-D3,-0.337767,-603.726,MACE-OMat-D3,P1
C42H24N6O13Zn4-3_12-MACE-OMat-D3,C42H24N6O13Zn4-3_12-MACE-OMat-D3,-0.258195,-605.76,MACE-OMat-D3,P1
C42H24N6O13S3Zn4-3_8-MACE-OMat-D3,C42H24N6O13S3Zn4-3_8-MACE-OMat-D3,-0.259751,-619.064,MACE-OMat-D3,P1
C40H40N16O25Zn4-1_10-MACE-OMat-D3,C40H40N16O25Zn4-1_10-MACE-OMat-D3,-0.369684,-805.325,MACE-OMat-D3,P1
C40H36N8O13Zn4-5_14-MACE-OMat-D3,C40H36N8O13Zn4-5_14-MACE-OMat-D3,-0.304683,-650.778,MACE-OMat-D3,P1
C40H20N8O17Zn4-0_7-MACE-OMat-D3,C40H20N8O17Zn4-0_7-MACE-OMat-D3,-0.24973,-610.124,MACE-OMat-D3,P1
C33H30N15O13Zn4-3_13-MACE-OMat-D3,C33H30N15O13Zn4-3_13-MACE-OMat-D3,-0.35458,-628.277,MACE-OMat-D3,P1
C30H18N24O13Zn4-0_10-MACE-OMat-D3,C30H18N24O13Zn4-0_10-MACE-OMat-D3,-0.16615,-617.972,MACE-OMat-D3,P1
C24H24N12O13Zn4-3_5-MACE-OMat-D3,C24H24N12O13Zn4-3_5-MACE-OMat-D3,-0.479784,-504.288,MACE-OMat-D3,P1
C18H12O19Zn4-2_3-r2SCAN-D4,C18H12O19Zn4-2_3-r2SCAN-D4,-0.77512,-409.533,r2SCAN-D4,P1
C56H24N16O13Zn4-3_14-MACE-OMat-D3,C56H24N16O13Zn4-3_14-MACE-OMat-D3,-0.0876973,-804.861,MACE-OMat-D3,P1
C56H20N12O13Zn4-0_15-MACE-OMat-D3,C56H20N12O13Zn4-0_15-MACE-OMat-D3,-0.147189,-764.053,MACE-OMat-D3,P1
C51H39N15O10Zn4-3_7-MACE-OMat-D3,C51H39N15O10Zn4-3_7-MACE-OMat-D3,-0.170593,-794.746,MACE-OMat-D3,P1
C48H42N6O13S3Zn4-2-MACE-OMat-D3,C48H42N6O13S3Zn4-2-MACE-OMat-D3,-0.235579,-736.049,MACE-OMat-D3,P1
C48H40N8O13Zn4-2_10-MACE-OMat-D3,C48H40N8O13Zn4-2_10-MACE-OMat-D3,-0.280033,-738.181,MACE-OMat-D3,P1
C48H24N6O13S6Zn4-0_1-MACE-OMat-D3,C48H24N6O13S6Zn4-0_1-MACE-OMat-D3,-0.146078,-677.475,MACE-OMat-D3,P1
C48H24N16O13S8Zn4-1_10-MACE-OMat-D3,C48H24N16O13S8Zn4-1_10-MACE-OMat-D3,-0.188909,-775.771,MACE-OMat-D3,P1
C48H24N16O13S8Zn4-0_12-MACE-OMat-D3,C48H24N16O13S8Zn4-0_12-MACE-OMat-D3,-0.172599,-773.928,MACE-OMat-D3,P1
C44H24N8O13S4Zn4-0_13-MACE-OMat-D3,C44H24N8O13S4Zn4-0_13-MACE-OMat-D3,-0.121885,-646.197,MACE-OMat-D3,P1
C44H20N8O13S4Zn4-1_1-MACE-OMat-D3,C44H20N8O13S4Zn4-1_1-MACE-OMat-D3,-0.171497,-637.348,MACE-OMat-D3,P1
C36H32N12O17Zn4-0_9-MACE-OMat-D3,C36H32N12O17Zn4-0_9-MACE-OMat-D3,-0.355626,-659.341,MACE-OMat-D3,P1
C36H18N6O13Zn4-2_6-MACE-OMat-D3,C36H18N6O13Zn4-2_6-MACE-OMat-D3,-0.279816,-529.696,MACE-OMat-D3,P1
C36H12N27O13Zn4-0_6-MACE-OMat-D3,C36H12N27O13Zn4-0_6-MACE-OMat-D3,-0.0951023,-672.674,MACE-OMat-D3,P1
C26H14N2O11Zn4-1_14-r2SCAN-D4,C26H14N2O11Zn4-1_14-r2SCAN-D4,-0.274826,-442.901,r2SCAN-D4,P1
C22H18N4O11Zn4-2_11-r2SCAN-D4,C22H18N4O11Zn4-2_11-r2SCAN-D4,-0.297198,-436.833,r2SCAN-D4,P1
C28H12N2O11Zn4-3_8-r2SCAN-D4,C28H12N2O11Zn4-3_8-r2SCAN-D4,-0.264366,-455.425,r2SCAN-D4,P1
C20H16O11Zn4-2_6-r2SCAN-D4,C20H16O11Zn4-2_6-r2SCAN-D4,-0.430981,-377.725,r2SCAN-D4,P1
C18H12O19Zn4-2_11-r2SCAN-D4,C18H12O19Zn4-2_11-r2SCAN-D4,-0.772151,-409.376,r2SCAN-D4,P1
C44H24N8O17Zn4-0_2-MACE-OMat-D3,C44H24N8O17Zn4-0_2-MACE-OMat-D3,-0.310735,-667.793,MACE-OMat-D3,P1
C44H20N8O13Zn4-3_2-MACE-OMat-D3,C44H20N8O13Zn4-3_2-MACE-OMat-D3,-0.165913,-619.65,MACE-OMat-D3,P1
C21H18O13Zn4-0_17.0-r2SCAN-D4,C21H18O13Zn4-0_17.0-r2SCAN-D4,-0.543529,-414.756,r2SCAN-D4,P1
C36H20N4O13Zn4-0-r2SCAN-D4,C36H20N4O13Zn4-0-r2SCAN-D4,-0.259819,-598.098,r2SCAN-D4,P1
C34H22N8O15Zn4-0_13-r2SCAN-D4,C34H22N8O15Zn4-0_13-r2SCAN-D4,-0.337886,-641.263,r2SCAN-D4,P1
C48H30N6O13Zn4-3_8-r2SCAN-D4,C48H30N6O13Zn4-3_8-r2SCAN-D4,-0.224453,-773.838,r2SCAN-D4,P1
C48H30N6O13Zn4-3_21-r2SCAN-D4,C48H30N6O13Zn4-3_21-r2SCAN-D4,-0.234711,-774.874,r2SCAN-D4,P1
Al1C3H2N3O3S1-1-r2SCAN-D4,Al1C3H2N3O3S1-1-r2SCAN-D4,-0.189709,-99.3044,r2SCAN-D4,P1
C9H6Mg2N2O1-5-r2SCAN-D4,C9H6Mg2N2O1-5-r2SCAN-D4,0.42194,-134.974,r2SCAN-D4,P1
Al1C8H10N3O4-8-r2SCAN-D4,Al1C8H10N3O4-8-r2SCAN-D4,-0.339775,-181.103,r2SCAN-D4,P1
C44H24N8O13S4Zn4-0_1-r2SCAN-D4,Zn4H24C44S4N8O13,-0.148674,-755.605,r2SCAN-D4,P1
C44H20N8O13Zn4-1_2-r2SCAN-D4,Zn4H20C44N8O13,-0.162939,-709.334,r2SCAN-D4,P1
C42H27N6O10Zn4-0_4-r2SCAN-D4,Zn4H27C42(N3O5)2,-0.142276,-675.895,r2SCAN-D4,P1
C42H24N6O25Zn4-0_17-r2SCAN-D4,Zn4H24C42N6O25,-0.430359,-783.643,r2SCAN-D4,P1
C42H24N6O25Zn4-1_5-r2SCAN-D4,Zn4H24C42N6O25,-0.435896,-784.202,r2SCAN-D4,P1
C42H24N6O13Zn4-3_15-r2SCAN-D4,Zn4H24C42N6O13,-0.261105,-693.563,r2SCAN-D4,P1
C42H24N6O13Zn4-2_12-r2SCAN-D4,Zn4H24C42N6O13,-0.261485,-693.597,r2SCAN-D4,P1
C42H24N6O13S3Zn4-0-r2SCAN-D4,Zn4H24C42S3N6O13,-0.235956,-716.425,r2SCAN-D4,P1
C40H32O17Zn4-1_16-r2SCAN-D4,Zn4H32C40O17,-0.353414,-679.191,r2SCAN-D4,P1
C40H36N8O13Zn4-3_13-r2SCAN-D4,Zn4H36C40N8O13,-0.233876,-733.697,r2SCAN-D4,P1
C40H36N8O13Zn4-0_8-r2SCAN-D4,Zn4H36C40N8O13,-0.278232,-738.177,r2SCAN-D4,P1
C40H24N8O13Zn4-1_9-r2SCAN-D4,Zn4H24C40N8O13,-0.226892,-688.786,r2SCAN-D4,P1
C40H24N8O25Zn4-0_10-r2SCAN-D4,Zn4H24C40N8O25,-0.318864,-770.65,r2SCAN-D4,P1
C40H20N8O17Zn4-0_7-r2SCAN-D4,Zn4H20C40N8O17,-0.23605,-699.057,r2SCAN-D4,P1
C38H28N4O13Zn4-2_13-r2SCAN-D4,Zn4H28C38N4O13,-0.284214,-650.508,r2SCAN-D4,P1
C24H16N2O11Zn4-3_6-r2SCAN-D4,Zn4H16C24N2O11,-0.391205,-436.414,r2SCAN-D4,P1
C24H16N8O21Zn4-2_15-r2SCAN-D4,Zn4H16C24N8O21,-0.444387,-559.673,r2SCAN-D4,P1
C48H24N12O13Zn4-2_18-r2SCAN-D4,Zn4H24C48N12O13,-0.141964,-799.672,r2SCAN-D4,P1
C48H24N12O13Zn4-2_4-r2SCAN-D4,Zn4H24C48N12O13,-0.131231,-798.588,r2SCAN-D4,P1
C48H16N16O17Zn4-0_19-r2SCAN-D4,Zn4H16C48N16O17,-0.0256123,-820.153,r2SCAN-D4,P1
C36H20N8O21Zn4-2_10-r2SCAN-D4,Zn4H20C36N8O21,-0.251056,-683.609,r2SCAN-D4,P1
C64H28N4O21Zn4-3-r2SCAN-D4,Zn4H28C64N4O21,-0.196672,-956.59,r2SCAN-D4,P1
C64H20N16O13Zn4-1_5-r2SCAN-D4,Zn4H20C64N16O13,0.0145015,-966.686,r2SCAN-D4,P1
C60H24N12O13S6Zn4-1_1-r2SCAN-D4,Zn4H24C60S6N12O13,-0.015221,-956.134,r2SCAN-D4,P1
C56H32N8O21Zn4-3-r2SCAN-D4,Zn4H32C56N8O21,-0.182237,-925.139,r2SCAN-D4,P1
C56H32N4O17Zn4-0_7-r2SCAN-D4,Zn4H32C56N4O17,-0.232529,-869.476,r2SCAN-D4,P1
C56H20N12O13Zn4-3_5-r2SCAN-D4,Zn4H20C56N12O13,-0.0908022,-861.176,r2SCAN-D4,P1
C56H20N12O13Zn4-0_5-r2SCAN-D4,Zn4H20C56N12O13,-0.0902814,-861.121,r2SCAN-D4,P1
C56H24N12O21Zn4-0_8-r2SCAN-D4,Zn4H24C56(N4O7)3,-0.122387,-926.357,r2SCAN-D4,P1
C54H24N12O19Zn4-0_17-r2SCAN-D4,Zn4H24C54N12O19,-0.188399,-901.65,r2SCAN-D4,P1
C54H18N12O19Zn4-2_15-r2SCAN-D4,Zn4H18C54N12O19,-0.17117,-877.935,r2SCAN-D4,P1
C52H44N8O17Zn4-0_16-r2SCAN-D4,Zn4H44C52N8O17,-0.213288,-907.881,r2SCAN-D4,P1
C52H36N12O13Zn4-1_15-r2SCAN-D4,Zn4H36C52N12O13,-0.116098,-880.468,r2SCAN-D4,P1
C44H36N16O13Zn4-1_13-r2SCAN-D4,Zn4H36C44N16O13,-0.223717,-848.633,r2SCAN-D4,P1
C44H32N32O13Zn4-2_1-r2SCAN-D4,Zn4H32C44N32O13,-0.109961,-969.688,r2SCAN-D4,P1
C40H36N8O15Zn4-3_8-r2SCAN-D4,Zn4H36C40N8O15,-0.267358,-749.256,r2SCAN-D4,P1
C51H42N6O19Zn4-3_11-r2SCAN-D4,Zn4H42C51N6O19,-0.267311,-890.24,r2SCAN-D4,P1
C51H39N12O10Zn4-1_8-r2SCAN-D4,Zn4H39C51(N6O5)2,-0.119458,-863.633,r2SCAN-D4,P1
C50H34N6O13Zn4-1_4-r2SCAN-D4,Zn4H34C50N6O13,-0.214605,-807.993,r2SCAN-D4,P1
C48H48N8O17Zn4-2_5-r2SCAN-D4,Zn4H48C48N8O17,-0.239979,-884.977,r2SCAN-D4,P1
C48H36N6O13Zn4-3_11-r2SCAN-D4,Zn4H36C48N6O13,-0.223119,-795.783,r2SCAN-D4,P1
C48H36N12O13S4Zn4-2_6-r2SCAN-D4,Zn4H36C48S4N12O13,-0.207228,-883.585,r2SCAN-D4,P1
C48H32N8O17Zn4-2_6-r2SCAN-D4,Zn4H32C48N8O17,-0.238931,-825.712,r2SCAN-D4,P1
C48H32N8O13Zn4-1_11-r2SCAN-D4,Zn4H32C48N8O13,-0.23253,-800.8,r2SCAN-D4,P1
C48H24N12O21Zn4-2_12-r2SCAN-D4,Zn4H24C48(N4O7)3,-0.256025,-859.808,r2SCAN-D4,P1
C48H28N12O21Zn4-2_13-r2SCAN-D4,Zn4H28C48(N4O7)3,-0.280025,-877.372,r2SCAN-D4,P1
C48H28N12O21Zn4-1_10-r2SCAN-D4,Zn4H28C48(N4O7)3,-0.27376,-876.664,r2SCAN-D4,P1
C48H28N12O17Zn4-3_11-r2SCAN-D4,Zn4H28C48N12O17,-0.210101,-845.346,r2SCAN-D4,P1
C48H24N8O13S8Zn4-1_4-r2SCAN-D4,Zn4H24C48S8N8O13,-0.100367,-824.314,r2SCAN-D4,P1
C45H27N9O19Zn4-0_14-r2SCAN-D4,Zn4H27C45N9O19,-0.247016,-798.815,r2SCAN-D4,P1
C45H27N9O19Zn4-0_7-r2SCAN-D4,Zn4H27C45N9O19,-0.219303,-795.933,r2SCAN-D4,P1
C44H40N24O13Zn4-1_11-r2SCAN-D4,Zn4H40C44N24O13,-0.22751,-938.828,r2SCAN-D4,P1
C44H40N24O13Zn4-0_13-r2SCAN-D4,Zn4H40C44N24O13,-0.176248,-932.42,r2SCAN-D4,P1
C44H40N24O13Zn4-1_15-r2SCAN-D4,Zn4H40C44N24O13,-0.170574,-931.711,r2SCAN-D4,P1
C45H27N12O10Zn4-2_7-r2SCAN-D4,Zn4H27C45(N6O5)2,-0.0714575,-755.193,r2SCAN-D4,P1
C54H42N6O13Zn4-1_13-r2SCAN-D4,Zn4H42C54N6O13,-0.214536,-878.283,r2SCAN-D4,P1
C64H28N12O17Zn4-3_3-MACE-OMat-D3,C64H28N12O17Zn4-3_3-MACE-OMat-D3,-0.143654,-885.855,MACE-OMat-D3,P1
C64H28N12O17Zn4-3_2-MACE-OMat-D3,C64H28N12O17Zn4-3_2-MACE-OMat-D3,-0.102878,-880.758,MACE-OMat-D3,P1
C64H20N16O13Zn4-3_16-MACE-OMat-D3,C64H20N16O13Zn4-3_16-MACE-OMat-D3,-0.0298379,-859.025,MACE-OMat-D3,P1
C60H36N12O13Zn4-0_10-MACE-OMat-D3,C60H36N12O13Zn4-0_10-MACE-OMat-D3,-0.113664,-851.485,MACE-OMat-D3,P1
C60H30N6O13Zn4-2_8-MACE-OMat-D3,C60H30N6O13Zn4-2_8-MACE-OMat-D3,-0.179913,-788.077,MACE-OMat-D3,P1
C60H18N12O13S6Zn4-3_10-MACE-OMat-D3,C60H18N12O13S6Zn4-3_10-MACE-OMat-D3,-0.118693,-817.074,MACE-OMat-D3,P1
C60H18N12O13S6Zn4-1_1-MACE-OMat-D3,C60H18N12O13S6Zn4-1_1-MACE-OMat-D3,-0.0460526,-808.866,MACE-OMat-D3,P1
C56H40O25Zn4-2_1-MACE-OMat-D3,C56H40O25Zn4-2_1-MACE-OMat-D3,-0.413218,-824.368,MACE-OMat-D3,P1
C56H40N4O13Zn4-3_4-MACE-OMat-D3,C56H40N4O13Zn4-3_4-MACE-OMat-D3,-0.233538,-774.04,MACE-OMat-D3,P1
C56H32N8O13S8Zn4-4_3-MACE-OMat-D3,C56H32N8O13S8Zn4-4_3-MACE-OMat-D3,-0.196926,-811.003,MACE-OMat-D3,P1
C56H32N4O17Zn4-1_8-MACE-OMat-D3,C56H32N4O17Zn4-1_8-MACE-OMat-D3,-0.250162,-768.827,MACE-OMat-D3,P1
C56H16N12O13Zn4-3_1-MACE-OMat-D3,C56H16N12O13Zn4-3_1-MACE-OMat-D3,-0.0916614,-744.881,MACE-OMat-D3,P1
C54H30N6O13Zn4-3_4-MACE-OMat-D3,C54H30N6O13Zn4-3_4-MACE-OMat-D3,-0.168449,-730.603,MACE-OMat-D3,P1
C54H24N12O13S3Zn4-2_12-MACE-OMat-D3,C54H24N12O13S3Zn4-2_12-MACE-OMat-D3,-0.118165,-768.568,MACE-OMat-D3,P1
C52H32N4O17Zn4-1_14-MACE-OMat-D3,C52H32N4O17Zn4-1_14-MACE-OMat-D3,-0.311461,-737.729,MACE-OMat-D3,P1
C52H24N8O17Zn4-0_14-MACE-OMat-D3,C52H24N8O17Zn4-0_14-MACE-OMat-D3,-0.233415,-735.717,MACE-OMat-D3,P1
C52H24N16O13Zn4-1_6-MACE-OMat-D3,C52H24N16O13Zn4-1_6-MACE-OMat-D3,-0.119428,-771.191,MACE-OMat-D3,P1
C48H40N12O17Zn4-3-MACE-OMat-D3,C48H40N12O17Zn4-3-MACE-OMat-D3,-0.252448,-790.255,MACE-OMat-D3,P1
C48H36N12O13S4Zn4-2_20-MACE-OMat-D3,C48H36N12O13S4Zn4-2_20-MACE-OMat-D3,-0.273947,-775.508,MACE-OMat-D3,P1
C48H30N6O13Zn4-3_21-MACE-OMat-D3,C48H30N6O13Zn4-3_21-MACE-OMat-D3,-0.254461,-683.111,MACE-OMat-D3,P1
C48H28N4O13Zn4-3_5-MACE-OMat-D3,C48H28N4O13Zn4-3_5-MACE-OMat-D3,-0.25516,-658.984,MACE-OMat-D3,P1
C48H28N4O13Zn4-3_12-MACE-OMat-D3,C48H28N4O13Zn4-3_12-MACE-OMat-D3,-0.251629,-658.642,MACE-OMat-D3,P1
C48H28N12O17Zn4-3_1-MACE-OMat-D3,C48H28N12O17Zn4-3_1-MACE-OMat-D3,-0.263277,-749.481,MACE-OMat-D3,P1
C48H16N16O17Zn4-3_14-MACE-OMat-D3,C48H16N16O17Zn4-3_14-MACE-OMat-D3,-0.164192,-731.82,MACE-OMat-D3,P1
C46H30N8O15Zn4-1-MACE-OMat-D3,C46H30N8O15Zn4-1-MACE-OMat-D3,-0.275685,-694.002,MACE-OMat-D3,P1
C46H30N8O15Zn4-1_13-MACE-OMat-D3,C46H30N8O15Zn4-1_13-MACE-OMat-D3,-0.286196,-695.085,MACE-OMat-D3,P1
C44H40N20O17Zn4-2_3-MACE-OMat-D3,C44H40N20O17Zn4-2_3-MACE-OMat-D3,-0.359305,-834.6,MACE-OMat-D3,P1
C44H32N8O17Zn4-3_13-MACE-OMat-D3,C44H32N8O17Zn4-3_13-MACE-OMat-D3,-0.28391,-693.412,MACE-OMat-D3,P1
C44H32N32O13Zn4-3_9-MACE-OMat-D3,C44H32N32O13Zn4-3_9-MACE-OMat-D3,-0.162206,-864.355,MACE-OMat-D3,P1
C44H32N32O13Zn4-0_17-MACE-OMat-D3,C44H32N32O13Zn4-0_17-MACE-OMat-D3,-0.178068,-866.338,MACE-OMat-D3,P1
C42H33N9O19Zn4-3_6-MACE-OMat-D3,C42H33N9O19Zn4-3_6-MACE-OMat-D3,-0.348171,-703.951,MACE-OMat-D3,P1
C42H30N12O16Zn4-2_7-MACE-OMat-D3,C42H30N12O16Zn4-2_7-MACE-OMat-D3,-0.339813,-702.495,MACE-OMat-D3,P1
C42H30N12O16Zn4-3_15-MACE-OMat-D3,C42H30N12O16Zn4-3_15-MACE-OMat-D3,-0.311286,-699.529,MACE-OMat-D3,P1
C42H30N12O16Zn4-0_5-MACE-OMat-D3,C42H30N12O16Zn4-0_5-MACE-OMat-D3,-0.369694,-705.603,MACE-OMat-D3,P1
C42H24N6O13Zn4-3_11-MACE-OMat-D3,C42H24N6O13Zn4-3_11-MACE-OMat-D3,-0.258264,-605.766,MACE-OMat-D3,P1
C40H36N8O15Zn4-0_4-MACE-OMat-D3,C40H36N8O15Zn4-0_4-MACE-OMat-D3,-0.329712,-663.862,MACE-OMat-D3,P1
C40H36N8O13Zn4-3_4-MACE-OMat-D3,C40H36N8O13Zn4-3_4-MACE-OMat-D3,-0.312024,-651.52,MACE-OMat-D3,P1
C40H24N8O13Zn4-2_14-MACE-OMat-D3,C40H24N8O13Zn4-2_14-MACE-OMat-D3,-0.244027,-602.799,MACE-OMat-D3,P1
C40H24N16O13Zn4-0_14-MACE-OMat-D3,C40H24N16O13Zn4-0_14-MACE-OMat-D3,-0.223309,-669.498,MACE-OMat-D3,P1
C40H20N8O13Zn4-3_2-MACE-OMat-D3,C40H20N8O13Zn4-3_2-MACE-OMat-D3,-0.247574,-589.149,MACE-OMat-D3,P1
C39H36N12O13Zn4-3_8-MACE-OMat-D3,C39H36N12O13Zn4-3_8-MACE-OMat-D3,-0.342868,-679.847,MACE-OMat-D3,P1
C38H28N4O13Zn4-1_6-MACE-OMat-D3,C38H28N4O13Zn4-1_6-MACE-OMat-D3,-0.320345,-570.157,MACE-OMat-D3,P1
C30H20O13S2Zn4-1_6-MACE-OMat-D3,C30H20O13S2Zn4-1_6-MACE-OMat-D3,-0.363108,-442.714,MACE-OMat-D3,P1
C56H24N4O21Zn4-2_6-MACE-OMat-D3,C56H24N4O21Zn4-2_6-MACE-OMat-D3,-0.260141,-762.757,MACE-OMat-D3,P1
C56H24N4O21Zn4-1_13-MACE-OMat-D3,C56H24N4O21Zn4-1_13-MACE-OMat-D3,-0.208829,-757.164,MACE-OMat-D3,P1
C56H24N4O13Zn4-0_15-MACE-OMat-D3,C56H24N4O13Zn4-0_15-MACE-OMat-D3,-0.127237,-707.667,MACE-OMat-D3,P1
C56H24N16O17Zn4-0_11-MACE-OMat-D3,C56H24N16O17Zn4-0_11-MACE-OMat-D3,-0.191341,-837.131,MACE-OMat-D3,P1
C56H24N12O21Zn4-1_3-MACE-OMat-D3,C56H24N12O21Zn4-1_3-MACE-OMat-D3,-0.229641,-828.026,MACE-OMat-D3,P1
C52H20N8O13Zn4-3_5-MACE-OMat-D3,C52H20N8O13Zn4-3_5-MACE-OMat-D3,-0.154719,-693.449,MACE-OMat-D3,P1
C52H20N8O13Zn4-3_14-MACE-OMat-D3,C52H20N8O13Zn4-3_14-MACE-OMat-D3,-0.150774,-693.066,MACE-OMat-D3,P1
C50H34N6O13Zn4-2_10-MACE-OMat-D3,C50H34N6O13Zn4-2_10-MACE-OMat-D3,-0.26388,-717.01,MACE-OMat-D3,P1
C48H24N6O13Zn4-2_15-MACE-OMat-D3,C48H24N6O13Zn4-2_15-MACE-OMat-D3,-0.205992,-657.517,MACE-OMat-D3,P1
C48H24N6O13Zn4-0_1-MACE-OMat-D3,C48H24N6O13Zn4-0_1-MACE-OMat-D3,-0.205261,-657.448,MACE-OMat-D3,P1
C48H24N6O13S9Zn4-3_4-MACE-OMat-D3,C48H24N6O13S9Zn4-3_4-MACE-OMat-D3,-0.164112,-692.175,MACE-OMat-D3,P1
C48H24N20O13Zn4-2_4-MACE-OMat-D3,C48H24N20O13Zn4-2_4-MACE-OMat-D3,-0.157916,-771.986,MACE-OMat-D3,P1
C48H24N20O13Zn4-2_8-MACE-OMat-D3,C48H24N20O13Zn4-2_8-MACE-OMat-D3,-0.138987,-769.922,MACE-OMat-D3,P1
C48H24N16O13S8Zn4-3-MACE-OMat-D3,C48H24N16O13S8Zn4-3-MACE-OMat-D3,-0.174476,-774.14,MACE-OMat-D3,P1
C44H20N8O13Zn4-1_16-MACE-OMat-D3,C44H20N8O13Zn4-1_16-MACE-OMat-D3,-0.178391,-620.761,MACE-OMat-D3,P1
C44H20N8O13S4Zn4-3-MACE-OMat-D3,C44H20N8O13S4Zn4-3-MACE-OMat-D3,-0.215533,-641.443,MACE-OMat-D3,P1
C36H30N6O13Zn4-3_8-MACE-OMat-D3,C36H30N6O13Zn4-3_8-MACE-OMat-D3,-0.35443,-578.619,MACE-OMat-D3,P1
C36H20N8O21Zn4-2_5-MACE-OMat-D3,C36H20N8O21Zn4-2_5-MACE-OMat-D3,-0.310872,-598.579,MACE-OMat-D3,P1
C36H20N8O21Zn4-1_15-MACE-OMat-D3,C36H20N8O21Zn4-1_15-MACE-OMat-D3,-0.270216,-594.961,MACE-OMat-D3,P1
C36H18N6O13S6Zn4-2_4-MACE-OMat-D3,C36H18N6O13S6Zn4-2_4-MACE-OMat-D3,-0.268407,-555.2,MACE-OMat-D3,P1
C36H18N6O13S6Zn4-0_10-MACE-OMat-D3,C36H18N6O13S6Zn4-0_10-MACE-OMat-D3,-0.250063,-553.678,MACE-OMat-D3,P1
C36H16N8O9S2Zn4-0_3-MACE-OMat-D3,C36H16N8O9S2Zn4-0_3-MACE-OMat-D3,-0.0224908,-508.504,MACE-OMat-D3,P1
C36H12N27O13Zn4-2_1-MACE-OMat-D3,C36H12N27O13Zn4-2_1-MACE-OMat-D3,0.0364877,-660.567,MACE-OMat-D3,P1
C30H18N6O13Zn4-2_19-r2SCAN-D4,C30H18N6O13Zn4-2_19-r2SCAN-D4,-0.314941,-551.739,r2SCAN-D4,P1
C44H24N8O17Zn4-2_4-MACE-OMat-D3,C44H24N8O17Zn4-2_4-MACE-OMat-D3,-0.238702,-660.805,MACE-OMat-D3,P1
C18H12O19Zn4-0_27-r2SCAN-D4,C18H12O19Zn4-0_27-r2SCAN-D4,-0.769697,-409.246,r2SCAN-D4,P1
C18H12O19Zn4-0-r2SCAN-D4,C18H12O19Zn4-0-r2SCAN-D4,-0.766768,-409.09,r2SCAN-D4,P1
C21H18O13Zn4-2_3.0-r2SCAN-D4,C21H18O13Zn4-2_3.0-r2SCAN-D4,-0.542298,-414.687,r2SCAN-D4,P1
C34H22N4O11Zn4-0_9-r2SCAN-D4,C34H22N4O11Zn4-0_9-r2SCAN-D4,-0.209183,-569.019,r2SCAN-D4,P1
Al2C16H16N2O6-12-r2SCAN-D4,Al2C16H16N2O6-12-r2SCAN-D4,-0.299359,-295.037,r2SCAN-D4,P1
Al2C16H16N2O6-5-r2SCAN-D4,Al2C16H16N2O6-5-r2SCAN-D4,-0.319509,-295.883,r2SCAN-D4,P1
C44H24N8O17Zn4-0_5-r2SCAN-D4,Zn4H24C44N8O17,-0.212681,-752.575,r2SCAN-D4,P1
C44H24N8O13S4Zn4-1_6-r2SCAN-D4,Zn4H24C44S4N8O13,-0.175906,-758.247,r2SCAN-D4,P1
C44H24N8O17Zn4-1_16-r2SCAN-D4,Zn4H24C44N8O17,-0.23676,-754.91,r2SCAN-D4,P1
C44H20N8O13S4Zn4-1_14-r2SCAN-D4,Zn4H20C44S4N8O13,-0.152363,-741.526,r2SCAN-D4,P1
C42H30N6O13S6Zn4-3_4-r2SCAN-D4,Zn4H30C42S6N6O13,-0.207588,-760.817,r2SCAN-D4,P1
C42H30N12O10Zn4-0_7-r2SCAN-D4,Zn2H15C21N6O5,-0.143979,-742.62,r2SCAN-D4,P1
C38H28N4O13Zn4-3_12-r2SCAN-D4,Zn4H28C38N4O13,-0.285896,-650.655,r2SCAN-D4,P1
C40H20N8O17Zn4-0_11-r2SCAN-D4,Zn4H20C40N8O17,-0.254049,-700.659,r2SCAN-D4,P1
C36H30N9O13Zn4-2_10-r2SCAN-D4,Zn4H30C36N9O13,-0.300529,-686.066,r2SCAN-D4,P1
C36H30N9O13Zn4-3_14-r2SCAN-D4,Zn4H30C36N9O13,-0.301518,-686.157,r2SCAN-D4,P1
C36H21N9O16Zn4-1_1-r2SCAN-D4,Zn4H21C36N9O16,-0.285849,-669.351,r2SCAN-D4,P1
C36H18N6O13Zn4-1_11-r2SCAN-D4,Zn4H18C36N6O13,-0.283428,-611.304,r2SCAN-D4,P1
C36H18N6O13S6Zn4-0_11-r2SCAN-D4,Zn4H18C36S6N6O13,-0.232664,-657.577,r2SCAN-D4,P1
C48H24N12O13Zn4-3_18-r2SCAN-D4,Zn4H24C48N12O13,-0.15511,-800.999,r2SCAN-D4,P1
C33H30N15O13Zn4-2_15-r2SCAN-D4,Zn4H30C33N15O13,-0.274628,-709.362,r2SCAN-D4,P1
C66H36N6O13Zn4-2_1-r2SCAN-D4,Zn4H36C66N6O13,-0.116164,-966.737,r2SCAN-D4,P1
C66H36O13Zn4-3_13-r2SCAN-D4,Zn4H36C66O13,-0.121037,-911.713,r2SCAN-D4,P1
C64H20N16O13Zn4-3_14-r2SCAN-D4,Zn4H20C64N16O13,-0.0261017,-971.436,r2SCAN-D4,P1
C60H20N12O13Zn4-3_12-r2SCAN-D4,Zn4H20C60N12O13,-0.0476873,-896.908,r2SCAN-D4,P1
C60H18N12O19Zn4-0_10-r2SCAN-D4,Zn4H18C60N12O19,-0.14157,-935.719,r2SCAN-D4,P1
C56H36N12O13Zn4-1_18-r2SCAN-D4,Zn4H36C56N12O13,-0.121947,-921.708,r2SCAN-D4,P1
C56H8N40O13Zn4-0_3-r2SCAN-D4,Zn4H8C56N40O13,0.220309,-1039.73,r2SCAN-D4,P1
C56H8N40O13Zn4-3_9-r2SCAN-D4,Zn4H8C56N40O13,0.225057,-1039.16,r2SCAN-D4,P1
C56H24N4O21Zn4-0_7-r2SCAN-D4,Zn4H24C56N4O21,-0.224543,-863.304,r2SCAN-D4,P1
C56H24N8O13S8Zn4-3_11-r2SCAN-D4,Zn4H24C56S8N8O13,-0.0643966,-901.189,r2SCAN-D4,P1
C56H24N16O17Zn4-2_2-r2SCAN-D4,Zn4H24C56N16O17,-0.0662375,-933.108,r2SCAN-D4,P1
C54H36N18O13Zn4-3_18-r2SCAN-D4,Zn4H36C54N18O13,-0.102723,-954.666,r2SCAN-D4,P1
C54H30N6O19Zn4-1_8-r2SCAN-D4,Zn4H30C54N6O19,-0.206292,-869.507,r2SCAN-D4,P1
C54H18N12O19Zn4-1_12-r2SCAN-D4,Zn4H18C54N12O19,-0.205022,-881.557,r2SCAN-D4,P1
C54H18N12O13S6Zn4-0_7-r2SCAN-D4,Zn4H18C54S6N12O13,-0.00632153,-874.155,r2SCAN-D4,P1
C52H36N4O17Zn4-3-r2SCAN-D4,Zn4H36C52N4O17,-0.25709,-846.011,r2SCAN-D4,P1
C52H32N12O17Zn4-3_10-r2SCAN-D4,Zn4H32C52N12O17,-0.143448,-893.124,r2SCAN-D4,P1
C44H36N8O21Zn4-3_15-r2SCAN-D4,Zn4H36C44N8O21,-0.23389,-823.141,r2SCAN-D4,P1
C44H32N8O17Zn4-3_1-r2SCAN-D4,Zn4H32C44N8O17,-0.25564,-786.442,r2SCAN-D4,P1
C44H32N8O17Zn4-3_13-r2SCAN-D4,Zn4H32C44N8O17,-0.263972,-787.317,r2SCAN-D4,P1
C44H28N16O21Zn4-2_1-r2SCAN-D4,Zn4H28C44N16O21,-0.241811,-869.59,r2SCAN-D4,P1
C42H30N12O16Zn4-2_17-r2SCAN-D4,Zn2H15C21(N3O4)2,-0.30216,-794.86,r2SCAN-D4,P1
C42H30N12O16Zn4-1_14-r2SCAN-D4,Zn2H15C21(N3O4)2,-0.291048,-793.705,r2SCAN-D4,P1
C42H42N12O10Zn4-3_2-r2SCAN-D4,Zn2H21C21N6O5,-0.110615,-782.161,r2SCAN-D4,P1
C40H16N24O25Zn4-0_2-r2SCAN-D4,Zn4H16C40N24O25,-0.200463,-879.057,r2SCAN-D4,P1
C48H36N6O13Zn4-3_15-r2SCAN-D4,Zn4H36C48N6O13,-0.241083,-797.706,r2SCAN-D4,P1
C48H39N6O16Zn4-2_12-r2SCAN-D4,Zn4H39C48(N3O8)2,-0.207868,-823.233,r2SCAN-D4,P1
C48H36N12O13S4Zn4-2_13-r2SCAN-D4,Zn4H36C48S4N12O13,-0.177599,-880.119,r2SCAN-D4,P1
C48H36N12O13S4Zn4-1_4-r2SCAN-D4,Zn4H36C48S4N12O13,-0.195493,-882.213,r2SCAN-D4,P1
C60H28N8O21Zn4-1_2-r2SCAN-D4,Zn4H28C60N8O21,-0.153974,-947.96,r2SCAN-D4,P1
C44H40N20O17Zn4-3-r2SCAN-D4,Zn4H40C44N20O17,-0.273284,-931.229,r2SCAN-D4,P1
C48H28N12O21Zn4-2-r2SCAN-D4,Zn4H28C48(N4O7)3,-0.278378,-877.186,r2SCAN-D4,P1
C48H24N12O21Zn4-3_14-r2SCAN-D4,Zn4H24C48(N4O7)3,-0.293249,-863.865,r2SCAN-D4,P1
C48H12N30O10Zn4-1_2-r2SCAN-D4,Zn2H6C24(N3O)5,0.190455,-871.3,r2SCAN-D4,P1
C45H27N9O19Zn4-0_4-r2SCAN-D4,Zn4H27C45N9O19,-0.314017,-805.783,r2SCAN-D4,P1
C44H40N24O13Zn4-1_4-r2SCAN-D4,Zn4H40C44N24O13,-0.196017,-934.892,r2SCAN-D4,P1
C44H40N24O13Zn4-1_13-r2SCAN-D4,Zn4H40C44N24O13,-0.226359,-938.684,r2SCAN-D4,P1
C48H24N12O13Zn4-2_17-r2SCAN-D4,Zn4H24C48N12O13,-0.12413,-797.87,r2SCAN-D4,P1
C60H28N16O5Zn4-2_5-r2SCAN-D4,Zn4H28C60N16O5,0.243784,-881.854,r2SCAN-D4,P1
C66H36O13Zn4-3_13-MACE-OMat-D3,C66H36O13Zn4-3_13-MACE-OMat-D3,-0.167354,-812.224,MACE-OMat-D3,P1
C66H36N6O13Zn4-1_17-MACE-OMat-D3,C66H36N6O13Zn4-1_17-MACE-OMat-D3,-0.0890223,-853.505,MACE-OMat-D3,P1
C66H24N6O13S6Zn4-0_17-MACE-OMat-D3,C66H24N6O13S6Zn4-0_17-MACE-OMat-D3,-0.146688,-845.68,MACE-OMat-D3,P1
C60H42N6O13Zn4-3_7-MACE-OMat-D3,C60H42N6O13Zn4-3_7-MACE-OMat-D3,-0.137908,-823.91,MACE-OMat-D3,P1
C60H36N12O13Zn4-3_10-MACE-OMat-D3,C60H36N12O13Zn4-3_10-MACE-OMat-D3,-0.137789,-854.5,MACE-OMat-D3,P1
C60H24N6O19S6Zn4-0_12-MACE-OMat-D3,C60H24N6O19S6Zn4-0_12-MACE-OMat-D3,-0.180329,-824.205,MACE-OMat-D3,P1
C60H20N12O13Zn4-2_11-MACE-OMat-D3,C60H20N12O13Zn4-2_11-MACE-OMat-D3,-0.0383827,-789.56,MACE-OMat-D3,P1
C60H18N12O19Zn4-2_2-MACE-OMat-D3,C60H18N12O19Zn4-2_2-MACE-OMat-D3,-0.180726,-829.0,MACE-OMat-D3,P1
C56H32N8O17Zn4-3_2-MACE-OMat-D3,C56H32N8O17Zn4-3_2-MACE-OMat-D3,-0.234396,-801.361,MACE-OMat-D3,P1
C56H32N8O13S8Zn4-4_10-MACE-OMat-D3,C56H32N8O13S8Zn4-4_10-MACE-OMat-D3,-0.176617,-808.545,MACE-OMat-D3,P1
C54H30N6O13Zn4-2_4-MACE-OMat-D3,C54H30N6O13Zn4-2_4-MACE-OMat-D3,-0.202535,-734.25,MACE-OMat-D3,P1
C54H24N12O19Zn4-1_2-MACE-OMat-D3,C54H24N12O19Zn4-1_2-MACE-OMat-D3,-0.180367,-793.254,MACE-OMat-D3,P1
C54H24N12O19Zn4-0_7-MACE-OMat-D3,C54H24N12O19Zn4-0_7-MACE-OMat-D3,-0.203293,-795.845,MACE-OMat-D3,P1
C52H36N12O13Zn4-0_8-MACE-OMat-D3,C52H36N12O13Zn4-0_8-MACE-OMat-D3,-0.212576,-788.591,MACE-OMat-D3,P1
C52H32N12O17Zn4-3_17-MACE-OMat-D3,C52H32N12O17Zn4-3_17-MACE-OMat-D3,-0.227735,-797.182,MACE-OMat-D3,P1
C52H32N12O17Zn4-1_4-MACE-OMat-D3,C52H32N12O17Zn4-1_4-MACE-OMat-D3,-0.22309,-796.639,MACE-OMat-D3,P1
C52H28N4O21Zn4-1_3-MACE-OMat-D3,C52H28N4O21Zn4-1_3-MACE-OMat-D3,-0.313622,-744.782,MACE-OMat-D3,P1
C48H36N16O5Zn4-2-MACE-OMat-D3,C48H36N16O5Zn4-2-MACE-OMat-D3,-0.0321403,-724.238,MACE-OMat-D3,P1
C48H36N12O13S4Zn4-3_10-MACE-OMat-D3,C48H36N12O13S4Zn4-3_10-MACE-OMat-D3,-0.275541,-775.694,MACE-OMat-D3,P1
C48H32N8O17Zn4-3_9-MACE-OMat-D3,C48H32N8O17Zn4-3_9-MACE-OMat-D3,-0.28776,-731.746,MACE-OMat-D3,P1
C48H32N8O17Zn4-1_3-MACE-OMat-D3,C48H32N8O17Zn4-1_3-MACE-OMat-D3,-0.279337,-730.828,MACE-OMat-D3,P1
C48H32N8O17Zn4-0_17-MACE-OMat-D3,C48H32N8O17Zn4-0_17-MACE-OMat-D3,-0.262222,-728.962,MACE-OMat-D3,P1
C48H32N8O13Zn4-1-MACE-OMat-D3,C48H32N8O13Zn4-1-MACE-OMat-D3,-0.285568,-710.572,MACE-OMat-D3,P1
C48H30N6O13Zn4-2_12-MACE-OMat-D3,C48H30N6O13Zn4-2_12-MACE-OMat-D3,-0.211663,-678.789,MACE-OMat-D3,P1
C48H30N12O13Zn4-0_11-MACE-OMat-D3,C48H30N12O13Zn4-0_11-MACE-OMat-D3,-0.230004,-732.089,MACE-OMat-D3,P1
C48H24N8O33Zn4-1_1-MACE-OMat-D3,C48H24N8O33Zn4-1_1-MACE-OMat-D3,-0.288703,-787.378,MACE-OMat-D3,P1
C48H24N8O17Zn4-0_15-MACE-OMat-D3,C48H24N8O17Zn4-0_15-MACE-OMat-D3,-0.257358,-700.423,MACE-OMat-D3,P1
C48H24N6O19S6Zn4-2_5-MACE-OMat-D3,C48H24N6O19S6Zn4-2_5-MACE-OMat-D3,-0.274212,-721.75,MACE-OMat-D3,P1
C48H24N12O13Zn4-3_10-MACE-OMat-D3,C48H24N12O13Zn4-3_10-MACE-OMat-D3,-0.192041,-707.412,MACE-OMat-D3,P1
C48H18N12O19Zn4-1-MACE-OMat-D3,C48H18N12O19Zn4-1-MACE-OMat-D3,-0.279003,-726.421,MACE-OMat-D3,P1
C48H18N12O19Zn4-1_1-MACE-OMat-D3,C48H18N12O19Zn4-1_1-MACE-OMat-D3,-0.274397,-725.956,MACE-OMat-D3,P1
C44H40N24O13Zn4-2_12-MACE-OMat-D3,C44H40N24O13Zn4-2_12-MACE-OMat-D3,-0.268566,-836.843,MACE-OMat-D3,P1
C44H36N16O13Zn4-1_7-MACE-OMat-D3,C44H36N16O13Zn4-1_7-MACE-OMat-D3,-0.263587,-753.326,MACE-OMat-D3,P1
C44H28N16O21Zn4-2_10-MACE-OMat-D3,C44H28N16O21Zn4-2_10-MACE-OMat-D3,-0.271947,-767.906,MACE-OMat-D3,P1
C44H20N16O5Zn4-0_1-MACE-OMat-D3,C44H20N16O5Zn4-0_1-MACE-OMat-D3,0.117313,-621.615,MACE-OMat-D3,P1
C42H36N18O10Zn4-3_4-MACE-OMat-D3,C42H36N18O10Zn4-3_4-MACE-OMat-D3,-0.230411,-732.341,MACE-OMat-D3,P1
C42H30N12O16Zn4-2_12-MACE-OMat-D3,C42H30N12O16Zn4-2_12-MACE-OMat-D3,-0.291023,-697.421,MACE-OMat-D3,P1
C42H24N6O13Zn4-0_2-MACE-OMat-D3,C42H24N6O13Zn4-0_2-MACE-OMat-D3,-0.258366,-605.775,MACE-OMat-D3,P1
C42H24N6O13Zn4-0_17-MACE-OMat-D3,C42H24N6O13Zn4-0_17-MACE-OMat-D3,-0.258124,-605.753,MACE-OMat-D3,P1
C40H40N16O25Zn4-2_8-MACE-OMat-D3,C40H40N16O25Zn4-2_8-MACE-OMat-D3,-0.469584,-817.813,MACE-OMat-D3,P1
C40H36N12O17Zn4-2_8-MACE-OMat-D3,C40H36N12O17Zn4-2_8-MACE-OMat-D3,-0.356004,-711.981,MACE-OMat-D3,P1
C40H24N16O13Zn4-1_15-MACE-OMat-D3,C40H24N16O13Zn4-1_15-MACE-OMat-D3,-0.250511,-672.137,MACE-OMat-D3,P1
C40H20N8O13Zn4-0_3-MACE-OMat-D3,C40H20N8O13Zn4-0_3-MACE-OMat-D3,-0.252599,-589.576,MACE-OMat-D3,P1
C40H20N8O13Zn4-1_1-MACE-OMat-D3,C40H20N8O13Zn4-1_1-MACE-OMat-D3,-0.219047,-586.724,MACE-OMat-D3,P1
C38H28N4O13Zn4-3_13-MACE-OMat-D3,C38H28N4O13Zn4-3_13-MACE-OMat-D3,-0.312397,-569.466,MACE-OMat-D3,P1
C24H16Mg4N4O8-12-r2SCAN-D4,C24H16Mg4N4O8-12-r2SCAN-D4,-0.317298,-413.451,r2SCAN-D4,P1
C33H18O13Zn4-1_13-MACE-OMat-D3,C33H18O13Zn4-1_13-MACE-OMat-D3,-0.369472,-455.622,MACE-OMat-D3,P1
C24H24N12O13Zn4-2_6-MACE-OMat-D3,C24H24N12O13Zn4-2_6-MACE-OMat-D3,-0.482972,-504.533,MACE-OMat-D3,P1
C18H12O19Zn4-3_4-MACE-OMat-D3,C18H12O19Zn4-3_4-MACE-OMat-D3,-0.733485,-341.68,MACE-OMat-D3,P1
C56H24N16O13Zn4-1_4-MACE-OMat-D3,C56H24N16O13Zn4-1_4-MACE-OMat-D3,-0.0634925,-802.126,MACE-OMat-D3,P1
C56H24N12O21Zn4-0_13-MACE-OMat-D3,C56H24N12O21Zn4-0_13-MACE-OMat-D3,-0.221767,-827.105,MACE-OMat-D3,P1
C51H42N6O19Zn4-1_5-MACE-OMat-D3,C51H42N6O19Zn4-1_5-MACE-OMat-D3,-0.357596,-797.235,MACE-OMat-D3,P1
C51H24N21O10Zn4-0_3-MACE-OMat-D3,C51H24N21O10Zn4-0_3-MACE-OMat-D3,-0.00765706,-776.699,MACE-OMat-D3,P1
C48H24N20O5Zn4-2-MACE-OMat-D3,C48H24N20O5Zn4-2-MACE-OMat-D3,0.104643,-704.619,MACE-OMat-D3,P1
C48H24N16O13S8Zn4-3_9-MACE-OMat-D3,C48H24N16O13S8Zn4-3_9-MACE-OMat-D3,-0.164858,-773.053,MACE-OMat-D3,P1
C36H24N6O10Zn4-3_1-MACE-OMat-D3,C36H24N6O10Zn4-3_1-MACE-OMat-D3,-0.175981,-526.847,MACE-OMat-D3,P1
C36H20N8O21Zn4-2_12-MACE-OMat-D3,C36H20N8O21Zn4-2_12-MACE-OMat-D3,-0.311763,-598.658,MACE-OMat-D3,P1
C36H18N6O25Zn4-2_5-MACE-OMat-D3,C36H18N6O25Zn4-2_5-MACE-OMat-D3,-0.459314,-608.406,MACE-OMat-D3,P1
C36H18N21O13Zn4-0_9-MACE-OMat-D3,C36H18N21O13Zn4-0_9-MACE-OMat-D3,-0.191876,-650.972,MACE-OMat-D3,P1
C30H12N2O11Zn4-3_8.0-r2SCAN-D4,C30H12N2O11Zn4-3_8.0-r2SCAN-D4,-0.292395,-477.642,r2SCAN-D4,P1
C18H12O19Zn4-0_31-r2SCAN-D4,C18H12O19Zn4-0_31-r2SCAN-D4,-0.775331,-409.544,r2SCAN-D4,P1
C44H32N12O9Zn4-1_4-MACE-OMat-D3,C44H32N12O9Zn4-1_4-MACE-OMat-D3,-0.130607,-670.586,MACE-OMat-D3,P1
C44H24N8O17Zn4-2_8-MACE-OMat-D3,C44H24N8O17Zn4-2_8-MACE-OMat-D3,-0.252521,-662.146,MACE-OMat-D3,P1
C44H24N8O17Zn4-2_15-MACE-OMat-D3,C44H24N8O17Zn4-2_15-MACE-OMat-D3,-0.241845,-661.11,MACE-OMat-D3,P1
C44H24N8O13S4Zn4-1_10-MACE-OMat-D3,C44H24N8O13S4Zn4-1_10-MACE-OMat-D3,-0.222891,-655.994,MACE-OMat-D3,P1
C21H18O13Zn4-1_7.0-r2SCAN-D4,C21H18O13Zn4-1_7.0-r2SCAN-D4,-0.542561,-414.702,r2SCAN-D4,P1
C36H18O16Zn4-1_7-r2SCAN-D4,C36H18O16Zn4-1_7-r2SCAN-D4,-0.368825,-579.33,r2SCAN-D4,P1
C44H24N8O17Zn4-2_3-r2SCAN-D4,Zn4H24C44N8O17,-0.263582,-757.512,r2SCAN-D4,P1
C44H24N8O17Zn4-3_1-r2SCAN-D4,Zn4H24C44N8O17,-0.20948,-752.264,r2SCAN-D4,P1
C44H20N8O13Zn4-2_17-r2SCAN-D4,Zn4H20C44N8O13,-0.205119,-713.088,r2SCAN-D4,P1
C44H20N8O13S4Zn4-0_1-r2SCAN-D4,Zn4H20C44S4N8O13,-0.160045,-742.24,r2SCAN-D4,P1
C42H24N6O25Zn4-1_17-r2SCAN-D4,Zn4H24C42N6O25,-0.4585,-786.485,r2SCAN-D4,P1
C42H24N6O13Zn4-1_10-r2SCAN-D4,Zn4H24C42N6O13,-0.26142,-693.591,r2SCAN-D4,P1
C42H24N6O10S6Zn4-1_4-r2SCAN-D4,Zn2H12C21S3N3O5,-0.0885741,-709.795,r2SCAN-D4,P1
C40H20N8O17Zn4-0_14-r2SCAN-D4,Zn4H20C40N8O17,-0.293593,-704.179,r2SCAN-D4,P1
C40H20N8O17Zn4-2_12-r2SCAN-D4,Zn4H20C40N8O17,-0.215503,-697.228,r2SCAN-D4,P1
C40H20N12O13Zn4-0_11-r2SCAN-D4,Zn4H20C40N12O13,-0.11149,-701.292,r2SCAN-D4,P1
C36H32N12O17Zn4-1_13-r2SCAN-D4,Zn4H32C36N12O17,-0.350501,-751.469,r2SCAN-D4,P1
C40H24O13Zn4-2_2-r2SCAN-D4,Zn4H24C40O13,-0.358275,-624.404,r2SCAN-D4,P1
C28H24N16O13Zn4-0-r2SCAN-D4,Zn4H24C28N16O13,-0.310692,-648.006,r2SCAN-D4,P1
C52H20N8O13Zn4-3_6-r2SCAN-D4,Zn4H20C52N8O13,-0.12923,-787.504,r2SCAN-D4,P1
C48H28N4O13Zn4-1_14-r2SCAN-D4,Zn4H28C48N4O13,-0.238667,-749.103,r2SCAN-D4,P1
C48H24N12O13Zn4-2_5-r2SCAN-D4,Zn4H24C48N12O13,-0.139963,-799.47,r2SCAN-D4,P1
C48H18N12O19Zn4-3_16-r2SCAN-D4,Zn4H18C48N12O19,-0.244654,-824.228,r2SCAN-D4,P1
C48H18N12O19Zn4-1_16-r2SCAN-D4,Zn4H18C48N12O19,-0.142652,-813.925,r2SCAN-D4,P1
C48H16N16O17Zn4-2_13-r2SCAN-D4,Zn4H16C48N16O17,-0.112755,-828.954,r2SCAN-D4,P1
C48H16N16O17Zn4-1_16-r2SCAN-D4,Zn4H16C48N16O17,-0.11159,-828.837,r2SCAN-D4,P1
C44H28N4O13Zn4-1_12-r2SCAN-D4,Zn4H28C44N4O13,-0.251746,-709.296,r2SCAN-D4,P1
C36H28N12O13Zn4-3-r2SCAN-D4,Zn4H28C36N12O13,-0.260902,-703.22,r2SCAN-D4,P1
C36H32N12O17Zn4-1_11-r2SCAN-D4,Zn4H32C36N12O17,-0.341136,-750.523,r2SCAN-D4,P1
C36H28N12O13Zn4-7_6-r2SCAN-D4,Zn4H28C36N12O13,-0.205712,-698.088,r2SCAN-D4,P1
C56H24N16O17Zn4-2_8-r2SCAN-D4,Zn4H24C56N16O17,-0.0929225,-936.23,r2SCAN-D4,P1
C56H24N16O17Zn4-3_5-r2SCAN-D4,Zn4H24C56N16O17,-0.103229,-937.436,r2SCAN-D4,P1
C56H24N16O17Zn4-2_14-r2SCAN-D4,Zn4H24C56N16O17,-0.0834009,-935.116,r2SCAN-D4,P1
C56H24N16O17Zn4-0_11-r2SCAN-D4,Zn4H24C56N16O17,-0.128881,-940.437,r2SCAN-D4,P1
C56H24N16O13Zn4-3_14-r2SCAN-D4,Zn4H24C56N16O13,-0.0160469,-903.887,r2SCAN-D4,P1
C56H24N16O13Zn4-1_5-r2SCAN-D4,Zn4H24C56N16O13,-0.0584757,-908.682,r2SCAN-D4,P1
C56H20N12O13Zn4-2_9-r2SCAN-D4,Zn4H20C56N12O13,-0.0862834,-860.701,r2SCAN-D4,P1
C56H20N12O13Zn4-3_4-r2SCAN-D4,Zn4H20C56N12O13,-0.0114904,-852.848,r2SCAN-D4,P1
C54H18N12O13S6Zn4-1_1-r2SCAN-D4,Zn4H18C54S6N12O13,-0.0333079,-877.043,r2SCAN-D4,P1
C52H32N4O17Zn4-2_16-r2SCAN-D4,Zn4H32C52N4O17,-0.272616,-832.847,r2SCAN-D4,P1
C52H32N12O17Zn4-1_4-r2SCAN-D4,Zn4H32C52N12O17,-0.167531,-895.942,r2SCAN-D4,P1
C44H32N32O13Zn4-3_6-r2SCAN-D4,Zn4H32C44N32O13,-0.0866549,-966.775,r2SCAN-D4,P1
C44H28N16O21Zn4-0_18-r2SCAN-D4,Zn4H28C44N16O21,-0.227039,-867.921,r2SCAN-D4,P1
C44H28N16O21Zn4-0_12-r2SCAN-D4,Zn4H28C44N16O21,-0.310352,-877.335,r2SCAN-D4,P1
C40H24N16O21Zn4-2-r2SCAN-D4,Zn4H24C40N16O21,-0.200238,-809.394,r2SCAN-D4,P1
C40H16N24O25Zn4-2_7-r2SCAN-D4,Zn4H16C40N24O25,-0.0749962,-865.381,r2SCAN-D4,P1
C52H24N16O13Zn4-1_4-r2SCAN-D4,Zn4H24C52N16O13,-0.0982825,-872.719,r2SCAN-D4,P1
C51H33N9O13Zn4-2_3-r2SCAN-D4,Zn4H33C51N9O13,-0.201119,-841.167,r2SCAN-D4,P1
C48H42N12O13Zn4-0_15-r2SCAN-D4,Zn4H42C48N12O13,-0.205574,-872.021,r2SCAN-D4,P1
C48H40N12O17Zn4-2_8-r2SCAN-D4,Zn4H40C48N12O17,-0.252922,-894.532,r2SCAN-D4,P1
C48H40N12O17Zn4-0_3-r2SCAN-D4,Zn4H40C48N12O17,-0.248333,-893.976,r2SCAN-D4,P1
C48H36N12O13S4Zn4-2_14-r2SCAN-D4,Zn4H36C48S4N12O13,-0.187454,-881.272,r2SCAN-D4,P1
C48H32N8O17S4Zn4-1_1-r2SCAN-D4,Zn4H32C48S4N8O17,-0.255854,-861.103,r2SCAN-D4,P1
C54H18N12O19Zn4-3_6-r2SCAN-D4,Zn4H18C54N12O19,-0.166665,-877.453,r2SCAN-D4,P1
C54H42N12O13Zn4-1_14-r2SCAN-D4,Zn4H42C54N12O13,-0.139642,-925.116,r2SCAN-D4,P1
C48H30N12O13Zn4-0_12-r2SCAN-D4,Zn4H30C48N12O13,-0.177551,-825.073,r2SCAN-D4,P1
C48H30N12O13Zn4-1_10-r2SCAN-D4,Zn4H30C48N12O13,-0.194248,-826.859,r2SCAN-D4,P1
C48H30N18O10Zn4-2_6-r2SCAN-D4,Zn2H15C24N9O5,-0.0514402,-849.177,r2SCAN-D4,P1
C48H28N12O21Zn4-0_12-r2SCAN-D4,Zn4H28C48(N4O7)3,-0.257331,-874.807,r2SCAN-D4,P1
C48H28N12O17Zn4-2_5-r2SCAN-D4,Zn4H28C48N12O17,-0.230892,-847.612,r2SCAN-D4,P1
C48H28N12O21Zn4-1_12-r2SCAN-D4,Zn4H28C48(N4O7)3,-0.290099,-878.51,r2SCAN-D4,P1
C48H24N16O13S8Zn4-2_3-r2SCAN-D4,Zn4H24C48S8N16O13,-0.0761122,-895.585,r2SCAN-D4,P1
C48H24N12O21Zn4-0_15-r2SCAN-D4,Zn4H24C48(N4O7)3,-0.208406,-854.617,r2SCAN-D4,P1
C48H24N12O19Zn4-0_18-r2SCAN-D4,Zn4H24C48N12O19,-0.173339,-838.806,r2SCAN-D4,P1
C44H40N8O17Zn4-0_4-r2SCAN-D4,Zn4H40C44N8O17,-0.285145,-819.477,r2SCAN-D4,P1
C42H24N6O13Zn4-0_11-r2SCAN-D4,Zn4H24C42N6O13,-0.261632,-693.61,r2SCAN-D4,P1
C60H24N12O9Zn4-3_2-r2SCAN-D4,Zn4H24C60(N4O3)3,0.126349,-868.482,r2SCAN-D4,P1
C64H24N16O13Zn4-2_5-MACE-OMat-D3,C64H24N16O13Zn4-2_5-MACE-OMat-D3,-0.0794493,-878.122,MACE-OMat-D3,P1
C60H36N6O13Zn4-2_9-MACE-OMat-D3,C60H36N6O13Zn4-2_9-MACE-OMat-D3,-0.196438,-810.585,MACE-OMat-D3,P1
C60H30N6O13Zn4-1_7-MACE-OMat-D3,C60H30N6O13Zn4-1_7-MACE-OMat-D3,-0.154763,-785.235,MACE-OMat-D3,P1
C60H20N12O13Zn4-1-MACE-OMat-D3,C60H20N12O13Zn4-1-MACE-OMat-D3,-0.0643936,-792.396,MACE-OMat-D3,P1
C60H18N12O19Zn4-1_17-MACE-OMat-D3,C60H18N12O19Zn4-1_17-MACE-OMat-D3,-0.217122,-833.113,MACE-OMat-D3,P1
C60H18N12O13S6Zn4-2_10-MACE-OMat-D3,C60H18N12O13S6Zn4-2_10-MACE-OMat-D3,-0.0529332,-809.643,MACE-OMat-D3,P1
C54H39N9O16Zn4-2_5-MACE-OMat-D3,C54H39N9O16Zn4-2_5-MACE-OMat-D3,-0.286369,-816.588,MACE-OMat-D3,P1
C54H36N18O13Zn4-2_10-MACE-OMat-D3,C54H36N18O13Zn4-2_10-MACE-OMat-D3,-0.175352,-854.095,MACE-OMat-D3,P1
C54H30N6O19Zn4-0-MACE-OMat-D3,C54H30N6O19Zn4-0-MACE-OMat-D3,-0.283348,-774.286,MACE-OMat-D3,P1
C54H18N12O19Zn4-1_5-MACE-OMat-D3,C54H18N12O19Zn4-1_5-MACE-OMat-D3,-0.186402,-773.355,MACE-OMat-D3,P1
C54H18N12O13S6Zn4-0_3-MACE-OMat-D3,C54H18N12O13S6Zn4-0_3-MACE-OMat-D3,-0.112198,-760.499,MACE-OMat-D3,P1
C52H44N8O17Zn4-0-MACE-OMat-D3,C52H44N8O17Zn4-0-MACE-OMat-D3,-0.262943,-808.951,MACE-OMat-D3,P1
C52H28N4O21Zn4-1_1-MACE-OMat-D3,C52H28N4O21Zn4-1_1-MACE-OMat-D3,-0.338672,-747.513,MACE-OMat-D3,P1
C48H40N12O17Zn4-0_10-MACE-OMat-D3,C48H40N12O17Zn4-0_10-MACE-OMat-D3,-0.301824,-796.229,MACE-OMat-D3,P1
C48H36N12O13S4Zn4-0_6-MACE-OMat-D3,C48H36N12O13S4Zn4-0_6-MACE-OMat-D3,-0.284208,-776.708,MACE-OMat-D3,P1
C48H32N8O17Zn4-2_10-MACE-OMat-D3,C48H32N8O17Zn4-2_10-MACE-OMat-D3,-0.254492,-728.12,MACE-OMat-D3,P1
C48H32N8O17Zn4-1-MACE-OMat-D3,C48H32N8O17Zn4-1-MACE-OMat-D3,-0.290371,-732.03,MACE-OMat-D3,P1
C48H32N8O13Zn4-1_1-MACE-OMat-D3,C48H32N8O13Zn4-1_1-MACE-OMat-D3,-0.271418,-709.086,MACE-OMat-D3,P1
C48H28N4O17Zn4-2_9-MACE-OMat-D3,C48H28N4O17Zn4-2_9-MACE-OMat-D3,-0.360476,-690.435,MACE-OMat-D3,P1
C48H28N20O5Zn4-2_1-MACE-OMat-D3,C48H28N20O5Zn4-2_1-MACE-OMat-D3,0.0780311,-719.97,MACE-OMat-D3,P1
C48H28N12O21Zn4-0_17-MACE-OMat-D3,C48H28N12O21Zn4-0_17-MACE-OMat-D3,-0.304549,-774.99,MACE-OMat-D3,P1
C48H28N12O17Zn4-0_8-MACE-OMat-D3,C48H28N12O17Zn4-0_8-MACE-OMat-D3,-0.180479,-740.456,MACE-OMat-D3,P1
C48H27N9O13Zn4-0-MACE-OMat-D3,C48H27N9O13Zn4-0-MACE-OMat-D3,-0.21317,-694.243,MACE-OMat-D3,P1
C48H24N6O19S6Zn4-1_10-MACE-OMat-D3,C48H24N6O19S6Zn4-1_10-MACE-OMat-D3,-0.237913,-717.866,MACE-OMat-D3,P1
C46H30N8O15Zn4-0_11-MACE-OMat-D3,C46H30N8O15Zn4-0_11-MACE-OMat-D3,-0.250916,-691.451,MACE-OMat-D3,P1
C46H30N8O15Zn4-0_1-MACE-OMat-D3,C46H30N8O15Zn4-0_1-MACE-OMat-D3,-0.258825,-692.266,MACE-OMat-D3,P1
C46H30N8O15Zn4-0_17-MACE-OMat-D3,C46H30N8O15Zn4-0_17-MACE-OMat-D3,-0.283033,-694.759,MACE-OMat-D3,P1
C44H40N20O17Zn4-2_16-MACE-OMat-D3,C44H40N20O17Zn4-2_16-MACE-OMat-D3,-0.365176,-835.334,MACE-OMat-D3,P1
C44H36N16O13Zn4-1_10-MACE-OMat-D3,C44H36N16O13Zn4-1_10-MACE-OMat-D3,-0.271874,-754.262,MACE-OMat-D3,P1
C44H32N32O13Zn4-1_1-MACE-OMat-D3,C44H32N32O13Zn4-1_1-MACE-OMat-D3,-0.201393,-869.254,MACE-OMat-D3,P1
C44H28N16O21Zn4-3_3-MACE-OMat-D3,C44H28N16O21Zn4-3_3-MACE-OMat-D3,-0.317475,-773.05,MACE-OMat-D3,P1
C42H30N12O16Zn4-0_12-MACE-OMat-D3,C42H30N12O16Zn4-0_12-MACE-OMat-D3,-0.339008,-702.412,MACE-OMat-D3,P1
C40H24N8O17Zn4-3_4-MACE-OMat-D3,C40H24N8O17Zn4-3_4-MACE-OMat-D3,-0.344027,-632.867,MACE-OMat-D3,P1
C40H20N8O13Zn4-2_15-MACE-OMat-D3,C40H20N8O13Zn4-2_15-MACE-OMat-D3,-0.248024,-589.187,MACE-OMat-D3,P1
C40H16N24O25Zn4-1_12-MACE-OMat-D3,C40H16N24O25Zn4-1_12-MACE-OMat-D3,-0.131145,-762.316,MACE-OMat-D3,P1
C34H22N6O9Zn4-0_2-MACE-OMat-D3,C34H22N6O9Zn4-0_2-MACE-OMat-D3,-0.128369,-492.571,MACE-OMat-D3,P1
C32H24N16O13Zn4-0_7-MACE-OMat-D3,C32H24N16O13Zn4-0_7-MACE-OMat-D3,-0.335329,-604.124,MACE-OMat-D3,P1
C32H16N16O5Zn4-1_1-MACE-OMat-D3,C32H16N16O5Zn4-1_1-MACE-OMat-D3,0.101608,-501.328,MACE-OMat-D3,P1
C24H16N8O21Zn4-2_8-MACE-OMat-D3,C24H16N8O21Zn4-2_8-MACE-OMat-D3,-0.448295,-480.326,MACE-OMat-D3,P1
C24H16N2O11Zn4-3_6-MACE-OMat-D3,C24H16N2O11Zn4-3_6-MACE-OMat-D3,-0.383044,-369.885,MACE-OMat-D3,P1
C22H10N2O5Zn4-1-MACE-OMat-D3,C22H10N2O5Zn4-1-MACE-OMat-D3,0.117271,-275.469,MACE-OMat-D3,P1
C20H8N12O13Zn4-1_11-MACE-OMat-D3,C20H8N12O13Zn4-1_11-MACE-OMat-D3,-0.322533,-397.05,MACE-OMat-D3,P1
C18H15N3O13Zn4-0-MACE-OMat-D3,C18H15N3O13Zn4-0-MACE-OMat-D3,-0.578657,-338.55,MACE-OMat-D3,P1
C60H36O19Zn4-0-pts-MACE-OMat-D3,C60H36O19Zn4-0-pts-MACE-OMat-D3,-0.282028,-800.391,MACE-OMat-D3,P1
C21H18O13Zn4-0_18-r2SCAN-D4,C21H18O13Zn4-0_18-r2SCAN-D4,-0.538876,-414.495,r2SCAN-D4,P1
C56H24N16O17Zn4-0_6-MACE-OMat-D3,C56H24N16O17Zn4-0_6-MACE-OMat-D3,-0.148298,-832.095,MACE-OMat-D3,P1
C52H20N8O13Zn4-1_13-MACE-OMat-D3,C52H20N8O13Zn4-1_13-MACE-OMat-D3,-0.152577,-693.241,MACE-OMat-D3,P1
C51H33N12O22Zn4-3_5-MACE-OMat-D3,C51H33N12O22Zn4-3_5-MACE-OMat-D3,-0.347559,-831.729,MACE-OMat-D3,P1
C48H42N12O13Zn4-1_16-MACE-OMat-D3,C48H42N12O13Zn4-1_16-MACE-OMat-D3,-0.270368,-778.577,MACE-OMat-D3,P1
C48H42N12O13Zn4-1_1-MACE-OMat-D3,C48H42N12O13Zn4-1_1-MACE-OMat-D3,-0.256262,-776.898,MACE-OMat-D3,P1
C48H24N20O13Zn4-0_10-MACE-OMat-D3,C48H24N20O13Zn4-0_10-MACE-OMat-D3,-0.193185,-775.83,MACE-OMat-D3,P1
C36H32N12O17Zn4-2_7-MACE-OMat-D3,C36H32N12O17Zn4-2_7-MACE-OMat-D3,-0.410179,-664.851,MACE-OMat-D3,P1
C36H30N9O13Zn4-3_3-MACE-OMat-D3,C36H30N9O13Zn4-3_3-MACE-OMat-D3,-0.324567,-601.969,MACE-OMat-D3,P1
C36H30N9O13Zn4-2_15-MACE-OMat-D3,C36H30N9O13Zn4-2_15-MACE-OMat-D3,-0.344193,-603.774,MACE-OMat-D3,P1
C36H18O16Zn4-1_2-MACE-OMat-D3,C36H18O16Zn4-1_2-MACE-OMat-D3,-0.376888,-500.816,MACE-OMat-D3,P1
C36H18O16Zn4-0_12-MACE-OMat-D3,C36H18O16Zn4-0_12-MACE-OMat-D3,-0.391717,-501.914,MACE-OMat-D3,P1
C36H18N6O25Zn4-2_9-MACE-OMat-D3,C36H18N6O25Zn4-2_9-MACE-OMat-D3,-0.470502,-609.402,MACE-OMat-D3,P1
C36H18N6O13S6Zn4-3_11-MACE-OMat-D3,C36H18N6O13S6Zn4-3_11-MACE-OMat-D3,-0.262062,-554.674,MACE-OMat-D3,P1
C34H22N8O15Zn4-2_17-MACE-OMat-D3,C34H22N8O15Zn4-2_17-MACE-OMat-D3,-0.339872,-557.53,MACE-OMat-D3,P1
C24H18O13S3Zn4-0_1-r2SCAN-D4,C24H18O13S3Zn4-0_1-r2SCAN-D4,-0.348039,-460.34,r2SCAN-D4,P1
C24H20N4O13Zn4-0_20-r2SCAN-D4,C24H20N4O13Zn4-0_20-r2SCAN-D4,-0.445297,-486.832,r2SCAN-D4,P1
C18H12O19Zn4-3_3-r2SCAN-D4,C18H12O19Zn4-3_3-r2SCAN-D4,-0.768059,-409.159,r2SCAN-D4,P1
C44H24O13Zn4-3_14-MACE-OMat-D3,C44H24O13Zn4-3_14-MACE-OMat-D3,-0.329118,-579.077,MACE-OMat-D3,P1
C44H28N16O13Zn4-0_9-MACE-OMat-D3,C44H28N16O13Zn4-0_9-MACE-OMat-D3,-0.237657,-722.545,MACE-OMat-D3,P1
C44H24N8O17Zn4-1_4-MACE-OMat-D3,C44H24N8O17Zn4-1_4-MACE-OMat-D3,-0.297238,-666.483,MACE-OMat-D3,P1
C44H24N8O17Zn4-1_16-MACE-OMat-D3,C44H24N8O17Zn4-1_16-MACE-OMat-D3,-0.268181,-663.665,MACE-OMat-D3,P1
C44H24N8O17Zn4-0_6-MACE-OMat-D3,C44H24N8O17Zn4-0_6-MACE-OMat-D3,-0.297962,-666.554,MACE-OMat-D3,P1
Al1C3H1N2O3S1-15-r2SCAN-D4,Al1C3H1N2O3S1-15-r2SCAN-D4,-0.734992,-92.315,r2SCAN-D4,P1
C44H28N4O13Zn4-0_7-r2SCAN-D4,Zn4H28C44N4O13,-0.252491,-709.366,r2SCAN-D4,P1
C44H24N8O17Zn4-2_13-r2SCAN-D4,Zn4H24C44N8O17,-0.206972,-752.021,r2SCAN-D4,P1
C44H24N8O13S4Zn4-2_12-r2SCAN-D4,Zn4H24C44S4N8O13,-0.100276,-750.911,r2SCAN-D4,P1
C44H20N16O5Zn4-0_1-r2SCAN-D4,Zn4H20C44N16O5,0.221494,-701.761,r2SCAN-D4,P1
C40H36N8O13Zn4-5_13-r2SCAN-D4,Zn4H36C40N8O13,-0.256129,-735.945,r2SCAN-D4,P1
C40H36N8O13Zn4-2_7-r2SCAN-D4,Zn4H36C40N8O13,-0.245385,-734.86,r2SCAN-D4,P1
C38H28N4O13Zn4-1_9-r2SCAN-D4,Zn4H28C38N4O13,-0.307344,-652.521,r2SCAN-D4,P1
C38H28N4O13Zn4-1_7-r2SCAN-D4,Zn4H28C38N4O13,-0.307552,-652.539,r2SCAN-D4,P1
C38H28N4O13Zn4-2_3-r2SCAN-D4,Zn4H28C38N4O13,-0.250685,-647.591,r2SCAN-D4,P1
C40H12N8O13Zn4-1_18-r2SCAN-D4,Zn4H12C40N8O13,-0.167633,-640.017,r2SCAN-D4,P1
C36H24N6O13Zn4-3_13-r2SCAN-D4,Zn4H24C36N6O13,-0.267785,-632.448,r2SCAN-D4,P1
C36H18N6O13S6Zn4-0_4-r2SCAN-D4,Zn4H18C36S6N6O13,-0.230516,-657.398,r2SCAN-D4,P1
C52H28N4O9Zn4-1_6-r2SCAN-D4,Zn4H28C52N4O9,0.0331044,-739.525,r2SCAN-D4,P1
C56H16N12O13Zn4-1_16-r2SCAN-D4,Zn4H16C56N12O13,-0.0555986,-843.429,r2SCAN-D4,P1
C48H20N12O9Zn4-3_4-r2SCAN-D4,Zn4H20C48(N4O3)3,0.0308275,-745.355,r2SCAN-D4,P1
C48H16N16O17Zn4-1_10-r2SCAN-D4,Zn4H16C48N16O17,-0.100774,-827.744,r2SCAN-D4,P1
C48H16N16O17Zn4-1_6-r2SCAN-D4,Zn4H16C48N16O17,-0.103976,-828.068,r2SCAN-D4,P1
C36H32N12O17Zn4-1_5-r2SCAN-D4,Zn4H32C36N12O17,-0.259596,-742.287,r2SCAN-D4,P1
C32H24N16O13Zn4-1_4-r2SCAN-D4,Zn4H24C32N16O13,-0.25267,-684.153,r2SCAN-D4,P1
C30H18N24O13Zn4-1_2-r2SCAN-D4,Zn4H18C30N24O13,-0.141658,-706.706,r2SCAN-D4,P1
C64H20N16O13Zn4-3_16-r2SCAN-D4,Zn4H20C64N16O13,0.0407504,-963.615,r2SCAN-D4,P1
C60H18N12O19Zn4-3_12-r2SCAN-D4,Zn4H18C60N12O19,-0.15459,-937.191,r2SCAN-D4,P1
C56H40N8O13Zn4-0_6-r2SCAN-D4,Zn4H40C56N8O13,-0.225075,-911.41,r2SCAN-D4,P1
C56H36N8O13Zn4-3_16-r2SCAN-D4,Zn4H36C56N8O13,-0.2105,-894.977,r2SCAN-D4,P1
C56H32N8O13S8Zn4-3_10-r2SCAN-D4,Zn4H32C56S8N8O13,-0.0978967,-933.413,r2SCAN-D4,P1
C56H32N4O17Zn4-1_13-r2SCAN-D4,Zn4H32C56N4O17,-0.207667,-866.666,r2SCAN-D4,P1
C56H24N16O5Zn4-1-r2SCAN-D4,Zn4H24C56N16O5,0.291886,-824.858,r2SCAN-D4,P1
C56H24N16O17Zn4-2_9-r2SCAN-D4,Zn4H24C56N16O17,-0.129613,-940.523,r2SCAN-D4,P1
C56H24N16O13Zn4-2_1-r2SCAN-D4,Zn4H24C56N16O13,-0.056294,-908.435,r2SCAN-D4,P1
C56H24N16O13Zn4-2-r2SCAN-D4,Zn4H24C56N16O13,-0.0179371,-904.101,r2SCAN-D4,P1
C56H20N12O13Zn4-2_17-r2SCAN-D4,Zn4H20C56N12O13,-0.0919973,-861.301,r2SCAN-D4,P1
C54H24N12O19Zn4-0_2-r2SCAN-D4,Zn4H24C54N12O19,-0.137133,-895.857,r2SCAN-D4,P1
C54H18N12O19Zn4-0_14-r2SCAN-D4,Zn4H18C54N12O19,-0.159027,-876.636,r2SCAN-D4,P1
C52H44N8O17Zn4-3_7-r2SCAN-D4,Zn4H44C52N8O17,-0.234439,-910.525,r2SCAN-D4,P1
C52H32N4O13Zn4-0_2-r2SCAN-D4,Zn4H32C52N4O13,-0.21177,-802.084,r2SCAN-D4,P1
C52H32N4O13Zn4-0_14-r2SCAN-D4,Zn4H32C52N4O13,-0.202613,-801.122,r2SCAN-D4,P1
C60H30N6O25Zn4-1_4-r2SCAN-D4,Zn4H30C60N6O25,-0.266311,-974.513,r2SCAN-D4,P1
C44H32N32O13Zn4-3_7-r2SCAN-D4,Zn4H32C44N32O13,-0.0569234,-963.058,r2SCAN-D4,P1
C44H32N32O13Zn4-1_2-r2SCAN-D4,Zn4H32C44N32O13,-0.0781749,-965.715,r2SCAN-D4,P1
C40H40N16O25Zn4-1_11-r2SCAN-D4,Zn4H40C40N16O25,-0.397135,-916.606,r2SCAN-D4,P1
C40H16N24O25Zn4-2_10-r2SCAN-D4,Zn4H16C40N24O25,-0.0871959,-866.711,r2SCAN-D4,P1
C39H36N12O13Zn4-3_16-r2SCAN-D4,Zn4H36C39N12O13,-0.228138,-760.389,r2SCAN-D4,P1
C52H28N4O21Zn4-2_8-r2SCAN-D4,Zn4H28C52N4O21,-0.275863,-842.657,r2SCAN-D4,P1
C51H36O13Zn4-3_4-r2SCAN-D4,Zn4H36C51O13,-0.272982,-775.444,r2SCAN-D4,P1
C52H28N12O17Zn4-1_4-r2SCAN-D4,Zn4H28C52N12O17,-0.154038,-879.919,r2SCAN-D4,P1
C48H40N16O13Zn4-1_1-r2SCAN-D4,Zn4H40C48N16O13,-0.22725,-904.746,r2SCAN-D4,P1
C48H40N16O13Zn4-2_15-r2SCAN-D4,Zn4H40C48N16O13,-0.168076,-897.586,r2SCAN-D4,P1
C48H32N8O17Zn4-2_2-r2SCAN-D4,Zn4H32C48N8O17,-0.279898,-830.177,r2SCAN-D4,P1
C48H32N8O13Zn4-2_7-r2SCAN-D4,Zn4H32C48N8O13,-0.234097,-800.964,r2SCAN-D4,P1
C48H32N8O17Zn4-0_2-r2SCAN-D4,Zn4H32C48N8O17,-0.242923,-826.147,r2SCAN-D4,P1
C48H32N8O13Zn4-2_10-r2SCAN-D4,Zn4H32C48N8O13,-0.230205,-800.556,r2SCAN-D4,P1
C48H24N8O13S8Zn4-0_17-r2SCAN-D4,Zn4H24C48S8N8O13,-0.0875428,-822.968,r2SCAN-D4,P1
C48H24N12O21Zn4-2_2-r2SCAN-D4,Zn4H24C48(N4O7)3,-0.260106,-860.253,r2SCAN-D4,P1
C48H24N12O21Zn4-1_1-r2SCAN-D4,Zn4H24C48(N4O7)3,-0.184388,-851.999,r2SCAN-D4,P1
C44H40N8O13Zn4-1_3-r2SCAN-D4,Zn4H40C44N8O13,-0.269843,-793.385,r2SCAN-D4,P1
C45H27N9O19Zn4-0_11-r2SCAN-D4,Zn4H27C45N9O19,-0.344429,-808.946,r2SCAN-D4,P1
C42H24N6O13S3Zn4-3_3-r2SCAN-D4,Zn4H24C42S3N6O13,-0.236008,-716.43,r2SCAN-D4,P1
C60H32N4O17Zn4-3_5-r2SCAN-D4,Zn4H32C60N4O17,-0.21895,-908.885,r2SCAN-D4,P1
C60H36N6O13Zn4-0_4-r2SCAN-D4,Zn4H36C60N6O13,-0.120016,-906.396,r2SCAN-D4,P1
C54H42N6O13Zn4-2_5-r2SCAN-D4,Zn4H42C54N6O13,-0.222566,-879.239,r2SCAN-D4,P1
C7H5N3O7Zn4-3_1-MACE-OMat-D3,C7H5N3O7Zn4-3_1-MACE-OMat-D3,-0.366148,-154.134,MACE-OMat-D3,P1
C64H20N16O13Zn4-3_14-MACE-OMat-D3,C64H20N16O13Zn4-3_14-MACE-OMat-D3,-0.0899888,-866.062,MACE-OMat-D3,P1
C64H20N16O13Zn4-2_17-MACE-OMat-D3,C64H20N16O13Zn4-2_17-MACE-OMat-D3,-0.0907436,-866.151,MACE-OMat-D3,P1
C60H32N8O17Zn4-3_1-MACE-OMat-D3,C60H32N8O17Zn4-3_1-MACE-OMat-D3,-0.162806,-830.415,MACE-OMat-D3,P1
C60H16N16O13Zn4-2_9-MACE-OMat-D3,C60H16N16O13Zn4-2_9-MACE-OMat-D3,-0.0920459,-815.813,MACE-OMat-D3,P1
C56H40N4O13Zn4-1_2-MACE-OMat-D3,C56H40N4O13Zn4-1_2-MACE-OMat-D3,-0.232522,-773.921,MACE-OMat-D3,P1
C56H32N8O21Zn4-0_10-MACE-OMat-D3,C56H32N8O21Zn4-0_10-MACE-OMat-D3,-0.299437,-829.961,MACE-OMat-D3,P1
C56H24N8O13S8Zn4-1_6-MACE-OMat-D3,C56H24N8O13S8Zn4-1_6-MACE-OMat-D3,-0.130635,-775.986,MACE-OMat-D3,P1
C54H30N6O19Zn4-2_4-MACE-OMat-D3,C54H30N6O19Zn4-2_4-MACE-OMat-D3,-0.252173,-770.763,MACE-OMat-D3,P1
C54H24N12O13S3Zn4-3_2-MACE-OMat-D3,C54H24N12O13S3Zn4-3_2-MACE-OMat-D3,-0.164215,-773.634,MACE-OMat-D3,P1
C52H32N8O13Zn4-2_12-MACE-OMat-D3,C52H32N8O13Zn4-2_12-MACE-OMat-D3,-0.206476,-739.872,MACE-OMat-D3,P1
C52H32N12O17Zn4-2_11-MACE-OMat-D3,C52H32N12O17Zn4-2_11-MACE-OMat-D3,-0.188002,-792.533,MACE-OMat-D3,P1
C52H28N8O13Zn4-1-MACE-OMat-D3,C52H28N8O13Zn4-1-MACE-OMat-D3,-0.208345,-726.267,MACE-OMat-D3,P1
C52H28N4O21Zn4-1_17-MACE-OMat-D3,C52H28N4O21Zn4-1_17-MACE-OMat-D3,-0.352066,-748.973,MACE-OMat-D3,P1
C52H24N8O17Zn4-2_7-MACE-OMat-D3,C52H24N8O17Zn4-2_7-MACE-OMat-D3,-0.285185,-741.153,MACE-OMat-D3,P1
C52H28N12O17Zn4-2_14-MACE-OMat-D3,C52H28N12O17Zn4-2_14-MACE-OMat-D3,-0.138753,-773.241,MACE-OMat-D3,P1
C48H36N12O13S4Zn4-3_3-MACE-OMat-D3,C48H36N12O13S4Zn4-3_3-MACE-OMat-D3,-0.248592,-772.541,MACE-OMat-D3,P1
C48H36N12O13S4Zn4-2_16-MACE-OMat-D3,C48H36N12O13S4Zn4-2_16-MACE-OMat-D3,-0.278891,-776.086,MACE-OMat-D3,P1
C48H32N8O17Zn4-2_4-MACE-OMat-D3,C48H32N8O17Zn4-2_4-MACE-OMat-D3,-0.285917,-731.545,MACE-OMat-D3,P1
C48H32N8O17Zn4-0_14-MACE-OMat-D3,C48H32N8O17Zn4-0_14-MACE-OMat-D3,-0.288984,-731.879,MACE-OMat-D3,P1
C48H32N20O17Zn4-1_3-MACE-OMat-D3,C48H32N20O17Zn4-1_3-MACE-OMat-D3,-0.274902,-833.778,MACE-OMat-D3,P1
C48H30N12O13Zn4-1_15-MACE-OMat-D3,C48H30N12O13Zn4-1_15-MACE-OMat-D3,-0.28129,-737.576,MACE-OMat-D3,P1
C48H28N4O13Zn4-0_10-MACE-OMat-D3,C48H28N4O13Zn4-0_10-MACE-OMat-D3,-0.252527,-658.729,MACE-OMat-D3,P1
C48H27N9O13Zn4-3_14-MACE-OMat-D3,C48H27N9O13Zn4-3_14-MACE-OMat-D3,-0.219357,-694.868,MACE-OMat-D3,P1
C48H24N8O17Zn4-0_13-MACE-OMat-D3,C48H24N8O17Zn4-0_13-MACE-OMat-D3,-0.21466,-696.111,MACE-OMat-D3,P1
C48H24N6O19S6Zn4-3_3-MACE-OMat-D3,C48H24N6O19S6Zn4-3_3-MACE-OMat-D3,-0.236486,-717.714,MACE-OMat-D3,P1
C45H33N15O10Zn4-1_4-MACE-OMat-D3,C45H33N15O10Zn4-1_4-MACE-OMat-D3,-0.123476,-713.027,MACE-OMat-D3,P1
C45H27N9O19Zn4-2_6-MACE-OMat-D3,C45H27N9O19Zn4-2_6-MACE-OMat-D3,-0.325515,-708.672,MACE-OMat-D3,P1
C45H27N9O19Zn4-0_11-MACE-OMat-D3,C45H27N9O19Zn4-0_11-MACE-OMat-D3,-0.364311,-712.706,MACE-OMat-D3,P1
C45H24N6O13Zn4-3_17-MACE-OMat-D3,C45H24N6O13Zn4-3_17-MACE-OMat-D3,-0.165956,-625.632,MACE-OMat-D3,P1
C45H24N6O13Zn4-1_1-MACE-OMat-D3,C45H24N6O13Zn4-1_1-MACE-OMat-D3,-0.173759,-626.35,MACE-OMat-D3,P1
C44H40N24O13Zn4-0_9-MACE-OMat-D3,C44H40N24O13Zn4-0_9-MACE-OMat-D3,-0.289175,-839.419,MACE-OMat-D3,P1
C44H28N4O13Zn4-1_9-MACE-OMat-D3,C44H28N4O13Zn4-1_9-MACE-OMat-D3,-0.267339,-622.318,MACE-OMat-D3,P1
C44H28N16O21Zn4-3_9-MACE-OMat-D3,C44H28N16O21Zn4-3_9-MACE-OMat-D3,-0.349244,-776.64,MACE-OMat-D3,P1
C42H30N12O16Zn4-2_18-MACE-OMat-D3,C42H30N12O16Zn4-2_18-MACE-OMat-D3,-0.328893,-701.36,MACE-OMat-D3,P1
C42H24N6O13Zn4-1_8-MACE-OMat-D3,C42H24N6O13Zn4-1_8-MACE-OMat-D3,-0.258081,-605.75,MACE-OMat-D3,P1
C42H24N6O13S3Zn4-2_12-MACE-OMat-D3,C42H24N6O13S3Zn4-2_12-MACE-OMat-D3,-0.254933,-618.62,MACE-OMat-D3,P1
C40H12N8O13Zn4-0_6-MACE-OMat-D3,C40H12N8O13Zn4-0_6-MACE-OMat-D3,-0.160477,-554.512,MACE-OMat-D3,P1
C39H36N12O13Zn4-3_7-MACE-OMat-D3,C39H36N12O13Zn4-3_7-MACE-OMat-D3,-0.322245,-677.702,MACE-OMat-D3,P1
C38H28N4O13Zn4-2_10-MACE-OMat-D3,C38H28N4O13Zn4-2_10-MACE-OMat-D3,-0.320916,-570.207,MACE-OMat-D3,P1
Al1C25H20N7O3-1-r2SCAN-D4,Al1C25H20N7O3-1-r2SCAN-D4,0.0515651,-405.024,r2SCAN-D4,P1
C30H12N4O9Zn4-1_3-MACE-OMat-D3,C30H12N4O9Zn4-1_3-MACE-OMat-D3,-0.0516471,-400.085,MACE-OMat-D3,P1
C28H24N16O13Zn4-3_15-MACE-OMat-D3,C28H24N16O13Zn4-3_15-MACE-OMat-D3,-0.358569,-567.98,MACE-OMat-D3,P1
C28H12N2O11Zn4-3_8-MACE-OMat-D3,C28H12N2O11Zn4-3_8-MACE-OMat-D3,-0.277688,-387.684,MACE-OMat-D3,P1
C27H24N6O10Zn4-0-MACE-OMat-D3,C27H24N6O10Zn4-0-MACE-OMat-D3,-0.297027,-451.105,MACE-OMat-D3,P1
C24H24N24O13Zn4-0_11-MACE-OMat-D3,C24H24N24O13Zn4-0_11-MACE-OMat-D3,-0.267915,-591.324,MACE-OMat-D3,P1
C22H18N4O11Zn4-2_11-MACE-OMat-D3,C22H18N4O11Zn4-2_11-MACE-OMat-D3,-0.344983,-373.193,MACE-OMat-D3,P1
C21H18N6O13Zn4-0_12-MACE-OMat-D3,C21H18N6O13Zn4-0_12-MACE-OMat-D3,-0.461511,-398.844,MACE-OMat-D3,P1
C20H12O13Zn4-2_13-MACE-OMat-D3,C20H12O13Zn4-2_13-MACE-OMat-D3,-0.47084,-314.577,MACE-OMat-D3,P1
C24H15O13Zn4-1_8.0-r2SCAN-D4,C24H15O13Zn4-1_8.0-r2SCAN-D4,-0.508521,-432.476,r2SCAN-D4,P1
C18H15N3O13Zn4-2_1-r2SCAN-D4,C18H15N3O13Zn4-2_1-r2SCAN-D4,-0.588406,-402.535,r2SCAN-D4,P1
C56H24N16O13Zn4-2_12-MACE-OMat-D3,C56H24N16O13Zn4-2_12-MACE-OMat-D3,-0.13776,-810.518,MACE-OMat-D3,P1
C56H24N16O13Zn4-1_14-MACE-OMat-D3,C56H24N16O13Zn4-1_14-MACE-OMat-D3,-0.163036,-813.375,MACE-OMat-D3,P1
C52H20N12O13Zn4-3_4-MACE-OMat-D3,C52H20N12O13Zn4-3_4-MACE-OMat-D3,-0.0893452,-720.843,MACE-OMat-D3,P1
C51H39N12O10Zn4-1_8-MACE-OMat-D3,C51H39N12O10Zn4-1_8-MACE-OMat-D3,-0.17866,-770.136,MACE-OMat-D3,P1
C48H24N16O13S8Zn4-3_10-MACE-OMat-D3,C48H24N16O13S8Zn4-3_10-MACE-OMat-D3,-0.176458,-774.364,MACE-OMat-D3,P1
C36H32N12O17Zn4-2_14-MACE-OMat-D3,C36H32N12O17Zn4-2_14-MACE-OMat-D3,-0.410826,-664.916,MACE-OMat-D3,P1
C40H16O5Zn4-2-r2SCAN-D4,C40H16O5Zn4-2-r2SCAN-D4,0.267522,-503.771,r2SCAN-D4,P1
C36H12N8O13Zn4-0_14-r2SCAN-D4,C36H12N8O13Zn4-0_14-r2SCAN-D4,-0.220239,-603.119,r2SCAN-D4,P1
C32H20O17Zn4-3_10-r2SCAN-D4,C32H20O17Zn4-3_10-r2SCAN-D4,-0.46691,-558.788,r2SCAN-D4,P1
C24H24O16Zn4-0_7-r2SCAN-D4,C24H24O16Zn4-0_7-r2SCAN-D4,-0.538413,-489.186,r2SCAN-D4,P1
C48H24N12O21Zn4-2_8-MACE-OMat-D3,C48H24N12O21Zn4-2_8-MACE-OMat-D3,-0.230984,-752.778,MACE-OMat-D3,P1
C48H24N12O19Zn4-3_17-MACE-OMat-D3,C48H24N12O19Zn4-3_17-MACE-OMat-D3,-0.183405,-737.329,MACE-OMat-D3,P1
C48H24N12O19Zn4-2_16-MACE-OMat-D3,C48H24N12O19Zn4-2_16-MACE-OMat-D3,-0.206367,-739.786,MACE-OMat-D3,P1
C44H24N8O17Zn4-0_13-MACE-OMat-D3,C44H24N8O17Zn4-0_13-MACE-OMat-D3,-0.229456,-659.909,MACE-OMat-D3,P1
C44H24N8O13S4Zn4-1_1-MACE-OMat-D3,C44H24N8O13S4Zn4-1_1-MACE-OMat-D3,-0.197008,-653.484,MACE-OMat-D3,P1
C44H24N8O13S4Zn4-1_11-MACE-OMat-D3,C44H24N8O13S4Zn4-1_11-MACE-OMat-D3,-0.192095,-653.007,MACE-OMat-D3,P1
C32H16N4O9S6Zn4-2_1-r2SCAN-D4,C32H16N4O9S6Zn4-2_1-r2SCAN-D4,-0.0142765,-550.711,r2SCAN-D4,P1
C48H28N4O13Zn4-3_7-r2SCAN-D4,C48H28N4O13Zn4-3_7-r2SCAN-D4,-0.247559,-749.965,r2SCAN-D4,P1
C44H24N8O13S4Zn4-2_6-r2SCAN-D4,Zn4H24C44S4N8O13,-0.157229,-756.435,r2SCAN-D4,P1
C44H20N8O13S4Zn4-3_5-r2SCAN-D4,Zn4H20C44S4N8O13,-0.123023,-738.797,r2SCAN-D4,P1
C42H30N6O13Zn4-1_14-r2SCAN-D4,Zn4H30C42N6O13,-0.195025,-709.593,r2SCAN-D4,P1
C42H24N6O13Zn4-2_1-r2SCAN-D4,Zn4H24C42N6O13,-0.26148,-693.596,r2SCAN-D4,P1
C42H24N18O10Zn4-2_2-r2SCAN-D4,Zn2H12C21N9O5,-0.0319292,-765.804,r2SCAN-D4,P1
C40H36N8O13Zn4-5_5-r2SCAN-D4,Zn4H36C40N8O13,-0.222492,-732.547,r2SCAN-D4,P1
C38H28N4O13Zn4-3_13-r2SCAN-D4,Zn4H28C38N4O13,-0.307687,-652.551,r2SCAN-D4,P1
C36H30N9O13Zn4-2_15-r2SCAN-D4,Zn4H30C36N9O13,-0.296231,-685.67,r2SCAN-D4,P1
C36H30N9O13Zn4-3_12-r2SCAN-D4,Zn4H30C36N9O13,-0.288605,-684.969,r2SCAN-D4,P1
C36H20N8O21Zn4-0_5-r2SCAN-D4,Zn4H20C36N8O21,-0.276125,-685.84,r2SCAN-D4,P1
C36H18N6O13Zn4-3_13-r2SCAN-D4,Zn4H18C36N6O13,-0.286554,-611.545,r2SCAN-D4,P1
C56H16N12O13Zn4-3_12-r2SCAN-D4,Zn4H16C56N12O13,-0.0537848,-843.246,r2SCAN-D4,P1
C48H24N8O17Zn4-0_20-r2SCAN-D4,Zn4H24C48N8O17,-0.236068,-795.856,r2SCAN-D4,P1
C48H24N20O5Zn4-2-r2SCAN-D4,Zn4H24C48(N4O)5,0.195335,-792.245,r2SCAN-D4,P1
C48H28N4O17Zn4-3_1-r2SCAN-D4,Zn4H28C48N4O17,-0.269072,-776.412,r2SCAN-D4,P1
C52H20N12O13Zn4-2_6-r2SCAN-D4,Zn4H20C52N12O13,-0.0727699,-818.923,r2SCAN-D4,P1
C48H24N12O13Zn4-0_5-r2SCAN-D4,Zn4H24C48N12O13,-0.144822,-799.96,r2SCAN-D4,P1
C48H16N16O17Zn4-1_4-r2SCAN-D4,Zn4H16C48N16O17,-0.110006,-828.677,r2SCAN-D4,P1
C48H16N16O17Zn4-0_11-r2SCAN-D4,Zn4H16C48N16O17,-0.108098,-828.484,r2SCAN-D4,P1
C36H18N21O13Zn4-3_15-r2SCAN-D4,Zn4H18C36N21O13,-0.140609,-739.683,r2SCAN-D4,P1
C64H20N16O13Zn4-0_16-r2SCAN-D4,Zn4H20C64N16O13,0.0209996,-965.925,r2SCAN-D4,P1
C64H20N16O13Zn4-2_11-r2SCAN-D4,Zn4H20C64N16O13,0.011122,-967.081,r2SCAN-D4,P1
C56H32N4O17Zn4-3_12-r2SCAN-D4,Zn4H32C56N4O17,-0.259144,-872.483,r2SCAN-D4,P1
C56H32N4O17Zn4-3_7-r2SCAN-D4,Zn4H32C56N4O17,-0.228472,-869.017,r2SCAN-D4,P1
C56H24N8O13S8Zn4-0_12-r2SCAN-D4,Zn4H24C56S8N8O13,-0.0134155,-895.428,r2SCAN-D4,P1
C56H24N16O17Zn4-2_13-r2SCAN-D4,Zn4H24C56N16O17,-0.0838533,-935.169,r2SCAN-D4,P1
C56H24N16O13Zn4-1_10-r2SCAN-D4,Zn4H24C56N16O13,-0.0402665,-906.624,r2SCAN-D4,P1
C56H24N16O13Zn4-3_13-r2SCAN-D4,Zn4H24C56N16O13,0.00236199,-901.807,r2SCAN-D4,P1
C56H24N12O21Zn4-2_9-r2SCAN-D4,Zn4H24C56(N4O7)3,-0.194192,-934.758,r2SCAN-D4,P1
C56H24N12O21Zn4-1_8-r2SCAN-D4,Zn4H24C56(N4O7)3,-0.233999,-939.415,r2SCAN-D4,P1
C54H24N12O13S3Zn4-3_3-r2SCAN-D4,Zn4H24C54S3N12O13,-0.0288054,-872.997,r2SCAN-D4,P1
C44H40N20O17Zn4-0_13-r2SCAN-D4,Zn4H40C44N20O17,-0.293818,-933.796,r2SCAN-D4,P1
C44H28N16O21Zn4-3_7-r2SCAN-D4,Zn4H28C44N16O21,-0.224815,-867.669,r2SCAN-D4,P1
C44H28N16O21Zn4-0_16-r2SCAN-D4,Zn4H28C44N16O21,-0.195572,-864.365,r2SCAN-D4,P1
C44H32N32O13Zn4-0_16-r2SCAN-D4,Zn4H32C44N32O13,-0.0842233,-966.471,r2SCAN-D4,P1
C44H32N32O13Zn4-2_6-r2SCAN-D4,Zn4H32C44N32O13,-0.085323,-966.608,r2SCAN-D4,P1
C42H33N9O19Zn4-0_3-r2SCAN-D4,Zn4H33C42N9O19,-0.32049,-798.109,r2SCAN-D4,P1
C44H16N40O13Zn4-3_3-r2SCAN-D4,Zn4H16C44N40O13,0.125501,-959.157,r2SCAN-D4,P1
C40H32N8O21Zn4-2_15-r2SCAN-D4,Zn4H32C40N8O21,-0.433357,-788.318,r2SCAN-D4,P1
C51H42N6O19Zn4-1_4-r2SCAN-D4,Zn4H42C51N6O19,-0.260223,-889.376,r2SCAN-D4,P1
C48H42N12O13Zn4-1_16-r2SCAN-D4,Zn4H42C48N12O13,-0.221083,-873.867,r2SCAN-D4,P1
C48H52N8O13Zn4-3_5-r2SCAN-D4,Zn4H52C48N8O13,-0.201918,-870.763,r2SCAN-D4,P1
C48H40N16O13Zn4-3_13-r2SCAN-D4,Zn4H40C48N16O13,-0.230924,-905.19,r2SCAN-D4,P1
C48H32N8O13Zn4-2-r2SCAN-D4,Zn4H32C48N8O13,-0.232468,-800.793,r2SCAN-D4,P1
C44H40N8O13Zn4-1_8-r2SCAN-D4,Zn4H40C44N8O13,-0.205172,-786.335,r2SCAN-D4,P1
C44H40N24O13Zn4-3_15-r2SCAN-D4,Zn4H40C44N24O13,-0.189879,-934.124,r2SCAN-D4,P1
C48H32N20O17Zn4-3_3-r2SCAN-D4,Zn4H32C48N20O17,-0.166722,-929.655,r2SCAN-D4,P1
C48H28N12O21Zn4-1_8-r2SCAN-D4,Zn4H28C48(N4O7)3,-0.233427,-872.106,r2SCAN-D4,P1
C48H24N8O33Zn4-0_2-r2SCAN-D4,Zn4H24C48N8O33,-0.424014,-914.758,r2SCAN-D4,P1
C48H24N6O19S6Zn4-0_4-r2SCAN-D4,Zn4H24C48S6N6O19,-0.246194,-840.48,r2SCAN-D4,P1
C48H24N20O13Zn4-2_2-r2SCAN-D4,Zn4H24C48N20O13,-0.0492968,-863.915,r2SCAN-D4,P1
C48H24N24O10Zn4-3_8-r2SCAN-D4,Zn2H12C24N12O5,0.0219626,-875.268,r2SCAN-D4,P1
C48H24N12O21Zn4-0_5-r2SCAN-D4,Zn4H24C48(N4O7)3,-0.1813,-851.663,r2SCAN-D4,P1
C48H24N12O19Zn4-3_9-r2SCAN-D4,Zn4H24C48N12O19,-0.217898,-843.574,r2SCAN-D4,P1
C44H40N24O13Zn4-0_11-r2SCAN-D4,Zn4H40C44N24O13,-0.212973,-937.011,r2SCAN-D4,P1
C42H24N6O13Zn4-0_9-r2SCAN-D4,Zn4H24C42N6O13,-0.261619,-693.608,r2SCAN-D4,P1
C48H16N16O17Zn4-3_6-r2SCAN-D4,Zn4H16C48N16O17,-0.141343,-831.842,r2SCAN-D4,P1
C60H28N4O13Zn4-3-r2SCAN-D4,Zn4H28C60N4O13,-0.172977,-865.011,r2SCAN-D4,P1
C60H28N16O5Zn4-0_1-r2SCAN-D4,Zn4H28C60N16O5,0.228296,-883.604,r2SCAN-D4,P1
C64H36N4O13Zn4-3_13-MACE-OMat-D3,C64H36N4O13Zn4-3_13-MACE-OMat-D3,-0.14487,-824.828,MACE-OMat-D3,P1
C64H24N8O21Zn4-0_2-MACE-OMat-D3,C64H24N8O21Zn4-0_2-MACE-OMat-D3,-0.168339,-861.706,MACE-OMat-D3,P1
C64H24N16O13Zn4-0_5-MACE-OMat-D3,C64H24N16O13Zn4-0_5-MACE-OMat-D3,-0.0763744,-877.75,MACE-OMat-D3,P1
C60H24N20O5Zn4-0_1-MACE-OMat-D3,C60H24N20O5Zn4-0_1-MACE-OMat-D3,0.154355,-808.082,MACE-OMat-D3,P1
C60H24N12O13S6Zn4-2_7-MACE-OMat-D3,C60H24N12O13S6Zn4-2_7-MACE-OMat-D3,-0.0791038,-832.538,MACE-OMat-D3,P1
C60H24N12O13S6Zn4-0_7-MACE-OMat-D3,C60H24N12O13S6Zn4-0_7-MACE-OMat-D3,-0.0672157,-831.123,MACE-OMat-D3,P1
C60H20N12O13Zn4-1_3-MACE-OMat-D3,C60H20N12O13Zn4-1_3-MACE-OMat-D3,-0.0883239,-795.004,MACE-OMat-D3,P1
C56H36N8O13Zn4-2_2-MACE-OMat-D3,C56H36N8O13Zn4-2_2-MACE-OMat-D3,-0.188492,-789.173,MACE-OMat-D3,P1
C56H36N8O13Zn4-0_17-MACE-OMat-D3,C56H36N8O13Zn4-0_17-MACE-OMat-D3,-0.219566,-792.809,MACE-OMat-D3,P1
C56H36N12O13Zn4-0_2-MACE-OMat-D3,C56H36N12O13Zn4-0_2-MACE-OMat-D3,-0.189039,-823.372,MACE-OMat-D3,P1
C56H32N8O13S8Zn4-5_4-MACE-OMat-D3,C56H32N8O13S8Zn4-5_4-MACE-OMat-D3,-0.18642,-809.731,MACE-OMat-D3,P1
C56H16N12O13Zn4-2_11-MACE-OMat-D3,C56H16N12O13Zn4-2_11-MACE-OMat-D3,-0.0955988,-745.279,MACE-OMat-D3,P1
C54H36N6O13S6Zn4-0_9-MACE-OMat-D3,C54H36N6O13S6Zn4-0_9-MACE-OMat-D3,-0.214901,-782.387,MACE-OMat-D3,P1
C54H24N12O19Zn4-3_14-MACE-OMat-D3,C54H24N12O19Zn4-3_14-MACE-OMat-D3,-0.207059,-796.27,MACE-OMat-D3,P1
C52H36N12O13Zn4-3_16-MACE-OMat-D3,C52H36N12O13Zn4-3_16-MACE-OMat-D3,-0.221059,-789.583,MACE-OMat-D3,P1
C52H32N8O13Zn4-1_16-MACE-OMat-D3,C52H32N8O13Zn4-1_16-MACE-OMat-D3,-0.221621,-741.523,MACE-OMat-D3,P1
C52H32N4O17Zn4-2_11-MACE-OMat-D3,C52H32N4O17Zn4-2_11-MACE-OMat-D3,-0.283114,-734.64,MACE-OMat-D3,P1
C52H28N4O9Zn4-1_6-MACE-OMat-D3,C52H28N4O9Zn4-1_6-MACE-OMat-D3,-0.0158249,-652.755,MACE-OMat-D3,P1
C52H28N12O17Zn4-3_3-MACE-OMat-D3,C52H28N12O17Zn4-3_3-MACE-OMat-D3,-0.105117,-769.44,MACE-OMat-D3,P1
C48H32N4O21Zn4-2-MACE-OMat-D3,C48H32N4O21Zn4-2-MACE-OMat-D3,-0.29518,-718.969,MACE-OMat-D3,P1
C48H30N12O13Zn4-3_2-MACE-OMat-D3,C48H30N12O13Zn4-3_2-MACE-OMat-D3,-0.20603,-729.524,MACE-OMat-D3,P1
C48H30N12O13Zn4-0_1-MACE-OMat-D3,C48H30N12O13Zn4-0_1-MACE-OMat-D3,-0.228451,-731.923,MACE-OMat-D3,P1
C48H28N4O17Zn4-2_12-MACE-OMat-D3,C48H28N4O17Zn4-2_12-MACE-OMat-D3,-0.31899,-686.245,MACE-OMat-D3,P1
C48H24N6O19S6Zn4-0_18-MACE-OMat-D3,C48H24N6O19S6Zn4-0_18-MACE-OMat-D3,-0.286846,-723.102,MACE-OMat-D3,P1
C48H18N12O19Zn4-2_13-MACE-OMat-D3,C48H18N12O19Zn4-2_13-MACE-OMat-D3,-0.282216,-726.746,MACE-OMat-D3,P1
C48H16N16O17Zn4-2_6-MACE-OMat-D3,C48H16N16O17Zn4-2_6-MACE-OMat-D3,-0.147747,-730.159,MACE-OMat-D3,P1
C45H27N9O19Zn4-3_11-MACE-OMat-D3,C45H27N9O19Zn4-3_11-MACE-OMat-D3,-0.336682,-709.833,MACE-OMat-D3,P1
C44H36N16O13Zn4-2_2-MACE-OMat-D3,C44H36N16O13Zn4-2_2-MACE-OMat-D3,-0.269856,-754.034,MACE-OMat-D3,P1
C44H32N8O13Zn4-0_6-MACE-OMat-D3,C44H32N8O13Zn4-0_6-MACE-OMat-D3,-0.26562,-670.636,MACE-OMat-D3,P1
C44H28N16O21Zn4-3_13-MACE-OMat-D3,C44H28N16O21Zn4-3_13-MACE-OMat-D3,-0.253081,-765.774,MACE-OMat-D3,P1
C42H30N12O16Zn4-3_6-MACE-OMat-D3,C42H30N12O16Zn4-3_6-MACE-OMat-D3,-0.340539,-702.571,MACE-OMat-D3,P1
C42H24N6O25Zn4-0_16-MACE-OMat-D3,C42H24N6O25Zn4-0_16-MACE-OMat-D3,-0.469341,-689.561,MACE-OMat-D3,P1
C42H24N6O13Zn4-2_15-MACE-OMat-D3,C42H24N6O13Zn4-2_15-MACE-OMat-D3,-0.258263,-605.766,MACE-OMat-D3,P1
C42H24N6O13Zn4-0_18-MACE-OMat-D3,C42H24N6O13Zn4-0_18-MACE-OMat-D3,-0.258579,-605.794,MACE-OMat-D3,P1
C42H24N6O13Zn4-0_15-MACE-OMat-D3,C42H24N6O13Zn4-0_15-MACE-OMat-D3,-0.258426,-605.78,MACE-OMat-D3,P1
C40H32N8O21Zn4-2_15-MACE-OMat-D3,C40H32N8O21Zn4-2_15-MACE-OMat-D3,-0.484589,-697.497,MACE-OMat-D3,P1
C40H24N8O17Zn4-0_15-MACE-OMat-D3,C40H24N8O17Zn4-0_15-MACE-OMat-D3,-0.288082,-627.664,MACE-OMat-D3,P1
C40H20N8O17Zn4-0_9-MACE-OMat-D3,C40H20N8O17Zn4-0_9-MACE-OMat-D3,-0.217979,-607.298,MACE-OMat-D3,P1
C39H36N6O19Zn4-1_11-MACE-OMat-D3,C39H36N6O19Zn4-1_11-MACE-OMat-D3,-0.420791,-667.572,MACE-OMat-D3,P1
C27H15N3O13S6Zn4-1-MACE-OMat-D3,C27H15N3O13S6Zn4-1-MACE-OMat-D3,-0.298552,-435.707,MACE-OMat-D3,P1
C24H24O17Zn4-2-MACE-OMat-D3,C24H24O17Zn4-2-MACE-OMat-D3,-0.523352,-423.113,MACE-OMat-D3,P1
C24H18N12O13Zn4-1_18-MACE-OMat-D3,C24H18N12O13Zn4-1_18-MACE-OMat-D3,-0.383196,-475.089,MACE-OMat-D3,P1
C22H22O17Zn4-2_11-MACE-OMat-D3,C22H22O17Zn4-2_11-MACE-OMat-D3,-0.562698,-398.7,MACE-OMat-D3,P1
C22H20N10O9Zn4-0_1-MACE-OMat-D3,C22H20N10O9Zn4-0_1-MACE-OMat-D3,-0.241203,-415.176,MACE-OMat-D3,P1
C20H12O13Zn4-1-MACE-OMat-D3,C20H12O13Zn4-1-MACE-OMat-D3,-0.468437,-314.459,MACE-OMat-D3,P1
C20H12O15Zn4-3_19-r2SCAN-D4,C20H12O15Zn4-3_19-r2SCAN-D4,-0.538586,-392.67,r2SCAN-D4,P1
C20H16N6O5Zn4-3-r2SCAN-D4,C20H16N6O5Zn4-3-r2SCAN-D4,0.0609795,-372.616,r2SCAN-D4,P1
C56H24N4O21Zn4-3_5-MACE-OMat-D3,C56H24N4O21Zn4-3_5-MACE-OMat-D3,-0.274849,-764.36,MACE-OMat-D3,P1
C56H24N16O13Zn4-3_13-MACE-OMat-D3,C56H24N16O13Zn4-3_13-MACE-OMat-D3,-0.0704412,-802.911,MACE-OMat-D3,P1
C56H20N12O13Zn4-1_14-MACE-OMat-D3,C56H20N12O13Zn4-1_14-MACE-OMat-D3,-0.128735,-762.115,MACE-OMat-D3,P1
C51H42N6O19Zn4-3_8-MACE-OMat-D3,C51H42N6O19Zn4-3_8-MACE-OMat-D3,-0.300226,-790.236,MACE-OMat-D3,P1
C51H42N6O19Zn4-3_11-MACE-OMat-D3,C51H42N6O19Zn4-3_11-MACE-OMat-D3,-0.285342,-788.42,MACE-OMat-D3,P1
C51H33N9O13Zn4-0_10-MACE-OMat-D3,C51H33N9O13Zn4-0_10-MACE-OMat-D3,-0.206008,-742.421,MACE-OMat-D3,P1
C50H34N6O13Zn4-0_4-MACE-OMat-D3,C50H34N6O13Zn4-0_4-MACE-OMat-D3,-0.276905,-718.404,MACE-OMat-D3,P1
C48H48N16O5Zn4-3_2-MACE-OMat-D3,C48H48N16O5Zn4-3_2-MACE-OMat-D3,-0.0615886,-767.111,MACE-OMat-D3,P1
C48H42N12O13Zn4-3_2-MACE-OMat-D3,C48H42N12O13Zn4-3_2-MACE-OMat-D3,-0.260112,-777.357,MACE-OMat-D3,P1
C48H42N6O16Zn4-0_4-MACE-OMat-D3,C48H42N6O16Zn4-0_4-MACE-OMat-D3,-0.35183,-751.992,MACE-OMat-D3,P1
C48H24N6O13Zn4-1_9-MACE-OMat-D3,C48H24N6O13Zn4-1_9-MACE-OMat-D3,-0.200475,-656.993,MACE-OMat-D3,P1
C48H24N6O13S6Zn4-1_14-MACE-OMat-D3,C48H24N6O13S6Zn4-1_14-MACE-OMat-D3,-0.209277,-683.858,MACE-OMat-D3,P1
C48H24N6O10S6Zn4-0_1-MACE-OMat-D3,C48H24N6O10S6Zn4-0_1-MACE-OMat-D3,-0.0991498,-657.593,MACE-OMat-D3,P1
C48H24N16O13S8Zn4-3_8-MACE-OMat-D3,C48H24N16O13S8Zn4-3_8-MACE-OMat-D3,-0.167491,-773.351,MACE-OMat-D3,P1
C48H24N16O9S8Zn4-3_2-MACE-OMat-D3,C48H24N16O9S8Zn4-3_2-MACE-OMat-D3,-0.0475261,-739.812,MACE-OMat-D3,P1
C48H24N16O13S8Zn4-1_15-MACE-OMat-D3,C48H24N16O13S8Zn4-1_15-MACE-OMat-D3,-0.144239,-770.723,MACE-OMat-D3,P1
C36H26N6O11Zn4-3_3-MACE-OMat-D3,C36H26N6O11Zn4-3_3-MACE-OMat-D3,-0.241299,-544.231,MACE-OMat-D3,P1
C36H24N6O13Zn4-0_12-MACE-OMat-D3,C36H24N6O13Zn4-0_12-MACE-OMat-D3,-0.273519,-550.314,MACE-OMat-D3,P1
C36H20N8O21Zn4-2_10-MACE-OMat-D3,C36H20N8O21Zn4-2_10-MACE-OMat-D3,-0.285286,-596.302,MACE-OMat-D3,P1
C36H18O16Zn4-1_14-MACE-OMat-D3,C36H18O16Zn4-1_14-MACE-OMat-D3,-0.466659,-507.459,MACE-OMat-D3,P1
C36H18N6O13Zn4-1_1-MACE-OMat-D3,C36H18N6O13Zn4-1_1-MACE-OMat-D3,-0.280569,-529.754,MACE-OMat-D3,P1
C36H12N8O13Zn4-0_5-MACE-OMat-D3,C36H12N8O13Zn4-0_5-MACE-OMat-D3,-0.17644,-518.257,MACE-OMat-D3,P1
C30H12N4O9Zn4-1_3.0-r2SCAN-D4,C30H12N4O9Zn4-1_3.0-r2SCAN-D4,-0.00940417,-467.605,r2SCAN-D4,P1
C33H18O13Zn4-0_5-r2SCAN-D4,C33H18O13Zn4-0_5-r2SCAN-D4,-0.386617,-530.813,r2SCAN-D4,P1
C27H15N6O16Zn4-3_5-r2SCAN-D4,C27H15N6O16Zn4-3_5-r2SCAN-D4,-0.380243,-532.276,r2SCAN-D4,P1
C20H12N8O11Zn4-0_2-r2SCAN-D4,C20H12N8O11Zn4-0_2-r2SCAN-D4,-0.309689,-432.159,r2SCAN-D4,P1
C18H12O19Zn4-0_22-r2SCAN-D4,C18H12O19Zn4-0_22-r2SCAN-D4,-0.761586,-408.816,r2SCAN-D4,P1
C44H28N16O13Zn4-2_17-MACE-OMat-D3,C44H28N16O13Zn4-2_17-MACE-OMat-D3,-0.247561,-723.585,MACE-OMat-D3,P1
C44H24N8O13S4Zn4-2_6-MACE-OMat-D3,C44H24N8O13S4Zn4-2_6-MACE-OMat-D3,-0.200965,-653.868,MACE-OMat-D3,P1
C28H16N4O9Zn4-1_3.0-r2SCAN-D4,C28H16N4O9Zn4-1_3.0-r2SCAN-D4,0.0301335,-459.006,r2SCAN-D4,P1
C44H24O13Zn4-0_14-r2SCAN-D4,C44H24O13Zn4-0_14-r2SCAN-D4,-0.317888,-662.472,r2SCAN-D4,P1
C36H20N4O13Zn4-0_9-r2SCAN-D4,C36H20N4O13Zn4-0_9-r2SCAN-D4,-0.258924,-598.029,r2SCAN-D4,P1
C34H22N4O11Zn4-0_8-r2SCAN-D4,C34H22N4O11Zn4-0_8-r2SCAN-D4,-0.207307,-568.878,r2SCAN-D4,P1
C48H33N6O10Zn4-1-r2SCAN-D4,C48H33N6O10Zn4-1-r2SCAN-D4,-0.108712,-755.056,r2SCAN-D4,P1
Al1C3H1N2O3S1-0-r2SCAN-D4,Al1C3H1N2O3S1-0-r2SCAN-D4,-0.530311,-90.0636,r2SCAN-D4,P1
C12H10Mg2N2O2-9-r2SCAN-D4,C12H10Mg2N2O2-9-r2SCAN-D4,-0.00830646,-193.345,r2SCAN-D4,P1
C44H24N8O17Zn4-0_13-r2SCAN-D4,Zn4H24C44N8O17,-0.214359,-752.737,r2SCAN-D4,P1
C40H36N8O13Zn4-3_18-r2SCAN-D4,Zn4H36C40N8O13,-0.296186,-739.991,r2SCAN-D4,P1
C39H33N6O13Zn4-2_15-r2SCAN-D4,Zn4H33C39N6O13,-0.278078,-697.803,r2SCAN-D4,P1
C36H30N9O13Zn4-0_17-r2SCAN-D4,Zn4H30C36N9O13,-0.291465,-685.232,r2SCAN-D4,P1
C36H24N6O13Zn4-2_19-r2SCAN-D4,Zn4H24C36N6O13,-0.277467,-633.252,r2SCAN-D4,P1
C56H16N12O13Zn4-3_17-r2SCAN-D4,Zn4H16C56N12O13,-0.0510889,-842.974,r2SCAN-D4,P1
C48H24N6O13Zn4-0_5-r2SCAN-D4,Zn4H24C48N6O13,-0.179549,-747.484,r2SCAN-D4,P1
C48H28N4O13Zn4-1_12-r2SCAN-D4,Zn4H28C48N4O13,-0.251785,-750.375,r2SCAN-D4,P1
C48H28N4O17Zn4-3_11-r2SCAN-D4,Zn4H28C48N4O17,-0.285309,-778.052,r2SCAN-D4,P1
C48H18N12O19Zn4-2_3-r2SCAN-D4,Zn4H18C48N12O19,-0.237553,-823.51,r2SCAN-D4,P1
C48H24N20O5Zn4-0_1-r2SCAN-D4,Zn4H24C48(N4O)5,0.193517,-792.429,r2SCAN-D4,P1
C36H18N6O13S3Zn4-3_6-r2SCAN-D4,Zn4H18C36S3N6O13,-0.217309,-631.258,r2SCAN-D4,P1
C45H24N6O13Zn4-1_8-r2SCAN-D4,Zn4H24C45N6O13,-0.217446,-720.38,r2SCAN-D4,P1
C48H16N16O17Zn4-2-r2SCAN-D4,Zn4H16C48N16O17,-0.143213,-832.031,r2SCAN-D4,P1
C33H30N15O13Zn4-0_16-r2SCAN-D4,Zn4H30C33N15O13,-0.277148,-709.602,r2SCAN-D4,P1
C66H36N6O13Zn4-2_12-r2SCAN-D4,Zn4H36C66N6O13,-0.0988059,-964.567,r2SCAN-D4,P1
C60H16N16O13Zn4-0_16-r2SCAN-D4,Zn4H16C60N16O13,0.0106308,-913.328,r2SCAN-D4,P1
C56H36N8O13Zn4-2_17-r2SCAN-D4,Zn4H36C56N8O13,-0.116259,-883.951,r2SCAN-D4,P1
C56H8N40O13Zn4-0_1-r2SCAN-D4,Zn4H8C56N40O13,0.242288,-1037.07,r2SCAN-D4,P1
C56H32N8O13S8Zn4-5_2-r2SCAN-D4,Zn4H32C56S8N8O13,-0.0392782,-926.32,r2SCAN-D4,P1
C56H24N4O21Zn4-3_5-r2SCAN-D4,Zn4H24C56N4O21,-0.246089,-865.652,r2SCAN-D4,P1
C56H24N8O13S8Zn4-1-r2SCAN-D4,Zn4H24C56S8N8O13,-0.0465144,-899.168,r2SCAN-D4,P1
C56H24N16O17Zn4-1_8-r2SCAN-D4,Zn4H24C56N16O17,-0.104516,-937.586,r2SCAN-D4,P1
C54H36N6O13S6Zn4-3_6-r2SCAN-D4,Zn4H36C54S6N6O13,-0.108523,-893.711,r2SCAN-D4,P1
C52H44N8O17Zn4-0_6-r2SCAN-D4,Zn4H44C52N8O17,-0.228314,-909.759,r2SCAN-D4,P1
C52H32N12O17Zn4-1_10-r2SCAN-D4,Zn4H32C52N12O17,-0.23955,-904.368,r2SCAN-D4,P1
C52H28N8O13Zn4-2_11-r2SCAN-D4,Zn4H28C52N8O13,-0.120437,-815.271,r2SCAN-D4,P1
C44H32N32O13Zn4-3_14-r2SCAN-D4,Zn4H32C44N32O13,-0.031132,-959.834,r2SCAN-D4,P1
C44H32N32O13Zn4-2_8-r2SCAN-D4,Zn4H32C44N32O13,-0.109583,-969.641,r2SCAN-D4,P1
C44H28N16O21Zn4-2_2-r2SCAN-D4,Zn4H28C44N16O21,-0.202611,-865.16,r2SCAN-D4,P1
C42H36N18O10Zn4-0_3-r2SCAN-D4,Zn2H18C21N9O5,-0.110981,-816.366,r2SCAN-D4,P1
C52H24N8O17Zn4-1_2-r2SCAN-D4,Zn4H24C52N8O17,-0.21519,-834.676,r2SCAN-D4,P1
C51H42N6O19Zn4-3_3-r2SCAN-D4,Zn4H42C51N6O19,-0.271224,-890.718,r2SCAN-D4,P1
C51H18N27O10Zn4-3_3-r2SCAN-D4,Zn4H18C51N27O10,0.141418,-898.89,r2SCAN-D4,P1
C48H40N12O17Zn4-0_6-r2SCAN-D4,Zn4H40C48N12O17,-0.237595,-892.677,r2SCAN-D4,P1
C56H24N16O13S8Zn4-2_9-r2SCAN-D4,Zn4H24C56S8N16O13,-0.00582108,-967.825,r2SCAN-D4,P1
C48H30N12O13Zn4-0_3-r2SCAN-D4,Zn4H30C48N12O13,-0.176958,-825.009,r2SCAN-D4,P1
C48H32N20O17Zn4-2-r2SCAN-D4,Zn4H32C48N20O17,-0.205513,-934.349,r2SCAN-D4,P1
C48H24N12O21Zn4-3-r2SCAN-D4,Zn4H24C48(N4O7)3,-0.244559,-858.558,r2SCAN-D4,P1
C48H24N12O19Zn4-2_8-r2SCAN-D4,Zn4H24C48N12O19,-0.203053,-841.986,r2SCAN-D4,P1
C48H18N12O19Zn4-0_3-r2SCAN-D4,Zn4H18C48N12O19,-0.231644,-822.914,r2SCAN-D4,P1
C42H24N6O13Zn4-0-r2SCAN-D4,Zn4H24C42N6O13,-0.26156,-693.603,r2SCAN-D4,P1
C56H16N16O9Zn4-3_2-r2SCAN-D4,Zn4H16C56N16O9,0.228886,-828.017,r2SCAN-D4,P1
C60H30N12O13Zn4-1_13-r2SCAN-D4,Zn4H30C60N12O13,-0.11876,-940.412,r2SCAN-D4,P1
C60H32N4O17Zn4-0-r2SCAN-D4,Zn4H32C60N4O17,-0.179526,-904.273,r2SCAN-D4,P1
C64H32N8O17Zn4-3_2-MACE-OMat-D3,C64H32N8O17Zn4-3_2-MACE-OMat-D3,-0.148977,-866.117,MACE-OMat-D3,P1
C60H24N4O13Zn4-3_16-MACE-OMat-D3,C60H24N4O13Zn4-3_16-MACE-OMat-D3,-0.155519,-747.924,MACE-OMat-D3,P1
C60H18N12O13S6Zn4-0_9-MACE-OMat-D3,C60H18N12O13S6Zn4-0_9-MACE-OMat-D3,-0.0551761,-809.897,MACE-OMat-D3,P1
C60H16N16O13Zn4-3_23-MACE-OMat-D3,C60H16N16O13Zn4-3_23-MACE-OMat-D3,-0.0811605,-814.627,MACE-OMat-D3,P1
C60H16N16O13Zn4-3_2-MACE-OMat-D3,C60H16N16O13Zn4-3_2-MACE-OMat-D3,-0.0818153,-814.698,MACE-OMat-D3,P1
C60H16N16O13Zn4-0_6-MACE-OMat-D3,C60H16N16O13Zn4-0_6-MACE-OMat-D3,-0.0916807,-815.773,MACE-OMat-D3,P1
C56H32N8O21Zn4-3-MACE-OMat-D3,C56H32N8O21Zn4-3-MACE-OMat-D3,-0.220157,-820.369,MACE-OMat-D3,P1
C56H32N8O13S8Zn4-0_3-MACE-OMat-D3,C56H32N8O13S8Zn4-0_3-MACE-OMat-D3,-0.12827,-802.695,MACE-OMat-D3,P1
C56H32N4O17Zn4-0_13-MACE-OMat-D3,C56H32N4O17Zn4-0_13-MACE-OMat-D3,-0.247358,-768.51,MACE-OMat-D3,P1
C56H16N12O13Zn4-2_13-MACE-OMat-D3,C56H16N12O13Zn4-2_13-MACE-OMat-D3,-0.0875907,-744.47,MACE-OMat-D3,P1
C56H16N12O13Zn4-0_9-MACE-OMat-D3,C56H16N12O13Zn4-0_9-MACE-OMat-D3,-0.0748762,-743.186,MACE-OMat-D3,P1
C54H36N6O13Zn4-2_5-MACE-OMat-D3,C54H36N6O13Zn4-2_5-MACE-OMat-D3,-0.175215,-751.84,MACE-OMat-D3,P1
C54H24N6O13Zn4-0_5-MACE-OMat-D3,C54H24N6O13Zn4-0_5-MACE-OMat-D3,-0.11444,-704.675,MACE-OMat-D3,P1
C54H24N12O13S3Zn4-0_2-MACE-OMat-D3,C54H24N12O13S3Zn4-0_2-MACE-OMat-D3,-0.116255,-768.358,MACE-OMat-D3,P1
C54H18N12O13S6Zn4-3_1-MACE-OMat-D3,C54H18N12O13S6Zn4-3_1-MACE-OMat-D3,-0.14432,-763.936,MACE-OMat-D3,P1
C52H36N4O21Zn4-1_4-MACE-OMat-D3,C52H36N4O21Zn4-1_4-MACE-OMat-D3,-0.359609,-778.622,MACE-OMat-D3,P1
C52H36N12O13Zn4-0-MACE-OMat-D3,C52H36N12O13Zn4-0-MACE-OMat-D3,-0.241443,-791.968,MACE-OMat-D3,P1
C52H28N8O13Zn4-0_6-MACE-OMat-D3,C52H28N8O13Zn4-0_6-MACE-OMat-D3,-0.217937,-727.274,MACE-OMat-D3,P1
C52H28N4O21Zn4-2_16-MACE-OMat-D3,C52H28N4O21Zn4-2_16-MACE-OMat-D3,-0.356116,-749.414,MACE-OMat-D3,P1
C52H28N12O17Zn4-3-MACE-OMat-D3,C52H28N12O17Zn4-3-MACE-OMat-D3,-0.242446,-784.958,MACE-OMat-D3,P1
C48H40N16O13Zn4-2_11-MACE-OMat-D3,C48H40N16O13Zn4-2_11-MACE-OMat-D3,-0.304093,-810.089,MACE-OMat-D3,P1
C48H40N12O17Zn4-0_7-MACE-OMat-D3,C48H40N12O17Zn4-0_7-MACE-OMat-D3,-0.333248,-800.031,MACE-OMat-D3,P1
C48H30N12O13Zn4-3_1-MACE-OMat-D3,C48H30N12O13Zn4-3_1-MACE-OMat-D3,-0.202759,-729.174,MACE-OMat-D3,P1
C48H28N4O13Zn4-3_6-MACE-OMat-D3,C48H28N4O13Zn4-3_6-MACE-OMat-D3,-0.255124,-658.981,MACE-OMat-D3,P1
C48H28N12O21Zn4-2_8-MACE-OMat-D3,C48H28N12O21Zn4-2_8-MACE-OMat-D3,-0.257874,-769.716,MACE-OMat-D3,P1
C48H27N9O13Zn4-1_7-MACE-OMat-D3,C48H27N9O13Zn4-1_7-MACE-OMat-D3,-0.211921,-694.117,MACE-OMat-D3,P1
C48H24N12O19Zn4-0_6-MACE-OMat-D3,C48H24N12O19Zn4-0_6-MACE-OMat-D3,-0.257327,-745.239,MACE-OMat-D3,P1
C48H24N12O19Zn4-0_16-MACE-OMat-D3,C48H24N12O19Zn4-0_16-MACE-OMat-D3,-0.28841,-748.564,MACE-OMat-D3,P1
C48H24N12O13Zn4-0_5-MACE-OMat-D3,C48H24N12O13Zn4-0_5-MACE-OMat-D3,-0.182479,-706.446,MACE-OMat-D3,P1
C48H16N16O17Zn4-2_3-MACE-OMat-D3,C48H16N16O17Zn4-2_3-MACE-OMat-D3,-0.162836,-731.683,MACE-OMat-D3,P1
C48H16N16O17Zn4-1_4-MACE-OMat-D3,C48H16N16O17Zn4-1_4-MACE-OMat-D3,-0.148921,-730.278,MACE-OMat-D3,P1
C45H42N6O13Zn4-1-MACE-OMat-D3,C45H42N6O13Zn4-1-MACE-OMat-D3,-0.322855,-704.266,MACE-OMat-D3,P1
C45H24N6O13Zn4-3_7-MACE-OMat-D3,C45H24N6O13Zn4-3_7-MACE-OMat-D3,-0.178078,-626.747,MACE-OMat-D3,P1
C44H32N32O13Zn4-3_1-MACE-OMat-D3,C44H32N32O13Zn4-3_1-MACE-OMat-D3,-0.179346,-866.498,MACE-OMat-D3,P1
C44H28N4O13Zn4-0_8-MACE-OMat-D3,C44H28N4O13Zn4-0_8-MACE-OMat-D3,-0.215408,-617.488,MACE-OMat-D3,P1
C42H42N12O10Zn4-3_2-MACE-OMat-D3,C42H42N12O10Zn4-3_2-MACE-OMat-D3,-0.206709,-699.129,MACE-OMat-D3,P1
C42H6N30O10Zn4-3_2-MACE-OMat-D3,C42H6N30O10Zn4-3_2-MACE-OMat-D3,0.148826,-696.127,MACE-OMat-D3,P1
C42H36N6O19Zn4-3_7-MACE-OMat-D3,C42H36N6O19Zn4-3_7-MACE-OMat-D3,-0.32199,-685.847,MACE-OMat-D3,P1
C42H24N6O13S3Zn4-1_14-MACE-OMat-D3,C42H24N6O13S3Zn4-1_14-MACE-OMat-D3,-0.252728,-618.418,MACE-OMat-D3,P1
C40H36N8O13Zn4-3_18-MACE-OMat-D3,C40H36N8O13Zn4-3_18-MACE-OMat-D3,-0.343454,-654.694,MACE-OMat-D3,P1
C40H36N4O17Zn4-1_8-MACE-OMat-D3,C40H36N4O17Zn4-1_8-MACE-OMat-D3,-0.293701,-636.083,MACE-OMat-D3,P1
C40H20N8O17Zn4-2_8-MACE-OMat-D3,C40H20N8O17Zn4-2_8-MACE-OMat-D3,-0.213039,-606.858,MACE-OMat-D3,P1
C34H22N4O11Zn4-3_13-MACE-OMat-D3,C34H22N4O11Zn4-3_13-MACE-OMat-D3,-0.230063,-493.405,MACE-OMat-D3,P1
C33H18O13Zn4-3_13-MACE-OMat-D3,C33H18O13Zn4-3_13-MACE-OMat-D3,-0.371051,-455.73,MACE-OMat-D3,P1
C24H24O16Zn4-3_14-MACE-OMat-D3,C24H24O16Zn4-3_14-MACE-OMat-D3,-0.533005,-418.298,MACE-OMat-D3,P1
C24H20N4O13Zn4-2_12-MACE-OMat-D3,C24H20N4O13Zn4-2_12-MACE-OMat-D3,-0.43607,-415.957,MACE-OMat-D3,P1
C20H16O11Zn4-3-MACE-OMat-D3,C20H16O11Zn4-3-MACE-OMat-D3,-0.416065,-315.803,MACE-OMat-D3,P1
C20H12N4O13Zn4-0_8-MACE-OMat-D3,C20H12N4O13Zn4-0_8-MACE-OMat-D3,-0.433199,-347.843,MACE-OMat-D3,P1
C18H18N6O13Zn4-0_7-MACE-OMat-D3,C18H18N6O13Zn4-0_7-MACE-OMat-D3,-0.572542,-376.426,MACE-OMat-D3,P1
C18H15N3O13Zn4-2_2-MACE-OMat-D3,C18H15N3O13Zn4-2_2-MACE-OMat-D3,-0.577337,-338.48,MACE-OMat-D3,P1
C18H12O19Zn4-1_2-MACE-OMat-D3,C18H12O19Zn4-1_2-MACE-OMat-D3,-0.754395,-342.788,MACE-OMat-D3,P1
C18H12O19Zn4-1_17-MACE-OMat-D3,C18H12O19Zn4-1_17-MACE-OMat-D3,-0.737479,-341.891,MACE-OMat-D3,P1
C56H24N16O13Zn4-3_8-MACE-OMat-D3,C56H24N16O13Zn4-3_8-MACE-OMat-D3,-0.124956,-809.072,MACE-OMat-D3,P1
C51H36O13Zn4-3_4-MACE-OMat-D3,C51H36O13Zn4-3_4-MACE-OMat-D3,-0.308317,-686.454,MACE-OMat-D3,P1
C51H18N27O10Zn4-2_3-MACE-OMat-D3,C51H18N27O10Zn4-2_3-MACE-OMat-D3,0.0108981,-805.263,MACE-OMat-D3,P1
C48H42N12O13Zn4-0_15-MACE-OMat-D3,C48H42N12O13Zn4-0_15-MACE-OMat-D3,-0.250918,-776.263,MACE-OMat-D3,P1
C48H24N6O13S6Zn4-2_7-MACE-OMat-D3,C48H24N6O13S6Zn4-2_7-MACE-OMat-D3,-0.194723,-682.388,MACE-OMat-D3,P1
C48H24N28O17Zn4-0-MACE-OMat-D3,C48H24N28O17Zn4-0-MACE-OMat-D3,-0.185882,-863.814,MACE-OMat-D3,P1
C44H20N8O13Zn4-2_17-MACE-OMat-D3,C44H20N8O13Zn4-2_17-MACE-OMat-D3,-0.203439,-622.99,MACE-OMat-D3,P1
C36H20N8O21Zn4-2_7-MACE-OMat-D3,C36H20N8O21Zn4-2_7-MACE-OMat-D3,-0.309437,-598.452,MACE-OMat-D3,P1
C36H20N4O13Zn4-2_17-MACE-OMat-D3,C36H20N4O13Zn4-2_17-MACE-OMat-D3,-0.251339,-517.301,MACE-OMat-D3,P1
C36H12N8O9S4Zn4-1_8-MACE-OMat-D3,C36H12N8O9S4Zn4-1_8-MACE-OMat-D3,0.0343909,-499.589,MACE-OMat-D3,P1
C27H24O16Zn4-1_6-r2SCAN-D4,C27H24O16Zn4-1_6-r2SCAN-D4,-0.373995,-509.179,r2SCAN-D4,P1
C24H24O13Zn4-2_2-r2SCAN-D4,C24H24O13Zn4-2_2-r2SCAN-D4,-0.487589,-466.804,r2SCAN-D4,P1
C24H20N8O17Zn4-1_12-r2SCAN-D4,C24H20N8O17Zn4-1_12-r2SCAN-D4,-0.486835,-553.315,r2SCAN-D4,P1
C44H28N16O13Zn4-1_3-MACE-OMat-D3,C44H28N16O13Zn4-1_3-MACE-OMat-D3,-0.25368,-724.227,MACE-OMat-D3,P1
C44H24N8O17Zn4-3_15-MACE-OMat-D3,C44H24N8O17Zn4-3_15-MACE-OMat-D3,-0.234448,-660.393,MACE-OMat-D3,P1
C44H24N8O17Zn4-0_14-MACE-OMat-D3,C44H24N8O17Zn4-0_14-MACE-OMat-D3,-0.247156,-661.625,MACE-OMat-D3,P1
C44H24N8O13S4Zn4-2_1-MACE-OMat-D3,C44H24N8O13S4Zn4-2_1-MACE-OMat-D3,-0.222071,-655.915,MACE-OMat-D3,P1
C18H12O19Zn4-0_16-r2SCAN-D4,C18H12O19Zn4-0_16-r2SCAN-D4,-0.774685,-409.51,r2SCAN-D4,P1
C21H18O13Zn4-1_16.0-r2SCAN-D4,C21H18O13Zn4-1_16.0-r2SCAN-D4,-0.543617,-414.761,r2SCAN-D4,P1
C36H24N6O13Zn4-0_10-r2SCAN-D4,C36H24N6O13Zn4-0_10-r2SCAN-D4,-0.28749,-634.084,r2SCAN-D4,P1
C48H27N9O13Zn4-2_1-r2SCAN-D4,C48H27N9O13Zn4-2_1-r2SCAN-D4,-0.195767,-788.023,r2SCAN-D4,P1
C44H32N8O13Zn4-2_1-r2SCAN-D4,Zn4H32C44N8O13,-0.265789,-763.161,r2SCAN-D4,P1
C44H24N8O13S4Zn4-1_3-r2SCAN-D4,Zn4H24C44S4N8O13,-0.0750348,-748.462,r2SCAN-D4,P1
C44H24N8O13S4Zn4-0_9-r2SCAN-D4,Zn4H24C44S4N8O13,-0.160286,-756.732,r2SCAN-D4,P1
C44H24N16O13Zn4-3_15-r2SCAN-D4,Zn4H24C44N16O13,-0.0875486,-790.712,r2SCAN-D4,P1
C44H20N8O13S4Zn4-2_8-r2SCAN-D4,Zn4H20C44S4N8O13,-0.112208,-737.792,r2SCAN-D4,P1
C42H24N6O13Zn4-3_4-r2SCAN-D4,Zn4H24C42N6O13,-0.261161,-693.568,r2SCAN-D4,P1
C42H24N6O13S3Zn4-0_9-r2SCAN-D4,Zn4H24C42S3N6O13,-0.235956,-716.425,r2SCAN-D4,P1
C39H33O10Zn4-2-r2SCAN-D4,Zn4H33C39O10,-0.210338,-617.105,r2SCAN-D4,P1
C36H24N6O13S3Zn4-2_14-r2SCAN-D4,Zn4H24C36S3N6O13,-0.216191,-653.207,r2SCAN-D4,P1
C36H18N6O13Zn4-2_8-r2SCAN-D4,Zn4H18C36N6O13,-0.285846,-611.491,r2SCAN-D4,P1
C34H22N8O15Zn4-2_1-r2SCAN-D4,Zn4H22C34N8O15,-0.36415,-643.443,r2SCAN-D4,P1
C24H24N12O13Zn4-3_5-r2SCAN-D4,Zn4H24C24N12O13,-0.430382,-578.064,r2SCAN-D4,P1
C28H24N16O13Zn4-0_6-r2SCAN-D4,Zn4H24C28N16O13,-0.324989,-649.221,r2SCAN-D4,P1
C30H18N6O19Zn4-2_3-r2SCAN-D4,Zn4H18C30N6O19,-0.419447,-596.602,r2SCAN-D4,P1
C56H16N12O13Zn4-3_13-r2SCAN-D4,Zn4H16C56N12O13,-0.0687992,-844.763,r2SCAN-D4,P1
C36H12N27O13Zn4-2_7-r2SCAN-D4,Zn4H12C36N27O13,0.028444,-758.295,r2SCAN-D4,P1
C64H24N16O13Zn4-0_8-r2SCAN-D4,Zn4H24C64N16O13,-0.0237698,-985.086,r2SCAN-D4,P1
C64H20N16O13Zn4-0-r2SCAN-D4,Zn4H20C64N16O13,0.00665269,-967.604,r2SCAN-D4,P1
C64H24N16O13Zn4-2_1-r2SCAN-D4,Zn4H24C64N16O13,0.0124169,-980.708,r2SCAN-D4,P1
C56H40N4O13Zn4-3_12-r2SCAN-D4,Zn4H40C56N4O13,-0.179155,-868.533,r2SCAN-D4,P1
C60H18N12O13S6Zn4-0_5-r2SCAN-D4,Zn4H18C60S6N12O13,0.0959784,-922.735,r2SCAN-D4,P1
C56H36N12O5Zn4-2-r2SCAN-D4,Zn4H36C56N12O5,0.154244,-842.955,r2SCAN-D4,P1
C56H32N8O17S4Zn4-0_10-r2SCAN-D4,Zn4H32C56S4N8O17,-0.0832974,-922.407,r2SCAN-D4,P1
C56H24N16O17Zn4-2_3-r2SCAN-D4,Zn4H24C56N16O17,-0.0961675,-936.609,r2SCAN-D4,P1
C54H30N6O13Zn4-3_1-r2SCAN-D4,Zn4H30C54N6O13,-0.194014,-832.03,r2SCAN-D4,P1
C54H36N18O13Zn4-2_5-r2SCAN-D4,Zn4H36C54N18O13,-0.0928558,-953.432,r2SCAN-D4,P1
C54H36N12O13Zn4-2_14-r2SCAN-D4,Zn4H36C54N12O13,-0.14709,-904.422,r2SCAN-D4,P1
C54H24N12O13S3Zn4-0_14-r2SCAN-D4,Zn4H24C54S3N12O13,-0.0795008,-878.573,r2SCAN-D4,P1
C54H18N12O19Zn4-1_1-r2SCAN-D4,Zn4H18C54N12O19,-0.167675,-877.561,r2SCAN-D4,P1
C52H44N8O17Zn4-1_14-r2SCAN-D4,Zn4H44C52N8O17,-0.240743,-911.313,r2SCAN-D4,P1
C54H18N12O13S6Zn4-0_14-r2SCAN-D4,Zn4H18C54S6N12O13,-0.0478431,-878.598,r2SCAN-D4,P1
C44H36N16O13Zn4-0_9-r2SCAN-D4,Zn4H36C44N16O13,-0.210235,-847.109,r2SCAN-D4,P1
C44H32N32O13Zn4-2_2-r2SCAN-D4,Zn4H32C44N32O13,-0.0897339,-967.16,r2SCAN-D4,P1
C40H36N8O15Zn4-1_16-r2SCAN-D4,Zn4H36C40N8O15,-0.312073,-753.861,r2SCAN-D4,P1
C39H36N12O13Zn4-2_15-r2SCAN-D4,Zn4H36C39N12O13,-0.27209,-764.961,r2SCAN-D4,P1
C39H36N12O13Zn4-3_18-r2SCAN-D4,Zn4H36C39N12O13,-0.282714,-766.065,r2SCAN-D4,P1
C52H24N8O17Zn4-0_13-r2SCAN-D4,Zn4H24C52N8O17,-0.160345,-828.917,r2SCAN-D4,P1
C52H28N4O21Zn4-2_12-r2SCAN-D4,Zn4H28C52N4O21,-0.3063,-845.975,r2SCAN-D4,P1
C52H28N4O21Zn4-2_14-r2SCAN-D4,Zn4H28C52N4O21,-0.25695,-840.596,r2SCAN-D4,P1
C52H24N16O13Zn4-1_14-r2SCAN-D4,Zn4H24C52N16O13,-0.0634104,-868.918,r2SCAN-D4,P1
C50H34N6O13Zn4-0_8-r2SCAN-D4,Zn4H34C50N6O13,-0.175759,-803.836,r2SCAN-D4,P1
C48H40N16O13Zn4-3_1-r2SCAN-D4,Zn4H40C48N16O13,-0.229159,-904.977,r2SCAN-D4,P1
C48H36N6O13Zn4-2_4-r2SCAN-D4,Zn4H36C48N6O13,-0.243211,-797.933,r2SCAN-D4,P1
C48H40N12O17Zn4-0_10-r2SCAN-D4,Zn4H40C48N12O17,-0.256119,-894.919,r2SCAN-D4,P1
C48H40N12O17Zn4-0_7-r2SCAN-D4,Zn4H40C48N12O17,-0.279803,-897.784,r2SCAN-D4,P1
C48H36N12O13S4Zn4-2_2-r2SCAN-D4,Zn4H36C48S4N12O13,-0.200822,-882.836,r2SCAN-D4,P1
C48H36N12O13S4Zn4-1_5-r2SCAN-D4,Zn4H36C48S4N12O13,-0.136275,-875.284,r2SCAN-D4,P1
C54H24N6O10S6Zn4-3_1-r2SCAN-D4,Zn2H12C27S3N3O5,0.0235658,-819.4,r2SCAN-D4,P1
C52H32N8O17Zn4-1_8-r2SCAN-D4,Zn4H32C52N8O17,-0.199426,-862.271,r2SCAN-D4,P1
C48H28N12O21Zn4-2_6-r2SCAN-D4,Zn4H28C48(N4O7)3,-0.209738,-869.429,r2SCAN-D4,P1
C48H24N6O13S9Zn4-2-r2SCAN-D4,Zn4H24C48S9N6O13,-0.0679001,-810.666,r2SCAN-D4,P1
C48H24N16O13S8Zn4-0_9-r2SCAN-D4,Zn4H24C48S8N16O13,-0.0738025,-895.324,r2SCAN-D4,P1
C48H24N12O19Zn4-0_12-r2SCAN-D4,Zn4H24C48N12O19,-0.241054,-846.052,r2SCAN-D4,P1
C44H40N24O13Zn4-1_7-r2SCAN-D4,Zn4H40C44N24O13,-0.189959,-934.134,r2SCAN-D4,P1
C60H32N8O17Zn4-3_1-r2SCAN-D4,Zn4H32C60N8O17,-0.118675,-934.232,r2SCAN-D4,P1
C64H24N16O13Zn4-3_9-MACE-OMat-D3,C64H24N16O13Zn4-3_9-MACE-OMat-D3,-0.102113,-880.864,MACE-OMat-D3,P1
C64H24N16O13Zn4-3_14-MACE-OMat-D3,C64H24N16O13Zn4-3_14-MACE-OMat-D3,-0.0999209,-880.599,MACE-OMat-D3,P1
C60H30N6O25Zn4-2_3-MACE-OMat-D3,C60H30N6O25Zn4-2_3-MACE-OMat-D3,-0.263919,-860.114,MACE-OMat-D3,P1
C60H28N8O17Zn4-1_4-MACE-OMat-D3,C60H28N8O17Zn4-1_4-MACE-OMat-D3,-0.163488,-816.869,MACE-OMat-D3,P1
C60H24N12O13S6Zn4-2_4-MACE-OMat-D3,C60H24N12O13S6Zn4-2_4-MACE-OMat-D3,-0.0528849,-829.418,MACE-OMat-D3,P1
C60H16N16O13Zn4-3_17-MACE-OMat-D3,C60H16N16O13Zn4-3_17-MACE-OMat-D3,-0.0739295,-813.839,MACE-OMat-D3,P1
C60H16N16O13Zn4-3_4-MACE-OMat-D3,C60H16N16O13Zn4-3_4-MACE-OMat-D3,-0.018007,-807.743,MACE-OMat-D3,P1
C60H16N16O13Zn4-3-MACE-OMat-D3,C60H16N16O13Zn4-3-MACE-OMat-D3,-0.0767952,-814.151,MACE-OMat-D3,P1
C60H16N16O13Zn4-1_6-MACE-OMat-D3,C60H16N16O13Zn4-1_6-MACE-OMat-D3,-0.0897771,-815.566,MACE-OMat-D3,P1
C56H8N40O13Zn4-2_7-MACE-OMat-D3,C56H8N40O13Zn4-2_7-MACE-OMat-D3,0.118001,-929.044,MACE-OMat-D3,P1
C56H32O17S4Zn4-3_7-MACE-OMat-D3,C56H32O17S4Zn4-3_7-MACE-OMat-D3,-0.269857,-754.189,MACE-OMat-D3,P1
C56H28N16O9Zn4-3_3-MACE-OMat-D3,C56H28N16O9Zn4-3_3-MACE-OMat-D3,-0.0275085,-791.243,MACE-OMat-D3,P1
C56H16N12O13Zn4-2_10-MACE-OMat-D3,C56H16N12O13Zn4-2_10-MACE-OMat-D3,-0.0939994,-745.117,MACE-OMat-D3,P1
C54H30N6O13Zn4-1_5-MACE-OMat-D3,C54H30N6O13Zn4-1_5-MACE-OMat-D3,-0.191175,-733.034,MACE-OMat-D3,P1
C54H18N12O19Zn4-3_14-MACE-OMat-D3,C54H18N12O19Zn4-3_14-MACE-OMat-D3,-0.246583,-779.794,MACE-OMat-D3,P1
C54H18N12O13S6Zn4-0_16-MACE-OMat-D3,C54H18N12O13S6Zn4-0_16-MACE-OMat-D3,-0.0786869,-756.913,MACE-OMat-D3,P1
C52H44N8O17Zn4-0_8-MACE-OMat-D3,C52H44N8O17Zn4-0_8-MACE-OMat-D3,-0.260154,-808.603,MACE-OMat-D3,P1
C52H32N8O13Zn4-2-MACE-OMat-D3,C52H32N8O13Zn4-2-MACE-OMat-D3,-0.243571,-743.915,MACE-OMat-D3,P1
C52H24N8O17Zn4-0_9-MACE-OMat-D3,C52H24N8O17Zn4-0_9-MACE-OMat-D3,-0.244404,-736.871,MACE-OMat-D3,P1
C52H24N8O17Zn4-0_19-MACE-OMat-D3,C52H24N8O17Zn4-0_19-MACE-OMat-D3,-0.233532,-735.729,MACE-OMat-D3,P1
C48H36N6O13Zn4-2_18-MACE-OMat-D3,C48H36N6O13Zn4-2_18-MACE-OMat-D3,-0.263282,-705.044,MACE-OMat-D3,P1
C48H36N6O13S3Zn4-3_5-MACE-OMat-D3,C48H36N6O13S3Zn4-3_5-MACE-OMat-D3,-0.244272,-716.129,MACE-OMat-D3,P1
C48H32N8O13Zn4-3_11-MACE-OMat-D3,C48H32N8O13Zn4-3_11-MACE-OMat-D3,-0.271426,-709.087,MACE-OMat-D3,P1
C48H28N12O21Zn4-3-MACE-OMat-D3,C48H28N12O21Zn4-3-MACE-OMat-D3,-0.267949,-770.854,MACE-OMat-D3,P1
C48H28N12O21Zn4-2_5-MACE-OMat-D3,C48H28N12O21Zn4-2_5-MACE-OMat-D3,-0.306949,-775.261,MACE-OMat-D3,P1
C48H24N8O17S8Zn4-3_10-MACE-OMat-D3,C48H24N8O17S8Zn4-3_10-MACE-OMat-D3,-0.199102,-729.162,MACE-OMat-D3,P1
C48H24N12O13Zn4-0_4-MACE-OMat-D3,C48H24N12O13Zn4-0_4-MACE-OMat-D3,-0.120915,-700.228,MACE-OMat-D3,P1
C48H18N12O19Zn4-3_5-MACE-OMat-D3,C48H18N12O19Zn4-3_5-MACE-OMat-D3,-0.285727,-727.101,MACE-OMat-D3,P1
C45H33N6O13Zn4-0_10-MACE-OMat-D3,C45H33N6O13Zn4-0_10-MACE-OMat-D3,-0.282918,-668.133,MACE-OMat-D3,P1
C44H40N8O13Zn4-1_8-MACE-OMat-D3,C44H40N8O13Zn4-1_8-MACE-OMat-D3,-0.259284,-698.021,MACE-OMat-D3,P1
C44H28N4O13Zn4-1_7-MACE-OMat-D3,C44H28N4O13Zn4-1_7-MACE-OMat-D3,-0.237525,-619.545,MACE-OMat-D3,P1
C42H30N12O16Zn4-3_2-MACE-OMat-D3,C42H30N12O16Zn4-3_2-MACE-OMat-D3,-0.379304,-706.602,MACE-OMat-D3,P1
C42H24N6O13Zn4-0_8-MACE-OMat-D3,C42H24N6O13Zn4-0_8-MACE-OMat-D3,-0.258209,-605.761,MACE-OMat-D3,P1
C42H24N6O13S3Zn4-1_10-MACE-OMat-D3,C42H24N6O13S3Zn4-1_10-MACE-OMat-D3,-0.256148,-618.732,MACE-OMat-D3,P1
C42H24N6O10S6Zn4-1_4-MACE-OMat-D3,C42H24N6O10S6Zn4-1_4-MACE-OMat-D3,-0.137041,-605.316,MACE-OMat-D3,P1
C42H18N24O10Zn4-1_2-MACE-OMat-D3,C42H18N24O10Zn4-1_2-MACE-OMat-D3,-0.0453432,-703.12,MACE-OMat-D3,P1
C40H24O13Zn4-1_4-MACE-OMat-D3,C40H24O13Zn4-1_4-MACE-OMat-D3,-0.358809,-543.387,MACE-OMat-D3,P1
C40H24N8O13Zn4-0_16-MACE-OMat-D3,C40H24N8O13Zn4-0_16-MACE-OMat-D3,-0.200949,-598.965,MACE-OMat-D3,P1
C40H20N4O17Zn4-0_12-MACE-OMat-D3,C40H20N4O17Zn4-0_12-MACE-OMat-D3,-0.29693,-579.758,MACE-OMat-D3,P1
C38H28N4O13Zn4-3_17-MACE-OMat-D3,C38H28N4O13Zn4-3_17-MACE-OMat-D3,-0.302177,-568.577,MACE-OMat-D3,P1
C33H30N15O13Zn4-1_16-MACE-OMat-D3,C33H30N15O13Zn4-1_16-MACE-OMat-D3,-0.351709,-628.005,MACE-OMat-D3,P1
C33H24N6O13Zn4-3_7-MACE-OMat-D3,C33H24N6O13Zn4-3_7-MACE-OMat-D3,-0.348192,-527.884,MACE-OMat-D3,P1
C32H14N2O11Zn4-2_13-MACE-OMat-D3,C32H14N2O11Zn4-2_13-MACE-OMat-D3,-0.234755,-429.911,MACE-OMat-D3,P1
C18H18N12O13Zn4-0_8-MACE-OMat-D3,C18H18N12O13Zn4-0_8-MACE-OMat-D3,-0.467477,-423.1,MACE-OMat-D3,P1
C18H14O11S4Zn4-1_2-MACE-OMat-D3,C18H14O11S4Zn4-1_2-MACE-OMat-D3,-0.407986,-307.03,MACE-OMat-D3,P1
C60H32N4O21Zn4-2-pts-MACE-OMat-D3,C60H32N4O21Zn4-2-pts-MACE-OMat-D3,-0.268411,-829.608,MACE-OMat-D3,P1
C24H15O13Zn4-0_11.0-r2SCAN-D4,C24H15O13Zn4-0_11.0-r2SCAN-D4,-0.50067,-432.036,r2SCAN-D4,P1
C56H24N8O13S8Zn4-1-MACE-OMat-D3,C56H24N8O13S8Zn4-1-MACE-OMat-D3,-0.132993,-776.253,MACE-OMat-D3,P1
C56H24N16O13S8Zn4-3_2-MACE-OMat-D3,C56H24N16O13S8Zn4-3_2-MACE-OMat-D3,-0.12949,-843.65,MACE-OMat-D3,P1
C56H24N16O13S8Zn4-0_4-MACE-OMat-D3,C56H24N16O13S8Zn4-0_4-MACE-OMat-D3,-0.102283,-840.358,MACE-OMat-D3,P1
C56H20N12O13Zn4-3_5-MACE-OMat-D3,C56H20N12O13Zn4-3_5-MACE-OMat-D3,-0.13664,-762.945,MACE-OMat-D3,P1
C56H16N12O13Zn4-3_4-MACE-OMat-D3,C56H16N12O13Zn4-3_4-MACE-OMat-D3,-0.0943516,-745.153,MACE-OMat-D3,P1
C52H20N8O13Zn4-2_3-MACE-OMat-D3,C52H20N8O13Zn4-2_3-MACE-OMat-D3,-0.149213,-692.915,MACE-OMat-D3,P1
C51H42N6O19Zn4-0_4-MACE-OMat-D3,C51H42N6O19Zn4-0_4-MACE-OMat-D3,-0.328186,-793.647,MACE-OMat-D3,P1
C51H33N9O13Zn4-0_13-MACE-OMat-D3,C51H33N9O13Zn4-0_13-MACE-OMat-D3,-0.250982,-747.368,MACE-OMat-D3,P1
C51H33N12O22Zn4-0_2-MACE-OMat-D3,C51H33N12O22Zn4-0_2-MACE-OMat-D3,-0.214744,-815.525,MACE-OMat-D3,P1
C48H48N8O17Zn4-2_5-MACE-OMat-D3,C48H48N8O17Zn4-2_5-MACE-OMat-D3,-0.297743,-789.498,MACE-OMat-D3,P1
C48H24N16O13S8Zn4-0_7-MACE-OMat-D3,C48H24N16O13S8Zn4-0_7-MACE-OMat-D3,-0.17579,-774.289,MACE-OMat-D3,P1
C36H24N8O21Zn4-0_9-MACE-OMat-D3,C36H24N8O21Zn4-0_9-MACE-OMat-D3,-0.46977,-627.575,MACE-OMat-D3,P1
C36H24N6O13Zn4-3_5-MACE-OMat-D3,C36H24N6O13Zn4-3_5-MACE-OMat-D3,-0.30961,-553.31,MACE-OMat-D3,P1
C36H18N6O25Zn4-1_5-MACE-OMat-D3,C36H18N6O25Zn4-1_5-MACE-OMat-D3,-0.457923,-608.283,MACE-OMat-D3,P1
C36H18N6O13Zn4-1_4-MACE-OMat-D3,C36H18N6O13Zn4-1_4-MACE-OMat-D3,-0.285144,-530.106,MACE-OMat-D3,P1
C36H18N6O13Zn4-0_10-MACE-OMat-D3,C36H18N6O13Zn4-0_10-MACE-OMat-D3,-0.281779,-529.847,MACE-OMat-D3,P1
C36H16N4O5Zn4-0-MACE-OMat-D3,C36H16N4O5Zn4-0-MACE-OMat-D3,0.108629,-438.327,MACE-OMat-D3,P1
C34H28N4O13Zn4-0_15-MACE-OMat-D3,C34H28N4O13Zn4-0_15-MACE-OMat-D3,-0.403745,-539.02,MACE-OMat-D3,P1
C40H16O5Zn4-1-r2SCAN-D4,C40H16O5Zn4-1-r2SCAN-D4,0.250492,-504.878,r2SCAN-D4,P1
C30H18N6O13Zn4-0_17-r2SCAN-D4,C30H18N6O13Zn4-0_17-r2SCAN-D4,-0.325161,-552.465,r2SCAN-D4,P1
C48H24N12O21Zn4-0_3-MACE-OMat-D3,C48H24N12O21Zn4-0_3-MACE-OMat-D3,-0.17895,-747.106,MACE-OMat-D3,P1
C44H24N8O17Zn4-2_9-MACE-OMat-D3,C44H24N8O17Zn4-2_9-MACE-OMat-D3,-0.273193,-664.151,MACE-OMat-D3,P1
C44H24N8O17Zn4-1_7-MACE-OMat-D3,C44H24N8O17Zn4-1_7-MACE-OMat-D3,-0.276773,-664.498,MACE-OMat-D3,P1
C44H24N8O17Zn4-0_20-MACE-OMat-D3,C44H24N8O17Zn4-0_20-MACE-OMat-D3,-0.301742,-666.92,MACE-OMat-D3,P1
C44H20N8O13Zn4-3-MACE-OMat-D3,C44H20N8O13Zn4-3-MACE-OMat-D3,-0.172994,-620.28,MACE-OMat-D3,P1
C18H18N6O13Zn4-1_5-r2SCAN-D4,C18H18N6O13Zn4-1_5-r2SCAN-D4,-0.551555,-441.716,r2SCAN-D4,P1
C36H12N8O9S4Zn4-1_8-r2SCAN-D4,C36H12N8O9S4Zn4-1_8-r2SCAN-D4,0.136062,-586.348,r2SCAN-D4,P1
C44H24O13Zn4-2_15-r2SCAN-D4,C44H24O13Zn4-2_15-r2SCAN-D4,-0.308267,-661.654,r2SCAN-D4,P1
C36H20N4O13Zn4-1_15-r2SCAN-D4,C36H20N4O13Zn4-1_15-r2SCAN-D4,-0.245059,-596.962,r2SCAN-D4,P1
C33H24N6O13Zn4-3_7-r2SCAN-D4,C33H24N6O13Zn4-3_7-r2SCAN-D4,-0.323395,-606.043,r2SCAN-D4,P1
C56H16N12O13Zn4-0_8-r2SCAN-D4,C56H16N12O13Zn4-0_8-r2SCAN-D4,-0.0473557,-842.597,r2SCAN-D4,P1
Al1C11H10N3O3-11-r2SCAN-D4,Al1C11H10N3O3-11-r2SCAN-D4,-0.191035,-201.848,r2SCAN-D4,P1
C44H24N8O17Zn4-1_8-r2SCAN-D4,Zn4H24C44N8O17,-0.237792,-755.01,r2SCAN-D4,P1
C44H24N8O17Zn4-2_10-r2SCAN-D4,Zn4H24C44N8O17,-0.246564,-755.861,r2SCAN-D4,P1
C44H24N8O17Zn4-2_5-r2SCAN-D4,Zn4H24C44N8O17,-0.188198,-750.2,r2SCAN-D4,P1
C44H24N8O13S4Zn4-2_4-r2SCAN-D4,Zn4H24C44S4N8O13,-0.149671,-755.702,r2SCAN-D4,P1
C42H24N6O13Zn4-1_7-r2SCAN-D4,Zn4H24C42N6O13,-0.26137,-693.586,r2SCAN-D4,P1
C40H36N4O13Zn4-2-r2SCAN-D4,Zn4H36C40N4O13,-0.26136,-698.823,r2SCAN-D4,P1
C40H20N8O17Zn4-3_4-r2SCAN-D4,Zn4H20C40N8O17,-0.239709,-699.383,r2SCAN-D4,P1
C40H20N8O17Zn4-3_12-r2SCAN-D4,Zn4H20C40N8O17,-0.225956,-698.159,r2SCAN-D4,P1
C40H24N8O13Zn4-2_5-r2SCAN-D4,Zn4H24C40N8O13,-0.195211,-685.966,r2SCAN-D4,P1
C22H20N10O9Zn4-0_1-r2SCAN-D4,Zn4H20C22N10O9,-0.177292,-481.0,r2SCAN-D4,P1
C40H20N4O9Zn4-2_2-r2SCAN-D4,Zn4H20C40N4O9,-0.0355832,-597.616,r2SCAN-D4,P1
C36H26N6O11Zn4-3_7-r2SCAN-D4,Zn4H26C36N6O11,-0.230583,-624.632,r2SCAN-D4,P1
C48H27N9O13Zn4-2_6-r2SCAN-D4,Zn4H27C48N9O13,-0.181621,-786.594,r2SCAN-D4,P1
C48H18N12O19Zn4-3_13-r2SCAN-D4,Zn4H18C48N12O19,-0.251819,-824.951,r2SCAN-D4,P1
C48H24N12O13Zn4-2_12-r2SCAN-D4,Zn4H24C48N12O13,-0.0982134,-795.253,r2SCAN-D4,P1
C48H16N16O17Zn4-0_4-r2SCAN-D4,Zn4H16C48N16O17,-0.108625,-828.537,r2SCAN-D4,P1
C44H32N8O13Zn4-0_1-r2SCAN-D4,Zn4H32C44N8O13,-0.251996,-761.768,r2SCAN-D4,P1
C33H30N6O13Zn4-1_10-r2SCAN-D4,Zn4H30C33N6O13,-0.26442,-623.653,r2SCAN-D4,P1
C33H30N15O13Zn4-0_14-r2SCAN-D4,Zn4H30C33N15O13,-0.279322,-709.808,r2SCAN-D4,P1
C64H28N12O17Zn4-2-r2SCAN-D4,Zn4H28C64N12O17,-0.120472,-997.776,r2SCAN-D4,P1
C60H18N12O13S6Zn4-2_9-r2SCAN-D4,Zn4H18C60S6N12O13,0.0224725,-931.042,r2SCAN-D4,P1
C56H32N8O13S8Zn4-7_6-r2SCAN-D4,Zn4H32C56S8N8O13,-0.0694903,-929.976,r2SCAN-D4,P1
C56H32N4O17Zn4-2_4-r2SCAN-D4,Zn4H32C56N4O17,-0.291726,-876.165,r2SCAN-D4,P1
C56H32N8O13S8Zn4-1_6-r2SCAN-D4,Zn4H32C56S8N8O13,-0.0246464,-924.549,r2SCAN-D4,P1
C56H24N8O13S8Zn4-1_2-r2SCAN-D4,Zn4H24C56S8N8O13,-0.0192789,-896.09,r2SCAN-D4,P1
C56H24N8O13S8Zn4-1_11-r2SCAN-D4,Zn4H24C56S8N8O13,0.0471547,-888.583,r2SCAN-D4,P1
C56H24N16O17Zn4-2_5-r2SCAN-D4,Zn4H24C56N16O17,-0.0688266,-933.411,r2SCAN-D4,P1
C54H39N9O16Zn4-1_8-r2SCAN-D4,Zn4H39C54N9O16,-0.204819,-912.287,r2SCAN-D4,P1
C54H30N6O13Zn4-1_4-r2SCAN-D4,Zn4H30C54N6O13,-0.168679,-829.319,r2SCAN-D4,P1
C54H42N12O13Zn4-0_12-r2SCAN-D4,Zn4H42C54N12O13,-0.160667,-927.744,r2SCAN-D4,P1
C52H36N12O13Zn4-1_16-r2SCAN-D4,Zn4H36C52N12O13,-0.183077,-888.305,r2SCAN-D4,P1
C52H32N8O17Zn4-2-r2SCAN-D4,Zn4H32C52N8O17,-0.210175,-863.486,r2SCAN-D4,P1
C52H32N4O13Zn4-2_12-r2SCAN-D4,Zn4H32C52N4O13,-0.189132,-799.707,r2SCAN-D4,P1
C44H36N16O13Zn4-3_16-r2SCAN-D4,Zn4H36C44N16O13,-0.230529,-849.403,r2SCAN-D4,P1
C40H16N24O25Zn4-2_3-r2SCAN-D4,Zn4H16C40N24O25,-0.100521,-868.163,r2SCAN-D4,P1
C51H33N9O13Zn4-0_4-r2SCAN-D4,Zn4H33C51N9O13,-0.207152,-841.83,r2SCAN-D4,P1
C48H36N6O13Zn4-1_8-r2SCAN-D4,Zn4H36C48N6O13,-0.201811,-793.504,r2SCAN-D4,P1
C54H18N12O19Zn4-3_4-r2SCAN-D4,Zn4H18C54N12O19,-0.1544,-876.141,r2SCAN-D4,P1
C48H32N20O17Zn4-2_3-r2SCAN-D4,Zn4H32C48N20O17,-0.205671,-934.368,r2SCAN-D4,P1
C48H28N12O21Zn4-1_9-r2SCAN-D4,Zn4H28C48(N4O7)3,-0.223819,-871.02,r2SCAN-D4,P1
C48H32N8O9S16Zn4-0_5-r2SCAN-D4,Zn4H32C48S16N8O9,0.107418,-870.626,r2SCAN-D4,P1
C48H24N8O13S8Zn4-3_7-r2SCAN-D4,Zn4H24C48S8N8O13,-0.0690221,-821.023,r2SCAN-D4,P1
C48H24N20O13Zn4-1_2-r2SCAN-D4,Zn4H24C48N20O13,-0.106114,-870.109,r2SCAN-D4,P1
C48H24N12O21Zn4-2_14-r2SCAN-D4,Zn4H24C48(N4O7)3,-0.166352,-850.034,r2SCAN-D4,P1
C48H24N12O19Zn4-0_8-r2SCAN-D4,Zn4H24C48N12O19,-0.180757,-839.6,r2SCAN-D4,P1
C56H32N4O5Zn4-0_2-r2SCAN-D4,Zn4H32C56N4O5,0.115456,-761.687,r2SCAN-D4,P1
C60H40N4O17Zn4-2_1-r2SCAN-D4,Zn4H40C60N4O17,-0.216345,-937.967,r2SCAN-D4,P1
C60H24N8O17Zn4-3_8-r2SCAN-D4,Zn4H24C60N8O17,-0.15294,-909.499,r2SCAN-D4,P1
C60H28N8O21Zn4-3_13-r2SCAN-D4,Zn4H28C60N8O21,-0.162926,-949.043,r2SCAN-D4,P1
C68H32N4O13Zn4-3_10-MACE-OMat-D3,C68H32N4O13Zn4-3_10-MACE-OMat-D3,-0.148097,-849.022,MACE-OMat-D3,P1
C64H24N16O13Zn4-0_15-MACE-OMat-D3,C64H24N16O13Zn4-0_15-MACE-OMat-D3,-0.0750283,-877.587,MACE-OMat-D3,P1
C60H36N6O13Zn4-0_4-MACE-OMat-D3,C60H36N6O13Zn4-0_4-MACE-OMat-D3,-0.154134,-805.551,MACE-OMat-D3,P1
C60H24N12O13S6Zn4-0_19-MACE-OMat-D3,C60H24N12O13S6Zn4-0_19-MACE-OMat-D3,-0.088084,-833.606,MACE-OMat-D3,P1
C60H16N16O13Zn4-3_9-MACE-OMat-D3,C60H16N16O13Zn4-3_9-MACE-OMat-D3,-0.0834516,-814.876,MACE-OMat-D3,P1
C60H18N12O13S6Zn4-0_14-MACE-OMat-D3,C60H18N12O13S6Zn4-0_14-MACE-OMat-D3,-0.054781,-809.852,MACE-OMat-D3,P1
C56H8N40O13Zn4-1_3-MACE-OMat-D3,C56H8N40O13Zn4-1_3-MACE-OMat-D3,0.092706,-932.105,MACE-OMat-D3,P1
C56H40N8O17Zn4-3_14-MACE-OMat-D3,C56H40N8O17Zn4-3_14-MACE-OMat-D3,-0.252912,-831.501,MACE-OMat-D3,P1
C56H36N8O13Zn4-0-MACE-OMat-D3,C56H36N8O13Zn4-0-MACE-OMat-D3,-0.228151,-793.813,MACE-OMat-D3,P1
C56H32N8O13S8Zn4-2_11-MACE-OMat-D3,C56H32N8O13S8Zn4-2_11-MACE-OMat-D3,-0.14327,-804.51,MACE-OMat-D3,P1
C56H32N4O17Zn4-1_14-MACE-OMat-D3,C56H32N4O17Zn4-1_14-MACE-OMat-D3,-0.260609,-770.007,MACE-OMat-D3,P1
C56H16N16O9Zn4-3_2-MACE-OMat-D3,C56H16N16O9Zn4-3_2-MACE-OMat-D3,0.121093,-736.979,MACE-OMat-D3,P1
C54H42N12O13Zn4-1_11-MACE-OMat-D3,C54H42N12O13Zn4-1_11-MACE-OMat-D3,-0.217929,-828.812,MACE-OMat-D3,P1
C54H18N12O13S6Zn4-3_11-MACE-OMat-D3,C54H18N12O13S6Zn4-3_11-MACE-OMat-D3,-0.149582,-764.499,MACE-OMat-D3,P1
C52H44N8O17Zn4-1_16-MACE-OMat-D3,C52H44N8O17Zn4-1_16-MACE-OMat-D3,-0.301842,-813.814,MACE-OMat-D3,P1
C52H32N8O17Zn4-0_15-MACE-OMat-D3,C52H32N8O17Zn4-0_15-MACE-OMat-D3,-0.166066,-755.924,MACE-OMat-D3,P1
C52H32N4O13Zn4-2_8-MACE-OMat-D3,C52H32N4O13Zn4-2_8-MACE-OMat-D3,-0.241102,-709.303,MACE-OMat-D3,P1
C52H24N8O17Zn4-0_8-MACE-OMat-D3,C52H24N8O17Zn4-0_8-MACE-OMat-D3,-0.266889,-739.232,MACE-OMat-D3,P1
C48H36N6O13Zn4-0_14-MACE-OMat-D3,C48H36N6O13Zn4-0_14-MACE-OMat-D3,-0.264261,-705.149,MACE-OMat-D3,P1
C48H32N8O17S4Zn4-2_4-MACE-OMat-D3,C48H32N8O17S4Zn4-2_4-MACE-OMat-D3,-0.273736,-747.827,MACE-OMat-D3,P1
C48H30N12O13Zn4-0_15-MACE-OMat-D3,C48H30N12O13Zn4-0_15-MACE-OMat-D3,-0.236307,-732.763,MACE-OMat-D3,P1
C48H28N4O17Zn4-3_2-MACE-OMat-D3,C48H28N4O17Zn4-3_2-MACE-OMat-D3,-0.291793,-683.498,MACE-OMat-D3,P1
C48H28N12O17Zn4-3_10-MACE-OMat-D3,C48H28N12O17Zn4-3_10-MACE-OMat-D3,-0.248946,-747.919,MACE-OMat-D3,P1
C48H28N12O17Zn4-1-MACE-OMat-D3,C48H28N12O17Zn4-1-MACE-OMat-D3,-0.264163,-749.577,MACE-OMat-D3,P1
C48H24N8O17S8Zn4-0_4-MACE-OMat-D3,C48H24N8O17S8Zn4-0_4-MACE-OMat-D3,-0.195062,-728.722,MACE-OMat-D3,P1
C48H20N8O13Zn4-1_14-MACE-OMat-D3,C48H20N8O13Zn4-1_14-MACE-OMat-D3,-0.141646,-654.836,MACE-OMat-D3,P1
C48H16N16O17Zn4-0_19-MACE-OMat-D3,C48H16N16O17Zn4-0_19-MACE-OMat-D3,-0.0828752,-723.607,MACE-OMat-D3,P1
C45H27N9O19Zn4-0_3-MACE-OMat-D3,C45H27N9O19Zn4-0_3-MACE-OMat-D3,-0.233009,-699.051,MACE-OMat-D3,P1
C45H24N6O13Zn4-1_9-MACE-OMat-D3,C45H24N6O13Zn4-1_9-MACE-OMat-D3,-0.166304,-625.664,MACE-OMat-D3,P1
C44H40N24O13Zn4-1_15-MACE-OMat-D3,C44H40N24O13Zn4-1_15-MACE-OMat-D3,-0.268519,-836.837,MACE-OMat-D3,P1
C44H40N20O17Zn4-2_4-MACE-OMat-D3,C44H40N20O17Zn4-2_4-MACE-OMat-D3,-0.356652,-834.268,MACE-OMat-D3,P1
C44H32N8O13Zn4-0_14-MACE-OMat-D3,C44H32N8O13Zn4-0_14-MACE-OMat-D3,-0.272133,-671.294,MACE-OMat-D3,P1
C44H28N4O13Zn4-1_12-MACE-OMat-D3,C44H28N4O13Zn4-1_12-MACE-OMat-D3,-0.268013,-622.381,MACE-OMat-D3,P1
C42H30O13Zn4-1_3-MACE-OMat-D3,C42H30O13Zn4-1_3-MACE-OMat-D3,-0.368001,-584.927,MACE-OMat-D3,P1
C42H33N9O19Zn4-0_3-MACE-OMat-D3,C42H33N9O19Zn4-0_3-MACE-OMat-D3,-0.370423,-706.332,MACE-OMat-D3,P1
C42H30O13Zn4-1_13-MACE-OMat-D3,C42H30O13Zn4-1_13-MACE-OMat-D3,-0.364104,-584.58,MACE-OMat-D3,P1
C42H30N6O13S6Zn4-0_3-MACE-OMat-D3,C42H30N6O13S6Zn4-0_3-MACE-OMat-D3,-0.191065,-646.313,MACE-OMat-D3,P1
C42H24N6O13Zn4-1_17-MACE-OMat-D3,C42H24N6O13Zn4-1_17-MACE-OMat-D3,-0.25812,-605.753,MACE-OMat-D3,P1
C42H24N6O13S3Zn4-3_9-MACE-OMat-D3,C42H24N6O13S3Zn4-3_9-MACE-OMat-D3,-0.25639,-618.755,MACE-OMat-D3,P1
C42H24N6O13S3Zn4-3-MACE-OMat-D3,C42H24N6O13S3Zn4-3-MACE-OMat-D3,-0.256514,-618.766,MACE-OMat-D3,P1
C42H24N6O13S3Zn4-1_11-MACE-OMat-D3,C42H24N6O13S3Zn4-1_11-MACE-OMat-D3,-0.253698,-618.507,MACE-OMat-D3,P1
C42H24N6O13S3Zn4-1_2-MACE-OMat-D3,C42H24N6O13S3Zn4-1_2-MACE-OMat-D3,-0.201913,-613.743,MACE-OMat-D3,P1
C42H24N6O13S3Zn4-0_14-MACE-OMat-D3,C42H24N6O13S3Zn4-0_14-MACE-OMat-D3,-0.257925,-618.896,MACE-OMat-D3,P1
C40H36N8O13Zn4-4_6-MACE-OMat-D3,C40H36N8O13Zn4-4_6-MACE-OMat-D3,-0.288552,-649.149,MACE-OMat-D3,P1
C40H32O17Zn4-1_15-MACE-OMat-D3,C40H32O17Zn4-1_15-MACE-OMat-D3,-0.403993,-597.637,MACE-OMat-D3,P1
C40H32N8O21Zn4-0_4-MACE-OMat-D3,C40H32N8O21Zn4-0_4-MACE-OMat-D3,-0.42624,-691.37,MACE-OMat-D3,P1
C40H20N8O17Zn4-3_9-MACE-OMat-D3,C40H20N8O17Zn4-3_9-MACE-OMat-D3,-0.264476,-611.436,MACE-OMat-D3,P1
C40H24N16O9Zn4-0_4-MACE-OMat-D3,C40H24N16O9Zn4-0_4-MACE-OMat-D3,-0.0955777,-636.933,MACE-OMat-D3,P1
C40H16N24O25Zn4-2_10-MACE-OMat-D3,C40H16N24O25Zn4-2_10-MACE-OMat-D3,-0.150937,-764.474,MACE-OMat-D3,P1
C39H36N12O13Zn4-3_18-MACE-OMat-D3,C39H36N12O13Zn4-3_18-MACE-OMat-D3,-0.337134,-679.251,MACE-OMat-D3,P1
C20F6H12Mg4N2O6S2-2-r2SCAN-D4,C20F6H12Mg4N2O6S2-2-r2SCAN-D4,-0.500762,-372.982,r2SCAN-D4,P1
C30H18N12O10Zn4-0_10-MACE-OMat-D3,C30H18N12O10Zn4-0_10-MACE-OMat-D3,-0.212749,-503.949,MACE-OMat-D3,P1
C27H15N3O13S6Zn4-1_16-MACE-OMat-D3,C27H15N3O13S6Zn4-1_16-MACE-OMat-D3,-0.365868,-440.285,MACE-OMat-D3,P1
C24H20N4O13Zn4-1_4-MACE-OMat-D3,C24H20N4O13Zn4-1_4-MACE-OMat-D3,-0.499092,-420.053,MACE-OMat-D3,P1
C24H18N6O13Zn4-3_13-MACE-OMat-D3,C24H18N6O13Zn4-3_13-MACE-OMat-D3,-0.454058,-427.328,MACE-OMat-D3,P1
C24H15O13Zn4-3_13-MACE-OMat-D3,C24H15O13Zn4-3_13-MACE-OMat-D3,-0.485552,-365.206,MACE-OMat-D3,P1
C24H15O13Zn4-0_8-MACE-OMat-D3,C24H15O13Zn4-0_8-MACE-OMat-D3,-0.429868,-362.088,MACE-OMat-D3,P1
C20H16O11Zn4-2_6-MACE-OMat-D3,C20H16O11Zn4-2_6-MACE-OMat-D3,-0.427333,-316.378,MACE-OMat-D3,P1
C18H14O11S4Zn4-3_1-MACE-OMat-D3,C18H14O11S4Zn4-3_1-MACE-OMat-D3,-0.380201,-305.613,MACE-OMat-D3,P1
C21H18O13Zn4-0_1-r2SCAN-D4,C21H18O13Zn4-0_1-r2SCAN-D4,-0.550166,-415.128,r2SCAN-D4,P1
C18H15N3O13Zn4-3_13-r2SCAN-D4,C18H15N3O13Zn4-3_13-r2SCAN-D4,-0.532954,-399.596,r2SCAN-D4,P1
C56H24N12O21Zn4-1-MACE-OMat-D3,C56H24N12O21Zn4-1-MACE-OMat-D3,-0.213849,-826.178,MACE-OMat-D3,P1
C48H24N20O13Zn4-2_11-MACE-OMat-D3,C48H24N20O13Zn4-2_11-MACE-OMat-D3,-0.195652,-776.099,MACE-OMat-D3,P1
C48H24N20O13Zn4-1_15-MACE-OMat-D3,C48H24N20O13Zn4-1_15-MACE-OMat-D3,-0.172337,-773.558,MACE-OMat-D3,P1
C48H24N20O13Zn4-1_11-MACE-OMat-D3,C48H24N20O13Zn4-1_11-MACE-OMat-D3,-0.18134,-774.539,MACE-OMat-D3,P1
C36H32N12O17Zn4-3_1-MACE-OMat-D3,C36H32N12O17Zn4-3_1-MACE-OMat-D3,-0.418965,-665.738,MACE-OMat-D3,P1
C36H26N6O11Zn4-1_9-MACE-OMat-D3,C36H26N6O11Zn4-1_9-MACE-OMat-D3,-0.237069,-543.88,MACE-OMat-D3,P1
C36H18O16Zn4-2_14-MACE-OMat-D3,C36H18O16Zn4-2_14-MACE-OMat-D3,-0.388565,-501.68,MACE-OMat-D3,P1
C36H12N8O13Zn4-2_17-MACE-OMat-D3,C36H12N8O13Zn4-2_17-MACE-OMat-D3,-0.168908,-517.707,MACE-OMat-D3,P1
C34H22N8O15Zn4-2_1-MACE-OMat-D3,C34H22N8O15Zn4-2_1-MACE-OMat-D3,-0.378796,-560.761,MACE-OMat-D3,P1
C30H12N4O9Zn4-1_3-r2SCAN-D4,C30H12N4O9Zn4-1_3-r2SCAN-D4,-0.00905166,-467.585,r2SCAN-D4,P1
C18H6N4O5S2Zn4-3-r2SCAN-D4,C18H6N4O5S2Zn4-3-r2SCAN-D4,0.178907,-312.105,r2SCAN-D4,P1
C18H12O19Zn4-3_7-r2SCAN-D4,C18H12O19Zn4-3_7-r2SCAN-D4,-0.758966,-408.677,r2SCAN-D4,P1
C48H24N12O21Zn4-3-MACE-OMat-D3,C48H24N12O21Zn4-3-MACE-OMat-D3,-0.256862,-755.599,MACE-OMat-D3,P1
C48H24N12O19Zn4-2_9-MACE-OMat-D3,C48H24N12O19Zn4-2_9-MACE-OMat-D3,-0.20779,-739.938,MACE-OMat-D3,P1
C44H28N16O13Zn4-2_11-MACE-OMat-D3,C44H28N16O13Zn4-2_11-MACE-OMat-D3,-0.258857,-724.771,MACE-OMat-D3,P1
C24H24N8O17Zn4-1_3-r2SCAN-D4,C24H24N8O17Zn4-1_3-r2SCAN-D4,-0.490545,-569.376,r2SCAN-D4,P1
Al1C6H4N3O2-4-r2SCAN-D4,Al1C6H4N3O2-4-r2SCAN-D4,0.155764,-117.359,r2SCAN-D4,P1
C44H20N8O13S4Zn4-3_17-r2SCAN-D4,Zn4H20C44S4N8O13,-0.159718,-742.21,r2SCAN-D4,P1
C42H24N6O25Zn4-0_16-r2SCAN-D4,Zn4H24C42N6O25,-0.448344,-785.459,r2SCAN-D4,P1
C42H30N6O13S6Zn4-0_3-r2SCAN-D4,Zn4H30C42S6N6O13,-0.127316,-752.71,r2SCAN-D4,P1
C40H24N8O17Zn4-3-r2SCAN-D4,Zn4H24C40N8O17,-0.312984,-720.984,r2SCAN-D4,P1
C40H20N8O17Zn4-1-r2SCAN-D4,Zn4H20C40N8O17,-0.235548,-699.012,r2SCAN-D4,P1
C28H24N8O17Zn4-0_9-r2SCAN-D4,Zn4H24C28N8O17,-0.419648,-605.664,r2SCAN-D4,P1
C56H16N12O13Zn4-3_10-r2SCAN-D4,Zn4H16C56N12O13,-0.0555123,-843.421,r2SCAN-D4,P1
C48H18N6O13S6Zn4-3_14-r2SCAN-D4,Zn4H18C48S6N6O13,-0.119236,-769.797,r2SCAN-D4,P1
C48H18N12O19Zn4-1-r2SCAN-D4,Zn4H18C48N12O19,-0.246067,-824.37,r2SCAN-D4,P1
C48H16N16O17Zn4-0_13-r2SCAN-D4,Zn4H16C48N16O17,-0.0433966,-821.949,r2SCAN-D4,P1
C48H16N16O17Zn4-0_18-r2SCAN-D4,Zn4H16C48N16O17,-0.106809,-828.354,r2SCAN-D4,P1
C44H28N4O13Zn4-1_9-r2SCAN-D4,Zn4H28C44N4O13,-0.255097,-709.608,r2SCAN-D4,P1
C36H20N8O21Zn4-3_8-r2SCAN-D4,Zn4H20C36N8O21,-0.344333,-691.91,r2SCAN-D4,P1
C36H18N12O10S6Zn4-0_6-r2SCAN-D4,Zn2H9C18S3N6O5,-0.0188317,-677.329,r2SCAN-D4,P1
C36H12N27O13Zn4-1_8-r2SCAN-D4,Zn4H12C36N27O13,0.0101424,-759.979,r2SCAN-D4,P1
C64H20N16O13Zn4-1_16-r2SCAN-D4,Zn4H20C64N16O13,0.0111467,-967.078,r2SCAN-D4,P1
C60H20N12O13Zn4-3_11-r2SCAN-D4,Zn4H20C60N12O13,-0.0273755,-894.694,r2SCAN-D4,P1
C60H18N12O13S6Zn4-2_10-r2SCAN-D4,Zn4H18C60S6N12O13,0.0277978,-930.44,r2SCAN-D4,P1
C60H16N16O13Zn4-1_19-r2SCAN-D4,Zn4H16C60N16O13,0.0640291,-907.507,r2SCAN-D4,P1
C56H36N12O13Zn4-0_2-r2SCAN-D4,Zn4H36C56N12O13,-0.125486,-922.137,r2SCAN-D4,P1
C56H24N16O13Zn4-1_17-r2SCAN-D4,Zn4H24C56N16O13,-0.0958367,-912.903,r2SCAN-D4,P1
C56H20N12O13Zn4-0_16-r2SCAN-D4,Zn4H20C56N12O13,-0.0842749,-860.491,r2SCAN-D4,P1
C52H32N8O17Zn4-1-r2SCAN-D4,Zn4H32C52N8O17,-0.29571,-873.152,r2SCAN-D4,P1
C52H32N8O13Zn4-1-r2SCAN-D4,Zn4H32C52N8O13,-0.175428,-835.574,r2SCAN-D4,P1
C52H32N4O17Zn4-3_5-r2SCAN-D4,Zn4H32C52N4O17,-0.299889,-835.82,r2SCAN-D4,P1
C52H32N4O13Zn4-3_2-r2SCAN-D4,Zn4H32C52N4O13,-0.211709,-802.077,r2SCAN-D4,P1
C44H32N8O17Zn4-2_9-r2SCAN-D4,Zn4H32C44N8O17,-0.260699,-786.973,r2SCAN-D4,P1
C44H36N16O13Zn4-1_3-r2SCAN-D4,Zn4H36C44N16O13,-0.206394,-846.675,r2SCAN-D4,P1
C44H40N20O17Zn4-1_5-r2SCAN-D4,Zn4H40C44N20O17,-0.270194,-930.843,r2SCAN-D4,P1
C44H32N32O13Zn4-1-r2SCAN-D4,Zn4H32C44N32O13,-0.0916855,-967.404,r2SCAN-D4,P1
C44H32N32O13Zn4-0_15-r2SCAN-D4,Zn4H32C44N32O13,-0.085864,-966.676,r2SCAN-D4,P1
C40H16N24O25Zn4-0_11-r2SCAN-D4,Zn4H16C40N24O25,-0.102877,-868.42,r2SCAN-D4,P1
C52H24N8O17Zn4-2_7-r2SCAN-D4,Zn4H24C52N8O17,-0.256867,-839.052,r2SCAN-D4,P1
C52H24N8O17Zn4-0_15-r2SCAN-D4,Zn4H24C52N8O17,-0.211866,-834.327,r2SCAN-D4,P1
C51H33N12O22Zn4-3_4-r2SCAN-D4,Zn4H33C51(N6O11)2,-0.218246,-925.512,r2SCAN-D4,P1
C51H18N27O10Zn4-2_3-r2SCAN-D4,Zn4H18C51N27O10,0.127464,-900.425,r2SCAN-D4,P1
C48H40N8O17Zn4-0_6-r2SCAN-D4,Zn4H40C48N8O17,-0.252758,-856.896,r2SCAN-D4,P1
C48H40N16O13Zn4-1_10-r2SCAN-D4,Zn4H40C48N16O13,-0.245632,-906.97,r2SCAN-D4,P1
C48H40N16O13Zn4-1-r2SCAN-D4,Zn4H40C48N16O13,-0.236813,-905.903,r2SCAN-D4,P1
C48H40N16O13Zn4-2_11-r2SCAN-D4,Zn4H40C48N16O13,-0.229995,-905.078,r2SCAN-D4,P1
C48H32N8O17Zn4-2_9-r2SCAN-D4,Zn4H32C48N8O17,-0.292107,-831.508,r2SCAN-D4,P1
C48H30N12O13Zn4-2_1-r2SCAN-D4,Zn4H30C48N12O13,-0.192734,-826.697,r2SCAN-D4,P1
C48H32N20O17Zn4-2_2-r2SCAN-D4,Zn4H32C48N20O17,-0.245991,-939.247,r2SCAN-D4,P1
C44H40N24O13Zn4-2_8-r2SCAN-D4,Zn4H40C44N24O13,-0.164671,-930.973,r2SCAN-D4,P1
C48H28N12O21Zn4-0_6-r2SCAN-D4,Zn4H28C48(N4O7)3,-0.291718,-878.693,r2SCAN-D4,P1
C48H28N12O17Zn4-0_10-r2SCAN-D4,Zn4H28C48N12O17,-0.164767,-840.404,r2SCAN-D4,P1
C46H30N8O15Zn4-3_15-r2SCAN-D4,Zn4H30C46N8O15,-0.255077,-787.351,r2SCAN-D4,P1
C45H27N9O19Zn4-1-r2SCAN-D4,Zn4H27C45N9O19,-0.223548,-796.375,r2SCAN-D4,P1
C28H24N16O13Zn4-1_12-r2SCAN-D4,Zn4H24C28N16O13,-0.266914,-644.285,r2SCAN-D4,P1
C60H30N6O13Zn4-1_7-r2SCAN-D4,Zn4H30C60N6O13,-0.10193,-882.891,r2SCAN-D4,P1
C60H32N4O17Zn4-0-MACE-OMat-D3,C60H32N4O17Zn4-0-MACE-OMat-D3,-0.215203,-802.516,MACE-OMat-D3,P1
C60H18N12O19Zn4-1_8-MACE-OMat-D3,C60H18N12O19Zn4-1_8-MACE-OMat-D3,-0.191696,-830.24,MACE-OMat-D3,P1
C60H18N12O19Zn4-0-MACE-OMat-D3,C60H18N12O19Zn4-0-MACE-OMat-D3,-0.197348,-830.878,MACE-OMat-D3,P1
C56H40N4O13Zn4-3_10-MACE-OMat-D3,C56H40N4O13Zn4-3_10-MACE-OMat-D3,-0.258495,-776.96,MACE-OMat-D3,P1
C56H32N8O21Zn4-3_2-MACE-OMat-D3,C56H32N8O21Zn4-3_2-MACE-OMat-D3,-0.288877,-828.684,MACE-OMat-D3,P1
C56H32N8O13S8Zn4-7_10-MACE-OMat-D3,C56H32N8O13S8Zn4-7_10-MACE-OMat-D3,-0.141019,-804.238,MACE-OMat-D3,P1
C56H16N12O13Zn4-1_3-MACE-OMat-D3,C56H16N12O13Zn4-1_3-MACE-OMat-D3,-0.0925982,-744.976,MACE-OMat-D3,P1
C54H39N9O16Zn4-3_6-MACE-OMat-D3,C54H39N9O16Zn4-3_6-MACE-OMat-D3,-0.238657,-810.767,MACE-OMat-D3,P1
C54H39N9O16Zn4-1_8-MACE-OMat-D3,C54H39N9O16Zn4-1_8-MACE-OMat-D3,-0.24406,-811.426,MACE-OMat-D3,P1
C54H18N12O19Zn4-3_6-MACE-OMat-D3,C54H18N12O19Zn4-3_6-MACE-OMat-D3,-0.212062,-776.101,MACE-OMat-D3,P1
C52H32N4O17Zn4-3_1-MACE-OMat-D3,C52H32N4O17Zn4-3_1-MACE-OMat-D3,-0.282964,-734.623,MACE-OMat-D3,P1
C52H32N8O13Zn4-0_6-MACE-OMat-D3,C52H32N8O13Zn4-0_6-MACE-OMat-D3,-0.189973,-738.073,MACE-OMat-D3,P1
C52H32N4O17Zn4-2-MACE-OMat-D3,C52H32N4O17Zn4-2-MACE-OMat-D3,-0.312924,-737.889,MACE-OMat-D3,P1
C52H32N4O13Zn4-2_7-MACE-OMat-D3,C52H32N4O13Zn4-2_7-MACE-OMat-D3,-0.224498,-707.56,MACE-OMat-D3,P1
C52H32N4O13Zn4-2_2-MACE-OMat-D3,C52H32N4O13Zn4-2_2-MACE-OMat-D3,-0.22906,-708.039,MACE-OMat-D3,P1
C52H32N12O17Zn4-0-MACE-OMat-D3,C52H32N12O17Zn4-0-MACE-OMat-D3,-0.292072,-804.709,MACE-OMat-D3,P1
C52H28N4O21Zn4-0_12-MACE-OMat-D3,C52H28N4O21Zn4-0_12-MACE-OMat-D3,-0.318309,-745.293,MACE-OMat-D3,P1
C48H32N8O17Zn4-2_9-MACE-OMat-D3,C48H32N8O17Zn4-2_9-MACE-OMat-D3,-0.322397,-735.521,MACE-OMat-D3,P1
C48H30N12O10Zn4-1_10-MACE-OMat-D3,C48H30N12O10Zn4-1_10-MACE-OMat-D3,-0.105579,-703.614,MACE-OMat-D3,P1
C48H28N12O21Zn4-0_6-MACE-OMat-D3,C48H28N12O21Zn4-0_6-MACE-OMat-D3,-0.347183,-779.807,MACE-OMat-D3,P1
C48H28N12O21Zn4-0_10-MACE-OMat-D3,C48H28N12O21Zn4-0_10-MACE-OMat-D3,-0.322869,-777.06,MACE-OMat-D3,P1
C48H24N8O33Zn4-2_6-MACE-OMat-D3,C48H24N8O33Zn4-2_6-MACE-OMat-D3,-0.366067,-796.43,MACE-OMat-D3,P1
C48H24N8O33Zn4-3_4-MACE-OMat-D3,C48H24N8O33Zn4-3_4-MACE-OMat-D3,-0.489254,-810.843,MACE-OMat-D3,P1
C48H24N6O19S6Zn4-2_4-MACE-OMat-D3,C48H24N6O19S6Zn4-2_4-MACE-OMat-D3,-0.179881,-711.657,MACE-OMat-D3,P1
C48H24N6O13Zn4-2_16-MACE-OMat-D3,C48H24N6O13Zn4-2_16-MACE-OMat-D3,-0.189891,-655.988,MACE-OMat-D3,P1
C48H24N12O19Zn4-0_18-MACE-OMat-D3,C48H24N12O19Zn4-0_18-MACE-OMat-D3,-0.200293,-739.136,MACE-OMat-D3,P1
C48H24N12O13Zn4-3_18-MACE-OMat-D3,C48H24N12O13Zn4-3_18-MACE-OMat-D3,-0.176249,-705.817,MACE-OMat-D3,P1
C48H18N6O13S6Zn4-3_15-MACE-OMat-D3,C48H18N6O13S6Zn4-3_15-MACE-OMat-D3,-0.167288,-659.151,MACE-OMat-D3,P1
C48H18N12O19Zn4-2_4-MACE-OMat-D3,C48H18N12O19Zn4-2_4-MACE-OMat-D3,-0.136126,-711.991,MACE-OMat-D3,P1
C48H18N12O19Zn4-0_12-MACE-OMat-D3,C48H18N12O19Zn4-0_12-MACE-OMat-D3,-0.270408,-725.553,MACE-OMat-D3,P1
C46H30N8O15Zn4-0_2-MACE-OMat-D3,C46H30N8O15Zn4-0_2-MACE-OMat-D3,-0.282861,-694.742,MACE-OMat-D3,P1
C44H40N20O17Zn4-3_7-MACE-OMat-D3,C44H40N20O17Zn4-3_7-MACE-OMat-D3,-0.344554,-832.756,MACE-OMat-D3,P1
C44H40N20O17Zn4-2_14-MACE-OMat-D3,C44H40N20O17Zn4-2_14-MACE-OMat-D3,-0.368333,-835.728,MACE-OMat-D3,P1
C44H40N20O17Zn4-0_8-MACE-OMat-D3,C44H40N20O17Zn4-0_8-MACE-OMat-D3,-0.327029,-830.565,MACE-OMat-D3,P1
C44H36N16O13Zn4-3_9-MACE-OMat-D3,C44H36N16O13Zn4-3_9-MACE-OMat-D3,-0.270126,-754.065,MACE-OMat-D3,P1
C44H28N4O13Zn4-1_1-MACE-OMat-D3,C44H28N4O13Zn4-1_1-MACE-OMat-D3,-0.217535,-617.686,MACE-OMat-D3,P1
C42H24N6O13Zn4-1_13-MACE-OMat-D3,C42H24N6O13Zn4-1_13-MACE-OMat-D3,-0.258491,-605.786,MACE-OMat-D3,P1
C40H36N8O15Zn4-1_12-MACE-OMat-D3,C40H36N8O15Zn4-1_12-MACE-OMat-D3,-0.334013,-664.305,MACE-OMat-D3,P1
C40H36N8O13Zn4-7-MACE-OMat-D3,C40H36N8O13Zn4-7-MACE-OMat-D3,-0.307477,-651.06,MACE-OMat-D3,P1
C40H24N8O25Zn4-1_5-MACE-OMat-D3,C40H24N8O25Zn4-1_5-MACE-OMat-D3,-0.298016,-670.557,MACE-OMat-D3,P1
C40H24O13Zn4-3_5-MACE-OMat-D3,C40H24O13Zn4-3_5-MACE-OMat-D3,-0.339979,-541.862,MACE-OMat-D3,P1
C40H24N8O17Zn4-0_7-MACE-OMat-D3,C40H24N8O17Zn4-0_7-MACE-OMat-D3,-0.292233,-628.05,MACE-OMat-D3,P1
C40H24N8O13Zn4-3_16-MACE-OMat-D3,C40H24N8O13Zn4-3_16-MACE-OMat-D3,-0.249084,-603.249,MACE-OMat-D3,P1
C40H24N16O21Zn4-0_17-MACE-OMat-D3,C40H24N16O21Zn4-0_17-MACE-OMat-D3,-0.291386,-718.018,MACE-OMat-D3,P1
C40H16N24O25Zn4-3_14-MACE-OMat-D3,C40H16N24O25Zn4-3_14-MACE-OMat-D3,-0.189051,-768.628,MACE-OMat-D3,P1
C40H16N24O25Zn4-2_7-MACE-OMat-D3,C40H16N24O25Zn4-2_7-MACE-OMat-D3,-0.148166,-764.172,MACE-OMat-D3,P1
C39H36N12O13Zn4-0_5-MACE-OMat-D3,C39H36N12O13Zn4-0_5-MACE-OMat-D3,-0.322645,-677.744,MACE-OMat-D3,P1
C24H9Mg6N3O12-7-r2SCAN-D4,C24H9Mg6N3O12-7-r2SCAN-D4,-0.341506,-412.452,r2SCAN-D4,P1
C28H24N16O13Zn4-1_12-MACE-OMat-D3,C28H24N16O13Zn4-1_12-MACE-OMat-D3,-0.347131,-567.007,MACE-OMat-D3,P1
C27H15N3O13S6Zn4-0_15-MACE-OMat-D3,C27H15N3O13S6Zn4-0_15-MACE-OMat-D3,-0.232628,-431.224,MACE-OMat-D3,P1
C24H24O13Zn4-3_11-MACE-OMat-D3,C24H24O13Zn4-3_11-MACE-OMat-D3,-0.486812,-398.852,MACE-OMat-D3,P1
C24H20N4O17Zn4-0_1-MACE-OMat-D3,C24H20N4O17Zn4-0_1-MACE-OMat-D3,-0.485244,-440.887,MACE-OMat-D3,P1
C18H12O19Zn4-3_6-MACE-OMat-D3,C18H12O19Zn4-3_6-MACE-OMat-D3,-0.740917,-342.073,MACE-OMat-D3,P1
C20H12O13Zn4-2_13.0-r2SCAN-D4,C20H12O13Zn4-2_13.0-r2SCAN-D4,-0.494092,-377.77,r2SCAN-D4,P1
C56H24N16O13S8Zn4-3_3-MACE-OMat-D3,C56H24N16O13S8Zn4-3_3-MACE-OMat-D3,-0.0685994,-836.282,MACE-OMat-D3,P1
C51H42N6O19Zn4-1_12-MACE-OMat-D3,C51H42N6O19Zn4-1_12-MACE-OMat-D3,-0.288204,-788.769,MACE-OMat-D3,P1
C48H52N8O13Zn4-3_14-MACE-OMat-D3,C48H52N8O13Zn4-3_14-MACE-OMat-D3,-0.31805,-785.219,MACE-OMat-D3,P1
C48H42N12O13Zn4-0_13-MACE-OMat-D3,C48H42N12O13Zn4-0_13-MACE-OMat-D3,-0.256791,-776.961,MACE-OMat-D3,P1
C48H24N16O13S8Zn4-2_13-MACE-OMat-D3,C48H24N16O13S8Zn4-2_13-MACE-OMat-D3,-0.124746,-768.521,MACE-OMat-D3,P1
C44H20N8O13Zn4-1_2-MACE-OMat-D3,C44H20N8O13Zn4-1_2-MACE-OMat-D3,-0.178677,-620.786,MACE-OMat-D3,P1
C36H28N12O13Zn4-6_2-MACE-OMat-D3,C36H28N12O13Zn4-6_2-MACE-OMat-D3,-0.337221,-622.017,MACE-OMat-D3,P1
C36H18N6O25Zn4-3_5-MACE-OMat-D3,C36H18N6O25Zn4-3_5-MACE-OMat-D3,-0.466231,-609.022,MACE-OMat-D3,P1
C36H18N6O25Zn4-3_10-MACE-OMat-D3,C36H18N6O25Zn4-3_10-MACE-OMat-D3,-0.448651,-607.457,MACE-OMat-D3,P1
C36H18N6O13Zn4-2_15-MACE-OMat-D3,C36H18N6O13Zn4-2_15-MACE-OMat-D3,-0.282212,-529.88,MACE-OMat-D3,P1
C36H18N6O13S6Zn4-1_2-MACE-OMat-D3,C36H18N6O13S6Zn4-1_2-MACE-OMat-D3,-0.274356,-555.694,MACE-OMat-D3,P1
C36H18N6O13S3Zn4-2_4-MACE-OMat-D3,C36H18N6O13S3Zn4-2_4-MACE-OMat-D3,-0.280498,-542.976,MACE-OMat-D3,P1
C36H18N21O13Zn4-2_14-MACE-OMat-D3,C36H18N21O13Zn4-2_14-MACE-OMat-D3,-0.209574,-652.6,MACE-OMat-D3,P1
C36H12N8O13Zn4-1_5-MACE-OMat-D3,C36H12N8O13Zn4-1_5-MACE-OMat-D3,-0.173055,-518.01,MACE-OMat-D3,P1
C34H28N4O13Zn4-2_9-MACE-OMat-D3,C34H28N4O13Zn4-2_9-MACE-OMat-D3,-0.343535,-534.022,MACE-OMat-D3,P1
C30H14N4O11Zn4-1_10-r2SCAN-D4,C30H14N4O11Zn4-1_10-r2SCAN-D4,-0.158961,-495.621,r2SCAN-D4,P1
C32H16N8O13Zn4-3_11-r2SCAN-D4,C32H16N8O13Zn4-3_11-r2SCAN-D4,-0.284385,-581.561,r2SCAN-D4,P1
C20H12N8O11Zn4-1_3-r2SCAN-D4,C20H12N8O11Zn4-1_3-r2SCAN-D4,-0.227575,-427.643,r2SCAN-D4,P1
C48H24N12O21Zn4-3_10-MACE-OMat-D3,C48H24N12O21Zn4-3_10-MACE-OMat-D3,-0.321559,-762.651,MACE-OMat-D3,P1
C48H24N12O21Zn4-2_3-MACE-OMat-D3,C48H24N12O21Zn4-2_3-MACE-OMat-D3,-0.302304,-760.552,MACE-OMat-D3,P1
C48H24N12O21Zn4-1_7-MACE-OMat-D3,C48H24N12O21Zn4-1_7-MACE-OMat-D3,-0.329568,-763.524,MACE-OMat-D3,P1
C44H24N8O13S4Zn4-0_6-MACE-OMat-D3,C44H24N8O13S4Zn4-0_6-MACE-OMat-D3,-0.17084,-650.945,MACE-OMat-D3,P1
C24H15O13Zn4-3_14-r2SCAN-D4,C24H15O13Zn4-3_14-r2SCAN-D4,-0.508161,-432.456,r2SCAN-D4,P1
C5H5Mg2N1O2-9-r2SCAN-D4,C5H5Mg2N1O2-9-r2SCAN-D4,-0.108181,-98.1805,r2SCAN-D4,P1
C44H24N8O17Zn4-0_3-r2SCAN-D4,Zn4H24C44N8O17,-0.2687,-758.009,r2SCAN-D4,P1
C42H24N6O25Zn4-0_11-r2SCAN-D4,Zn4H24C42N6O25,-0.452069,-785.835,r2SCAN-D4,P1
C42H24N6O13Zn4-2_10-r2SCAN-D4,Zn4H24C42N6O13,-0.261573,-693.604,r2SCAN-D4,P1
C42H24N6O13S3Zn4-1_11-r2SCAN-D4,Zn4H24C42S3N6O13,-0.235323,-716.367,r2SCAN-D4,P1
C40H36N8O13Zn4-5_14-r2SCAN-D4,Zn4H36C40N8O13,-0.265645,-736.906,r2SCAN-D4,P1
C42H24N6O10S6Zn4-2_11-r2SCAN-D4,Zn2H12C21S3N3O5,-0.0850446,-709.471,r2SCAN-D4,P1
C40H24N8O17Zn4-3_4-r2SCAN-D4,Zn4H24C40N8O17,-0.316179,-721.281,r2SCAN-D4,P1
C40H20N8O17Zn4-2_1-r2SCAN-D4,Zn4H20C40N8O17,-0.183402,-694.372,r2SCAN-D4,P1
C36H18O16Zn4-1_15-r2SCAN-D4,Zn2H9(C9O4)2,-0.337444,-577.008,r2SCAN-D4,P1
C36H18N6O13Zn4-1_4-r2SCAN-D4,Zn4H18C36N6O13,-0.286056,-611.507,r2SCAN-D4,P1
C36H18N6O13Zn4-0_13-r2SCAN-D4,Zn4H18C36N6O13,-0.286733,-611.559,r2SCAN-D4,P1
C36H18N6O13S3Zn4-0-r2SCAN-D4,Zn4H18C36S3N6O13,-0.260212,-634.69,r2SCAN-D4,P1
C54H24N6O13Zn4-2_9-r2SCAN-D4,Zn4H24C54N6O13,-0.079079,-798.516,r2SCAN-D4,P1
C36H20N8O21Zn4-3_11-r2SCAN-D4,Zn4H20C36N8O21,-0.305091,-688.418,r2SCAN-D4,P1
C64H24N16O13Zn4-3_14-r2SCAN-D4,Zn4H24C64N16O13,-0.023585,-985.064,r2SCAN-D4,P1
C60H16N16O13Zn4-1_16-r2SCAN-D4,Zn4H16C60N16O13,0.0151582,-912.834,r2SCAN-D4,P1
C56H36N12O13Zn4-3_7-r2SCAN-D4,Zn4H36C56N12O13,-0.0856249,-917.313,r2SCAN-D4,P1
C56H36N8O13Zn4-0-r2SCAN-D4,Zn4H36C56N8O13,-0.198493,-893.572,r2SCAN-D4,P1
C56H32N4O17Zn4-0_16-r2SCAN-D4,Zn4H32C56N4O17,-0.2613,-872.727,r2SCAN-D4,P1
C54H30N6O19Zn4-1_7-r2SCAN-D4,Zn4H30C54N6O19,-0.251581,-874.625,r2SCAN-D4,P1
C54H30N6O13Zn4-1_7-r2SCAN-D4,Zn4H30C54N6O13,-0.16649,-829.085,r2SCAN-D4,P1
C54H24N12O13S3Zn4-2_12-r2SCAN-D4,Zn4H24C54S3N12O13,-0.0730009,-877.858,r2SCAN-D4,P1
C54H30N12O10Zn4-1_4-r2SCAN-D4,Zn2H15C27N6O5,-0.0335012,-852.399,r2SCAN-D4,P1
C54H18N12O13S6Zn4-3_6-r2SCAN-D4,Zn4H18C54S6N12O13,-0.0192506,-875.539,r2SCAN-D4,P1
C52H28N8O13Zn4-3_19-r2SCAN-D4,Zn4H28C52N8O13,-0.106725,-813.831,r2SCAN-D4,P1
C44H36N16O13Zn4-1_12-r2SCAN-D4,Zn4H36C44N16O13,-0.231765,-849.542,r2SCAN-D4,P1
C44H36N16O13Zn4-1_6-r2SCAN-D4,Zn4H36C44N16O13,-0.230313,-849.378,r2SCAN-D4,P1
C44H40N20O17Zn4-1_6-r2SCAN-D4,Zn4H40C44N20O17,-0.294822,-933.922,r2SCAN-D4,P1
C44H32N32O13Zn4-3_2-r2SCAN-D4,Zn4H32C44N32O13,-0.0962487,-967.974,r2SCAN-D4,P1
C42H30N12O16Zn4-0_16-r2SCAN-D4,Zn2H15C21(N3O4)2,-0.31092,-795.771,r2SCAN-D4,P1
C42H30N12O16Zn4-1_4-r2SCAN-D4,Zn2H15C21(N3O4)2,-0.289955,-793.591,r2SCAN-D4,P1
C40H36N12O17Zn4-2_8-r2SCAN-D4,Zn4H36C40N12O17,-0.308624,-803.604,r2SCAN-D4,P1
C44H16N40O13Zn4-2_1-r2SCAN-D4,Zn4H16C44N40O13,0.12094,-959.691,r2SCAN-D4,P1
C52H28N12O17Zn4-3_9-r2SCAN-D4,Zn4H28C52N12O17,-0.131482,-877.371,r2SCAN-D4,P1
C51H33N12O22Zn4-0_11-r2SCAN-D4,Zn4H33C51(N6O11)2,-0.253924,-929.864,r2SCAN-D4,P1
C48H40N8O17Zn4-2_9-r2SCAN-D4,Zn4H40C48N8O17,-0.279887,-860.071,r2SCAN-D4,P1
C48H32N8O17Zn4-0_14-r2SCAN-D4,Zn4H32C48N8O17,-0.262485,-828.279,r2SCAN-D4,P1
C48H28N12O21Zn4-3_1-r2SCAN-D4,Zn4H28C48(N4O7)3,-0.234087,-872.181,r2SCAN-D4,P1
C48H30N12O10Zn4-1_10-r2SCAN-D4,Zn2H15C24N6O5,-0.0612428,-794.981,r2SCAN-D4,P1
C44H40N20O17Zn4-3_2-r2SCAN-D4,Zn4H40C44N20O17,-0.273931,-931.31,r2SCAN-D4,P1
C48H28N12O17Zn4-3_14-r2SCAN-D4,Zn4H28C48N12O17,-0.216237,-846.015,r2SCAN-D4,P1
C48H24N8O17S8Zn4-0_6-r2SCAN-D4,Zn4H24C48S8N8O17,-0.0971066,-847.644,r2SCAN-D4,P1
C48H24N20O13Zn4-0_10-r2SCAN-D4,Zn4H24C48N20O13,-0.130037,-872.716,r2SCAN-D4,P1
C48H24N8O13S8Zn4-0_2-r2SCAN-D4,Zn4H24C48S8N8O13,-0.0435198,-818.345,r2SCAN-D4,P1
C48H24N20O9Zn4-0_2-r2SCAN-D4,Zn4H24C48N20O9,0.0283238,-832.284,r2SCAN-D4,P1
C48H24N12O19Zn4-2_4-r2SCAN-D4,Zn4H24C48N12O19,-0.257144,-847.774,r2SCAN-D4,P1
C44H40N24O13Zn4-0_9-r2SCAN-D4,Zn4H40C44N24O13,-0.196769,-934.986,r2SCAN-D4,P1
C48H24N6O13S6Zn4-3_5-r2SCAN-D4,Zn4H24C48S6N6O13,-0.124078,-791.744,r2SCAN-D4,P1
C60H36N12O13Zn4-2-r2SCAN-D4,Zn4H36C60N12O13,-0.0196966,-949.483,r2SCAN-D4,P1
C60H24N8O17Zn4-2_16-r2SCAN-D4,Zn4H24C60N8O17,-0.13774,-907.782,r2SCAN-D4,P1
C60H36N8O5Zn4-0-MACE-OMat-D3,C60H36N8O5Zn4-0-MACE-OMat-D3,0.0768326,-755.631,MACE-OMat-D3,P1
C60H30N12O13Zn4-1_2-MACE-OMat-D3,C60H30N12O13Zn4-1_2-MACE-OMat-D3,-0.15398,-836.138,MACE-OMat-D3,P1
C56H8N40O13Zn4-2_6-MACE-OMat-D3,C56H8N40O13Zn4-2_6-MACE-OMat-D3,0.0926842,-932.107,MACE-OMat-D3,P1
C56H8N40O13Zn4-2-MACE-OMat-D3,C56H8N40O13Zn4-2-MACE-OMat-D3,0.0726437,-934.532,MACE-OMat-D3,P1
C56H36N8O13Zn4-2-MACE-OMat-D3,C56H36N8O13Zn4-2-MACE-OMat-D3,-0.201685,-790.717,MACE-OMat-D3,P1
C56H32N8O17S4Zn4-2_3-MACE-OMat-D3,C56H32N8O17S4Zn4-2_3-MACE-OMat-D3,-0.211952,-816.098,MACE-OMat-D3,P1
C56H32N8O17S4Zn4-1_4-MACE-OMat-D3,C56H32N8O17S4Zn4-1_4-MACE-OMat-D3,-0.164475,-810.354,MACE-OMat-D3,P1
C56H32N8O13S8Zn4-5_13-MACE-OMat-D3,C56H32N8O13S8Zn4-5_13-MACE-OMat-D3,-0.156168,-806.071,MACE-OMat-D3,P1
C54H42N12O13Zn4-1_8-MACE-OMat-D3,C54H42N12O13Zn4-1_8-MACE-OMat-D3,-0.244641,-832.151,MACE-OMat-D3,P1
C54H18N12O19Zn4-1_13-MACE-OMat-D3,C54H18N12O19Zn4-1_13-MACE-OMat-D3,-0.231687,-778.201,MACE-OMat-D3,P1
C52H44N8O17Zn4-1_14-MACE-OMat-D3,C52H44N8O17Zn4-1_14-MACE-OMat-D3,-0.272798,-810.183,MACE-OMat-D3,P1
C52H36N12O13Zn4-2_2-MACE-OMat-D3,C52H36N12O13Zn4-2_2-MACE-OMat-D3,-0.197287,-786.802,MACE-OMat-D3,P1
C52H32N8O13Zn4-1_10-MACE-OMat-D3,C52H32N8O13Zn4-1_10-MACE-OMat-D3,-0.20569,-739.786,MACE-OMat-D3,P1
C48H40N24O9Zn4-3_2-MACE-OMat-D3,C48H40N24O9Zn4-3_2-MACE-OMat-D3,-0.145672,-838.468,MACE-OMat-D3,P1
C48H36N8O13Zn4-3_17-MACE-OMat-D3,C48H36N8O13Zn4-3_17-MACE-OMat-D3,-0.253324,-721.175,MACE-OMat-D3,P1
C48H36N6O13Zn4-1_9-MACE-OMat-D3,C48H36N6O13Zn4-1_9-MACE-OMat-D3,-0.262303,-704.94,MACE-OMat-D3,P1
C48H32N8O17Zn4-3_3-MACE-OMat-D3,C48H32N8O17Zn4-3_3-MACE-OMat-D3,-0.318969,-735.148,MACE-OMat-D3,P1
C48H30N12O13Zn4-2_17-MACE-OMat-D3,C48H30N12O13Zn4-2_17-MACE-OMat-D3,-0.205684,-729.487,MACE-OMat-D3,P1
C48H28N12O21Zn4-2-MACE-OMat-D3,C48H28N12O21Zn4-2-MACE-OMat-D3,-0.320792,-776.825,MACE-OMat-D3,P1
C48H28N12O17Zn4-3_7-MACE-OMat-D3,C48H28N12O17Zn4-3_7-MACE-OMat-D3,-0.252492,-748.305,MACE-OMat-D3,P1
C48H27N9O13Zn4-3_10-MACE-OMat-D3,C48H27N9O13Zn4-3_10-MACE-OMat-D3,-0.180274,-690.921,MACE-OMat-D3,P1
C48H24N8O17Zn4-3_4-MACE-OMat-D3,C48H24N8O17Zn4-3_4-MACE-OMat-D3,-0.240376,-698.708,MACE-OMat-D3,P1
C48H24N8O17Zn4-3_6-MACE-OMat-D3,C48H24N8O17Zn4-3_6-MACE-OMat-D3,-0.253782,-700.062,MACE-OMat-D3,P1
C48H18N12O19Zn4-3_6-MACE-OMat-D3,C48H18N12O19Zn4-3_6-MACE-OMat-D3,-0.262257,-724.73,MACE-OMat-D3,P1
C48H16N16O17Zn4-0_12-MACE-OMat-D3,C48H16N16O17Zn4-0_12-MACE-OMat-D3,-0.130625,-728.43,MACE-OMat-D3,P1
C46H30N8O15Zn4-2_2-MACE-OMat-D3,C46H30N8O15Zn4-2_2-MACE-OMat-D3,-0.265506,-692.954,MACE-OMat-D3,P1
C45H24N6O13Zn4-3_10-MACE-OMat-D3,C45H24N6O13Zn4-3_10-MACE-OMat-D3,-0.165897,-625.627,MACE-OMat-D3,P1
C44H40N24O13Zn4-2_13-MACE-OMat-D3,C44H40N24O13Zn4-2_13-MACE-OMat-D3,-0.276887,-837.883,MACE-OMat-D3,P1
C44H36N16O5Zn4-0-MACE-OMat-D3,C44H36N16O5Zn4-0-MACE-OMat-D3,-0.00518444,-684.5,MACE-OMat-D3,P1
C44H36N16O13Zn4-1_12-MACE-OMat-D3,C44H36N16O13Zn4-1_12-MACE-OMat-D3,-0.297444,-757.152,MACE-OMat-D3,P1
C40H24N8O13Zn4-1_8-MACE-OMat-D3,C40H24N8O13Zn4-1_8-MACE-OMat-D3,-0.238371,-602.295,MACE-OMat-D3,P1
C40H24N16O21Zn4-2-MACE-OMat-D3,C40H24N16O21Zn4-2-MACE-OMat-D3,-0.242311,-712.865,MACE-OMat-D3,P1
C40H16N24O25Zn4-1_7-MACE-OMat-D3,C40H16N24O25Zn4-1_7-MACE-OMat-D3,-0.145019,-763.829,MACE-OMat-D3,P1
C38H28N4O13Zn4-3_23-MACE-OMat-D3,C38H28N4O13Zn4-3_23-MACE-OMat-D3,-0.322063,-570.307,MACE-OMat-D3,P1
C38H28N4O13Zn4-2_7-MACE-OMat-D3,C38H28N4O13Zn4-2_7-MACE-OMat-D3,-0.319478,-570.082,MACE-OMat-D3,P1
C33H18O13Zn4-3_15-MACE-OMat-D3,C33H18O13Zn4-3_15-MACE-OMat-D3,-0.35394,-454.566,MACE-OMat-D3,P1
C30H20N2O5Zn4-2_1-MACE-OMat-D3,C30H20N2O5Zn4-2_1-MACE-OMat-D3,0.0726846,-382.072,MACE-OMat-D3,P1
C30H24N18O13Zn4-0_5-MACE-OMat-D3,C30H24N18O13Zn4-0_5-MACE-OMat-D3,-0.336095,-602.492,MACE-OMat-D3,P1
C30H14N4O11Zn4-3_8-MACE-OMat-D3,C30H14N4O11Zn4-3_8-MACE-OMat-D3,-0.199045,-425.961,MACE-OMat-D3,P1
C27H15N6O16Zn4-2_5-MACE-OMat-D3,C27H15N6O16Zn4-2_5-MACE-OMat-D3,-0.433715,-460.004,MACE-OMat-D3,P1
C21H18O13Zn4-1_7-MACE-OMat-D3,C21H18O13Zn4-1_7-MACE-OMat-D3,-0.525921,-349.614,MACE-OMat-D3,P1
C20H12O13Zn4-2_13-r2SCAN-D4,C20H12O13Zn4-2_13-r2SCAN-D4,-0.498887,-378.005,r2SCAN-D4,P1
C21H18O13Zn4-0_3-r2SCAN-D4,C21H18O13Zn4-0_3-r2SCAN-D4,-0.540627,-414.593,r2SCAN-D4,P1
C21H18O13Zn4-0_15.0-r2SCAN-D4,C21H18O13Zn4-0_15.0-r2SCAN-D4,-0.54577,-414.881,r2SCAN-D4,P1
C56H24N4O21Zn4-2_15-MACE-OMat-D3,C56H24N4O21Zn4-2_15-MACE-OMat-D3,-0.265877,-763.382,MACE-OMat-D3,P1
C56H24N16O13Zn4-0_6-MACE-OMat-D3,C56H24N16O13Zn4-0_6-MACE-OMat-D3,-0.129001,-809.529,MACE-OMat-D3,P1
C56H24N12O21Zn4-3_3-MACE-OMat-D3,C56H24N12O21Zn4-3_3-MACE-OMat-D3,-0.234669,-828.614,MACE-OMat-D3,P1
C56H20N12O13Zn4-1_3-MACE-OMat-D3,C56H20N12O13Zn4-1_3-MACE-OMat-D3,-0.0999324,-759.091,MACE-OMat-D3,P1
C56H16N12O13Zn4-3_3-MACE-OMat-D3,C56H16N12O13Zn4-3_3-MACE-OMat-D3,-0.0923899,-744.955,MACE-OMat-D3,P1
C52H20N8O13Zn4-1-MACE-OMat-D3,C52H20N8O13Zn4-1-MACE-OMat-D3,-0.152807,-693.263,MACE-OMat-D3,P1
C52H20N12O13Zn4-3_2-MACE-OMat-D3,C52H20N12O13Zn4-3_2-MACE-OMat-D3,-0.129381,-724.887,MACE-OMat-D3,P1
C51H33N9O13Zn4-2_2-MACE-OMat-D3,C51H33N9O13Zn4-2_2-MACE-OMat-D3,-0.224146,-744.416,MACE-OMat-D3,P1
C51H33N12O22Zn4-0_11-MACE-OMat-D3,C51H33N12O22Zn4-0_11-MACE-OMat-D3,-0.321766,-828.582,MACE-OMat-D3,P1
C48H24N16O13S8Zn4-3_14-MACE-OMat-D3,C48H24N16O13S8Zn4-3_14-MACE-OMat-D3,-0.128826,-768.982,MACE-OMat-D3,P1
C44H20N8O13S4Zn4-1_14-MACE-OMat-D3,C44H20N8O13S4Zn4-1_14-MACE-OMat-D3,-0.191909,-639.246,MACE-OMat-D3,P1
C38H28N4O13Zn4-1_2-MACE-OMat-D3,C38H28N4O13Zn4-1_2-MACE-OMat-D3,-0.316532,-569.826,MACE-OMat-D3,P1
C36H28O13Zn4-1_9-MACE-OMat-D3,C36H28O13Zn4-1_9-MACE-OMat-D3,-0.346866,-518.616,MACE-OMat-D3,P1
C36H30N12O10Zn4-1_8-MACE-OMat-D3,C36H30N12O10Zn4-1_8-MACE-OMat-D3,-0.235402,-603.955,MACE-OMat-D3,P1
C36H18N6O25Zn4-3_15-MACE-OMat-D3,C36H18N6O25Zn4-3_15-MACE-OMat-D3,-0.450779,-607.647,MACE-OMat-D3,P1
C36H18N6O25Zn4-0_2-MACE-OMat-D3,C36H18N6O25Zn4-0_2-MACE-OMat-D3,-0.464546,-608.872,MACE-OMat-D3,P1
C36H18N6O13S3Zn4-3_12-MACE-OMat-D3,C36H18N6O13S3Zn4-3_12-MACE-OMat-D3,-0.240349,-539.764,MACE-OMat-D3,P1
C20H16O11Zn4-3-r2SCAN-D4,C20H16O11Zn4-3-r2SCAN-D4,-0.429364,-377.643,r2SCAN-D4,P1
C18H12O19Zn4-1_4-r2SCAN-D4,C18H12O19Zn4-1_4-r2SCAN-D4,-0.769223,-409.22,r2SCAN-D4,P1
C44H28N16O21Zn4-0_13-MACE-OMat-D3,C44H28N16O21Zn4-0_13-MACE-OMat-D3,-0.250308,-765.461,MACE-OMat-D3,P1
C44H24N8O17Zn4-1_8-MACE-OMat-D3,C44H24N8O17Zn4-1_8-MACE-OMat-D3,-0.257844,-662.662,MACE-OMat-D3,P1
C44H24N16O13Zn4-0_12-MACE-OMat-D3,C44H24N16O13Zn4-0_12-MACE-OMat-D3,-0.162923,-701.071,MACE-OMat-D3,P1
C20H12N6O11Zn4-0_5.0-r2SCAN-D4,C20H12N6O11Zn4-0_5.0-r2SCAN-D4,-0.308754,-413.188,r2SCAN-D4,P1
C3Mg2N2O2S1-11-r2SCAN-D4,C3Mg2N2O2S1-11-r2SCAN-D4,-0.586752,-82.3885,r2SCAN-D4,P1
Al1C8H9N4O3-2-r2SCAN-D4,Al1C8H9N4O3-2-r2SCAN-D4,-0.0703646,-173.901,r2SCAN-D4,P1
C16Cl2F4H2Mg4O4-13-r2SCAN-D4,C16Cl2F4H2Mg4O4-13-r2SCAN-D4,-0.213707,-239.105,r2SCAN-D4,P1
C40H36N8O13Zn4-0_10-r2SCAN-D4,Zn4H36C40N8O13,-0.272051,-737.553,r2SCAN-D4,P1
C42H24N6O10S6Zn4-7_7-r2SCAN-D4,Zn2H12C21S3N3O5,-0.0603713,-707.201,r2SCAN-D4,P1
C40H24N8O17Zn4-1_16-r2SCAN-D4,Zn4H24C40N8O17,-0.211479,-711.544,r2SCAN-D4,P1
C40H20N8O17Zn4-0_3-r2SCAN-D4,Zn4H20C40N8O17,-0.212932,-697.0,r2SCAN-D4,P1
C39H33N6O13Zn4-2_7-r2SCAN-D4,Zn4H33C39N6O13,-0.261649,-696.242,r2SCAN-D4,P1
C40H20N8O13Zn4-2_11-r2SCAN-D4,Zn4H20C40N8O13,-0.216075,-673.131,r2SCAN-D4,P1
C48H24N6O13Zn4-2_15-r2SCAN-D4,Zn4H24C48N6O13,-0.191925,-748.659,r2SCAN-D4,P1
C20H20N4O17Zn4-1_4-r2SCAN-D4,Zn4H20C20N4O17,-0.595986,-479.843,r2SCAN-D4,P1
C36H18N6O13Zn4-1_13-r2SCAN-D4,Zn4H18C36N6O13,-0.286385,-611.532,r2SCAN-D4,P1
C36H18N6O13S6Zn4-0_3-r2SCAN-D4,Zn4H18C36S6N6O13,-0.237758,-657.999,r2SCAN-D4,P1
C36H16N8O13Zn4-2-r2SCAN-D4,Zn4H16C36N8O13,-0.203209,-616.516,r2SCAN-D4,P1
C52H20N8O13Zn4-2_8-r2SCAN-D4,Zn4H20C52N8O13,-0.0809103,-782.817,r2SCAN-D4,P1
C48H27N9O13Zn4-1_6-r2SCAN-D4,Zn4H27C48N9O13,-0.165147,-784.931,r2SCAN-D4,P1
C48H18N6O13S6Zn4-3_13-r2SCAN-D4,Zn4H18C48S6N6O13,-0.123654,-770.217,r2SCAN-D4,P1
C33H30N15O13Zn4-0_13-r2SCAN-D4,Zn4H30C33N15O13,-0.26095,-708.063,r2SCAN-D4,P1
C36H30N6O13S6Zn4-2_1-r2SCAN-D4,Zn4H30C36S6N6O13,-0.119131,-691.066,r2SCAN-D4,P1
C64H24N16O13Zn4-0_5-r2SCAN-D4,Zn4H24C64N16O13,0.00941634,-981.071,r2SCAN-D4,P1
C60H32O13Zn4-2-r2SCAN-D4,Zn4H32C60O13,-0.207632,-846.012,r2SCAN-D4,P1
C60H36N12O13Zn4-0_9-r2SCAN-D4,Zn4H36C60N12O13,-0.0915102,-958.46,r2SCAN-D4,P1
C60H44N4O13Zn4-1_10-r2SCAN-D4,Zn4H44C60N4O13,-0.153259,-920.625,r2SCAN-D4,P1
C60H18N12O13S6Zn4-3_12-r2SCAN-D4,Zn4H18C60S6N12O13,0.0356041,-929.558,r2SCAN-D4,P1
C60H18N12O13S6Zn4-0_9-r2SCAN-D4,Zn4H18C60S6N12O13,0.0220669,-931.087,r2SCAN-D4,P1
C56H32N8O17S4Zn4-0_7-r2SCAN-D4,Zn4H32C56S4N8O17,-0.159175,-931.588,r2SCAN-D4,P1
C56H32N4O17Zn4-3_10-r2SCAN-D4,Zn4H32C56N4O17,-0.248535,-871.284,r2SCAN-D4,P1
C56H32N8O13S8Zn4-6_2-r2SCAN-D4,Zn4H32C56S8N8O13,-0.0607812,-928.922,r2SCAN-D4,P1
C56H24N8O13S8Zn4-2_7-r2SCAN-D4,Zn4H24C56S8N8O13,-0.0318119,-897.507,r2SCAN-D4,P1
C56H24N16O13Zn4-2_12-r2SCAN-D4,Zn4H24C56N16O13,-0.0589671,-908.737,r2SCAN-D4,P1
C56H24N16O13Zn4-1_4-r2SCAN-D4,Zn4H24C56N16O13,-0.00885857,-903.075,r2SCAN-D4,P1
C56H24N12O21Zn4-1_12-r2SCAN-D4,Zn4H24C56(N4O7)3,-0.162429,-931.042,r2SCAN-D4,P1
C56H24N12O21Zn4-0_13-r2SCAN-D4,Zn4H24C56(N4O7)3,-0.177643,-932.822,r2SCAN-D4,P1
C56H20N12O13Zn4-0_10-r2SCAN-D4,Zn4H20C56N12O13,-0.0821824,-860.271,r2SCAN-D4,P1
C54H36N18O13Zn4-3_6-r2SCAN-D4,Zn4H36C54N18O13,-0.0990841,-954.211,r2SCAN-D4,P1
C54H24N12O19Zn4-0_18-r2SCAN-D4,Zn4H24C54N12O19,-0.105035,-892.23,r2SCAN-D4,P1
C54H18N12O13S6Zn4-3_11-r2SCAN-D4,Zn4H18C54S6N12O13,-0.0843931,-882.509,r2SCAN-D4,P1
C52H32N4O17Zn4-0_11-r2SCAN-D4,Zn4H32C52N4O17,-0.276938,-833.318,r2SCAN-D4,P1
C44H36N16O13Zn4-3_18-r2SCAN-D4,Zn4H36C44N16O13,-0.2311,-849.467,r2SCAN-D4,P1
C44H36N16O13Zn4-2_11-r2SCAN-D4,Zn4H36C44N16O13,-0.238827,-850.34,r2SCAN-D4,P1
C44H28N16O21Zn4-3_12-r2SCAN-D4,Zn4H28C44N16O21,-0.208198,-865.792,r2SCAN-D4,P1
C44H28N16O13Zn4-2_17-r2SCAN-D4,Zn4H28C44N16O13,-0.195733,-816.249,r2SCAN-D4,P1
C51H42N6O19Zn4-1_2-r2SCAN-D4,Zn4H42C51N6O19,-0.260244,-889.378,r2SCAN-D4,P1
C51H33N12O22Zn4-2_2-r2SCAN-D4,Zn4H33C51(N6O11)2,-0.229987,-926.944,r2SCAN-D4,P1
C48H40N8O13Zn4-2_3-r2SCAN-D4,Zn4H40C48N8O13,-0.219263,-828.817,r2SCAN-D4,P1
C48H40N4O19Zn4-2-r2SCAN-D4,Zn4H40C48N4O19,-0.271198,-833.549,r2SCAN-D4,P1
C51H33N12O22Zn4-0_2-r2SCAN-D4,Zn4H33C51(N6O11)2,-0.16739,-919.307,r2SCAN-D4,P1
C48H40N16O13Zn4-2_3-r2SCAN-D4,Zn4H40C48N16O13,-0.205097,-902.065,r2SCAN-D4,P1
C48H40N12O17Zn4-1_12-r2SCAN-D4,Zn4H40C48N12O17,-0.235701,-892.448,r2SCAN-D4,P1
C48H36N12O13S4Zn4-2_9-r2SCAN-D4,Zn4H36C48S4N12O13,-0.198115,-882.519,r2SCAN-D4,P1
C48H30N12O13Zn4-3_3-r2SCAN-D4,Zn4H30C48N12O13,-0.163915,-823.614,r2SCAN-D4,P1
C48H28N12O21Zn4-3_10-r2SCAN-D4,Zn4H28C48(N4O7)3,-0.27962,-877.326,r2SCAN-D4,P1
C48H28N12O21Zn4-1_7-r2SCAN-D4,Zn4H28C48(N4O7)3,-0.206,-869.007,r2SCAN-D4,P1
C44H40N24O13Zn4-2_12-r2SCAN-D4,Zn4H40C44N24O13,-0.179506,-932.828,r2SCAN-D4,P1
C48H24N20O13Zn4-1_6-r2SCAN-D4,Zn4H24C48N20O13,-0.0997098,-869.41,r2SCAN-D4,P1
C48H24N12O21Zn4-0_18-r2SCAN-D4,Zn4H24C48(N4O7)3,-0.24503,-858.609,r2SCAN-D4,P1
C48H24N12O19Zn4-2_16-r2SCAN-D4,Zn4H24C48N12O19,-0.168508,-838.29,r2SCAN-D4,P1
C48H24N12O19Zn4-1_4-r2SCAN-D4,Zn4H24C48N12O19,-0.163517,-837.756,r2SCAN-D4,P1
C48H18N12O19Zn4-2_7-r2SCAN-D4,Zn4H18C48N12O19,-0.232533,-823.003,r2SCAN-D4,P1
C42H24N6O13S3Zn4-2_10-r2SCAN-D4,Zn4H24C42S3N6O13,-0.236638,-716.488,r2SCAN-D4,P1
C60H28N8O21Zn4-1_1-r2SCAN-D4,Zn4H28C60N8O21,-0.203388,-953.939,r2SCAN-D4,P1
C64H24N16O13Zn4-2_1-MACE-OMat-D3,C64H24N16O13Zn4-2_1-MACE-OMat-D3,-0.0592157,-875.674,MACE-OMat-D3,P1
C60H44N4O13Zn4-0-MACE-OMat-D3,C60H44N4O13Zn4-0-MACE-OMat-D3,-0.166439,-817.275,MACE-OMat-D3,P1
C60H24N8O17Zn4-2_10-MACE-OMat-D3,C60H24N8O17Zn4-2_10-MACE-OMat-D3,-0.163244,-803.212,MACE-OMat-D3,P1
C56H8N40O13Zn4-3_10-MACE-OMat-D3,C56H8N40O13Zn4-3_10-MACE-OMat-D3,0.0887999,-932.577,MACE-OMat-D3,P1
C56H40N4O13Zn4-2_1-MACE-OMat-D3,C56H40N4O13Zn4-2_1-MACE-OMat-D3,-0.21743,-772.156,MACE-OMat-D3,P1
C56H32N8O17Zn4-2_1-MACE-OMat-D3,C56H32N8O17Zn4-2_1-MACE-OMat-D3,-0.260131,-804.372,MACE-OMat-D3,P1
C56H16N12O13Zn4-3_13-MACE-OMat-D3,C56H16N12O13Zn4-3_13-MACE-OMat-D3,-0.133911,-749.148,MACE-OMat-D3,P1
C56H16N12O13Zn4-0_16-MACE-OMat-D3,C56H16N12O13Zn4-0_16-MACE-OMat-D3,-0.106759,-746.406,MACE-OMat-D3,P1
C54H30N6O13Zn4-2_8-MACE-OMat-D3,C54H30N6O13Zn4-2_8-MACE-OMat-D3,-0.198628,-733.832,MACE-OMat-D3,P1
C54H30N6O13Zn4-1_11-MACE-OMat-D3,C54H30N6O13Zn4-1_11-MACE-OMat-D3,-0.116446,-725.038,MACE-OMat-D3,P1
C54H24N12O13S3Zn4-0_6-MACE-OMat-D3,C54H24N12O13S3Zn4-0_6-MACE-OMat-D3,-0.156064,-772.737,MACE-OMat-D3,P1
C52H44N8O17Zn4-3_4-MACE-OMat-D3,C52H44N8O17Zn4-3_4-MACE-OMat-D3,-0.243327,-806.499,MACE-OMat-D3,P1
C52H36N4O17Zn4-3_13-MACE-OMat-D3,C52H36N4O17Zn4-3_13-MACE-OMat-D3,-0.287866,-749.284,MACE-OMat-D3,P1
C52H36N12O13Zn4-1_16-MACE-OMat-D3,C52H36N12O13Zn4-1_16-MACE-OMat-D3,-0.245321,-792.422,MACE-OMat-D3,P1
C52H32N8O17Zn4-1_15-MACE-OMat-D3,C52H32N8O17Zn4-1_15-MACE-OMat-D3,-0.298023,-770.835,MACE-OMat-D3,P1
C52H32N4O13Zn4-3_18-MACE-OMat-D3,C52H32N4O13Zn4-3_18-MACE-OMat-D3,-0.23691,-708.863,MACE-OMat-D3,P1
C52H28N4O21Zn4-2_7-MACE-OMat-D3,C52H28N4O21Zn4-2_7-MACE-OMat-D3,-0.357329,-749.547,MACE-OMat-D3,P1
C52H28N16O5Zn4-1-MACE-OMat-D3,C52H28N16O5Zn4-1-MACE-OMat-D3,0.114739,-719.515,MACE-OMat-D3,P1
C48H32N8O13Zn4-0_3-MACE-OMat-D3,C48H32N8O13Zn4-0_3-MACE-OMat-D3,-0.278381,-709.817,MACE-OMat-D3,P1
C48H28N12O21Zn4-1_4-MACE-OMat-D3,C48H28N12O21Zn4-1_4-MACE-OMat-D3,-0.338978,-778.88,MACE-OMat-D3,P1
C48H27N9O13Zn4-1_4-MACE-OMat-D3,C48H27N9O13Zn4-1_4-MACE-OMat-D3,-0.135815,-686.431,MACE-OMat-D3,P1
C48H24N8O17Zn4-1_16-MACE-OMat-D3,C48H24N8O17Zn4-1_16-MACE-OMat-D3,-0.256502,-700.337,MACE-OMat-D3,P1
C48H24N6O13Zn4-3_7-MACE-OMat-D3,C48H24N6O13Zn4-3_7-MACE-OMat-D3,-0.196296,-656.596,MACE-OMat-D3,P1
C44H36N16O5Zn4-1_1-MACE-OMat-D3,C44H36N16O5Zn4-1_1-MACE-OMat-D3,0.0175997,-682.108,MACE-OMat-D3,P1
C44H32N8O13Zn4-2_8-MACE-OMat-D3,C44H32N8O13Zn4-2_8-MACE-OMat-D3,-0.276745,-671.76,MACE-OMat-D3,P1
C44H32N32O13Zn4-3_5-MACE-OMat-D3,C44H32N32O13Zn4-3_5-MACE-OMat-D3,-0.195554,-868.524,MACE-OMat-D3,P1
C44H28N16O21Zn4-1_16-MACE-OMat-D3,C44H28N16O21Zn4-1_16-MACE-OMat-D3,-0.283962,-769.263,MACE-OMat-D3,P1
C44H28N16O21Zn4-1_14-MACE-OMat-D3,C44H28N16O21Zn4-1_14-MACE-OMat-D3,-0.264448,-767.058,MACE-OMat-D3,P1
C44H20N12O9Zn4-1_5-MACE-OMat-D3,C44H20N12O9Zn4-1_5-MACE-OMat-D3,-0.0477549,-622.72,MACE-OMat-D3,P1
C42H24N6O13Zn4-2_7-MACE-OMat-D3,C42H24N6O13Zn4-2_7-MACE-OMat-D3,-0.257273,-605.678,MACE-OMat-D3,P1
C42H24N6O13S3Zn4-3_4-MACE-OMat-D3,C42H24N6O13S3Zn4-3_4-MACE-OMat-D3,-0.253105,-618.452,MACE-OMat-D3,P1
C42H24N6O13S3Zn4-2_2-MACE-OMat-D3,C42H24N6O13S3Zn4-2_2-MACE-OMat-D3,-0.255664,-618.688,MACE-OMat-D3,P1
C42H24N6O13S3Zn4-1_6-MACE-OMat-D3,C42H24N6O13S3Zn4-1_6-MACE-OMat-D3,-0.241018,-617.34,MACE-OMat-D3,P1
C40H36N12O17Zn4-3_8-MACE-OMat-D3,C40H36N12O17Zn4-3_8-MACE-OMat-D3,-0.338461,-710.068,MACE-OMat-D3,P1
C40H24N8O25Zn4-3_7-MACE-OMat-D3,C40H24N8O25Zn4-3_7-MACE-OMat-D3,-0.293651,-670.116,MACE-OMat-D3,P1
C40H20N8O17Zn4-3_11-MACE-OMat-D3,C40H20N8O17Zn4-3_11-MACE-OMat-D3,-0.196377,-605.375,MACE-OMat-D3,P1
C38H28N4O13Zn4-3_24-MACE-OMat-D3,C38H28N4O13Zn4-3_24-MACE-OMat-D3,-0.317682,-569.926,MACE-OMat-D3,P1
C34H22N8O15Zn4-0_10-MACE-OMat-D3,C34H22N8O15Zn4-0_10-MACE-OMat-D3,-0.341887,-557.698,MACE-OMat-D3,P1
C32H24N8O13Zn4-2_12-MACE-OMat-D3,C32H24N8O13Zn4-2_12-MACE-OMat-D3,-0.383465,-538.584,MACE-OMat-D3,P1
C32H16N4O9S6Zn4-2_1-MACE-OMat-D3,C32H16N4O9S6Zn4-2_1-MACE-OMat-D3,-0.0542581,-457.027,MACE-OMat-D3,P1
C30H18N6O19Zn4-2_3-MACE-OMat-D3,C30H18N6O19Zn4-2_3-MACE-OMat-D3,-0.431233,-515.876,MACE-OMat-D3,P1
C26H18N2O11Zn4-0_6-MACE-OMat-D3,C26H18N2O11Zn4-0_6-MACE-OMat-D3,-0.243262,-387.768,MACE-OMat-D3,P1
C21H18O13Zn4-3_4-MACE-OMat-D3,C21H18O13Zn4-3_4-MACE-OMat-D3,-0.514949,-349.0,MACE-OMat-D3,P1
C22H12O9Zn4-3-MACE-OMat-D3,C22H12O9Zn4-3-MACE-OMat-D3,-0.175405,-298.346,MACE-OMat-D3,P1
C30H30N12O19Zn4-0-sql-MACE-OMat-D3,C30H30N12O19Zn4-0-sql-MACE-OMat-D3,-0.43273,-612.773,MACE-OMat-D3,P1
C20H16O11Zn4-2_9-r2SCAN-D4,C20H16O11Zn4-2_9-r2SCAN-D4,-0.435439,-377.953,r2SCAN-D4,P1
C22H16N4O9Zn4-3_6.0-r2SCAN-D4,C22H16N4O9Zn4-3_6.0-r2SCAN-D4,-0.190107,-411.198,r2SCAN-D4,P1
C18H15N3O13Zn4-1_10-r2SCAN-D4,C18H15N3O13Zn4-1_10-r2SCAN-D4,-0.584788,-402.344,r2SCAN-D4,P1
C56H16N12O13Zn4-3_2-MACE-OMat-D3,C56H16N12O13Zn4-3_2-MACE-OMat-D3,-0.0913766,-744.852,MACE-OMat-D3,P1
C52H24N16O13Zn4-3_7-MACE-OMat-D3,C52H24N16O13Zn4-3_7-MACE-OMat-D3,-0.156467,-775.228,MACE-OMat-D3,P1
C48H48N8O17Zn4-0-MACE-OMat-D3,C48H48N8O17Zn4-0-MACE-OMat-D3,-0.289858,-788.512,MACE-OMat-D3,P1
C48H24N6O13S6Zn4-2_15-MACE-OMat-D3,C48H24N6O13S6Zn4-2_15-MACE-OMat-D3,-0.200035,-682.924,MACE-OMat-D3,P1
C48H24N6O13S6Zn4-0_17-MACE-OMat-D3,C48H24N6O13S6Zn4-0_17-MACE-OMat-D3,-0.196353,-682.552,MACE-OMat-D3,P1
C48H24N16O9S8Zn4-5_2-MACE-OMat-D3,C48H24N16O9S8Zn4-5_2-MACE-OMat-D3,-0.0122681,-735.969,MACE-OMat-D3,P1
C44H20N8O13S4Zn4-0_7-MACE-OMat-D3,C44H20N8O13S4Zn4-0_7-MACE-OMat-D3,-0.20519,-640.482,MACE-OMat-D3,P1
C36H20N8O21Zn4-2_14-MACE-OMat-D3,C36H20N8O21Zn4-2_14-MACE-OMat-D3,-0.307788,-598.305,MACE-OMat-D3,P1
C36H20N8O21Zn4-2-MACE-OMat-D3,C36H20N8O21Zn4-2-MACE-OMat-D3,-0.307784,-598.304,MACE-OMat-D3,P1
C36H18N6O13Zn4-1_19-MACE-OMat-D3,C36H18N6O13Zn4-1_19-MACE-OMat-D3,-0.246206,-527.108,MACE-OMat-D3,P1
C36H18N6O13S6Zn4-1_9-MACE-OMat-D3,C36H18N6O13S6Zn4-1_9-MACE-OMat-D3,-0.274484,-555.705,MACE-OMat-D3,P1
C36H18N6O13S6Zn4-1_3-MACE-OMat-D3,C36H18N6O13S6Zn4-1_3-MACE-OMat-D3,-0.277084,-555.92,MACE-OMat-D3,P1
C36H18N6O13S3Zn4-3_3-MACE-OMat-D3,C36H18N6O13S3Zn4-3_3-MACE-OMat-D3,-0.278857,-542.845,MACE-OMat-D3,P1
C36H16N8O13Zn4-3_2-MACE-OMat-D3,C36H16N8O13Zn4-3_2-MACE-OMat-D3,-0.212822,-534.739,MACE-OMat-D3,P1
C30H14N4O11Zn4-3_8-r2SCAN-D4,C30H14N4O11Zn4-3_8-r2SCAN-D4,-0.170584,-496.353,r2SCAN-D4,P1
C24H24O13Zn4-0_2-r2SCAN-D4,C24H24O13Zn4-0_2-r2SCAN-D4,-0.488381,-466.856,r2SCAN-D4,P1
C48H24N12O19Zn4-3_1-MACE-OMat-D3,C48H24N12O19Zn4-3_1-MACE-OMat-D3,-0.273432,-746.962,MACE-OMat-D3,P1
C44H24N8O13S4Zn4-1_12-MACE-OMat-D3,C44H24N8O13S4Zn4-1_12-MACE-OMat-D3,-0.21835,-655.554,MACE-OMat-D3,P1
C18H18N6O13Zn4-0_7-r2SCAN-D4,C18H18N6O13Zn4-0_7-r2SCAN-D4,-0.562417,-442.356,r2SCAN-D4,P1
C27H15N3O13S6Zn4-3_1-r2SCAN-D4,C27H15N3O13S6Zn4-3_1-r2SCAN-D4,-0.249241,-527.237,r2SCAN-D4,P1
C56H16N12O13Zn4-2_16-r2SCAN-D4,C56H16N12O13Zn4-2_16-r2SCAN-D4,-0.0484552,-842.708,r2SCAN-D4,P1
C52H20N8O13Zn4-0_2-r2SCAN-D4,C52H20N8O13Zn4-0_2-r2SCAN-D4,-0.122541,-786.856,r2SCAN-D4,P1
C44H24N8O17Zn4-2_15-r2SCAN-D4,Zn4H24C44N8O17,-0.226502,-753.915,r2SCAN-D4,P1
C44H24N8O13S4Zn4-3_17-r2SCAN-D4,Zn4H24C44S4N8O13,-0.1464,-755.385,r2SCAN-D4,P1
C44H20N8O13Zn4-3_10-r2SCAN-D4,Zn4H20C44N8O13,-0.163749,-709.407,r2SCAN-D4,P1
C44H24N8O13S4Zn4-0_10-r2SCAN-D4,Zn4H24C44S4N8O13,-0.0965185,-750.546,r2SCAN-D4,P1
C42H30N4O11Zn4-2_7-r2SCAN-D4,Zn4H30C42N4O11,-0.14096,-673.949,r2SCAN-D4,P1
C42H24N6O13Zn4-2_6-r2SCAN-D4,Zn4H24C42N6O13,-0.261337,-693.583,r2SCAN-D4,P1
C42H24N6O13Zn4-2_7-r2SCAN-D4,Zn4H24C42N6O13,-0.261029,-693.556,r2SCAN-D4,P1
C40H24N16O13Zn4-1_5-r2SCAN-D4,Zn4H24C40N16O13,-0.0924625,-750.77,r2SCAN-D4,P1
C38H28N4O13Zn4-3_23-r2SCAN-D4,Zn4H28C38N4O13,-0.309926,-652.745,r2SCAN-D4,P1
C40H20N12O13Zn4-0_15-r2SCAN-D4,Zn4H20C40N12O13,-0.202965,-709.433,r2SCAN-D4,P1
C38H28N4O13Zn4-2_7-r2SCAN-D4,Zn4H28C38N4O13,-0.309457,-652.705,r2SCAN-D4,P1
C38H28N4O13Zn4-1_1-r2SCAN-D4,Zn4H28C38N4O13,-0.307457,-652.531,r2SCAN-D4,P1
C36H30N9O13Zn4-1_6-r2SCAN-D4,Zn4H30C36N9O13,-0.306168,-686.585,r2SCAN-D4,P1
C36H30N9O13Zn4-0_5-r2SCAN-D4,Zn4H30C36N9O13,-0.287536,-684.87,r2SCAN-D4,P1
C40H12N8O13Zn4-3_14-r2SCAN-D4,Zn4H12C40N8O13,-0.163493,-639.698,r2SCAN-D4,P1
C36H28O13Zn4-2_5-r2SCAN-D4,Zn4H28C36O13,-0.375155,-599.531,r2SCAN-D4,P1
C36H28O13Zn4-1_9-r2SCAN-D4,Zn4H28C36O13,-0.339839,-596.67,r2SCAN-D4,P1
C48H18N12O19Zn4-0_12-r2SCAN-D4,Zn4H18C48N12O19,-0.240157,-823.773,r2SCAN-D4,P1
C48H16N16O17Zn4-3_5-r2SCAN-D4,Zn4H16C48N16O17,-0.107092,-828.382,r2SCAN-D4,P1
C36H20N8O21Zn4-0_14-r2SCAN-D4,Zn4H20C36N8O21,-0.322642,-689.98,r2SCAN-D4,P1
C36H18N6O25Zn4-2_12-r2SCAN-D4,Zn4H18C36N6O25,-0.406122,-695.477,r2SCAN-D4,P1
C64H36N4O13Zn4-0_8-r2SCAN-D4,Zn4H36C64N4O13,-0.125524,-929.069,r2SCAN-D4,P1
C64H24N16O13Zn4-3_11-r2SCAN-D4,Zn4H24C64N16O13,0.00663048,-981.408,r2SCAN-D4,P1
C66H24N6O13S6Zn4-0_5-r2SCAN-D4,Zn4H24C66S6N6O13,-0.0970725,-971.07,r2SCAN-D4,P1
C60H18N12O19Zn4-1_11-r2SCAN-D4,Zn4H18C60N12O19,-0.164799,-938.344,r2SCAN-D4,P1
C60H16N16O13Zn4-0_13-r2SCAN-D4,Zn4H16C60N16O13,0.0378063,-910.366,r2SCAN-D4,P1
C56H40N4O13Zn4-1_10-r2SCAN-D4,Zn4H40C56N4O13,-0.196811,-870.598,r2SCAN-D4,P1
C56H32N8O13S8Zn4-5_4-r2SCAN-D4,Zn4H32C56S8N8O13,-0.0995655,-933.615,r2SCAN-D4,P1
C56H32N8O13S8Zn4-4_10-r2SCAN-D4,Zn4H32C56S8N8O13,-0.106122,-934.408,r2SCAN-D4,P1
C56H24N4O21Zn4-3-r2SCAN-D4,Zn4H24C56N4O21,-0.212649,-862.007,r2SCAN-D4,P1
C56H24N16O13Zn4-3_15-r2SCAN-D4,Zn4H24C56N16O13,-0.0558001,-908.379,r2SCAN-D4,P1
C54H39N9O16Zn4-3_10-r2SCAN-D4,Zn4H39C54N9O16,-0.241375,-916.747,r2SCAN-D4,P1
C54H24N12O13S3Zn4-1-r2SCAN-D4,Zn4H24C54S3N12O13,-0.0250214,-872.58,r2SCAN-D4,P1
C54H18N12O13S6Zn4-1_4-r2SCAN-D4,Zn4H18C54S6N12O13,0.0386877,-869.339,r2SCAN-D4,P1
C52H44N8O17Zn4-1_16-r2SCAN-D4,Zn4H44C52N8O17,-0.262107,-913.983,r2SCAN-D4,P1
C52H36N12O13Zn4-3-r2SCAN-D4,Zn4H36C52N12O13,-0.16361,-886.027,r2SCAN-D4,P1
C52H32N4O17Zn4-2_14-r2SCAN-D4,Zn4H32C52N4O17,-0.248677,-830.238,r2SCAN-D4,P1
C42H24N6O13Zn4-0_17-r2SCAN-D4,Zn4H24C42N6O13,-0.261655,-693.612,r2SCAN-D4,P1
C44H36N16O13Zn4-2-r2SCAN-D4,Zn4H36C44N16O13,-0.210124,-847.097,r2SCAN-D4,P1
C44H28N16O21Zn4-3_11-r2SCAN-D4,Zn4H28C44N16O21,-0.238167,-869.178,r2SCAN-D4,P1
C44H28N16O21Zn4-2_16-r2SCAN-D4,Zn4H28C44N16O21,-0.252252,-870.77,r2SCAN-D4,P1
C52H28N4O21Zn4-3-r2SCAN-D4,Zn4H28C52N4O21,-0.332005,-848.777,r2SCAN-D4,P1
C52H28N4O21Zn4-1_4-r2SCAN-D4,Zn4H28C52N4O21,-0.304291,-845.756,r2SCAN-D4,P1
C52H28N12O17Zn4-2_17-r2SCAN-D4,Zn4H28C52N12O17,-0.185202,-883.441,r2SCAN-D4,P1
C51H33N9O13Zn4-3_14-r2SCAN-D4,Zn4H33C51N9O13,-0.178485,-838.677,r2SCAN-D4,P1
C51H33N12O22Zn4-1_9-r2SCAN-D4,Zn4H33C51(N6O11)2,-0.325036,-938.54,r2SCAN-D4,P1
C51H27N21O10Zn4-0_1-r2SCAN-D4,Zn4H27C51N21O10,0.0061349,-889.959,r2SCAN-D4,P1
C56H24N16O13S8Zn4-1_3-r2SCAN-D4,Zn4H24C56S8N16O13,-0.0105291,-968.395,r2SCAN-D4,P1
C48H30N12O13Zn4-3_14-r2SCAN-D4,Zn4H30C48N12O13,-0.158124,-822.994,r2SCAN-D4,P1
C45H33N15O10Zn4-3_5-r2SCAN-D4,Zn4H33C45(N3O2)5,-0.0803187,-804.979,r2SCAN-D4,P1
C48H12N30O10Zn4-1-r2SCAN-D4,Zn2H6C24(N3O)5,0.257504,-864.327,r2SCAN-D4,P1
C48H24N8O33Zn4-0_7-r2SCAN-D4,Zn4H24C48N8O33,-0.440377,-916.673,r2SCAN-D4,P1
C48H24N8O13S8Zn4-2_8-r2SCAN-D4,Zn4H24C48S8N8O13,-0.0986591,-824.135,r2SCAN-D4,P1
C48H24N6O13S9Zn4-0_2-r2SCAN-D4,Zn4H24C48S9N6O13,-0.0619816,-810.05,r2SCAN-D4,P1
C48H24N12O21Zn4-1_2-r2SCAN-D4,Zn4H24C48(N4O7)3,-0.270182,-861.351,r2SCAN-D4,P1
C46H30N8O15Zn4-2_14-r2SCAN-D4,Zn4H30C46N8O15,-0.223028,-784.05,r2SCAN-D4,P1
C45H27N9O19Zn4-3_3-r2SCAN-D4,Zn4H27C45N9O19,-0.347908,-809.308,r2SCAN-D4,P1
C40H16N20O5Zn4-1_1-r2SCAN-D4,Zn4H16C40(N4O)5,0.325669,-676.501,r2SCAN-D4,P1
C64H32N8O13Zn4-0_1-MACE-OMat-D3,C64H32N8O13Zn4-0_1-MACE-OMat-D3,-0.116177,-841.759,MACE-OMat-D3,P1
C60H40N4O17Zn4-2_1-MACE-OMat-D3,C60H40N4O17Zn4-2_1-MACE-OMat-D3,-0.237287,-832.948,MACE-OMat-D3,P1
C60H36O19Zn4-1_1-MACE-OMat-D3,C60H36O19Zn4-1_1-MACE-OMat-D3,-0.27398,-799.434,MACE-OMat-D3,P1
C60H24N4O13Zn4-1_8-MACE-OMat-D3,C60H24N4O13Zn4-1_8-MACE-OMat-D3,-0.129864,-745.231,MACE-OMat-D3,P1
C60H18N12O19Zn4-1_2-MACE-OMat-D3,C60H18N12O19Zn4-1_2-MACE-OMat-D3,-0.17014,-827.804,MACE-OMat-D3,P1
C60H18N12O19Zn4-1_13-MACE-OMat-D3,C60H18N12O19Zn4-1_13-MACE-OMat-D3,-0.210126,-832.322,MACE-OMat-D3,P1
C56H8N40O13Zn4-2_1-MACE-OMat-D3,C56H8N40O13Zn4-2_1-MACE-OMat-D3,0.140276,-926.349,MACE-OMat-D3,P1
C56H32N8O13S8Zn4-2_4-MACE-OMat-D3,C56H32N8O13S8Zn4-2_4-MACE-OMat-D3,-0.0993425,-799.195,MACE-OMat-D3,P1
C56H32N8O13S8Zn4-1_2-MACE-OMat-D3,C56H32N8O13S8Zn4-1_2-MACE-OMat-D3,-0.183089,-809.329,MACE-OMat-D3,P1
C54H36N6O13S6Zn4-3_6-MACE-OMat-D3,C54H36N6O13S6Zn4-3_6-MACE-OMat-D3,-0.178109,-778.009,MACE-OMat-D3,P1
C54H24N12O19Zn4-2_6-MACE-OMat-D3,C54H24N12O19Zn4-2_6-MACE-OMat-D3,-0.189634,-794.301,MACE-OMat-D3,P1
C54H24N12O19Zn4-1_4-MACE-OMat-D3,C54H24N12O19Zn4-1_4-MACE-OMat-D3,-0.168944,-791.963,MACE-OMat-D3,P1
C54H24N12O19Zn4-0_17-MACE-OMat-D3,C54H24N12O19Zn4-0_17-MACE-OMat-D3,-0.23097,-798.972,MACE-OMat-D3,P1
C54H24N12O13S3Zn4-3_8-MACE-OMat-D3,C54H24N12O13S3Zn4-3_8-MACE-OMat-D3,-0.160714,-773.249,MACE-OMat-D3,P1
C52H32N8O17Zn4-3_4-MACE-OMat-D3,C52H32N8O17Zn4-3_4-MACE-OMat-D3,-0.275127,-768.248,MACE-OMat-D3,P1
C52H32N8O17Zn4-2-MACE-OMat-D3,C52H32N8O17Zn4-2-MACE-OMat-D3,-0.241566,-764.456,MACE-OMat-D3,P1
C52H28N4O21Zn4-2_5-MACE-OMat-D3,C52H28N4O21Zn4-2_5-MACE-OMat-D3,-0.356212,-749.425,MACE-OMat-D3,P1
C52H24N8O17Zn4-0_15-MACE-OMat-D3,C52H24N8O17Zn4-0_15-MACE-OMat-D3,-0.23891,-736.294,MACE-OMat-D3,P1
C48H40N12O17Zn4-1_12-MACE-OMat-D3,C48H40N12O17Zn4-1_12-MACE-OMat-D3,-0.28262,-793.905,MACE-OMat-D3,P1
C48H28N12O17Zn4-2_2-MACE-OMat-D3,C48H28N12O17Zn4-2_2-MACE-OMat-D3,-0.195158,-742.056,MACE-OMat-D3,P1
C48H24N8O17Zn4-2_7-MACE-OMat-D3,C48H24N8O17Zn4-2_7-MACE-OMat-D3,-0.218165,-696.465,MACE-OMat-D3,P1
C48H24N8O17Zn4-0_10-MACE-OMat-D3,C48H24N8O17Zn4-0_10-MACE-OMat-D3,-0.225397,-697.195,MACE-OMat-D3,P1
C48H24N8O17S8Zn4-2_10-MACE-OMat-D3,C48H24N8O17S8Zn4-2_10-MACE-OMat-D3,-0.218535,-731.28,MACE-OMat-D3,P1
C48H24N12O13Zn4-1_8-MACE-OMat-D3,C48H24N12O13Zn4-1_8-MACE-OMat-D3,-0.193009,-707.51,MACE-OMat-D3,P1
C48H16N16O17Zn4-1_13-MACE-OMat-D3,C48H16N16O17Zn4-1_13-MACE-OMat-D3,-0.150781,-730.466,MACE-OMat-D3,P1
C45H24N6O13Zn4-3_8-MACE-OMat-D3,C45H24N6O13Zn4-3_8-MACE-OMat-D3,-0.230081,-631.532,MACE-OMat-D3,P1
C44H40N8O13Zn4-3_6-MACE-OMat-D3,C44H40N8O13Zn4-3_6-MACE-OMat-D3,-0.261447,-698.257,MACE-OMat-D3,P1
C44H40N24O13Zn4-0_6-MACE-OMat-D3,C44H40N24O13Zn4-0_6-MACE-OMat-D3,-0.277321,-837.938,MACE-OMat-D3,P1
C44H32N8O13Zn4-3_8-MACE-OMat-D3,C44H32N8O13Zn4-3_8-MACE-OMat-D3,-0.25189,-669.25,MACE-OMat-D3,P1
C44H32N8O13Zn4-3_15-MACE-OMat-D3,C44H32N8O13Zn4-3_15-MACE-OMat-D3,-0.240347,-668.084,MACE-OMat-D3,P1
C42H24N6O25Zn4-3_5-MACE-OMat-D3,C42H24N6O25Zn4-3_5-MACE-OMat-D3,-0.461744,-688.794,MACE-OMat-D3,P1
C42H24N6O13Zn4-2_13-MACE-OMat-D3,C42H24N6O13Zn4-2_13-MACE-OMat-D3,-0.259141,-605.844,MACE-OMat-D3,P1
C42H24N6O13Zn4-0_12-MACE-OMat-D3,C42H24N6O13Zn4-0_12-MACE-OMat-D3,-0.258135,-605.754,MACE-OMat-D3,P1
C42H24N6O13Zn4-0_1-MACE-OMat-D3,C42H24N6O13Zn4-0_1-MACE-OMat-D3,-0.258165,-605.757,MACE-OMat-D3,P1
C42H24N6O13S3Zn4-3_3-MACE-OMat-D3,C42H24N6O13S3Zn4-3_3-MACE-OMat-D3,-0.256514,-618.766,MACE-OMat-D3,P1
C40H36N12O17Zn4-1_10-MACE-OMat-D3,C40H36N12O17Zn4-1_10-MACE-OMat-D3,-0.341814,-710.434,MACE-OMat-D3,P1
C40H32N24O17Zn4-0-MACE-OMat-D3,C40H32N24O17Zn4-0-MACE-OMat-D3,-0.261937,-790.983,MACE-OMat-D3,P1
C40H24N12O21Zn4-3_14-MACE-OMat-D3,C40H24N12O21Zn4-3_14-MACE-OMat-D3,-0.340461,-688.43,MACE-OMat-D3,P1
C15H15N9O13Zn4-0-r2SCAN-D4,C15H15N9O13Zn4-0-r2SCAN-D4,-0.519261,-425.284,r2SCAN-D4,P1
C32H24N16O13Zn4-2_3-MACE-OMat-D3,C32H24N16O13Zn4-2_3-MACE-OMat-D3,-0.324359,-603.148,MACE-OMat-D3,P1
C30H18O19Zn4-2_7-MACE-OMat-D3,C30H18O19Zn4-2_7-MACE-OMat-D3,-0.547999,-471.511,MACE-OMat-D3,P1
C28H16N4O17Zn4-1_14-MACE-OMat-D3,C28H16N4O17Zn4-1_14-MACE-OMat-D3,-0.436197,-461.306,MACE-OMat-D3,P1
C24H20N4O13Zn4-2_6-MACE-OMat-D3,C24H20N4O13Zn4-2_6-MACE-OMat-D3,-0.378761,-412.232,MACE-OMat-D3,P1
C24H16N8O21Zn4-2_17-MACE-OMat-D3,C24H16N8O21Zn4-2_17-MACE-OMat-D3,-0.512911,-485.043,MACE-OMat-D3,P1
C21H18O13Zn4-0_18-MACE-OMat-D3,C21H18O13Zn4-0_18-MACE-OMat-D3,-0.520447,-349.308,MACE-OMat-D3,P1
C21H18O13Zn4-0_16-MACE-OMat-D3,C21H18O13Zn4-0_16-MACE-OMat-D3,-0.518884,-349.22,MACE-OMat-D3,P1
C18H18N6O13Zn4-1_16-MACE-OMat-D3,C18H18N6O13Zn4-1_16-MACE-OMat-D3,-0.571566,-376.369,MACE-OMat-D3,P1
C18H12O19Zn4-0_29-MACE-OMat-D3,C18H12O19Zn4-0_29-MACE-OMat-D3,-0.746449,-342.367,MACE-OMat-D3,P1
C20H12O15Zn4-3_7-r2SCAN-D4,C20H12O15Zn4-3_7-r2SCAN-D4,-0.604069,-396.009,r2SCAN-D4,P1
C24H15O13Zn4-3_12-r2SCAN-D4,C24H15O13Zn4-3_12-r2SCAN-D4,-0.511506,-432.643,r2SCAN-D4,P1
C21H18O13Zn4-0_10-r2SCAN-D4,C21H18O13Zn4-0_10-r2SCAN-D4,-0.54086,-414.607,r2SCAN-D4,P1
C56H24N16O17Zn4-3_4-MACE-OMat-D3,C56H24N16O17Zn4-3_4-MACE-OMat-D3,-0.146735,-831.912,MACE-OMat-D3,P1
C56H24N16O17Zn4-1_1-MACE-OMat-D3,C56H24N16O17Zn4-1_1-MACE-OMat-D3,-0.134441,-830.474,MACE-OMat-D3,P1
C48H24N6O13Zn4-0_11-MACE-OMat-D3,C48H24N6O13Zn4-0_11-MACE-OMat-D3,-0.12706,-650.019,MACE-OMat-D3,P1
C44H20N8O13Zn4-2_1-MACE-OMat-D3,C44H20N8O13Zn4-2_1-MACE-OMat-D3,-0.17708,-620.644,MACE-OMat-D3,P1
C36H32N12O17Zn4-3_16-MACE-OMat-D3,C36H32N12O17Zn4-3_16-MACE-OMat-D3,-0.428701,-666.721,MACE-OMat-D3,P1
C36H30N9O13Zn4-2-MACE-OMat-D3,C36H30N9O13Zn4-2-MACE-OMat-D3,-0.339206,-603.316,MACE-OMat-D3,P1
C36H28N12O13Zn4-2_9-MACE-OMat-D3,C36H28N12O13Zn4-2_9-MACE-OMat-D3,-0.283582,-617.028,MACE-OMat-D3,P1
C36H28N12O13Zn4-2_18-MACE-OMat-D3,C36H28N12O13Zn4-2_18-MACE-OMat-D3,-0.295689,-618.154,MACE-OMat-D3,P1
C36H18N6O13S6Zn4-3_15-MACE-OMat-D3,C36H18N6O13S6Zn4-3_15-MACE-OMat-D3,-0.271526,-555.459,MACE-OMat-D3,P1
C20H12N4O13Zn4-0_8-r2SCAN-D4,C20H12N4O13Zn4-0_8-r2SCAN-D4,-0.432495,-413.086,r2SCAN-D4,P1
C30H20N2O5Zn4-2_1-r2SCAN-D4,C30H20N2O5Zn4-2_1-r2SCAN-D4,0.122374,-445.655,r2SCAN-D4,P1
C24H18N2O11Zn4-2_5-r2SCAN-D4,C24H18N2O11Zn4-2_5-r2SCAN-D4,-0.392402,-444.181,r2SCAN-D4,P1
C33H18O13Zn4-3_15-r2SCAN-D4,C33H18O13Zn4-3_15-r2SCAN-D4,-0.357101,-528.806,r2SCAN-D4,P1
C30H30N12O19Zn4-0-sql-r2SCAN-D4,C30H30N12O19Zn4-0-sql-r2SCAN-D4,-0.375843,-696.399,r2SCAN-D4,P1
C48H24N16O13S8Zn4-0_10-MACE-OMat-D3,C48H24N16O13S8Zn4-0_10-MACE-OMat-D3,-0.175813,-774.291,MACE-OMat-D3,P1
C44H24N8O17Zn4-2_2-MACE-OMat-D3,C44H24N8O17Zn4-2_2-MACE-OMat-D3,-0.300213,-666.772,MACE-OMat-D3,P1
C44H24N8O13S4Zn4-3_7-MACE-OMat-D3,C44H24N8O13S4Zn4-3_7-MACE-OMat-D3,-0.147707,-648.701,MACE-OMat-D3,P1
C44H20N8O13Zn4-3_11-MACE-OMat-D3,C44H20N8O13Zn4-3_11-MACE-OMat-D3,-0.175975,-620.546,MACE-OMat-D3,P1
C52H20N8O13Zn4-0_17-r2SCAN-D4,C52H20N8O13Zn4-0_17-r2SCAN-D4,-0.119474,-786.558,r2SCAN-D4,P1
Al1C9H12N5O1-14-r2SCAN-D4,Al1C9H12N5O1-14-r2SCAN-D4,-0.0269479,-190.794,r2SCAN-D4,P1
C44H24N8O17Zn4-3_15-r2SCAN-D4,Zn4H24C44N8O17,-0.225339,-753.803,r2SCAN-D4,P1
C44H24N8O17Zn4-0_2-r2SCAN-D4,Zn4H24C44N8O17,-0.274837,-758.604,r2SCAN-D4,P1
C44H24N8O13S4Zn4-3_19-r2SCAN-D4,Zn4H24C44S4N8O13,-0.157291,-756.441,r2SCAN-D4,P1
C42H24N6O13Zn4-1_8-r2SCAN-D4,Zn4H24C42N6O13,-0.261109,-693.563,r2SCAN-D4,P1
C40H36N8O13Zn4-3_16-r2SCAN-D4,Zn4H36C40N8O13,-0.263744,-736.714,r2SCAN-D4,P1
C40H20N8O17Zn4-1_8-r2SCAN-D4,Zn4H20C40N8O17,-0.239386,-699.354,r2SCAN-D4,P1
C34H28N4O13Zn4-0_15-r2SCAN-D4,Zn4H28C34N4O13,-0.344823,-614.334,r2SCAN-D4,P1
C34H22N8O15Zn4-2_17-r2SCAN-D4,Zn4H22C34N8O15,-0.330392,-640.641,r2SCAN-D4,P1
C48H24N6O13Zn4-2_11-r2SCAN-D4,Zn4H24C48N6O13,-0.184708,-747.974,r2SCAN-D4,P1
C48H24N12O13Zn4-0_15-r2SCAN-D4,Zn4H24C48N12O13,-0.12789,-798.25,r2SCAN-D4,P1
C48H18N12O19Zn4-2_2-r2SCAN-D4,Zn4H18C48N12O19,-0.190259,-818.734,r2SCAN-D4,P1
C48H18N12O19Zn4-0_4-r2SCAN-D4,Zn4H18C48N12O19,-0.24497,-824.259,r2SCAN-D4,P1
C48H16N16O17Zn4-2_10-r2SCAN-D4,Zn4H16C48N16O17,-0.108753,-828.55,r2SCAN-D4,P1
C45H27N12O10Zn4-3_2-r2SCAN-D4,Zn4H27C45(N6O5)2,-0.0988804,-757.88,r2SCAN-D4,P1
C60H24N12O13S6Zn4-1_11-r2SCAN-D4,Zn4H24C60S6N12O13,-0.0429614,-959.435,r2SCAN-D4,P1
C60H18N12O19Zn4-1_16-r2SCAN-D4,Zn4H18C60N12O19,-0.165619,-938.437,r2SCAN-D4,P1
C60H16N16O13Zn4-3_4-r2SCAN-D4,Zn4H16C60N16O13,0.050721,-908.958,r2SCAN-D4,P1
C60H18N12O13S6Zn4-3_11-r2SCAN-D4,Zn4H18C60S6N12O13,0.0440453,-928.604,r2SCAN-D4,P1
C60H18N12O13S6Zn4-0_11-r2SCAN-D4,Zn4H18C60S6N12O13,0.0604359,-926.752,r2SCAN-D4,P1
C60H16N16O13Zn4-2_13-r2SCAN-D4,Zn4H16C60N16O13,0.0783256,-905.949,r2SCAN-D4,P1
C56H36N8O13Zn4-1_13-r2SCAN-D4,Zn4H36C56N8O13,-0.117616,-884.109,r2SCAN-D4,P1
C56H24N8O13S8Zn4-1_6-r2SCAN-D4,Zn4H24C56S8N8O13,-0.0595496,-900.641,r2SCAN-D4,P1
C56H24N8O13S8Zn4-1_7-r2SCAN-D4,Zn4H24C56S8N8O13,-0.0412523,-898.573,r2SCAN-D4,P1
C54H30N6O13Zn4-3_14-r2SCAN-D4,Zn4H30C54N6O13,-0.17167,-829.639,r2SCAN-D4,P1
C54H30N6O13Zn4-1-r2SCAN-D4,Zn4H30C54N6O13,-0.175476,-830.046,r2SCAN-D4,P1
C54H18N12O13S6Zn4-0_12-r2SCAN-D4,Zn4H18C54S6N12O13,-0.0483098,-878.648,r2SCAN-D4,P1
C52H32N4O17Zn4-2_5-r2SCAN-D4,Zn4H32C52N4O17,-0.275133,-833.121,r2SCAN-D4,P1
C52H32N4O17Zn4-2_7-r2SCAN-D4,Zn4H32C52N4O17,-0.293177,-835.088,r2SCAN-D4,P1
C52H32N12O17Zn4-1_14-r2SCAN-D4,Zn4H32C52N12O17,-0.161165,-895.197,r2SCAN-D4,P1
C52H28N8O13Zn4-1_6-r2SCAN-D4,Zn4H28C52N8O13,-0.110533,-814.231,r2SCAN-D4,P1
C44H36N4O17Zn4-2_4-r2SCAN-D4,Zn4H36C44N4O17,-0.320622,-770.489,r2SCAN-D4,P1
C44H36N16O13Zn4-1_7-r2SCAN-D4,Zn4H36C44N16O13,-0.197353,-845.654,r2SCAN-D4,P1
C44H32N32O13Zn4-1_16-r2SCAN-D4,Zn4H32C44N32O13,-0.074217,-965.22,r2SCAN-D4,P1
C44H32N32O13Zn4-1_12-r2SCAN-D4,Zn4H32C44N32O13,-0.0624107,-963.744,r2SCAN-D4,P1
C44H32N32O13Zn4-1_6-r2SCAN-D4,Zn4H32C44N32O13,-0.0965786,-968.015,r2SCAN-D4,P1
C44H28N16O21Zn4-0_5-r2SCAN-D4,Zn4H28C44N16O21,-0.241982,-869.609,r2SCAN-D4,P1
C42H30N12O16Zn4-1_1-r2SCAN-D4,Zn2H15C21(N3O4)2,-0.306171,-795.277,r2SCAN-D4,P1
C52H28N4O21Zn4-0_16-r2SCAN-D4,Zn4H28C52N4O21,-0.356527,-851.45,r2SCAN-D4,P1
C52H28N4O21Zn4-2_7-r2SCAN-D4,Zn4H28C52N4O21,-0.33269,-848.851,r2SCAN-D4,P1
C51H39N15O10Zn4-3_7-r2SCAN-D4,Zn4H39C51(N3O2)5,-0.0923171,-888.214,r2SCAN-D4,P1
C51H33N12O22Zn4-3-r2SCAN-D4,Zn4H33C51(N6O11)2,-0.272772,-932.164,r2SCAN-D4,P1
C48H40N8O13Zn4-2_10-r2SCAN-D4,Zn4H40C48N8O13,-0.232683,-830.333,r2SCAN-D4,P1
C48H48N12O13Zn4-1_17-r2SCAN-D4,Zn4H48C48N12O13,-0.162338,-888.592,r2SCAN-D4,P1
C48H40N16O13Zn4-1_9-r2SCAN-D4,Zn4H40C48N16O13,-0.243591,-906.723,r2SCAN-D4,P1
C48H40N16O13Zn4-1_4-r2SCAN-D4,Zn4H40C48N16O13,-0.234205,-905.588,r2SCAN-D4,P1
C48H42N12O13Zn4-1_11-r2SCAN-D4,Zn4H42C48N12O13,-0.218665,-873.579,r2SCAN-D4,P1
C48H36N8O13Zn4-2-r2SCAN-D4,Zn4H36C48N8O13,-0.203606,-812.405,r2SCAN-D4,P1
C48H32N8O13Zn4-0_3-r2SCAN-D4,Zn4H32C48N8O13,-0.237393,-801.311,r2SCAN-D4,P1
C54H24N12O13S3Zn4-2_3-r2SCAN-D4,Zn4H24C54S3N12O13,-0.0990582,-880.724,r2SCAN-D4,P1
C48H28N12O17Zn4-0_7-r2SCAN-D4,Zn4H28C48N12O17,-0.185436,-842.657,r2SCAN-D4,P1
C48H24N20O13Zn4-3_1-r2SCAN-D4,Zn4H24C48N20O13,-0.0461592,-863.573,r2SCAN-D4,P1
C46H30N8O15Zn4-2_7-r2SCAN-D4,Zn4H30C46N8O15,-0.248671,-786.691,r2SCAN-D4,P1
C44H40N24O13Zn4-0_4-r2SCAN-D4,Zn4H40C44N24O13,-0.193503,-934.577,r2SCAN-D4,P1
C40H20N8O13Zn4-3-r2SCAN-D4,Zn4H20C40N8O13,-0.124651,-665.36,r2SCAN-D4,P1
C24H12N18O13Zn4-2_14-r2SCAN-D4,Zn4H12C24N18O13,-0.0114164,-559.158,r2SCAN-D4,P1
C60H40N4O17Zn4-0_10-r2SCAN-D4,Zn4H40C60N4O17,-0.233966,-940.169,r2SCAN-D4,P1
C60H28N8O17Zn4-1_4-r2SCAN-D4,Zn4H28C60N8O17,-0.0962174,-917.302,r2SCAN-D4,P1
C64H24N16O13Zn4-3_4-MACE-OMat-D3,C64H24N16O13Zn4-3_4-MACE-OMat-D3,-0.0605847,-875.84,MACE-OMat-D3,P1
C60H44N4O13Zn4-2_17-MACE-OMat-D3,C60H44N4O13Zn4-2_17-MACE-OMat-D3,-0.176098,-818.482,MACE-OMat-D3,P1
C60H36N6O13Zn4-2_18-MACE-OMat-D3,C60H36N6O13Zn4-2_18-MACE-OMat-D3,-0.181307,-808.785,MACE-OMat-D3,P1
C60H20N12O13Zn4-3_10-MACE-OMat-D3,C60H20N12O13Zn4-3_10-MACE-OMat-D3,-0.0659776,-792.568,MACE-OMat-D3,P1
C56H32N8O21Zn4-1_16-MACE-OMat-D3,C56H32N8O21Zn4-1_16-MACE-OMat-D3,-0.23176,-821.773,MACE-OMat-D3,P1
C56H32N8O21Zn4-2_8-MACE-OMat-D3,C56H32N8O21Zn4-2_8-MACE-OMat-D3,-0.246552,-823.562,MACE-OMat-D3,P1
C56H32N8O17S4Zn4-0_2-MACE-OMat-D3,C56H32N8O17S4Zn4-0_2-MACE-OMat-D3,-0.227455,-817.974,MACE-OMat-D3,P1
C56H32N4O17Zn4-0_16-MACE-OMat-D3,C56H32N4O17Zn4-0_16-MACE-OMat-D3,-0.277361,-771.9,MACE-OMat-D3,P1
C54H18N12O19Zn4-3_4-MACE-OMat-D3,C54H18N12O19Zn4-3_4-MACE-OMat-D3,-0.225506,-777.539,MACE-OMat-D3,P1
C54H18N12O19Zn4-2_15-MACE-OMat-D3,C54H18N12O19Zn4-2_15-MACE-OMat-D3,-0.214888,-776.403,MACE-OMat-D3,P1
C54H18N12O13S6Zn4-1_7-MACE-OMat-D3,C54H18N12O13S6Zn4-1_7-MACE-OMat-D3,-0.10541,-759.773,MACE-OMat-D3,P1
C52H32N4O17Zn4-2_15-MACE-OMat-D3,C52H32N4O17Zn4-2_15-MACE-OMat-D3,-0.297918,-736.253,MACE-OMat-D3,P1
C52H32N4O13Zn4-3_6-MACE-OMat-D3,C52H32N4O13Zn4-3_6-MACE-OMat-D3,-0.22379,-707.486,MACE-OMat-D3,P1
C52H28N4O21Zn4-1_15-MACE-OMat-D3,C52H28N4O21Zn4-1_15-MACE-OMat-D3,-0.367572,-750.663,MACE-OMat-D3,P1
C48H36N6O13Zn4-3_15-MACE-OMat-D3,C48H36N6O13Zn4-3_15-MACE-OMat-D3,-0.251525,-703.786,MACE-OMat-D3,P1
C48H32N8O17Zn4-3_11-MACE-OMat-D3,C48H32N8O17Zn4-3_11-MACE-OMat-D3,-0.237429,-726.26,MACE-OMat-D3,P1
C48H30N6O13Zn4-0_13-MACE-OMat-D3,C48H30N6O13Zn4-0_13-MACE-OMat-D3,-0.23283,-680.927,MACE-OMat-D3,P1
C48H30N12O13Zn4-1-MACE-OMat-D3,C48H30N12O13Zn4-1-MACE-OMat-D3,-0.246328,-733.835,MACE-OMat-D3,P1
C48H28N4O17Zn4-3_11-MACE-OMat-D3,C48H28N4O17Zn4-3_11-MACE-OMat-D3,-0.297292,-684.053,MACE-OMat-D3,P1
C48H28N4O17Zn4-3_14-MACE-OMat-D3,C48H28N4O17Zn4-3_14-MACE-OMat-D3,-0.36438,-690.829,MACE-OMat-D3,P1
C48H28N12O21Zn4-3_11-MACE-OMat-D3,C48H28N12O21Zn4-3_11-MACE-OMat-D3,-0.271905,-771.301,MACE-OMat-D3,P1
C48H28N12O21Zn4-0-MACE-OMat-D3,C48H28N12O21Zn4-0-MACE-OMat-D3,-0.2194,-765.368,MACE-OMat-D3,P1
C48H24N8O17Zn4-3_11-MACE-OMat-D3,C48H24N8O17Zn4-3_11-MACE-OMat-D3,-0.174087,-692.013,MACE-OMat-D3,P1
C48H24N8O13S8Zn4-0_17-MACE-OMat-D3,C48H24N8O13S8Zn4-0_17-MACE-OMat-D3,-0.162818,-704.763,MACE-OMat-D3,P1
C48H24N6O13Zn4-3_3-MACE-OMat-D3,C48H24N6O13Zn4-3_3-MACE-OMat-D3,-0.231799,-659.969,MACE-OMat-D3,P1
C48H24N12O13Zn4-1_6-MACE-OMat-D3,C48H24N12O13Zn4-1_6-MACE-OMat-D3,-0.198146,-708.029,MACE-OMat-D3,P1
C48H24N12O13Zn4-1_17-MACE-OMat-D3,C48H24N12O13Zn4-1_17-MACE-OMat-D3,-0.133073,-701.456,MACE-OMat-D3,P1
C48H20N8O13S2Zn4-2_11-MACE-OMat-D3,C48H20N8O13S2Zn4-2_11-MACE-OMat-D3,-0.163786,-665.48,MACE-OMat-D3,P1
C48H18N12O19Zn4-3_1-MACE-OMat-D3,C48H18N12O19Zn4-3_1-MACE-OMat-D3,-0.198355,-718.276,MACE-OMat-D3,P1
C44H40N20O17Zn4-3_2-MACE-OMat-D3,C44H40N20O17Zn4-3_2-MACE-OMat-D3,-0.354933,-834.053,MACE-OMat-D3,P1
C44H36N4O17Zn4-0_9-MACE-OMat-D3,C44H36N4O17Zn4-0_9-MACE-OMat-D3,-0.301219,-674.826,MACE-OMat-D3,P1
C44H32N32O13Zn4-3_2-MACE-OMat-D3,C44H32N32O13Zn4-3_2-MACE-OMat-D3,-0.197981,-868.827,MACE-OMat-D3,P1
C44H16N40O13Zn4-2_1-MACE-OMat-D3,C44H16N40O13Zn4-2_1-MACE-OMat-D3,0.0121227,-857.518,MACE-OMat-D3,P1
C44H16N40O13Zn4-0_2-MACE-OMat-D3,C44H16N40O13Zn4-0_2-MACE-OMat-D3,0.00778412,-858.026,MACE-OMat-D3,P1
C42H24N6O25Zn4-1_14-MACE-OMat-D3,C42H24N6O25Zn4-1_14-MACE-OMat-D3,-0.474874,-690.12,MACE-OMat-D3,P1
C42H24N6O10S6Zn4-2_11-MACE-OMat-D3,C42H24N6O10S6Zn4-2_11-MACE-OMat-D3,-0.136562,-605.272,MACE-OMat-D3,P1
C40H44N20O13Zn4-0_8-MACE-OMat-D3,C40H44N20O13Zn4-0_8-MACE-OMat-D3,-0.305087,-783.006,MACE-OMat-D3,P1
C40H36N8O13Zn4-3_16-MACE-OMat-D3,C40H36N8O13Zn4-3_16-MACE-OMat-D3,-0.304476,-650.757,MACE-OMat-D3,P1
C40H24O13Zn4-2_2-MACE-OMat-D3,C40H24O13Zn4-2_2-MACE-OMat-D3,-0.347239,-542.45,MACE-OMat-D3,P1
C40H20N8O13Zn4-3-MACE-OMat-D3,C40H20N8O13Zn4-3-MACE-OMat-D3,-0.150091,-580.863,MACE-OMat-D3,P1
C40H16N4O13S4Zn4-0_16-MACE-OMat-D3,C40H16N4O13S4Zn4-0_16-MACE-OMat-D3,-0.247331,-558.301,MACE-OMat-D3,P1
C34H22N8O15Zn4-1-MACE-OMat-D3,C34H22N8O15Zn4-1-MACE-OMat-D3,-0.321271,-555.987,MACE-OMat-D3,P1
C36H12N27O13Zn4-3_10-MACE-OMat-D3,C36H12N27O13Zn4-3_10-MACE-OMat-D3,-0.102433,-673.348,MACE-OMat-D3,P1
C33H30N15O13Zn4-0_15-MACE-OMat-D3,C33H30N15O13Zn4-0_15-MACE-OMat-D3,-0.362414,-629.022,MACE-OMat-D3,P1
C33H27N6O13Zn4-1_16-MACE-OMat-D3,C33H27N6O13Zn4-1_16-MACE-OMat-D3,-0.395902,-542.62,MACE-OMat-D3,P1
C33H24N6O13Zn4-0_1-MACE-OMat-D3,C33H24N6O13Zn4-0_1-MACE-OMat-D3,-0.401163,-532.121,MACE-OMat-D3,P1
C32H24N16O17Zn4-3-MACE-OMat-D3,C32H24N16O17Zn4-3-MACE-OMat-D3,-0.320773,-623.904,MACE-OMat-D3,P1
C28H8N8O5Zn4-3-MACE-OMat-D3,C28H8N8O5Zn4-3-MACE-OMat-D3,0.200456,-368.635,MACE-OMat-D3,P1
C24H24N8O17Zn4-1_3-MACE-OMat-D3,C24H24N8O17Zn4-1_3-MACE-OMat-D3,-0.555455,-496.528,MACE-OMat-D3,P1
C21H18O13Zn4-2_6-MACE-OMat-D3,C21H18O13Zn4-2_6-MACE-OMat-D3,-0.527625,-349.709,MACE-OMat-D3,P1
C18H15N3O13Zn4-3_9-MACE-OMat-D3,C18H15N3O13Zn4-3_9-MACE-OMat-D3,-0.573874,-338.296,MACE-OMat-D3,P1
C56H24N8O13S8Zn4-0_13-MACE-OMat-D3,C56H24N8O13S8Zn4-0_13-MACE-OMat-D3,-0.129011,-775.803,MACE-OMat-D3,P1
C52H20N8O13Zn4-1_16-MACE-OMat-D3,C52H20N8O13Zn4-1_16-MACE-OMat-D3,-0.149049,-692.899,MACE-OMat-D3,P1
C51H42N6O19Zn4-3_16-MACE-OMat-D3,C51H42N6O19Zn4-3_16-MACE-OMat-D3,-0.302716,-790.54,MACE-OMat-D3,P1
C51H33N9O13Zn4-2_12-MACE-OMat-D3,C51H33N9O13Zn4-2_12-MACE-OMat-D3,-0.22309,-744.3,MACE-OMat-D3,P1
C51H33N12O22Zn4-3_12-MACE-OMat-D3,C51H33N12O22Zn4-3_12-MACE-OMat-D3,-0.357356,-832.924,MACE-OMat-D3,P1
C48H42N12O13Zn4-2_10-MACE-OMat-D3,C48H42N12O13Zn4-2_10-MACE-OMat-D3,-0.294572,-781.457,MACE-OMat-D3,P1
C48H24N6O19S6Zn4-0_6-MACE-OMat-D3,C48H24N6O19S6Zn4-0_6-MACE-OMat-D3,-0.209527,-714.829,MACE-OMat-D3,P1
C48H24N6O13Zn4-0_19-MACE-OMat-D3,C48H24N6O13Zn4-0_19-MACE-OMat-D3,-0.249399,-661.641,MACE-OMat-D3,P1
C48H24N24O10Zn4-3_8-MACE-OMat-D3,C48H24N24O10Zn4-3_8-MACE-OMat-D3,-0.0704408,-781.055,MACE-OMat-D3,P1
C48H24N20O13Zn4-1_2-MACE-OMat-D3,C48H24N20O13Zn4-1_2-MACE-OMat-D3,-0.163233,-772.565,MACE-OMat-D3,P1
C36H28O17Zn4-3_8-MACE-OMat-D3,C36H28O17Zn4-3_8-MACE-OMat-D3,-0.408636,-545.046,MACE-OMat-D3,P1
C36H24O19Zn4-1_9-MACE-OMat-D3,C36H24O19Zn4-1_9-MACE-OMat-D3,-0.459326,-545.358,MACE-OMat-D3,P1
C36H24N6O13Zn4-1_13-MACE-OMat-D3,C36H24N6O13Zn4-1_13-MACE-OMat-D3,-0.281344,-550.964,MACE-OMat-D3,P1
C36H18N6O13Zn4-3_18-MACE-OMat-D3,C36H18N6O13Zn4-3_18-MACE-OMat-D3,-0.282616,-529.911,MACE-OMat-D3,P1
C36H18N21O13Zn4-3_15-MACE-OMat-D3,C36H18N21O13Zn4-3_15-MACE-OMat-D3,-0.21571,-653.164,MACE-OMat-D3,P1
C34H22N8O15Zn4-3_1-MACE-OMat-D3,C34H22N8O15Zn4-3_1-MACE-OMat-D3,-0.330822,-556.779,MACE-OMat-D3,P1
C26H18N2O11Zn4-0_6-r2SCAN-D4,C26H18N2O11Zn4-0_6-r2SCAN-D4,-0.25421,-456.571,r2SCAN-D4,P1
C18H18N6O13Zn4-0_14-r2SCAN-D4,C18H18N6O13Zn4-0_14-r2SCAN-D4,-0.565313,-442.527,r2SCAN-D4,P1
C48H24N12O21Zn4-0_5-MACE-OMat-D3,C48H24N12O21Zn4-0_5-MACE-OMat-D3,-0.22333,-751.944,MACE-OMat-D3,P1
C44H24O17Zn4-3_9-MACE-OMat-D3,C44H24O17Zn4-3_9-MACE-OMat-D3,-0.350084,-602.052,MACE-OMat-D3,P1
C44H24N8O17Zn4-3_4-MACE-OMat-D3,C44H24N8O17Zn4-3_4-MACE-OMat-D3,-0.289565,-665.739,MACE-OMat-D3,P1
C44H24N8O17Zn4-0_3-MACE-OMat-D3,C44H24N8O17Zn4-0_3-MACE-OMat-D3,-0.280199,-664.831,MACE-OMat-D3,P1
C44H24N8O17Zn4-0_10-MACE-OMat-D3,C44H24N8O17Zn4-0_10-MACE-OMat-D3,-0.231107,-660.069,MACE-OMat-D3,P1
C44H24N8O13S4Zn4-3_17-MACE-OMat-D3,C44H24N8O13S4Zn4-3_17-MACE-OMat-D3,-0.21074,-654.816,MACE-OMat-D3,P1
C44H24N8O13S4Zn4-3_10-MACE-OMat-D3,C44H24N8O13S4Zn4-3_10-MACE-OMat-D3,-0.214895,-655.219,MACE-OMat-D3,P1
C40H20N8O13Zn4-0_2-r2SCAN-D4,C40H20N8O13Zn4-0_2-r2SCAN-D4,-0.224682,-673.863,r2SCAN-D4,P1
C36H18O16Zn4-2_12-r2SCAN-D4,C36H18O16Zn4-2_12-r2SCAN-D4,-0.400034,-581.639,r2SCAN-D4,P1
C48H27N9O13Zn4-2_13-r2SCAN-D4,C48H27N9O13Zn4-2_13-r2SCAN-D4,-0.190531,-787.494,r2SCAN-D4,P1
C7H7Mg2N3S1-12-r2SCAN-D4,C7H7Mg2N3S1-12-r2SCAN-D4,0.385052,-130.596,r2SCAN-D4,P1
C44H24N8O17Zn4-0_9-r2SCAN-D4,Zn4H24C44N8O17,-0.151273,-746.618,r2SCAN-D4,P1
C44H24N8O17Zn4-0-r2SCAN-D4,Zn4H24C44N8O17,-0.28974,-760.049,r2SCAN-D4,P1
C44H24N8O13S4Zn4-3_16-r2SCAN-D4,Zn4H24C44S4N8O13,-0.151792,-755.908,r2SCAN-D4,P1
C44H20N8O13Zn4-2-r2SCAN-D4,Zn4H20C44N8O13,-0.162597,-709.304,r2SCAN-D4,P1
C44H20N8O13Zn4-0_9-r2SCAN-D4,Zn4H20C44N8O13,-0.162845,-709.326,r2SCAN-D4,P1
C42H24N6O25Zn4-0_12-r2SCAN-D4,Zn4H24C42N6O25,-0.441433,-784.761,r2SCAN-D4,P1
C42H24N6O13Zn4-0_19-r2SCAN-D4,Zn4H24C42N6O13,-0.26116,-693.568,r2SCAN-D4,P1
C42H24N6O13S3Zn4-1_3-r2SCAN-D4,Zn4H24C42S3N6O13,-0.238567,-716.665,r2SCAN-D4,P1
C40H32N8O13Zn4-2_3-r2SCAN-D4,Zn4H32C40N8O13,-0.228248,-718.388,r2SCAN-D4,P1
C40H24O13Zn4-3_2-r2SCAN-D4,Zn4H24C40O13,-0.338207,-622.778,r2SCAN-D4,P1
C40H20N8O13Zn4-3_9-r2SCAN-D4,Zn4H20C40N8O13,-0.195735,-671.402,r2SCAN-D4,P1
C36H24N6O13Zn4-2_9-r2SCAN-D4,Zn4H24C36N6O13,-0.267381,-632.415,r2SCAN-D4,P1
C36H18O16Zn4-0_1-r2SCAN-D4,Zn2H9(C9O4)2,-0.473624,-587.085,r2SCAN-D4,P1
C45H24N6O13Zn4-3_17-r2SCAN-D4,Zn4H24C45N6O13,-0.152287,-714.386,r2SCAN-D4,P1
C64H24N16O13Zn4-2_5-r2SCAN-D4,Zn4H24C64N16O13,-0.011161,-983.561,r2SCAN-D4,P1
C60H44N4O13Zn4-2_10-r2SCAN-D4,Zn4H44C60N4O13,-0.202898,-926.83,r2SCAN-D4,P1
C60H20N12O13Zn4-3_10-r2SCAN-D4,Zn4H20C60N12O13,-0.00145525,-891.868,r2SCAN-D4,P1
C60H18N12O13S6Zn4-0_17-r2SCAN-D4,Zn4H18C60S6N12O13,0.0272251,-930.505,r2SCAN-D4,P1
C56H40N4O13Zn4-3_10-r2SCAN-D4,Zn4H40C56N4O13,-0.227076,-874.14,r2SCAN-D4,P1
C56H24N16O13Zn4-3_8-r2SCAN-D4,Zn4H24C56N16O13,-0.0598441,-908.836,r2SCAN-D4,P1
C56H32N8O21Zn4-0_5-r2SCAN-D4,Zn4H32C56N8O21,-0.196248,-926.835,r2SCAN-D4,P1
C54H42N12O13Zn4-1_8-r2SCAN-D4,Zn4H42C54N12O13,-0.166044,-928.416,r2SCAN-D4,P1
C54H18N12O19Zn4-2_8-r2SCAN-D4,Zn4H18C54N12O19,-0.139293,-874.524,r2SCAN-D4,P1
C54H18N12O19Zn4-0_7-r2SCAN-D4,Zn4H18C54N12O19,-0.169889,-877.798,r2SCAN-D4,P1
C52H36N12O13Zn4-0_13-r2SCAN-D4,Zn4H36C52N12O13,-0.14366,-883.693,r2SCAN-D4,P1
C52H32N8O17Zn4-0_15-r2SCAN-D4,Zn4H32C52N8O17,-0.130769,-854.513,r2SCAN-D4,P1
C52H32N4O13Zn4-0_8-r2SCAN-D4,Zn4H32C52N4O13,-0.178929,-798.636,r2SCAN-D4,P1
C52H32N4O13Zn4-0_11-r2SCAN-D4,Zn4H32C52N4O13,-0.205452,-801.42,r2SCAN-D4,P1
C44H36N16O13Zn4-1_10-r2SCAN-D4,Zn4H36C44N16O13,-0.206928,-846.736,r2SCAN-D4,P1
C44H32N32O13Zn4-3-r2SCAN-D4,Zn4H32C44N32O13,-0.0634692,-963.876,r2SCAN-D4,P1
C44H32N32O13Zn4-1_13-r2SCAN-D4,Zn4H32C44N32O13,-0.0825481,-966.261,r2SCAN-D4,P1
C52H28N12O17Zn4-2_15-r2SCAN-D4,Zn4H28C52N12O17,-0.112794,-875.259,r2SCAN-D4,P1
C51H42N6O19Zn4-3_7-r2SCAN-D4,Zn4H42C51N6O19,-0.283499,-892.215,r2SCAN-D4,P1
C51H33N9O13Zn4-3_7-r2SCAN-D4,Zn4H33C51N9O13,-0.136758,-834.087,r2SCAN-D4,P1
C51H42N6O19Zn4-1_12-r2SCAN-D4,Zn4H42C51N6O19,-0.260349,-889.391,r2SCAN-D4,P1
C48H40N12O17Zn4-1_11-r2SCAN-D4,Zn4H40C48N12O17,-0.26764,-896.313,r2SCAN-D4,P1
C48H32N8O17Zn4-0_17-r2SCAN-D4,Zn4H32C48N8O17,-0.23453,-825.232,r2SCAN-D4,P1
C48H30N12O13Zn4-3_6-r2SCAN-D4,Zn4H30C48N12O13,-0.178295,-825.152,r2SCAN-D4,P1
C54H24N12O19Zn4-0_3-r2SCAN-D4,Zn4H24C54N12O19,-0.157979,-898.213,r2SCAN-D4,P1
C48H28N20O5Zn4-3_2-r2SCAN-D4,Zn4H28C48(N4O)5,0.13896,-811.211,r2SCAN-D4,P1
C48H32N4O21Zn4-2-r2SCAN-D4,Zn4H32C48N4O21,-0.269688,-815.744,r2SCAN-D4,P1
C48H32N20O17Zn4-3_6-r2SCAN-D4,Zn4H32C48N20O17,-0.194279,-932.989,r2SCAN-D4,P1
C48H28N20O5Zn4-2_1-r2SCAN-D4,Zn4H28C48(N4O)5,0.186048,-806.267,r2SCAN-D4,P1
C44H40N20O17Zn4-3_12-r2SCAN-D4,Zn4H40C44N20O17,-0.241039,-927.199,r2SCAN-D4,P1
C48H24N20O13Zn4-1-r2SCAN-D4,Zn4H24C48N20O13,-0.12955,-872.663,r2SCAN-D4,P1
C48H24N16O13S8Zn4-3_14-r2SCAN-D4,Zn4H24C48S8N16O13,-0.0394479,-891.442,r2SCAN-D4,P1
C60H30N6O13Zn4-1_8-r2SCAN-D4,Zn4H30C60N6O13,-0.168512,-890.414,r2SCAN-D4,P1
C60H28N8O17Zn4-3_4-r2SCAN-D4,Zn4H28C60N8O17,-0.198178,-929.232,r2SCAN-D4,P1
C64H20N16O13Zn4-1_9-MACE-OMat-D3,C64H20N16O13Zn4-1_9-MACE-OMat-D3,-0.0849526,-865.473,MACE-OMat-D3,P1
C60H30N12O13Zn4-1_15-MACE-OMat-D3,C60H30N12O13Zn4-1_15-MACE-OMat-D3,-0.122218,-832.358,MACE-OMat-D3,P1
C60H24N12O9Zn4-3_2-MACE-OMat-D3,C60H24N12O9Zn4-3_2-MACE-OMat-D3,0.0487887,-773.241,MACE-OMat-D3,P1
C60H24N12O17Zn4-0_5-MACE-OMat-D3,C60H24N12O17Zn4-0_5-MACE-OMat-D3,-0.173663,-838.463,MACE-OMat-D3,P1
C60H24N12O13S6Zn4-1_1-MACE-OMat-D3,C60H24N12O13S6Zn4-1_1-MACE-OMat-D3,-0.0792576,-832.556,MACE-OMat-D3,P1
C60H20N12O13Zn4-3_11-MACE-OMat-D3,C60H20N12O13Zn4-3_11-MACE-OMat-D3,-0.0805065,-794.152,MACE-OMat-D3,P1
C60H18N12O19Zn4-3_5-MACE-OMat-D3,C60H18N12O19Zn4-3_5-MACE-OMat-D3,-0.162007,-826.885,MACE-OMat-D3,P1
C60H16N16O13Zn4-1_16-MACE-OMat-D3,C60H16N16O13Zn4-1_16-MACE-OMat-D3,-0.0631277,-812.661,MACE-OMat-D3,P1
C56H36N12O13Zn4-2_16-MACE-OMat-D3,C56H36N12O13Zn4-2_16-MACE-OMat-D3,-0.175478,-821.731,MACE-OMat-D3,P1
C56H24N8O13S8Zn4-1_7-MACE-OMat-D3,C56H24N8O13S8Zn4-1_7-MACE-OMat-D3,-0.128259,-775.718,MACE-OMat-D3,P1
C54H42N6O13Zn4-1_4-MACE-OMat-D3,C54H42N6O13Zn4-1_4-MACE-OMat-D3,-0.219919,-777.674,MACE-OMat-D3,P1
C54H39N9O16Zn4-2_9-MACE-OMat-D3,C54H39N9O16Zn4-2_9-MACE-OMat-D3,-0.299662,-818.209,MACE-OMat-D3,P1
C54H36N6O13Zn4-1_9-MACE-OMat-D3,C54H36N6O13Zn4-1_9-MACE-OMat-D3,-0.20874,-755.629,MACE-OMat-D3,P1
C54H36N18O13Zn4-3_11-MACE-OMat-D3,C54H36N18O13Zn4-3_11-MACE-OMat-D3,-0.161849,-852.408,MACE-OMat-D3,P1
C52H32N8O13Zn4-0_10-MACE-OMat-D3,C52H32N8O13Zn4-0_10-MACE-OMat-D3,-0.231462,-742.595,MACE-OMat-D3,P1
C52H24N16O13Zn4-3_13-MACE-OMat-D3,C52H24N16O13Zn4-3_13-MACE-OMat-D3,-0.122125,-771.485,MACE-OMat-D3,P1
C52H24N16O13Zn4-2_2-MACE-OMat-D3,C52H24N16O13Zn4-2_2-MACE-OMat-D3,-0.118053,-771.041,MACE-OMat-D3,P1
C48H40N12O17Zn4-3_14-MACE-OMat-D3,C48H40N12O17Zn4-3_14-MACE-OMat-D3,-0.291393,-794.967,MACE-OMat-D3,P1
C48H36N6O13Zn4-1_15-MACE-OMat-D3,C48H36N6O13Zn4-1_15-MACE-OMat-D3,-0.272976,-706.082,MACE-OMat-D3,P1
C48H36N12O13S4Zn4-1_11-MACE-OMat-D3,C48H36N12O13S4Zn4-1_11-MACE-OMat-D3,-0.225436,-769.832,MACE-OMat-D3,P1
C48H32N8O17S4Zn4-2_8-MACE-OMat-D3,C48H32N8O17S4Zn4-2_8-MACE-OMat-D3,-0.260149,-746.292,MACE-OMat-D3,P1
C48H32N20O17Zn4-3_6-MACE-OMat-D3,C48H32N20O17Zn4-3_6-MACE-OMat-D3,-0.259902,-831.963,MACE-OMat-D3,P1
C48H28N4O13Zn4-3_14-MACE-OMat-D3,C48H28N4O13Zn4-3_14-MACE-OMat-D3,-0.242451,-657.752,MACE-OMat-D3,P1
C48H28N4O13Zn4-1_6-MACE-OMat-D3,C48H28N4O13Zn4-1_6-MACE-OMat-D3,-0.253084,-658.783,MACE-OMat-D3,P1
C48H24N8O17Zn4-3_17-MACE-OMat-D3,C48H24N8O17Zn4-3_17-MACE-OMat-D3,-0.248604,-699.539,MACE-OMat-D3,P1
C48H24N12O13Zn4-1_4-MACE-OMat-D3,C48H24N12O13Zn4-1_4-MACE-OMat-D3,-0.165047,-704.686,MACE-OMat-D3,P1
C48H18N6O13S6Zn4-2_6-MACE-OMat-D3,C48H18N6O13S6Zn4-2_6-MACE-OMat-D3,-0.122846,-654.929,MACE-OMat-D3,P1
C48H16N16O17Zn4-2_4-MACE-OMat-D3,C48H16N16O17Zn4-2_4-MACE-OMat-D3,-0.16577,-731.98,MACE-OMat-D3,P1
C48H16N16O17Zn4-1_10-MACE-OMat-D3,C48H16N16O17Zn4-1_10-MACE-OMat-D3,-0.145421,-729.924,MACE-OMat-D3,P1
C44H40N24O13Zn4-1_4-MACE-OMat-D3,C44H40N24O13Zn4-1_4-MACE-OMat-D3,-0.283568,-838.718,MACE-OMat-D3,P1
C44H32N32O13Zn4-1_16-MACE-OMat-D3,C44H32N32O13Zn4-1_16-MACE-OMat-D3,-0.182325,-866.87,MACE-OMat-D3,P1
C42H36N18O10Zn4-3_3-MACE-OMat-D3,C42H36N18O10Zn4-3_3-MACE-OMat-D3,-0.223147,-731.542,MACE-OMat-D3,P1
C42H30N6O13S6Zn4-3_4-MACE-OMat-D3,C42H30N6O13S6Zn4-3_4-MACE-OMat-D3,-0.288074,-656.111,MACE-OMat-D3,P1
C42H30N12O10Zn4-0_7-MACE-OMat-D3,C42H30N12O10Zn4-0_7-MACE-OMat-D3,-0.188804,-655.969,MACE-OMat-D3,P1
C42H24N6O13Zn4-3_1-MACE-OMat-D3,C42H24N6O13Zn4-3_1-MACE-OMat-D3,-0.257791,-605.724,MACE-OMat-D3,P1
C42H24N6O13S3Zn4-0_15-MACE-OMat-D3,C42H24N6O13S3Zn4-0_15-MACE-OMat-D3,-0.255626,-618.684,MACE-OMat-D3,P1
C40H24N16O21Zn4-3_8-MACE-OMat-D3,C40H24N16O21Zn4-3_8-MACE-OMat-D3,-0.253045,-713.992,MACE-OMat-D3,P1
C33H30N15O13Zn4-1_18-MACE-OMat-D3,C33H30N15O13Zn4-1_18-MACE-OMat-D3,-0.35104,-627.941,MACE-OMat-D3,P1
C33H30N15O13Zn4-0_16-MACE-OMat-D3,C33H30N15O13Zn4-0_16-MACE-OMat-D3,-0.338643,-626.764,MACE-OMat-D3,P1
C33H27N6O13Zn4-1_11-MACE-OMat-D3,C33H27N6O13Zn4-1_11-MACE-OMat-D3,-0.398082,-542.801,MACE-OMat-D3,P1
C24H18O13S3Zn4-3_2-MACE-OMat-D3,C24H18O13S3Zn4-3_2-MACE-OMat-D3,-0.41011,-385.56,MACE-OMat-D3,P1
C21H21N9O10Zn4-1_5-MACE-OMat-D3,C21H21N9O10Zn4-1_5-MACE-OMat-D3,-0.314498,-410.593,MACE-OMat-D3,P1
C21H18O13Zn4-2_17-MACE-OMat-D3,C21H18O13Zn4-2_17-MACE-OMat-D3,-0.522894,-349.445,MACE-OMat-D3,P1
C20H12O15Zn4-1_1-r2SCAN-D4,C20H12O15Zn4-1_1-r2SCAN-D4,-0.596705,-395.634,r2SCAN-D4,P1
C21H18O13Zn4-2_3-r2SCAN-D4,C21H18O13Zn4-2_3-r2SCAN-D4,-0.541653,-414.651,r2SCAN-D4,P1
C21H18O13Zn4-1_16-r2SCAN-D4,C21H18O13Zn4-1_16-r2SCAN-D4,-0.544199,-414.794,r2SCAN-D4,P1
C21H18O13Zn4-3_4-r2SCAN-D4,C21H18O13Zn4-3_4-r2SCAN-D4,-0.512987,-413.046,r2SCAN-D4,P1
C56H24N16O13S8Zn4-2_1-MACE-OMat-D3,C56H24N16O13S8Zn4-2_1-MACE-OMat-D3,-0.123466,-842.921,MACE-OMat-D3,P1
C52H24N16O13Zn4-0_12-MACE-OMat-D3,C52H24N16O13Zn4-0_12-MACE-OMat-D3,-0.106993,-769.835,MACE-OMat-D3,P1
C51H33N9O13Zn4-3_9-MACE-OMat-D3,C51H33N9O13Zn4-3_9-MACE-OMat-D3,-0.242775,-746.465,MACE-OMat-D3,P1
C51H33N9O13Zn4-2_15-MACE-OMat-D3,C51H33N9O13Zn4-2_15-MACE-OMat-D3,-0.241184,-746.29,MACE-OMat-D3,P1
C44H20N8O13S4Zn4-3_17-MACE-OMat-D3,C44H20N8O13S4Zn4-3_17-MACE-OMat-D3,-0.21268,-641.178,MACE-OMat-D3,P1
C36H32N12O17Zn4-2-MACE-OMat-D3,C36H32N12O17Zn4-2-MACE-OMat-D3,-0.39232,-663.047,MACE-OMat-D3,P1
C36H24N12O13Zn4-0_11-MACE-OMat-D3,C36H24N12O13Zn4-0_11-MACE-OMat-D3,-0.323204,-606.445,MACE-OMat-D3,P1
C36H20N8O21Zn4-3_11-MACE-OMat-D3,C36H20N8O21Zn4-3_11-MACE-OMat-D3,-0.342153,-601.363,MACE-OMat-D3,P1
C36H18N6O13S3Zn4-1_8-MACE-OMat-D3,C36H18N6O13S3Zn4-1_8-MACE-OMat-D3,-0.239197,-539.672,MACE-OMat-D3,P1
C36H18N6O10S6Zn4-3_9-MACE-OMat-D3,C36H18N6O10S6Zn4-3_9-MACE-OMat-D3,-0.140401,-529.31,MACE-OMat-D3,P1
C30H22N2O11Zn4-0_12-r2SCAN-D4,C30H22N2O11Zn4-0_12-r2SCAN-D4,-0.325248,-517.402,r2SCAN-D4,P1
C44H24O13Zn4-3_14-r2SCAN-D4,C44H24O13Zn4-3_14-r2SCAN-D4,-0.326227,-663.181,r2SCAN-D4,P1
C44H24O13Zn4-1_8-r2SCAN-D4,C44H24O13Zn4-1_8-r2SCAN-D4,-0.283382,-659.539,r2SCAN-D4,P1
C48H24N12O21Zn4-0_15-MACE-OMat-D3,C48H24N12O21Zn4-0_15-MACE-OMat-D3,-0.240052,-753.767,MACE-OMat-D3,P1
C44H28N16O21Zn4-0_2-MACE-OMat-D3,C44H28N16O21Zn4-0_2-MACE-OMat-D3,-0.225485,-762.655,MACE-OMat-D3,P1
C44H24O13Zn4-3_3-MACE-OMat-D3,C44H24O13Zn4-3_3-MACE-OMat-D3,-0.3231,-578.566,MACE-OMat-D3,P1
C44H24N8O17Zn4-3-MACE-OMat-D3,C44H24N8O17Zn4-3-MACE-OMat-D3,-0.251981,-662.094,MACE-OMat-D3,P1
C44H24N8O13S4Zn4-1-MACE-OMat-D3,C44H24N8O13S4Zn4-1-MACE-OMat-D3,-0.207131,-654.466,MACE-OMat-D3,P1
C36H18O16Zn4-1_9-r2SCAN-D4,C36H18O16Zn4-1_9-r2SCAN-D4,-0.348482,-577.824,r2SCAN-D4,P1
C48H28N4O17Zn4-2_18-r2SCAN-D4,C48H28N4O17Zn4-2_18-r2SCAN-D4,-0.316063,-781.158,r2SCAN-D4,P1
Al2C12H10N8O6-0-r2SCAN-D4,Al2C12H10N8O6-0-r2SCAN-D4,-0.365591,-290.453,r2SCAN-D4,P1
C16H10Mg4N2O6-5-r2SCAN-D4,C16H10Mg4N2O6-5-r2SCAN-D4,-0.300342,-276.273,r2SCAN-D4,P1
C44H24N8O17Zn4-3_11-r2SCAN-D4,Zn4H24C44N8O17,-0.276392,-758.755,r2SCAN-D4,P1
C44H24N8O13S4Zn4-3_18-r2SCAN-D4,Zn4H24C44S4N8O13,-0.189578,-759.573,r2SCAN-D4,P1
C44H24N16O13Zn4-2_8-r2SCAN-D4,Zn4H24C44N16O13,-0.101438,-792.115,r2SCAN-D4,P1
C44H24N16O13Zn4-0_12-r2SCAN-D4,Zn4H24C44N16O13,-0.0926552,-791.228,r2SCAN-D4,P1
C44H20N8O13S4Zn4-2-r2SCAN-D4,Zn4H20C44S4N8O13,-0.142095,-740.571,r2SCAN-D4,P1
C42H24N6O13Zn4-2_15-r2SCAN-D4,Zn4H24C42N6O13,-0.26104,-693.557,r2SCAN-D4,P1
C40H32O17Zn4-3_13-r2SCAN-D4,Zn4H32C40O17,-0.393405,-682.91,r2SCAN-D4,P1
C40H38N10O5Zn4-0-r2SCAN-D4,Zn4H38C40(N2O)5,0.0382193,-685.017,r2SCAN-D4,P1
C38H28N4O13Zn4-3_3-r2SCAN-D4,Zn4H28C38N4O13,-0.311799,-652.908,r2SCAN-D4,P1
C36H20N8O21Zn4-2_14-r2SCAN-D4,Zn4H20C36N8O21,-0.301741,-688.119,r2SCAN-D4,P1
C36H28N4O9Zn4-0_1-r2SCAN-D4,Zn4H28C36N4O9,-0.107553,-591.175,r2SCAN-D4,P1
C36H18N6O13S6Zn4-0_10-r2SCAN-D4,Zn4H18C36S6N6O13,-0.203026,-655.117,r2SCAN-D4,P1
C40H20N8O13Zn4-2_14-r2SCAN-D4,Zn4H20C40N8O13,-0.150571,-667.563,r2SCAN-D4,P1
C48H28N4O13Zn4-3_5-r2SCAN-D4,Zn4H28C48N4O13,-0.236831,-748.925,r2SCAN-D4,P1
C48H27N9O13Zn4-1_16-r2SCAN-D4,Zn4H27C48N9O13,-0.196985,-788.146,r2SCAN-D4,P1
C48H18N6O13S6Zn4-0_9-r2SCAN-D4,Zn4H18C48S6N6O13,-0.14204,-771.964,r2SCAN-D4,P1
C48H20N8O13S2Zn4-2_11-r2SCAN-D4,Zn4H20C48S2N8O13,-0.128855,-763.404,r2SCAN-D4,P1
C48H18N6O13S6Zn4-1_6-r2SCAN-D4,Zn4H18C48S6N6O13,-0.137328,-771.516,r2SCAN-D4,P1
C48H24N12O13Zn4-1_17-r2SCAN-D4,Zn4H24C48N12O13,-0.109908,-796.434,r2SCAN-D4,P1
C48H18N12O19Zn4-3_8-r2SCAN-D4,Zn4H18C48N12O19,-0.206677,-820.392,r2SCAN-D4,P1
C48H16N16O17Zn4-1_17-r2SCAN-D4,Zn4H16C48N16O17,-0.110109,-828.687,r2SCAN-D4,P1
C48H16N16O17Zn4-2_14-r2SCAN-D4,Zn4H16C48N16O17,-0.115112,-829.192,r2SCAN-D4,P1
C36H20N8O21Zn4-2_20-r2SCAN-D4,Zn4H20C36N8O21,-0.301303,-688.081,r2SCAN-D4,P1
C36H18N6O25Zn4-0_10-r2SCAN-D4,Zn4H18C36N6O25,-0.415079,-696.274,r2SCAN-D4,P1
C33H30N15O13Zn4-3_18-r2SCAN-D4,Zn4H30C33N15O13,-0.300973,-711.865,r2SCAN-D4,P1
C30H24N18O13Zn4-1_14-r2SCAN-D4,Zn4H24C30N18O13,-0.272879,-684.22,r2SCAN-D4,P1
C60H24N12O17Zn4-1_6-r2SCAN-D4,Zn4H24C60N12O17,-0.0712029,-937.152,r2SCAN-D4,P1
C60H24N12O13S6Zn4-1_12-r2SCAN-D4,Zn4H24C60S6N12O13,-0.0216546,-956.9,r2SCAN-D4,P1
C60H16N16O13Zn4-1_9-r2SCAN-D4,Zn4H16C60N16O13,-0.0407658,-918.93,r2SCAN-D4,P1
C56H36N8O13Zn4-0_17-r2SCAN-D4,Zn4H36C56N8O13,-0.165052,-889.659,r2SCAN-D4,P1
C56H32N8O13S8Zn4-3_9-r2SCAN-D4,Zn4H32C56S8N8O13,-0.10864,-934.713,r2SCAN-D4,P1
C56H24N16O5Zn4-2_1-r2SCAN-D4,Zn4H24C56N16O5,0.228698,-831.493,r2SCAN-D4,P1
C54H39N9O16Zn4-2_11-r2SCAN-D4,Zn4H39C54N9O16,-0.193948,-910.961,r2SCAN-D4,P1
C54H30N6O19Zn4-0-r2SCAN-D4,Zn4H30C54N6O19,-0.240364,-873.358,r2SCAN-D4,P1
C54H18N12O19Zn4-0_1-r2SCAN-D4,Zn4H18C54N12O19,-0.176478,-878.503,r2SCAN-D4,P1
C52H36N4O21Zn4-1_4-r2SCAN-D4,Zn4H36C52N4O21,-0.324136,-878.168,r2SCAN-D4,P1
C52H32N4O17Zn4-3_14-r2SCAN-D4,Zn4H32C52N4O17,-0.282313,-833.904,r2SCAN-D4,P1
C52H28N8O13Zn4-0_6-r2SCAN-D4,Zn4H28C52N8O13,-0.178641,-821.382,r2SCAN-D4,P1
C52H32N12O17Zn4-0_3-r2SCAN-D4,Zn4H32C52N12O17,-0.187686,-898.3,r2SCAN-D4,P1
C44H32N32O13Zn4-0_11-r2SCAN-D4,Zn4H32C44N32O13,-0.0997778,-968.415,r2SCAN-D4,P1
C44H28N16O21Zn4-2_10-r2SCAN-D4,Zn4H28C44N16O21,-0.228058,-868.036,r2SCAN-D4,P1
C44H32N32O13Zn4-3_11-r2SCAN-D4,Zn4H32C44N32O13,-0.0497966,-962.167,r2SCAN-D4,P1
C40H24N16O21Zn4-1_9-r2SCAN-D4,Zn4H24C40N16O21,-0.182006,-807.48,r2SCAN-D4,P1
C40H32N24O17Zn4-0-r2SCAN-D4,Zn4H32C40N24O17,-0.192867,-888.515,r2SCAN-D4,P1
C48H40N4O19Zn4-1_14-r2SCAN-D4,Zn4H40C48N4O19,-0.247347,-830.806,r2SCAN-D4,P1
C48H36N6O13Zn4-0_13-r2SCAN-D4,Zn4H36C48N6O13,-0.257642,-799.478,r2SCAN-D4,P1
C48H32N8O13Zn4-2_12-r2SCAN-D4,Zn4H32C48N8O13,-0.187772,-796.1,r2SCAN-D4,P1
C48H32N8O13Zn4-0_8-r2SCAN-D4,Zn4H32C48N8O13,-0.230925,-800.631,r2SCAN-D4,P1
C48H30N12O13Zn4-2_11-r2SCAN-D4,Zn4H30C48N12O13,-0.164111,-823.635,r2SCAN-D4,P1
C56H24N16O13S8Zn4-1_1-r2SCAN-D4,Zn4H24C56S8N16O13,0.0966192,-955.43,r2SCAN-D4,P1
C48H30N12O13Zn4-0_15-r2SCAN-D4,Zn4H30C48N12O13,-0.197129,-827.168,r2SCAN-D4,P1
C48H24N8O33Zn4-1_10-r2SCAN-D4,Zn4H24C48N8O33,-0.307614,-901.139,r2SCAN-D4,P1
C48H24N20O13Zn4-0_15-r2SCAN-D4,Zn4H24C48N20O13,-0.116553,-871.246,r2SCAN-D4,P1
C48H24N16O13S8Zn4-1_9-r2SCAN-D4,Zn4H24C48S8N16O13,-0.0737808,-895.322,r2SCAN-D4,P1
C48H24N16O13S8Zn4-0_11-r2SCAN-D4,Zn4H24C48S8N16O13,-0.0617426,-893.961,r2SCAN-D4,P1
C48H18N6O13S6Zn4-3_15-r2SCAN-D4,Zn4H18C48S6N6O13,-0.0855791,-766.6,r2SCAN-D4,P1
C42H24N6O13S3Zn4-3_8-r2SCAN-D4,Zn4H24C42S3N6O13,-0.236049,-716.433,r2SCAN-D4,P1
C42H24N6O13S3Zn4-1_7-r2SCAN-D4,Zn4H24C42S3N6O13,-0.238335,-716.644,r2SCAN-D4,P1
C42H24N6O13S3Zn4-1_8-r2SCAN-D4,Zn4H24C42S3N6O13,-0.205159,-713.591,r2SCAN-D4,P1
C64H28N4O21Zn4-2_17-MACE-OMat-D3,C64H28N4O21Zn4-2_17-MACE-OMat-D3,-0.200614,-845.208,MACE-OMat-D3,P1
C60H40N4O17Zn4-3_5-MACE-OMat-D3,C60H40N4O17Zn4-3_5-MACE-OMat-D3,-0.235017,-832.664,MACE-OMat-D3,P1
C60H30N12O13Zn4-1_3-MACE-OMat-D3,C60H30N12O13Zn4-1_3-MACE-OMat-D3,-0.112545,-831.207,MACE-OMat-D3,P1
C60H24N12O17Zn4-2_1-MACE-OMat-D3,C60H24N12O17Zn4-2_1-MACE-OMat-D3,-0.136369,-834.099,MACE-OMat-D3,P1
C60H18N12O19Zn4-3_10-MACE-OMat-D3,C60H18N12O19Zn4-3_10-MACE-OMat-D3,-0.160426,-826.706,MACE-OMat-D3,P1
C56H32N8O21Zn4-0_5-MACE-OMat-D3,C56H32N8O21Zn4-0_5-MACE-OMat-D3,-0.242515,-823.074,MACE-OMat-D3,P1
C56H24N8O13S8Zn4-3_13-MACE-OMat-D3,C56H24N8O13S8Zn4-3_13-MACE-OMat-D3,-0.0907721,-771.482,MACE-OMat-D3,P1
C54H42N6O13Zn4-2_5-MACE-OMat-D3,C54H42N6O13Zn4-2_5-MACE-OMat-D3,-0.263201,-782.825,MACE-OMat-D3,P1
C54H24N12O13S3Zn4-1-MACE-OMat-D3,C54H24N12O13S3Zn4-1-MACE-OMat-D3,-0.110177,-767.69,MACE-OMat-D3,P1
C54H18N12O13S6Zn4-3_3-MACE-OMat-D3,C54H18N12O13S6Zn4-3_3-MACE-OMat-D3,-0.106272,-759.865,MACE-OMat-D3,P1
C54H18N12O13S6Zn4-3_15-MACE-OMat-D3,C54H18N12O13S6Zn4-3_15-MACE-OMat-D3,-0.111082,-760.38,MACE-OMat-D3,P1
C54H18N12O13S6Zn4-1_9-MACE-OMat-D3,C54H18N12O13S6Zn4-1_9-MACE-OMat-D3,-0.125836,-761.958,MACE-OMat-D3,P1
C52H44N8O17Zn4-0_13-MACE-OMat-D3,C52H44N8O17Zn4-0_13-MACE-OMat-D3,-0.264095,-809.095,MACE-OMat-D3,P1
C52H32N8O17Zn4-3_2-MACE-OMat-D3,C52H32N8O17Zn4-3_2-MACE-OMat-D3,-0.22787,-762.908,MACE-OMat-D3,P1
C52H32N12O17Zn4-0_3-MACE-OMat-D3,C52H32N12O17Zn4-0_3-MACE-OMat-D3,-0.250755,-799.875,MACE-OMat-D3,P1
C48H36N6O13Zn4-3_11-MACE-OMat-D3,C48H36N6O13Zn4-3_11-MACE-OMat-D3,-0.260281,-704.723,MACE-OMat-D3,P1
C48H32N8O13Zn4-0_8-MACE-OMat-D3,C48H32N8O13Zn4-0_8-MACE-OMat-D3,-0.271001,-709.042,MACE-OMat-D3,P1
C48H32N20O17Zn4-2_5-MACE-OMat-D3,C48H32N20O17Zn4-2_5-MACE-OMat-D3,-0.274904,-833.779,MACE-OMat-D3,P1
C48H28N4O17Zn4-3_1-MACE-OMat-D3,C48H28N4O17Zn4-3_1-MACE-OMat-D3,-0.276676,-681.971,MACE-OMat-D3,P1
C48H28N12O21Zn4-3_15-MACE-OMat-D3,C48H28N12O21Zn4-3_15-MACE-OMat-D3,-0.337653,-778.731,MACE-OMat-D3,P1
C48H28N12O21Zn4-1_7-MACE-OMat-D3,C48H28N12O21Zn4-1_7-MACE-OMat-D3,-0.222286,-765.694,MACE-OMat-D3,P1
C48H24N8O17Zn4-3-MACE-OMat-D3,C48H24N8O17Zn4-3-MACE-OMat-D3,-0.22637,-697.293,MACE-OMat-D3,P1
C48H24N12O19Zn4-1_7-MACE-OMat-D3,C48H24N12O19Zn4-1_7-MACE-OMat-D3,-0.230332,-742.35,MACE-OMat-D3,P1
C48H18N6O13S6Zn4-2_11-MACE-OMat-D3,C48H18N6O13S6Zn4-2_11-MACE-OMat-D3,-0.198,-662.068,MACE-OMat-D3,P1
C48H18N6O13S6Zn4-2_10-MACE-OMat-D3,C48H18N6O13S6Zn4-2_10-MACE-OMat-D3,-0.157289,-658.201,MACE-OMat-D3,P1
C48H18N12O19Zn4-0_5-MACE-OMat-D3,C48H18N12O19Zn4-0_5-MACE-OMat-D3,-0.285535,-727.081,MACE-OMat-D3,P1
C48H16N16O17Zn4-1_16-MACE-OMat-D3,C48H16N16O17Zn4-1_16-MACE-OMat-D3,-0.146859,-730.07,MACE-OMat-D3,P1
C48H16N16O17Zn4-0_4-MACE-OMat-D3,C48H16N16O17Zn4-0_4-MACE-OMat-D3,-0.150884,-730.476,MACE-OMat-D3,P1
C48H16N16O17Zn4-0_16-MACE-OMat-D3,C48H16N16O17Zn4-0_16-MACE-OMat-D3,-0.149234,-730.309,MACE-OMat-D3,P1
C44H40N8O13Zn4-0_15-MACE-OMat-D3,C44H40N8O13Zn4-0_15-MACE-OMat-D3,-0.268298,-699.003,MACE-OMat-D3,P1
C44H40N24O13Zn4-2_14-MACE-OMat-D3,C44H40N24O13Zn4-2_14-MACE-OMat-D3,-0.262751,-836.116,MACE-OMat-D3,P1
C44H40N20O17Zn4-3_4-MACE-OMat-D3,C44H40N20O17Zn4-3_4-MACE-OMat-D3,-0.328875,-830.796,MACE-OMat-D3,P1
C44H36N16O13Zn4-0_5-MACE-OMat-D3,C44H36N16O13Zn4-0_5-MACE-OMat-D3,-0.294121,-756.776,MACE-OMat-D3,P1
C44H32N8O13Zn4-2_13-MACE-OMat-D3,C44H32N8O13Zn4-2_13-MACE-OMat-D3,-0.266338,-670.709,MACE-OMat-D3,P1
C44H32N32O13Zn4-2_6-MACE-OMat-D3,C44H32N32O13Zn4-2_6-MACE-OMat-D3,-0.183611,-867.031,MACE-OMat-D3,P1
C44H28N16O21Zn4-3_6-MACE-OMat-D3,C44H28N16O21Zn4-3_6-MACE-OMat-D3,-0.296398,-770.669,MACE-OMat-D3,P1
C42H24N6O13Zn4-1-MACE-OMat-D3,C42H24N6O13Zn4-1-MACE-OMat-D3,-0.25812,-605.753,MACE-OMat-D3,P1
C42H24N6O13S3Zn4-2_11-MACE-OMat-D3,C42H24N6O13S3Zn4-2_11-MACE-OMat-D3,-0.256161,-618.733,MACE-OMat-D3,P1
C42H24N6O13S3Zn4-0_3-MACE-OMat-D3,C42H24N6O13S3Zn4-0_3-MACE-OMat-D3,-0.261458,-619.221,MACE-OMat-D3,P1
C40H36N8O13Zn4-2_16-MACE-OMat-D3,C40H36N8O13Zn4-2_16-MACE-OMat-D3,-0.311202,-651.437,MACE-OMat-D3,P1
C40H24N8O17Zn4-1_8-MACE-OMat-D3,C40H24N8O17Zn4-1_8-MACE-OMat-D3,-0.22704,-621.987,MACE-OMat-D3,P1
C40H20N8O17Zn4-0-MACE-OMat-D3,C40H20N8O17Zn4-0-MACE-OMat-D3,-0.231526,-608.504,MACE-OMat-D3,P1
C40H16N24O25Zn4-2-MACE-OMat-D3,C40H16N24O25Zn4-2-MACE-OMat-D3,-0.209099,-770.813,MACE-OMat-D3,P1
C38H28N4O13Zn4-3-MACE-OMat-D3,C38H28N4O13Zn4-3-MACE-OMat-D3,-0.301511,-568.519,MACE-OMat-D3,P1
C36H12N27O13Zn4-1_8-MACE-OMat-D3,C36H12N27O13Zn4-1_8-MACE-OMat-D3,-0.0639766,-669.81,MACE-OMat-D3,P1
C32H24N16O13Zn4-2_9-MACE-OMat-D3,C32H24N16O13Zn4-2_9-MACE-OMat-D3,-0.293078,-600.364,MACE-OMat-D3,P1
C30H24N18O13Zn4-3_1-MACE-OMat-D3,C30H24N18O13Zn4-3_1-MACE-OMat-D3,-0.291531,-598.526,MACE-OMat-D3,P1
C30H18N24O13Zn4-1_8-MACE-OMat-D3,C30H18N24O13Zn4-1_8-MACE-OMat-D3,-0.152542,-616.761,MACE-OMat-D3,P1
C28H24N16O13Zn4-3_5-MACE-OMat-D3,C28H24N16O13Zn4-3_5-MACE-OMat-D3,-0.327093,-565.304,MACE-OMat-D3,P1
C28H12N6O11Zn4-2_2-MACE-OMat-D3,C28H12N6O11Zn4-2_2-MACE-OMat-D3,-0.218717,-418.576,MACE-OMat-D3,P1
C24H24O17Zn4-1_16-MACE-OMat-D3,C24H24O17Zn4-1_16-MACE-OMat-D3,-0.534007,-423.848,MACE-OMat-D3,P1
C24H28N4O13Zn4-3_11-MACE-OMat-D3,C24H28N4O13Zn4-3_11-MACE-OMat-D3,-0.485343,-448.992,MACE-OMat-D3,P1
C24H20N12O13Zn4-2_14-MACE-OMat-D3,C24H20N12O13Zn4-2_14-MACE-OMat-D3,-0.415589,-484.707,MACE-OMat-D3,P1
C24H20N10O11Zn4-0_10-MACE-OMat-D3,C24H20N10O11Zn4-0_10-MACE-OMat-D3,-0.369001,-453.245,MACE-OMat-D3,P1
C24H16N2O11Zn4-0_7-MACE-OMat-D3,C24H16N2O11Zn4-0_7-MACE-OMat-D3,-0.304573,-365.413,MACE-OMat-D3,P1
C24H15O13Zn4-3_12-MACE-OMat-D3,C24H15O13Zn4-3_12-MACE-OMat-D3,-0.501518,-366.1,MACE-OMat-D3,P1
C21H18O13Zn4-3_13-MACE-OMat-D3,C21H18O13Zn4-3_13-MACE-OMat-D3,-0.529885,-349.836,MACE-OMat-D3,P1
C18H6N4O5S2Zn4-3-MACE-OMat-D3,C18H6N4O5S2Zn4-3-MACE-OMat-D3,0.137973,-250.324,MACE-OMat-D3,P1
C56H24N16O13Zn4-3_15-MACE-OMat-D3,C56H24N16O13Zn4-3_15-MACE-OMat-D3,-0.118296,-808.319,MACE-OMat-D3,P1
C56H24N12O21Zn4-1_2-MACE-OMat-D3,C56H24N12O21Zn4-1_2-MACE-OMat-D3,-0.228176,-827.855,MACE-OMat-D3,P1
C56H20N12O13Zn4-0_10-MACE-OMat-D3,C56H20N12O13Zn4-0_10-MACE-OMat-D3,-0.131794,-762.436,MACE-OMat-D3,P1
C52H20N8O13Zn4-3_3-MACE-OMat-D3,C52H20N8O13Zn4-3_3-MACE-OMat-D3,-0.154637,-693.441,MACE-OMat-D3,P1
C52H20N8O13Zn4-2_9-MACE-OMat-D3,C52H20N8O13Zn4-2_9-MACE-OMat-D3,-0.149253,-692.919,MACE-OMat-D3,P1
C51H42N6O19Zn4-1_4-MACE-OMat-D3,C51H42N6O19Zn4-1_4-MACE-OMat-D3,-0.290529,-789.053,MACE-OMat-D3,P1
C51H33N9O13Zn4-2_5-MACE-OMat-D3,C51H33N9O13Zn4-2_5-MACE-OMat-D3,-0.250746,-747.342,MACE-OMat-D3,P1
C50H34N6O13Zn4-2_11-MACE-OMat-D3,C50H34N6O13Zn4-2_11-MACE-OMat-D3,-0.244224,-714.907,MACE-OMat-D3,P1
C48H24N6O13S6Zn4-1_12-MACE-OMat-D3,C48H24N6O13S6Zn4-1_12-MACE-OMat-D3,-0.201771,-683.1,MACE-OMat-D3,P1
C48H24N16O13S8Zn4-0_4-MACE-OMat-D3,C48H24N16O13S8Zn4-0_4-MACE-OMat-D3,-0.154735,-771.909,MACE-OMat-D3,P1
C48H24N16O13S8Zn4-0_2-MACE-OMat-D3,C48H24N16O13S8Zn4-0_2-MACE-OMat-D3,-0.164214,-772.981,MACE-OMat-D3,P1
C36H30N9O13Zn4-1-MACE-OMat-D3,C36H30N9O13Zn4-1-MACE-OMat-D3,-0.357195,-604.971,MACE-OMat-D3,P1
C36H24N8O21Zn4-3_16-MACE-OMat-D3,C36H24N8O21Zn4-3_16-MACE-OMat-D3,-0.480317,-628.556,MACE-OMat-D3,P1
C36H26N6O11Zn4-3-MACE-OMat-D3,C36H26N6O11Zn4-3-MACE-OMat-D3,-0.239205,-544.058,MACE-OMat-D3,P1
C33H18O10Zn4-0_11-r2SCAN-D4,C33H18O10Zn4-0_11-r2SCAN-D4,-0.22257,-501.527,r2SCAN-D4,P1
C18H12O19Zn4-3_5-r2SCAN-D4,C18H12O19Zn4-3_5-r2SCAN-D4,-0.77118,-409.324,r2SCAN-D4,P1
C44H24N8O13S4Zn4-3_14-MACE-OMat-D3,C44H24N8O13S4Zn4-3_14-MACE-OMat-D3,-0.217119,-655.434,MACE-OMat-D3,P1
C44H20N8O13Zn4-3_10-MACE-OMat-D3,C44H20N8O13Zn4-3_10-MACE-OMat-D3,-0.178244,-620.748,MACE-OMat-D3,P1
C32H16N8O13Zn4-1_1-r2SCAN-D4,C32H16N8O13Zn4-1_1-r2SCAN-D4,-0.27907,-581.173,r2SCAN-D4,P1
C36H18N6O13S6Zn4-3_18-r2SCAN-D4,C36H18N6O13S6Zn4-3_18-r2SCAN-D4,-0.223649,-656.828,r2SCAN-D4,P1
C33H27N6O13Zn4-1_16-r2SCAN-D4,C33H27N6O13Zn4-1_16-r2SCAN-D4,-0.342307,-618.953,r2SCAN-D4,P1
C52H20N12O13Zn4-3_5-r2SCAN-D4,C52H20N12O13Zn4-3_5-r2SCAN-D4,-0.0615655,-817.792,r2SCAN-D4,P1
C44H20N16O5Zn4-0_2-r2SCAN-D4,Zn4H20C44N16O5,0.2593,-698.396,r2SCAN-D4,P1
C42H24N6O13Zn4-3_9-r2SCAN-D4,Zn4H24C42N6O13,-0.260815,-693.537,r2SCAN-D4,P1
C42H6N30O10Zn4-3_2-r2SCAN-D4,Zn2H3C21(N3O)5,0.285403,-784.006,r2SCAN-D4,P1
C40H24N8O17Zn4-3_9-r2SCAN-D4,Zn4H24C40N8O17,-0.26505,-716.526,r2SCAN-D4,P1
C42H18N24O10Zn4-2_3-r2SCAN-D4,Zn2H9C21N12O5,0.0406588,-792.855,r2SCAN-D4,P1
C40H20N8O17Zn4-1_13-r2SCAN-D4,Zn4H20C40N8O17,-0.200413,-695.885,r2SCAN-D4,P1
C38H28N4O13Zn4-2_8-r2SCAN-D4,Zn4H28C38N4O13,-0.311693,-652.899,r2SCAN-D4,P1
C40H20N8O17Zn4-0_15-r2SCAN-D4,Zn4H20C40N8O17,-0.207881,-696.55,r2SCAN-D4,P1
C36H30N9O13Zn4-1-r2SCAN-D4,Zn4H30C36N9O13,-0.321683,-688.012,r2SCAN-D4,P1
C40H24O13Zn4-3_13-r2SCAN-D4,Zn4H24C40O13,-0.341651,-623.057,r2SCAN-D4,P1
C24H16N8O21Zn4-0_13-r2SCAN-D4,Zn4H16C24N8O21,-0.462907,-561.025,r2SCAN-D4,P1
C40H20N8O13Zn4-3_12-r2SCAN-D4,Zn4H20C40N8O13,-0.228473,-674.185,r2SCAN-D4,P1
C36H18N6O13Zn4-2_6-r2SCAN-D4,Zn4H18C36N6O13,-0.285175,-611.439,r2SCAN-D4,P1
C36H18N6O13S6Zn4-2_8-r2SCAN-D4,Zn4H18C36S6N6O13,-0.194482,-654.408,r2SCAN-D4,P1
C34H22N8O15Zn4-2_11-r2SCAN-D4,Zn4H22C34N8O15,-0.331106,-640.7,r2SCAN-D4,P1
C24H24N8O17Zn4-2_4-r2SCAN-D4,Zn4H24C24N8O17,-0.446812,-566.008,r2SCAN-D4,P1
C48H28N4O13Zn4-1-r2SCAN-D4,Zn4H28C48N4O13,-0.233181,-748.571,r2SCAN-D4,P1
C48H18N12O19Zn4-1_6-r2SCAN-D4,Zn4H18C48N12O19,-0.254607,-825.233,r2SCAN-D4,P1
C48H18N12O19Zn4-1_3-r2SCAN-D4,Zn4H18C48N12O19,-0.182614,-817.962,r2SCAN-D4,P1
C48H16N12O9Zn4-3-r2SCAN-D4,Zn4H16C48(N4O3)3,0.105205,-725.031,r2SCAN-D4,P1
C60H18N12O19Zn4-3_15-r2SCAN-D4,Zn4H18C60N12O19,-0.128004,-934.186,r2SCAN-D4,P1
C60H18N12O13S6Zn4-3_1-r2SCAN-D4,Zn4H18C60S6N12O13,0.111927,-920.933,r2SCAN-D4,P1
C56H32N8O21Zn4-1_1-r2SCAN-D4,Zn4H32C56N8O21,-0.262933,-934.903,r2SCAN-D4,P1
C56H24N4O21Zn4-1_6-r2SCAN-D4,Zn4H24C56N4O21,-0.217171,-862.5,r2SCAN-D4,P1
C56H24N12O21Zn4-1_2-r2SCAN-D4,Zn4H24C56(N4O7)3,-0.185026,-933.685,r2SCAN-D4,P1
C56H24N8O13S8Zn4-0_6-r2SCAN-D4,Zn4H24C56S8N8O13,0.00513164,-893.332,r2SCAN-D4,P1
C56H20N12O13Zn4-2_6-r2SCAN-D4,Zn4H20C56N12O13,-0.086536,-860.728,r2SCAN-D4,P1
C54H30N6O19Zn4-2_4-r2SCAN-D4,Zn4H30C54N6O19,-0.228253,-871.989,r2SCAN-D4,P1
C54H30N6O19Zn4-0_3-r2SCAN-D4,Zn4H30C54N6O19,-0.21592,-870.595,r2SCAN-D4,P1
C54H24N12O13S3Zn4-0_5-r2SCAN-D4,Zn4H24C54S3N12O13,-0.0831724,-878.977,r2SCAN-D4,P1
C52H36N12O13Zn4-3_16-r2SCAN-D4,Zn4H36C52N12O13,-0.166286,-886.34,r2SCAN-D4,P1
C52H32N8O17Zn4-1_3-r2SCAN-D4,Zn4H32C52N8O17,-0.196288,-861.917,r2SCAN-D4,P1
C52H32N4O17Zn4-1_14-r2SCAN-D4,Zn4H32C52N4O17,-0.288302,-834.557,r2SCAN-D4,P1
C44H36N16O13Zn4-3_9-r2SCAN-D4,Zn4H36C44N16O13,-0.205032,-846.521,r2SCAN-D4,P1
C44H36N16O13Zn4-3_8-r2SCAN-D4,Zn4H36C44N16O13,-0.227964,-849.113,r2SCAN-D4,P1
C44H40N20O17Zn4-1_7-r2SCAN-D4,Zn4H40C44N20O17,-0.276611,-931.645,r2SCAN-D4,P1
C44H28N16O21Zn4-0_9-r2SCAN-D4,Zn4H28C44N16O21,-0.231573,-868.433,r2SCAN-D4,P1
C40H40N16O25Zn4-2_10-r2SCAN-D4,Zn4H40C40N16O25,-0.423812,-919.941,r2SCAN-D4,P1
C52H24N16O13Zn4-3_8-r2SCAN-D4,Zn4H24C52N16O13,-0.0916546,-871.996,r2SCAN-D4,P1
C48H32N4O21Zn4-1_1-r2SCAN-D4,Zn4H32C48N4O21,-0.371697,-826.863,r2SCAN-D4,P1
C48H30N12O13Zn4-3_7-r2SCAN-D4,Zn4H30C48N12O13,-0.141973,-821.266,r2SCAN-D4,P1
C44H40N24O13Zn4-2_6-r2SCAN-D4,Zn4H40C44N24O13,-0.183371,-933.311,r2SCAN-D4,P1
C48H32N20O17Zn4-3_2-r2SCAN-D4,Zn4H32C48N20O17,-0.185454,-931.922,r2SCAN-D4,P1
C48H28N12O17Zn4-1_9-r2SCAN-D4,Zn4H28C48N12O17,-0.21322,-845.686,r2SCAN-D4,P1
C48H24N6O19S6Zn4-1_8-r2SCAN-D4,Zn4H24C48S6N6O19,-0.227173,-838.445,r2SCAN-D4,P1
C48H24N6O19S6Zn4-0_6-r2SCAN-D4,Zn4H24C48S6N6O19,-0.179963,-833.394,r2SCAN-D4,P1
C46H30N8O15Zn4-2_3-r2SCAN-D4,Zn4H30C46N8O15,-0.233086,-785.086,r2SCAN-D4,P1
C42H24N6O13S3Zn4-2_6-r2SCAN-D4,Zn4H24C42S3N6O13,-0.238101,-716.622,r2SCAN-D4,P1
C64H24N16O13Zn4-1_5-MACE-OMat-D3,C64H24N16O13Zn4-1_5-MACE-OMat-D3,-0.0968938,-880.233,MACE-OMat-D3,P1
C60H30N6O25Zn4-3_4-MACE-OMat-D3,C60H30N6O25Zn4-3_4-MACE-OMat-D3,-0.308572,-865.696,MACE-OMat-D3,P1
C60H30N6O25Zn4-1_4-MACE-OMat-D3,C60H30N6O25Zn4-1_4-MACE-OMat-D3,-0.283102,-862.512,MACE-OMat-D3,P1
C60H30N12O19Zn4-3_7-MACE-OMat-D3,C60H30N12O19Zn4-3_7-MACE-OMat-D3,-0.183866,-870.486,MACE-OMat-D3,P1
C60H28N8O21Zn4-1_1-MACE-OMat-D3,C60H28N8O21Zn4-1_1-MACE-OMat-D3,-0.25433,-848.307,MACE-OMat-D3,P1
C60H24N8O17Zn4-2_16-MACE-OMat-D3,C60H24N8O17Zn4-2_16-MACE-OMat-D3,-0.171741,-804.173,MACE-OMat-D3,P1
C60H28N16O5Zn4-0_1-MACE-OMat-D3,C60H28N16O5Zn4-0_1-MACE-OMat-D3,0.120305,-791.526,MACE-OMat-D3,P1
C60H20N12O13Zn4-3_1-MACE-OMat-D3,C60H20N12O13Zn4-3_1-MACE-OMat-D3,-0.0954006,-795.775,MACE-OMat-D3,P1
C60H16N16O13Zn4-1_5-MACE-OMat-D3,C60H16N16O13Zn4-1_5-MACE-OMat-D3,-0.0802016,-814.522,MACE-OMat-D3,P1
C56H32N4O17Zn4-2-MACE-OMat-D3,C56H32N4O17Zn4-2-MACE-OMat-D3,-0.272422,-771.342,MACE-OMat-D3,P1
C56H16N12O13Zn4-2_1-MACE-OMat-D3,C56H16N12O13Zn4-2_1-MACE-OMat-D3,-0.094993,-745.217,MACE-OMat-D3,P1
C54H30N6O13Zn4-2_7-MACE-OMat-D3,C54H30N6O13Zn4-2_7-MACE-OMat-D3,-0.200998,-734.085,MACE-OMat-D3,P1
C54H24N12O19Zn4-1-MACE-OMat-D3,C54H24N12O19Zn4-1-MACE-OMat-D3,-0.209286,-796.522,MACE-OMat-D3,P1
C52H32N12O17Zn4-3_3-MACE-OMat-D3,C52H32N12O17Zn4-3_3-MACE-OMat-D3,-0.255264,-800.403,MACE-OMat-D3,P1
C52H24N16O13Zn4-1_9-MACE-OMat-D3,C52H24N16O13Zn4-1_9-MACE-OMat-D3,-0.150662,-774.595,MACE-OMat-D3,P1
C52H24N8O17Zn4-0-MACE-OMat-D3,C52H24N8O17Zn4-0-MACE-OMat-D3,-0.233326,-735.708,MACE-OMat-D3,P1
C48H40N12O17Zn4-3_10-MACE-OMat-D3,C48H40N12O17Zn4-3_10-MACE-OMat-D3,-0.29542,-795.454,MACE-OMat-D3,P1
C48H40N12O17Zn4-1_13-MACE-OMat-D3,C48H40N12O17Zn4-1_13-MACE-OMat-D3,-0.304024,-796.495,MACE-OMat-D3,P1
C48H39N6O16Zn4-2_12-MACE-OMat-D3,C48H39N6O16Zn4-2_12-MACE-OMat-D3,-0.263368,-731.209,MACE-OMat-D3,P1
C48H24O21Zn4-1_12-MACE-OMat-D3,C48H24O21Zn4-1_12-MACE-OMat-D3,-0.446359,-670.762,MACE-OMat-D3,P1
C48H18N12O19Zn4-3_10-MACE-OMat-D3,C48H18N12O19Zn4-3_10-MACE-OMat-D3,-0.279494,-726.471,MACE-OMat-D3,P1
C48H18N12O19Zn4-1_6-MACE-OMat-D3,C48H18N12O19Zn4-1_6-MACE-OMat-D3,-0.285137,-727.041,MACE-OMat-D3,P1
C46H30N8O15Zn4-2_14-MACE-OMat-D3,C46H30N8O15Zn4-2_14-MACE-OMat-D3,-0.259537,-692.339,MACE-OMat-D3,P1
C44H40N24O13Zn4-3_6-MACE-OMat-D3,C44H40N24O13Zn4-3_6-MACE-OMat-D3,-0.278502,-838.085,MACE-OMat-D3,P1
C44H40N20O17Zn4-3-MACE-OMat-D3,C44H40N20O17Zn4-3-MACE-OMat-D3,-0.354198,-833.961,MACE-OMat-D3,P1
C44H40N20O17Zn4-1_2-MACE-OMat-D3,C44H40N20O17Zn4-1_2-MACE-OMat-D3,-0.349807,-833.413,MACE-OMat-D3,P1
C42H36N18O10Zn4-2_5-MACE-OMat-D3,C42H36N18O10Zn4-2_5-MACE-OMat-D3,-0.211725,-730.286,MACE-OMat-D3,P1
C40H36N8O13Zn4-5_10-MACE-OMat-D3,C40H36N8O13Zn4-5_10-MACE-OMat-D3,-0.310654,-651.381,MACE-OMat-D3,P1
C40H24N8O13Zn4-1_3-MACE-OMat-D3,C40H24N8O13Zn4-1_3-MACE-OMat-D3,-0.234244,-601.928,MACE-OMat-D3,P1
C40H20N8O17Zn4-3_6-MACE-OMat-D3,C40H20N8O17Zn4-3_6-MACE-OMat-D3,-0.243881,-609.603,MACE-OMat-D3,P1
C40H16N24O25Zn4-2_4-MACE-OMat-D3,C40H16N24O25Zn4-2_4-MACE-OMat-D3,-0.167734,-766.304,MACE-OMat-D3,P1
C33H30N15O13Zn4-3_15-MACE-OMat-D3,C33H30N15O13Zn4-3_15-MACE-OMat-D3,-0.346048,-627.467,MACE-OMat-D3,P1
C32H24N16O13Zn4-0_4-MACE-OMat-D3,C32H24N16O13Zn4-0_4-MACE-OMat-D3,-0.278274,-599.046,MACE-OMat-D3,P1
C27H27N9O13Zn4-2_10-MACE-OMat-D3,C27H27N9O13Zn4-2_10-MACE-OMat-D3,-0.450017,-515.627,MACE-OMat-D3,P1
C26H14N2O11Zn4-1_14-MACE-OMat-D3,C26H14N2O11Zn4-1_14-MACE-OMat-D3,-0.288662,-376.408,MACE-OMat-D3,P1
C24H20N8O9S8Zn4-3-MACE-OMat-D3,C24H20N8O9S8Zn4-3-MACE-OMat-D3,-0.202357,-449.0,MACE-OMat-D3,P1
C24H24N24O13Zn4-2_9-MACE-OMat-D3,C24H24N24O13Zn4-2_9-MACE-OMat-D3,-0.291734,-593.444,MACE-OMat-D3,P1
C20H12N8O11Zn4-1_3-MACE-OMat-D3,C20H12N8O11Zn4-1_3-MACE-OMat-D3,-0.259196,-362.622,MACE-OMat-D3,P1
C18H18N6O13Zn4-0_14-MACE-OMat-D3,C18H18N6O13Zn4-0_14-MACE-OMat-D3,-0.570947,-376.332,MACE-OMat-D3,P1
C18H12O19Zn4-0_3-MACE-OMat-D3,C18H12O19Zn4-0_3-MACE-OMat-D3,-0.741147,-342.086,MACE-OMat-D3,P1
C18H12O19Zn4-0_20-MACE-OMat-D3,C18H12O19Zn4-0_20-MACE-OMat-D3,-0.75095,-342.605,MACE-OMat-D3,P1
C21H18O13Zn4-0_12-r2SCAN-D4,C21H18O13Zn4-0_12-r2SCAN-D4,-0.544813,-414.828,r2SCAN-D4,P1
C20H12O15Zn4-0-r2SCAN-D4,C20H12O15Zn4-0-r2SCAN-D4,-0.537906,-392.635,r2SCAN-D4,P1
C21H18O13Zn4-1_13-r2SCAN-D4,C21H18O13Zn4-1_13-r2SCAN-D4,-0.495613,-412.073,r2SCAN-D4,P1
C56H24N16O13Zn4-1_10-MACE-OMat-D3,C56H24N16O13Zn4-1_10-MACE-OMat-D3,-0.125018,-809.079,MACE-OMat-D3,P1
C56H24N12O21Zn4-2_9-MACE-OMat-D3,C56H24N12O21Zn4-2_9-MACE-OMat-D3,-0.240218,-829.264,MACE-OMat-D3,P1
C56H24N12O21Zn4-0_1-MACE-OMat-D3,C56H24N12O21Zn4-0_1-MACE-OMat-D3,-0.184072,-822.694,MACE-OMat-D3,P1
C52H20N8O13Zn4-2_15-MACE-OMat-D3,C52H20N8O13Zn4-2_15-MACE-OMat-D3,-0.0655285,-684.797,MACE-OMat-D3,P1
C51H42N6O19Zn4-3_3-MACE-OMat-D3,C51H42N6O19Zn4-3_3-MACE-OMat-D3,-0.334254,-794.387,MACE-OMat-D3,P1
C51H33N9O13Zn4-1_11-MACE-OMat-D3,C51H33N9O13Zn4-1_11-MACE-OMat-D3,-0.222854,-744.274,MACE-OMat-D3,P1
C48H42N12O13Zn4-2_14-MACE-OMat-D3,C48H42N12O13Zn4-2_14-MACE-OMat-D3,-0.263145,-777.718,MACE-OMat-D3,P1
C48H24N6O10S6Zn4-0_10-MACE-OMat-D3,C48H24N6O10S6Zn4-0_10-MACE-OMat-D3,-0.0444469,-652.232,MACE-OMat-D3,P1
C48H24N20O13Zn4-1_6-MACE-OMat-D3,C48H24N20O13Zn4-1_6-MACE-OMat-D3,-0.169153,-773.21,MACE-OMat-D3,P1
C36H24N15O13Zn4-3_16-MACE-OMat-D3,C36H24N15O13Zn4-3_16-MACE-OMat-D3,-0.260633,-626.692,MACE-OMat-D3,P1
C36H18N6O13Zn4-0_3-MACE-OMat-D3,C36H18N6O13Zn4-0_3-MACE-OMat-D3,-0.281286,-529.809,MACE-OMat-D3,P1
C36H12N8O13Zn4-2_12-MACE-OMat-D3,C36H12N8O13Zn4-2_12-MACE-OMat-D3,-0.229755,-522.149,MACE-OMat-D3,P1
C26H14N2O11Zn4-1_14.0-r2SCAN-D4,C26H14N2O11Zn4-1_14.0-r2SCAN-D4,-0.276674,-443.006,r2SCAN-D4,P1
C28H20N8O11Zn4-0_3-r2SCAN-D4,C28H20N8O11Zn4-0_3-r2SCAN-D4,-0.270235,-542.105,r2SCAN-D4,P1
C30H18N6O13Zn4-5_15-r2SCAN-D4,C30H18N6O13Zn4-5_15-r2SCAN-D4,-0.324672,-552.43,r2SCAN-D4,P1
C24H20N8O17Zn4-0_4-r2SCAN-D4,C24H20N8O17Zn4-0_4-r2SCAN-D4,-0.509518,-554.971,r2SCAN-D4,P1
C48H24N12O19Zn4-1_8-MACE-OMat-D3,C48H24N12O19Zn4-1_8-MACE-OMat-D3,-0.211153,-740.298,MACE-OMat-D3,P1
C44H28N16O13Zn4-2_8-MACE-OMat-D3,C44H28N16O13Zn4-2_8-MACE-OMat-D3,-0.234087,-722.17,MACE-OMat-D3,P1
C44H24N8O17Zn4-2_12-MACE-OMat-D3,C44H24N8O17Zn4-2_12-MACE-OMat-D3,-0.243699,-661.29,MACE-OMat-D3,P1
C44H24N8O13S4Zn4-1_8-MACE-OMat-D3,C44H24N8O13S4Zn4-1_8-MACE-OMat-D3,-0.224804,-656.18,MACE-OMat-D3,P1
C28H12N6O11Zn4-2_2-r2SCAN-D4,C28H12N6O11Zn4-2_2-r2SCAN-D4,-0.185584,-488.281,r2SCAN-D4,P1
C28H16N2O9Zn4-3_7.0-r2SCAN-D4,C28H16N2O9Zn4-3_7.0-r2SCAN-D4,-0.130052,-450.215,r2SCAN-D4,P1
C36H24N6O10Zn4-1_4-r2SCAN-D4,C36H24N6O10Zn4-1_4-r2SCAN-D4,-0.168576,-606.245,r2SCAN-D4,P1
C34H22N8O15Zn4-0_15-r2SCAN-D4,C34H22N8O15Zn4-0_15-r2SCAN-D4,-0.315417,-639.398,r2SCAN-D4,P1
C48H28N4O17Zn4-3_2-r2SCAN-D4,C48H28N4O17Zn4-3_2-r2SCAN-D4,-0.272476,-776.756,r2SCAN-D4,P1
Al1C8Cl1F2H4O3-15-r2SCAN-D4,Al1C8Cl1F2H4O3-15-r2SCAN-D4,-0.402275,-138.4,r2SCAN-D4,P1
C44H24N8O17Zn4-1_4-r2SCAN-D4,Zn4H24C44N8O17,-0.276766,-758.791,r2SCAN-D4,P1
C44H24N8O13S4Zn4-3_13-r2SCAN-D4,Zn4H24C44S4N8O13,-0.1538,-756.103,r2SCAN-D4,P1
C44H24N8O13S4Zn4-1_11-r2SCAN-D4,Zn4H24C44S4N8O13,-0.134376,-754.219,r2SCAN-D4,P1
C44H20N8O13S4Zn4-3_10-r2SCAN-D4,Zn4H20C44S4N8O13,-0.0514814,-732.144,r2SCAN-D4,P1
C42H24N6O25Zn4-3_5-r2SCAN-D4,Zn4H24C42N6O25,-0.439568,-784.573,r2SCAN-D4,P1
C42H24N6O13Zn4-3_7-r2SCAN-D4,Zn4H24C42N6O13,-0.261521,-693.6,r2SCAN-D4,P1
C42H24N6O13Zn4-3_14-r2SCAN-D4,Zn4H24C42N6O13,-0.261001,-693.553,r2SCAN-D4,P1
C40H20N8O17Zn4-0_16-r2SCAN-D4,Zn4H20C40N8O17,-0.19142,-695.085,r2SCAN-D4,P1
C36H32N12O17Zn4-2_7-r2SCAN-D4,Zn4H32C36N12O17,-0.359024,-752.33,r2SCAN-D4,P1
C36H30N9O13Zn4-2-r2SCAN-D4,Zn4H30C36N9O13,-0.291008,-685.19,r2SCAN-D4,P1
C48H24N8O17Zn4-1_2-r2SCAN-D4,Zn4H24C48N8O17,-0.18577,-790.775,r2SCAN-D4,P1
C36H24N6O13Zn4-1_9-r2SCAN-D4,Zn4H24C36N6O13,-0.292902,-634.533,r2SCAN-D4,P1
C48H18N12O19Zn4-2_14-r2SCAN-D4,Zn4H18C48N12O19,-0.183516,-818.053,r2SCAN-D4,P1
C44H32O17Zn4-1_12-r2SCAN-D4,Zn4H32C44O17,-0.345693,-719.923,r2SCAN-D4,P1
C36H18N21O13Zn4-2_14-r2SCAN-D4,Zn4H18C36N21O13,-0.116383,-737.454,r2SCAN-D4,P1
C64H28N12O17Zn4-3_3-r2SCAN-D4,Zn4H28C64N12O17,-0.0760639,-992.225,r2SCAN-D4,P1
C60H36N12O13Zn4-3_1-r2SCAN-D4,Zn4H36C60N12O13,-0.0969618,-959.141,r2SCAN-D4,P1
C60H20N12O13Zn4-2_13-r2SCAN-D4,Zn4H20C60N12O13,-0.0379001,-895.841,r2SCAN-D4,P1
C60H24N12O13S6Zn4-0_14-r2SCAN-D4,Zn4H24C60S6N12O13,-0.000849851,-954.424,r2SCAN-D4,P1
C60H16N16O13Zn4-2_3-r2SCAN-D4,Zn4H16C60N16O13,-0.0149739,-916.119,r2SCAN-D4,P1
C60H16N16O13Zn4-1_6-r2SCAN-D4,Zn4H16C60N16O13,-0.0148932,-916.11,r2SCAN-D4,P1
C56H40N4O13Zn4-3_4-r2SCAN-D4,Zn4H40C56N4O13,-0.20261,-871.277,r2SCAN-D4,P1
C60H16N16O13Zn4-0_14-r2SCAN-D4,Zn4H16C60N16O13,0.0207603,-912.224,r2SCAN-D4,P1
C56H36N8O13Zn4-1_14-r2SCAN-D4,Zn4H36C56N8O13,-0.125435,-885.024,r2SCAN-D4,P1
C56H8N40O13Zn4-0_6-r2SCAN-D4,Zn4H8C56N40O13,0.197947,-1042.44,r2SCAN-D4,P1
C56H32N4O17Zn4-0_13-r2SCAN-D4,Zn4H32C56N4O17,-0.208293,-866.737,r2SCAN-D4,P1
C56H24N16O13Zn4-0_13-r2SCAN-D4,Zn4H24C56N16O13,-0.0601786,-908.874,r2SCAN-D4,P1
C56H24N16O13Zn4-0_9-r2SCAN-D4,Zn4H24C56N16O13,-0.0422653,-906.85,r2SCAN-D4,P1
C56H20N12O13Zn4-0_12-r2SCAN-D4,Zn4H20C56N12O13,-0.0842466,-860.488,r2SCAN-D4,P1
C54H30N6O13Zn4-0_1-r2SCAN-D4,Zn4H30C54N6O13,-0.176548,-830.161,r2SCAN-D4,P1
C54H24N12O19Zn4-3_13-r2SCAN-D4,Zn4H24C54N12O19,-0.17988,-900.688,r2SCAN-D4,P1
C54H18N12O13S6Zn4-0_15-r2SCAN-D4,Zn4H18C54S6N12O13,-0.048271,-878.644,r2SCAN-D4,P1
C52H44N8O17Zn4-2_8-r2SCAN-D4,Zn4H44C52N8O17,-0.235893,-910.706,r2SCAN-D4,P1
C54H18N12O13S6Zn4-0_16-r2SCAN-D4,Zn4H18C54S6N12O13,-0.00962593,-874.509,r2SCAN-D4,P1
C52H32N4O13Zn4-3_4-r2SCAN-D4,Zn4H32C52N4O13,-0.232392,-804.249,r2SCAN-D4,P1
C44H40N20O17Zn4-0_5-r2SCAN-D4,Zn4H40C44N20O17,-0.284547,-932.637,r2SCAN-D4,P1
C40H16N24O25Zn4-3_2-r2SCAN-D4,Zn4H16C40N24O25,-0.176345,-876.428,r2SCAN-D4,P1
C52H28N4O21Zn4-1_1-r2SCAN-D4,Zn4H28C52N4O21,-0.316579,-847.095,r2SCAN-D4,P1
C52H24N8O17Zn4-0_8-r2SCAN-D4,Zn4H24C52N8O17,-0.224875,-835.693,r2SCAN-D4,P1
C52H28N12O17Zn4-1_6-r2SCAN-D4,Zn4H28C52N12O17,-0.156234,-880.167,r2SCAN-D4,P1
C51H42N6O19Zn4-3_8-r2SCAN-D4,Zn4H42C51N6O19,-0.282725,-892.121,r2SCAN-D4,P1
C48H52N8O13Zn4-3_14-r2SCAN-D4,Zn4H52C48N8O13,-0.239227,-875.426,r2SCAN-D4,P1
C48H40N12O17Zn4-3_10-r2SCAN-D4,Zn4H40C48N12O17,-0.266065,-896.122,r2SCAN-D4,P1
C48H32N8O17Zn4-2_8-r2SCAN-D4,Zn4H32C48N8O17,-0.249015,-826.811,r2SCAN-D4,P1
C48H32N8O13Zn4-3_6-r2SCAN-D4,Zn4H32C48N8O13,-0.221965,-799.691,r2SCAN-D4,P1
C48H36N12O13S4Zn4-0_16-r2SCAN-D4,Zn4H36C48S4N12O13,-0.152256,-877.154,r2SCAN-D4,P1
C48H36N12O13S4Zn4-2_5-r2SCAN-D4,Zn4H36C48S4N12O13,-0.196375,-882.316,r2SCAN-D4,P1
C48H32N8O17S4Zn4-2_11-r2SCAN-D4,Zn4H32C48S4N8O17,-0.214658,-856.448,r2SCAN-D4,P1
C52H32N8O13Zn4-0_10-r2SCAN-D4,Zn4H32C52N8O13,-0.200108,-838.264,r2SCAN-D4,P1
C54H24N12O13S3Zn4-3_1-r2SCAN-D4,Zn4H24C54S3N12O13,-0.076748,-878.27,r2SCAN-D4,P1
C48H32N20O17Zn4-0_5-r2SCAN-D4,Zn4H32C48N20O17,-0.179663,-931.221,r2SCAN-D4,P1
C48H12N30O10Zn4-2_2-r2SCAN-D4,Zn2H6C24(N3O)5,0.161892,-874.27,r2SCAN-D4,P1
C48H28N12O21Zn4-0_10-r2SCAN-D4,Zn4H28C48(N4O7)3,-0.281949,-877.589,r2SCAN-D4,P1
C48H24N6O19S6Zn4-3_3-r2SCAN-D4,Zn4H24C48S6N6O19,-0.205283,-836.103,r2SCAN-D4,P1
C48H24N12O19Zn4-1_7-r2SCAN-D4,Zn4H24C48N12O19,-0.184248,-839.974,r2SCAN-D4,P1
C48H24N12O19Zn4-2_2-r2SCAN-D4,Zn4H24C48N12O19,-0.16433,-837.843,r2SCAN-D4,P1
C24H20N12O13Zn4-2_15-r2SCAN-D4,Zn4H20C24N12O13,-0.359519,-557.342,r2SCAN-D4,P1
C60H30N6O25Zn4-3_4-r2SCAN-D4,Zn4H30C60N6O25,-0.283106,-976.613,r2SCAN-D4,P1
C64H36N4O13Zn4-0_12-MACE-OMat-D3,C64H36N4O13Zn4-0_12-MACE-OMat-D3,-0.162597,-826.973,MACE-OMat-D3,P1
C60H16N16O13Zn4-3_10-MACE-OMat-D3,C60H16N16O13Zn4-3_10-MACE-OMat-D3,-0.0626464,-812.609,MACE-OMat-D3,P1
C56H32N8O21Zn4-3_10-MACE-OMat-D3,C56H32N8O21Zn4-3_10-MACE-OMat-D3,-0.23394,-822.036,MACE-OMat-D3,P1
C54H18N12O13S6Zn4-0_17-MACE-OMat-D3,C54H18N12O13S6Zn4-0_17-MACE-OMat-D3,-0.108136,-760.064,MACE-OMat-D3,P1
C52H32N4O17Zn4-2_16-MACE-OMat-D3,C52H32N4O17Zn4-2_16-MACE-OMat-D3,-0.281666,-734.482,MACE-OMat-D3,P1
C52H32N4O17Zn4-2_12-MACE-OMat-D3,C52H32N4O17Zn4-2_12-MACE-OMat-D3,-0.299174,-736.39,MACE-OMat-D3,P1
C52H28N4O21Zn4-2_9-MACE-OMat-D3,C52H28N4O21Zn4-2_9-MACE-OMat-D3,-0.357771,-749.595,MACE-OMat-D3,P1
C48H39N6O16Zn4-1-MACE-OMat-D3,C48H39N6O16Zn4-1-MACE-OMat-D3,-0.286828,-733.86,MACE-OMat-D3,P1
C48H36N6O13Zn4-2_13-MACE-OMat-D3,C48H36N6O13Zn4-2_13-MACE-OMat-D3,-0.251031,-703.733,MACE-OMat-D3,P1
C48H36N6O13S3Zn4-3_7-MACE-OMat-D3,C48H36N6O13S3Zn4-3_7-MACE-OMat-D3,-0.251866,-716.965,MACE-OMat-D3,P1
C48H32N8O17Zn4-2_8-MACE-OMat-D3,C48H32N8O17Zn4-2_8-MACE-OMat-D3,-0.276687,-730.539,MACE-OMat-D3,P1
C48H32N8O17Zn4-0_6-MACE-OMat-D3,C48H32N8O17Zn4-0_6-MACE-OMat-D3,-0.217923,-724.134,MACE-OMat-D3,P1
C48H32N4O21Zn4-3_15-MACE-OMat-D3,C48H32N4O21Zn4-3_15-MACE-OMat-D3,-0.349889,-724.932,MACE-OMat-D3,P1
C48H32N20O17Zn4-0_3-MACE-OMat-D3,C48H32N20O17Zn4-0_3-MACE-OMat-D3,-0.298086,-836.584,MACE-OMat-D3,P1
C48H30N12O13Zn4-1_3-MACE-OMat-D3,C48H30N12O13Zn4-1_3-MACE-OMat-D3,-0.242551,-733.431,MACE-OMat-D3,P1
C48H28N12O21Zn4-2_15-MACE-OMat-D3,C48H28N12O21Zn4-2_15-MACE-OMat-D3,-0.332569,-778.156,MACE-OMat-D3,P1
C48H24N8O17Zn4-2_13-MACE-OMat-D3,C48H24N8O17Zn4-2_13-MACE-OMat-D3,-0.239803,-698.65,MACE-OMat-D3,P1
C48H24N8O17S4Zn4-0_9-MACE-OMat-D3,C48H24N8O17S4Zn4-0_9-MACE-OMat-D3,-0.229934,-715.088,MACE-OMat-D3,P1
C48H24N8O13S8Zn4-3_3-MACE-OMat-D3,C48H24N8O13S8Zn4-3_3-MACE-OMat-D3,-0.16392,-704.879,MACE-OMat-D3,P1
C48H24N12O19Zn4-0_14-MACE-OMat-D3,C48H24N12O19Zn4-0_14-MACE-OMat-D3,-0.23799,-743.17,MACE-OMat-D3,P1
C48H18N6O13S6Zn4-1_6-MACE-OMat-D3,C48H18N6O13S6Zn4-1_6-MACE-OMat-D3,-0.187869,-661.106,MACE-OMat-D3,P1
C48H18N12O19Zn4-3_11-MACE-OMat-D3,C48H18N12O19Zn4-3_11-MACE-OMat-D3,-0.265785,-725.086,MACE-OMat-D3,P1
C48H18N12O19Zn4-1_16-MACE-OMat-D3,C48H18N12O19Zn4-1_16-MACE-OMat-D3,-0.173774,-715.793,MACE-OMat-D3,P1
C48H16N16O17Zn4-1_3-MACE-OMat-D3,C48H16N16O17Zn4-1_3-MACE-OMat-D3,-0.151808,-730.569,MACE-OMat-D3,P1
C45H24N6O13Zn4-3_12-MACE-OMat-D3,C45H24N6O13Zn4-3_12-MACE-OMat-D3,-0.171964,-626.185,MACE-OMat-D3,P1
C44H36N4O17Zn4-3-MACE-OMat-D3,C44H36N4O17Zn4-3-MACE-OMat-D3,-0.344975,-679.42,MACE-OMat-D3,P1
C44H36N4O13Zn4-0_2-MACE-OMat-D3,C44H36N4O13Zn4-0_2-MACE-OMat-D3,-0.325285,-656.259,MACE-OMat-D3,P1
C44H36N16O13Zn4-3_15-MACE-OMat-D3,C44H36N16O13Zn4-3_15-MACE-OMat-D3,-0.29876,-757.301,MACE-OMat-D3,P1
C44H36N16O13Zn4-0_6-MACE-OMat-D3,C44H36N16O13Zn4-0_6-MACE-OMat-D3,-0.291541,-756.485,MACE-OMat-D3,P1
C44H16N40O13Zn4-0-MACE-OMat-D3,C44H16N40O13Zn4-0-MACE-OMat-D3,0.0112526,-857.62,MACE-OMat-D3,P1
C42H30N12O16Zn4-2_2-MACE-OMat-D3,C42H30N12O16Zn4-2_2-MACE-OMat-D3,-0.351033,-703.662,MACE-OMat-D3,P1
C42H30N12O16Zn4-2_16-MACE-OMat-D3,C42H30N12O16Zn4-2_16-MACE-OMat-D3,-0.320204,-700.456,MACE-OMat-D3,P1
C42H24N6O13S3Zn4-3_13-MACE-OMat-D3,C42H24N6O13S3Zn4-3_13-MACE-OMat-D3,-0.254793,-618.608,MACE-OMat-D3,P1
C42H24N6O13S3Zn4-0_5-MACE-OMat-D3,C42H24N6O13S3Zn4-0_5-MACE-OMat-D3,-0.246057,-617.804,MACE-OMat-D3,P1
C40H24N8O13Zn4-2_2-MACE-OMat-D3,C40H24N8O13Zn4-2_2-MACE-OMat-D3,-0.236282,-602.109,MACE-OMat-D3,P1
C38H28N4O13Zn4-2_13-MACE-OMat-D3,C38H28N4O13Zn4-2_13-MACE-OMat-D3,-0.315814,-569.763,MACE-OMat-D3,P1
C33H30N15O13Zn4-2_10-MACE-OMat-D3,C33H30N15O13Zn4-2_10-MACE-OMat-D3,-0.356192,-628.431,MACE-OMat-D3,P1
C32H16N4O5S8Zn4-0-MACE-OMat-D3,C32H16N4O5S8Zn4-0-MACE-OMat-D3,0.0933363,-435.2,MACE-OMat-D3,P1
C30H20O13S2Zn4-3-MACE-OMat-D3,C30H20O13S2Zn4-3-MACE-OMat-D3,-0.337384,-440.939,MACE-OMat-D3,P1
C30H18O22Zn4-3_2-MACE-OMat-D3,C30H18O22Zn4-3_2-MACE-OMat-D3,-0.561916,-489.029,MACE-OMat-D3,P1
C28H20N4O13Zn4-2_1-MACE-OMat-D3,C28H20N4O13Zn4-2_1-MACE-OMat-D3,-0.382593,-450.79,MACE-OMat-D3,P1
C24H15O13Zn4-1_1-MACE-OMat-D3,C24H15O13Zn4-1_1-MACE-OMat-D3,-0.477197,-364.738,MACE-OMat-D3,P1
C18H12O19Zn4-0_32-MACE-OMat-D3,C18H12O19Zn4-0_32-MACE-OMat-D3,-0.739331,-341.989,MACE-OMat-D3,P1
C18H12O19Zn4-0_8-MACE-OMat-D3,C18H12O19Zn4-0_8-MACE-OMat-D3,-0.745686,-342.326,MACE-OMat-D3,P1
C18H15N3O13Zn4-3_15-r2SCAN-D4,C18H15N3O13Zn4-3_15-r2SCAN-D4,-0.585222,-402.367,r2SCAN-D4,P1
C18H12O19Zn4-2_4-r2SCAN-D4,C18H12O19Zn4-2_4-r2SCAN-D4,-0.768088,-409.16,r2SCAN-D4,P1
C56H24N4O21Zn4-0_16-MACE-OMat-D3,C56H24N4O21Zn4-0_16-MACE-OMat-D3,-0.217086,-758.064,MACE-OMat-D3,P1
C56H24N16O17Zn4-2_3-MACE-OMat-D3,C56H24N16O17Zn4-2_3-MACE-OMat-D3,-0.144813,-831.687,MACE-OMat-D3,P1
C56H24N16O5Zn4-1-MACE-OMat-D3,C56H24N16O5Zn4-1-MACE-OMat-D3,0.189873,-735.43,MACE-OMat-D3,P1
C56H24N16O13S8Zn4-2_14-MACE-OMat-D3,C56H24N16O13S8Zn4-2_14-MACE-OMat-D3,-0.0789471,-837.534,MACE-OMat-D3,P1
C56H20N4O9Zn4-3-MACE-OMat-D3,C56H20N4O9Zn4-3-MACE-OMat-D3,0.0173407,-660.436,MACE-OMat-D3,P1
C56H20N12O13Zn4-0_16-MACE-OMat-D3,C56H20N12O13Zn4-0_16-MACE-OMat-D3,-0.139505,-763.246,MACE-OMat-D3,P1
C48H42N12O13Zn4-3_13-MACE-OMat-D3,C48H42N12O13Zn4-3_13-MACE-OMat-D3,-0.267582,-778.246,MACE-OMat-D3,P1
C48H42N12O13Zn4-1_3-MACE-OMat-D3,C48H42N12O13Zn4-1_3-MACE-OMat-D3,-0.268532,-778.359,MACE-OMat-D3,P1
C48H24N6O13S9Zn4-2-MACE-OMat-D3,C48H24N6O13S9Zn4-2-MACE-OMat-D3,-0.130368,-688.665,MACE-OMat-D3,P1
C48H24N6O13S9Zn4-1_12-MACE-OMat-D3,C48H24N6O13S9Zn4-1_12-MACE-OMat-D3,-0.152928,-691.012,MACE-OMat-D3,P1
C48H24N28O17Zn4-3-MACE-OMat-D3,C48H24N28O17Zn4-3-MACE-OMat-D3,-0.19566,-864.997,MACE-OMat-D3,P1
C44H20N8O13Zn4-0_4-MACE-OMat-D3,C44H20N8O13Zn4-0_4-MACE-OMat-D3,-0.175607,-620.513,MACE-OMat-D3,P1
C36H30N9O13Zn4-3_5-MACE-OMat-D3,C36H30N9O13Zn4-3_5-MACE-OMat-D3,-0.332434,-602.693,MACE-OMat-D3,P1
C36H24N6O13Zn4-3_13-MACE-OMat-D3,C36H24N6O13Zn4-3_13-MACE-OMat-D3,-0.289603,-551.649,MACE-OMat-D3,P1
C36H24N6O10Zn4-3_4-MACE-OMat-D3,C36H24N6O10Zn4-3_4-MACE-OMat-D3,-0.140658,-524.021,MACE-OMat-D3,P1
C36H18N6O13Zn4-3_13-MACE-OMat-D3,C36H18N6O13Zn4-3_13-MACE-OMat-D3,-0.283882,-530.009,MACE-OMat-D3,P1
C36H18N6O13S3Zn4-0_15-MACE-OMat-D3,C36H18N6O13S3Zn4-0_15-MACE-OMat-D3,-0.276885,-542.687,MACE-OMat-D3,P1
C36H18N6O13S3Zn4-0-MACE-OMat-D3,C36H18N6O13S3Zn4-0-MACE-OMat-D3,-0.28705,-543.5,MACE-OMat-D3,P1
C32H12N8O5Zn4-0-r2SCAN-D4,C32H12N8O5Zn4-0-r2SCAN-D4,0.200662,-488.165,r2SCAN-D4,P1
C24H16O13Zn4-1_14-r2SCAN-D4,C24H16O13Zn4-1_14-r2SCAN-D4,-0.495029,-435.672,r2SCAN-D4,P1
C32H14N2O11Zn4-0_6-r2SCAN-D4,C32H14N2O11Zn4-0_6-r2SCAN-D4,-0.227907,-501.696,r2SCAN-D4,P1
C36H12N8O13Zn4-3_3-r2SCAN-D4,C36H12N8O13Zn4-3_3-r2SCAN-D4,-0.204829,-601.994,r2SCAN-D4,P1
C21H18O13Zn4-3_1.0-r2SCAN-D4,C21H18O13Zn4-3_1.0-r2SCAN-D4,-0.544446,-414.807,r2SCAN-D4,P1
C18H12O19Zn4-3_4-r2SCAN-D4,C18H12O19Zn4-3_4-r2SCAN-D4,-0.762741,-408.877,r2SCAN-D4,P1
C48H24N12O19Zn4-1_4-MACE-OMat-D3,C48H24N12O19Zn4-1_4-MACE-OMat-D3,-0.203794,-739.511,MACE-OMat-D3,P1
C44H28N16O13Zn4-1_2-MACE-OMat-D3,C44H28N16O13Zn4-1_2-MACE-OMat-D3,-0.245756,-723.395,MACE-OMat-D3,P1
C44H20N8O13Zn4-3_12-MACE-OMat-D3,C44H20N8O13Zn4-3_12-MACE-OMat-D3,-0.154166,-618.605,MACE-OMat-D3,P1
C18H12O19Zn4-0_13-r2SCAN-D4,C18H12O19Zn4-0_13-r2SCAN-D4,-0.754947,-408.464,r2SCAN-D4,P1
C24H15O13Zn4-3_12.0-r2SCAN-D4,C24H15O13Zn4-3_12.0-r2SCAN-D4,-0.512586,-432.703,r2SCAN-D4,P1
C32H14N2O11Zn4-0_6.0-r2SCAN-D4,C32H14N2O11Zn4-0_6.0-r2SCAN-D4,-0.227007,-501.64,r2SCAN-D4,P1
C27H15N3O13S6Zn4-1_8-r2SCAN-D4,C27H15N3O13S6Zn4-1_8-r2SCAN-D4,-0.263153,-528.183,r2SCAN-D4,P1
C36H18O16Zn4-1_2-r2SCAN-D4,C36H18O16Zn4-1_2-r2SCAN-D4,-0.371488,-579.527,r2SCAN-D4,P1
C48H28N4O17Zn4-2_3-r2SCAN-D4,C48H28N4O17Zn4-2_3-r2SCAN-D4,-0.295105,-779.042,r2SCAN-D4,P1
C48H28N4O13Zn4-2_7-r2SCAN-D4,C48H28N4O13Zn4-2_7-r2SCAN-D4,-0.244511,-749.67,r2SCAN-D4,P1
C44H24N8O17Zn4-3_4-r2SCAN-D4,Zn4H24C44N8O17,-0.269358,-758.072,r2SCAN-D4,P1
C44H24N8O13S4Zn4-2-r2SCAN-D4,Zn4H24C44S4N8O13,-0.170799,-757.751,r2SCAN-D4,P1
C44H20N8O13Zn4-1_17-r2SCAN-D4,Zn4H20C44N8O13,-0.164108,-709.438,r2SCAN-D4,P1
C44H20N8O13S4Zn4-0-r2SCAN-D4,Zn4H20C44S4N8O13,-0.110715,-737.653,r2SCAN-D4,P1
C40H24N8O13Zn4-3_16-r2SCAN-D4,Zn4H24C40N8O13,-0.221903,-688.342,r2SCAN-D4,P1
C36H32N12O17Zn4-2_11-r2SCAN-D4,Zn4H32C36N12O17,-0.354096,-751.832,r2SCAN-D4,P1
C24H16N8O21Zn4-2-r2SCAN-D4,Zn4H16C24N8O21,-0.450277,-560.103,r2SCAN-D4,P1
C40H20N8O13Zn4-3_2-r2SCAN-D4,Zn4H20C40N8O13,-0.228304,-674.171,r2SCAN-D4,P1
C40H20N8O13Zn4-1_17-r2SCAN-D4,Zn4H20C40N8O13,-0.079702,-661.539,r2SCAN-D4,P1
C34H22N8O15Zn4-1_14-r2SCAN-D4,Zn4H22C34N8O15,-0.332466,-640.813,r2SCAN-D4,P1
C56H16N12O13Zn4-1_15-r2SCAN-D4,Zn4H16C56N12O13,-0.05501,-843.37,r2SCAN-D4,P1
C45H33N6O13Zn4-3_4-r2SCAN-D4,Zn4H33C45N6O13,-0.287916,-760.567,r2SCAN-D4,P1
C45H24N6O13Zn4-1_12-r2SCAN-D4,Zn4H24C45N6O13,-0.222701,-720.864,r2SCAN-D4,P1
C45H24N6O13Zn4-2_13-r2SCAN-D4,Zn4H24C45N6O13,-0.219557,-720.575,r2SCAN-D4,P1
C45H24N6O13Zn4-0_3-r2SCAN-D4,Zn4H24C45N6O13,-0.136853,-712.966,r2SCAN-D4,P1
C36H18N6O25Zn4-3_18-r2SCAN-D4,Zn4H18C36N6O25,-0.453282,-699.674,r2SCAN-D4,P1
C64H24N16O13Zn4-3_10-r2SCAN-D4,Zn4H24C64N16O13,-0.00419706,-982.718,r2SCAN-D4,P1
C60H24N12O13S6Zn4-0_8-r2SCAN-D4,Zn4H24C60S6N12O13,-0.00111388,-954.455,r2SCAN-D4,P1
C60H18N12O19Zn4-0_13-r2SCAN-D4,Zn4H18C60N12O19,-0.160932,-937.907,r2SCAN-D4,P1
C56H40N4O13Zn4-3_11-r2SCAN-D4,Zn4H40C56N4O13,-0.211663,-872.336,r2SCAN-D4,P1
C54H18N12O19Zn4-0_4-r2SCAN-D4,Zn4H18C54N12O19,-0.150036,-875.674,r2SCAN-D4,P1
C52H36N12O13Zn4-0_1-r2SCAN-D4,Zn4H36C52N12O13,-0.1743,-887.278,r2SCAN-D4,P1
C52H32N12O17Zn4-3_17-r2SCAN-D4,Zn4H32C52N12O17,-0.15735,-894.751,r2SCAN-D4,P1
C44H36N16O13Zn4-1_1-r2SCAN-D4,Zn4H36C44N16O13,-0.212699,-847.388,r2SCAN-D4,P1
C44H36N16O13Zn4-2_9-r2SCAN-D4,Zn4H36C44N16O13,-0.219061,-848.107,r2SCAN-D4,P1
C44H36N16O5Zn4-1_1-r2SCAN-D4,Zn4H36C44N16O5,0.102584,-766.013,r2SCAN-D4,P1
C42H30N12O16Zn4-2_3-r2SCAN-D4,Zn2H15C21(N3O4)2,-0.31128,-795.809,r2SCAN-D4,P1
C44H28N16O21Zn4-0_2-r2SCAN-D4,Zn4H28C44N16O21,-0.178857,-862.476,r2SCAN-D4,P1
C40H36N8O15Zn4-0_6-r2SCAN-D4,Zn4H36C40N8O15,-0.260975,-748.598,r2SCAN-D4,P1
C39H36N12O13Zn4-0_13-r2SCAN-D4,Zn4H36C39N12O13,-0.25944,-763.645,r2SCAN-D4,P1
C52H28N16O5Zn4-1-r2SCAN-D4,Zn4H28C52N16O5,0.196343,-808.65,r2SCAN-D4,P1
C52H28N16O5Zn4-2-r2SCAN-D4,Zn4H28C52N16O5,0.200238,-808.241,r2SCAN-D4,P1
C51H33N9O13Zn4-3_9-r2SCAN-D4,Zn4H33C51N9O13,-0.190974,-840.051,r2SCAN-D4,P1
C51H33N9O13Zn4-2_12-r2SCAN-D4,Zn4H33C51N9O13,-0.177897,-838.612,r2SCAN-D4,P1
C48H36N6O13Zn4-2_1-r2SCAN-D4,Zn4H36C48N6O13,-0.243281,-797.941,r2SCAN-D4,P1
C48H40N16O13Zn4-3_20-r2SCAN-D4,Zn4H40C48N16O13,-0.238616,-906.121,r2SCAN-D4,P1
C48H40N12O17Zn4-2_10-r2SCAN-D4,Zn4H40C48N12O17,-0.265192,-896.016,r2SCAN-D4,P1
C54H24N12O19Zn4-3_9-r2SCAN-D4,Zn4H24C54N12O19,-0.13328,-895.422,r2SCAN-D4,P1
C44H40N24O13Zn4-3_7-r2SCAN-D4,Zn4H40C44N24O13,-0.21297,-937.011,r2SCAN-D4,P1
C48H28N12O17Zn4-2_6-r2SCAN-D4,Zn4H28C48N12O17,-0.212424,-845.599,r2SCAN-D4,P1
C48H24N8O13S8Zn4-2_15-r2SCAN-D4,Zn4H24C48S8N8O13,-0.0153105,-815.383,r2SCAN-D4,P1
C48H24N20O13Zn4-0_6-r2SCAN-D4,Zn4H24C48N20O13,-0.125513,-872.223,r2SCAN-D4,P1
C48H24N6O19S6Zn4-2_3-r2SCAN-D4,Zn4H24C48S6N6O19,-0.166531,-831.956,r2SCAN-D4,P1
C48H24N16O13S8Zn4-3_10-r2SCAN-D4,Zn4H24C48S8N16O13,-0.0896719,-897.117,r2SCAN-D4,P1
C48H24N12O21Zn4-2_1-r2SCAN-D4,Zn4H24C48(N4O7)3,-0.209189,-854.703,r2SCAN-D4,P1
C30H18O22Zn4-3_2-r2SCAN-D4,Zn2H9C15O11,-0.562661,-568.498,r2SCAN-D4,P1
C42H24N6O13Zn4-0_4-r2SCAN-D4,Zn4H24C42N6O13,-0.261523,-693.6,r2SCAN-D4,P1
C42H24N6O13S3Zn4-2_9-r2SCAN-D4,Zn4H24C42S3N6O13,-0.233627,-716.211,r2SCAN-D4,P1
C66H36O13Zn4-1_5-MACE-OMat-D3,C66H36O13Zn4-1_5-MACE-OMat-D3,-0.197125,-815.767,MACE-OMat-D3,P1
C60H16N16O13Zn4-3_7-MACE-OMat-D3,C60H16N16O13Zn4-3_7-MACE-OMat-D3,-0.0764601,-814.114,MACE-OMat-D3,P1
C56H36N8O13Zn4-1_13-MACE-OMat-D3,C56H36N8O13Zn4-1_13-MACE-OMat-D3,-0.17788,-787.932,MACE-OMat-D3,P1
C56H32O17S4Zn4-1_14-MACE-OMat-D3,C56H32O17S4Zn4-1_14-MACE-OMat-D3,-0.288185,-756.26,MACE-OMat-D3,P1
C56H32N8O13S8Zn4-0_8-MACE-OMat-D3,C56H32N8O13S8Zn4-0_8-MACE-OMat-D3,-0.192294,-810.442,MACE-OMat-D3,P1
C56H16N12O13Zn4-1_15-MACE-OMat-D3,C56H16N12O13Zn4-1_15-MACE-OMat-D3,-0.0967816,-745.398,MACE-OMat-D3,P1
C54H36N18O13Zn4-3_18-MACE-OMat-D3,C54H36N18O13Zn4-3_18-MACE-OMat-D3,-0.17623,-854.205,MACE-OMat-D3,P1
C54H30N6O19Zn4-1_16-MACE-OMat-D3,C54H30N6O19Zn4-1_16-MACE-OMat-D3,-0.292262,-775.293,MACE-OMat-D3,P1
C54H24N12O19Zn4-3_9-MACE-OMat-D3,C54H24N12O19Zn4-3_9-MACE-OMat-D3,-0.168941,-791.963,MACE-OMat-D3,P1
C54H18N12O19Zn4-2_5-MACE-OMat-D3,C54H18N12O19Zn4-2_5-MACE-OMat-D3,-0.231418,-778.172,MACE-OMat-D3,P1
C52H28N8O13Zn4-3_2-MACE-OMat-D3,C52H28N8O13Zn4-3_2-MACE-OMat-D3,-0.22873,-728.408,MACE-OMat-D3,P1
C52H28N12O17Zn4-2_17-MACE-OMat-D3,C52H28N12O17Zn4-2_17-MACE-OMat-D3,-0.210181,-781.312,MACE-OMat-D3,P1
C52H28N12O17Zn4-2_15-MACE-OMat-D3,C52H28N12O17Zn4-2_15-MACE-OMat-D3,-0.15643,-775.239,MACE-OMat-D3,P1
C48H40N16O13Zn4-3_13-MACE-OMat-D3,C48H40N16O13Zn4-3_13-MACE-OMat-D3,-0.295738,-809.079,MACE-OMat-D3,P1
C48H40N16O13Zn4-0_9-MACE-OMat-D3,C48H40N16O13Zn4-0_9-MACE-OMat-D3,-0.243315,-802.735,MACE-OMat-D3,P1
C48H39N6O16Zn4-2_17-MACE-OMat-D3,C48H39N6O16Zn4-2_17-MACE-OMat-D3,-0.302416,-735.622,MACE-OMat-D3,P1
C48H36N12O13S4Zn4-2_7-MACE-OMat-D3,C48H36N12O13S4Zn4-2_7-MACE-OMat-D3,-0.2004,-766.903,MACE-OMat-D3,P1
C48H32N20O17Zn4-0_5-MACE-OMat-D3,C48H32N20O17Zn4-0_5-MACE-OMat-D3,-0.241901,-829.785,MACE-OMat-D3,P1
C48H28N4O17Zn4-1_8-MACE-OMat-D3,C48H28N4O17Zn4-1_8-MACE-OMat-D3,-0.28214,-682.523,MACE-OMat-D3,P1
C48H28N12O17Zn4-2_10-MACE-OMat-D3,C48H28N12O17Zn4-2_10-MACE-OMat-D3,-0.262057,-749.348,MACE-OMat-D3,P1
C48H24N12O13Zn4-1_18-MACE-OMat-D3,C48H24N12O13Zn4-1_18-MACE-OMat-D3,-0.178321,-706.026,MACE-OMat-D3,P1
C48H18N6O13S6Zn4-0_6-MACE-OMat-D3,C48H18N6O13S6Zn4-0_6-MACE-OMat-D3,-0.184099,-660.748,MACE-OMat-D3,P1
C48H18N12O19Zn4-3_18-MACE-OMat-D3,C48H18N12O19Zn4-3_18-MACE-OMat-D3,-0.276834,-726.202,MACE-OMat-D3,P1
C48H18N12O19Zn4-1_10-MACE-OMat-D3,C48H18N12O19Zn4-1_10-MACE-OMat-D3,-0.264154,-724.922,MACE-OMat-D3,P1
C46H30N8O15Zn4-0_8-MACE-OMat-D3,C46H30N8O15Zn4-0_8-MACE-OMat-D3,-0.278576,-694.3,MACE-OMat-D3,P1
C45H24N6O13Zn4-3_4-MACE-OMat-D3,C45H24N6O13Zn4-3_4-MACE-OMat-D3,-0.2287,-631.405,MACE-OMat-D3,P1
C44H40N24O13Zn4-1_12-MACE-OMat-D3,C44H40N24O13Zn4-1_12-MACE-OMat-D3,-0.301619,-840.975,MACE-OMat-D3,P1
C44H36N16O13Zn4-2-MACE-OMat-D3,C44H36N16O13Zn4-2-MACE-OMat-D3,-0.27537,-754.658,MACE-OMat-D3,P1
C44H32N32O13Zn4-3_15-MACE-OMat-D3,C44H32N32O13Zn4-3_15-MACE-OMat-D3,-0.18983,-867.808,MACE-OMat-D3,P1
C44H32N32O13Zn4-0_6-MACE-OMat-D3,C44H32N32O13Zn4-0_6-MACE-OMat-D3,-0.196567,-868.65,MACE-OMat-D3,P1
C44H28N16O21Zn4-1_7-MACE-OMat-D3,C44H28N16O21Zn4-1_7-MACE-OMat-D3,-0.28159,-768.995,MACE-OMat-D3,P1
C42H36N6O19Zn4-1-MACE-OMat-D3,C42H36N6O19Zn4-1-MACE-OMat-D3,-0.345687,-688.383,MACE-OMat-D3,P1
C42H24N6O13Zn4-2_8-MACE-OMat-D3,C42H24N6O13Zn4-2_8-MACE-OMat-D3,-0.258465,-605.784,MACE-OMat-D3,P1
C42H24N6O13S3Zn4-1_13-MACE-OMat-D3,C42H24N6O13S3Zn4-1_13-MACE-OMat-D3,-0.255274,-618.652,MACE-OMat-D3,P1
C42H24N6O10S6Zn4-0-MACE-OMat-D3,C42H24N6O10S6Zn4-0-MACE-OMat-D3,-0.137037,-605.316,MACE-OMat-D3,P1
C40H36N8O13Zn4-2_3-MACE-OMat-D3,C40H36N8O13Zn4-2_3-MACE-OMat-D3,-0.300304,-650.336,MACE-OMat-D3,P1
C40H24N8O13Zn4-0_12-MACE-OMat-D3,C40H24N8O13Zn4-0_12-MACE-OMat-D3,-0.280161,-606.015,MACE-OMat-D3,P1
C40H24N12O21Zn4-3_1-MACE-OMat-D3,C40H24N12O21Zn4-3_1-MACE-OMat-D3,-0.392292,-693.665,MACE-OMat-D3,P1
C40H20N8O17Zn4-0_13-MACE-OMat-D3,C40H20N8O17Zn4-0_13-MACE-OMat-D3,-0.222944,-607.74,MACE-OMat-D3,P1
C40H12N8O13Zn4-2_9-MACE-OMat-D3,C40H12N8O13Zn4-2_9-MACE-OMat-D3,-0.185604,-556.447,MACE-OMat-D3,P1
C34H22N8O15Zn4-1_14-MACE-OMat-D3,C34H22N8O15Zn4-1_14-MACE-OMat-D3,-0.333357,-556.99,MACE-OMat-D3,P1
C34H22N8O15Zn4-0_12-MACE-OMat-D3,C34H22N8O15Zn4-0_12-MACE-OMat-D3,-0.330838,-556.781,MACE-OMat-D3,P1
C28H24N16O13Zn4-1_6-MACE-OMat-D3,C28H24N16O13Zn4-1_6-MACE-OMat-D3,-0.349994,-567.251,MACE-OMat-D3,P1
C30H12N2O11Zn4-1_10-MACE-OMat-D3,C30H12N2O11Zn4-1_10-MACE-OMat-D3,-0.293449,-407.558,MACE-OMat-D3,P1
C24H20N8O17Zn4-1_12-MACE-OMat-D3,C24H20N8O17Zn4-1_12-MACE-OMat-D3,-0.522,-478.889,MACE-OMat-D3,P1
C21H18O13Zn4-1-MACE-OMat-D3,C21H18O13Zn4-1-MACE-OMat-D3,-0.538501,-350.319,MACE-OMat-D3,P1
C18H15N3O13Zn4-3_13-MACE-OMat-D3,C18H15N3O13Zn4-3_13-MACE-OMat-D3,-0.53136,-336.043,MACE-OMat-D3,P1
C20H12O13Zn4-1_2-r2SCAN-D4,C20H12O13Zn4-1_2-r2SCAN-D4,-0.562977,-381.146,r2SCAN-D4,P1
C21H18O13Zn4-2_2.0-r2SCAN-D4,C21H18O13Zn4-2_2.0-r2SCAN-D4,-0.494668,-412.02,r2SCAN-D4,P1
C56H24N8O13S8Zn4-0_3-MACE-OMat-D3,C56H24N8O13S8Zn4-0_3-MACE-OMat-D3,-0.0509022,-766.977,MACE-OMat-D3,P1
C56H24N8O13S8Zn4-0_6-MACE-OMat-D3,C56H24N8O13S8Zn4-0_6-MACE-OMat-D3,-0.0921175,-771.634,MACE-OMat-D3,P1
C56H24N16O17Zn4-1_9-MACE-OMat-D3,C56H24N16O17Zn4-1_9-MACE-OMat-D3,-0.140074,-831.133,MACE-OMat-D3,P1
C56H20N12O13Zn4-3_12-MACE-OMat-D3,C56H20N12O13Zn4-3_12-MACE-OMat-D3,-0.136703,-762.952,MACE-OMat-D3,P1
C56H20N12O13Zn4-1_8-MACE-OMat-D3,C56H20N12O13Zn4-1_8-MACE-OMat-D3,-0.146551,-763.986,MACE-OMat-D3,P1
C52H24N16O13Zn4-0_15-MACE-OMat-D3,C52H24N16O13Zn4-0_15-MACE-OMat-D3,-0.134002,-772.779,MACE-OMat-D3,P1
C51H33N9O13Zn4-1_15-MACE-OMat-D3,C51H33N9O13Zn4-1_15-MACE-OMat-D3,-0.243891,-746.588,MACE-OMat-D3,P1
C48H24N6O13S6Zn4-0_14-MACE-OMat-D3,C48H24N6O13S6Zn4-0_14-MACE-OMat-D3,-0.202971,-683.221,MACE-OMat-D3,P1
C48H24N28O17Zn4-1-MACE-OMat-D3,C48H24N28O17Zn4-1-MACE-OMat-D3,-0.156016,-860.2,MACE-OMat-D3,P1
C48H24N16O9S8Zn4-4_4-MACE-OMat-D3,C48H24N16O9S8Zn4-4_4-MACE-OMat-D3,-0.0291331,-737.807,MACE-OMat-D3,P1
C48H24N16O13S8Zn4-2_10-MACE-OMat-D3,C48H24N16O13S8Zn4-2_10-MACE-OMat-D3,-0.0841856,-763.937,MACE-OMat-D3,P1
C36H20N8O21Zn4-3_8-MACE-OMat-D3,C36H20N8O21Zn4-3_8-MACE-OMat-D3,-0.369508,-603.798,MACE-OMat-D3,P1
C36H16N4O5Zn4-0-r2SCAN-D4,C36H16N4O5Zn4-0-r2SCAN-D4,0.184493,-505.704,r2SCAN-D4,P1
C24H18N6O13Zn4-3_13-r2SCAN-D4,C24H18N6O13Zn4-3_13-r2SCAN-D4,-0.436153,-497.626,r2SCAN-D4,P1
C48H24N12O21Zn4-0_6-MACE-OMat-D3,C48H24N12O21Zn4-0_6-MACE-OMat-D3,-0.240504,-753.816,MACE-OMat-D3,P1
C48H24N12O21Zn4-0_1-MACE-OMat-D3,C48H24N12O21Zn4-0_1-MACE-OMat-D3,-0.219748,-751.553,MACE-OMat-D3,P1
C44H28N16O21Zn4-1_10-MACE-OMat-D3,C44H28N16O21Zn4-1_10-MACE-OMat-D3,-0.310102,-772.217,MACE-OMat-D3,P1
C44H24N8O17Zn4-3_7-MACE-OMat-D3,C44H24N8O17Zn4-3_7-MACE-OMat-D3,-0.253081,-662.2,MACE-OMat-D3,P1
C24H24O16Zn4-3_14-r2SCAN-D4,C24H24O16Zn4-3_14-r2SCAN-D4,-0.53743,-489.119,r2SCAN-D4,P1
C24H28N4O13Zn4-2_7-r2SCAN-D4,C24H28N4O13Zn4-2_7-r2SCAN-D4,-0.427152,-516.725,r2SCAN-D4,P1
C52H20N8O13Zn4-3_14-r2SCAN-D4,C52H20N8O13Zn4-3_14-r2SCAN-D4,-0.12332,-786.931,r2SCAN-D4,P1
C48H30N6O13Zn4-2_4-r2SCAN-D4,C48H30N6O13Zn4-2_4-r2SCAN-D4,-0.225529,-773.947,r2SCAN-D4,P1
C48H28N4O17Zn4-1_8-r2SCAN-D4,C48H28N4O17Zn4-1_8-r2SCAN-D4,-0.26934,-776.439,r2SCAN-D4,P1
C3Mg2N2O2S1-13-r2SCAN-D4,C3Mg2N2O2S1-13-r2SCAN-D4,-0.564118,-82.1622,r2SCAN-D4,P1
C44H24N8O17Zn4-0_4-r2SCAN-D4,Zn4H24C44N8O17,-0.204805,-751.811,r2SCAN-D4,P1
C44H24N8O13S4Zn4-1_14-r2SCAN-D4,Zn4H24C44S4N8O13,-0.145394,-755.287,r2SCAN-D4,P1
C44H20N8O13Zn4-2_3-r2SCAN-D4,Zn4H20C44N8O13,-0.162934,-709.334,r2SCAN-D4,P1
C44H20N8O13Zn4-1-r2SCAN-D4,Zn4H20C44N8O13,-0.176367,-710.53,r2SCAN-D4,P1
C44H20N8O13Zn4-1_11-r2SCAN-D4,Zn4H20C44N8O13,-0.163994,-709.428,r2SCAN-D4,P1
C42H24N6O25Zn4-3_13-r2SCAN-D4,Zn4H24C42N6O25,-0.447094,-785.333,r2SCAN-D4,P1
C42H24N6O13S3Zn4-1_13-r2SCAN-D4,Zn4H24C42S3N6O13,-0.235312,-716.366,r2SCAN-D4,P1
C40H24N8O13Zn4-1_8-r2SCAN-D4,Zn4H24C40N8O13,-0.217031,-687.908,r2SCAN-D4,P1
C40H24N8O25Zn4-3_7-r2SCAN-D4,Zn4H24C40N8O25,-0.274162,-766.135,r2SCAN-D4,P1
C36H32N8O13Zn4-2_5-r2SCAN-D4,Zn4H32C36N8O13,-0.290845,-683.228,r2SCAN-D4,P1
C40H20N8O9Zn4-2_3-r2SCAN-D4,Zn4H20C40N8O9,-0.00806508,-632.134,r2SCAN-D4,P1
C48H24N6O13S6Zn4-1_11-r2SCAN-D4,Zn4H24C48S6N6O13,-0.151703,-794.534,r2SCAN-D4,P1
C40H12N8O13Zn4-0_6-r2SCAN-D4,Zn4H12C40N8O13,-0.127992,-636.965,r2SCAN-D4,P1
C56H20N4O13Zn4-1_12-r2SCAN-D4,Zn4H20C56N4O13,-0.0779432,-785.993,r2SCAN-D4,P1
C36H16N8O9S2Zn4-0_3-r2SCAN-D4,Zn4H16C36S2N8O9,0.0284807,-591.711,r2SCAN-D4,P1
C48H18N12O19Zn4-3_10-r2SCAN-D4,Zn4H18C48N12O19,-0.245036,-824.266,r2SCAN-D4,P1
C48H18N12O19Zn4-3_6-r2SCAN-D4,Zn4H18C48N12O19,-0.221759,-821.915,r2SCAN-D4,P1
C48H18N12O19Zn4-0_6-r2SCAN-D4,Zn4H18C48N12O19,-0.251921,-824.962,r2SCAN-D4,P1
C36H20N8O21Zn4-0_11-r2SCAN-D4,Zn4H20C36N8O21,-0.277714,-685.981,r2SCAN-D4,P1
C33H30N15O13Zn4-2_10-r2SCAN-D4,Zn4H30C33N15O13,-0.293508,-711.156,r2SCAN-D4,P1
C24H24N24O13Zn4-0_11-r2SCAN-D4,Zn4H24C24N24O13,-0.184438,-671.153,r2SCAN-D4,P1
C64H28N4O21Zn4-2_17-r2SCAN-D4,Zn4H28C64N4O21,-0.150982,-951.061,r2SCAN-D4,P1
C30H18N24O13Zn4-1_7-r2SCAN-D4,Zn4H18C30N24O13,-0.103755,-703.333,r2SCAN-D4,P1
C60H16N16O13Zn4-3_3-r2SCAN-D4,Zn4H16C60N16O13,-0.0141738,-916.032,r2SCAN-D4,P1
C60H16N16O13Zn4-3_8-r2SCAN-D4,Zn4H16C60N16O13,0.0278869,-911.447,r2SCAN-D4,P1
C56H36N12O13Zn4-2_16-r2SCAN-D4,Zn4H36C56N12O13,-0.127354,-922.363,r2SCAN-D4,P1
C56H32N8O17S4Zn4-0_2-r2SCAN-D4,Zn4H32C56S4N8O17,-0.16632,-932.453,r2SCAN-D4,P1
C56H24N16O13Zn4-1_3-r2SCAN-D4,Zn4H24C56N16O13,-0.0488263,-907.591,r2SCAN-D4,P1
C56H24N16O17Zn4-0_15-r2SCAN-D4,Zn4H24C56N16O17,-0.0712442,-933.693,r2SCAN-D4,P1
C54H39N9O16Zn4-0_13-r2SCAN-D4,Zn4H39C54N9O16,-0.213177,-913.307,r2SCAN-D4,P1
C54H18N12O13S6Zn4-1_7-r2SCAN-D4,Zn4H18C54S6N12O13,-0.043026,-878.083,r2SCAN-D4,P1
C54H18N12O13S6Zn4-0_1-r2SCAN-D4,Zn4H18C54S6N12O13,-0.0335615,-877.07,r2SCAN-D4,P1
C52H44N8O17Zn4-1_4-r2SCAN-D4,Zn4H44C52N8O17,-0.209672,-907.429,r2SCAN-D4,P1
C52H32N8O17Zn4-1_10-r2SCAN-D4,Zn4H32C52N8O17,-0.25461,-868.507,r2SCAN-D4,P1
C44H28N16O21Zn4-1_14-r2SCAN-D4,Zn4H28C44N16O21,-0.21807,-866.907,r2SCAN-D4,P1
C39H36N12O13Zn4-3_8-r2SCAN-D4,Zn4H36C39N12O13,-0.27827,-765.603,r2SCAN-D4,P1
C40H44N20O13Zn4-0_8-r2SCAN-D4,Zn4H44C40N20O13,-0.223247,-874.558,r2SCAN-D4,P1
C48H42N6O16Zn4-0_4-r2SCAN-D4,Zn2H21C24N3O8,-0.323385,-847.627,r2SCAN-D4,P1
C48H40N16O13Zn4-1_14-r2SCAN-D4,Zn4H40C48N16O13,-0.207142,-902.313,r2SCAN-D4,P1
C48H40N16O13Zn4-0_15-r2SCAN-D4,Zn4H40C48N16O13,-0.2266,-904.667,r2SCAN-D4,P1
C48H36N4O21Zn4-2_4-r2SCAN-D4,Zn4H36C48N4O21,-0.327939,-837.233,r2SCAN-D4,P1
C48H30N12O13Zn4-2_12-r2SCAN-D4,Zn4H30C48N12O13,-0.163226,-823.54,r2SCAN-D4,P1
C54H18N12O19Zn4-3_10-r2SCAN-D4,Zn4H18C54N12O19,-0.157858,-876.511,r2SCAN-D4,P1
C54H24N12O19Zn4-2_9-r2SCAN-D4,Zn4H24C54N12O19,-0.124032,-894.377,r2SCAN-D4,P1
C45H27N9O19Zn4-3_6-r2SCAN-D4,Zn4H27C45N9O19,-0.255721,-799.72,r2SCAN-D4,P1
C44H40N20O17Zn4-2_15-r2SCAN-D4,Zn4H40C44N20O17,-0.282065,-932.327,r2SCAN-D4,P1
C44H40N24O13Zn4-3_8-r2SCAN-D4,Zn4H40C44N24O13,-0.176598,-932.464,r2SCAN-D4,P1
C48H24N8O17S8Zn4-2_10-r2SCAN-D4,Zn4H24C48S8N8O17,-0.152724,-853.706,r2SCAN-D4,P1
C48H24N16O9S8Zn4-3_2-r2SCAN-D4,Zn4H24C48S8N16O9,0.055854,-857.612,r2SCAN-D4,P1
C48H24N16O13S8Zn4-0_8-r2SCAN-D4,Zn4H24C48S8N16O13,-0.0429887,-891.842,r2SCAN-D4,P1
C46H30N8O15Zn4-0_7-r2SCAN-D4,Zn4H30C46N8O15,-0.23393,-785.173,r2SCAN-D4,P1
C48H18N6O13S6Zn4-0_14-r2SCAN-D4,Zn4H18C48S6N6O13,-0.109833,-768.904,r2SCAN-D4,P1
C48H18N12O19Zn4-2_17-r2SCAN-D4,Zn4H18C48N12O19,-0.244708,-824.233,r2SCAN-D4,P1
C36H18N6O10S6Zn4-3_2-r2SCAN-D4,Zn2H9C18S3N3O5,-0.045147,-624.414,r2SCAN-D4,P1
C60H24N12O17Zn4-3-r2SCAN-D4,Zn4H24C60N12O17,-0.0958533,-940.036,r2SCAN-D4,P1
C64H20N16O13Zn4-3_3-MACE-OMat-D3,C64H20N16O13Zn4-3_3-MACE-OMat-D3,-0.0792281,-864.803,MACE-OMat-D3,P1
C60H28N4O13Zn4-3-MACE-OMat-D3,C60H28N4O13Zn4-3-MACE-OMat-D3,-0.192922,-765.598,MACE-OMat-D3,P1
C56H32N8O13S8Zn4-2-MACE-OMat-D3,C56H32N8O13S8Zn4-2-MACE-OMat-D3,-0.199048,-811.259,MACE-OMat-D3,P1
C56H16N12O13Zn4-1_16-MACE-OMat-D3,C56H16N12O13Zn4-1_16-MACE-OMat-D3,-0.0967765,-745.398,MACE-OMat-D3,P1
C54H36N12O13Zn4-2_5-MACE-OMat-D3,C54H36N12O13Zn4-2_5-MACE-OMat-D3,-0.24448,-811.202,MACE-OMat-D3,P1
C54H30N6O19Zn4-0_8-MACE-OMat-D3,C54H30N6O19Zn4-0_8-MACE-OMat-D3,-0.281908,-774.123,MACE-OMat-D3,P1
C54H30N6O13Zn4-3_8-MACE-OMat-D3,C54H30N6O13Zn4-3_8-MACE-OMat-D3,-0.194161,-733.354,MACE-OMat-D3,P1
C52H36N12O13Zn4-1-MACE-OMat-D3,C52H36N12O13Zn4-1-MACE-OMat-D3,-0.227209,-790.303,MACE-OMat-D3,P1
C52H32N8O13Zn4-1_2-MACE-OMat-D3,C52H32N8O13Zn4-1_2-MACE-OMat-D3,-0.148707,-733.575,MACE-OMat-D3,P1
C48H40N16O13Zn4-1-MACE-OMat-D3,C48H40N16O13Zn4-1-MACE-OMat-D3,-0.310956,-810.92,MACE-OMat-D3,P1
C48H40N12O17Zn4-0_1-MACE-OMat-D3,C48H40N12O17Zn4-0_1-MACE-OMat-D3,-0.291304,-794.956,MACE-OMat-D3,P1
C48H36N6O13Zn4-2_1-MACE-OMat-D3,C48H36N6O13Zn4-2_1-MACE-OMat-D3,-0.262945,-705.008,MACE-OMat-D3,P1
C48H36N6O13Zn4-1_4-MACE-OMat-D3,C48H36N6O13Zn4-1_4-MACE-OMat-D3,-0.264357,-705.159,MACE-OMat-D3,P1
C48H36N6O13Zn4-1_2-MACE-OMat-D3,C48H36N6O13Zn4-1_2-MACE-OMat-D3,-0.264435,-705.168,MACE-OMat-D3,P1
C48H28N4O13Zn4-2_2-MACE-OMat-D3,C48H28N4O13Zn4-2_2-MACE-OMat-D3,-0.25462,-658.932,MACE-OMat-D3,P1
C48H28N12O21Zn4-3_17-MACE-OMat-D3,C48H28N12O21Zn4-3_17-MACE-OMat-D3,-0.348308,-779.935,MACE-OMat-D3,P1
C48H28N12O21Zn4-1_16-MACE-OMat-D3,C48H28N12O21Zn4-1_16-MACE-OMat-D3,-0.221335,-765.587,MACE-OMat-D3,P1
C48H28N12O21Zn4-1-MACE-OMat-D3,C48H28N12O21Zn4-1-MACE-OMat-D3,-0.314613,-776.127,MACE-OMat-D3,P1
C48H27N9O13Zn4-0_2-MACE-OMat-D3,C48H27N9O13Zn4-0_2-MACE-OMat-D3,-0.209454,-693.868,MACE-OMat-D3,P1
C48H24N8O33Zn4-1_10-MACE-OMat-D3,C48H24N8O33Zn4-1_10-MACE-OMat-D3,-0.325184,-791.646,MACE-OMat-D3,P1
C48H24N8O17Zn4-2_15-MACE-OMat-D3,C48H24N8O17Zn4-2_15-MACE-OMat-D3,-0.225135,-697.169,MACE-OMat-D3,P1
C48H24N8O17S8Zn4-0_9-MACE-OMat-D3,C48H24N8O17S8Zn4-0_9-MACE-OMat-D3,-0.152219,-724.052,MACE-OMat-D3,P1
C48H24N12O13Zn4-2_17-MACE-OMat-D3,C48H24N12O13Zn4-2_17-MACE-OMat-D3,-0.169368,-705.122,MACE-OMat-D3,P1
C48H20N8O13Zn4-3_10-MACE-OMat-D3,C48H20N8O13Zn4-3_10-MACE-OMat-D3,-0.161848,-656.714,MACE-OMat-D3,P1
C48H20N12O9Zn4-1_1-MACE-OMat-D3,C48H20N12O9Zn4-1_1-MACE-OMat-D3,0.00503044,-654.781,MACE-OMat-D3,P1
C48H18N6O13S6Zn4-1-MACE-OMat-D3,C48H18N6O13S6Zn4-1-MACE-OMat-D3,-0.0657737,-649.507,MACE-OMat-D3,P1
C48H16N16O17Zn4-3_6-MACE-OMat-D3,C48H16N16O17Zn4-3_6-MACE-OMat-D3,-0.185768,-733.999,MACE-OMat-D3,P1
C46H30N8O15Zn4-2_7-MACE-OMat-D3,C46H30N8O15Zn4-2_7-MACE-OMat-D3,-0.272856,-693.711,MACE-OMat-D3,P1
C44H40N24O13Zn4-1_13-MACE-OMat-D3,C44H40N24O13Zn4-1_13-MACE-OMat-D3,-0.311873,-842.257,MACE-OMat-D3,P1
C44H40N20O17Zn4-3_8-MACE-OMat-D3,C44H40N20O17Zn4-3_8-MACE-OMat-D3,-0.346087,-832.947,MACE-OMat-D3,P1
C44H32N8O17Zn4-1_7-MACE-OMat-D3,C44H32N8O17Zn4-1_7-MACE-OMat-D3,-0.322219,-697.434,MACE-OMat-D3,P1
C42H30N12O16Zn4-1_4-MACE-OMat-D3,C42H30N12O16Zn4-1_4-MACE-OMat-D3,-0.341541,-702.675,MACE-OMat-D3,P1
C42H24N6O25Zn4-0_6-MACE-OMat-D3,C42H24N6O25Zn4-0_6-MACE-OMat-D3,-0.483405,-690.982,MACE-OMat-D3,P1
C42H24N6O13S3Zn4-2-MACE-OMat-D3,C42H24N6O13S3Zn4-2-MACE-OMat-D3,-0.257313,-618.839,MACE-OMat-D3,P1
C42H24N6O13S3Zn4-1_8-MACE-OMat-D3,C42H24N6O13S3Zn4-1_8-MACE-OMat-D3,-0.234228,-616.716,MACE-OMat-D3,P1
C40H36N8O13Zn4-0_8-MACE-OMat-D3,C40H36N8O13Zn4-0_8-MACE-OMat-D3,-0.319671,-652.292,MACE-OMat-D3,P1
C40H36N8O13Zn4-0_13-MACE-OMat-D3,C40H36N8O13Zn4-0_13-MACE-OMat-D3,-0.291857,-649.483,MACE-OMat-D3,P1
C40H24N12O21Zn4-0_10-MACE-OMat-D3,C40H24N12O21Zn4-0_10-MACE-OMat-D3,-0.316399,-686.0,MACE-OMat-D3,P1
C40H20N8O17Zn4-0_6-MACE-OMat-D3,C40H20N8O17Zn4-0_6-MACE-OMat-D3,-0.221236,-607.588,MACE-OMat-D3,P1
C33H18O13Zn4-0_11-MACE-OMat-D3,C33H18O13Zn4-0_11-MACE-OMat-D3,-0.365345,-455.342,MACE-OMat-D3,P1
C32H36N16O13Zn4-3_6-MACE-OMat-D3,C32H36N16O13Zn4-3_6-MACE-OMat-D3,-0.375628,-651.143,MACE-OMat-D3,P1
C28H12N6O11Zn4-3_3-MACE-OMat-D3,C28H12N6O11Zn4-3_3-MACE-OMat-D3,-0.282895,-422.491,MACE-OMat-D3,P1
C24H24O17Zn4-2_12-MACE-OMat-D3,C24H24O17Zn4-2_12-MACE-OMat-D3,-0.553747,-425.21,MACE-OMat-D3,P1
C24H24N8O17Zn4-3_5-MACE-OMat-D3,C24H24N8O17Zn4-3_5-MACE-OMat-D3,-0.559236,-496.819,MACE-OMat-D3,P1
C24H16O25Zn4-2-MACE-OMat-D3,C24H16O25Zn4-2-MACE-OMat-D3,-0.720411,-450.345,MACE-OMat-D3,P1
C22H14N8O11Zn4-2_8-MACE-OMat-D3,C22H14N8O11Zn4-2_8-MACE-OMat-D3,-0.282136,-389.889,MACE-OMat-D3,P1
C18H18N6O13Zn4-0_5-MACE-OMat-D3,C18H18N6O13Zn4-0_5-MACE-OMat-D3,-0.565128,-375.989,MACE-OMat-D3,P1
C18H12O19Zn4-0_31-MACE-OMat-D3,C18H12O19Zn4-0_31-MACE-OMat-D3,-0.757183,-342.935,MACE-OMat-D3,P1
C18H12O19Zn4-0_13-MACE-OMat-D3,C18H12O19Zn4-0_13-MACE-OMat-D3,-0.723407,-341.145,MACE-OMat-D3,P1
C20H12O15Zn4-1_15-r2SCAN-D4,C20H12O15Zn4-1_15-r2SCAN-D4,-0.573339,-394.442,r2SCAN-D4,P1
C18H15N3O13Zn4-3_8-r2SCAN-D4,C18H15N3O13Zn4-3_8-r2SCAN-D4,-0.58027,-402.104,r2SCAN-D4,P1
C56H24N8O13S8Zn4-0_15-MACE-OMat-D3,C56H24N8O13S8Zn4-0_15-MACE-OMat-D3,-0.100949,-772.632,MACE-OMat-D3,P1
C56H24N16O13S8Zn4-2_9-MACE-OMat-D3,C56H24N16O13S8Zn4-2_9-MACE-OMat-D3,-0.0973984,-839.767,MACE-OMat-D3,P1
C56H24N12O21Zn4-2_1-MACE-OMat-D3,C56H24N12O21Zn4-2_1-MACE-OMat-D3,-0.198897,-824.429,MACE-OMat-D3,P1
C56H24N12O21Zn4-0_11-MACE-OMat-D3,C56H24N12O21Zn4-0_11-MACE-OMat-D3,-0.298457,-836.078,MACE-OMat-D3,P1
C52H20N12O13Zn4-2_6-MACE-OMat-D3,C52H20N12O13Zn4-2_6-MACE-OMat-D3,-0.114293,-723.363,MACE-OMat-D3,P1
C51H33N9O13Zn4-2_3-MACE-OMat-D3,C51H33N9O13Zn4-2_3-MACE-OMat-D3,-0.242751,-746.462,MACE-OMat-D3,P1
C51H24N21O10Zn4-0_2-MACE-OMat-D3,C51H24N21O10Zn4-0_2-MACE-OMat-D3,-0.0473728,-781.068,MACE-OMat-D3,P1
C48H24N6O13S6Zn4-1_3-MACE-OMat-D3,C48H24N6O13S6Zn4-1_3-MACE-OMat-D3,-0.179515,-680.852,MACE-OMat-D3,P1
C36H18N6O25Zn4-0_9-MACE-OMat-D3,C36H18N6O25Zn4-0_9-MACE-OMat-D3,-0.44607,-607.228,MACE-OMat-D3,P1
C21H18O13Zn4-0_18.0-r2SCAN-D4,C21H18O13Zn4-0_18.0-r2SCAN-D4,-0.539968,-414.557,r2SCAN-D4,P1
C24H24O17Zn4-0_8-r2SCAN-D4,C24H24O17Zn4-0_8-r2SCAN-D4,-0.551368,-496.439,r2SCAN-D4,P1
C48H24N12O21Zn4-1_17-MACE-OMat-D3,C48H24N12O21Zn4-1_17-MACE-OMat-D3,-0.312327,-761.644,MACE-OMat-D3,P1
C44H28N16O13Zn4-2_3-MACE-OMat-D3,C44H28N16O13Zn4-2_3-MACE-OMat-D3,-0.244037,-723.215,MACE-OMat-D3,P1
C44H24N8O17Zn4-2_17-MACE-OMat-D3,C44H24N8O17Zn4-2_17-MACE-OMat-D3,-0.218482,-658.844,MACE-OMat-D3,P1
C36H24N12O9Zn4-1_2-r2SCAN-D4,C36H24N12O9Zn4-1_2-r2SCAN-D4,-0.0627005,-647.174,r2SCAN-D4,P1
C7H6Mg2N2O2-0-r2SCAN-D4,C7H6Mg2N2O2-0-r2SCAN-D4,0.0551215,-128.153,r2SCAN-D4,P1
C11H8Mg2N2O2S1-8-r2SCAN-D4,C11H8Mg2N2O2S1-8-r2SCAN-D4,0.0156458,-183.906,r2SCAN-D4,P1
C12H8Mg2N2O4-11-r2SCAN-D4,C12H8Mg2N2O4-11-r2SCAN-D4,-0.0129641,-198.204,r2SCAN-D4,P1
C20H10Mg2N6O8-2-r2SCAN-D4,C20H10Mg2N6O8-2-r2SCAN-D4,-0.277442,-357.542,r2SCAN-D4,P1
C44H32N8O13Zn4-0_10-r2SCAN-D4,Zn4H32C44N8O13,-0.227843,-759.328,r2SCAN-D4,P1
C44H24N8O17Zn4-1_7-r2SCAN-D4,Zn4H24C44N8O17,-0.243488,-755.563,r2SCAN-D4,P1
C44H24N8O17Zn4-0_10-r2SCAN-D4,Zn4H24C44N8O17,-0.209405,-752.257,r2SCAN-D4,P1
C44H24N8O17Zn4-0_15-r2SCAN-D4,Zn4H24C44N8O17,-0.25887,-757.055,r2SCAN-D4,P1
C44H20N8O13S4Zn4-3_4-r2SCAN-D4,Zn4H20C44S4N8O13,-0.134329,-739.849,r2SCAN-D4,P1
C38H28N4O13Zn4-0_7-r2SCAN-D4,Zn4H28C38N4O13,-0.270766,-649.338,r2SCAN-D4,P1
C36H30N9O13Zn4-0_9-r2SCAN-D4,Zn4H30C36N9O13,-0.286444,-684.77,r2SCAN-D4,P1
C36H20N8O21Zn4-2_13-r2SCAN-D4,Zn4H20C36N8O21,-0.297224,-687.717,r2SCAN-D4,P1
C20H12N16O9Zn4-2-r2SCAN-D4,Zn4H12C20N16O9,-0.0971515,-482.62,r2SCAN-D4,P1
C27H24N9O13Zn4-1_10-r2SCAN-D4,Zn4H24C27N9O13,-0.398078,-578.174,r2SCAN-D4,P1
C30H18O22Zn4-2_9-r2SCAN-D4,Zn2H9C15O11,-0.618879,-572.658,r2SCAN-D4,P1
C34H22N8O15Zn4-0_9-r2SCAN-D4,Zn4H22C34N8O15,-0.333063,-640.863,r2SCAN-D4,P1
C28H24N16O13Zn4-3_5-r2SCAN-D4,Zn4H24C28N16O13,-0.260419,-643.733,r2SCAN-D4,P1
C48H28N4O17Zn4-2_9-r2SCAN-D4,Zn4H28C48N4O17,-0.327979,-782.362,r2SCAN-D4,P1
C48H30N6O13Zn4-1_16-r2SCAN-D4,Zn4H30C48N6O13,-0.239948,-775.403,r2SCAN-D4,P1
C48H30N6O13Zn4-1_4-r2SCAN-D4,Zn4H30C48N6O13,-0.238551,-775.262,r2SCAN-D4,P1
C52H20N8O13Zn4-2_15-r2SCAN-D4,Zn4H20C52N8O13,-0.0362062,-778.481,r2SCAN-D4,P1
C54H24N6O13Zn4-1_1-r2SCAN-D4,Zn4H24C54N6O13,-0.100193,-800.648,r2SCAN-D4,P1
C52H20N8O13Zn4-2_9-r2SCAN-D4,Zn4H20C52N8O13,-0.128642,-787.447,r2SCAN-D4,P1
C48H18N6O13S6Zn4-2_11-r2SCAN-D4,Zn4H18C48S6N6O13,-0.131296,-770.943,r2SCAN-D4,P1
C48H20N8O13Zn4-1_14-r2SCAN-D4,Zn4H20C48N8O13,-0.119991,-746.06,r2SCAN-D4,P1
C36H18N6O25Zn4-1_3-r2SCAN-D4,Zn4H18C36N6O25,-0.453799,-699.721,r2SCAN-D4,P1
C36H18N6O25Zn4-2_2-r2SCAN-D4,Zn4H18C36N6O25,-0.433631,-697.926,r2SCAN-D4,P1
C30H18N24O13Zn4-1_8-r2SCAN-D4,Zn4H18C30N24O13,-0.0376241,-697.447,r2SCAN-D4,P1
C64H28N12O17Zn4-3_2-r2SCAN-D4,Zn4H28C64N12O17,-0.0561601,-989.737,r2SCAN-D4,P1
C60H30N6O25Zn4-1_18-r2SCAN-D4,Zn4H30C60N6O25,-0.205302,-966.887,r2SCAN-D4,P1
C60H24N12O17Zn4-0_5-r2SCAN-D4,Zn4H24C60N12O17,-0.113843,-942.141,r2SCAN-D4,P1
C60H18N12O13S6Zn4-1_16-r2SCAN-D4,Zn4H18C60S6N12O13,0.0578284,-927.046,r2SCAN-D4,P1
C60H16N16O13Zn4-2_10-r2SCAN-D4,Zn4H16C60N16O13,-0.0176201,-916.407,r2SCAN-D4,P1
C56H32N8O13S8Zn4-0_12-r2SCAN-D4,Zn4H32C56S8N8O13,-0.0498648,-927.601,r2SCAN-D4,P1
C56H24N16O13Zn4-2_7-r2SCAN-D4,Zn4H24C56N16O13,-0.0807835,-911.202,r2SCAN-D4,P1
C56H24N16O13Zn4-3_16-r2SCAN-D4,Zn4H24C56N16O13,0.0315475,-898.509,r2SCAN-D4,P1
C56H20N12O13Zn4-2_13-r2SCAN-D4,Zn4H20C56N12O13,-0.00290739,-851.947,r2SCAN-D4,P1
C54H24N6O10S6Zn4-0_7-r2SCAN-D4,Zn2H12C27S3N3O5,0.0153825,-820.251,r2SCAN-D4,P1
C54H24N12O13S3Zn4-0_2-r2SCAN-D4,Zn4H24C54S3N12O13,-0.0434149,-874.604,r2SCAN-D4,P1
C54H18N12O19Zn4-2_2-r2SCAN-D4,Zn4H18C54N12O19,-0.147991,-875.455,r2SCAN-D4,P1
C54H18N12O13S6Zn4-1_9-r2SCAN-D4,Zn4H18C54S6N12O13,-0.061013,-880.007,r2SCAN-D4,P1
C54H18N12O13S6Zn4-1_11-r2SCAN-D4,Zn4H18C54S6N12O13,0.00936423,-872.477,r2SCAN-D4,P1
C52H32N8O13Zn4-2_3-r2SCAN-D4,Zn4H32C52N8O13,-0.146158,-832.384,r2SCAN-D4,P1
C52H28N4O21Zn4-3_4-r2SCAN-D4,Zn4H28C52N4O21,-0.326389,-848.165,r2SCAN-D4,P1
C44H32N4O21Zn4-3-r2SCAN-D4,Zn4H32C44N4O21,-0.3048,-778.284,r2SCAN-D4,P1
C44H32N8O17Zn4-2_6-r2SCAN-D4,Zn4H32C44N8O17,-0.287111,-789.747,r2SCAN-D4,P1
C44H32N32O13Zn4-0_7-r2SCAN-D4,Zn4H32C44N32O13,-0.0653713,-964.114,r2SCAN-D4,P1
C40H44N20O13Zn4-3-r2SCAN-D4,Zn4H44C40N20O13,-0.209878,-872.94,r2SCAN-D4,P1
C40H44N20O13Zn4-3_11-r2SCAN-D4,Zn4H44C40N20O13,-0.220821,-874.264,r2SCAN-D4,P1
C51H33N9O13Zn4-1_15-r2SCAN-D4,Zn4H33C51N9O13,-0.195683,-840.569,r2SCAN-D4,P1
C48H36N6O13Zn4-2_13-r2SCAN-D4,Zn4H36C48N6O13,-0.215645,-794.984,r2SCAN-D4,P1
C48H36N6O13Zn4-1_2-r2SCAN-D4,Zn4H36C48N6O13,-0.243733,-797.989,r2SCAN-D4,P1
C48H36N16O5Zn4-3-r2SCAN-D4,Zn4H36C48N16O5,0.0724486,-808.956,r2SCAN-D4,P1
C45H27N9O19Zn4-2_3-r2SCAN-D4,Zn4H27C45N9O19,-0.214783,-795.463,r2SCAN-D4,P1
C45H45N15O16Zn4-2_15-r2SCAN-D4,Zn4H45C45N15O16,-0.233251,-901.95,r2SCAN-D4,P1
C48H28N12O21Zn4-3_14-r2SCAN-D4,Zn4H28C48(N4O7)3,-0.264423,-875.609,r2SCAN-D4,P1
C48H28N12O21Zn4-0_7-r2SCAN-D4,Zn4H28C48(N4O7)3,-0.252448,-874.255,r2SCAN-D4,P1
C48H28N12O21Zn4-0_17-r2SCAN-D4,Zn4H28C48(N4O7)3,-0.256903,-874.759,r2SCAN-D4,P1
C48H24N8O33Zn4-3_2-r2SCAN-D4,Zn4H24C48N8O33,-0.443989,-917.095,r2SCAN-D4,P1
C48H24N12O21Zn4-1_15-r2SCAN-D4,Zn4H24C48(N4O7)3,-0.195675,-853.23,r2SCAN-D4,P1
C44H40N24O13Zn4-0_12-r2SCAN-D4,Zn4H40C44N24O13,-0.209702,-936.602,r2SCAN-D4,P1
C60H28N8O21Zn4-2_11-r2SCAN-D4,Zn4H28C60N8O21,-0.200084,-953.539,r2SCAN-D4,P1
C64H24N16O13Zn4-2_10-MACE-OMat-D3,C64H24N16O13Zn4-2_10-MACE-OMat-D3,-0.0620393,-876.016,MACE-OMat-D3,P1
C64H20N16O13Zn4-1_8-MACE-OMat-D3,C64H20N16O13Zn4-1_8-MACE-OMat-D3,-0.0522052,-861.642,MACE-OMat-D3,P1
C60H36N12O13Zn4-3_1-MACE-OMat-D3,C60H36N12O13Zn4-3_1-MACE-OMat-D3,-0.145466,-855.46,MACE-OMat-D3,P1
C60H32N8O9S4Zn4-2_1-MACE-OMat-D3,C60H32N8O9S4Zn4-2_1-MACE-OMat-D3,-0.0724846,-796.126,MACE-OMat-D3,P1
C60H18N12O19Zn4-1_15-MACE-OMat-D3,C60H18N12O19Zn4-1_15-MACE-OMat-D3,-0.210261,-832.337,MACE-OMat-D3,P1
C60H18N12O13S6Zn4-1_5-MACE-OMat-D3,C60H18N12O13S6Zn4-1_5-MACE-OMat-D3,-0.0368919,-807.831,MACE-OMat-D3,P1
C56H40N4O13Zn4-3_11-MACE-OMat-D3,C56H40N4O13Zn4-3_11-MACE-OMat-D3,-0.246423,-775.548,MACE-OMat-D3,P1
C56H36N8O13Zn4-1_14-MACE-OMat-D3,C56H36N8O13Zn4-1_14-MACE-OMat-D3,-0.157877,-785.591,MACE-OMat-D3,P1
C56H32N8O13S8Zn4-1_12-MACE-OMat-D3,C56H32N8O13S8Zn4-1_12-MACE-OMat-D3,-0.167241,-807.411,MACE-OMat-D3,P1
C56H32N8O13S8Zn4-1_6-MACE-OMat-D3,C56H32N8O13S8Zn4-1_6-MACE-OMat-D3,-0.142976,-804.475,MACE-OMat-D3,P1
C56H32N4O17Zn4-2_6-MACE-OMat-D3,C56H32N4O17Zn4-2_6-MACE-OMat-D3,-0.279395,-772.13,MACE-OMat-D3,P1
C56H24N8O13S8Zn4-3_12-MACE-OMat-D3,C56H24N8O13S8Zn4-3_12-MACE-OMat-D3,-0.11102,-773.77,MACE-OMat-D3,P1
C54H42N12O13Zn4-1_3-MACE-OMat-D3,C54H42N12O13Zn4-1_3-MACE-OMat-D3,-0.223272,-829.48,MACE-OMat-D3,P1
C54H24N12O13S3Zn4-0_14-MACE-OMat-D3,C54H24N12O13S3Zn4-0_14-MACE-OMat-D3,-0.144219,-771.434,MACE-OMat-D3,P1
C54H18N12O19Zn4-1_12-MACE-OMat-D3,C54H18N12O19Zn4-1_12-MACE-OMat-D3,-0.242429,-779.35,MACE-OMat-D3,P1
C52H32N8O17Zn4-2_7-MACE-OMat-D3,C52H32N8O17Zn4-2_7-MACE-OMat-D3,-0.229876,-763.134,MACE-OMat-D3,P1
C52H32N4O13Zn4-3_11-MACE-OMat-D3,C52H32N4O13Zn4-3_11-MACE-OMat-D3,-0.232104,-708.359,MACE-OMat-D3,P1
C52H32N4O13Zn4-1-MACE-OMat-D3,C52H32N4O13Zn4-1-MACE-OMat-D3,-0.242364,-709.436,MACE-OMat-D3,P1
C52H28N4O21Zn4-2_14-MACE-OMat-D3,C52H28N4O21Zn4-2_14-MACE-OMat-D3,-0.288545,-742.049,MACE-OMat-D3,P1
C52H28N20O5Zn4-0_1-MACE-OMat-D3,C52H28N20O5Zn4-0_1-MACE-OMat-D3,0.0728654,-756.999,MACE-OMat-D3,P1
C52H24N8O17Zn4-3_1-MACE-OMat-D3,C52H24N8O17Zn4-3_1-MACE-OMat-D3,-0.204779,-732.71,MACE-OMat-D3,P1
C48H40N16O13Zn4-3_8-MACE-OMat-D3,C48H40N16O13Zn4-3_8-MACE-OMat-D3,-0.302608,-809.91,MACE-OMat-D3,P1
C48H36N12O13S4Zn4-1_9-MACE-OMat-D3,C48H36N12O13S4Zn4-1_9-MACE-OMat-D3,-0.278634,-776.056,MACE-OMat-D3,P1
C48H28N4O13Zn4-0_16-MACE-OMat-D3,C48H28N4O13Zn4-0_16-MACE-OMat-D3,-0.25769,-659.23,MACE-OMat-D3,P1
C48H27N9O13Zn4-0_7-MACE-OMat-D3,C48H27N9O13Zn4-0_7-MACE-OMat-D3,-0.293544,-702.361,MACE-OMat-D3,P1
C48H18N12O19Zn4-3_4-MACE-OMat-D3,C48H18N12O19Zn4-3_4-MACE-OMat-D3,-0.267604,-725.27,MACE-OMat-D3,P1
C48H18N12O19Zn4-2_2-MACE-OMat-D3,C48H18N12O19Zn4-2_2-MACE-OMat-D3,-0.229616,-721.433,MACE-OMat-D3,P1
C48H16N16O17Zn4-0_13-MACE-OMat-D3,C48H16N16O17Zn4-0_13-MACE-OMat-D3,-0.110303,-726.377,MACE-OMat-D3,P1
C45H42N6O13Zn4-0_10-MACE-OMat-D3,C45H42N6O13Zn4-0_10-MACE-OMat-D3,-0.296175,-701.331,MACE-OMat-D3,P1
C45H27N9O19Zn4-0_14-MACE-OMat-D3,C45H27N9O19Zn4-0_14-MACE-OMat-D3,-0.261094,-701.972,MACE-OMat-D3,P1
C44H40N24O13Zn4-3_8-MACE-OMat-D3,C44H40N24O13Zn4-3_8-MACE-OMat-D3,-0.274241,-837.553,MACE-OMat-D3,P1
C44H40N24O13Zn4-0_7-MACE-OMat-D3,C44H40N24O13Zn4-0_7-MACE-OMat-D3,-0.262376,-836.07,MACE-OMat-D3,P1
C44H32N8O13Zn4-2_1-MACE-OMat-D3,C44H32N8O13Zn4-2_1-MACE-OMat-D3,-0.294761,-673.58,MACE-OMat-D3,P1
C44H32N8O13Zn4-0_1-MACE-OMat-D3,C44H32N8O13Zn4-0_1-MACE-OMat-D3,-0.283936,-672.486,MACE-OMat-D3,P1
C44H32N32O13Zn4-0_3-MACE-OMat-D3,C44H32N32O13Zn4-0_3-MACE-OMat-D3,-0.206448,-869.885,MACE-OMat-D3,P1
C42H30N12O16Zn4-2_10-MACE-OMat-D3,C42H30N12O16Zn4-2_10-MACE-OMat-D3,-0.339746,-702.488,MACE-OMat-D3,P1
C40H20N8O17Zn4-2_1-MACE-OMat-D3,C40H20N8O17Zn4-2_1-MACE-OMat-D3,-0.198002,-605.52,MACE-OMat-D3,P1
C40H16O5Zn4-1-MACE-OMat-D3,C40H16O5Zn4-1-MACE-OMat-D3,0.213575,-434.906,MACE-OMat-D3,P1
C20F6H12Mg4N2O6S2-4-r2SCAN-D4,C20F6H12Mg4N2O6S2-4-r2SCAN-D4,-0.506924,-373.302,r2SCAN-D4,P1
C34H20N4O9Zn4-2_4-MACE-OMat-D3,C34H20N4O9Zn4-2_4-MACE-OMat-D3,-0.135547,-469.39,MACE-OMat-D3,P1
C24H24O17Zn4-0_8-MACE-OMat-D3,C24H24O17Zn4-0_8-MACE-OMat-D3,-0.547877,-424.805,MACE-OMat-D3,P1
C24H24O13Zn4-0_10-MACE-OMat-D3,C24H24O13Zn4-0_10-MACE-OMat-D3,-0.489969,-399.057,MACE-OMat-D3,P1
C21H18O13Zn4-3_1-MACE-OMat-D3,C21H18O13Zn4-3_1-MACE-OMat-D3,-0.526433,-349.643,MACE-OMat-D3,P1
C20H12N8O11Zn4-0_2-MACE-OMat-D3,C20H12N8O11Zn4-0_2-MACE-OMat-D3,-0.349262,-367.575,MACE-OMat-D3,P1
C20H16O11Zn4-2_9.0-r2SCAN-D4,C20H16O11Zn4-2_9.0-r2SCAN-D4,-0.389579,-375.614,r2SCAN-D4,P1
C20H12O15Zn4-0.0-r2SCAN-D4,C20H12O15Zn4-0.0-r2SCAN-D4,-0.539079,-392.695,r2SCAN-D4,P1
C56H24N16O13S8Zn4-2_8-MACE-OMat-D3,C56H24N16O13S8Zn4-2_8-MACE-OMat-D3,-0.103387,-840.491,MACE-OMat-D3,P1
C56H20N12O13Zn4-2_3-MACE-OMat-D3,C56H20N12O13Zn4-2_3-MACE-OMat-D3,-0.140506,-763.351,MACE-OMat-D3,P1
C52H20N8O13Zn4-0_2-MACE-OMat-D3,C52H20N8O13Zn4-0_2-MACE-OMat-D3,-0.150181,-693.009,MACE-OMat-D3,P1
C51H33N9O13Zn4-0_16-MACE-OMat-D3,C51H33N9O13Zn4-0_16-MACE-OMat-D3,-0.206386,-742.462,MACE-OMat-D3,P1
C50H34N6O13Zn4-0_16-MACE-OMat-D3,C50H34N6O13Zn4-0_16-MACE-OMat-D3,-0.30335,-721.234,MACE-OMat-D3,P1
C48H40N8O17S8Zn4-1_3-MACE-OMat-D3,C48H40N8O17S8Zn4-1_3-MACE-OMat-D3,-0.253901,-791.098,MACE-OMat-D3,P1
C48H24N6O13Zn4-0_2-MACE-OMat-D3,C48H24N6O13Zn4-0_2-MACE-OMat-D3,-0.190432,-656.039,MACE-OMat-D3,P1
C48H24N20O13Zn4-0_8-MACE-OMat-D3,C48H24N20O13Zn4-0_8-MACE-OMat-D3,-0.160531,-772.271,MACE-OMat-D3,P1
C48H24N16O13S8Zn4-1_5-MACE-OMat-D3,C48H24N16O13S8Zn4-1_5-MACE-OMat-D3,-0.174166,-774.105,MACE-OMat-D3,P1
C44H20N8O13S4Zn4-2_4-MACE-OMat-D3,C44H20N8O13S4Zn4-2_4-MACE-OMat-D3,-0.195124,-639.545,MACE-OMat-D3,P1
C36H24N6O13Zn4-0_13-MACE-OMat-D3,C36H24N6O13Zn4-0_13-MACE-OMat-D3,-0.294523,-552.058,MACE-OMat-D3,P1
C36H20N8O21Zn4-0_11-MACE-OMat-D3,C36H20N8O21Zn4-0_11-MACE-OMat-D3,-0.294111,-597.087,MACE-OMat-D3,P1
C36H18N6O25Zn4-0_17-MACE-OMat-D3,C36H18N6O25Zn4-0_17-MACE-OMat-D3,-0.355655,-599.181,MACE-OMat-D3,P1
C36H18N6O13Zn4-3_8-MACE-OMat-D3,C36H18N6O13Zn4-3_8-MACE-OMat-D3,-0.285628,-530.143,MACE-OMat-D3,P1
C36H18N6O13Zn4-0_13-MACE-OMat-D3,C36H18N6O13Zn4-0_13-MACE-OMat-D3,-0.286671,-530.224,MACE-OMat-D3,P1
C36H18N6O13S3Zn4-1_4-MACE-OMat-D3,C36H18N6O13S3Zn4-1_4-MACE-OMat-D3,-0.279682,-542.911,MACE-OMat-D3,P1
C18H18N6O13Zn4-1_16-r2SCAN-D4,C18H18N6O13Zn4-1_16-r2SCAN-D4,-0.563535,-442.422,r2SCAN-D4,P1
C44H24O13Zn4-0_15-r2SCAN-D4,C44H24O13Zn4-0_15-r2SCAN-D4,-0.279942,-659.247,r2SCAN-D4,P1
C24H20N8O17Zn4-0-r2SCAN-D4,C24H20N8O17Zn4-0-r2SCAN-D4,-0.50494,-554.637,r2SCAN-D4,P1
C60H32N4O21Zn4-2-pts-r2SCAN-D4,C60H32N4O21Zn4-2-pts-r2SCAN-D4,-0.248355,-936.603,r2SCAN-D4,P1
C48H24N12O19Zn4-2_8-MACE-OMat-D3,C48H24N12O19Zn4-2_8-MACE-OMat-D3,-0.253911,-744.873,MACE-OMat-D3,P1
C44H28N16O13Zn4-1_7-MACE-OMat-D3,C44H28N16O13Zn4-1_7-MACE-OMat-D3,-0.244869,-723.302,MACE-OMat-D3,P1
C18H12O19Zn4-0_20-r2SCAN-D4,C18H12O19Zn4-0_20-r2SCAN-D4,-0.772433,-409.391,r2SCAN-D4,P1
C21H18O13Zn4-3_12.0-r2SCAN-D4,C21H18O13Zn4-3_12.0-r2SCAN-D4,-0.542051,-414.673,r2SCAN-D4,P1
C30H14N4O11Zn4-3_8.0-r2SCAN-D4,C30H14N4O11Zn4-3_8.0-r2SCAN-D4,-0.171709,-496.424,r2SCAN-D4,P1
C32H24O17Zn4-3_12-r2SCAN-D4,C32H24O17Zn4-3_12-r2SCAN-D4,-0.467756,-574.549,r2SCAN-D4,P1
C56H16N12O13Zn4-0_16-r2SCAN-D4,C56H16N12O13Zn4-0_16-r2SCAN-D4,-0.0773615,-845.627,r2SCAN-D4,P1
C48H28N16O5Zn4-0_1-r2SCAN-D4,C48H28N16O5Zn4-0_1-r2SCAN-D4,0.199455,-769.053,r2SCAN-D4,P1
C20H14Mg2N4O2-13-r2SCAN-D4,C20H14Mg2N4O2-13-r2SCAN-D4,0.0320673,-304.032,r2SCAN-D4,P1
C44H32N8O13Zn4-1_13-r2SCAN-D4,Zn4H32C44N8O13,-0.225553,-759.097,r2SCAN-D4,P1
C44H20N8O13Zn4-2_6-r2SCAN-D4,Zn4H20C44N8O13,-0.164075,-709.436,r2SCAN-D4,P1
C42H24N6O13Zn4-3_12-r2SCAN-D4,Zn4H24C42N6O13,-0.261001,-693.553,r2SCAN-D4,P1
C42H24N6O13S3Zn4-1_1-r2SCAN-D4,Zn4H24C42S3N6O13,-0.237339,-716.552,r2SCAN-D4,P1
C40H36N8O13Zn4-2_16-r2SCAN-D4,Zn4H36C40N8O13,-0.274633,-737.814,r2SCAN-D4,P1
C38H28N4O13Zn4-1_2-r2SCAN-D4,Zn4H28C38N4O13,-0.305603,-652.369,r2SCAN-D4,P1
C40H20N4O17Zn4-0-r2SCAN-D4,Zn4H20C40N4O17,-0.293052,-666.354,r2SCAN-D4,P1
C36H24N6O13Zn4-3_12-r2SCAN-D4,Zn4H24C36N6O13,-0.301776,-635.27,r2SCAN-D4,P1
C36H18O16Zn4-0_12-r2SCAN-D4,Zn2H9(C9O4)2,-0.391754,-581.027,r2SCAN-D4,P1
C30H18N6O19Zn4-0_6-r2SCAN-D4,Zn4H18C30N6O19,-0.343009,-590.716,r2SCAN-D4,P1
C48H28N4O13Zn4-3_14-r2SCAN-D4,Zn4H28C48N4O13,-0.237822,-749.021,r2SCAN-D4,P1
C48H24N12O13Zn4-3_16-r2SCAN-D4,Zn4H24C48N12O13,-0.152575,-800.743,r2SCAN-D4,P1
C56H16N12O13Zn4-2_3-r2SCAN-D4,Zn4H16C56N12O13,-0.0506458,-842.929,r2SCAN-D4,P1
C56H16N12O13Zn4-3_16-r2SCAN-D4,Zn4H16C56N12O13,-0.0508149,-842.946,r2SCAN-D4,P1
C48H24N8O17Zn4-3_16-r2SCAN-D4,Zn4H24C48N8O17,-0.245795,-796.838,r2SCAN-D4,P1
C48H24N6O13S6Zn4-1_3-r2SCAN-D4,Zn4H24C48S6N6O13,-0.145729,-793.93,r2SCAN-D4,P1
C48H24N6O13Zn4-2_16-r2SCAN-D4,Zn4H24C48N6O13,-0.175848,-747.132,r2SCAN-D4,P1
C36H18N6O13S3Zn4-3-r2SCAN-D4,Zn4H18C36S3N6O13,-0.258626,-634.563,r2SCAN-D4,P1
C48H18N12O19Zn4-0-r2SCAN-D4,Zn4H18C48N12O19,-0.183433,-818.044,r2SCAN-D4,P1
C44H28N4O13Zn4-2_16-r2SCAN-D4,Zn4H28C44N4O13,-0.248524,-708.997,r2SCAN-D4,P1
C28H36N12O13Zn4-1_4-r2SCAN-D4,Zn4H36C28N12O13,-0.349284,-658.959,r2SCAN-D4,P1
C36H12N27O13Zn4-3_10-r2SCAN-D4,Zn4H12C36N27O13,0.00245814,-760.686,r2SCAN-D4,P1
C60H36O13Zn4-0_6-r2SCAN-D4,Zn4H36C60O13,-0.219836,-862.049,r2SCAN-D4,P1
C64H32N8O13Zn4-0_1-r2SCAN-D4,Zn4H32C64N8O13,-0.0679433,-944.878,r2SCAN-D4,P1
C60H24N12O13S6Zn4-1_16-r2SCAN-D4,Zn4H24C60S6N12O13,-0.0434943,-959.498,r2SCAN-D4,P1
C60H24N12O13S6Zn4-0_19-r2SCAN-D4,Zn4H24C60S6N12O13,-0.0143633,-956.032,r2SCAN-D4,P1
C60H18N12O13S6Zn4-3_16-r2SCAN-D4,Zn4H18C60S6N12O13,0.0227616,-931.009,r2SCAN-D4,P1
C56H36N8O13Zn4-2_5-r2SCAN-D4,Zn4H36C56N8O13,-0.211045,-895.041,r2SCAN-D4,P1
C56H36N8O13Zn4-0_16-r2SCAN-D4,Zn4H36C56N8O13,-0.187779,-892.318,r2SCAN-D4,P1
C56H24N12O21Zn4-2_8-r2SCAN-D4,Zn4H24C56(N4O7)3,-0.118849,-925.943,r2SCAN-D4,P1
C54H24N12O13S3Zn4-2_9-r2SCAN-D4,Zn4H24C54S3N12O13,-0.0346123,-873.635,r2SCAN-D4,P1
C54H18N12O19Zn4-1_13-r2SCAN-D4,Zn4H18C54N12O19,-0.169001,-877.703,r2SCAN-D4,P1
C52H44N8O17Zn4-0_14-r2SCAN-D4,Zn4H44C52N8O17,-0.227386,-909.643,r2SCAN-D4,P1
C52H32N4O13Zn4-2_8-r2SCAN-D4,Zn4H32C52N4O13,-0.217831,-802.72,r2SCAN-D4,P1
C52H32N4O13Zn4-2_2-r2SCAN-D4,Zn4H32C52N4O13,-0.210126,-801.911,r2SCAN-D4,P1
C52H32N4O13Zn4-0_13-r2SCAN-D4,Zn4H32C52N4O13,-0.200994,-800.952,r2SCAN-D4,P1
C44H36N16O13Zn4-0_11-r2SCAN-D4,Zn4H36C44N16O13,-0.201681,-846.143,r2SCAN-D4,P1
C44H28N16O21Zn4-1_6-r2SCAN-D4,Zn4H28C44N16O21,-0.203136,-865.22,r2SCAN-D4,P1
C40H16N24O25Zn4-3-r2SCAN-D4,Zn4H16C40N24O25,-0.172715,-876.033,r2SCAN-D4,P1
C52H24N8O17Zn4-0_14-r2SCAN-D4,Zn4H24C52N8O17,-0.212439,-834.387,r2SCAN-D4,P1
C52H28N4O21Zn4-1_16-r2SCAN-D4,Zn4H28C52N4O21,-0.275588,-842.627,r2SCAN-D4,P1
C48H36N6O13Zn4-3-r2SCAN-D4,Zn4H36C48N6O13,-0.242991,-797.91,r2SCAN-D4,P1
C48H36N6O13Zn4-1_15-r2SCAN-D4,Zn4H36C48N6O13,-0.242384,-797.845,r2SCAN-D4,P1
C52H32N8O13Zn4-0_6-r2SCAN-D4,Zn4H32C52N8O13,-0.137592,-831.45,r2SCAN-D4,P1
C52H32N8O13Zn4-1_16-r2SCAN-D4,Zn4H32C52N8O13,-0.168835,-834.855,r2SCAN-D4,P1
C48H28N12O21Zn4-2_5-r2SCAN-D4,Zn4H28C48(N4O7)3,-0.278868,-877.241,r2SCAN-D4,P1
C44H40N20O17Zn4-3_8-r2SCAN-D4,Zn4H40C44N20O17,-0.272807,-931.17,r2SCAN-D4,P1
C48H28N12O21Zn4-1-r2SCAN-D4,Zn4H28C48(N4O7)3,-0.272825,-876.558,r2SCAN-D4,P1
C48H24N8O13S8Zn4-0_8-r2SCAN-D4,Zn4H24C48S8N8O13,-0.110608,-825.389,r2SCAN-D4,P1
C48H24N8O13S8Zn4-2_17-r2SCAN-D4,Zn4H24C48S8N8O13,-0.0896024,-823.184,r2SCAN-D4,P1
C48H24N12O21Zn4-2_7-r2SCAN-D4,Zn4H24C48(N4O7)3,-0.264035,-860.681,r2SCAN-D4,P1
C46H30N8O15Zn4-0_4-r2SCAN-D4,Zn4H30C46N8O15,-0.255531,-787.398,r2SCAN-D4,P1
C44H40N24O13Zn4-0_16-r2SCAN-D4,Zn4H40C44N24O13,-0.165923,-931.13,r2SCAN-D4,P1
C60H28N8O21Zn4-2_9-MACE-OMat-D3,C60H28N8O21Zn4-2_9-MACE-OMat-D3,-0.271619,-850.399,MACE-OMat-D3,P1
C60H18N12O19Zn4-3_6-MACE-OMat-D3,C60H18N12O19Zn4-3_6-MACE-OMat-D3,-0.212403,-832.58,MACE-OMat-D3,P1
C60H18N12O19Zn4-1_11-MACE-OMat-D3,C60H18N12O19Zn4-1_11-MACE-OMat-D3,-0.210613,-832.377,MACE-OMat-D3,P1
C56H40N8O13Zn4-1_16-MACE-OMat-D3,C56H40N8O13Zn4-1_16-MACE-OMat-D3,-0.24389,-809.605,MACE-OMat-D3,P1
C56H40N8O9Zn4-3_5-MACE-OMat-D3,C56H40N8O9Zn4-3_5-MACE-OMat-D3,-0.0951091,-771.43,MACE-OMat-D3,P1
C56H36N12O13Zn4-1_11-MACE-OMat-D3,C56H36N12O13Zn4-1_11-MACE-OMat-D3,-0.19065,-823.567,MACE-OMat-D3,P1
C54H42N6O13Zn4-1_15-MACE-OMat-D3,C54H42N6O13Zn4-1_15-MACE-OMat-D3,-0.248864,-781.118,MACE-OMat-D3,P1
C54H30N6O13Zn4-1_2-MACE-OMat-D3,C54H30N6O13Zn4-1_2-MACE-OMat-D3,-0.2267,-736.836,MACE-OMat-D3,P1
C54H24N6O13Zn4-0-MACE-OMat-D3,C54H24N6O13Zn4-0-MACE-OMat-D3,-0.129979,-706.244,MACE-OMat-D3,P1
C54H24N12O19Zn4-3-MACE-OMat-D3,C54H24N12O19Zn4-3-MACE-OMat-D3,-0.195317,-794.943,MACE-OMat-D3,P1
C54H24N12O19Zn4-1_15-MACE-OMat-D3,C54H24N12O19Zn4-1_15-MACE-OMat-D3,-0.198044,-795.252,MACE-OMat-D3,P1
C52H36N4O17Zn4-1_3-MACE-OMat-D3,C52H36N4O17Zn4-1_3-MACE-OMat-D3,-0.278997,-748.282,MACE-OMat-D3,P1
C52H32N8O17Zn4-3_13-MACE-OMat-D3,C52H32N8O17Zn4-3_13-MACE-OMat-D3,-0.287925,-769.694,MACE-OMat-D3,P1
C52H32N4O17Zn4-1_8-MACE-OMat-D3,C52H32N4O17Zn4-1_8-MACE-OMat-D3,-0.258539,-731.961,MACE-OMat-D3,P1
C52H32N4O13Zn4-3_4-MACE-OMat-D3,C52H32N4O13Zn4-3_4-MACE-OMat-D3,-0.242664,-709.467,MACE-OMat-D3,P1
C52H32N12O17Zn4-2_2-MACE-OMat-D3,C52H32N12O17Zn4-2_2-MACE-OMat-D3,-0.205231,-794.549,MACE-OMat-D3,P1
C48H36N6O13S3Zn4-2_8-MACE-OMat-D3,C48H36N6O13S3Zn4-2_8-MACE-OMat-D3,-0.249751,-716.732,MACE-OMat-D3,P1
C48H32N8O17Zn4-2_2-MACE-OMat-D3,C48H32N8O17Zn4-2_2-MACE-OMat-D3,-0.321163,-735.387,MACE-OMat-D3,P1
C48H32N8O17Zn4-2_6-MACE-OMat-D3,C48H32N8O17Zn4-2_6-MACE-OMat-D3,-0.279175,-730.81,MACE-OMat-D3,P1
C48H28N12O21Zn4-3_14-MACE-OMat-D3,C48H28N12O21Zn4-3_14-MACE-OMat-D3,-0.308006,-775.38,MACE-OMat-D3,P1
C48H28N12O21Zn4-1_6-MACE-OMat-D3,C48H28N12O21Zn4-1_6-MACE-OMat-D3,-0.324205,-777.211,MACE-OMat-D3,P1
C48H24N8O17S8Zn4-2_14-MACE-OMat-D3,C48H24N8O17S8Zn4-2_14-MACE-OMat-D3,-0.183577,-727.47,MACE-OMat-D3,P1
C48H24N8O13S8Zn4-3_10-MACE-OMat-D3,C48H24N8O13S8Zn4-3_10-MACE-OMat-D3,-0.140784,-702.45,MACE-OMat-D3,P1
C48H18N12O19Zn4-3_15-MACE-OMat-D3,C48H18N12O19Zn4-3_15-MACE-OMat-D3,-0.278376,-726.358,MACE-OMat-D3,P1
C44H40N24O13Zn4-2_17-MACE-OMat-D3,C44H40N24O13Zn4-2_17-MACE-OMat-D3,-0.288297,-839.31,MACE-OMat-D3,P1
C44H36N8O21Zn4-3_15-MACE-OMat-D3,C44H36N8O21Zn4-3_15-MACE-OMat-D3,-0.288421,-728.96,MACE-OMat-D3,P1
C44H36N16O13Zn4-3_16-MACE-OMat-D3,C44H36N16O13Zn4-3_16-MACE-OMat-D3,-0.291834,-756.518,MACE-OMat-D3,P1
C44H32N32O13Zn4-2_7-MACE-OMat-D3,C44H32N32O13Zn4-2_7-MACE-OMat-D3,-0.171837,-865.559,MACE-OMat-D3,P1
C44H32N32O13Zn4-2_14-MACE-OMat-D3,C44H32N32O13Zn4-2_14-MACE-OMat-D3,-0.199954,-869.074,MACE-OMat-D3,P1
C42H24N6O25Zn4-1_5-MACE-OMat-D3,C42H24N6O25Zn4-1_5-MACE-OMat-D3,-0.463913,-689.013,MACE-OMat-D3,P1
C42H24N6O13Zn4-1_11-MACE-OMat-D3,C42H24N6O13Zn4-1_11-MACE-OMat-D3,-0.258371,-605.775,MACE-OMat-D3,P1
C42H24N6O13Zn4-0_19-MACE-OMat-D3,C42H24N6O13Zn4-0_19-MACE-OMat-D3,-0.258459,-605.783,MACE-OMat-D3,P1
C42H24N6O13S3Zn4-2_10-MACE-OMat-D3,C42H24N6O13S3Zn4-2_10-MACE-OMat-D3,-0.257313,-618.839,MACE-OMat-D3,P1
C42H24N6O13S3Zn4-2_9-MACE-OMat-D3,C42H24N6O13S3Zn4-2_9-MACE-OMat-D3,-0.260256,-619.11,MACE-OMat-D3,P1
C42H24N6O13S3Zn4-1_9-MACE-OMat-D3,C42H24N6O13S3Zn4-1_9-MACE-OMat-D3,-0.219087,-615.323,MACE-OMat-D3,P1
C42H24N6O13S3Zn4-0_4-MACE-OMat-D3,C42H24N6O13S3Zn4-0_4-MACE-OMat-D3,-0.225457,-615.909,MACE-OMat-D3,P1
C40H36N8O15Zn4-0_11-MACE-OMat-D3,C40H36N8O15Zn4-0_11-MACE-OMat-D3,-0.335051,-664.412,MACE-OMat-D3,P1
C42H18N24O10Zn4-2_3-MACE-OMat-D3,C42H18N24O10Zn4-2_3-MACE-OMat-D3,-0.0644206,-704.99,MACE-OMat-D3,P1
C40H36N12O17Zn4-2_13-MACE-OMat-D3,C40H36N12O17Zn4-2_13-MACE-OMat-D3,-0.348407,-711.152,MACE-OMat-D3,P1
C40H24O13Zn4-3_13-MACE-OMat-D3,C40H24O13Zn4-3_13-MACE-OMat-D3,-0.343577,-542.153,MACE-OMat-D3,P1
C40H24N16O21Zn4-1_10-MACE-OMat-D3,C40H24N16O21Zn4-1_10-MACE-OMat-D3,-0.279283,-716.747,MACE-OMat-D3,P1
C40H20N8O17Zn4-2_2-MACE-OMat-D3,C40H20N8O17Zn4-2_2-MACE-OMat-D3,-0.200334,-605.727,MACE-OMat-D3,P1
C40H20N8O17Zn4-2_12-MACE-OMat-D3,C40H20N8O17Zn4-2_12-MACE-OMat-D3,-0.234578,-608.775,MACE-OMat-D3,P1
C40H20N8O13Zn4-0_11-MACE-OMat-D3,C40H20N8O13Zn4-0_11-MACE-OMat-D3,-0.224325,-587.173,MACE-OMat-D3,P1
C24F9H3Mg6O6-8-r2SCAN-D4,C24F9H3Mg6O6-8-r2SCAN-D4,-0.460885,-361.27,r2SCAN-D4,P1
C33H18O13Zn4-0_5-MACE-OMat-D3,C33H18O13Zn4-0_5-MACE-OMat-D3,-0.367338,-455.477,MACE-OMat-D3,P1
C24H24O13Zn4-3_13-MACE-OMat-D3,C24H24O13Zn4-3_13-MACE-OMat-D3,-0.442431,-395.967,MACE-OMat-D3,P1
C24H24O16Zn4-0_7-MACE-OMat-D3,C24H24O16Zn4-0_7-MACE-OMat-D3,-0.530983,-418.16,MACE-OMat-D3,P1
C24H15O13Zn4-0_11-r2SCAN-D4,C24H15O13Zn4-0_11-r2SCAN-D4,-0.505955,-432.332,r2SCAN-D4,P1
C21H18O13Zn4-2_10-r2SCAN-D4,C21H18O13Zn4-2_10-r2SCAN-D4,-0.550096,-415.124,r2SCAN-D4,P1
C56H24N12O21Zn4-0_8-MACE-OMat-D3,C56H24N12O21Zn4-0_8-MACE-OMat-D3,-0.16671,-820.663,MACE-OMat-D3,P1
C56H20N12O13Zn4-0_2-MACE-OMat-D3,C56H20N12O13Zn4-0_2-MACE-OMat-D3,-0.0819337,-757.201,MACE-OMat-D3,P1
C52H24N16O13Zn4-1_3-MACE-OMat-D3,C52H24N16O13Zn4-1_3-MACE-OMat-D3,-0.164914,-776.149,MACE-OMat-D3,P1
C52H20N12O13Zn4-0_3-MACE-OMat-D3,C52H20N12O13Zn4-0_3-MACE-OMat-D3,-0.0841982,-720.324,MACE-OMat-D3,P1
C48H24N16O13S8Zn4-0_5-MACE-OMat-D3,C48H24N16O13S8Zn4-0_5-MACE-OMat-D3,-0.167931,-773.401,MACE-OMat-D3,P1
C44H16N40O13Zn4-3_3-MACE-OMat-D3,C44H16N40O13Zn4-3_3-MACE-OMat-D3,0.0175092,-856.888,MACE-OMat-D3,P1
C36H32N12O17Zn4-1_11-MACE-OMat-D3,C36H32N12O17Zn4-1_11-MACE-OMat-D3,-0.40244,-664.069,MACE-OMat-D3,P1
C36H18N6O13S6Zn4-3_2-MACE-OMat-D3,C36H18N6O13S6Zn4-3_2-MACE-OMat-D3,-0.282223,-556.347,MACE-OMat-D3,P1
C36H18N6O13S3Zn4-3_6-MACE-OMat-D3,C36H18N6O13S3Zn4-3_6-MACE-OMat-D3,-0.243577,-540.022,MACE-OMat-D3,P1
C36H18N6O13S6Zn4-0_11-MACE-OMat-D3,C36H18N6O13S6Zn4-0_11-MACE-OMat-D3,-0.27473,-555.725,MACE-OMat-D3,P1
C36H18N6O13S3Zn4-2_16-MACE-OMat-D3,C36H18N6O13S3Zn4-2_16-MACE-OMat-D3,-0.280635,-542.987,MACE-OMat-D3,P1
C36H18N21O13Zn4-2_11-MACE-OMat-D3,C36H18N21O13Zn4-2_11-MACE-OMat-D3,-0.20233,-651.933,MACE-OMat-D3,P1
C36H18N6O10S6Zn4-3_2-MACE-OMat-D3,C36H18N6O10S6Zn4-3_2-MACE-OMat-D3,-0.121454,-527.794,MACE-OMat-D3,P1
C24H16O13Zn4-1_9-r2SCAN-D4,C24H16O13Zn4-1_9-r2SCAN-D4,-0.491726,-435.484,r2SCAN-D4,P1
C28H12N6O11Zn4-3_3-r2SCAN-D4,C28H12N6O11Zn4-3_3-r2SCAN-D4,-0.259821,-492.81,r2SCAN-D4,P1
C30H12N2O11Zn4-1_10-r2SCAN-D4,C30H12N2O11Zn4-1_10-r2SCAN-D4,-0.292455,-477.645,r2SCAN-D4,P1
C36H12N8O13Zn4-2_17-r2SCAN-D4,C36H12N8O13Zn4-2_17-r2SCAN-D4,-0.117676,-595.631,r2SCAN-D4,P1
C44H24N8O17Zn4-3_3-MACE-OMat-D3,C44H24N8O17Zn4-3_3-MACE-OMat-D3,-0.192203,-656.295,MACE-OMat-D3,P1
C44H24N8O17Zn4-1_14-MACE-OMat-D3,C44H24N8O17Zn4-1_14-MACE-OMat-D3,-0.257119,-662.592,MACE-OMat-D3,P1
C44H24N8O17Zn4-1_10-MACE-OMat-D3,C44H24N8O17Zn4-1_10-MACE-OMat-D3,-0.235672,-660.512,MACE-OMat-D3,P1
C44H24N8O13S4Zn4-1_5-MACE-OMat-D3,C44H24N8O13S4Zn4-1_5-MACE-OMat-D3,-0.209318,-654.678,MACE-OMat-D3,P1
C56H16N12O13Zn4-0_5-r2SCAN-D4,C56H16N12O13Zn4-0_5-r2SCAN-D4,-0.0492876,-842.792,r2SCAN-D4,P1
C14H8Mg4N4O4-13-r2SCAN-D4,C14H8Mg4N4O4-13-r2SCAN-D4,-0.0380738,-245.867,r2SCAN-D4,P1
C24H16Mg4N4O8-15-r2SCAN-D4,C24H16Mg4N4O8-15-r2SCAN-D4,-0.313544,-413.24,r2SCAN-D4,P1
C44H24N8O17Zn4-2-r2SCAN-D4,Zn4H24C44N8O17,-0.224289,-753.701,r2SCAN-D4,P1
C42H24N6O13S3Zn4-0_4-r2SCAN-D4,Zn4H24C42S3N6O13,-0.209791,-714.018,r2SCAN-D4,P1
C40H20N8O17Zn4-1_9-r2SCAN-D4,Zn4H20C40N8O17,-0.215266,-697.207,r2SCAN-D4,P1
C36H20N8O21Zn4-2_7-r2SCAN-D4,Zn4H20C36N8O21,-0.287906,-686.888,r2SCAN-D4,P1
C36H30N9O13Zn4-3_3-r2SCAN-D4,Zn4H30C36N9O13,-0.285486,-684.682,r2SCAN-D4,P1
C36H28N12O13Zn4-6_2-r2SCAN-D4,Zn4H28C36N12O13,-0.301089,-706.958,r2SCAN-D4,P1
C44H24O9Zn4-2_4-r2SCAN-D4,Zn4H24C44O9,-0.112039,-621.243,r2SCAN-D4,P1
C40H20N8O13Zn4-1_9-r2SCAN-D4,Zn4H20C40N8O13,-0.20082,-671.834,r2SCAN-D4,P1
C36H24N6O13Zn4-3_5-r2SCAN-D4,Zn4H24C36N6O13,-0.302368,-635.319,r2SCAN-D4,P1
C48H24N6O13Zn4-3_5-r2SCAN-D4,Zn4H24C48N6O13,-0.22107,-751.428,r2SCAN-D4,P1
C48H18N6O13S6Zn4-0_8-r2SCAN-D4,Zn4H18C48S6N6O13,-0.164035,-774.053,r2SCAN-D4,P1
C48H18N12O19Zn4-3_4-r2SCAN-D4,Zn4H18C48N12O19,-0.22686,-822.43,r2SCAN-D4,P1
C45H33N6O13Zn4-2_10-r2SCAN-D4,Zn4H33C45N6O13,-0.176614,-749.326,r2SCAN-D4,P1
C33H30N15O13Zn4-3_13-r2SCAN-D4,Zn4H30C33N15O13,-0.289203,-710.747,r2SCAN-D4,P1
C64H20N16O13Zn4-3_3-r2SCAN-D4,Zn4H20C64N16O13,-0.002088,-968.627,r2SCAN-D4,P1
C60H24N12O13S6Zn4-2_7-r2SCAN-D4,Zn4H24C60S6N12O13,-0.0175512,-956.411,r2SCAN-D4,P1
C60H18N12O13S6Zn4-1_11-r2SCAN-D4,Zn4H18C60S6N12O13,0.0133113,-932.077,r2SCAN-D4,P1
C56H32O13Zn4-1_7-r2SCAN-D4,Zn4H32C56O13,-0.237221,-808.22,r2SCAN-D4,P1
C56H32N8O13S8Zn4-3_13-r2SCAN-D4,Zn4H32C56S8N8O13,-0.109897,-934.865,r2SCAN-D4,P1
C54H36N6O13Zn4-2_5-r2SCAN-D4,Zn4H36C54N6O13,-0.136244,-847.408,r2SCAN-D4,P1
C54H36N18O13Zn4-2_10-r2SCAN-D4,Zn4H36C54N18O13,-0.103459,-954.758,r2SCAN-D4,P1
C54H36N18O13Zn4-3_10-r2SCAN-D4,Zn4H36C54N18O13,-0.0893787,-952.998,r2SCAN-D4,P1
C54H24N12O19Zn4-2_17-r2SCAN-D4,Zn4H24C54N12O19,-0.109382,-892.722,r2SCAN-D4,P1
C54H18N12O13S6Zn4-3_13-r2SCAN-D4,Zn4H18C54S6N12O13,0.0100802,-872.4,r2SCAN-D4,P1
C52H28N8O13Zn4-3_12-r2SCAN-D4,Zn4H28C52N8O13,-0.0804741,-811.074,r2SCAN-D4,P1
C44H36N16O13Zn4-3_15-r2SCAN-D4,Zn4H36C44N16O13,-0.224261,-848.694,r2SCAN-D4,P1
C44H36N4O17Zn4-3-r2SCAN-D4,Zn4H36C44N4O17,-0.314518,-769.848,r2SCAN-D4,P1
C44H28N16O21Zn4-1_18-r2SCAN-D4,Zn4H28C44N16O21,-0.237258,-869.075,r2SCAN-D4,P1
C44H32N32O13Zn4-0_9-r2SCAN-D4,Zn4H32C44N32O13,-0.0362469,-960.474,r2SCAN-D4,P1
C44H28N16O21Zn4-0_6-r2SCAN-D4,Zn4H28C44N16O21,-0.161936,-860.564,r2SCAN-D4,P1
C40H36N8O15Zn4-2_4-r2SCAN-D4,Zn4H36C40N8O15,-0.276781,-750.226,r2SCAN-D4,P1
C40H16N24O25Zn4-0_3-r2SCAN-D4,Zn4H16C40N24O25,-0.0386369,-861.418,r2SCAN-D4,P1
C51H33N9O13Zn4-1_13-r2SCAN-D4,Zn4H33C51N9O13,-0.11157,-831.316,r2SCAN-D4,P1
C51H42N6O19Zn4-0_9-r2SCAN-D4,Zn4H42C51N6O19,-0.255039,-888.743,r2SCAN-D4,P1
C51H33N12O22Zn4-3_2-r2SCAN-D4,Zn4H33C51(N6O11)2,-0.328313,-938.94,r2SCAN-D4,P1
C48H36N6O13Zn4-1_9-r2SCAN-D4,Zn4H36C48N6O13,-0.243412,-797.955,r2SCAN-D4,P1
C48H40N12O17Zn4-1_5-r2SCAN-D4,Zn4H40C48N12O17,-0.254065,-894.67,r2SCAN-D4,P1
C48H32N8O17Zn4-2_4-r2SCAN-D4,Zn4H32C48N8O17,-0.258198,-827.812,r2SCAN-D4,P1
C48H32N8O13Zn4-1_15-r2SCAN-D4,Zn4H32C48N8O13,-0.228446,-800.371,r2SCAN-D4,P1
C48H32N8O13Zn4-3_1-r2SCAN-D4,Zn4H32C48N8O13,-0.221512,-799.643,r2SCAN-D4,P1
C48H36N12O13S4Zn4-0_6-r2SCAN-D4,Zn4H36C48S4N12O13,-0.214321,-884.415,r2SCAN-D4,P1
C48H30N12O13Zn4-1_15-r2SCAN-D4,Zn4H30C48N12O13,-0.210696,-828.619,r2SCAN-D4,P1
C48H28N12O21Zn4-3_4-r2SCAN-D4,Zn4H28C48(N4O7)3,-0.29206,-878.732,r2SCAN-D4,P1
C48H24N6O19S6Zn4-0_18-r2SCAN-D4,Zn4H24C48S6N6O19,-0.245675,-840.425,r2SCAN-D4,P1
C48H24N8O13S8Zn4-0_6-r2SCAN-D4,Zn4H24C48S8N8O13,-0.0785723,-822.026,r2SCAN-D4,P1
C48H24N16O13S8Zn4-0_5-r2SCAN-D4,Zn4H24C48S8N16O13,-0.0837497,-896.448,r2SCAN-D4,P1
C48H24N12O21Zn4-1_13-r2SCAN-D4,Zn4H24C48(N4O7)3,-0.228505,-856.808,r2SCAN-D4,P1
C48H24N12O21Zn4-1_12-r2SCAN-D4,Zn4H24C48(N4O7)3,-0.276908,-862.084,r2SCAN-D4,P1
C48H24N12O19Zn4-3_10-r2SCAN-D4,Zn4H24C48N12O19,-0.156609,-837.016,r2SCAN-D4,P1
C48H18N12O19Zn4-2_6-r2SCAN-D4,Zn4H18C48N12O19,-0.23554,-823.307,r2SCAN-D4,P1
C48H24N6O13S6Zn4-0_18-r2SCAN-D4,Zn4H24C48S6N6O13,-0.0822211,-787.516,r2SCAN-D4,P1
C60H30N12O13Zn4-2_11-r2SCAN-D4,Zn4H30C60N12O13,-0.0980032,-937.942,r2SCAN-D4,P1
C60H30N6O25Zn4-2_9-r2SCAN-D4,Zn4H30C60N6O25,-0.254139,-972.992,r2SCAN-D4,P1
C60H36N4O5Zn4-3_1-r2SCAN-D4,Zn4H36C60N4O5,0.131626,-812.897,r2SCAN-D4,P1
C64H36N4O13Zn4-1_6-MACE-OMat-D3,C64H36N4O13Zn4-1_6-MACE-OMat-D3,-0.152741,-825.78,MACE-OMat-D3,P1
C64H20N16O13Zn4-0_9-MACE-OMat-D3,C64H20N16O13Zn4-0_9-MACE-OMat-D3,-0.0496747,-861.346,MACE-OMat-D3,P1
C60H40N4O17Zn4-1_1-MACE-OMat-D3,C60H40N4O17Zn4-1_1-MACE-OMat-D3,-0.260898,-835.9,MACE-OMat-D3,P1
C60H30N6O25Zn4-1_17-MACE-OMat-D3,C60H30N6O25Zn4-1_17-MACE-OMat-D3,-0.27865,-861.955,MACE-OMat-D3,P1
C60H28N8O21Zn4-1_3-MACE-OMat-D3,C60H28N8O21Zn4-1_3-MACE-OMat-D3,-0.277382,-851.096,MACE-OMat-D3,P1
C60H16N16O13Zn4-3_8-MACE-OMat-D3,C60H16N16O13Zn4-3_8-MACE-OMat-D3,-0.0459574,-810.79,MACE-OMat-D3,P1
C56H8N40O13Zn4-3_9-MACE-OMat-D3,C56H8N40O13Zn4-3_9-MACE-OMat-D3,0.100823,-931.123,MACE-OMat-D3,P1
C54H24N12O13S3Zn4-2_10-MACE-OMat-D3,C54H24N12O13S3Zn4-2_10-MACE-OMat-D3,-0.144942,-771.514,MACE-OMat-D3,P1
C54H18N12O19Zn4-1_1-MACE-OMat-D3,C54H18N12O19Zn4-1_1-MACE-OMat-D3,-0.210559,-775.94,MACE-OMat-D3,P1
C52H44N8O17Zn4-2_8-MACE-OMat-D3,C52H44N8O17Zn4-2_8-MACE-OMat-D3,-0.276043,-810.589,MACE-OMat-D3,P1
C52H32N4O13Zn4-3-MACE-OMat-D3,C52H32N4O13Zn4-3-MACE-OMat-D3,-0.245257,-709.74,MACE-OMat-D3,P1
C52H32N4O13Zn4-1_8-MACE-OMat-D3,C52H32N4O13Zn4-1_8-MACE-OMat-D3,-0.227221,-707.846,MACE-OMat-D3,P1
C52H24N8O17Zn4-2_15-MACE-OMat-D3,C52H24N8O17Zn4-2_15-MACE-OMat-D3,-0.26172,-738.689,MACE-OMat-D3,P1
C52H24N8O17Zn4-1_16-MACE-OMat-D3,C52H24N8O17Zn4-1_16-MACE-OMat-D3,-0.251589,-737.625,MACE-OMat-D3,P1
C48H40N4O13Zn4-3_18-MACE-OMat-D3,C48H40N4O13Zn4-3_18-MACE-OMat-D3,-0.23683,-698.973,MACE-OMat-D3,P1
C48H40N16O13Zn4-2_5-MACE-OMat-D3,C48H40N16O13Zn4-2_5-MACE-OMat-D3,-0.30975,-810.774,MACE-OMat-D3,P1
C48H36N12O13S4Zn4-3_5-MACE-OMat-D3,C48H36N12O13S4Zn4-3_5-MACE-OMat-D3,-0.25846,-773.696,MACE-OMat-D3,P1
C48H32N8O9S16Zn4-1_1-MACE-OMat-D3,C48H32N8O9S16Zn4-1_1-MACE-OMat-D3,-0.0429859,-731.884,MACE-OMat-D3,P1
C48H32N8O13Zn4-2_11-MACE-OMat-D3,C48H32N8O13Zn4-2_11-MACE-OMat-D3,-0.268344,-708.764,MACE-OMat-D3,P1
C48H32N20O17Zn4-0_7-MACE-OMat-D3,C48H32N20O17Zn4-0_7-MACE-OMat-D3,-0.252441,-831.061,MACE-OMat-D3,P1
C48H27N9O13Zn4-1_1-MACE-OMat-D3,C48H27N9O13Zn4-1_1-MACE-OMat-D3,-0.208344,-693.756,MACE-OMat-D3,P1
C48H24N8O17S8Zn4-0_6-MACE-OMat-D3,C48H24N8O17S8Zn4-0_6-MACE-OMat-D3,-0.139514,-722.667,MACE-OMat-D3,P1
C48H18N12O19Zn4-3_9-MACE-OMat-D3,C48H18N12O19Zn4-3_9-MACE-OMat-D3,-0.189643,-717.396,MACE-OMat-D3,P1
C48H18N12O19Zn4-2_18-MACE-OMat-D3,C48H18N12O19Zn4-2_18-MACE-OMat-D3,-0.276087,-726.127,MACE-OMat-D3,P1
C48H18N12O19Zn4-0_14-MACE-OMat-D3,C48H18N12O19Zn4-0_14-MACE-OMat-D3,-0.278815,-726.402,MACE-OMat-D3,P1
C48H16N16O17Zn4-0_7-MACE-OMat-D3,C48H16N16O17Zn4-0_7-MACE-OMat-D3,-0.14042,-729.419,MACE-OMat-D3,P1
C46H30N8O15Zn4-3-MACE-OMat-D3,C46H30N8O15Zn4-3-MACE-OMat-D3,-0.275639,-693.998,MACE-OMat-D3,P1
C46H30N8O15Zn4-0_4-MACE-OMat-D3,C46H30N8O15Zn4-0_4-MACE-OMat-D3,-0.272219,-693.645,MACE-OMat-D3,P1
C45H27N9O19Zn4-0_7-MACE-OMat-D3,C45H27N9O19Zn4-0_7-MACE-OMat-D3,-0.238722,-699.645,MACE-OMat-D3,P1
C44H40N24O13Zn4-1_1-MACE-OMat-D3,C44H40N24O13Zn4-1_1-MACE-OMat-D3,-0.280583,-838.345,MACE-OMat-D3,P1
C44H40N24O13Zn4-0-MACE-OMat-D3,C44H40N24O13Zn4-0-MACE-OMat-D3,-0.306526,-841.588,MACE-OMat-D3,P1
C44H36N16O13Zn4-3_18-MACE-OMat-D3,C44H36N16O13Zn4-3_18-MACE-OMat-D3,-0.293638,-756.722,MACE-OMat-D3,P1
C44H32N32O13Zn4-2_3-MACE-OMat-D3,C44H32N32O13Zn4-2_3-MACE-OMat-D3,-0.20307,-869.463,MACE-OMat-D3,P1
C44H32N32O13Zn4-3_6-MACE-OMat-D3,C44H32N32O13Zn4-3_6-MACE-OMat-D3,-0.189897,-867.816,MACE-OMat-D3,P1
C42H24N6O13Zn4-3-MACE-OMat-D3,C42H24N6O13Zn4-3-MACE-OMat-D3,-0.258116,-605.753,MACE-OMat-D3,P1
C40H12N8O13Zn4-0_1-MACE-OMat-D3,C40H12N8O13Zn4-0_1-MACE-OMat-D3,-0.178132,-555.871,MACE-OMat-D3,P1
C18H15N3O13Zn4-1-MACE-OMat-D3,C18H15N3O13Zn4-1-MACE-OMat-D3,-0.571755,-338.184,MACE-OMat-D3,P1
C18H12O19Zn4-1_9-MACE-OMat-D3,C18H12O19Zn4-1_9-MACE-OMat-D3,-0.728277,-341.403,MACE-OMat-D3,P1
C18H12O19Zn4-0_22-MACE-OMat-D3,C18H12O19Zn4-0_22-MACE-OMat-D3,-0.735921,-341.809,MACE-OMat-D3,P1
C30H18N12O16Zn4-2-hms-MACE-OMat-D3,C30H18N12O16Zn4-2-hms-MACE-OMat-D3,-0.223788,-535.797,MACE-OMat-D3,P1
C56H24N16O13Zn4-1-MACE-OMat-D3,C56H24N16O13Zn4-1-MACE-OMat-D3,-0.130794,-809.731,MACE-OMat-D3,P1
C51H33N12O22Zn4-3_4-MACE-OMat-D3,C51H33N12O22Zn4-3_4-MACE-OMat-D3,-0.254104,-820.327,MACE-OMat-D3,P1
C51H18N27O10Zn4-3_1-MACE-OMat-D3,C51H18N27O10Zn4-3_1-MACE-OMat-D3,0.0205003,-804.207,MACE-OMat-D3,P1
C50H34N6O13Zn4-0_9-MACE-OMat-D3,C50H34N6O13Zn4-0_9-MACE-OMat-D3,-0.24908,-715.427,MACE-OMat-D3,P1
C48H24N6O13S9Zn4-3_13-MACE-OMat-D3,C48H24N6O13S9Zn4-3_13-MACE-OMat-D3,-0.194979,-695.385,MACE-OMat-D3,P1
C48H24N16O13S8Zn4-2_16-MACE-OMat-D3,C48H24N16O13S8Zn4-2_16-MACE-OMat-D3,-0.151717,-771.568,MACE-OMat-D3,P1
C44H24N8O13S4Zn4-0_10-MACE-OMat-D3,C44H24N8O13S4Zn4-0_10-MACE-OMat-D3,-0.158106,-649.71,MACE-OMat-D3,P1
C44H20N8O13Zn4-0_10-MACE-OMat-D3,C44H20N8O13Zn4-0_10-MACE-OMat-D3,-0.179076,-620.822,MACE-OMat-D3,P1
C36H30N9O13Zn4-1_19-MACE-OMat-D3,C36H30N9O13Zn4-1_19-MACE-OMat-D3,-0.318428,-601.404,MACE-OMat-D3,P1
C36H24N6O13Zn4-3-MACE-OMat-D3,C36H24N6O13Zn4-3-MACE-OMat-D3,-0.300975,-552.593,MACE-OMat-D3,P1
C36H21N9O16Zn4-1_1-MACE-OMat-D3,C36H21N9O16Zn4-1_1-MACE-OMat-D3,-0.308002,-584.248,MACE-OMat-D3,P1
C36H18N6O25Zn4-3_1-MACE-OMat-D3,C36H18N6O25Zn4-3_1-MACE-OMat-D3,-0.438594,-606.562,MACE-OMat-D3,P1
C36H18N6O13S6Zn4-0_3-MACE-OMat-D3,C36H18N6O13S6Zn4-0_3-MACE-OMat-D3,-0.268794,-555.232,MACE-OMat-D3,P1
C48H24N12O19Zn4-1_14-MACE-OMat-D3,C48H24N12O19Zn4-1_14-MACE-OMat-D3,-0.244916,-743.911,MACE-OMat-D3,P1
C44H24O9Zn4-2_4-MACE-OMat-D3,C44H24O9Zn4-2_4-MACE-OMat-D3,-0.130677,-541.894,MACE-OMat-D3,P1
C44H24N8O13S4Zn4-3_9-MACE-OMat-D3,C44H24N8O13S4Zn4-3_9-MACE-OMat-D3,-0.192432,-653.04,MACE-OMat-D3,P1
C44H24N8O13S4Zn4-1_9-MACE-OMat-D3,C44H24N8O13S4Zn4-1_9-MACE-OMat-D3,-0.214682,-655.198,MACE-OMat-D3,P1
C44H24N16O13Zn4-1_7-MACE-OMat-D3,C44H24N16O13Zn4-1_7-MACE-OMat-D3,-0.198682,-704.683,MACE-OMat-D3,P1
C20H8N12O13Zn4-1_11-r2SCAN-D4,C20H8N12O13Zn4-1_11-r2SCAN-D4,-0.314211,-467.455,r2SCAN-D4,P1
C36H18N6O13S3Zn4-2_1-r2SCAN-D4,C36H18N6O13S3Zn4-2_1-r2SCAN-D4,-0.267048,-635.237,r2SCAN-D4,P1
C48H27N9O13Zn4-2_11-r2SCAN-D4,C48H27N9O13Zn4-2_11-r2SCAN-D4,-0.191518,-787.594,r2SCAN-D4,P1
C44H24N16O13Zn4-3_2-r2SCAN-D4,Zn4H24C44N16O13,-0.164868,-798.521,r2SCAN-D4,P1
C42H30O13Zn4-1_3-r2SCAN-D4,Zn4H30C42O13,-0.355702,-667.817,r2SCAN-D4,P1
C40H36N4O17Zn4-1_8-r2SCAN-D4,Zn4H36C40N4O17,-0.269333,-723.958,r2SCAN-D4,P1
C33H18O13Zn4-3_13-r2SCAN-D4,Zn4H18C33O13,-0.389011,-530.975,r2SCAN-D4,P1
C28H16N4O17Zn4-1_13-r2SCAN-D4,Zn4H16C28N4O17,-0.446679,-538.233,r2SCAN-D4,P1
C40H12N8O13Zn4-1_2-r2SCAN-D4,Zn4H12C40N8O13,-0.20598,-642.97,r2SCAN-D4,P1
C7H5N3O7Zn4-3_1-r2SCAN-D4,Zn4H5C7N3O7,-0.42897,-202.82,r2SCAN-D4,P1
C36H18O16Zn4-0_11-r2SCAN-D4,Zn2H9(C9O4)2,-0.406263,-582.1,r2SCAN-D4,P1
C36H18N6O13S6Zn4-2_4-r2SCAN-D4,Zn4H18C36S6N6O13,-0.218204,-656.376,r2SCAN-D4,P1
C36H18N6O13S6Zn4-1_6-r2SCAN-D4,Zn4H18C36S6N6O13,-0.233208,-657.622,r2SCAN-D4,P1
C54H24N6O13Zn4-0-r2SCAN-D4,Zn4H24C54N6O13,-0.0991489,-800.543,r2SCAN-D4,P1
C48H24N8O17Zn4-2_7-r2SCAN-D4,Zn4H24C48N8O17,-0.19936,-792.148,r2SCAN-D4,P1
C48H24N20O5Zn4-2_1-r2SCAN-D4,Zn4H24C48(N4O)5,0.218864,-789.869,r2SCAN-D4,P1
C36H28N12O9Zn4-0_6-r2SCAN-D4,Zn4H28C36(N4O3)3,-0.037002,-658.966,r2SCAN-D4,P1
C36H18N6O25Zn4-3_11-r2SCAN-D4,Zn4H18C36N6O25,-0.450271,-699.407,r2SCAN-D4,P1
C36H18N6O25Zn4-3_4-r2SCAN-D4,Zn4H18C36N6O25,-0.421795,-696.872,r2SCAN-D4,P1
C68H28N4O17Zn4-3_6-r2SCAN-D4,Zn4H28C68N4O17,-0.164228,-969.448,r2SCAN-D4,P1
C64H24N16O13Zn4-3_16-r2SCAN-D4,Zn4H24C64N16O13,-0.00155985,-982.399,r2SCAN-D4,P1
C60H18N12O19Zn4-2_10-r2SCAN-D4,Zn4H18C60N12O19,-0.153178,-937.031,r2SCAN-D4,P1
C56H32N8O13S8Zn4-6_1-r2SCAN-D4,Zn4H32C56S8N8O13,-0.0752348,-930.671,r2SCAN-D4,P1
C56H24N16O17Zn4-1_3-r2SCAN-D4,Zn4H24C56N16O17,-0.093943,-936.349,r2SCAN-D4,P1
C56H20N12O13Zn4-3_13-r2SCAN-D4,Zn4H20C56N12O13,-0.0905944,-861.154,r2SCAN-D4,P1
C56H24N16O13S8Zn4-2_14-r2SCAN-D4,Zn4H24C56S8N16O13,0.0138825,-965.441,r2SCAN-D4,P1
C56H24N16O13S8Zn4-3_3-r2SCAN-D4,Zn4H24C56S8N16O13,0.039291,-962.366,r2SCAN-D4,P1
C52H32N8O13Zn4-3_13-r2SCAN-D4,Zn4H32C52N8O13,-0.230224,-841.547,r2SCAN-D4,P1
C44H36N16O13Zn4-3_10-r2SCAN-D4,Zn4H36C44N16O13,-0.228916,-849.22,r2SCAN-D4,P1
C44H32N8O17Zn4-3_5-r2SCAN-D4,Zn4H32C44N8O17,-0.274704,-788.444,r2SCAN-D4,P1
C44H32N32O13Zn4-3_8-r2SCAN-D4,Zn4H32C44N32O13,-0.0972819,-968.103,r2SCAN-D4,P1
C44H28N16O13Zn4-1_15-r2SCAN-D4,Zn4H28C44N16O13,-0.193325,-815.996,r2SCAN-D4,P1
C44H32N32O13Zn4-0_12-r2SCAN-D4,Zn4H32C44N32O13,-0.0848696,-966.552,r2SCAN-D4,P1
C39H36N12O13Zn4-3_11-r2SCAN-D4,Zn4H36C39N12O13,-0.235318,-761.136,r2SCAN-D4,P1
C52H24N8O17Zn4-1_7-r2SCAN-D4,Zn4H24C52N8O17,-0.204288,-833.531,r2SCAN-D4,P1
C50H34N6O13Zn4-1_2-r2SCAN-D4,Zn4H34C50N6O13,-0.218093,-808.366,r2SCAN-D4,P1
C48H36N12O13S4Zn4-2_20-r2SCAN-D4,Zn4H36C48S4N12O13,-0.203613,-883.163,r2SCAN-D4,P1
C48H32N8O13Zn4-0_1-r2SCAN-D4,Zn4H32C48N8O13,-0.223057,-799.805,r2SCAN-D4,P1
C48F8H32N16O9Zn4-3-r2SCAN-D4,Zn4H32C48N16O9F8,-0.231569,-878.521,r2SCAN-D4,P1
C48H28N12O17Zn4-0_8-r2SCAN-D4,Zn4H28C48N12O17,-0.139022,-837.598,r2SCAN-D4,P1
C48H24N6O13S9Zn4-3_4-r2SCAN-D4,Zn4H24C48S9N6O13,-0.0929497,-813.271,r2SCAN-D4,P1
C48H24N20O13Zn4-3_3-r2SCAN-D4,Zn4H24C48N20O13,-0.122405,-871.884,r2SCAN-D4,P1
C48H24N28O17Zn4-1-r2SCAN-D4,Zn4H24C48N28O17,-0.0891417,-965.821,r2SCAN-D4,P1
C48H24N24O10Zn4-0_4-r2SCAN-D4,Zn2H12C24N12O5,0.0278422,-874.621,r2SCAN-D4,P1
C45H42N6O13Zn4-1-r2SCAN-D4,Zn4H42C45N6O13,-0.247786,-789.857,r2SCAN-D4,P1
