group,tsne_x,tsne_y
Experiments,87.1917,11.7129
Experiments,79.3218,-38.0541
Experiments,73.6173,-3.1649
Experiments,52.7891,6.0638
Experiments,62.4117,-68.5692
Experiments,83.3199,-31.5307
Experiments,82.369,-30.841
Experiments,100.2785,13.1251
Experiments,55.9011,24.966
Experiments,93.93,-34.9932
Experiments,50.0309,-10.3452
Experiments,48.5196,-68.0288
Experiments,85.1136,-7.8639
Experiments,23.7357,-45.9411
Experiments,84.4894,-19.7166
Experiments,38.6502,-5.3514
Experiments,46.2542,5.8092
Experiments,28.4681,14.7571
Experiments,76.4043,-23.5104
Experiments,47.9651,-12.9792
Experiments,52.8068,-19.8609
Experiments,49.038,-56.369
Experiments,108.9299,-11.4777
Experiments,-50.2904,-23.1201
Experiments,33.8944,-59.2402
Experiments,100.112,-2.8537
Experiments,102.3987,-26.0872
Experiments,29.3307,36.6834
Experiments,103.0369,-6.2097
Experiments,78.1332,-20.6359
Experiments,38.2512,-56.1925
Experiments,24.1142,-25.8659
Experiments,63.8746,-56.6093
Experiments,88.6704,-3.9927
Experiments,66.5376,47.5572
Experiments,73.8552,-62.237
Experiments,17.3028,-43.9683
Experiments,103.3744,-25.0957
Experiments,63.8784,63.5915
Experiments,96.3299,0.0348
Experiments,25.111,-28.0776
Experiments,65.2179,62.5506
Experiments,23.4937,15.9482
Experiments,36.9194,14.1206
Experiments,57.1684,52.733
Experiments,57.7926,63.876
Experiments,38.1958,15.2593
Experiments,51.5629,-8.8086
Experiments,54.5016,-51.7586
Experiments,26.7896,-67.1554
Experiments,37.4689,9.5959
Experiments,-3.2422,64.2214
Experiments,95.6927,-34.5896
Experiments,28.4561,-5.1191
Experiments,-14.2305,27.3258
Experiments,54.9614,18.879
Experiments,83.2021,23.0151
Experiments,39.2451,-36.2104
Experiments,27.6961,-12.2261
Experiments,90.2015,-3.9115
Experiments,55.5096,-79.4045
Experiments,47.2889,35.4608
Experiments,29.937,-60.6454
Experiments,61.9244,73.0335
Experiments,104.3837,-26.993
Experiments,87.7627,-7.9321
Experiments,83.0934,-25.7916
Experiments,43.4979,46.4446
Experiments,34.4258,35.9053
Experiments,72.655,-62.0281
Experiments,68.1041,49.1942
Experiments,74.159,13.1173
Experiments,35.6022,51.8139
Experiments,52.9794,-23.1229
Experiments,56.3136,-56.25
Experiments,-43.9389,-22.5404
Experiments,99.7793,-22.1399
Experiments,38.1266,-21.4333
Experiments,61.8581,7.8255
Experiments,57.523,67.0164
Experiments,37.4602,66.5264
Experiments,76.6143,-3.7412
Experiments,49.0661,2.0447
Experiments,45.2472,-15.45
Experiments,103.2507,-26.4925
Experiments,91.5023,-5.7394
Experiments,54.9707,-29.7647
Experiments,45.1462,-38.0563
Experiments,38.937,-39.1071
Experiments,-28.1784,-43.1859
Experiments,58.5584,25.3602
Experiments,37.8124,-30.1007
Experiments,52.8795,41.2049
Experiments,57.0294,51.5914
Experiments,41.9642,50.4998
Experiments,37.4018,36.0866
Experiments,43.9576,36.2716
Experiments,49.0186,-18.4733
Experiments,95.6007,13.7504
Experiments,61.7639,73.7448
Experiments,78.6097,1.9482
Experiments,28.0212,11.0218
Experiments,78.2912,0.769
Experiments,49.1243,11.2521
Experiments,33.4119,71.656
Experiments,95.463,1.1183
Experiments,46.6635,-82.1772
Experiments,30.8582,19.8648
Experiments,48.6113,35.9188
Experiments,62.9488,22.2761
Experiments,73.0829,46.7261
Experiments,78.8351,29.4938
Experiments,-5.8958,-98.9293
Experiments,72.4723,-38.7722
Experiments,91.8803,1.1696
Experiments,103.1692,-27.8818
Experiments,84.2658,11.6571
Experiments,35.5534,39.901
Experiments,47.2442,73.3146
Experiments,72.2696,-30.5534
Experiments,78.5735,-16.309
Experiments,38.2749,58.0784
Experiments,68.8946,49.0809
Experiments,34.0875,54.1848
Experiments,24.0689,-49.3879
Experiments,34.7764,-52.9844
Experiments,52.529,0.2545
Experiments,92.38,-31.8362
Experiments,14.7856,-46.5036
Experiments,48.4505,-62.6682
Experiments,-76.324,-28.8772
Experiments,78.7336,-4.3477
Experiments,78.5881,1.5804
Experiments,38.9115,-32.8017
Experiments,87.6662,-19.4083
Experiments,35.0573,42.3774
Experiments,69.988,-30.2976
Experiments,45.573,74.771
Experiments,58.4918,-68.8502
Experiments,89.9255,-36.7453
Experiments,34.7387,-27.2072
Experiments,48.9287,-35.334
Experiments,56.8459,-77.6559
Experiments,49.7241,-45.1032
Experiments,11.7677,89.7157
Experiments,91.2898,-7.6539
Experiments,47.4671,-39.0033
Experiments,35.7481,38.5925
Experiments,68.5011,-71.9707
Experiments,42.1314,-61.2615
Experiments,65.3575,62.7719
Experiments,58.3099,50.978
Experiments,55.1361,-70.3884
Experiments,27.2759,-56.4941
Experiments,91.5641,26.5235
Experiments,56.3628,0.8573
Experiments,65.0752,52.6498
Experiments,59.1925,16.8312
Experiments,44.2833,-11.9535
Experiments,63.3274,-56.4764
Experiments,36.2327,-38.6828
Experiments,59.2592,5.563
Experiments,102.16,-28.87
Experiments,32.3329,-64.4082
Experiments,63.693,30.7605
Experiments,39.8719,-55.867
Experiments,96.5636,-24.875
Experiments,50.754,-34.8825
Experiments,24.0474,-55.5987
Experiments,37.2146,21.9002
Experiments,101.8272,-11.3665
Experiments,36.8013,-10.7375
Experiments,105.7169,-6.0047
Experiments,56.4727,39.1667
Experiments,66.0097,65.9631
Experiments,27.8088,-53.1997
Experiments,46.9624,50.4331
Experiments,66.7577,-72.6725
Experiments,23.1036,-46.0025
Experiments,54.7829,6.6728
Experiments,89.9186,32.9481
Experiments,43.7626,50.036
Experiments,68.0202,36.0311
Experiments,89.7285,-35.4592
Experiments,62.6413,-41.402
Experiments,93.2324,12.7122
Experiments,84.2629,11.6643
Experiments,86.7621,-25.5639
Experiments,16.8242,-50.1438
Experiments,47.267,-18.095
Experiments,74.1765,13.1228
Experiments,51.1668,2.1335
Experiments,52.0456,-2.8301
Experiments,18.6734,28.6828
Experiments,58.4338,51.3413
Experiments,88.3061,0.471
Experiments,69.7165,1.4743
Experiments,59.3614,-15.6525
Experiments,47.7544,6.1211
Experiments,54.2768,-16.4183
Experiments,78.5567,4.165
Experiments,61.5377,33.4027
Experiments,103.387,-16.2879
Experiments,38.96,-75.8884
Experiments,83.2198,-34.305
Experiments,98.1588,-1.6761
Experiments,68.0899,35.9794
Experiments,66.1612,68.5452
Experiments,43.2722,-50.566
Experiments,52.6212,-54.5838
Experiments,67.3955,-71.5796
Experiments,75.019,-42.6225
Experiments,51.9217,27.9445
Experiments,58.1088,67.0103
Experiments,46.7394,-62.1483
Experiments,102.813,1.0199
Experiments,-39.7171,60.4939
Experiments,48.2266,-74.2858
Experiments,46.1964,-60.8896
Experiments,25.4397,-67.9587
Experiments,50.188,-56.2947
Experiments,46.0298,11.8497
Experiments,62.046,-60.4081
Experiments,23.2244,-16.6548
Experiments,93.8488,-34.9047
Experiments,49.9148,-43.498
Experiments,-1.5502,-2.2484
Experiments,41.8562,-6.7161
Experiments,55.3833,-11.0689
Experiments,71.1662,-61.5681
Experiments,77.076,-33.0096
Experiments,76.9157,-66.7465
Experiments,54.8615,-33.0215
Experiments,57.6042,3.6271
Experiments,68.869,-69.7184
Experiments,80.0893,-30.4383
Experiments,64.6862,63.1308
Experiments,63.0745,-39.0188
Experiments,54.0656,52.3692
Experiments,79.3737,-35.5601
Experiments,29.3507,-62.6805
Experiments,50.0731,-70.5829
Experiments,61.9284,72.3427
Experiments,79.7906,30.7704
Experiments,78.5533,-67.692
Experiments,75.4535,-21.8967
Experiments,53.5509,-15.0087
Experiments,29.6484,3.8383
Experiments,31.1198,19.5779
Experiments,52.3569,3.946
Experiments,59.4952,-37.58
Experiments,-57.6827,-28.469
Experiments,52.5124,-44.4092
Experiments,99.3801,12.2277
Experiments,46.5338,68.6993
Experiments,61.3298,54.3293
Experiments,90.8707,-16.2616
Experiments,44.8776,-1.6153
Experiments,28.6105,24.7302
Experiments,58.881,-43.0987
Experiments,22.5054,-19.7232
Experiments,40.8259,-2.8492
Experiments,-18.1372,-42.7257
Experiments,46.8824,71.4613
Experiments,40.461,68.5666
Experiments,73.4044,-32.289
Experiments,80.1792,-5.4857
Experiments,57.2533,67.6474
Experiments,49.8441,24.7842
Experiments,63.4582,10.526
Experiments,35.7688,36.9342
Experiments,85.8388,1.0559
Experiments,47.0181,-14.8182
Experiments,43.1426,59.5991
Experiments,47.4444,-11.0282
Experiments,41.9772,-58.2852
Experiments,84.8949,-5.5388
Experiments,50.0692,24.1098
Experiments,58.2232,51.9526
Experiments,47.4483,-68.2064
Experiments,55.7033,25.0457
Experiments,44.7621,-61.2995
Experiments,98.4202,41.6086
Experiments,17.5709,-49.1886
Experiments,34.2666,-22.4855
Experiments,99.2424,8.8399
Experiments,34.0848,64.4848
Experiments,57.4928,67.0142
Experiments,52.0463,43.6374
Experiments,94.9625,5.9723
Experiments,58.6668,-68.9836
Experiments,49.2904,-67.0071
Experiments,21.976,-69.0636
Experiments,26.367,-67.7355
Experiments,56.4402,18.895
Experiments,39.1453,65.463
Experiments,52.3369,3.9637
Experiments,53.6143,68.55
Experiments,57.0431,17.8586
Experiments,43.1344,59.5807
Experiments,90.5591,0.6713
Experiments,79.6771,-45.4755
Experiments,68.4573,41.1885
Experiments,52.759,-6.0495
Experiments,54.5796,-20.5262
Experiments,74.5321,-61.7827
Experiments,54.2195,-33.6697
Experiments,39.7779,62.5152
Experiments,57.2233,41.2715
Experiments,51.9372,-58.4684
Experiments,93.2395,12.1565
Experiments,96.553,20.0011
Experiments,42.7955,-43.612
Experiments,50.768,51.4733
Experiments,89.995,-37.3511
Experiments,100.3124,13.1498
Experiments,103.4173,-16.1433
Experiments,101.9909,20.5811
Experiments,36.3128,-23.3074
Experiments,53.4457,-21.2901
Experiments,62.0273,-3.5895
Experiments,41.7144,-55.2685
Experiments,33.7798,7.9989
Experiments,52.6442,-77.6509
Experiments,81.8962,8.2822
Experiments,75.1112,67.7477
Experiments,101.9848,-5.8098
Experiments,32.9486,63.1751
Experiments,51.7968,6.0462
Experiments,34.5432,-27.8623
Experiments,73.9706,67.6321
Experiments,78.3116,-25.3654
Experiments,44.2053,33.3957
Experiments,61.062,-20.7268
Experiments,52.8533,37.207
Experiments,57.2359,64.3535
Experiments,43.6612,54.8241
Experiments,39.6629,-56.5349
Experiments,76.842,-14.0326
Experiments,-10.6375,-37.2826
Experiments,72.678,-39.2417
Experiments,40.1084,14.1233
Experiments,39.2785,65.5726
Experiments,38.2085,-26.0853
Experiments,31.0519,-35.4511
Experiments,65.968,-74.1001
Experiments,84.5568,10.6887
Experiments,40.0234,35.0666
Experiments,56.7016,54.8887
Experiments,51.5874,-9.7962
Experiments,27.9685,61.0092
Experiments,62.126,53.3802
Experiments,65.6497,43.0126
Experiments,42.388,-58.6604
Experiments,52.8904,-74.3384
Experiments,107.957,-10.8905
Experiments,69.1735,-70.0665
Experiments,100.7473,22.1762
Experiments,71.9426,18.1951
Experiments,92.1685,35.1838
Experiments,34.6039,-8.2797
Experiments,37.0536,11.6881
Experiments,28.1126,-22.4308
Experiments,20.6426,-42.3445
Experiments,39.7129,62.5256
Experiments,93.2949,-6.5892
Experiments,72.6042,-28.1698
Experiments,108.2553,-11.2892
Experiments,30.6629,69.4944
Experiments,56.8372,-30.2093
Experiments,62.7174,-74.1279
Experiments,54.4856,-46.0138
Experiments,65.6985,-74.7959
Experiments,79.499,43.5439
Experiments,57.2137,43.4476
Experiments,35.2135,-64.7783
Experiments,36.5846,68.4399
Experiments,58.904,-6.9976
Experiments,31.1244,-59.8874
Experiments,41.9358,0.3744
Experiments,75.49,-14.1591
Experiments,58.7962,77.8807
Experiments,48.4893,-16.6746
Experiments,38.7684,32.6793
Experiments,62.55,-69.9817
Experiments,76.8326,-10.9104
Experiments,33.8669,-19.3288
Experiments,70.0448,-10.3036
Experiments,50.932,41.7979
Experiments,36.1622,-39.382
Experiments,10.2528,68.9986
Experiments,62.8037,-66.3638
Experiments,32.553,-52.1004
Experiments,35.8945,-37.8252
Experiments,27.1297,-44.1064
Experiments,11.0088,-14.445
Experiments,42.3224,-36.4199
Experiments,54.2472,-25.3518
Experiments,38.127,-70.0513
Experiments,22.2855,-29.5092
Experiments,19.1733,-54.1435
Experiments,32.6647,-69.457
Experiments,38.1075,38.4524
Experiments,24.1902,-6.8669
Experiments,108.538,-11.0111
Experiments,90.3373,-26.9895
Experiments,77.1866,17.5375
Experiments,73.5474,-0.8189
Experiments,67.5846,-66.2177
Experiments,63.2769,-77.7955
Experiments,59.5653,70.1775
Experiments,57.6684,48.6815
Experiments,60.1757,-74.8338
Experiments,40.8158,-36.8998
Experiments,-68.0068,-41.1709
Experiments,72.808,-12.4811
Experiments,70.4339,-35.0807
Experiments,47.7284,-61.5594
Experiments,84.8125,9.6276
Experiments,54.2249,42.4533
Experiments,22.8702,13.9371
Experiments,53.719,67.0165
Experiments,43.6593,14.3692
Experiments,56.4713,-51.6405
Experiments,96.1485,-26.0909
Experiments,53.2128,-24.7611
Experiments,61.7834,76.196
Experiments,36.8014,-78.1371
Experiments,24.0057,-57.7745
Experiments,35.1172,4.2933
Experiments,83.2372,4.3062
Experiments,42.2362,51.9543
Experiments,71.512,32.7016
Experiments,63.8788,7.3475
Experiments,47.2404,73.7986
Experiments,54.4822,25.0782
Experiments,38.5294,3.7109
Experiments,49.9709,49.7181
Experiments,-66.8315,60.8879
Experiments,27.5906,32.3867
Experiments,74.0658,41.2475
Experiments,47.7143,-64.9111
Experiments,57.5092,21.296
Experiments,72.3814,19.0381
Experiments,61.1928,7.9089
Experiments,47.7983,50.9147
Experiments,-9.6247,-36.6971
Experiments,76.1729,-11.6737
Experiments,58.5852,-37.3056
Experiments,44.5667,-15.0286
Experiments,39.2776,6.7589
Experiments,78.6045,4.2124
Experiments,52.3697,-54.7454
Experiments,45.9033,-68.7884
Experiments,53.3262,39.2506
Experiments,99.6507,-3.2607
Experiments,51.5555,-8.4398
Experiments,31.2374,21.3167
Experiments,95.2159,13.327
Experiments,31.0884,-72.4031
Experiments,35.9899,2.2458
Experiments,61.3936,-16.1126
Experiments,86.3618,5.8135
Experiments,83.6399,-7.4621
Experiments,64.8821,43.4405
Experiments,-36.646,24.4035
Experiments,28.7896,-69.292
Experiments,37.386,35.1573
Experiments,99.4832,-27.6782
Experiments,75.0607,-42.8429
Experiments,80.0169,51.7079
Experiments,53.3542,-4.2768
Experiments,84.6961,-33.4509
Experiments,43.173,-8.9744
Experiments,39.5535,46.5987
Experiments,56.1168,-31.2842
Experiments,89.9707,-3.0103
Experiments,102.3141,22.6561
Experiments,25.5091,-67.9202
Experiments,23.2109,10.4496
Experiments,51.2981,-4.1512
Experiments,51.0177,33.8015
Experiments,93.0868,1.323
Experiments,92.3694,13.2317
Experiments,52.3543,-22.9821
Experiments,67.2566,-72.2041
Experiments,23.5096,-46.374
Experiments,50.385,-34.093
Experiments,52.3283,44.2415
Experiments,48.08,78.532
Experiments,73.3932,-36.0329
Experiments,85.4693,23.4126
Experiments,53.1116,55.8971
Experiments,21.3859,-48.1541
Experiments,-21.1523,-67.0467
Experiments,41.6542,-37.0189
Experiments,37.8538,-25.7817
Experiments,74.4254,-42.9331
Experiments,46.8487,6.3821
Experiments,43.0334,44.5048
Experiments,39.0301,4.646
Experiments,60.3551,-19.2581
Experiments,84.3793,19.8237
Experiments,-59.9701,-48.8659
Experiments,39.4555,-54.1386
Experiments,32.2602,63.016
Experiments,35.3778,51.843
Experiments,97.6419,36.1739
Experiments,11.4672,37.058
Experiments,-18.7227,-83.6691
Experiments,47.3317,73.011
Experiments,61.9053,59.3974
Experiments,75.3836,-16.459
Experiments,32.2982,56.2488
Experiments,67.7136,-60.3824
Experiments,30.8764,-46.2802
Experiments,56.3124,-30.2152
Experiments,98.2012,34.5251
Experiments,69.1371,-70.7828
Experiments,31.7142,63.5986
Experiments,-2.5455,-88.3307
Experiments,76.2387,8.6433
Experiments,49.2565,56.6554
Experiments,74.842,-71.5295
Experiments,38.3452,-8.4252
Experiments,37.3566,-77.6231
Experiments,36.4606,8.5548
Experiments,43.8389,18.3717
Experiments,48.1072,-17.0418
Experiments,33.3046,-66.747
Experiments,75.2689,-28.995
Experiments,56.2049,-32.7262
Experiments,44.3253,74.4143
Experiments,52.982,41.2889
Experiments,39.1877,7.712
Experiments,67.35,-71.5974
Experiments,53.4724,1.0149
Experiments,65.9621,72.2068
Experiments,89.1212,24.2436
Experiments,107.9554,-11.2079
Experiments,90.0786,-2.7896
Experiments,55.8717,-53.6925
Experiments,51.7888,1.9835
Experiments,103.085,-29.1696
Experiments,48.5108,-58.2714
Experiments,102.891,-28.1407
Experiments,45.5589,-4.5933
Experiments,84.9894,44.5509
Experiments,55.7328,6.1531
Experiments,86.3811,5.8419
Experiments,-10.737,-37.4362
Experiments,72.3951,-38.8155
Experiments,49.3145,-43.6512
Experiments,15.5749,-24.5921
Experiments,88.4045,-34.289
Experiments,-7.8703,11.9331
Experiments,17.7036,-50.1429
Experiments,42.2152,-21.6868
Experiments,41.568,40.5826
Experiments,23.0966,27.2399
Experiments,16.3296,-44.957
Experiments,52.5914,-10.5024
Experiments,32.3944,-26.5289
Experiments,72.7912,-31.7249
Experiments,67.7285,-71.1334
Experiments,65.1777,-65.9012
Experiments,43.181,59.578
Experiments,96.5449,-24.7745
Experiments,44.1986,49.9238
Experiments,42.583,32.7072
Experiments,70.7328,-67.6146
Experiments,95.2461,-32.2599
Experiments,60.0283,-75.2204
Experiments,49.1905,-34.2051
Experiments,92.3405,-34.1404
Experiments,-39.6143,60.9199
Experiments,89.9393,-36.7541
Experiments,29.358,36.7936
Experiments,89.9622,-34.7571
Experiments,60.2942,-19.2312
Experiments,50.0976,-16.763
Experiments,53.1066,5.7542
Experiments,49.3108,-2.436
Experiments,101.9916,23.7103
Experiments,52.6431,7.4594
Experiments,45.2256,-67.5183
Experiments,75.6846,27.595
Experiments,100.0728,-2.8819
Experiments,47.6886,-1.5636
Experiments,41.0801,-52.2261
Experiments,51.1355,-59.6107
Experiments,48.877,-67.0019
Experiments,95.2383,40.4102
Experiments,83.5726,-7.4304
Experiments,75.2579,-71.4519
Experiments,72.9583,-40.3771
Experiments,36.7913,-10.753
Experiments,39.1133,33.3644
Experiments,50.5048,-15.9888
Experiments,43.5294,-7.6798
Experiments,51.2583,23.1485
Experiments,43.7239,-36.3355
Experiments,34.511,9.8439
Experiments,71.2937,-24.871
Experiments,32.9441,71.617
Experiments,38.8989,32.9283
Experiments,47.2877,-41.4248
Experiments,84.4427,-8.7174
Experiments,24.278,-45.4767
Experiments,68.7417,-61.2675
Experiments,23.8579,-26.0897
Experiments,70.1805,11.6988
Experiments,96.2937,-26.8896
Experiments,58.046,-72.6225
Experiments,32.3074,-67.7544
Experiments,28.0977,24.4644
Experiments,57.3145,-58.7223
Experiments,42.7907,-7.4055
Experiments,56.6621,-30.5639
Experiments,39.2113,17.0222
Experiments,-41.6326,77.2071
Experiments,60.0328,-19.0603
Experiments,74.4335,21.884
Experiments,87.6565,-28.1483
Experiments,56.9717,1.2835
Experiments,28.7037,63.8195
Experiments,51.2595,29.4687
Experiments,78.3708,9.9952
Experiments,68.6472,21.1169
Experiments,57.6298,49.9182
Experiments,38.0794,-29.7577
Experiments,50.2641,78.2264
Experiments,27.6899,-30.5889
Experiments,22.0914,-70.0195
Experiments,15.3474,-24.1647
Experiments,35.554,-36.1042
Experiments,58.1165,21.2495
Experiments,60.1788,-19.6992
Experiments,35.5299,10.1518
Experiments,34.3433,64.4472
Experiments,35.0505,3.4445
Experiments,32.1115,-36.0526
Experiments,30.4295,40.8251
Experiments,90.2983,0.1408
Experiments,49.9377,34.4222
Experiments,-80.973,-26.1385
Experiments,44.9807,-73.1753
Experiments,35.1262,-52.9423
Experiments,20.7036,1.1122
Experiments,50.1777,-0.3281
Experiments,85.5461,-30.3317
Experiments,99.237,8.8174
Experiments,72.5042,-0.7387
Experiments,53.7843,-4.2045
Experiments,35.6061,17.2554
Experiments,75.4709,-71.0883
Experiments,78.6155,1.6902
Experiments,73.2988,-5.0297
Experiments,97.0093,-32.3369
Experiments,32.4647,56.0599
Experiments,49.635,-66.8765
Experiments,73.9846,-33.4627
Experiments,21.3069,-61.0863
Experiments,72.5044,-33.3738
Experiments,36.0901,-55.3672
Experiments,35.1276,-52.8884
Experiments,62.7156,65.8514
Experiments,83.1501,-34.2555
Experiments,23.999,-16.9413
Experiments,102.0804,23.4948
Experiments,44.6198,39.0944
Experiments,33.3293,-20.194
Experiments,39.9568,-23.2861
Experiments,16.5937,-48.7667
Experiments,39.327,44.8528
Experiments,-14.5881,-37.9747
Experiments,97.5789,-29.9397
Experiments,60.0691,0.4384
Experiments,30.9713,17.8047
Experiments,47.0265,55.3644
Experiments,57.5316,-58.4012
Experiments,59.58,-42.0466
Experiments,72.3854,-2.6246
Experiments,51.0898,-76.9659
Experiments,34.0357,64.4919
Experiments,92.0852,17.6537
Experiments,17.5412,-96.315
Experiments,78.7671,24.7213
Experiments,35.0363,-62.723
Experiments,62.3574,60.298
Experiments,63.4139,10.4613
Experiments,-43.9293,-22.5766
Experiments,35.4258,2.2187
Experiments,29.0786,-31.3628
Experiments,76.252,-11.5378
Experiments,78.6234,-25.2031
Experiments,37.5269,15.5272
Experiments,40.2405,59.7235
Experiments,37.959,-30.1104
Experiments,107.8117,-1.295
Experiments,44.4028,29.2693
Experiments,-19.309,-73.8074
Experiments,36.0587,60.0434
Experiments,48.4828,24.5321
Experiments,96.48,-26.9377
Experiments,41.7611,-7.3037
Experiments,42.5471,65.6721
Experiments,39.2955,-21.7044
Experiments,58.405,48.7665
Experiments,96.5482,-27.1061
Experiments,70.0668,-30.1638
Experiments,56.9547,-8.2611
Experiments,76.6798,-15.979
Experiments,77.8567,-23.7659
Experiments,99.8844,14.6059
Experiments,51.772,1.9267
Experiments,59.224,-42.2875
Experiments,79.2771,-38.0462
Experiments,70.2933,-38.4736
Experiments,28.6445,63.865
Experiments,15.597,-21.761
Experiments,65.6223,65.1816
Experiments,25.4821,-43.12
Experiments,92.8739,40.2673
Experiments,55.3908,67.3018
Experiments,55.2036,19.9884
Experiments,32.812,63.0115
Experiments,70.4868,-35.1968
Experiments,67.7045,-71.0762
Experiments,59.4616,-41.5698
Experiments,84.7329,-32.881
Experiments,19.1409,-46.7009
Experiments,59.0838,58.7303
Experiments,65.7192,-68.887
Experiments,43.1862,59.5608
Experiments,80.0953,-22.9121
Experiments,93.1415,42.2289
Experiments,41.5238,16.4063
Experiments,31.3146,-38.5424
Experiments,38.1146,13.1173
Experiments,77.2923,-62.6989
Experiments,60.4863,-21.7345
Experiments,53.8902,-81.0842
Experiments,50.9556,7.0909
Experiments,41.4659,16.1384
Experiments,64.576,7.9885
Experiments,85.0553,-28.1342
Experiments,-19.1785,-40.4129
Experiments,29.0964,-47.1219
Experiments,23.7627,-42.4586
Experiments,73.4759,46.4473
Experiments,62.4896,-79.1153
Experiments,98.7218,41.3882
Experiments,86.2487,-32.3901
Experiments,102.1277,-26.6081
Experiments,33.6905,16.6303
Experiments,62.0475,76.072
Experiments,10.4968,20.8038
Experiments,57.0818,53.5125
Experiments,-58.5298,-28.9576
Experiments,92.7255,17.9313
Experiments,80.3785,-0.2996
Experiments,42.0439,35.2897
Experiments,66.4527,68.9474
Experiments,-59.3414,27.8305
Experiments,61.2718,77.37
Experiments,107.9722,-10.3385
Experiments,49.9317,-21.8566
Experiments,41.2391,-59.2588
Experiments,20.1649,-19.4739
Experiments,62.8343,49.6382
Experiments,86.9672,35.9878
Experiments,80.1341,29.0363
Experiments,95.3699,32.3629
Experiments,48.5766,6.3115
Experiments,68.7654,21.2517
Experiments,52.2302,-3.0957
Experiments,66.7926,60.6976
Experiments,90.1562,27.8841
Experiments,64.7764,38.4121
Experiments,27.2337,-44.2202
Experiments,34.7829,53.7976
Experiments,29.8241,-51.478
Experiments,48.4469,22.891
Experiments,55.5988,67.5321
Experiments,31.1488,-55.7079
Experiments,28.0931,2.3546
Experiments,35.2803,50.166
Experiments,47.9109,-70.6873
Experiments,79.4255,26.2419
Experiments,99.5314,-14.5623
Experiments,40.4621,-38.9257
Experiments,19.6452,-46.4622
Experiments,63.0417,45.8166
Experiments,59.3393,-45.0837
Experiments,87.3942,-28.1648
Experiments,35.7413,-39.2823
Experiments,62.6748,-79.6154
Experiments,57.9234,-22.8577
Experiments,53.8953,21.5496
Experiments,38.4193,71.785
Experiments,22.8707,-51.2482
Experiments,68.0299,49.1168
Experiments,24.8107,65.7054
Experiments,26.0562,-45.0484
Experiments,56.852,-75.5823
Experiments,44.3802,44.9355
Experiments,67.5062,31.7031
Experiments,101.9951,23.7476
Experiments,72.7908,-39.3286
Experiments,61.0367,-20.6193
Experiments,29.8226,54.2941
Experiments,70.587,38.3117
Experiments,96.1007,-26.0896
Experiments,52.4842,-44.9917
Experiments,73.2718,-62.5521
Experiments,64.2899,7.4732
Experiments,32.8856,-62.5879
Experiments,56.299,-30.4431
Experiments,47.5917,1.4548
Experiments,50.3696,-3.4396
Experiments,50.6231,33.9726
Experiments,27.0322,-48.9168
Experiments,73.6139,-60.5394
Experiments,87.6047,-25.8277
Experiments,33.8166,38.7003
Experiments,107.8765,-11.2241
Experiments,51.6791,59.5971
Experiments,81.2924,20.1263
Experiments,103.3788,16.1038
Experiments,70.684,68.4287
Experiments,30.0911,22.4251
Experiments,91.991,15.2234
Experiments,107.378,37.0631
Experiments,42.3565,16.0687
Experiments,71.6281,-35.3047
Experiments,61.425,-21.2906
Experiments,25.8161,-28.8237
Experiments,38.7102,6.8641
Experiments,28.8631,-69.7867
Experiments,81.5576,38.6946
Experiments,27.883,12.9468
Experiments,95.7028,-31.9885
Experiments,78.983,-17.0935
Experiments,75.9384,-38.4999
Experiments,43.7923,59.1075
Experiments,47.8821,-31.5537
Experiments,43.0337,-4.2182
Experiments,25.6979,5.3414
Experiments,69.5737,-61.0859
Experiments,32.4831,-64.4034
Experiments,43.9247,-16.1232
Experiments,55.7453,66.6227
Experiments,43.7329,36.4297
Experiments,34.2335,0.4161
Experiments,66.3395,-73.1315
Experiments,89.9761,31.3279
Experiments,106.1308,-1.409
Experiments,33.6416,55.3105
Experiments,31.7938,19.2589
Experiments,102.535,-7.0089
Experiments,35.6331,35.4466
Experiments,72.0272,-5.6973
Experiments,79.2426,-6.0403
Experiments,56.8828,-29.9039
Experiments,108.062,-10.8173
Experiments,-42.9132,77.9902
Experiments,70.1178,11.8001
Experiments,0.9598,-41.803
Experiments,58.0098,-22.8336
Experiments,38.1001,-38.36
Experiments,26.0454,12.7046
Experiments,72.609,59.3806
Experiments,89.76,-35.7189
Experiments,88.1695,42.8563
Experiments,34.1255,-14.8977
Experiments,68.6257,21.0883
Experiments,27.8602,-42.3315
Experiments,88.2752,-28.0566
Experiments,94.6632,14.4748
Experiments,58.8585,-45.2341
Experiments,64.0219,25.2798
Experiments,49.9296,34.9925
Experiments,104.519,17.1273
Experiments,50.7148,51.5216
Experiments,75.6255,-34.9785
Experiments,34.6095,-55.1073
Experiments,33.478,-57.1521
Experiments,76.0589,-11.7483
Experiments,35.9712,-31.315
Experiments,62.6832,-74.6454
Experiments,76.3551,26.7734
Experiments,20.4664,-9.6678
Experiments,27.7976,-29.5887
Experiments,35.6394,71.1008
Experiments,62.8838,19.1567
Experiments,57.3182,36.2876
Experiments,89.6815,40.1037
Experiments,34.9583,64.5948
Experiments,42.7934,-43.6059
Experiments,38.223,-57.782
Experiments,57.8774,58.9165
Experiments,58.1771,-2.4238
Experiments,34.5988,45.4728
Experiments,74.8355,-3.2942
Experiments,33.2827,-2.9381
Experiments,92.2511,-9.8615
Experiments,49.2563,-35.1499
Experiments,40.2216,46.1839
Experiments,24.0603,-17.5613
Experiments,58.9282,-69.7479
Experiments,53.0536,-57.6155
Experiments,59.3074,52.1168
Experiments,34.7975,-38.2737
Experiments,32.3995,-35.0329
Experiments,72.4305,67.2477
Experiments,57.9934,69.9792
Experiments,47.8622,-9.1831
Experiments,88.5702,0.6055
Experiments,51.8335,9.01
Experiments,52.2534,44.0501
Experiments,31.8169,11.9366
Experiments,89.0171,24.3737
Experiments,46.692,-4.0665
Experiments,70.5931,-61.5322
Experiments,-21.906,24.0952
Experiments,101.7475,12.0291
Experiments,99.0821,8.4876
Experiments,67.8265,43.988
Experiments,33.1641,-20.3796
Experiments,70.7561,2.1991
Experiments,34.8566,-7.0978
Experiments,74.9548,-61.7677
Experiments,61.0964,-2.8272
Experiments,80.3669,-22.3235
Experiments,58.3059,-45.3638
Experiments,49.6852,-18.7132
Experiments,75.2651,-42.5406
Experiments,34.624,36.0682
Experiments,94.1245,-7.37
Experiments,30.1719,62.1619
Experiments,38.0455,3.0381
Experiments,53.4015,-75.3636
Experiments,101.8349,20.6004
Experiments,38.0134,-41.2918
Experiments,55.4275,67.3081
Experiments,47.5522,12.3864
Experiments,95.7301,-4.8604
Experiments,31.7211,-62.9437
Experiments,51.1975,34.5744
Experiments,23.2394,-51.6362
Experiments,96.0894,-26.2137
Experiments,56.7664,-30.2483
Experiments,26.8954,-48.684
Experiments,32.3287,-52.0162
Experiments,68.872,-67.8982
Experiments,73.5136,1.4665
Experiments,43.569,-18.0712
Experiments,82.1547,-19.1375
Experiments,93.7832,-34.8592
Experiments,96.6877,34.1135
Experiments,52.4071,-55.9648
Experiments,32.9143,7.2675
Experiments,100.4198,-31.1892
Experiments,84.5923,-19.4825
Experiments,61.9658,53.3215
Experiments,78.5522,-16.1333
Experiments,104.1753,-18.5606
Experiments,31.3538,65.0975
Experiments,42.124,0.1319
Experiments,83.5182,-7.509
Experiments,28.6481,76.4321
Experiments,18.8927,-47.2735
Experiments,37.6648,-49.9173
Experiments,93.2602,1.4346
Experiments,86.2434,-32.3932
Experiments,52.5312,41.3183
Experiments,93.7003,-24.6541
Experiments,33.7664,39.6583
Experiments,51.7634,1.6067
Experiments,31.9016,70.786
Experiments,38.5475,-35.317
Experiments,54.3462,8.3886
Experiments,38.5124,2.641
Experiments,74.056,-60.5268
Experiments,67.2721,-65.6745
Experiments,76.3569,-14.0712
Experiments,55.4635,6.3265
Experiments,49.4869,22.1438
Experiments,73.8961,1.1394
Experiments,37.1707,0.1697
Experiments,37.5661,10.405
Experiments,66.302,-28.0667
Experiments,63.1773,-65.9583
Experiments,76.2646,30.0925
Experiments,39.1297,69.8704
Experiments,58.3995,-45.2737
Experiments,67.6728,40.693
Experiments,52.0214,-1.366
Experiments,31.2385,-62.7896
Experiments,18.3997,-45.1506
Experiments,-47.5203,52.5142
Experiments,101.5623,33.4111
Experiments,-19.6139,-80.476
Experiments,33.1914,21.9459
Experiments,37.3801,-61.3346
Experiments,73.3461,-32.8884
Experiments,96.309,0.0975
Experiments,82.5546,-32.6226
Experiments,-8.2333,27.4331
Experiments,99.8848,-27.5958
Experiments,97.3179,39.1344
Experiments,28.3921,62.0004
Experiments,34.2033,0.2098
Experiments,22.7107,-47.9111
Experiments,46.5669,-62.238
Experiments,27.4796,-60.9279
Experiments,38.0667,-64.4685
Experiments,51.5986,24.3299
Experiments,96.0853,0.8703
Experiments,47.257,-43.358
Experiments,15.4837,-45.2835
Experiments,32.0104,-38.1333
Experiments,34.2384,39.2116
Experiments,56.1535,46.169
Experiments,22.0682,-70.0235
Experiments,35.3145,18.1811
Experiments,52.385,72.8991
Experiments,11.7935,89.8016
Experiments,81.0099,-6.1937
Experiments,33.3147,-66.458
Experiments,-66.5542,57.0185
Experiments,32.7999,56.4404
Experiments,29.696,-62.1722
Experiments,59.8648,58.926
Experiments,60.2547,-17.7017
Experiments,66.7365,64.9401
Experiments,43.2141,46.6999
Experiments,-19.0209,54.7277
Experiments,28.5073,-66.1805
Experiments,38.3074,-37.2783
Experiments,50.1658,2.9152
Experiments,62.3563,41.8793
Experiments,92.8623,-37.7407
Experiments,59.1929,-41.0698
Experiments,62.4102,-68.4355
Experiments,90.9912,46.7531
Experiments,59.6216,-14.4572
Experiments,61.7274,-7.0446
Experiments,33.4311,-7.9337
Experiments,31.0581,-18.5465
Experiments,75.7858,-70.0403
Experiments,76.1091,46.3969
Experiments,47.1667,-43.0736
Experiments,65.674,67.6403
Experiments,26.9744,-49.0944
Experiments,46.6962,55.4661
Experiments,31.2713,-13.2349
Experiments,22.4293,-19.6556
Experiments,48.773,52.1735
Experiments,-56.7246,-28.7363
Experiments,23.8445,-52.3042
Experiments,68.9901,49.0425
Experiments,47.2845,-68.1917
Experiments,32.0178,-35.4586
Experiments,25.7526,-25.4661
Experiments,33.0013,-15.9586
Experiments,42.1136,-34.2194
Experiments,49.8457,-41.8197
Experiments,38.5158,-53.2609
Experiments,39.2625,-10.0918
Experiments,92.4756,-38.3799
Experiments,36.3665,-23.3738
Experiments,27.3537,-30.2039
Experiments,48.765,-46.5155
Experiments,58.5834,-40.5906
Experiments,14.7655,-46.425
Experiments,34.9465,-17.6163
Experiments,61.373,8.0163
Experiments,48.7138,-58.5995
Experiments,49.7549,55.6167
Experiments,58.0357,46.1476
Experiments,71.4267,-35.2113
Experiments,36.8352,-35.3176
Experiments,38.2785,-29.3339
Experiments,74.3788,-28.4312
Experiments,62.0145,59.4401
Experiments,27.9863,-45.5347
Experiments,66.5716,-63.091
Experiments,54.176,-80.2398
Experiments,78.8597,31.1719
Experiments,33.0483,-57.0111
Experiments,88.167,-26.4929
Experiments,34.8891,35.9668
Experiments,99.1382,-27.6929
Experiments,65.9575,-74.0474
Experiments,83.0079,45.3908
Experiments,108.1992,-10.8361
Experiments,51.3492,-72.4372
Experiments,58.356,66.0733
Experiments,61.8135,59.8555
Experiments,47.3796,-66.2539
Experiments,53.5835,23.716
Experiments,46.7975,-45.7256
Experiments,48.2623,-34.2581
Experiments,70.5874,-29.7783
Experiments,33.9132,38.5743
Experiments,-58.6789,-36.3624
Experiments,74.0772,3.9682
Experiments,27.8839,25.518
Experiments,35.7198,-2.7429
Experiments,87.5242,-6.5808
Experiments,90.6198,-13.8919
Experiments,101.885,24.2131
Experiments,86.1439,-23.6164
Experiments,59.1039,-77.165
Experiments,69.3721,-5.964
Experiments,42.1719,-58.7457
Experiments,99.1115,-29.5395
Experiments,100.4539,13.5262
Experiments,42.1033,-36.4493
Experiments,59.1614,-69.5509
Experiments,70.8101,38.0431
Experiments,92.2013,39.0268
Experiments,103.4158,-16.2473
Experiments,51.0174,71.5558
Experiments,75.167,-28.2405
Experiments,22.2931,-50.0539
Experiments,102.9049,-24.0255
Experiments,77.8323,-2.9235
Experiments,29.8254,-53.1246
Experiments,59.0256,-5.4265
Experiments,63.2381,-38.9709
Experiments,43.486,7.5844
Experiments,44.7535,-9.1627
Experiments,34.1509,-15.7876
Experiments,46.1537,3.6898
Experiments,31.8728,-1.1171
Experiments,42.9791,-40.5276
Experiments,90.3863,32.6893
Experiments,30.6291,-29.231
Experiments,102.7037,-26.9602
Experiments,101.6017,33.3997
Experiments,67.9711,37.121
Experiments,41.2249,-25.8794
Experiments,107.8274,-11.2705
Experiments,63.9314,-54.6626
Experiments,48.9634,69.1481
Experiments,64.5623,48.5839
Experiments,73.2194,-64.668
Experiments,21.7096,-11.5886
Experiments,101.6771,10.1589
Experiments,87.0348,-0.2738
Experiments,42.6895,32.8058
Experiments,80.5927,9.4251
Experiments,98.9067,39.489
Experiments,57.803,59.6982
Experiments,53.6295,68.5765
Experiments,34.7912,1.0107
Experiments,87.9296,16.9787
Experiments,33.1775,67.9572
Experiments,77.4915,-1.5949
Experiments,34.2121,-68.474
Experiments,86.4746,18.891
Experiments,12.5493,-77.0217
Experiments,78.6823,-16.3484
Experiments,81.7965,24.7761
Experiments,62.3886,-72.0852
Experiments,26.75,-55.6753
Experiments,38.4104,71.8311
Experiments,35.3949,-22.8828
Experiments,59.9346,-75.3856
Experiments,59.0924,-69.7459
Experiments,35.3094,-64.9314
Experiments,79.1904,-32.1921
Experiments,75.7253,-22.3112
Experiments,37.2263,-7.8741
Experiments,59.6854,79.0637
Experiments,27.3726,11.6521
Experiments,79.5452,-18.176
Experiments,63.4164,-55.3424
Experiments,46.2809,69.5305
Experiments,19.0281,-54.2019
Experiments,97.5289,-30.2171
Experiments,85.6413,-11.217
Experiments,57.5208,-76.2632
Experiments,53.2942,-75.514
Experiments,78.833,-29.8799
Experiments,43.4383,49.8348
Experiments,71.9465,44.6636
Experiments,33.3695,-66.8193
Experiments,47.4877,73.5675
Experiments,62.1332,53.3658
Experiments,56.3102,21.4285
Experiments,53.5777,78.6572
Experiments,37.7307,-61.7509
Experiments,48.0225,78.4463
Experiments,32.555,-35.3221
Experiments,95.6212,37.9429
Experiments,39.3453,46.5739
Experiments,102.2017,-13.5622
Experiments,32.8804,0.5454
Experiments,84.3264,-19.9467
Experiments,101.2697,25.0531
Experiments,75.8936,-68.1285
Experiments,65.3289,-68.7613
Experiments,54.3899,-16.7308
Experiments,16.9905,26.612
Experiments,35.5043,-8.3879
Experiments,39.9778,-39.0593
Experiments,20.8669,1.1208
Experiments,22.0563,-68.9064
Experiments,48.4502,6.3576
Experiments,37.1553,-77.7512
Experiments,48.2707,-71.1413
Experiments,57.2183,21.8745
Experiments,71.4336,2.0004
Experiments,36.6609,-56.0166
Experiments,39.0798,-38.9772
Experiments,79.3734,-2.2817
Experiments,26.8565,-5.4614
Experiments,53.069,-20.1447
Experiments,64.3674,39.6348
Experiments,38.8722,-39.3119
Experiments,59.7242,65.235
Experiments,35.2334,-64.9982
Experiments,38.7869,-76.8714
Experiments,72.3397,-39.0473
Experiments,18.8384,-47.1313
Experiments,-43.4634,77.8692
Experiments,40.8688,43.8364
Experiments,25.2925,-43.1202
Experiments,43.7921,18.3601
Experiments,34.9111,17.4862
Experiments,56.514,-30.6023
Experiments,94.6329,-24.8903
Experiments,33.9843,19.0277
Experiments,33.4836,-14.0511
Experiments,66.4599,-62.517
Experiments,31.5621,37.5963
Experiments,70.6293,-72.9825
Experiments,61.415,45.4251
Experiments,29.6166,-70.2861
Experiments,55.5665,2.2888
Experiments,55.0138,68.3582
Experiments,53.497,-0.4538
Experiments,75.3212,-29.0959
Experiments,64.0874,0.3357
Experiments,49.7775,35.6307
Experiments,92.697,17.9128
Experiments,43.5615,-6.0631
Experiments,45.1395,4.9103
Experiments,33.8865,-73.5501
Experiments,60.2093,-17.5406
Experiments,56.8874,43.4427
Experiments,59.4739,79.1754
Experiments,56.1128,24.5302
Experiments,70.8858,-12.0248
Experiments,32.1198,-35.4157
Experiments,50.8632,-77.1492
Experiments,97.6881,-29.7652
Experiments,78.8131,-30.0881
Experiments,27.7341,-53.2037
Experiments,105.42,-2.2988
Experiments,62.5627,-71.5553
Experiments,102.1823,23.0498
Experiments,49.9796,49.7322
Experiments,31.7975,9.735
Experiments,59.842,-42.7505
Experiments,40.558,-8.4017
Experiments,99.7648,6.6151
Experiments,42.7786,-39.2638
Experiments,74.1339,3.8164
Experiments,44.6185,8.572
Experiments,52.6419,41.257
Experiments,50.2888,-44.2933
Experiments,58.309,77.6726
Experiments,67.8102,43.9971
Experiments,47.4281,1.3986
Experiments,36.5423,35.1991
Experiments,37.703,7.4875
Experiments,26.4832,-66.9349
Experiments,43.8342,56.7567
Experiments,37.7035,-18.8626
Experiments,71.5021,32.6933
Experiments,92.1909,-32.2533
Experiments,43.5579,64.4026
Experiments,32.3591,-80.3938
Experiments,19.933,-46.3824
Experiments,76.0707,-33.1207
Experiments,17.3396,-41.6379
Experiments,64.9521,53.2164
Experiments,87.3089,-32.0287
Experiments,50.6337,-68.8851
Experiments,41.9178,-36.9718
Experiments,28.9012,63.9854
Experiments,28.8844,-69.5102
Experiments,81.2445,-21.6002
Experiments,32.0568,-22.6263
Experiments,24.1893,-49.2882
Experiments,42.1381,-59.7486
Experiments,86.7864,-25.6537
Experiments,45.222,-6.3861
Experiments,48.6952,-58.7772
Experiments,-51.0988,-72.9063
Experiments,83.6611,-29.8756
Experiments,42.2733,13.2393
Experiments,17.9026,-49.6619
Experiments,88.7385,26.6317
Experiments,75.6902,-68.8389
Experiments,35.6501,-71.2009
Experiments,65.5245,67.6415
Experiments,52.6258,-6.5458
Experiments,68.3879,40.96
Experiments,88.3105,-29.9185
Experiments,72.1114,-31.2113
Experiments,92.0294,-28.173
Experiments,51.404,53.654
Experiments,29.7789,-53.2559
Experiments,31.531,-59.2305
Experiments,50.2232,-73.7666
Experiments,65.565,-65.8655
Experiments,36.3946,-38.7686
Experiments,35.1774,-67.8455
Experiments,21.2633,-27.6778
Experiments,58.7467,-37.4699
Experiments,87.1995,11.729
Experiments,67.584,40.562
Experiments,91.2529,40.9283
Experiments,53.0841,40.9539
Experiments,88.6835,13.7287
Experiments,33.9599,-39.7104
Experiments,74.0299,3.9164
Experiments,49.3916,-42.2656
Experiments,61.6935,62.2937
Experiments,77.6738,-42.3247
Experiments,62.1916,-71.5635
Experiments,90.7393,45.9735
Experiments,51.2511,-70.1081
Experiments,40.5036,7.8187
Experiments,62.8557,19.2353
Experiments,33.7705,45.1639
Experiments,34.6084,45.6529
Experiments,33.1405,-49.1704
Experiments,50.354,-56.494
Experiments,51.3235,42.5911
Experiments,66.1793,38.1733
Experiments,31.7251,-14.7269
Experiments,59.1133,-41.1122
Experiments,71.2471,32.69
Experiments,57.3315,-40.4042
Experiments,68.0076,41.5314
Experiments,75.3912,-25.5172
Experiments,19.5801,-45.3397
Experiments,34.0468,64.3817
Experiments,32.3875,-64.6188
Experiments,58.5337,-40.0107
Experiments,58.7561,-77.0014
Experiments,37.0866,72.2338
Experiments,55.0053,66.4442
Experiments,44.6394,39.9057
Experiments,41.0938,51.5667
Experiments,59.3601,-19.1818
Experiments,95.7748,40.3399
Experiments,47.5598,-10.8143
Experiments,56.1944,24.8235
Experiments,19.8502,-44.2959
Experiments,32.6508,-60.0462
Experiments,75.4447,-16.4435
Experiments,47.3689,-39.9266
Experiments,42.0303,-58.4866
Experiments,49.0791,-58.6469
Experiments,72.979,-27.6776
Experiments,72.4218,18.5686
Experiments,21.4453,-44.7072
Experiments,42.055,-14.4684
Experiments,103.409,-16.1685
Experiments,37.605,-17.5897
Experiments,66.3815,40.2496
Experiments,71.3971,-71.1566
Experiments,66.295,-75.6333
Experiments,-22.3596,43.6067
Experiments,78.1195,-25.3372
Experiments,75.481,-20.7339
Experiments,14.4187,-21.9863
Experiments,52.3601,72.8864
Experiments,49.7485,58.7281
Experiments,73.7333,13.4452
Experiments,60.3922,-19.2995
Experiments,52.9312,43.1765
Experiments,36.9336,-7.9401
Experiments,35.369,-37.8093
Experiments,47.0133,-27.5494
Experiments,65.6371,-66.1262
Experiments,-59.7857,-28.5344
Experiments,58.4435,59.9054
Experiments,46.8021,-71.74
Experiments,48.5319,28.3359
Experiments,74.1483,-24.9505
Experiments,33.933,38.7873
Experiments,58.5486,69.8521
Experiments,90.632,17.2765
Experiments,61.0867,17.4763
Experiments,35.7401,-4.3234
Experiments,49.2785,-65.7714
Experiments,97.9892,16.4816
Experiments,55.6803,-11.3691
Experiments,43.2756,-7.6528
Experiments,43.8575,-7.1572
Experiments,88.7118,13.843
Experiments,52.0596,-58.0793
Experiments,72.9621,-26.837
Experiments,38.2301,43.831
Experiments,28.0406,26.5399
Experiments,39.2109,-36.1329
Experiments,95.7391,-34.366
Experiments,33.8009,39.3095
Experiments,70.5029,-9.7998
Experiments,37.3763,-9.0701
Experiments,78.0371,-2.1964
Experiments,74.7238,49.808
Experiments,71.8765,54.943
Experiments,96.1897,0.8469
Experiments,-60.0426,60.0326
Experiments,27.7599,12.6422
Experiments,62.8767,19.1655
Experiments,59.1416,16.384
Experiments,75.2988,8.6174
Experiments,51.7398,-56.7107
Experiments,52.6064,-46.4022
Experiments,57.0582,1.261
Experiments,28.5779,-64.0265
Experiments,65.5923,-66.7653
Experiments,74.4255,3.4957
Experiments,62.888,22.173
Experiments,102.563,1.3028
Experiments,74.7404,49.793
Experiments,80.15,-21.2675
Experiments,56.5434,-39.9631
Experiments,93.9342,38.3311
Experiments,50.4783,-46.2562
Experiments,37.4528,-70.3456
Experiments,68.5,-60.0244
Experiments,41.1486,35.6623
Experiments,49.8943,24.4404
Experiments,76.53,-25.0257
Experiments,34.152,-18.3461
Experiments,28.8186,-70.0835
Experiments,40.3039,46.1764
Experiments,40.0023,-2.4225
Experiments,26.0634,-43.1826
Experiments,46.3844,-69.4173
Experiments,42.7192,-39.4951
Experiments,51.5606,39.3946
Experiments,51.7198,59.5914
Experiments,103.8696,38.9745
Experiments,39.7973,-57.4556
Experiments,103.5559,-10.4092
Experiments,62.6931,24.3789
Experiments,47.8005,-70.1782
Experiments,28.5591,14.8466
Experiments,37.5472,-16.2041
Experiments,98.8815,39.4704
Experiments,25.0074,-24.4343
Experiments,64.5531,-66.4681
Experiments,96.7598,-11.4783
Experiments,36.5375,15.0659
Experiments,49.3815,-35.2952
Experiments,103.3137,16.4806
Experiments,0.0697,-68.7405
Experiments,35.7297,-4.3279
Experiments,40.4225,72.5998
Experiments,95.7744,40.4543
Experiments,31.2939,-51.2261
Experiments,69.6421,-0.7566
Experiments,38.7727,71.7395
Experiments,89.7825,-2.3924
Experiments,73.8929,-33.4828
Experiments,82.3685,-22.4504
Experiments,76.8315,-63.6183
Experiments,54.5852,-16.3882
Experiments,53.2169,70.7027
Experiments,64.4614,16.523
Experiments,79.8815,-5.3993
Experiments,67.5101,19.8523
Experiments,42.6749,63.5748
Experiments,99.6758,-3.6577
Experiments,31.4129,-35.4325
Experiments,52.4875,71.3128
Experiments,47.8723,-66.2771
Experiments,99.5324,15.382
Experiments,78.705,-39.7035
Experiments,53.2183,5.8321
Experiments,33.8749,54.7851
Experiments,89.9037,31.2315
Experiments,64.5072,-45.4211
Experiments,60.4377,-38.622
Experiments,68.1362,33.7115
Experiments,55.4791,5.6231
Experiments,38.8832,-38.9399
Experiments,52.5242,-20.1626
Experiments,60.3802,43.5207
Experiments,44.7995,-1.5744
Experiments,54.8302,-32.8433
Experiments,75.5992,-38.5753
Experiments,67.5101,-71.4129
Experiments,31.1787,-38.6005
Experiments,49.5621,-65.4248
Experiments,84.4986,2.5605
Experiments,71.9729,-71.1221
Experiments,52.993,33.8132
Experiments,72.7202,-29.968
Experiments,51.9269,-35.778
Experiments,26.85,-55.3751
Experiments,39.5598,35.7538
Experiments,55.9156,-53.635
Experiments,43.8504,13.7897
Experiments,84.898,25.4245
Experiments,24.8064,-54.7517
Experiments,90.6185,-13.9624
Experiments,25.6008,-46.7106
Experiments,71.8762,-27.9815
Experiments,6.7352,-36.5883
Experiments,45.1766,-15.4253
Experiments,47.6656,37.6817
Experiments,101.3612,-27.1153
Experiments,26.2636,-49.2683
Experiments,85.6407,23.4669
Experiments,77.4916,-0.9008
Experiments,76.7794,-33.7657
Experiments,63.1342,24.26
Experiments,44.3949,46.5259
Experiments,63.1845,7.616
Experiments,37.6611,69.0989
Experiments,79.97,-39.7485
Experiments,87.8943,16.9689
Experiments,46.6426,11.7176
Experiments,105.7959,38.6295
Experiments,70.056,42.256
Experiments,30.8363,-21.5476
Experiments,25.4717,-52.9132
Experiments,32.0386,71.1078
Experiments,101.2245,12.3513
Experiments,19.6711,-46.6476
Experiments,55.6783,-2.7023
Experiments,55.3881,20.1929
Experiments,41.3866,15.8472
Experiments,35.2097,51.2567
Experiments,-43.933,-22.5558
Experiments,31.0574,61.6283
Experiments,47.2801,42.6167
Experiments,65.6468,43.6464
Experiments,49.858,-56.4793
Experiments,76.0807,-38.5146
Experiments,51.3743,-60.0109
Experiments,96.8947,-24.6394
Experiments,42.2645,0.0593
Experiments,48.4211,-35.5194
Experiments,65.8698,-65.8018
Experiments,47.4551,1.6286
Experiments,37.7667,-5.165
Experiments,97.6219,37.8105
Experiments,40.0735,71.9913
Experiments,13.375,-23.8318
Experiments,61.0624,77.4913
Experiments,76.0231,10.9211
Experiments,79.3934,-15.0242
Experiments,77.1722,17.5445
Experiments,93.6196,28.9419
Experiments,31.0752,-11.8412
Experiments,51.1661,-43.5355
Experiments,66.2179,50.4729
Experiments,48.2643,-41.6691
Experiments,33.7359,18.8863
Experiments,39.7105,62.5677
Experiments,63.8982,-43.5939
Experiments,32.5343,42.0101
Experiments,32.2316,-29.3268
Experiments,77.0582,-4.5333
Experiments,98.26,37.8289
Experiments,29.9408,-53.0146
Experiments,93.5928,10.8634
Experiments,58.6694,-76.6822
Experiments,30.5169,71.294
Experiments,54.5546,6.0424
Experiments,42.0385,-11.129
Experiments,99.0584,8.4023
Experiments,64.8718,70.9735
Experiments,97.9179,27.804
Experiments,46.4198,0.3304
Experiments,49.1736,-34.8437
Experiments,22.5492,-19.5975
Experiments,78.3747,15.8085
Experiments,65.8451,75.1205
Experiments,75.7314,22.092
Experiments,40.7679,-53.7523
Experiments,37.9399,36.6078
Experiments,37.7878,-20.8214
Experiments,62.21,-78.9674
Experiments,46.7534,71.0446
Experiments,54.2774,8.3729
Experiments,66.8351,-30.6544
Experiments,58.447,-39.7783
Experiments,21.771,-48.2159
Experiments,43.7309,-18.135
Experiments,77.0765,-66.76
Experiments,72.6393,-44.1866
Experiments,104.4487,-26.8954
Experiments,86.4279,0.4891
Experiments,73.9314,62.1792
Experiments,29.0038,24.2613
Experiments,19.6086,-46.6651
Experiments,41.2255,14.3185
Experiments,30.429,-51.8297
Experiments,48.7427,-40.8579
Experiments,47.3497,50.3022
Experiments,47.8878,-31.547
Experiments,-59.8496,-45.1306
Experiments,97.6304,-8.9252
Experiments,49.0849,-12.4262
Experiments,48.1396,-70.8769
Experiments,79.732,-43.307
Experiments,87.1453,-1.9978
Experiments,42.306,17.4776
Experiments,82.0164,6.8321
Experiments,94.8504,5.8252
Experiments,40.4269,56.8184
Experiments,44.5821,-60.962
Experiments,42.9621,-39.1375
Experiments,41.2961,-18.6233
Experiments,55.8385,-20.6945
Experiments,74.3661,-60.5011
Experiments,74.7335,-42.7439
Experiments,59.6556,-14.3607
Experiments,47.7119,-18.1273
Experiments,64.0852,-54.8778
Experiments,27.6252,11.4403
Experiments,67.5635,67.7988
Experiments,44.5878,32.483
Experiments,66.2854,7.6956
Experiments,35.1457,-52.9155
Experiments,36.148,32.5628
Experiments,42.094,-62.3479
Experiments,104.1066,-17.8497
Experiments,85.21,-10.5182
Experiments,69.3217,-60.7687
Experiments,33.1198,-68.063
Experiments,36.6033,71.0821
Experiments,71.0886,-12.2302
Experiments,55.2295,25.6388
Experiments,55.7829,4.8633
Experiments,62.4773,77.2483
Experiments,71.8653,-11.8261
Experiments,46.7778,-58.8973
Experiments,50.0178,-10.4039
Experiments,27.5682,-2.9075
Experiments,87.1575,5.5999
Experiments,60.6736,-67.7012
Experiments,68.9987,-68.8168
Experiments,22.387,-50.0947
Experiments,75.8856,-70.2393
Experiments,72.308,47.1976
Experiments,38.3198,71.8476
Experiments,79.5055,52.9307
Experiments,92.4739,-38.375
Experiments,36.6159,71.0576
Experiments,49.7944,-58.1842
Experiments,57.5237,54.9521
Experiments,12.4844,-76.9212
Experiments,44.5709,-1.4147
Experiments,56.5549,-52.2442
Experiments,19.3188,-21.3068
Experiments,82.7039,-5.3159
Experiments,58.3327,21.1023
Experiments,79.141,-25.3499
Experiments,73.438,17.6097
Experiments,73.3012,-12.6158
Experiments,49.874,35.7197
Experiments,48.682,28.6014
Experiments,52.9729,37.2907
Experiments,43.3636,55.8776
Experiments,-57.6063,-28.4489
Experiments,48.4236,-46.7619
Experiments,45.2185,-75.3816
Experiments,59.7528,-30.8377
Experiments,46.7998,9.7297
Experiments,39.6271,-32.9998
Experiments,36.5467,-45.2284
Experiments,64.8147,23.9288
Experiments,71.0728,-11.5912
Experiments,41.3677,-25.8613
Experiments,47.9207,-31.7161
Experiments,54.9975,-70.1451
Experiments,56.0393,-30.4532
Experiments,44.6651,-9.1339
Experiments,29.3234,-4.9129
Experiments,62.6763,69.4489
Experiments,41.2892,-58.8556
Experiments,67.1035,-22.8772
Experiments,49.0951,74.4002
Experiments,58.6719,77.1828
Experiments,62.9948,-69.3925
Experiments,55.0947,21.0412
Experiments,13.6754,-24.1262
Experiments,77.169,17.5472
Experiments,45.8526,12.0683
Experiments,-56.7964,-28.2735
Experiments,49.5902,56.113
Experiments,64.7434,0.0798
Experiments,86.2197,-32.3026
Experiments,80.3224,55.0742
Experiments,30.1927,5.7969
Experiments,48.7318,24.0861
Experiments,73.0316,-6.8512
Experiments,36.6332,18.709
Experiments,45.2971,57.1281
Experiments,62.0513,26.3851
Experiments,39.7724,40.9213
Experiments,43.5857,38.9117
Experiments,55.6418,2.2467
Experiments,38.1177,-64.5904
Experiments,90.1752,32.4089
Experiments,77.7487,-42.2612
Experiments,23.2123,-16.6778
Experiments,58.9942,11.8156
Experiments,56.5055,38.8101
Experiments,42.72,-37.1255
Experiments,35.0716,42.7526
Experiments,13.4598,-34.6949
Experiments,56.1306,-36.6991
Experiments,72.7719,-10.9945
Experiments,60.8665,-55.073
Experiments,45.9004,-68.8136
Experiments,54.0489,-2.5871
Experiments,92.2252,-27.8307
Experiments,43.2416,-56.9736
Experiments,68.4642,42.2832
Experiments,-60.875,-48.8234
Experiments,53.9111,-53.8052
Experiments,27.6395,32.5811
Experiments,79.7364,23.2037
Experiments,38.2551,-53.3254
Experiments,29.6303,-1.4527
Experiments,52.2534,41.3428
Experiments,53.6888,78.975
Experiments,44.8261,-37.9136
Experiments,47.5658,43.2588
Experiments,23.5252,15.972
Experiments,75.6145,-34.8996
Experiments,29.5872,-52.1924
Experiments,55.1713,-24.1002
Experiments,75.3063,-20.6
Experiments,29.4514,0.0407
Experiments,43.7548,-50.9703
Experiments,61.533,-2.2351
Experiments,34.4792,54.2367
Experiments,50.2492,33.2931
Experiments,33.7481,39.3355
Experiments,96.3904,-27.0099
Experiments,41.4156,-53.8212
Experiments,34.0328,68.4666
Experiments,48.6149,73.8837
Experiments,42.8979,13.1194
Experiments,43.1087,35.2159
Experiments,74.1297,-60.5099
Experiments,88.0819,-34.517
Experiments,90.967,46.6899
Experiments,67.3937,-15.5301
Experiments,93.232,-9.999
Experiments,33.7582,39.2262
Experiments,86.6816,-1.728
Experiments,61.8074,-7.0482
Experiments,54.8259,0.2048
Experiments,97.5174,-29.0069
Experiments,35.0211,-53.267
Experiments,7.3458,67.5849
Experiments,50.1433,-15.1729
Experiments,91.2473,41.0821
Experiments,93.8915,-6.2667
Experiments,50.6817,1.8081
Experiments,44.884,43.8327
Experiments,40.3592,7.7329
Experiments,45.416,-15.3893
Experiments,74.9747,-27.9642
Experiments,76.2057,-15.532
Experiments,102.099,1.3753
Experiments,32.9129,37.971
Experiments,48.1089,6.2046
Experiments,84.9962,26.9427
Experiments,35.5498,-0.3151
Experiments,34.061,71.2272
Experiments,87.5954,8.7968
Experiments,64.1453,-54.7247
Experiments,44.7605,-23.8466
Experiments,58.5547,25.2831
Experiments,48.5933,-43.2807
Experiments,73.7671,54.4014
Experiments,55.5796,-29.9534
Experiments,98.1131,27.8692
Experiments,75.8641,47.7444
Experiments,32.1173,-33.8764
Experiments,37.2726,68.8954
Experiments,72.5373,-4.0259
Experiments,43.9179,72.1203
Experiments,37.325,0.609
Experiments,37.8876,66.6375
Experiments,72.3924,-39.678
Experiments,32.5868,56.7076
Experiments,38.4313,-0.5637
Experiments,40.1874,-38.8877
Experiments,38.6511,-36.1449
Experiments,27.2561,-15.2263
Experiments,38.1262,-53.3593
Experiments,57.6602,-36.7435
Experiments,36.9152,-52.0946
Experiments,31.4818,14.7253
Experiments,-56.6832,-29.1306
Experiments,38.124,43.3278
Experiments,53.1295,5.6387
Experiments,26.105,-46.8965
Experiments,56.0999,19.0171
Experiments,82.3971,3.1404
Experiments,78.8873,50.3596
Experiments,93.5534,13.7829
Experiments,81.1967,8.6851
Experiments,72.5294,18.5937
Experiments,-3.9648,-75.5039
Experiments,105.6892,-10.1443
Experiments,60.2918,-9.209
Experiments,37.5788,2.8681
Experiments,36.8237,1.8158
Experiments,85.6603,-11.197
Experiments,35.0454,42.4771
Experiments,53.5612,43.1131
Experiments,101.509,9.3601
Experiments,64.9002,62.6205
Experiments,47.9799,-44.1055
Experiments,26.4093,-74.673
Experiments,56.8798,1.1839
Experiments,26.9591,-49.1367
Experiments,71.5976,3.6077
Experiments,46.6984,-72.0947
Experiments,56.962,-45.8905
Experiments,79.5495,-6.6328
Experiments,48.5276,-68.0049
Experiments,55.7539,24.6274
Experiments,42.2971,-13.1358
Experiments,93.1934,10.6245
Experiments,65.7022,-66.2857
Experiments,102.0685,22.95
Experiments,43.8021,11.0376
Experiments,58.1503,-34.3179
Experiments,37.1653,-77.7492
Experiments,23.4089,10.8436
Experiments,29.4766,21.5194
Experiments,96.2895,-26.4384
Experiments,40.5133,-38.9345
Experiments,43.4231,13.7655
Experiments,-54.3746,-73.4143
Experiments,86.7457,-20.9557
Experiments,66.0202,65.9396
Experiments,35.7438,3.0677
Experiments,61.4971,-21.2557
Experiments,35.8714,-54.0617
Experiments,19.4719,-47.9891
Experiments,89.9266,-0.4224
Experiments,71.333,9.6353
Experiments,106.3557,-1.1617
Experiments,87.8204,-7.7282
Experiments,90.4847,17.3546
Experiments,26.8364,-55.471
Experiments,54.4856,-18.7072
Experiments,29.0255,-28.4327
Experiments,36.2366,-19.3097
Experiments,27.2841,25.1983
Experiments,64.045,24.5762
Experiments,80.1178,26.2391
Experiments,30.5078,70.9168
Experiments,59.7291,-38.7535
Experiments,47.9242,-44.1436
Experiments,33.176,-49.2356
Experiments,62.1415,-55.3312
Experiments,38.4933,65.2824
Experiments,31.0306,-18.534
Experiments,13.4702,-34.7093
Experiments,80.3427,11.9297
Experiments,93.8923,-6.5589
Experiments,72.8171,-33.7587
Experiments,45.876,13.7565
Experiments,94.028,-4.2547
Experiments,87.1959,-4.4863
Experiments,-58.0865,-28.7037
Experiments,72.0341,46.9726
Experiments,54.8412,-33.1323
Experiments,77.3024,-22.0893
Experiments,37.8933,18.312
Experiments,96.1308,-25.6203
Experiments,73.2233,-65.2737
Experiments,42.2013,-58.5631
Experiments,29.6221,60.7273
Experiments,64.5181,48.5865
Experiments,55.841,67.661
Experiments,59.1939,-30.6577
Experiments,96.6138,20.0541
Experiments,17.8394,-46.8029
Experiments,23.4926,-40.2616
Experiments,72.9044,1.6211
Experiments,78.1738,-35.4056
Experiments,57.7738,3.6667
Experiments,101.8251,-29.2864
Experiments,57.7803,63.4642
Experiments,67.5944,-59.9521
Experiments,33.5814,-13.8816
Experiments,70.8841,3.785
Experiments,50.4087,-34.1429
Experiments,87.151,5.5845
Experiments,61.311,-3.1415
Experiments,38.0775,-6.6863
Experiments,99.3957,38.9721
Experiments,49.4939,-45.9915
Experiments,-9.6929,-36.6705
Experiments,44.8347,-74.9359
Experiments,54.0115,38.6111
Experiments,69.8844,41.7858
Experiments,65.1189,52.6077
Experiments,23.6801,-28.3328
Experiments,50.2856,-58.4778
Experiments,69.7442,-69.5319
Experiments,54.7345,38.3808
Experiments,47.1102,40.375
Experiments,95.1442,42.1018
Experiments,54.1383,7.6398
Experiments,22.5737,-47.984
Experiments,26.9591,-57.2752
Experiments,55.2754,-19.9815
Experiments,39.7928,-56.8452
Experiments,19.5519,-20.7423
Experiments,30.6586,-63.7795
Experiments,82.5969,21.1568
Experiments,87.1426,36.1844
Experiments,59.0792,-57.6521
Experiments,40.5965,-19.4785
Experiments,56.3416,-52.5975
Experiments,37.9191,-30.0549
Experiments,36.9363,1.5961
Experiments,37.7808,-61.7756
Experiments,42.0356,-5.5268
Experiments,79.7319,-16.7029
Experiments,43.9701,-50.9174
Experiments,35.1484,42.2737
Experiments,-80.9331,-26.4368
Experiments,47.3976,0.9594
Experiments,53.8451,17.966
Experiments,44.3191,53.6395
Experiments,68.6644,37.8398
Experiments,104.1118,-17.938
Experiments,77.2725,-64.9148
Experiments,100.3177,-21.6476
Experiments,79.2036,-17.2363
Experiments,47.1289,4.2407
Experiments,36.5364,-16.2711
Experiments,73.0839,-43.4251
Experiments,79.1998,-2.3179
Experiments,75.3732,-27.7047
Experiments,90.3901,38.7333
Experiments,92.3794,-38.5696
Experiments,55.7666,-36.7843
Experiments,64.0148,62.6391
Experiments,85.6943,-30.1321
Experiments,17.0069,-14.3301
Experiments,26.4133,-25.8599
Experiments,106.866,-5.6436
Experiments,49.9996,-5.7846
Experiments,32.4845,56.5902
Experiments,59.0684,0.3995
Experiments,43.0016,51.0162
Experiments,56.6036,19.3433
Experiments,29.092,-16.4287
Experiments,46.827,32.8627
Experiments,83.3592,-34.2931
Experiments,36.6385,-24.4535
Experiments,43.0473,44.5538
Experiments,40.1082,-38.9329
Experiments,72.0549,-28.3616
Experiments,35.1227,-2.6183
Experiments,47.6304,16.4158
Experiments,101.2411,25.0407
Experiments,49.4733,-18.554
Experiments,53.2116,-8.5904
Experiments,38.7816,-76.6648
Experiments,71.7559,68.2993
Experiments,43.8953,56.7615
Experiments,49.0862,-55.7716
Experiments,58.94,-37.3773
Experiments,103.5793,-14.8214
Experiments,67.979,36.367
Experiments,-54.2018,10.535
Experiments,50.4344,-58.8784
Experiments,32.0735,-14.4532
Experiments,95.207,-8.0916
Experiments,63.0643,48.0083
Experiments,32.8331,-68.0123
Experiments,44.6327,39.7312
Experiments,37.7768,15.572
Experiments,35.1338,52.3338
Experiments,44.5667,44.997
Experiments,66.5618,-73.6786
Experiments,72.2181,-4.5577
Experiments,32.6718,-58.5647
Experiments,68.6738,68.5784
Experiments,82.4467,3.1954
Experiments,37.5723,-49.9007
Experiments,63.2058,-38.8759
Experiments,70.641,-9.385
Experiments,55.7315,-75.1434
Experiments,31.276,65.1339
Experiments,57.6891,59.225
Experiments,72.2117,68.195
Experiments,-60.1085,60.0301
Experiments,65.4753,-65.823
Experiments,61.9987,73.0184
Experiments,50.6416,-16.0971
Experiments,71.7718,-38.0454
Experiments,-60.874,-48.8194
Experiments,-58.0335,-28.6294
Experiments,34.0518,54.2804
Experiments,84.1042,6.6234
Experiments,89.0867,34.1148
Experiments,91.9856,38.1084
Experiments,55.6955,-1.8775
Experiments,19.5087,-20.5083
Experiments,38.095,66.1303
Experiments,98.2221,27.8965
Experiments,44.8745,-1.5902
Experiments,67.5214,49.0017
Experiments,103.6687,-16.0671
Experiments,34.9107,-2.7587
Experiments,54.9798,6.179
Experiments,48.4878,-46.1379
Experiments,35.161,4.4048
Experiments,52.8728,41.1312
Experiments,41.9518,66.0734
Experiments,39.4116,-10.2303
Experiments,86.3128,-1.9983
Experiments,19.4006,-43.6318
Experiments,62.5725,71.34
Experiments,65.2814,-2.6833
Experiments,69.8191,48.4192
Experiments,106.3709,38.224
Experiments,82.4974,46.7872
Experiments,49.6329,-6.3038
Experiments,35.9492,-55.2026
Experiments,100.2933,2.5914
Experiments,84.2493,46.0276
Experiments,30.9441,-51.3488
Experiments,74.9169,-1.0454
Experiments,13.287,-35.3257
Experiments,60.733,77.8272
Experiments,30.9047,-15.6505
Experiments,27.1873,-25.8523
Experiments,18.6068,-49.7704
Experiments,55.4888,20.0355
Experiments,28.5466,-67.3743
Experiments,60.0499,-34.3765
Experiments,86.5527,-30.7062
Experiments,69.7035,0.4244
Experiments,56.3613,50.7487
Experiments,63.8412,-75.5077
Experiments,56.0416,40.8029
Experiments,53.308,5.7931
Experiments,47.2436,-18.2266
Experiments,74.2172,-16.6406
Experiments,41.0093,-39.1949
Experiments,73.5006,-62.8688
Experiments,72.2277,34.4553
Experiments,107.0939,-13.988
Experiments,57.8149,-57.2898
Experiments,57.8294,62.2029
Experiments,87.4585,-6.426
Experiments,33.0923,56.8656
Experiments,61.2457,-75.6324
Experiments,46.552,68.7089
Experiments,78.6237,31.0585
Experiments,99.8833,-27.5237
Experiments,75.2573,-28.2822
Experiments,59.6833,45.3866
Experiments,76.5212,-33.1799
Experiments,39.0453,-34.2576
Experiments,55.0219,7.5595
Experiments,57.2628,20.6299
Experiments,58.2043,48.35
Experiments,43.4001,46.5304
Experiments,41.3357,0.2801
Experiments,70.4843,-29.6611
Experiments,62.9235,22.383
Experiments,61.9841,-60.4268
Experiments,64.3978,41.4503
Experiments,76.0255,-14.874
Experiments,101.0747,37.903
Experiments,59.0854,-76.3422
Experiments,31.536,70.6907
Experiments,47.1414,40.2837
Experiments,63.3998,49.6408
Experiments,65.7868,24.5714
Experiments,73.4006,-62.1219
Experiments,35.9579,-55.2316
Experiments,36.6367,-6.1469
Experiments,72.9735,-43.6072
Experiments,59.5324,69.0263
Experiments,-56.9105,-28.376
Experiments,31.5459,69.227
Experiments,58.5336,28.0201
Experiments,59.2649,-76.39
Experiments,37.7342,4.7385
Experiments,99.595,-22.5999
Experiments,66.344,67.247
Experiments,27.7218,12.7974
Experiments,48.371,-58.8915
Experiments,79.2478,-37.996
Experiments,65.8873,-60.6963
Experiments,59.2112,42.3288
Experiments,30.2972,40.1114
Experiments,61.6356,-71.7063
Experiments,39.3071,-10.4616
Experiments,72.7386,46.3171
Experiments,52.5796,27.4934
Experiments,46.84,-4.0972
Experiments,55.3608,-67.2694
Experiments,26.3418,31.679
Experiments,45.8291,-56.0998
Experiments,31.6551,66.5357
Experiments,71.2703,-64.5563
Experiments,36.5072,68.3974
Experiments,47.2862,-6.7994
Experiments,39.5078,35.7174
Experiments,61.8111,76.1798
Experiments,74.9108,5.9668
Experiments,66.5592,47.6541
Experiments,46.7861,-71.5612
Experiments,95.9553,12.0922
Experiments,21.682,-75.8408
Experiments,19.6803,-46.6245
Experiments,49.487,22.1566
Experiments,33.9234,-0.553
Experiments,24.2981,-25.721
Experiments,96.699,-0.0824
Experiments,55.247,46.004
Experiments,74.0837,3.8275
Experiments,71.0193,43.6798
Experiments,34.5006,1.7721
Experiments,67.6349,71.4385
Experiments,28.3655,-5.438
Experiments,103.1802,15.6675
Experiments,73.5346,-0.7941
Experiments,61.5342,33.5393
Experiments,64.4694,-45.2601
Experiments,24.1104,51.8271
Experiments,102.1248,11.9659
Experiments,53.7364,-23.6426
Experiments,41.9817,70.3209
Experiments,94.4587,12.466
Experiments,29.1103,3.2378
Experiments,67.9582,-65.477
Experiments,22.76,1.4511
Experiments,49.6169,0.8513
Experiments,55.9245,5.2468
Experiments,66.3384,50.4688
Experiments,68.084,39.0666
Experiments,-53.0321,-65.6586
Experiments,77.7163,40.2279
Experiments,55.6846,-75.3753
Experiments,37.1718,-39.1757
Experiments,40.8809,-18.9751
Experiments,94.3102,-32.7518
Experiments,36.6117,-53.9037
Experiments,72.1994,-61.8872
Experiments,44.6742,7.293
Experiments,56.0342,45.3324
Experiments,53.6902,-23.0875
Experiments,43.1204,-4.1225
Experiments,103.5472,-15.8488
Experiments,36.545,56.3464
Experiments,28.2929,-5.461
Experiments,67.9423,64.066
Experiments,26.7736,-25.8791
Experiments,22.9194,27.3056
Experiments,54.517,9.1582
Experiments,24.485,8.5722
Experiments,41.3715,22.0325
Experiments,63.6683,-71.3963
Experiments,42.0463,0.0891
Experiments,33.7719,-19.0904
Experiments,39.0581,-34.2315
Experiments,86.8824,-8.3352
Experiments,36.2652,-7.9687
Experiments,105.9325,-7.4066
Experiments,72.7988,46.3113
Experiments,27.5474,46.0947
Experiments,58.3687,47.1009
Experiments,36.2047,-13.2049
Experiments,63.7926,49.2548
Experiments,47.6466,37.7146
Experiments,26.393,-57.1612
Experiments,47.1993,74.29
Experiments,67.971,64.3206
Experiments,101.6197,9.7628
Experiments,87.0605,-25.6582
Experiments,92.4585,-13.0115
Experiments,101.8783,11.9342
Experiments,75.8784,-15.6125
Experiments,42.7917,-43.6037
Experiments,78.727,4.0832
Experiments,62.1847,36.2344
Experiments,78.4614,0.0675
Experiments,76.0225,-15.4304
Experiments,64.3269,-11.0056
Experiments,47.8194,-44.1333
Experiments,50.176,24.2111
Experiments,36.7999,-36.7113
Experiments,75.9849,-25.2713
Experiments,80.229,-5.5067
Experiments,70.5666,3.5436
Experiments,32.5157,-52.1491
Experiments,86.4923,18.6373
Experiments,43.6774,33.4092
Experiments,61.2482,77.3736
Experiments,34.4031,71.2437
Experiments,61.7897,-7.1516
Experiments,45.5328,-55.9531
Experiments,97.025,39.0178
Experiments,64.3166,-76.1552
Experiments,99.2789,4.6909
Experiments,72.2554,66.6771
Experiments,35.8211,-38.0148
Experiments,64.5867,68.3072
Experiments,19.5612,-48.054
Experiments,98.0685,38.8154
Experiments,37.9128,-32.3075
Experiments,63.2491,-56.9847
Experiments,80.8054,-4.8467
Experiments,35.6572,-7.7524
Experiments,67.4977,-73.1564
Experiments,50.4724,61.9518
Experiments,78.8025,29.9349
Experiments,54.1366,-50.492
Experiments,42.7361,-55.4289
Experiments,58.6473,-9.9451
Experiments,42.5214,-58.5982
Experiments,33.5648,18.9292
Experiments,87.815,11.4527
Experiments,82.7042,27.0156
Experiments,-65.3563,61.4422
Experiments,58.0076,-22.7096
Experiments,61.3937,27.2655
Experiments,45.6832,11.341
Experiments,50.0428,34.4255
Experiments,28.698,-69.0681
Experiments,56.729,-52.113
Experiments,74.0488,-60.5023
Experiments,42.0738,0.1188
Experiments,-14.8446,-37.5645
Experiments,49.1491,11.2203
Experiments,57.3576,-58.5099
Experiments,43.7933,52.0136
Experiments,63.0552,-77.6738
Experiments,-27.474,-41.7688
Experiments,57.8082,48.4759
Experiments,52.5079,-44.3815
Experiments,29.7421,40.048
Experiments,93.1176,-30.8044
Experiments,90.6796,17.2654
Experiments,27.2569,-15.2269
Experiments,78.733,30.102
Experiments,96.5424,-27.1565
Experiments,74.1938,-19.853
Experiments,105.9378,-7.3968
Experiments,103.7048,18.1746
Experiments,39.3262,46.667
Experiments,58.5962,-10.0603
Experiments,59.1821,73.1736
Experiments,104.8502,-5.9634
Experiments,-53.2988,-43.0719
Experiments,50.2071,74.8078
Experiments,97.6527,15.9971
Experiments,49.2809,-35.6762
Experiments,80.2614,22.8382
Experiments,105.9479,-0.7477
Experiments,43.0347,-57.0809
Experiments,51.7734,5.9804
Experiments,33.7542,71.2807
Experiments,22.1355,-25.7931
Experiments,31.6672,51.7676
Experiments,47.3896,-16.2191
Experiments,55.636,50.6626
Experiments,69.648,-68.7162
Experiments,70.207,-34.6535
Experiments,83.8436,-26.0029
Experiments,96.1634,0.8409
Experiments,104.4167,-0.5968
Experiments,29.4535,-16.9023
Experiments,34.5772,64.3884
Experiments,40.6278,-39.1661
Experiments,64.7166,10.9855
Experiments,90.8116,-15.9864
Experiments,19.2268,-21.5882
Experiments,33.5938,-19.4927
Experiments,80.0429,-36.2142
Experiments,63.4701,42.5368
Experiments,58.3783,-34.3295
Experiments,81.7356,7.4677
Experiments,105.7106,-5.9903
Experiments,72.413,-39.485
Experiments,42.6702,-42.7413
Experiments,52.6888,-45.474
Experiments,80.6028,11.0018
Experiments,52.5521,-22.2069
Experiments,81.8511,38.9757
Experiments,23.1169,30.4937
Experiments,69.7441,68.5431
Experiments,33.5011,-67.2698
Experiments,77.0866,-66.3335
Experiments,48.4877,22.8984
Experiments,39.5607,-56.2369
Experiments,27.5803,46.0885
Experiments,70.5364,24.4913
Experiments,101.269,-27.1284
Experiments,90.5549,0.6272
Experiments,56.2147,-11.9439
Experiments,63.3488,25.9573
Experiments,87.312,36.079
Experiments,40.6201,0.3807
Experiments,82.481,-30.5628
Experiments,-5.2629,67.1601
Experiments,76.8543,-66.6809
Experiments,45.0593,-15.4305
Experiments,37.057,0.8102
Experiments,62.6608,-70.1891
Experiments,65.4765,-65.799
Experiments,102.0839,-30.6117
Experiments,45.8677,-4.1974
Experiments,90.4447,19.2004
Experiments,38.0254,18.8928
Experiments,22.3536,-60.2822
Experiments,35.6503,-55.5747
Experiments,51.8382,-11.6889
Experiments,64.5625,48.5566
Experiments,37.1471,56.2262
Experiments,86.739,-0.6208
Experiments,86.3567,-28.1102
Experiments,71.0093,-61.2499
Experiments,75.1903,61.7304
Experiments,72.488,-6.18
Experiments,47.5382,73.9463
Experiments,37.7293,68.9936
Experiments,30.9274,61.6224
Experiments,107.0259,-11.3353
Experiments,99.3414,-22.1787
Experiments,46.7414,5.0387
Experiments,23.8369,-45.8415
Experiments,52.0615,-35.874
Experiments,79.2281,24.7298
Experiments,-10.4999,-38.9814
Experiments,84.3098,-7.7175
Experiments,37.5375,15.546
Experiments,54.275,-16.8993
Experiments,69.2821,-68.3032
Experiments,43.0065,37.2443
Experiments,17.4416,-47.4488
Experiments,63.844,-41.7193
Experiments,83.6572,4.5572
Experiments,48.1847,1.2274
Experiments,86.7737,-29.6581
Experiments,97.4948,38.2257
Experiments,18.1372,-43.4373
Experiments,50.2818,29.4609
Experiments,59.1164,-37.3909
Experiments,61.5207,-2.5701
Experiments,57.7708,2.5781
Experiments,86.7276,36.4324
Experiments,18.2211,-46.4708
Experiments,99.1032,8.7652
Experiments,34.3764,35.676
Experiments,34.2757,-3.0961
Experiments,78.7787,-17.3276
Experiments,67.986,36.1621
Experiments,67.4886,48.4967
Experiments,79.0523,23.8112
Experiments,35.7111,-22.5423
Experiments,64.4807,71.2602
Experiments,28.0087,24.503
Experiments,50.3435,29.5027
Experiments,40.6289,46.2526
Experiments,41.3319,-11.7134
Experiments,53.7638,-15.9186
Experiments,72.3946,1.8837
Experiments,43.7938,-56.8233
Experiments,46.927,-67.2597
Experiments,38.3761,-29.1126
Experiments,81.6699,38.6504
Experiments,87.3492,-28.1184
Experiments,27.383,-68.3417
Experiments,23.6317,-48.5233
Experiments,52.8972,41.1578
Experiments,76.2679,51.0128
Experiments,69.5104,66.2081
Experiments,56.5736,24.9688
Experiments,72.063,-12.5351
Experiments,74.5109,-70.0269
Experiments,44.7425,-8.5414
Experiments,75.6594,27.1082
Experiments,32.361,-80.3965
Experiments,41.2608,-0.2422
Experiments,60.5435,13.9567
Experiments,79.099,27.2621
Experiments,27.2711,12.0141
Experiments,63.7792,14.4806
Experiments,64.3304,44.3425
Experiments,84.0261,4.2128
Experiments,83.1766,-24.805
Experiments,77.2207,17.5513
Experiments,-59.0698,-49.3989
Experiments,67.5288,-65.8905
Experiments,58.0167,-45.182
Experiments,56.9807,46.8781
Experiments,60.3976,-67.5765
Experiments,37.9332,54.2376
Experiments,38.7149,-5.324
Experiments,72.9637,-29.6017
Experiments,34.2784,71.4329
Experiments,96.2943,-26.4378
Experiments,61.0471,-69.6768
Experiments,38.6845,-20.5578
Experiments,36.2313,-23.737
Experiments,75.125,-68.4042
Experiments,96.696,-6.975
Experiments,61.9872,72.307
Experiments,63.8758,48.9179
Experiments,87.5817,-4.2245
Experiments,52.5121,-77.7735
Experiments,84.9722,0.4527
Experiments,19.7273,-41.8482
Experiments,48.8457,4.4165
Experiments,105.9986,-7.4593
Experiments,63.6562,-71.4919
Experiments,37.8733,69.0314
Experiments,34.9735,60.9646
Experiments,26.1409,-85.3215
Experiments,27.9238,-41.2507
Experiments,79.4863,26.319
Experiments,70.2723,42.8082
Experiments,100.2651,39.7219
Experiments,63.2454,2.8531
Experiments,49.835,23.3138
Experiments,20.3414,-42.6774
Experiments,41.1845,14.3804
Experiments,84.6541,-5.026
Experiments,43.8802,-15.2413
Experiments,55.462,-9.2798
Experiments,60.2799,62.3251
Experiments,72.958,-11.6592
Experiments,53.1033,-60.5393
Experiments,92.4094,-38.495
Experiments,76.1772,-29.9304
Experiments,83.8922,-8.1903
Experiments,64.3096,44.3022
Experiments,42.1924,-36.7751
Experiments,70.1297,-62.983
Experiments,31.932,-59.009
Experiments,53.2847,-58.3118
Experiments,23.2123,10.4442
Experiments,60.1767,62.1909
Experiments,89.7692,40.0594
Experiments,58.019,49.6108
Experiments,21.7431,-25.2579
Experiments,59.7138,-75.8339
Experiments,42.7946,-43.6036
Experiments,91.3126,-7.5351
Experiments,63.0817,64.9597
Experiments,105.9735,-6.9578
Experiments,97.3338,-31.3881
Experiments,75.0808,-28.6381
Experiments,87.8489,-26.7196
Experiments,104.8239,-5.9404
Experiments,63.2819,-56.8803
Experiments,86.5771,-0.6391
Experiments,65.7407,70.2562
Experiments,48.3812,24.4762
Experiments,79.2335,-35.6251
Experiments,46.8401,71.1866
Experiments,-17.8712,-92.8291
Experiments,48.1059,-40.7805
Experiments,38.9891,-75.9519
Experiments,87.9026,17.2472
Experiments,32.4798,-22.6225
Experiments,42.6846,-40.1766
Experiments,55.7229,-3.0744
Experiments,47.9894,-9.6132
Experiments,63.4282,-75.8932
Experiments,66.2855,6.6733
Experiments,69.943,68.7524
Experiments,86.096,-26.1652
Experiments,-10.6429,-36.8288
Experiments,72.6007,59.3738
Experiments,40.4947,-39.3412
Experiments,94.4377,18.1732
Experiments,53.0707,78.1429
Experiments,32.5809,-52.1165
Experiments,46.3628,75.318
Experiments,52.2382,20.8551
Experiments,53.4706,0.9045
Experiments,91.6723,-3.5832
Experiments,104.4057,-0.6223
Experiments,67.663,40.8282
Experiments,32.9893,-66.3176
Experiments,28.8041,-15.7917
Experiments,73.4795,-62.5955
Experiments,59.6893,-43.2346
Experiments,38.6245,43.9606
Experiments,74.4631,21.8998
Experiments,78.5186,52.6413
Experiments,26.7587,-67.3397
Experiments,45.2665,57.1285
Experiments,30.3433,-46.3081
Experiments,61.1813,-69.5781
Experiments,47.1064,25.1512
Experiments,53.7045,7.4328
Experiments,81.1172,-34.8038
Experiments,87.8222,-31.3962
Experiments,33.8125,-43.959
Experiments,41.4095,16.1756
Experiments,33.6718,55.3003
Experiments,37.9103,2.8428
Experiments,34.888,-64.6503
Experiments,31.6274,-66.2347
Experiments,29.0484,21.5144
Experiments,40.628,13.9676
Experiments,60.7917,52.5382
Experiments,47.2397,-65.0854
Experiments,27.8114,-42.302
Experiments,31.235,-55.52
Experiments,76.7097,-42.3708
Experiments,34.8193,-48.4807
Experiments,26.9712,-57.2965
Experiments,44.1224,45.2673
Experiments,61.5887,26.9918
Experiments,23.6346,-46.5436
Experiments,102.3773,-26.5479
Experiments,64.9578,-73.1742
Experiments,46.4866,69.8283
Experiments,31.5574,-59.8844
Experiments,41.8569,0.2212
Experiments,56.0991,67.8736
Experiments,24.1102,-45.9418
Experiments,68.0007,47.1713
Experiments,61.8402,4.111
Experiments,32.0083,-35.4723
Experiments,19.1023,-51.7153
Experiments,96.0393,37.3859
Experiments,26.6392,68.7927
Experiments,35.7588,-7.8428
Experiments,36.7195,-45.1797
Experiments,61.1698,-68.024
Experiments,53.5551,78.8988
Experiments,73.0229,-64.4357
Experiments,64.094,-11.4422
Experiments,53.9715,38.536
Experiments,45.2463,-67.3972
Experiments,101.0194,16.7526
Experiments,31.9209,60.6529
Experiments,72.1774,60.5187
Experiments,68.995,21.449
Experiments,49.1836,8.1764
Experiments,77.9897,30.5901
Experiments,48.3853,22.8645
Experiments,52.6831,-23.2119
Experiments,77.1421,-35.779
Experiments,35.9656,-51.9621
Experiments,43.4197,4.6681
Experiments,73.4523,-32.8435
Experiments,44.2632,52.1149
Experiments,-94.758,7.179
Experiments,17.965,-44.1014
Experiments,24.3541,-41.8445
Experiments,35.2096,51.2147
Experiments,-26.0632,89.572
Experiments,33.0639,-61.0039
Experiments,59.9027,-41.0165
Experiments,55.7704,40.899
Experiments,102.5334,-7.5048
Experiments,65.0122,7.3075
Experiments,72.9574,-11.8885
Experiments,27.7351,12.677
Experiments,89.9992,-29.2099
Experiments,77.998,9.6433
Experiments,40.7192,56.7865
Experiments,73.0213,46.6095
Experiments,51.6346,1.8131
Experiments,42.2265,53.5586
Experiments,40.042,47.02
Experiments,28.9268,63.3081
Experiments,48.3422,36.3824
Experiments,51.69,-20.5298
Experiments,91.4837,13.1623
Experiments,65.6316,72.01
Experiments,71.0929,-64.8198
Experiments,72.7969,-62.9096
Experiments,75.9529,-13.7781
Experiments,50.6971,-55.974
Experiments,89.2776,-28.0268
Experiments,89.3588,-5.5013
Experiments,102.2143,22.8914
Experiments,59.2795,-42.4241
Experiments,56.3017,14.6707
Experiments,53.8393,-81.1273
Experiments,43.1738,8.4573
Experiments,40.6291,-2.8333
Experiments,75.5321,-14.7077
Experiments,80.0313,51.6859
Experiments,46.7526,-14.9052
Experiments,82.0996,47.0352
Experiments,27.9876,-52.6034
Experiments,94.9564,5.9437
Experiments,76.8337,-21.6903
Experiments,15.6542,-21.8025
Experiments,96.5869,-9.0029
Experiments,92.3975,-38.5165
Experiments,41.6018,-62.7325
Experiments,78.469,-67.5056
Experiments,34.8456,-54.1545
Experiments,38.6564,-7.7003
Experiments,-3.5084,-39.603
Experiments,61.6398,-70.9951
Experiments,59.9688,72.3994
Experiments,37.368,67.0415
Experiments,36.691,61.0952
Experiments,79.726,27.4597
Experiments,56.7063,-52.0683
Experiments,35.033,42.4851
Experiments,27.0933,-5.3842
Experiments,46.3863,-2.9197
Experiments,77.3916,-35.6109
Experiments,46.5413,1.0369
Experiments,87.8428,11.4276
Experiments,62.467,36.179
Experiments,66.3105,15.6493
Experiments,41.405,-57.435
Experiments,39.2166,44.9192
Experiments,74.498,-69.9363
Experiments,16.3909,-51.9835
Experiments,58.1015,-36.0423
Experiments,64.1506,63.8431
Experiments,48.467,71.8915
Experiments,91.571,-27.2775
Experiments,76.5269,-25.016
Experiments,44.2707,-58.9686
Experiments,50.9301,-59.6794
Experiments,80.929,30.6203
Experiments,37.2044,11.5426
Experiments,27.9834,11.0557
Experiments,31.9124,71.9125
Experiments,50.8532,-34.5202
Experiments,46.9145,42.5751
Experiments,108.9405,-11.4716
Experiments,-94.7572,7.1707
Experiments,51.3257,-55.7156
Experiments,55.1156,-52.8453
Experiments,31.5138,40.9383
Experiments,69.2232,-69.0172
Experiments,37.3257,-71.0057
Experiments,76.3762,-67.1654
Experiments,97.0298,-7.9785
Experiments,77.2533,-2.0349
Experiments,94.6387,6.3354
Experiments,72.0627,-11.8506
Experiments,38.1782,-76.6842
Experiments,89.1132,27.2822
Experiments,36.903,66.873
Experiments,69.7392,-29.2321
Experiments,36.3276,-23.2603
Experiments,17.1596,-52.7026
Experiments,37.1844,35.3396
Experiments,44.7405,-55.8691
Experiments,-46.7143,52.5801
Experiments,101.8881,-13.5509
Experiments,83.3179,-31.3637
Experiments,21.2947,-49.8176
Experiments,45.981,38.5446
Experiments,91.0614,-30.7454
Experiments,42.7308,-43.3114
Experiments,64.6656,10.9494
Experiments,91.9396,15.1909
Experiments,77.5557,-35.6067
Experiments,98.6622,-6.5892
Experiments,70.0485,-30.1429
Experiments,60.2993,38.9765
Experiments,47.4012,-11.1326
Experiments,28.8343,24.0273
Experiments,65.8402,75.0132
Experiments,48.4334,-60.831
Experiments,46.4025,6.2233
Experiments,73.8167,-27.1928
Experiments,63.82,67.9705
Experiments,107.8166,-1.2809
Experiments,55.5729,5.639
Experiments,57.8409,48.3769
Experiments,17.3596,-50.6609
Experiments,37.1548,35.1066
Experiments,63.2144,48.6756
Experiments,36.727,3.2201
Experiments,54.0572,-23.0921
Experiments,43.8186,33.5636
Experiments,108.0946,-10.8529
Experiments,55.0345,-16.9158
Experiments,61.677,62.0835
Experiments,53.6866,66.9965
Experiments,39.44,16.766
Experiments,49.9334,34.5938
Experiments,40.2403,62.2784
Experiments,59.7139,-19.0404
Experiments,62.6882,-68.7575
Experiments,61.6497,-2.8889
Experiments,73.0361,46.5068
Experiments,69.2551,-60.8677
Experiments,40.2399,56.8234
Experiments,65.6663,45.0379
Experiments,58.453,48.333
Experiments,66.2038,47.3027
Experiments,52.1976,-19.7441
Experiments,75.711,-21.547
Experiments,35.2493,4.483
Experiments,37.8536,-32.4565
Experiments,42.3887,40.0866
Experiments,20.6065,-43.8101
Experiments,50.8637,-8.0252
Experiments,30.6673,-18.4787
Experiments,81.1759,-43.185
Experiments,73.3538,49.2495
Experiments,41.9836,0.3262
Experiments,72.38,-8.4377
Experiments,-87.595,-10.5428
Experiments,32.6593,-12.6551
Experiments,55.3067,7.0587
Experiments,59.7096,-77.9196
Experiments,57.7895,3.6645
Experiments,67.4145,-60.5438
Experiments,54.8718,-3.9225
Experiments,42.2005,-37.141
Experiments,35.6709,-22.97
Experiments,66.5172,64.5624
Experiments,25.8522,69.5389
Experiments,95.5259,-32.125
Experiments,102.8885,-28.3686
Experiments,19.4527,-48.0783
Experiments,47.6075,-6.9165
Experiments,40.4007,-8.3185
Experiments,29.6619,-63.1943
Experiments,49.3271,71.9615
Experiments,34.3373,68.3458
Experiments,76.3938,-3.085
Experiments,55.6238,53.0613
Experiments,76.0281,79.0118
Experiments,19.6438,-46.6724
Experiments,68.7172,-74.2901
Experiments,34.9074,-38.4874
Experiments,80.0281,-8.8874
Experiments,92.682,-30.0399
Experiments,29.8055,40.6371
Experiments,87.1976,11.6975
Experiments,35.216,-68.8546
Experiments,60.3245,-17.1523
Experiments,49.5583,-59.099
Experiments,30.8566,-21.5408
Experiments,44.8009,-37.3618
Experiments,84.3199,-19.8984
Experiments,47.5976,12.4828
Experiments,19.039,-49.1193
Experiments,60.248,79.0556
Experiments,76.5905,26.6755
Experiments,83.5417,-26.4746
Experiments,78.1546,49.8978
Experiments,57.7709,54.1337
Experiments,15.7449,-43.9272
Experiments,75.5524,-14.643
Experiments,45.6178,12.0591
Experiments,59.1414,17.8436
Experiments,-13.8783,-39.1237
Experiments,-91.1584,-8.0275
Experiments,30.3543,-51.5045
Experiments,31.3925,-27.768
Experiments,90.7101,28.3309
Experiments,30.3378,-12.5411
Experiments,98.9988,-28.151
Experiments,32.1923,76.8419
Experiments,51.44,-1.9125
Experiments,43.4838,-3.4799
Experiments,57.6255,67.083
Experiments,47.8588,-33.7105
Experiments,86.9302,22.9256
Experiments,86.6267,-20.1454
Experiments,35.1897,49.5978
Experiments,71.9633,18.2121
Experiments,73.5045,-27.4424
Experiments,75.1102,-18.5671
Experiments,75.8178,-41.7916
Experiments,76.559,-25.0471
Experiments,63.4049,-55.4527
Experiments,84.4795,-19.6756
Experiments,51.1216,-77.0226
Experiments,103.4649,-11.6252
Experiments,25.5304,-46.2522
Experiments,45.8171,12.1241
Experiments,30.1831,22.1335
Experiments,56.8041,-54.3269
Experiments,50.1914,-56.3647
Experiments,70.5655,-63.4512
Experiments,67.0379,42.8726
Experiments,32.614,-64.2595
Experiments,49.3021,37.2459
Experiments,-68.3384,59.057
Experiments,79.8381,4.5397
Experiments,44.979,-74.5802
Experiments,61.0508,-36.7786
Experiments,27.2396,-43.4269
Experiments,61.1039,-38.9175
Experiments,38.5792,17.3161
Experiments,49.5298,14.5737
Experiments,24.4822,8.573
Experiments,67.5399,71.2336
Experiments,68.8723,-65.3179
Experiments,21.4264,-16.7863
Experiments,70.3719,-36.8966
Experiments,-76.2704,-28.9113
Experiments,64.5258,-45.5697
Experiments,38.8003,32.5499
Experiments,88.1801,49.5327
Experiments,38.1216,58.7617
Experiments,99.5863,27.1498
Experiments,23.1196,-42.8951
Experiments,97.0765,-8.1553
Experiments,76.603,-3.7281
Experiments,82.8609,-25.5585
Experiments,84.6776,-33.114
Experiments,76.5791,-15.2879
Experiments,48.5724,49.7852
Experiments,33.7525,0.4234
Experiments,67.0723,-69.1753
Experiments,33.3073,71.4426
Experiments,-20.9955,45.734
Experiments,34.0765,0.3853
Experiments,70.5637,38.1074
Experiments,35.9902,-3.7196
Experiments,24.07,51.8463
Experiments,68.6697,21.1526
Experiments,30.8587,-18.4861
Experiments,38.1468,-50.2735
Experiments,52.9436,6.5886
Experiments,46.1449,1.5129
Experiments,95.823,14.7224
Experiments,51.0707,69.3331
Experiments,55.14,37.943
Experiments,33.5167,-69.357
Experiments,33.2891,-26.5089
Experiments,50.0506,29.7084
Experiments,62.5752,42.915
Experiments,33.344,-5.8126
Experiments,-80.8874,-26.398
Experiments,24.2294,-49.5796
Experiments,53.2957,-75.536
Experiments,82.4317,-30.4527
Experiments,38.9197,17.3287
Experiments,48.7933,-0.8887
Experiments,59.1201,17.2037
Experiments,19.649,-20.6152
Experiments,47.4932,12.3846
Experiments,63.9515,63.4786
Experiments,77.0438,-25.0849
Experiments,57.5481,22.3355
Experiments,56.5938,-77.7872
Experiments,77.1706,17.5423
Experiments,43.1765,14.4453
Experiments,33.6598,39.0646
Experiments,76.5526,-67.5323
Experiments,88.8233,26.944
Experiments,51.6362,6.8347
Experiments,80.1005,-30.4889
Experiments,84.7815,-4.1805
Experiments,67.678,-71.1571
Experiments,32.7166,56.719
Experiments,98.7624,-17.7862
Experiments,62.8441,49.4749
Experiments,53.5776,78.9641
Experiments,91.4177,-8.9379
Experiments,71.7141,-37.9545
Experiments,56.5205,58.4723
Experiments,72.6687,4.2756
Experiments,48.2355,-40.767
Experiments,-28.8453,-18.9807
Experiments,63.1313,-77.8367
Experiments,49.622,7.879
Experiments,60.5961,52.28
Experiments,31.5614,-51.3515
Experiments,70.4011,38.1868
Experiments,76.9829,-35.7834
Experiments,78.8556,29.9189
Experiments,76.197,-14.1287
Experiments,21.773,-17.1857
Experiments,47.9495,-33.1925
Experiments,58.6199,-46.1553
Experiments,40.802,-60.1493
Experiments,43.5133,52.0147
Experiments,89.5404,10.4756
Experiments,43.3034,14.1567
Experiments,59.4649,45.0785
Experiments,51.3707,-21.5009
Experiments,77.4591,-26.0808
Experiments,103.736,16.8339
Experiments,52.1281,72.5687
Experiments,58.7011,69.842
Experiments,44.5351,-12.2945
Experiments,85.2161,21.5037
Experiments,44.8019,-37.3636
Experiments,18.0967,-52.0005
Experiments,58.1219,58.8404
Experiments,43.0051,37.2543
Experiments,70.0622,2.5135
Experiments,39.7741,16.2729
Experiments,40.578,-19.2556
Experiments,79.3886,-39.0431
Experiments,47.6511,-1.403
Experiments,89.6618,15.9451
Experiments,32.2317,-29.3286
Experiments,48.9755,78.5732
Experiments,-2.3767,-1.5665
Experiments,27.3204,-54.7889
Experiments,102.0598,-13.4263
Experiments,64.9201,-68.9678
Experiments,60.8844,-20.4566
Experiments,26.7713,65.8892
Experiments,62.9508,-69.873
Experiments,20.7905,-59.0301
Experiments,24.0514,-57.8501
Experiments,60.7562,68.7546
Experiments,100.3177,13.1562
Experiments,51.5822,-8.3594
Experiments,57.9006,-45.6771
Experiments,89.7682,-22.3145
Experiments,59.7716,45.3177
Experiments,40.3006,-2.5449
Experiments,74.2859,-6.7936
Experiments,64.2001,25.7722
Experiments,26.037,12.6633
Experiments,63.3206,-42.6502
Experiments,-8.3894,-36.81
Experiments,102.6222,-27.9418
Experiments,31.9505,12.3769
Experiments,107.8277,-11.2803
Experiments,24.1926,-16.8425
Experiments,68.7452,-6.3606
Experiments,23.9036,-43.4831
Experiments,75.7056,-42.3669
Experiments,34.9722,-22.0507
Experiments,38.6772,-77.258
Experiments,40.6615,-58.7662
Experiments,57.9711,48.4112
Experiments,27.7407,-68.9511
Experiments,36.7402,-0.5239
Experiments,82.9727,-20.1102
Experiments,55.9187,40.5578
Experiments,79.6152,-44.6083
Experiments,59.65,48.4113
Experiments,61.4433,-16.0712
Experiments,62.1235,73.2903
Experiments,42.2357,-29.609
Experiments,48.9046,28.652
Experiments,92.4388,9.5599
Experiments,75.3744,-15.1666
Experiments,38.5815,47.0268
Experiments,72.9674,-12.0174
Experiments,74.8765,-29.3877
Experiments,93.6111,29.0168
Experiments,59.5734,48.4519
Experiments,86.2292,-28.3492
Experiments,33.0795,71.8324
Experiments,62.7149,42.8911
Experiments,78.4287,-25.4607
Experiments,80.7188,-6.1838
Experiments,47.7101,-0.7377
Experiments,61.7544,35.257
Experiments,78.7099,-16.4703
Experiments,86.7489,25.0315
Experiments,60.6801,-75.1586
Experiments,49.4928,-35.7828
Experiments,91.6582,15.4808
Experiments,67.8982,40.7959
Experiments,39.1964,7.8708
Experiments,38.3951,-7.0586
Experiments,83.0402,-19.4589
Experiments,58.5422,-37.3385
Experiments,-60.1231,-49.127
Experiments,-53.281,-43.0529
Experiments,48.4173,15.2297
Experiments,62.9421,19.0941
Experiments,66.2841,47.3433
Experiments,62.2962,-3.9237
Experiments,60.1935,51.7374
Experiments,71.2084,-11.7591
Experiments,41.2159,-18.7185
Experiments,77.6969,8.518
Experiments,27.6781,-45.2072
Experiments,82.2239,7.6789
Experiments,62.6158,8.6109
Experiments,31.2735,-13.3545
Experiments,64.9165,-67.4283
Experiments,63.433,-77.3082
Experiments,44.7704,-23.9033
Experiments,38.5633,-76.3803
Experiments,45.9266,37.6121
Experiments,48.1149,-70.7179
Experiments,83.9394,11.4503
Experiments,25.2899,-43.0718
Experiments,59.8668,-75.4687
Experiments,29.9505,61.4075
Experiments,38.2043,-56.3112
Experiments,58.9583,77.0811
Experiments,58.6508,15.8842
Experiments,44.8451,-74.8025
Experiments,63.4629,7.2648
Experiments,35.8951,-4.5139
Experiments,75.4362,8.7387
Experiments,90.1495,-16.4608
Experiments,84.2192,23.5077
Experiments,73.0176,-43.5315
Experiments,84.8456,25.2719
Experiments,88.0124,9.024
Experiments,23.0826,-16.4835
Experiments,86.0766,2.8702
Experiments,73.0599,-40.6442
Experiments,74.9167,5.9681
Experiments,40.2274,52.5015
Experiments,41.6931,13.5665
Experiments,49.4659,-43.9655
Experiments,69.6467,5.1553
Experiments,70.4346,-34.9478
Experiments,77.0998,-68.1244
Experiments,33.6278,-18.7771
Experiments,63.5981,67.3479
Experiments,59.5629,14.7328
Experiments,71.2047,-28.2067
Experiments,38.423,13.4391
Experiments,38.214,20.3085
Experiments,30.8281,17.4189
Experiments,92.835,-10.3468
Experiments,55.0354,19.0507
Experiments,49.7854,3.1222
Experiments,-34.5473,25.4042
Experiments,50.5904,21.1162
Experiments,49.468,56.1988
Experiments,39.7408,40.891
Experiments,67.8706,-37.306
Experiments,45.2615,57.1263
Experiments,69.7981,47.3422
Experiments,56.591,-52.1861
Experiments,28.5457,-42.7781
Experiments,48.5618,22.9661
Experiments,87.5113,-21.3714
Experiments,22.9566,27.3097
Experiments,46.2582,-69.8335
Experiments,51.5464,39.3815
Experiments,84.5069,2.5478
Experiments,82.3617,-32.6192
Experiments,-38.7633,-62.3614
Experiments,-44.47,-74.8395
Experiments,50.7961,-1.8423
Experiments,44.6205,-54.898
Experiments,62.7464,65.8296
Experiments,67.0296,42.4041
Experiments,37.005,-25.9423
Experiments,79.3337,59.8092
Experiments,85.0084,27.0414
Experiments,19.6279,-26.5546
Experiments,43.1334,-56.3153
Experiments,68.405,-72.0847
Experiments,95.962,0.941
Experiments,27.0451,-31.29
Experiments,91.308,15.5865
Experiments,36.6702,-45.1267
Experiments,50.3234,-33.6074
Experiments,102.1656,-13.651
Experiments,28.7887,25.1554
Experiments,69.6837,0.2155
Experiments,33.6349,45.1207
Experiments,56.1858,-73.3195
Experiments,89.9458,13.1809
Experiments,62.3902,3.4854
Experiments,51.6137,-1.8607
Experiments,24.0303,-17.0326
Experiments,54.4364,27.5925
Experiments,52.5598,-0.1198
Experiments,67.1788,12.1147
Experiments,17.5243,-49.2218
Experiments,28.7669,9.9213
Experiments,56.6816,-52.2116
Experiments,60.9126,-16.5905
Experiments,23.8842,-46.4137
Experiments,13.5089,-23.5374
Experiments,58.6762,49.0364
Experiments,-65.3222,-49.1613
Experiments,37.6228,-58.7928
Experiments,37.561,10.3458
Experiments,52.038,-17.4767
Experiments,19.1666,-48.2194
Experiments,-0.9537,65.965
Experiments,53.8373,17.9628
Experiments,92.3285,-9.3634
Experiments,-80.9689,-25.9857
Experiments,94.6085,-24.8927
Experiments,59.2365,18.1165
Experiments,54.7743,7.2211
Experiments,31.5866,14.0383
Experiments,10.129,93.2291
Experiments,79.095,73.7505
Experiments,63.5025,-55.535
Experiments,95.4681,15.3068
Experiments,-21.383,-41.1138
Experiments,58.7858,-75.2854
Experiments,70.0706,40.1167
Experiments,41.0571,-17.6313
Experiments,20.4467,-9.7007
Experiments,34.1516,-71.0829
Experiments,41.3068,-33.4331
Experiments,27.6465,-25.7433
Experiments,88.5499,-34.2411
Experiments,59.5767,47.101
Experiments,90.8122,-14.5289
Experiments,52.5643,27.3858
Experiments,73.7043,13.4591
Experiments,43.1446,-55.5913
Experiments,33.4202,-26.4488
Experiments,91.4795,-10.0243
Experiments,73.2413,-65.1668
Experiments,94.8312,5.7643
Experiments,44.4908,34.4423
Experiments,42.1811,14.1248
Experiments,91.8005,45.6717
Experiments,59.369,-35.0223
Experiments,33.7543,7.9648
Experiments,48.0647,-70.6362
Experiments,67.0576,11.9826
Experiments,51.485,24.2863
Experiments,31.7151,-28.5912
Experiments,32.6292,0.3902
Experiments,35.4026,33.7738
Experiments,32.8636,7.2426
Experiments,20.0144,-20.3448
Experiments,96.6058,-27.1619
Experiments,24.4394,-62.6995
Experiments,52.3226,62.9975
Experiments,64.5363,0.1111
Experiments,60.9814,-36.9306
Experiments,18.1612,-43.4166
Experiments,84.0056,11.8005
Experiments,83.9878,6.5059
Experiments,47.9575,-43.5301
Experiments,41.5117,49.5201
Experiments,38.6221,9.4432
Experiments,89.0418,24.3853
Experiments,70.8075,14.6095
Experiments,35.322,-52.9031
Experiments,93.6929,39.4132
Experiments,72.6761,-2.4433
Experiments,38.3818,65.9053
Experiments,100.6244,26.1882
Experiments,56.2988,39.9352
Experiments,34.2992,-18.9937
Experiments,20.4832,-21.0258
Experiments,64.4201,-65.0253
Experiments,31.5349,-38.4127
Experiments,41.6522,-59.76
Experiments,64.2803,-44.3031
Experiments,60.5788,52.2803
Experiments,51.7392,-11.8654
Experiments,75.7206,-41.3775
Experiments,49.7442,58.3281
Experiments,29.8618,-59.7319
Experiments,51.8387,-68.989
Experiments,62.4371,24.6082
Experiments,67.1638,49.167
Experiments,47.2219,35.481
Experiments,49.4568,-12.6515
Experiments,97.67,-8.9203
Experiments,74.9305,-61.7274
Experiments,88.765,-4.8941
Experiments,47.3372,30.8968
Experiments,55.4037,-70.7086
Experiments,40.56,7.7465
Experiments,91.6103,-4.5884
Experiments,39.0751,-34.1647
Experiments,72.5423,-63.4488
Experiments,40.8614,43.846
Experiments,32.8277,-47.5827
Experiments,89.7671,40.0444
Experiments,99.2647,-22.1759
Experiments,31.9227,70.7733
Experiments,25.853,-46.114
Experiments,73.0406,48.4569
Experiments,41.8536,-22.1584
Experiments,24.2373,-46.5963
Experiments,103.4627,-11.6171
Experiments,68.3256,68.4312
Experiments,30.6113,39.9972
Experiments,53.1876,-58.4161
Experiments,48.3792,24.5013
Experiments,73.5821,-2.9819
Experiments,59.8097,-74.7533
Experiments,37.819,-39.4212
Experiments,40.85,-37.45
Experiments,57.7464,49.7526
Experiments,20.1784,11.6115
Experiments,30.8542,20.7695
Experiments,29.8772,65.5138
Experiments,51.7564,-9.5165
Experiments,29.6131,-35.3611
Experiments,64.4148,-65.0552
Experiments,48.6573,-46.8798
Experiments,28.9243,63.2621
Experiments,66.445,-62.5832
Experiments,80.4182,-24.5521
Experiments,85.0852,-18.5711
Experiments,37.1453,72.1982
Experiments,39.9879,7.7281
Experiments,33.7258,45.0909
Experiments,90.5732,17.5113
Experiments,73.3979,33.1564
Experiments,30.3387,10.8739
Experiments,25.6329,-46.7174
Experiments,24.8859,-43.2805
Experiments,27.6979,-12.2359
Experiments,50.9704,-57.74
Experiments,71.5905,-5.3041
Experiments,48.1468,78.4846
Experiments,90.4737,38.1866
Experiments,60.3511,-70.1509
Experiments,76.5374,-11.2689
Experiments,101.3604,16.3041
Experiments,37.7776,59.7213
Experiments,78.7802,-39.2232
Experiments,66.188,-28.1142
Experiments,36.693,-7.8772
Experiments,88.4172,11.1658
Experiments,41.2189,9.7244
Experiments,26.8519,-67.7376
Experiments,33.8201,64.41
Experiments,24.0485,-57.6639
Experiments,69.4345,40.189
Experiments,51.509,7.0749
Experiments,91.0734,-10.488
Experiments,53.2273,-14.5789
Experiments,95.2833,-8.1177
Experiments,76.5984,-33.7155
Experiments,76.0439,46.4358
Experiments,76.609,-63.4493
Experiments,37.4443,66.47
Experiments,94.1591,14.1468
Experiments,47.2386,-6.2315
Experiments,72.8516,18.254
Experiments,53.5025,-45.8608
Experiments,98.0651,-28.943
Experiments,59.1642,-45.0888
Experiments,79.5715,-35.32
Experiments,53.0285,-0.4041
Experiments,78.9381,31.2548
Experiments,58.5927,-68.8678
Experiments,75.6584,-21.8442
Experiments,47.0207,71.3771
Experiments,29.7843,-62.1623
Experiments,69.0634,40.7371
Experiments,24.9201,-42.248
Experiments,80.5941,-0.2886
Experiments,73.9872,-71.2186
Experiments,69.3225,-70.4759
Experiments,97.0898,38.7513
Experiments,26.3902,-55.5464
Experiments,35.7692,75.0014
Experiments,82.7355,26.9316
Experiments,55.4662,-9.322
Experiments,61.223,-16.2182
Experiments,40.3267,-8.3556
Experiments,63.7341,49.1425
Experiments,103.3398,-11.7014
Experiments,36.1464,-2.2707
Experiments,38.4447,-39.687
Experiments,65.8708,43.6689
Experiments,72.848,-12.3623
Experiments,89.6292,10.7832
Experiments,73.0051,48.4819
Experiments,36.2526,56.1849
Experiments,99.443,-26.1115
Experiments,31.4941,63.3485
Experiments,-5.7018,-98.7823
Experiments,61.7638,57.2376
Experiments,55.2337,-74.9676
Experiments,103.0468,-24.3489
Experiments,71.3078,1.7991
Experiments,79.8185,-30.8503
Experiments,82.9558,6.0323
Experiments,37.1419,-52.163
Experiments,88.6763,-2.9598
Experiments,51.82,-0.6988
Experiments,-56.9708,-28.4039
Experiments,60.7942,-54.2849
Experiments,52.4671,27.5572
Experiments,31.7014,-35.2614
Experiments,48.9884,69.0361
Experiments,98.6736,-28.1759
Experiments,22.2975,-29.551
Experiments,48.8808,79.6804
Experiments,90.1452,32.3985
Experiments,79.8558,26.4244
Experiments,35.4804,54.031
Experiments,86.8678,-32.2151
Experiments,34.3749,-27.2394
Experiments,91.2667,-3.8406
Experiments,65.9714,72.7823
Experiments,72.5322,-33.4229
Experiments,46.0495,11.8509
Experiments,64.7179,63.1203
Experiments,82.5375,-19.6256
Experiments,63.0819,24.2976
Experiments,72.2625,-27.8446
Experiments,55.1503,-24.197
Experiments,69.6708,-0.7292
Experiments,30.6959,-18.5443
Experiments,41.8118,-22.3401
Experiments,45.3047,-67.2393
Experiments,107.817,-1.2807
Experiments,36.9606,69.1134
Experiments,56.889,-51.073
Experiments,57.7884,-57.9268
Experiments,19.4984,-46.8675
Experiments,56.1566,-53.1599
Experiments,81.2749,47.3922
Experiments,-67.7238,50.5795
Experiments,24.8768,-28.1031
Experiments,63.1181,30.521
Experiments,98.3858,0.4133
Experiments,39.2561,-39.0494
Experiments,-13.1931,-68.1289
Experiments,67.6508,40.3958
Experiments,53.989,7.6546
Experiments,59.979,-44.8577
Experiments,56.142,45.4808
Experiments,52.3482,-22.9459
Experiments,63.2553,65.1242
Experiments,-15.1667,-36.7517
Experiments,78.7769,24.9013
Experiments,36.5528,19.2678
Experiments,57.7949,21.6288
Experiments,72.1411,60.5577
Experiments,88.9797,34.0758
Experiments,35.172,-64.8304
Experiments,47.0128,3.0749
Experiments,59.2037,16.4723
Experiments,73.2315,3.6076
Experiments,31.8306,-61.6211
Experiments,38.1989,38.4199
Experiments,26.4172,31.7399
Experiments,32.3693,-3.0914
Experiments,32.0648,71.5849
Experiments,82.9779,45.4575
Experiments,42.4048,-11.1287
Experiments,-14.4664,-37.9004
Experiments,90.0734,-16.4926
Experiments,35.3233,-56.3255
Experiments,25.0368,-43.0679
Experiments,72.8247,-62.8418
Experiments,52.4339,-55.8846
Experiments,81.0423,8.6061
Experiments,74.2297,4.7851
Experiments,63.3443,-72.4975
Experiments,74.2431,-24.8759
Experiments,71.0905,29.2665
Experiments,102.8454,-6.6469
Experiments,46.2264,3.6652
Experiments,74.7439,49.8043
Experiments,89.626,13.3525
Experiments,61.78,-15.8775
Experiments,35.5402,39.7866
Experiments,57.7663,67.1092
Experiments,31.6187,-28.6541
Experiments,98.7867,5.7201
Experiments,77.3629,49.4046
Experiments,39.1568,-34.1796
Experiments,77.2305,25.8746
Experiments,66.8875,-30.6022
Experiments,13.4063,-23.8672
Experiments,60.6148,7.8813
Experiments,76.384,-61.0816
Experiments,-0.9485,65.967
Experiments,54.0755,-16.1122
Experiments,88.633,-3.9038
Experiments,70.3032,68.7865
Experiments,50.769,35.0776
Experiments,35.2711,0.2792
Experiments,39.8523,-55.4568
Experiments,45.2943,-70.7084
Experiments,71.6963,-8.8845
Experiments,79.4114,28.3287
Experiments,51.7131,42.2929
Experiments,54.1462,42.4883
Experiments,70.0906,68.6484
Experiments,26.8813,-66.8295
Experiments,31.585,65.0008
Experiments,49.2611,36.0311
Experiments,63.074,-66.5279
Experiments,-58.8847,-49.4742
Experiments,46.9255,-68.5183
Experiments,60.9757,-2.9406
Experiments,40.4405,4.0636
Experiments,68.2713,39.5625
Experiments,53.7716,41.6164
Experiments,59.7795,-75.7872
Experiments,32.163,54.7043
Experiments,38.3408,71.7336
Experiments,48.0965,6.1143
Experiments,42.8955,44.649
Experiments,38.0939,2.9618
Experiments,71.8453,-7.3922
Experiments,78.4022,6.2296
Experiments,66.8342,-30.6052
Experiments,49.8701,-59.6072
Experiments,35.1933,-34.3564
Experiments,44.8723,43.7454
Experiments,95.9157,0.882
Experiments,95.061,38.9815
Experiments,35.3331,-71.1804
Experiments,71.544,-71.1429
Experiments,53.3253,33.8963
Experiments,50.6766,7.1765
Experiments,96.8122,-11.6485
Experiments,62.5766,42.9281
Experiments,77.2248,17.5534
Experiments,71.3856,2.8092
Experiments,38.6499,-39.4164
Experiments,65.0751,52.5157
Experiments,32.2174,-37.8946
Experiments,72.7788,-12.1592
Experiments,36.3512,-55.8745
Experiments,43.5911,11.194
Experiments,41.0352,54.7934
Experiments,29.6231,-63.3652
Experiments,86.354,12.2749
Experiments,74.7128,-58.9021
Experiments,38.6647,68.4275
Experiments,72.0483,-31.76
Experiments,42.6237,35.2142
Experiments,84.2147,11.5569
Experiments,42.7022,32.8146
Experiments,55.7024,50.9206
Experiments,103.4922,34.7193
Experiments,40.4796,46.2656
Experiments,38.8374,35.1899
Experiments,103.7223,17.8651
Experiments,49.7775,-59.7885
Experiments,80.0998,-30.411
Experiments,32.8771,0.7602
Experiments,44.9749,46.7552
Experiments,52.2025,-58.0922
Experiments,54.7987,67.4908
Experiments,103.3637,-25.1213
Experiments,91.9351,15.2317
Experiments,60.5023,62.2524
Experiments,46.7745,1.5632
Experiments,42.7947,-43.5968
Experiments,48.7617,52.1232
Experiments,85.8471,9.7154
Experiments,50.3886,7.4868
Experiments,31.181,-11.6995
Experiments,44.3826,2.4203
Experiments,67.0452,-22.8538
Experiments,90.3227,-27.0684
Experiments,37.3399,-70.0151
Experiments,58.8287,68.9792
Experiments,48.7343,78.4987
Experiments,51.4867,15.6245
Experiments,43.1371,59.6079
Experiments,37.2335,9.5091
Experiments,70.2324,5.0761
Experiments,39.7471,43.1725
Experiments,83.7737,-29.7846
Experiments,99.1622,-9.0532
Experiments,28.8055,9.937
Experiments,69.2427,40.0964
Experiments,43.7238,-35.8979
Experiments,38.1031,58.7573
Experiments,-31.6905,-16.4203
Experiments,72.3669,18.8822
Experiments,47.5397,-41.5086
Experiments,95.9787,33.0756
Experiments,-38.8178,-62.4762
Experiments,80.1252,-22.7473
Experiments,37.8576,-21.6497
Experiments,66.926,38.1695
Experiments,70.6077,-72.8141
Experiments,90.8902,-29.2771
Experiments,60.2442,-17.4539
Experiments,21.4642,-49.8542
Experiments,18.8895,-25.2388
Experiments,62.5644,47.5538
Experiments,26.8245,-48.9365
Experiments,34.1142,64.5246
Experiments,39.0375,65.4001
Experiments,33.9798,64.496
Experiments,69.2876,-6.0446
Experiments,67.7826,50.5987
Experiments,52.5351,6.41
Experiments,49.9806,-73.9497
Experiments,79.6953,27.663
Experiments,48.4467,-42.3389
Experiments,58.3911,47.1897
Experiments,54.0774,43.3817
Experiments,88.6363,26.5906
Experiments,51.5911,-0.3319
Experiments,37.169,59.8469
Experiments,28.6414,24.8147
Experiments,63.1062,45.7775
Experiments,35.2455,43.7492
Experiments,76.0083,-29.8286
Experiments,51.1371,7.2324
Experiments,91.9878,-4.3763
Experiments,62.2994,-71.2438
Experiments,105.441,-2.297
Experiments,35.9172,-31.366
Experiments,51.1626,-43.5365
Experiments,79.7287,52.3684
Experiments,69.2124,-0.4772
Experiments,74.5927,-68.4135
Experiments,74.1569,13.0959
Experiments,46.0968,-69.2431
Experiments,70.6233,38.2389
Experiments,20.8882,29.8769
Experiments,25.5782,-85.4395
Experiments,65.6139,63.7154
Experiments,76.397,-23.2546
Experiments,20.8856,-59.215
Experiments,48.6045,-42.0979
Experiments,26.4485,31.7656
Experiments,90.3272,32.6053
Experiments,64.6659,60.233
Experiments,33.1943,71.6604
Experiments,72.6791,67.6331
Experiments,62.7515,-56.337
Experiments,43.7591,40.4234
Experiments,-60.3956,-49.8204
Experiments,74.7357,49.8001
Experiments,40.304,46.0508
Experiments,62.5015,24.3592
Experiments,58.6827,78.8501
Experiments,72.011,-5.8243
Experiments,59.6596,20.411
Experiments,67.5446,-71.0406
Experiments,53.2058,1.2099
Experiments,37.1269,93.207
Experiments,32.7803,0.5268
Experiments,39.3344,-84.3831
Experiments,44.9363,-73.0385
Experiments,41.3302,-7.2845
Experiments,95.3532,-6.1111
Experiments,72.3595,18.8886
Experiments,60.8732,10.969
Experiments,73.8338,-29.0097
Experiments,57.7261,69.7849
Experiments,36.2465,-13.2291
Experiments,98.6915,-3.7686
Experiments,103.0741,-6.1623
Experiments,102.898,1.036
Experiments,93.5435,10.7652
Experiments,80.863,-6.1134
Experiments,57.0627,-45.808
Experiments,56.2761,-56.3218
Experiments,62.9479,19.1042
Experiments,26.6436,65.7521
Experiments,31.0024,21.393
Experiments,85.2611,-10.5831
Experiments,41.7152,-37.0493
Experiments,54.559,4.2247
Experiments,102.921,38.2475
Experiments,81.1699,-43.1866
Experiments,92.9019,14.6874
Experiments,73.7309,-1.0025
Experiments,71.9878,-28.0241
Experiments,36.8393,-64.1314
Experiments,33.9688,-64.2462
Experiments,38.7653,32.496
Experiments,60.2865,38.9851
Experiments,81.6619,38.662
Experiments,61.833,-22.7061
Experiments,33.5274,-68.0319
Experiments,65.5007,-65.0352
Experiments,38.397,14.4529
Experiments,49.4156,53.667
Experiments,57.5741,67.0521
Experiments,43.4213,4.6628
Experiments,-17.9263,-92.8623
Experiments,55.4151,48.806
Experiments,-10.5274,-38.4842
Experiments,63.6589,-42.3371
Experiments,66.1861,-28.1325
Experiments,74.8028,-61.7544
Experiments,50.3198,78.2052
Experiments,42.847,-57.1419
Experiments,28.8629,63.2987
Experiments,34.889,-54.4407
Experiments,61.6872,45.4536
Experiments,82.8496,46.6184
Experiments,71.289,9.5294
Experiments,53.875,7.4685
Experiments,71.8066,-28.8976
Experiments,59.5236,-69.6309
Experiments,78.7967,-5.9419
Experiments,74.3012,62.8871
Experiments,98.18,-1.663
Experiments,66.2835,47.2831
Experiments,34.0837,-1.3295
Experiments,-50.2925,-23.1041
Experiments,66.25,49.1627
Experiments,103.6587,16.888
Experiments,37.2827,68.8987
Experiments,39.4235,-53.8229
Experiments,76.555,-23.2644
Experiments,101.7779,-29.3174
Experiments,36.1036,32.5817
Experiments,30.9209,-35.4764
Experiments,62.676,-74.4303
Experiments,28.5828,76.4374
Experiments,63.6881,-11.9552
Experiments,55.7285,5.2125
Experiments,94.0292,-7.1374
Experiments,35.527,71.1777
Experiments,74.4095,-3.087
Experiments,56.0775,-75.9559
Experiments,31.785,-63.0221
Experiments,36.9658,-7.5902
Experiments,72.5492,18.5447
Experiments,41.7481,0.5422
Experiments,-13.6211,19.4988
Experiments,102.65,1.0105
Experiments,61.3667,-16.1465
Experiments,66.3928,-69.7919
Experiments,39.0099,33.8588
Experiments,105.4579,-6.5309
Experiments,50.6464,-45.2563
Experiments,27.8795,-19.4641
Experiments,88.4679,-7.8182
Experiments,22.9028,27.3141
Experiments,96.062,34.1404
Experiments,90.0882,-37.8086
Experiments,46.8235,9.9924
Experiments,33.6526,-59.3728
Experiments,74.8156,-60.7708
Experiments,60.5318,-75.0607
Experiments,87.584,8.9577
Experiments,84.0199,4.1525
Experiments,71.4946,55.091
Experiments,34.782,53.8359
Experiments,61.2204,-20.8714
Experiments,37.7666,2.8996
Experiments,49.7981,-58.5211
Experiments,87.3443,-20.3019
Experiments,77.5855,-66.7298
Experiments,98.1881,-1.7934
Experiments,88.1308,49.5676
Experiments,40.1669,-55.7844
Experiments,66.6953,12.8241
Experiments,52.083,43.4707
Experiments,39.9352,66.8172
Experiments,57.135,-30.3038
Experiments,47.5315,-65.306
Experiments,32.5983,-64.3489
Experiments,66.1514,-71.8681
Experiments,32.7974,-64.2809
Experiments,67.9126,39.5465
Experiments,99.1291,2.1662
Experiments,79.6083,28.6732
Experiments,69.148,21.6357
Experiments,56.4879,56.7618
Experiments,52.1563,-16.774
Experiments,37.0332,59.7346
Experiments,51.5509,-17.995
Experiments,102.3327,22.6179
Experiments,92.9933,-37.5166
Experiments,25.2605,-43.2239
Experiments,103.5351,-15.1276
Experiments,50.3597,-59.8624
Experiments,37.1619,2.3737
Experiments,20.9395,-49.8871
Experiments,42.4012,52.3971
Experiments,75.5874,-38.589
Experiments,55.495,67.5909
Experiments,83.9439,4.7864
Experiments,79.8413,50.9742
Experiments,42.4474,-42.4621
Experiments,69.9185,1.65
Experiments,50.9148,26.6678
Experiments,29.8199,-51.5119
Experiments,31.9213,-33.4911
Experiments,32.1621,-2.9614
Experiments,56.2087,-1.0809
Experiments,-7.9844,11.8735
Experiments,43.1113,39.4689
Experiments,87.1217,-1.9813
Experiments,76.0359,-30.1893
Experiments,34.1113,-1.5145
Experiments,53.629,-23.4143
Experiments,-18.7529,-89.9971
Experiments,67.3695,37.8738
Experiments,70.754,14.7232
Experiments,54.9504,-80.5901
Experiments,99.1485,40.9304
Experiments,65.661,39.7111
Experiments,31.5601,-59.1623
Experiments,44.4125,29.2595
Experiments,47.2673,42.6533
Experiments,85.8292,1.1115
Experiments,32.6127,56.6686
Experiments,80.8254,34.7374
Experiments,60.1098,39.1374
Experiments,-39.5412,60.4594
Experiments,72.4771,-71.1356
Experiments,78.791,29.9679
Experiments,1.0747,16.8201
Experiments,23.2609,-16.7095
Experiments,81.1306,8.9252
Experiments,51.1004,-70.1996
Experiments,63.3851,24.1467
Experiments,41.1797,9.7457
Experiments,57.8355,-53.5132
Experiments,49.6228,78.4461
Experiments,37.3627,-70.0087
Experiments,73.158,-33.5538
Experiments,77.7725,-67.2051
Experiments,70.0669,42.3837
Experiments,65.2613,-68.5257
Experiments,37.8936,-50.1489
Experiments,37.8541,69.0837
Experiments,32.47,-58.8382
Experiments,77.6658,8.3353
Experiments,52.6777,-9.7785
Experiments,21.3005,-44.8224
Experiments,48.4804,-17.939
Experiments,48.1108,-13.0091
Experiments,74.7386,-3.4501
Experiments,99.2698,4.3119
Experiments,59.5558,14.6856
Experiments,80.1233,51.6817
Experiments,54.8622,8.1232
Experiments,55.1599,7.2782
Experiments,38.5674,-35.0503
Experiments,43.2948,-9.6788
Experiments,40.1508,46.187
Experiments,31.7366,1.7659
Experiments,48.6009,-46.569
Experiments,91.2954,-8.2238
Experiments,70.5229,-9.7329
Experiments,41.4273,17.9255
Experiments,35.0244,-64.8338
Experiments,100.6607,16.7034
Experiments,71.5867,4.1949
Experiments,105.9887,-0.7934
Experiments,58.6193,-17.2278
Experiments,99.4048,-22.1962
Experiments,47.6591,-60.1646
Experiments,31.5348,30.2927
Experiments,89.8698,31.1128
Experiments,106.8674,-5.6427
Experiments,27.0298,32.1502
Experiments,72.3508,1.9437
Experiments,20.8115,-21.1451
Experiments,54.1183,-4.8715
Experiments,29.0954,2.6745
Experiments,49.9797,49.758
Experiments,-86.4599,-11.0112
Experiments,76.8074,-23.3175
Experiments,34.5482,-27.8318
Experiments,25.4759,-52.9167
Experiments,98.6262,-4.1568
Experiments,92.3468,-9.4518
Experiments,67.667,-60.2638
Experiments,30.3656,60.1905
Experiments,75.5721,-38.5773
Experiments,88.6942,13.8316
Experiments,21.674,12.6471
Experiments,64.228,13.2938
Experiments,90.3149,-3.2613
Experiments,72.6137,-11.8602
Experiments,50.263,49.4265
Experiments,103.6516,-15.9994
Experiments,64.69,36.1122
Experiments,20.883,5.0839
Experiments,48.9053,-57.2032
Experiments,28.9584,26.2709
Experiments,50.7396,-45.5045
Experiments,50.2994,-56.339
Experiments,55.2964,-70.6306
Experiments,95.9494,0.8528
Experiments,27.5117,23.9459
Experiments,84.163,23.862
Experiments,42.1694,-58.358
Experiments,94.1531,20.837
Experiments,67.7644,-37.3841
Experiments,96.0477,-32.0097
Experiments,65.7837,43.5879
Experiments,79.6638,26.5967
Experiments,57.4865,22.2748
Experiments,39.3049,-84.3953
Experiments,54.3915,27.422
Experiments,32.2192,-26.2074
Experiments,43.6781,-61.3423
Experiments,38.411,71.7808
Experiments,84.135,-8.1135
Experiments,86.4054,-22.9845
Experiments,102.5205,-7.6274
Experiments,51.2983,-21.6201
Experiments,97.8226,-29.4132
Experiments,77.2223,17.5503
Experiments,71.5667,-71.6023
Experiments,52.7326,-76.4739
Experiments,95.7384,-34.7331
Experiments,64.5449,-66.3942
Experiments,85.7162,-30.0782
Experiments,50.2419,70.0502
Experiments,49.8754,-2.5541
Experiments,91.907,38.9129
Experiments,100.8915,13.1222
Experiments,32.3429,-26.3172
Experiments,52.489,-54.2174
Experiments,90.6576,28.5473
Experiments,59.0425,-58.8832
Experiments,88.619,-23.9026
Experiments,61.0824,-41.1652
Experiments,78.7165,-3.8207
Experiments,63.7944,24.3804
Experiments,57.886,45.3234
Experiments,37.5052,-23.2817
Experiments,62.9653,6.2673
Experiments,58.1927,-30.2257
Experiments,51.2399,23.977
Experiments,101.762,-26.9843
Experiments,85.9751,-26.6275
Experiments,60.6137,52.2907
Experiments,59.2741,51.539
Experiments,41.0533,-52.2366
Experiments,41.1302,11.7155
Experiments,32.613,61.8619
Experiments,55.2196,-18.196
Experiments,75.7067,22.0845
Experiments,44.8609,38.6854
Experiments,33.7706,64.3661
Experiments,39.8855,-55.7128
Experiments,76.4839,-4.305
Experiments,68.5147,65.813
Experiments,65.8293,-70.1833
Experiments,43.488,36.4927
Experiments,86.8805,35.8327
Experiments,56.2864,-56.2451
Experiments,49.5029,14.5874
Experiments,59.9693,-40.0014
Experiments,48.1317,-33.3421
Experiments,73.6522,13.5377
Experiments,43.7733,13.5598
Experiments,68.7591,-6.3528
Experiments,68.5285,-60.7378
Experiments,70.6515,68.4246
Experiments,29.3099,-62.7214
Experiments,38.0569,-53.3336
Experiments,91.0415,46.2428
Experiments,57.6818,49.6977
Experiments,44.0426,7.574
Experiments,33.1969,-65.2699
Experiments,41.9598,-10.8189
Experiments,64.828,0.0554
Experiments,52.3245,27.2574
Experiments,67.1009,63.5829
Experiments,61.1258,-38.9006
Experiments,25.8859,-58.9127
Experiments,40.3014,-39.07
Experiments,78.3278,-23.7626
Experiments,64.5163,-75.9135
Experiments,83.9824,46.0164
Experiments,54.1187,52.3695
Experiments,95.7518,-34.1729
Experiments,44.9332,-73.0743
Experiments,75.065,-68.4109
Experiments,89.7901,-16.785
Experiments,69.4159,-68.3083
Experiments,78.6414,-17.0349
Experiments,77.4592,-42.3655
Experiments,36.8768,-59.4591
Experiments,71.8202,-5.5642
Experiments,38.4968,-36.0499
Experiments,36.2622,3.1037
Experiments,28.2558,-46.1171
Experiments,49.0565,34.7233
Experiments,48.0521,33.1776
Experiments,74.2969,3.3976
Experiments,48.4397,-68.1429
Experiments,-0.9431,65.9816
Experiments,87.2844,36.0623
Experiments,43.5333,64.2718
Experiments,44.5244,37.5863
Experiments,85.7471,-26.4772
Experiments,92.4686,-13.0077
Experiments,76.7928,-4.275
Experiments,38.5507,-5.4068
Experiments,33.3148,-2.9484
Experiments,38.2382,-13.4914
Experiments,40.9995,-58.8889
Experiments,29.6947,-52.2365
Experiments,39.6486,16.292
Experiments,71.2269,11.1973
Experiments,31.6949,10.2973
Experiments,49.5156,-13.068
Experiments,93.6859,18.2087
Experiments,35.4568,51.0588
Experiments,49.2648,79.8638
Experiments,94.3879,11.7441
Experiments,49.8097,-74.0518
Experiments,51.9959,-69.2454
Experiments,47.949,-31.1921
Experiments,75.7906,22.096
Experiments,20.1707,11.6147
Experiments,73.2784,-32.8969
Experiments,50.8438,-77.0862
Experiments,62.8953,-78.8823
Experiments,50.1062,21.5349
Experiments,57.6887,-17.6855
Experiments,39.961,-51.7082
Experiments,60.0767,-39.0514
Experiments,50.369,29.4698
Experiments,103.175,15.663
Experiments,45.497,12.2433
Experiments,46.9389,-4.0822
Experiments,68.6092,42.8213
Experiments,54.6691,69.504
Experiments,58.4387,16.9354
Experiments,62.6051,-73.9245
Experiments,23.6359,-46.2862
Experiments,39.7995,47.1957
Experiments,31.12,-72.3483
Experiments,14.2083,-57.4961
Experiments,70.8977,11.6152
Experiments,-8.3199,-36.8159
Experiments,79.4367,22.7393
Experiments,27.5438,-2.8829
Experiments,37.438,8.113
Experiments,35.0136,12.8804
Experiments,50.3549,28.8244
Experiments,41.433,-56.3613
Experiments,37.2754,8.1938
Experiments,46.7358,55.92
Experiments,39.5731,-53.3252
Experiments,67.473,71.2802
Experiments,77.6564,-1.251
Experiments,105.3165,35.8912
Experiments,64.436,-56.4797
Experiments,72.4826,-35.6733
Experiments,94.1403,-32.9967
Experiments,36.8809,-25.797
Experiments,40.3147,67.7921
Experiments,28.8792,63.9008
Experiments,104.591,-26.7854
Experiments,58.8547,-75.6337
Experiments,84.9882,44.5575
Experiments,58.531,28.0182
Experiments,62.5794,36.3497
Experiments,47.8821,-64.733
Experiments,72.3703,-26.6788
Experiments,108.2485,-10.5008
Experiments,69.0832,-65.7405
Experiments,54.6541,30.0149
Experiments,34.7382,-54.2837
Experiments,58.1193,4.0503
Experiments,25.4512,-42.6079
Experiments,44.7303,8.7995
Experiments,57.5094,-36.3874
Experiments,37.0016,-59.2449
Experiments,36.3548,69.0684
Experiments,42.7654,40.09
Experiments,54.9618,-0.1495
Experiments,107.9818,-10.9215
Experiments,77.1852,-41.7137
Experiments,28.9683,9.5452
Experiments,25.0279,-30.2131
Experiments,44.2671,7.6562
Experiments,88.6729,26.7973
Experiments,65.6628,65.2242
Experiments,79.4544,-35.6003
Experiments,54.0918,-24.4031
Experiments,68.8243,42.1518
Experiments,23.2793,10.5818
Experiments,29.8574,57.875
Experiments,51.1921,42.5245
Experiments,89.9965,31.1691
Experiments,88.4797,10.6505
Experiments,49.5942,51.4992
Experiments,43.6597,57.3132
Experiments,23.3928,-25.3462
Experiments,57.9175,17.2288
Experiments,95.6631,-32.011
Experiments,38.2884,-35.7839
Experiments,58.6265,46.3438
Experiments,89.7821,-34.4548
Experiments,56.2583,14.7513
Experiments,53.4128,-24.2063
Experiments,69.5132,0.7347
Experiments,51.3239,-72.1436
Experiments,66.5968,-73.6062
Experiments,31.9831,-58.9614
Experiments,83.1734,-25.8367
Experiments,52.6931,-4.2514
Experiments,33.291,-43.7892
Experiments,58.0809,-73.7369
Experiments,64.3596,-10.9417
Experiments,76.3926,-2.9593
Experiments,35.2373,-64.4446
Experiments,79.6751,-39.6279
Experiments,56.7361,66.0968
Experiments,47.747,42.9657
Experiments,83.2803,-17.7239
Experiments,50.0351,-44.9863
Experiments,43.5257,8.9281
Experiments,51.2569,-19.8882
Experiments,64.2706,44.4185
Experiments,68.9645,-68.8
Experiments,47.5985,43.3511
Experiments,41.7623,-58.3404
Experiments,83.2675,-17.7226
Experiments,96.6961,-0.0668
Experiments,75.4249,-42.4658
Experiments,44.3179,29.0167
Experiments,72.8103,3.1977
Experiments,89.9975,-2.7273
Experiments,70.2953,45.445
Experiments,76.1295,27.2653
Experiments,21.254,-27.5017
Experiments,73.6802,46.3124
Experiments,59.6179,15.0621
Experiments,70.5835,-65.4939
Experiments,66.0512,-74.1758
Experiments,55.9398,-32.1202
Experiments,77.7059,-22.2818
Experiments,104.2126,-18.8908
Experiments,76.9472,-33.7525
Experiments,87.1313,-0.398
Experiments,53.4105,78.6883
Experiments,62.7964,19.8331
Experiments,34.1279,-6.6278
Experiments,45.4494,12.5936
Experiments,20.1582,-10.5484
Experiments,48.1575,-47.253
Experiments,79.0957,10.2868
Experiments,-82.0845,16.942
Experiments,46.6451,39.198
Experiments,16.3351,-44.3632
Experiments,93.7835,42.1779
Experiments,38.5809,3.7666
Experiments,72.7313,-39.5674
Experiments,76.7075,-16.2147
Experiments,33.8509,38.6243
Experiments,79.885,-30.9766
Experiments,70.4902,-34.9931
Experiments,72.1536,-19.3028
Experiments,51.1141,-3.5727
Experiments,57.1112,-51.4941
Experiments,57.3232,43.5065
Experiments,88.4652,-7.823
Experiments,28.897,63.995
Experiments,99.2469,-27.6195
Experiments,73.1175,0.1372
Experiments,60.8657,11.0709
Experiments,20.18,-10.5281
Experiments,68.8193,55.9116
Experiments,30.7614,25.0184
Experiments,84.1311,-27.3691
Experiments,101.7568,-26.9919
Experiments,91.5816,-27.8729
Experiments,66.8733,69.1543
Experiments,24.4847,8.5692
Experiments,27.5551,-66.8791
Experiments,48.5688,74.1
Experiments,97.3421,15.2082
Experiments,84.3252,-25.633
Experiments,75.5886,-38.5776
Experiments,95.1497,39.0666
Experiments,24.0459,-6.9184
Experiments,54.3696,-16.8367
Experiments,47.8454,-9.2142
Experiments,78.3673,15.8162
Experiments,10.1286,93.2278
Experiments,66.1876,49.2615
Experiments,108.0259,-10.9061
Experiments,84.181,-30.8981
Experiments,38.8502,32.8113
Experiments,64.2756,72.4419
Experiments,-4.7129,-53.796
Experiments,59.7543,-77.9088
Experiments,52.9714,-46.1682
Experiments,53.3707,-74.7408
Experiments,61.3214,-30.5407
Experiments,78.444,-6.0587
Experiments,32.3596,-3.0495
Experiments,48.9481,-2.6392
Experiments,24.3751,-58.0898
Experiments,51.3316,15.5638
Experiments,88.522,-7.8403
Experiments,57.6267,-18.1424
Experiments,102.3363,22.6103
Experiments,96.1129,-5.3509
Experiments,29.4766,-57.0138
Experiments,58.1638,69.0903
Experiments,77.2218,10.9489
Experiments,62.1304,-69.9252
Experiments,101.5051,9.3625
Experiments,30.2688,3.9062
Experiments,81.2936,30.6108
Experiments,19.9536,-46.6807
Experiments,28.8111,-42.9527
Experiments,49.2245,-66.9709
Experiments,40.0896,43.8521
Experiments,55.5449,5.3249
Experiments,96.1785,6.2323
Experiments,69.5677,73.0056
Experiments,35.2583,9.9295
Experiments,31.6775,-59.4455
Experiments,-41.7372,4.5499
Experiments,99.4995,40.5482
Experiments,36.4135,2.5579
Experiments,63.7336,-4.2163
Experiments,75.2466,-21.9293
Experiments,49.5429,53.8512
Experiments,51.4532,-73.2096
Experiments,33.4409,-5.4179
Experiments,107.0777,-14.0015
Experiments,80.0963,51.6122
Experiments,86.3666,21.9749
Experiments,57.5942,-75.9271
Experiments,101.9533,-29.1168
Experiments,20.4646,-9.7308
Experiments,24.4237,-45.4683
Experiments,23.1047,-16.495
Experiments,55.2635,-75.0456
Experiments,80.4007,12.3069
Experiments,-57.6486,-91.3636
Experiments,101.8232,24.5199
Experiments,76.0373,78.9645
Experiments,105.4766,16.9762
Experiments,50.7187,-11.5124
Experiments,47.2498,-72.8334
Experiments,88.5229,-4.1967
Experiments,83.3959,-34.2699
Experiments,68.369,43.9324
Experiments,59.1435,-45.1746
Experiments,33.2859,-57.3591
Experiments,99.1696,-27.5599
Experiments,68.7668,68.9239
Experiments,41.8966,-22.0868
Experiments,-9.5326,-65.1604
Experiments,51.511,23.5799
Experiments,85.6558,-7.2234
Experiments,38.7411,-69.841
Experiments,86.2888,21.9863
Experiments,63.5128,23.8622
Experiments,61.9785,79.8474
Experiments,35.7104,3.8688
Experiments,49.8167,34.5361
Experiments,15.6177,-24.6975
Experiments,33.571,-68.0458
Experiments,37.6313,-37.7203
Experiments,33.4097,-20.1863
Experiments,-10.6405,-36.8949
Experiments,100.0084,-27.6506
Experiments,34.8762,0.8906
Experiments,51.8412,2.0669
Experiments,77.5658,46.0902
Experiments,88.2217,-8.8748
Experiments,95.7321,-23.2587
Experiments,23.2046,-16.7054
Experiments,59.4401,-69.7543
Experiments,58.577,-43.1443
Experiments,54.8107,-53.4928
Experiments,47.29,-4.1982
Experiments,52.8312,43.5264
Experiments,68.1446,59.7681
Experiments,84.8424,-7.783
Experiments,83.1078,-24.638
Experiments,45.1356,4.8987
Experiments,79.5599,23.3739
Experiments,60.169,-44.874
Experiments,51.8043,-10.4016
Experiments,50.53,-11.4062
Experiments,38.0513,19.8284
Experiments,96.1949,-25.7237
Experiments,35.3688,-54.5376
Experiments,67.0819,69.141
Experiments,63.8194,-78.0483
Experiments,73.5391,7.4369
Experiments,64.6453,36.6617
Experiments,72.4982,-63.312
Experiments,42.543,-7.8222
Experiments,47.8866,32.7321
Experiments,41.6231,-55.1491
Experiments,55.7235,-78.8753
Experiments,32.7307,-69.4598
Experiments,27.0336,-68.165
Experiments,64.5314,-45.578
Experiments,79.8936,-45.0716
Experiments,51.3885,15.5692
Experiments,50.1125,-33.5429
Experiments,102.2413,22.5977
Experiments,43.9226,72.1295
Experiments,54.9328,70.5568
Experiments,31.5478,-63.0009
Experiments,32.8993,-19.3157
Experiments,69.1329,47.2165
Experiments,66.5039,63.1952
Experiments,54.6312,-80.4608
Experiments,87.2066,-9.3034
Experiments,64.8611,-53.8574
Experiments,38.8536,-56.3006
Experiments,37.9211,-50.2191
Experiments,89.0647,24.291
Experiments,56.9378,21.3856
Experiments,73.7285,4.946
Experiments,95.6718,-5.6419
Experiments,46.2939,69.513
Experiments,-46.4209,54.2135
Experiments,36.3132,-9.1524
Experiments,78.3734,15.808
Experiments,41.795,-25.7402
Experiments,36.1026,32.5763
Experiments,74.491,5.3088
Experiments,36.5656,-40.8465
Experiments,30.5436,-23.8279
Experiments,86.5472,21.9042
Experiments,72.6543,-27.0266
Experiments,52.9091,42.6908
Experiments,55.4102,-67.5293
Experiments,45.8534,-4.1791
Experiments,60.0286,-38.709
Experiments,29.2367,-63.2889
Experiments,61.3808,27.2311
Experiments,59.0524,-76.6058
Experiments,71.4915,68.2286
Experiments,64.1126,11.6306
Experiments,-60.0252,28.7138
Experiments,8.6437,-44.9408
Experiments,89.7772,-22.2917
Experiments,58.3176,-41.3543
Experiments,56.459,0.8255
Experiments,43.5409,54.6607
Experiments,43.8275,11.0975
Experiments,67.3244,41.0942
Experiments,32.4761,-22.6109
Experiments,43.0761,-6.9843
Experiments,-42.693,76.2952
Experiments,78.0567,29.6381
Experiments,63.0429,-69.7184
Experiments,15.2729,-24.0778
Experiments,103.0295,-6.2579
Experiments,65.8163,72.478
Experiments,20.2351,-26.8488
Experiments,27.0747,-57.5022
Experiments,62.912,42.9493
Experiments,63.1768,-12.503
Experiments,70.031,1.5867
Experiments,35.053,52.3591
Experiments,21.4479,-15.9368
Experiments,37.6792,-61.6461
Experiments,75.8443,-42.3853
Experiments,53.9707,66.4883
Experiments,62.7166,-70.6374
Experiments,19.3561,-48.7241
Experiments,32.0409,-59.0056
Experiments,49.1318,-32.4445
Experiments,42.0091,-7.4487
Experiments,59.2845,-41.4481
Experiments,37.3725,59.8485
Experiments,77.712,-67.141
Experiments,91.824,-29.0694
Experiments,51.5365,27.7589
Experiments,79.2672,59.9348
Experiments,44.1455,34.4331
Experiments,30.1853,-35.4879
Experiments,41.0991,52.7299
Experiments,47.2233,35.4914
Experiments,56.2514,-56.1975
Experiments,88.2094,42.8434
Experiments,56.2413,-52.8377
Experiments,33.0018,-16.4281
Experiments,92.2525,-9.4941
Experiments,97.0495,-6.1374
Experiments,98.6115,-3.6598
Experiments,92.4589,-9.4075
Experiments,94.6898,40.3562
Experiments,58.3834,46.8127
Experiments,29.1309,-5.0085
Experiments,108.0853,-10.8531
Experiments,72.7608,-10.953
Experiments,70.9238,3.8257
Experiments,62.5405,-66.0193
Experiments,48.5521,-16.1989
Experiments,39.3765,-75.5067
Experiments,67.5474,19.9393
Experiments,95.9672,-6.2999
Experiments,62.0248,-71.0533
Experiments,83.2671,-26.0391
Experiments,53.7668,-24.1989
Experiments,54.7415,69.5923
Experiments,52.6009,-55.4603
Experiments,48.3182,-47.0947
Experiments,90.2817,-37.9668
Experiments,60.1738,-17.6622
Experiments,40.1913,61.8921
Experiments,72.7859,-66.8392
Experiments,66.3884,63.5718
Experiments,34.9133,3.843
Experiments,29.7185,-52.2173
Experiments,38.673,-36.8735
Experiments,38.7654,32.4819
Experiments,77.716,-66.2888
Experiments,61.2443,77.2994
Experiments,92.1034,43.6767
Experiments,16.8773,-49.0528
Experiments,51.6252,73.3043
Experiments,66.0349,63.742
Experiments,35.0329,-52.8328
Experiments,66.9344,-27.8821
Experiments,52.8943,56.6634
Experiments,49.826,56.1235
Experiments,19.7925,-46.3752
Experiments,28.7446,-4.8267
Experiments,72.2177,-31.4029
Experiments,97.0157,-12.1565
Experiments,26.7816,-57.7357
Experiments,58.3977,-34.417
Experiments,86.3851,2.7823
Experiments,51.7828,-10.0653
Experiments,65.2734,-2.6462
Experiments,43.443,52.6668
Experiments,53.852,40.5292
Experiments,102.1493,-7.2081
Experiments,95.0837,14.7477
Experiments,74.2257,-60.4792
Experiments,40.0618,-55.6761
Experiments,51.4738,24.3119
Experiments,26.9883,-49.0341
Experiments,73.0974,46.896
Experiments,47.5176,-68.1386
Experiments,54.6558,-1.5766
Experiments,23.2816,-25.2909
Experiments,31.4977,63.319
Experiments,94.7434,-3.8311
Experiments,105.9673,-6.967
Experiments,48.2365,-74.9494
Experiments,105.9325,-7.4138
Experiments,79.3822,10.1409
Experiments,32.4371,-26.3241
Experiments,108.3725,-10.4922
Experiments,38.9927,-54.8476
Experiments,34.1421,-67.0147
Experiments,38.1166,-40.5907
Experiments,41.6674,-37.1356
Experiments,49.8273,-74.7664
Experiments,35.0656,-53.129
Experiments,50.9154,-77.7926
Experiments,47.9996,-15.463
Experiments,69.7313,4.9308
Experiments,87.3722,-26.3951
Experiments,38.0116,-32.4477
Experiments,79.714,27.5221
Experiments,47.0374,-27.5642
Experiments,64.3711,16.3562
Experiments,87.1949,5.5792
Experiments,21.3053,-24.679
Experiments,22.4263,-27.0329
Experiments,56.4282,-16.1539
Experiments,36.4653,-2.7225
Experiments,39.5539,60.5303
Experiments,58.8463,78.0045
Experiments,72.7901,-39.2492
Experiments,70.5518,24.5098
Experiments,71.4736,1.9089
Experiments,88.2809,-2.0536
Experiments,73.707,-0.7575
Experiments,-58.2638,-28.8038
Experiments,19.5043,-48.1426
Experiments,75.6149,-42.1583
Experiments,-10.4374,-38.8631
Experiments,30.0502,16.1014
Experiments,59.6322,65.237
Experiments,71.1444,29.2953
Experiments,90.0606,31.3619
Experiments,46.5058,68.4082
Experiments,71.281,25.6401
Experiments,42.1489,52.4557
Experiments,32.378,-64.9023
Experiments,78.5999,1.6783
Experiments,-52.916,30.7105
Experiments,27.5894,-42.0103
Experiments,80.8595,-5.5639
Experiments,54.6264,6.5176
Experiments,37.5686,7.3524
Experiments,54.9804,0.6049
Experiments,52.8285,-45.6226
Experiments,70.4048,-65.7648
Experiments,30.0057,-52.9244
Experiments,47.546,-61.7293
Experiments,37.6685,-32.9969
Experiments,98.3189,0.3962
Experiments,33.3814,-14.0213
Experiments,101.3289,19.4755
Experiments,-68.1613,58.1564
Experiments,95.9998,33.5096
Experiments,62.3995,-66.2691
Experiments,74.6972,6.6616
Experiments,36.2447,-7.9845
Experiments,49.9486,-74.2685
Experiments,80.4019,-22.9492
Experiments,35.7682,-54.065
Experiments,32.3721,-80.384
Experiments,104.105,-17.8827
Experiments,54.923,5.952
Experiments,55.113,0.5433
Experiments,47.5785,43.7498
Experiments,62.7334,43.054
Experiments,65.5272,-72.1591
Experiments,70.7196,-9.7075
Experiments,62.2044,73.0574
Experiments,47.9002,-32.7554
Experiments,29.0747,23.8023
Experiments,41.5598,40.5877
Experiments,42.1608,-61.5426
Experiments,76.5455,-16.1443
Experiments,36.2974,-5.2166
Experiments,49.3178,1.8404
Experiments,36.2272,0.2677
Experiments,14.5165,-48.2031
Experiments,108.1128,-10.1841
Experiments,72.6152,-39.0132
Experiments,43.6289,36.5701
Experiments,101.6193,9.7817
Experiments,105.479,-2.2299
Experiments,98.9938,39.1101
Experiments,25.7263,5.3336
Experiments,95.2359,14.0788
Experiments,64.3063,-44.4253
Experiments,74.3291,62.8913
Experiments,99.6323,12.5568
Experiments,56.0651,-30.0502
Experiments,29.0699,-47.121
Experiments,103.1403,-11.4793
Experiments,41.824,0.2412
Experiments,73.1672,-62.5859
Experiments,77.2517,17.6375
Experiments,84.8862,-22.0924
Experiments,78.2385,-67.8117
Experiments,78.7794,25.0037
Experiments,90.3378,0.176
Experiments,70.6471,11.7858
Experiments,40.1313,-53.2979
Experiments,32.6084,-62.2944
Experiments,57.018,51.4396
Experiments,44.2318,-55.4368
Experiments,43.145,59.5593
Experiments,55.2537,-70.6434
Experiments,59.0452,54.8178
Experiments,45.6518,12.5226
Experiments,64.3964,72.6765
Experiments,102.959,21.012
Experiments,66.9827,15.2471
Experiments,72.4331,-69.6636
Experiments,104.218,-18.9083
Experiments,30.3946,-46.2854
Experiments,78.4887,-36.0788
Experiments,92.5372,-7.4241
Experiments,69.5434,40.8375
Experiments,58.1267,-2.3269
Experiments,32.1513,-58.9174
Experiments,58.9231,-7.0012
Experiments,70.6766,24.6638
Experiments,21.2249,-59.4957
Experiments,78.564,-34.1917
Experiments,79.1925,-18.6636
Experiments,62.443,77.2758
Experiments,52.4771,59.0684
Experiments,27.9696,-22.4754
Experiments,38.3456,14.4799
Experiments,29.8056,39.814
Experiments,39.3805,-59.1468
Experiments,47.0655,-7.0154
Experiments,33.8447,-21.3999
Experiments,-15.0931,-36.8109
Experiments,49.5251,44.8533
Experiments,71.9712,18.2484
Experiments,71.1658,4.3239
Experiments,30.2588,-22.042
Experiments,67.389,-15.5203
Experiments,98.7757,6.8519
Experiments,69.1088,-64.6045
Experiments,63.9474,24.7862
Experiments,-67.7163,50.5399
Experiments,51.6196,-55.4081
Experiments,87.1954,8.7551
Experiments,57.2025,43.4512
Experiments,22.4636,-19.6388
Experiments,76.5724,-19.8958
Experiments,52.6124,27.2713
Experiments,78.6134,1.6863
Experiments,83.3399,-24.9504
Experiments,74.5678,-42.6968
Experiments,19.6507,-46.5905
Experiments,52.0025,32.9848
Experiments,43.2279,-9.0928
Experiments,55.812,-20.5988
Experiments,47.9098,-44.1359
Experiments,43.9763,59.0432
Experiments,57.6719,69.836
Experiments,37.5145,14.9627
Experiments,26.8163,-55.4489
Experiments,56.8025,-65.9295
Experiments,57.7882,-57.5713
Experiments,47.514,28.3538
Experiments,48.3986,15.2346
Experiments,65.6941,73.0682
Experiments,17.5443,33.4168
Experiments,59.1436,-11.5435
Experiments,102.6756,39.5354
Experiments,49.0721,-67.5216
Experiments,58.2303,71.6091
Experiments,31.8122,37.4342
Experiments,75.6667,-20.9223
Experiments,57.9425,-35.8255
Experiments,49.6454,-36.3201
Experiments,31.1592,39.5917
Experiments,57.7016,-46.6479
Experiments,60.4048,-17.0835
Experiments,72.947,48.1345
Experiments,52.5798,4.2754
Experiments,89.8341,-31.3079
Experiments,28.9998,-60.806
Experiments,35.5369,15.3715
Experiments,71.696,-44.3702
Experiments,95.5028,6.1214
Experiments,41.6019,-39.2173
Experiments,105.3995,-14.8526
Experiments,103.4981,18.0299
Experiments,59.503,-77.0971
Experiments,58.5036,-35.6407
Experiments,13.3587,-23.9238
Experiments,87.853,9.0098
Experiments,95.3841,32.1852
Experiments,62.4506,-71.9204
Experiments,66.7449,64.8954
Experiments,-35.6801,-44.2041
Experiments,97.0412,34.1726
Experiments,72.2501,-28.3274
Experiments,66.2925,-69.813
Experiments,58.2744,-34.5267
Experiments,67.8332,43.1306
Experiments,78.7407,-34.2272
Experiments,90.7681,-29.0779
Experiments,96.1615,-4.8661
Experiments,33.9516,19.3079
Experiments,40.0411,54.5209
Experiments,70.5435,-72.1448
Experiments,57.4187,-40.4825
Experiments,73.0549,48.4999
Experiments,47.3223,30.8746
Experiments,90.1882,11.3361
Experiments,37.6202,-23.1428
Experiments,67.2329,38.7133
Experiments,18.92,-46.4071
Experiments,28.2777,61.9523
Experiments,29.4612,65.2316
Experiments,44.7126,-15.1032
Experiments,99.2639,4.664
Experiments,41.0455,-54.6595
Experiments,61.3982,-69.5258
Experiments,99.2025,8.6689
Experiments,54.1095,8.3446
Experiments,101.2094,18.8858
Experiments,42.121,-37.0415
Experiments,23.1391,30.5068
Experiments,73.9814,-2.7175
Experiments,34.9735,-54.5517
Experiments,75.1399,-20.5821
Experiments,33.4259,-69.8991
Experiments,50.4316,53.7502
Experiments,50.4348,-68.4321
Experiments,52.3975,44.0981
Experiments,48.876,78.9003
Experiments,55.1529,-24.4525
Experiments,43.4727,-61.4079
Experiments,10.1306,93.2269
Experiments,32.8056,19.2964
Experiments,82.732,-9.7499
Experiments,73.1162,-8.4002
Experiments,92.2355,3.4342
Experiments,35.8481,6.6591
Experiments,54.595,-53.5796
Experiments,48.3911,-35.5649
Experiments,47.5736,44.632
Experiments,76.9435,-2.2191
Experiments,50.9646,71.935
Experiments,35.4095,39.134
Experiments,99.6929,-26.5655
Experiments,22.8579,-3.2602
Experiments,86.6942,-7.3285
Experiments,69.116,-74.1464
Experiments,50.0295,51.8001
Experiments,58.559,-10.6242
Experiments,42.902,-58.0303
Experiments,60.2708,-18.4617
Experiments,46.2876,-69.1293
Experiments,42.2004,-36.9368
Experiments,45.8402,11.9772
Experiments,38.7702,32.6843
Experiments,85.5923,-26.184
Experiments,41.3328,14.1223
Experiments,95.8095,12.3231
Experiments,53.2664,-46.1725
Experiments,44.516,82.2403
Experiments,79.762,-17.0623
Experiments,34.6392,-59.783
Experiments,78.4644,52.6757
Experiments,65.6858,70.2798
Experiments,70.7269,-65.2105
Experiments,59.5826,79.012
Experiments,75.8513,-12.1767
Experiments,62.9317,-58.6772
Experiments,35.0623,50.9763
Experiments,32.8326,-12.5104
Experiments,63.0235,-77.6126
Experiments,60.7392,-53.6064
Experiments,91.1455,17.7185
Experiments,97.5628,35.8589
Experiments,54.7771,4.0979
Experiments,28.8839,-18.8785
Experiments,57.5997,2.479
Experiments,59.2909,5.5975
Experiments,33.1821,-57.0764
Experiments,35.0443,-20.2841
Experiments,78.3018,-19.794
Experiments,61.1446,-38.965
Experiments,27.5503,46.085
Experiments,8.6759,-44.9731
Experiments,55.3116,-67.0872
Experiments,43.3883,-3.613
Experiments,62.6911,23.3517
Experiments,98.6355,-6.8354
Experiments,92.603,-9.4391
Experiments,62.9754,47.8625
Experiments,100.8097,-5.6993
Experiments,32.1053,-37.9576
Experiments,81.984,6.7049
Experiments,57.8648,-72.5792
Experiments,78.9268,-16.5484
Experiments,77.4779,-22.025
Experiments,-63.2025,40.0535
Experiments,63.3657,-55.8117
Experiments,42.9405,-6.3448
Experiments,17.6682,-49.2938
Experiments,40.1411,44.5612
Experiments,49.4237,33.7242
Experiments,63.0739,71.8987
Experiments,57.3672,-1.6775
Experiments,34.6325,-13.6393
Experiments,79.0153,10.0928
Experiments,52.3772,71.9019
Experiments,14.2301,-57.488
Experiments,50.2029,-59.9017
Experiments,24.9838,70.0813
Experiments,-3.7315,71.5418
Experiments,58.494,48.3657
Experiments,38.6809,-36.1002
Experiments,33.777,45.08
Experiments,59.6618,41.5473
Experiments,59.3733,-15.5416
Experiments,75.5687,-14.4713
Experiments,90.6648,17.2865
Experiments,15.8163,-46.2469
Experiments,104.431,16.9232
Experiments,40.9733,-6.6434
Experiments,57.256,52.9407
Experiments,41.7158,11.0632
Experiments,32.9278,-15.9135
Experiments,60.5961,52.2676
Experiments,72.4546,-0.7117
Experiments,93.8403,-34.9022
Experiments,70.7585,3.7169
Experiments,51.9093,-11.7363
Experiments,78.2088,0.575
Experiments,38.8672,43.7762
Experiments,34.6645,-51.7574
Experiments,81.326,-23.8656
Experiments,89.2686,-28.0708
Experiments,98.1789,-1.4058
Experiments,72.5219,-35.7669
Experiments,78.0572,-26.4046
Experiments,39.7613,8.0669
Experiments,74.4343,-29.933
Experiments,100.0131,-28.2417
Experiments,75.2777,-34.2792
Experiments,49.5278,36.0204
Experiments,55.7148,-30.9404
Experiments,57.1843,-58.981
Experiments,16.7471,-52.2224
Experiments,62.9452,-40.3166
Experiments,51.2044,-4.3793
Experiments,70.2165,-66.0285
Experiments,75.3154,-20.4183
Experiments,85.1806,21.3744
Experiments,60.2559,-18.8338
Experiments,39.8131,-53.2706
Experiments,-63.2006,40.0574
Experiments,63.2512,-57.277
Experiments,32.9066,74.8226
Experiments,45.8624,-4.1843
Experiments,70.5927,-26.4902
Experiments,68.7909,21.2743
Experiments,50.7821,-17.6594
Experiments,56.116,45.5122
Experiments,66.8313,7.8185
Experiments,85.2177,21.5004
Experiments,83.4541,-26.0711
Experiments,35.9476,74.8501
Experiments,65.6999,-74.5294
Experiments,39.0567,-53.299
Experiments,42.2647,-12.5827
Experiments,76.3733,-19.834
Experiments,40.2567,14.0363
Experiments,29.7521,40.0239
Experiments,58.6011,77.3797
Experiments,35.2629,0.2505
Experiments,-57.9629,-28.6066
Experiments,49.1098,78.3243
Experiments,28.8312,9.8308
Experiments,35.8189,-7.9239
Experiments,102.0156,-13.3192
Experiments,49.1558,10.3913
Experiments,44.7083,-9.1581
Experiments,38.1648,-4.6046
Experiments,43.3647,-36.9077
Experiments,41.4338,-11.7259
Experiments,50.8128,-43.3511
Experiments,27.5718,46.08
Experiments,103.3656,-11.7409
Experiments,34.7874,-71.0247
Experiments,61.8895,-12.6676
Experiments,-15.1969,-37.0625
Experiments,33.9269,65.574
Experiments,98.7528,-17.7677
Experiments,80.0377,49.9347
Experiments,93.1454,40.2269
Experiments,94.492,-3.8155
Experiments,67.4362,49.5136
Experiments,42.9255,-57.1012
Experiments,76.3319,-33.0865
Experiments,27.7317,-58.4371
Experiments,39.5159,60.5127
Experiments,58.9697,-45.1028
Experiments,38.8035,-19.9172
Experiments,71.3921,-11.8512
Experiments,92.9243,14.5987
Experiments,25.8209,-45.8413
Experiments,66.299,50.343
Experiments,31.6804,69.2198
Experiments,35.0642,-38.29
Experiments,74.0389,-6.8222
Experiments,69.9941,-0.8151
Experiments,1.4726,-75.1448
Experiments,71.6757,-7.8235
Experiments,19.5327,-20.4063
Experiments,34.6289,-27.252
Experiments,58.8354,19.7522
Experiments,63.2503,-58.2366
Experiments,35.8035,-31.3973
Experiments,88.2862,0.4388
Experiments,98.472,39.6704
Experiments,33.6162,-70.3809
Experiments,67.5377,-30.9308
Experiments,61.8659,-75.577
Experiments,54.57,6.444
Experiments,36.1795,-24.3408
Experiments,62.2162,53.3996
Experiments,25.3702,-54.7533
Experiments,60.2952,38.9803
Experiments,57.9464,-45.1972
Experiments,53.3212,55.9438
Experiments,72.6576,-50.4757
Experiments,79.5318,73.9875
Experiments,35.1362,-58.6841
Experiments,86.5469,-7.239
Experiments,52.2993,40.9418
Experiments,47.2901,-61.8272
Experiments,18.1629,-46.6386
Experiments,49.4652,14.5952
Experiments,-13.6685,-4.6102
Experiments,21.7701,-48.246
Experiments,68.0114,35.748
Experiments,89.6359,30.2728
Experiments,48.5274,-73.4073
Experiments,52.7241,-77.7298
Experiments,84.0177,-7.5269
Experiments,31.8037,9.8731
Experiments,42.2314,-21.655
Experiments,26.3372,-42.3134
Experiments,86.6063,3.001
Experiments,27.1391,32.3958
Experiments,76.0795,-67.6739
Experiments,102.4524,-12.3801
Experiments,33.3389,71.4277
Experiments,60.3638,-16.508
Experiments,44.8905,-69.7169
Experiments,87.1675,11.7615
Experiments,51.5574,-45.7321
Experiments,78.3517,0.1131
Experiments,64.3355,63.0804
Experiments,65.7547,39.6152
Experiments,54.7872,6.8377
Experiments,88.6817,13.8213
Experiments,19.1319,-47.2535
Experiments,32.7324,-35.4045
Experiments,35.154,42.2404
Experiments,107.8226,-1.28
Experiments,43.4616,13.621
Experiments,39.7221,-53.2215
Experiments,71.9749,18.1999
Experiments,31.7245,-1.3902
Experiments,59.0374,19.1937
Experiments,93.1862,16.2677
Experiments,28.8336,-5.5209
Experiments,28.4932,65.2257
Experiments,38.6342,-12.2517
Experiments,62.6245,-74.2759
Experiments,55.1332,42.2001
Experiments,-28.7999,-81.1257
Experiments,61.1932,77.4767
Experiments,68.9663,21.4103
Experiments,17.1194,-41.6925
Experiments,29.1437,3.305
Experiments,65.8711,-69.7752
Experiments,41.0934,-38.7501
Experiments,59.1298,42.2732
Experiments,50.5402,-70.4856
Experiments,25.0281,-56.4353
Experiments,35.2289,54.0106
Experiments,90.48,-6.3079
Experiments,59.0775,-75.3187
Experiments,53.2746,36.546
Experiments,88.5198,0.3782
Experiments,76.6384,-14.6888
Experiments,55.1463,5.9044
Experiments,28.8803,63.4096
Experiments,43.3523,4.6627
Experiments,39.0604,-8.1464
Experiments,35.0558,-59.2111
Experiments,56.7702,-30.3673
Experiments,33.3531,16.2798
Experiments,64.2042,63.5164
Experiments,35.4044,33.7704
Experiments,34.9806,12.8826
Experiments,49.5879,-74.5145
Experiments,83.123,-29.2499
Experiments,73.2491,-28.5651
Experiments,-53.4745,30.1375
Experiments,43.7845,59.1024
Experiments,44.6528,39.6583
Experiments,74.5972,-72.3936
Experiments,75.0652,-71.8936
Experiments,66.1759,-77.1278
Experiments,45.8695,-56.0069
Experiments,76.0739,-38.4964
Experiments,56.6912,50.0817
Experiments,39.3472,45.1553
Experiments,70.2551,-65.9688
Experiments,-54.568,-18.2811
Experiments,77.0651,-25.0823
Experiments,64.2196,-44.2202
Experiments,34.6259,-27.2745
Experiments,63.8806,-70.09
Experiments,38.5669,-53.3057
Experiments,37.8513,-5.3557
Experiments,98.3152,27.6985
Experiments,74.7569,-59.0336
Experiments,70.0359,-66.1422
Experiments,27.9501,-52.7692
Experiments,84.9004,-8.6717
Experiments,79.823,27.575
Experiments,54.9603,-32.3544
Experiments,40.8148,-2.8421
Experiments,56.4422,24.9315
Experiments,41.5897,15.7736
Experiments,65.8246,72.5316
Experiments,47.337,-68.1669
Experiments,72.7581,-38.9745
Experiments,52.203,-57.9515
Experiments,48.3395,61.7271
Experiments,63.1741,7.6258
Experiments,71.2688,11.0683
Experiments,82.5758,-21.8679
Experiments,79.9943,-1.3191
Experiments,-5.7647,-98.8537
Experiments,72.7693,32.8019
Experiments,40.5068,-38.7586
Experiments,74.6961,9.5908
Experiments,35.3061,54.068
Experiments,41.7938,-22.2332
Experiments,36.7652,61.781
Experiments,40.8921,36.5819
Experiments,58.4685,69.2574
Experiments,28.099,19.2664
Experiments,69.2033,42.6848
Experiments,101.9135,-13.0472
Experiments,-60.3762,-48.873
Experiments,56.0338,-53.0528
Experiments,28.5648,64.9095
Experiments,99.2197,2.1998
Experiments,84.5057,-20.0575
Experiments,62.0548,-55.4721
Experiments,63.4758,-42.4865
Experiments,26.2329,12.6772
Experiments,37.3246,-70.3131
Experiments,30.1934,39.1976
Experiments,105.2333,-14.8421
Experiments,32.1133,-22.832
Experiments,60.1649,69.1623
Experiments,65.3695,-2.6127
Experiments,87.5093,-26.4348
Experiments,87.1578,-2.016
Experiments,-75.216,-1.2526
Experiments,67.6651,-72.9199
Experiments,102.4852,-24.46
Experiments,59.1381,-77.3523
Experiments,-59.8432,-45.1407
Experiments,-64.9035,-41.817
Experiments,32.0247,-33.6509
Experiments,50.7833,51.4399
Experiments,74.1934,4.0668
Experiments,37.9559,-29.8349
Experiments,52.3842,-10.0861
Experiments,88.6404,-23.9854
Experiments,29.1591,-70.7487
Experiments,70.0813,36.096
Experiments,53.3639,78.5339
Experiments,68.3658,43.1461
Experiments,-40.8957,-81.6119
Experiments,102.789,-5.8557
Experiments,66.8823,64.9756
Experiments,48.3196,15.212
Experiments,104.8947,-14.8201
Experiments,99.2036,-0.8124
Experiments,48.2729,62.9047
Experiments,64.9164,-0.0644
Experiments,47.089,55.3277
Experiments,17.4445,-53.6051
Experiments,36.1289,35.2506
Experiments,90.3176,19.0508
Experiments,51.7733,-3.9755
Experiments,29.7941,40.0468
Experiments,34.8494,64.1426
Experiments,47.8666,50.4179
Experiments,29.371,21.5027
Experiments,66.1185,6.8226
Experiments,37.7578,-21.4531
Experiments,32.4778,56.6389
Experiments,49.1662,-65.6306
Experiments,25.7035,-40.6014
Experiments,96.1444,-24.4441
Experiments,70.8568,43.4491
Experiments,22.1342,-27.1401
Experiments,59.6534,-14.3768
Experiments,52.9602,71.0515
Experiments,94.2354,12.2734
Experiments,52.9609,-14.0314
Experiments,37.8757,72.4379
Experiments,57.6618,49.6222
Experiments,76.2316,-20.6594
Experiments,31.3926,-27.7838
Experiments,61.0398,-36.8215
Experiments,46.8665,4.6317
Experiments,60.0236,-41.2235
Experiments,82.597,21.1567
Experiments,32.6223,39.9984
Experiments,34.0991,-5.2672
Experiments,66.57,46.443
Experiments,34.5071,17.4048
Experiments,59.3316,-41.4897
Experiments,49.257,-41.9166
Experiments,23.8736,-56.3131
Experiments,49.2811,-2.5006
Experiments,29.0317,-28.4304
Experiments,-59.2197,-49.3608
Experiments,73.152,1.3892
Experiments,31.4164,-66.5168
Experiments,68.8407,42.251
Experiments,77.563,46.0856
Experiments,32.5198,-18.1178
Experiments,69.9133,-63.1798
Experiments,54.8989,67.3603
Experiments,46.8442,58.2846
Experiments,47.5564,43.7697
Experiments,76.2367,-61.072
Experiments,50.6604,-73.8955
Experiments,62.7287,60.2361
Experiments,-8.0894,31.0555
Experiments,77.8937,-67.428
Experiments,30.917,-29.2384
Experiments,59.3682,-39.0794
Experiments,104.1758,-18.6054
Experiments,49.5222,7.95
Experiments,36.9495,-35.1406
Experiments,55.3317,-11.0148
Experiments,73.0219,-32.8137
Experiments,23.1567,30.522
Experiments,38.6258,-39.418
Experiments,104.189,-18.6589
Experiments,35.0265,-53.1895
Experiments,21.0292,-44.7977
Experiments,77.1527,-65.0421
Experiments,88.0082,8.9395
Experiments,55.9368,-53.4072
Experiments,82.4908,3.4398
Experiments,54.5131,-33.355
Experiments,33.9818,4.6359
Experiments,60.5356,74.0807
Experiments,52.5692,27.4819
Experiments,59.0145,-58.1283
Experiments,42.326,-42.2198
Experiments,76.7051,6.2942
Experiments,93.6843,-0.746
Experiments,21.6821,-53.9363
Experiments,63.4054,-55.5799
Experiments,52.3689,-20.8957
Experiments,49.7031,-42.9113
Experiments,62.5533,71.0838
Experiments,40.5542,68.5764
Experiments,80.9396,9.2897
Experiments,99.3384,38.6446
Experiments,77.7799,-1.9685
Experiments,36.5731,-23.8673
Experiments,79.7711,28.058
Experiments,31.4008,-27.8684
Experiments,53.4214,40.9406
Experiments,80.5149,-17.463
Experiments,43.3973,22.0219
Experiments,57.8274,52.1099
Experiments,62.9754,-42.0271
Experiments,84.3084,20.0488
Experiments,97.8716,35.9578
Experiments,85.6941,-26.8857
Experiments,46.4303,-40.0527
Experiments,38.0965,38.44
Experiments,64.8968,-72.7343
Experiments,61.7107,35.8107
Experiments,59.5066,50.9005
Experiments,46.4662,-58.8766
Experiments,58.7861,-39.3729
Experiments,31.5607,60.4483
Experiments,33.0107,-61.7364
Experiments,73.3169,-62.6008
Experiments,72.9687,48.3408
Experiments,47.9802,-33.4548
Experiments,47.1792,-71.5429
Experiments,44.9569,76.4056
Experiments,34.6912,38.7939
Experiments,50.2395,-59.9722
Experiments,92.8263,-31.0614
Experiments,28.4883,14.7475
Experiments,78.2157,49.9829
Experiments,-68.2579,58.8439
Experiments,32.5166,56.4909
Experiments,85.304,-6.8524
Experiments,45.8697,75.1729
Experiments,96.6672,-11.1126
Experiments,32.887,-34.9074
Experiments,66.7576,64.4966
Experiments,55.1087,-15.2135
Experiments,89.929,13.2188
Experiments,19.3856,-46.1882
Experiments,52.7639,6.5165
Experiments,40.23,59.7311
Experiments,72.8257,-27.816
Experiments,63.4992,23.7451
Experiments,80.2152,10.8579
Experiments,72.6481,-39.7397
Experiments,33.0246,-12.2005
Experiments,75.7489,7.8685
Experiments,107.8119,-1.2824
Experiments,84.2211,23.4375
Experiments,78.2581,-23.8581
Experiments,27.1102,-30.7764
Experiments,92.4647,-9.5005
Experiments,32.8312,-69.5379
Experiments,35.7549,73.2478
Experiments,79.7808,-17.0655
Experiments,45.5103,-69.8835
Experiments,49.1259,-45.4058
Experiments,57.4754,-36.9538
Experiments,37.09,-77.871
Experiments,34.1537,-26.8046
Experiments,80.3132,11.1003
Experiments,55.735,0.151
Experiments,62.9226,-12.7609
Experiments,43.2112,78.7776
Experiments,43.6785,57.4559
Experiments,2.2107,-72.8625
Experiments,63.2255,-57.7616
Experiments,48.4291,71.8691
Experiments,22.4363,-50.1763
Experiments,47.0821,-71.1069
Experiments,34.5275,-60.0722
Experiments,28.4611,14.7987
Experiments,58.4171,-2.7252
Experiments,76.0723,-41.7512
Experiments,56.8216,-75.4368
Experiments,27.8587,-45.4856
Experiments,29.1307,-68.6689
Experiments,46.4171,-40.0468
Experiments,42.0576,-14.4594
Experiments,37.8808,-30.292
Experiments,17.6554,-52.6288
Experiments,61.2515,77.4037
Experiments,80.8607,-5.5328
Experiments,21.716,-11.5537
Experiments,108.0151,-10.1066
Experiments,66.2856,7.6805
Experiments,56.096,63.1444
Experiments,94.7891,6.245
Experiments,70.8955,-67.4609
Experiments,32.44,-64.3357
Experiments,95.7404,40.3542
Experiments,53.3656,66.5001
Experiments,44.9636,-74.5862
Experiments,60.5409,47.1207
Experiments,53.3399,56.0046
Experiments,45.5227,12.8221
Experiments,34.2435,63.8274
Experiments,44.6415,14.4757
Experiments,75.4029,9.7187
Experiments,-10.4338,66.3048
Experiments,61.6626,79.2518
Experiments,-56.4431,47.206
Experiments,44.6578,38.3744
Experiments,71.4766,-35.1707
Experiments,61.2236,77.4003
Experiments,-43.9314,-22.5405
Experiments,29.6912,37.9719
Experiments,81.1195,-3.253
Experiments,31.2758,-13.2307
Experiments,77.1608,-66.4284
Experiments,26.0399,-27.0595
Experiments,26.5129,-56.8756
Experiments,86.753,-5.8653
Experiments,34.8055,-52.9635
Experiments,91.9407,-32.9049
Experiments,34.6817,-27.183
Experiments,80.0425,51.6725
Experiments,96.3146,35.0766
Experiments,32.5228,-57.7436
Experiments,82.9695,-25.817
Experiments,99.1176,2.2223
Experiments,29.51,-22.5918
Experiments,62.0661,36.0439
Experiments,24.0896,-42.6357
Experiments,22.3002,-25.8065
Experiments,58.4396,-37.2033
Experiments,40.676,-39.0216
Experiments,87.3639,8.6168
Experiments,17.9551,-49.3413
Experiments,33.1966,-5.5701
Experiments,48.938,-46.3102
Experiments,57.2394,-58.1794
Experiments,50.8428,1.6009
Experiments,42.9478,13.7397
Experiments,80.4786,9.09
Experiments,49.9614,-43.9609
Experiments,49.4461,78.4607
Experiments,71.7681,-11.191
Experiments,52.4118,7.3189
Experiments,55.6354,-30.6274
Experiments,38.0575,18.7974
Experiments,61.7851,-7.2093
Experiments,50.0956,-2.2899
Experiments,59.9945,39.2334
Experiments,71.3931,68.1137
Experiments,62.4875,24.3141
Experiments,6.7315,-36.5899
Experiments,90.2126,46.0851
Experiments,41.2802,-53.7623
Experiments,64.7403,37.5389
Experiments,16.7699,-52.1
Experiments,88.6235,-4.2176
Experiments,41.4943,-18.4355
Experiments,17.0072,-47.6319
Experiments,57.0025,51.2689
Experiments,34.031,-59.334
Experiments,102.5297,-12.3717
Experiments,54.6482,-16.7625
Experiments,27.8354,-45.491
Experiments,26.6771,68.7148
Experiments,61.5553,-38.8059
Experiments,43.4263,-36.1766
Experiments,45.068,-1.65
Experiments,80.1055,-22.8576
Experiments,-59.3175,27.8338
Experiments,48.9389,-58.0406
Experiments,56.6221,-0.894
Experiments,-60.6449,-48.843
Experiments,52.3686,-16.2348
Experiments,28.8786,-62.6654
Experiments,22.1314,-69.6241
Experiments,-67.8252,58.8064
Experiments,31.6735,-59.4098
Experiments,102.5215,-26.4991
Experiments,74.2185,-13.9527
Experiments,89.5942,-28.2604
Experiments,94.0708,-7.2461
Experiments,37.7502,3.0132
Experiments,76.1785,-67.5816
Experiments,33.6589,64.3537
Experiments,107.8266,-1.2773
Experiments,28.4751,-66.3722
Experiments,18.0943,-48.2697
Experiments,36.6307,71.3552
Experiments,30.7089,-18.5918
Experiments,25.729,5.3343
Experiments,35.5945,36.9782
Experiments,42.6909,-7.1705
Experiments,47.2852,-75.0727
Experiments,-19.2849,57.1285
Experiments,65.1637,44.1715
Experiments,46.844,3.1957
Experiments,92.6244,-9.6625
Experiments,22.9236,27.3032
Experiments,44.3474,29.1045
Experiments,66.219,6.8615
Experiments,21.3115,-61.0832
Experiments,85.4658,-23.7542
Experiments,41.4512,-59.522
Experiments,62.1736,-56.2648
Experiments,57.3305,-76.2823
Experiments,67.5323,-60.3928
Experiments,31.994,68.6849
Experiments,38.5281,8.1417
Experiments,43.6728,-17.9673
Experiments,34.2568,-22.4655
Experiments,65.6758,43.8098
Experiments,41.8311,-58.0895
Experiments,51.4921,-11.6845
Experiments,62.8459,-77.6408
Experiments,26.6121,68.8538
Experiments,15.8272,-31.0263
Experiments,28.5201,-4.0966
Experiments,61.4738,65.5879
Experiments,29.7116,-35.3843
Experiments,82.5462,-19.564
Experiments,70.8503,-61.4137
Experiments,59.0757,-58.9666
Experiments,64.3568,-72.5438
Experiments,103.319,-14.3271
Experiments,47.8091,52.8787
Experiments,31.3769,-35.4654
Experiments,27.7887,-63.3849
Experiments,40.2696,-38.9974
Experiments,62.0591,47.2538
Experiments,66.8177,-27.9626
Experiments,100.5839,-5.8439
Experiments,48.8875,28.6676
Experiments,72.5699,-13.3849
Experiments,62.913,47.6902
Experiments,54.0441,-53.8627
Experiments,65.5981,42.8518
Experiments,46.5159,68.5328
Experiments,52.0788,44.4307
Experiments,84.7139,-32.9532
Experiments,35.2461,4.5356
Experiments,34.6432,66.8542
Experiments,80.5034,34.8134
Experiments,28.7712,10.4227
Experiments,61.7607,62.2729
Experiments,52.204,-3.2535
Experiments,64.2058,-44.2431
Experiments,96.0565,-5.8908
Experiments,41.0901,51.5647
Experiments,30.6871,-59.279
Experiments,47.3804,-71.6027
Experiments,86.4239,18.658
Experiments,30.412,10.8733
Experiments,79.6934,-45.6125
Experiments,42.245,-12.6702
Experiments,31.9352,60.6287
Experiments,57.6705,-17.8908
Experiments,76.9176,-2.3354
Experiments,67.8349,-60.5543
Experiments,50.814,-68.2926
Experiments,34.847,-55.3115
Experiments,57.6095,67.1
Experiments,64.578,24.8597
Experiments,58.4504,21.245
Experiments,4.9818,-39.5046
Experiments,63.2566,-57.4151
Experiments,31.5775,37.5499
Experiments,55.741,-3.069
Experiments,105.7547,37.9241
Experiments,21.6301,-53.9713
Experiments,23.2779,-25.46
Experiments,46.8083,9.6745
Experiments,86.9466,24.6438
Experiments,45.9139,37.6091
Experiments,30.7469,-18.4648
Experiments,49.0003,-59.0624
Experiments,45.43,75.5265
Experiments,63.0917,71.896
Experiments,41.4659,-56.3717
Experiments,58.7249,-37.5384
Experiments,52.545,-44.8965
Experiments,74.4427,-3.1125
Experiments,69.6974,-29.1639
Experiments,88.3692,-26.5647
Experiments,88.7149,17.8542
Experiments,53.1221,-17.3796
Experiments,27.2805,-30.5225
Experiments,-83.6752,-8.7988
Experiments,33.7791,-15.7689
Experiments,48.9885,34.6705
Experiments,86.6706,-24.0812
Experiments,38.202,58.5634
Experiments,86.4543,2.6275
Experiments,58.5171,-35.3641
Experiments,96.0135,20.0509
Experiments,94.7061,-3.8601
Experiments,32.3601,-80.3997
Experiments,52.9242,43.2327
Experiments,47.9195,-40.444
Experiments,-81.9424,55.2113
Experiments,37.1573,-59.154
Experiments,1.8033,19.5698
Experiments,27.3383,-67.377
Experiments,73.1595,-61.8031
Experiments,61.2782,-21.152
Experiments,60.3907,43.5526
Experiments,24.7665,65.7102
Experiments,52.907,-2.8575
Experiments,63.389,-55.2357
Experiments,21.9898,-69.929
Experiments,101.4218,1.6889
Experiments,24.7454,-56.1799
Experiments,-15.1231,-36.7837
Experiments,32.4026,-26.3051
Experiments,62.175,10.1795
Experiments,59.5935,-40.5348
Experiments,99.3875,12.2531
Experiments,58.4693,70.1817
Experiments,28.5623,-63.0358
Experiments,34.2372,-16.3251
Experiments,67.6397,47.4346
Experiments,35.126,4.4093
Experiments,35.8767,74.9196
Experiments,24.4681,-58.0654
Experiments,35.2486,22.7294
Experiments,61.8033,43.0329
Experiments,37.6345,-49.953
Experiments,44.2295,8.9685
Experiments,67.6035,69.871
Experiments,48.1122,-33.3454
Experiments,36.4702,-37.9718
Experiments,59.1114,16.1385
Experiments,63.176,10.0343
Experiments,64.2899,7.413
Experiments,102.9568,21.0146
Experiments,52.2013,5.0025
Experiments,46.7982,-9.8835
Experiments,57.0256,-30.7371
Experiments,40.3359,14.1066
Experiments,79.7043,-31.1427
Experiments,64.6799,10.2544
Experiments,65.639,68.5942
Experiments,2.1255,-41.2653
Experiments,42.5252,-37.1265
Experiments,51.2749,-58.5308
Experiments,56.2776,-29.641
Experiments,52.2823,-5.0266
Experiments,34.9435,-67.6731
Experiments,31.0521,61.6447
Experiments,8.6788,-44.9736
Experiments,72.9912,-36.3078
Experiments,70.6261,43.1947
Experiments,86.4674,12.1004
Experiments,61.939,53.2495
Experiments,57.9615,-22.9477
Experiments,90.1447,31.9
Experiments,33.3589,-13.9856
Experiments,34.2705,-68.5399
Experiments,19.9791,-53.8383
Experiments,56.4203,0.2168
Experiments,57.4027,-51.5436
Experiments,57.6415,19.0807
Experiments,107.5362,36.8347
Experiments,91.4811,-6.922
Experiments,52.5867,20.5988
Experiments,33.4231,68.0346
Experiments,30.9904,-51.0726
Experiments,58.8087,-41.0737
Experiments,59.1904,-7.1148
Experiments,56.6269,51.6178
Experiments,47.4613,-17.9602
Experiments,46.508,-58.7046
Experiments,52.4499,73.0325
Experiments,38.156,42.2017
Experiments,39.9601,-32.8346
Experiments,71.043,-11.7833
Experiments,88.7325,48.9688
Experiments,51.9828,5.7269
Experiments,55.2478,-80.2907
Experiments,32.3884,-64.2555
Experiments,102.0512,23.6546
Experiments,58.9248,-37.5337
Experiments,102.5152,1.0353
Experiments,73.7081,13.4956
Experiments,30.6713,-70.4276
Experiments,33.2925,-57.2587
Experiments,58.3851,-38.34
Experiments,36.797,-10.6197
Experiments,57.3486,-29.8424
Experiments,84.7237,-21.8821
Experiments,35.7796,-7.8379
Experiments,59.1665,3.1441
Experiments,50.1316,1.362
Experiments,32.7371,56.7803
Experiments,28.9363,-46.9549
Experiments,41.6662,11.0053
Experiments,47.1527,1.132
Experiments,50.9273,-77.3823
Experiments,42.8263,-36.424
Experiments,-63.1846,40.0727
Experiments,30.1969,5.8065
Experiments,47.9066,50.2616
Experiments,50.4263,-45.4935
Experiments,65.1379,-75.553
Experiments,22.2919,-60.2204
Experiments,58.3095,-34.6117
Experiments,38.9074,71.6518
Experiments,48.9041,-46.301
Experiments,32.096,-37.8426
Experiments,48.089,-47.3091
Experiments,36.4961,-0.684
Experiments,42.8129,52.4401
Experiments,73.083,-8.3967
Experiments,70.9786,-11.7462
Experiments,29.4502,0.0414
Experiments,50.1649,-43.2326
Experiments,27.4207,-2.7037
Experiments,27.6056,23.9822
Experiments,82.2002,-19.1314
Experiments,73.3292,4.4738
Experiments,26.3193,31.6572
Experiments,107.8195,-1.2924
Experiments,67.1554,-69.5524
Experiments,33.8372,-7.9988
Experiments,57.7487,-57.7856
Experiments,28.1441,15.2872
Experiments,33.0743,-60.9264
Experiments,57.2701,67.6373
Experiments,54.1737,43.172
Experiments,20.4358,-19.4201
Experiments,37.4309,66.4257
Experiments,-65.1567,-46.5487
Experiments,27.2005,-30.6227
Experiments,20.4621,-9.6835
Experiments,72.4004,-71.5879
Experiments,74.2707,-70.3797
Experiments,76.0693,-3.8635
Experiments,101.9671,-12.6539
Experiments,74.7391,49.7993
Experiments,15.3641,-46.7623
Experiments,37.8925,70.7107
Experiments,49.6207,78.4851
Experiments,64.3104,7.7033
Experiments,38.4326,71.8272
Experiments,34.4614,-15.6957
Experiments,100.2857,13.1109
Experiments,30.7592,-29.1329
Experiments,77.3613,-62.473
Experiments,58.8187,75.6832
Experiments,66.5467,-71.6287
Experiments,55.1281,0.5252
Experiments,35.6974,-23.2045
Experiments,74.6529,-61.6603
Experiments,34.4439,-48.9039
Experiments,54.8133,26.5888
Experiments,27.6245,25.0935
Experiments,43.7696,7.6968
Experiments,101.8418,40.2658
Experiments,72.0956,-4.9254
Experiments,45.0828,39.7408
Experiments,41.4899,-7.5794
Experiments,82.4864,3.3442
Experiments,58.955,-3.2922
Experiments,48.3881,24.465
Experiments,47.1667,-6.9219
Experiments,99.1243,-29.5199
Experiments,63.6262,14.7415
Experiments,83.6444,4.549
Experiments,63.3891,23.7466
Experiments,77.7848,-65.9741
Experiments,36.9626,14.2179
Experiments,43.1195,15.6632
Experiments,61.4588,-3.13
Experiments,45.0474,74.6657
Experiments,76.3355,8.4082
Experiments,35.9418,60.1047
Experiments,51.3981,-72.8193
Experiments,40.72,46.2577
Experiments,50.104,-43.4287
Experiments,34.2799,9.3
Experiments,30.8718,63.2408
Experiments,56.4836,56.7641
Experiments,73.0128,-12.203
Experiments,52.5926,-45.2451
Experiments,83.2042,-26.061
Experiments,39.5772,14.4264
Experiments,79.1058,-39.1151
Experiments,48.1431,-67.48
Experiments,32.81,0.8606
Experiments,53.4906,-24.304
Experiments,-25.089,7.3047
Experiments,85.2477,-28.0093
Experiments,105.9333,-7.4174
Experiments,43.5646,-6.0628
Experiments,41.9796,58.2802
Experiments,24.2135,-49.3033
Experiments,69.0781,67.0926
Experiments,74.5249,-71.974
Experiments,45.5382,33.5983
Experiments,64.5186,-45.4452
Experiments,42.1286,40.4267
Experiments,91.8846,38.9091
Experiments,-7.9108,11.8844
Experiments,103.4397,-5.6201
Experiments,95.8042,6.1357
Experiments,37.3592,-76.4617
Experiments,105.9849,-7.004
Experiments,47.6017,-18.127
Experiments,81.7441,38.3107
Experiments,17.3901,-48.4266
Experiments,103.0362,-29.4017
Experiments,50.7131,-45.2659
Experiments,87.6579,-28.1489
Experiments,30.8736,-12.2617
Experiments,24.0384,-56.2339
Experiments,76.6098,-23.4064
Experiments,73.8673,-61.7565
Experiments,44.6936,-37.3245
Experiments,101.1977,19.033
Experiments,65.1973,-69.0388
Experiments,54.0388,-45.9717
Experiments,71.6932,-7.7256
Experiments,30.378,41.3137
Experiments,26.3756,-74.7327
Experiments,22.0527,-70.0287
Experiments,97.037,-32.3674
Experiments,40.139,14.4543
Experiments,86.8698,9.2879
Experiments,30.3264,10.92
Experiments,52.8464,-10.0978
Experiments,63.5889,23.7467
Experiments,27.0201,-55.1494
Experiments,53.1669,-60.6216
Experiments,51.7045,-69.5985
Experiments,96.3494,-6.3703
Experiments,48.9838,73.217
Experiments,38.2471,-13.6054
Experiments,43.7815,10.9347
Experiments,37.0688,43.6278
Experiments,24.4075,-26.2524
Experiments,82.5106,-20.6557
Experiments,35.7711,-54.0798
Experiments,34.0531,18.9814
Experiments,39.5195,44.4678
Experiments,43.7269,7.6808
Experiments,91.3833,40.7382
Experiments,50.4561,-0.1337
Experiments,64.7452,-54.1287
Experiments,64.4786,-45.1495
Experiments,19.9393,-19.5002
Experiments,62.7535,42.8607
Experiments,94.0307,-7.2642
Experiments,51.0354,-76.8262
Experiments,101.8893,11.9205
Experiments,41.8796,-62.0404
Experiments,75.5369,-20.588
Experiments,69.6796,-66.4872
Experiments,56.826,64.9037
Experiments,30.7937,-58.9793
Experiments,70.5312,-37.0982
Experiments,76.7766,-16.1227
Experiments,38.5982,-7.6367
Experiments,74.466,21.8984
Experiments,68.7735,44.0772
Experiments,57.3367,-30.2109
Experiments,50.4047,-35.3161
Experiments,91.7306,-3.8849
Experiments,60.1504,44.2226
Experiments,21.0637,-49.861
Experiments,103.4045,-5.144
Experiments,45.6235,-68.563
Experiments,34.9653,-66.5371
Experiments,51.7723,-68.8859
Experiments,39.3069,-55.716
Experiments,47.105,33.2536
Experiments,72.9586,-19.4573
Experiments,51.7679,1.5342
Experiments,31.8232,-1.3362
Experiments,21.3908,-15.9894
Experiments,29.735,-62.7383
Experiments,31.5216,-1.6257
Experiments,85.0838,-18.5689
Experiments,100.2534,-31.7697
Experiments,55.9267,-53.0773
Experiments,39.2802,-7.9537
Experiments,68.0126,40.2807
Experiments,38.8109,9.3706
Experiments,34.123,-14.8446
Experiments,73.412,33.2722
Experiments,80.026,-21.1058
Experiments,72.754,-32.8281
Experiments,90.4991,-27.203
Experiments,43.1453,59.5886
Experiments,16.0526,-51.971
Experiments,71.2265,25.6222
Experiments,47.7651,-66.1817
Experiments,9.5471,62.0063
Experiments,31.0153,18.3448
Experiments,47.069,-27.5668
Experiments,68.6649,-71.7189
Experiments,42.6673,39.7078
Experiments,94.5281,-22.3314
Experiments,8.9703,79.5963
Experiments,25.4627,-10.4236
Experiments,47.221,35.488
Experiments,56.8634,-65.8622
Experiments,4.9711,-39.4942
Experiments,39.4462,-77.2042
Experiments,68.1782,-72.271
Experiments,36.7923,-10.6104
Experiments,50.1324,-68.8433
Experiments,52.5251,-44.5804
Experiments,61.7457,79.0794
Experiments,78.9479,31.2341
Experiments,48.1228,-59.904
Experiments,23.0803,1.87
Experiments,63.6169,-70.2808
Experiments,37.2067,35.3747
Experiments,79.3456,-39.1245
Experiments,52.943,78.2552
Experiments,56.2062,46.0915
Experiments,46.0041,11.6279
Experiments,46.9549,2.9586
Experiments,74.3328,63.2955
Experiments,57.3208,36.3013
Experiments,47.2247,1.2358
Experiments,78.8549,-33.5
Experiments,50.2147,22.2091
Experiments,79.8748,4.549
Experiments,94.7271,12.2429
Experiments,48.1702,-9.839
Experiments,50.09,-33.5059
Experiments,70.7162,43.1971
Experiments,79.0856,-34.5403
Experiments,62.8186,65.7465
Experiments,55.4232,-70.7628
Experiments,83.0096,-17.8792
Experiments,24.3939,-16.8965
Experiments,78.7611,-35.5283
Experiments,48.2648,62.0184
Experiments,86.2988,-28.7767
Experiments,96.9995,-31.8009
Experiments,27.0936,-26.4803
Experiments,98.7387,39.7076
Experiments,96.1537,33.4244
Experiments,21.3505,-44.6598
Experiments,34.6344,36.0942
Experiments,58.9842,-2.0333
Experiments,64.0787,72.7409
Experiments,58.6172,78.7192
Experiments,34.6509,-71.1003
Experiments,54.4153,-46.0464
Experiments,65.2311,7.0978
Experiments,79.4881,43.518
Experiments,31.9105,-58.993
Experiments,80.445,-35.0275
Experiments,71.8751,25.8083
Experiments,48.7161,-57.2985
Experiments,23.7514,-6.8251
Experiments,39.2728,65.2997
Experiments,60.4228,7.8948
Experiments,-18.3767,46.7731
Experiments,57.2327,67.6469
Experiments,72.8709,-2.6356
Experiments,60.0271,-34.5682
Experiments,34.7147,39.2569
Experiments,-37.6532,-57.1839
Experiments,67.2257,71.6019
Experiments,-45.5889,-5.288
Experiments,93.1049,42.1704
Experiments,64.3784,-76.7255
Experiments,88.7619,26.6371
Experiments,32.0685,-3.084
Experiments,33.1171,-14.5412
Experiments,58.3173,46.8607
Experiments,59.0378,-75.9411
Experiments,48.913,-74.4993
Experiments,76.0613,-42.3937
Experiments,60.3556,-21.6154
Experiments,54.7989,67.4939
Experiments,43.2227,-50.5081
Experiments,73.1544,-70.6121
Experiments,64.742,-73.1014
Experiments,50.8168,-75.0934
Experiments,49.9208,49.8011
Experiments,61.5822,-22.1828
Experiments,36.9364,-59.372
Experiments,81.8079,6.5715
Experiments,55.1503,-0.625
Experiments,47.7409,-1.0562
Experiments,78.9197,-17.6362
Experiments,39.0207,66.9545
Experiments,58.657,-39.4781
Experiments,16.8149,-14.2847
Experiments,67.1398,-65.1423
Experiments,55.2013,-72.5021
Experiments,38.2007,-7.7474
Experiments,42.2223,-61.5656
Experiments,54.6855,-19.2133
Experiments,103.5426,-15.0967
Experiments,38.6264,-57.2895
Experiments,38.1691,18.781
Experiments,31.478,70.9206
Experiments,60.1758,-17.6421
Experiments,32.713,-68.2947
Experiments,29.8316,40.6181
Experiments,33.0637,61.5747
Experiments,42.0311,-39.3034
Experiments,81.3921,-25.7367
Experiments,62.721,65.8508
Experiments,99.0799,40.6741
Experiments,32.1045,-22.8567
Experiments,74.6109,30.3358
Experiments,69.381,47.5203
Experiments,20.5549,-42.2924
Experiments,16.7529,-14.3371
Experiments,67.492,30.262
Experiments,83.3111,41.3693
Experiments,50.6019,-11.4307
Experiments,39.0131,1.3777
Experiments,78.9892,-19.2411
Experiments,42.795,-43.61
Experiments,86.8487,22.9492
Experiments,30.6314,2.9174
Experiments,68.8238,-72.7854
Experiments,101.1153,18.322
Experiments,60.1067,-39.9258
Experiments,50.2627,45.7772
Experiments,71.6036,-8.6293
Experiments,108.6162,-11.058
Experiments,67.1648,-65.2235
Experiments,27.8676,-45.545
Experiments,19.5315,-20.7824
Experiments,86.2215,-32.4195
Experiments,51.7264,-58.3029
Experiments,17.021,-47.9701
Experiments,64.6231,38.4342
Experiments,46.8278,6.3972
Experiments,27.3344,-30.5307
Experiments,43.5792,-36.2608
Experiments,48.0219,24.1137
Experiments,44.2721,29.2015
Experiments,70.4069,68.2456
Experiments,83.0161,-31.5756
Experiments,43.6942,9.9879
Experiments,56.9534,-29.568
Experiments,40.3698,59.5969
Experiments,72.8118,-66.7891
Experiments,46.1199,-59.0234
Experiments,44.8616,39.5685
Experiments,56.614,0.5627
Experiments,41.0602,52.7396
Experiments,78.1448,-16.3885
Experiments,19.7472,-46.6651
Experiments,56.4713,-52.8417
Experiments,43.7057,10.7494
Experiments,79.8168,51.0669
Experiments,21.8149,-11.6071
Experiments,102.4916,-26.121
Experiments,35.8175,-2.8375
Experiments,27.4573,26.4115
Experiments,60.512,-19.5579
Experiments,82.765,-28.8829
Experiments,15.2548,-24.0671
Experiments,99.8991,-1.26
Experiments,62.6666,21.9967
Experiments,101.3677,-24.8339
Experiments,37.5259,71.3806
Experiments,54.5543,-72.4786
Experiments,68.8187,-76.5063
Experiments,96.2981,-6.602
Experiments,49.51,51.0055
Experiments,26.0944,-44.6423
Experiments,40.1562,46.1762
Experiments,57.5678,65.8577
Experiments,65.5393,15.7019
Experiments,47.7444,-14.7671
Experiments,64.4575,-10.8697
Experiments,76.1574,-33.2709
Experiments,52.5931,-22.2276
Experiments,58.6699,-75.5629
Experiments,39.7144,35.9476
Experiments,105.1703,36.2753
Experiments,64.1384,10.2849
Experiments,38.0809,-32.4687
Experiments,79.003,-16.6821
Experiments,91.4978,9.5709
Experiments,30.7842,-64.6635
Experiments,48.2927,51.0407
Experiments,44.5635,14.304
Experiments,103.564,-14.8704
Experiments,28.5005,14.8041
Experiments,63.5142,25.0691
Experiments,51.2075,-45.5671
Experiments,60.2675,-18.0144
Experiments,78.76,30.0362
Experiments,43.9675,-61.6342
Experiments,78.4655,52.651
Experiments,39.9366,52.3157
Experiments,47.6627,16.349
Experiments,-43.9347,-22.5566
Experiments,74.525,5.3065
Experiments,29.0011,63.6246
Experiments,18.206,-46.2479
Experiments,79.2887,-6.3062
Experiments,49.4984,14.5782
Experiments,78.1275,42.6019
Experiments,31.5889,21.6353
Experiments,19.0192,-51.5491
Experiments,34.2548,-15.7889
Experiments,46.6912,-62.1298
Experiments,43.8979,7.6576
Experiments,99.2178,2.1262
Experiments,27.9738,-22.4684
Experiments,33.7121,18.8794
Experiments,40.6344,16.4088
Experiments,36.5258,9.494
Experiments,96.6974,-0.1156
Experiments,66.1458,44.3713
Experiments,-68.3623,21.8976
Experiments,92.2403,3.441
Experiments,53.1853,-8.5469
Experiments,49.1091,10.4089
Experiments,74.6802,-0.9701
Experiments,39.7743,14.1251
Experiments,70.6859,-72.2018
Experiments,59.5728,-42.8925
Experiments,37.2151,21.8902
Experiments,51.3542,58.2881
Experiments,103.5779,-12.1836
Experiments,51.1194,-1.9286
Experiments,82.8053,46.2886
Experiments,86.8597,-20.8918
Experiments,19.8317,-19.4165
Experiments,96.2149,-26.1785
Experiments,57.5575,35.7136
Experiments,46.7898,-9.8771
Experiments,103.7374,17.8173
Experiments,55.2849,-19.5987
Experiments,87.3359,-19.9629
Experiments,79.9304,-35.359
Experiments,95.1515,13.9942
Experiments,64.5933,36.0331
Experiments,62.0208,53.3092
Experiments,52.6,-16.3966
Experiments,62.6712,-79.5032
Experiments,50.0727,22.2382
Experiments,30.397,40.8303
Experiments,58.3023,46.8507
Experiments,24.2818,70.1526
Experiments,40.3969,0.4697
Experiments,86.4056,-23.0046
Experiments,40.0378,43.8273
Experiments,77.6021,-15.9833
Experiments,35.7959,68.9777
Experiments,35.0138,52.6408
Experiments,44.4766,38.32
Experiments,24.2833,-26.0262
Experiments,37.8213,-32.7541
Experiments,64.1424,4.5889
Experiments,86.7987,-4.5679
Experiments,58.3062,77.3606
Experiments,78.7488,30.0163
Experiments,27.3882,-41.7561
Experiments,75.88,22.1042
Experiments,49.5035,7.9388
Experiments,26.8787,32.1972
Experiments,27.3195,-68.2012
Experiments,26.7566,65.8984
Experiments,80.2415,-22.8053
Experiments,53.4321,38.9825
Experiments,76.2691,-15.5075
Experiments,72.6711,-44.1186
Experiments,72.587,-39.3902
Experiments,103.1599,0.892
Experiments,46.147,74.4815
Experiments,77.1612,-64.3158
Experiments,87.5448,-28.1259
Experiments,28.3195,-45.9817
Experiments,28.8411,-18.9123
Experiments,96.1848,-5.545
Experiments,90.4456,11.5505
Experiments,45.4434,-70.6569
Experiments,74.7473,49.7849
Experiments,68.9447,46.9355
Experiments,-10.7351,-37.8835
Experiments,51.1247,10.494
Experiments,45.7962,11.6881
Experiments,43.095,-39.1217
Experiments,92.472,-9.5044
Experiments,37.231,72.2711
Experiments,35.2516,18.2373
Experiments,43.9171,51.115
Experiments,77.1716,17.5484
Experiments,92.4954,-31.6419
Experiments,102.0685,-7.1414
Experiments,-8.163,-36.8408
Experiments,69.2977,-6.0414
Experiments,37.4969,15.7346
Experiments,31.2944,-65.018
Experiments,38.455,-21.4032
Experiments,81.0878,-3.292
Experiments,38.2045,-56.162
Experiments,75.1104,-28.0017
Experiments,72.1751,-31.3181
Experiments,25.4783,-46.347
Experiments,38.6662,-56.3794
Experiments,80.4548,-0.2671
Experiments,35.0948,50.997
Experiments,19.7791,-20.4036
Experiments,80.5014,10.7012
Experiments,17.1855,-50.6467
Experiments,35.8012,-54.5903
Experiments,77.4238,-1.4811
Experiments,58.4414,-57.8007
Experiments,70.4383,-71.7908
Experiments,43.8272,56.7396
Experiments,9.886,-31.2574
Experiments,48.5298,72.8347
Experiments,47.5462,44.6054
Experiments,77.6837,-35.8785
Experiments,38.4051,-5.3594
Experiments,79.538,-35.6381
Experiments,-68.5437,59.2339
Experiments,17.6942,-50.276
Experiments,67.6147,-64.3225
Experiments,76.0062,-15.2682
Experiments,-86.9149,-10.1241
Experiments,24.8453,-43.1901
Experiments,49.0216,-46.5855
Experiments,17.188,-50.664
Experiments,-68.2786,55.9747
Experiments,57.1998,-31.2873
Experiments,52.0207,-11.9145
Experiments,84.9406,0.423
Experiments,91.5972,13.2086
Experiments,44.1583,-61.4932
Experiments,24.0205,-59.6613
Experiments,48.2951,45.3613
Experiments,40.1947,36.5195
Experiments,60.288,38.9926
Experiments,38.2637,3.7938
Experiments,48.4563,-42.7427
Experiments,27.543,32.5837
Experiments,47.0753,25.2081
Experiments,59.3977,14.7197
Experiments,94.6585,6.3354
Experiments,101.9564,23.9679
Experiments,80.0386,-8.8316
Experiments,80.6968,-3.0006
Experiments,40.3871,7.7501
Experiments,49.8763,49.7879
Experiments,64.2835,24.4518
Experiments,48.4098,-46.1945
Experiments,90.5645,38.5722
Experiments,50.8168,-9.8396
Experiments,49.0932,-41.8924
Experiments,17.2708,-49.0398
Experiments,92.6578,-30.044
Experiments,81.5079,-3.6458
Experiments,28.2918,-46.1327
Experiments,22.0317,-69.8419
Experiments,97.9552,18.4625
Experiments,23.863,-6.8642
Experiments,91.1576,-3.7766
Experiments,47.539,33.0317
Experiments,-5.0804,67.1477
Experiments,40.4005,46.1642
Experiments,79.4534,-44.0267
Experiments,37.562,7.3421
Experiments,59.9679,44.2991
Experiments,47.2,-6.8588
Experiments,-53.2624,-43.032
Experiments,53.2425,-14.6176
Experiments,83.4149,-17.6339
Experiments,88.1238,9.2799
Experiments,52.391,20.5382
Experiments,48.0736,-66.1375
Experiments,47.7597,-14.9988
Experiments,34.9453,-52.9401
Experiments,80.0263,-8.8275
Experiments,54.0235,38.5972
Experiments,77.6046,-26.342
Experiments,102.5026,-7.714
Experiments,22.2945,-29.5243
Experiments,26.3341,31.6579
Experiments,52.3596,62.9748
Experiments,86.7182,9.2782
Experiments,47.1129,67.2772
Experiments,40.9142,61.4444
Experiments,88.1371,-30.0798
Experiments,55.1456,25.5219
Experiments,57.8981,20.3476
Experiments,87.3197,-9.8492
Experiments,23.3832,10.7822
Experiments,28.6077,76.4434
Experiments,39.996,-55.7001
Experiments,36.9207,-37.6048
Experiments,26.1683,69.559
Experiments,27.7934,-41.9832
Experiments,56.9455,-77.6974
Experiments,67.0994,-72.126
Experiments,15.8593,-21.7447
Experiments,58.6727,69.8922
Experiments,21.9786,-69.1815
Experiments,63.9154,71.49
Experiments,53.8853,24.0009
Experiments,104.6371,-19.9529
Experiments,103.0228,-13.605
Experiments,-23.148,-89.2562
Experiments,22.1514,-19.8713
Experiments,32.0487,-3.073
Experiments,58.9824,-40.6804
Experiments,25.8967,-58.9144
Experiments,39.4045,65.259
Experiments,53.4876,-14.8904
Experiments,50.6026,21.2318
Experiments,62.1705,62.1645
Experiments,78.3593,6.1967
Experiments,103.4731,2.5815
Experiments,49.1734,56.821
Experiments,36.853,-10.3475
Experiments,99.1254,31.1733
Experiments,79.1369,-39.546
Experiments,55.7741,6.8386
Experiments,-15.146,-36.7962
Experiments,90.3885,11.548
Experiments,49.431,-18.7429
Experiments,34.6289,17.5449
Experiments,58.2954,47.0658
Experiments,89.9413,31.1538
Experiments,23.0865,-16.4975
Experiments,29.7762,40.6403
Experiments,49.4317,-44.7108
Experiments,36.2092,0.2579
Experiments,44.2135,-52.791
Experiments,44.6852,-59.1498
Experiments,74.5851,9.9475
Experiments,103.4921,3.5391
Experiments,50.3971,-45.5947
Experiments,55.8866,1.3931
Experiments,-59.8695,-45.1302
Experiments,39.3873,0.7617
Experiments,-5.3845,67.1712
Experiments,51.1233,-76.2935
Experiments,92.8071,-30.4659
Experiments,99.0867,13.7239
Experiments,30.6159,6.7839
Experiments,31.9991,-22.6417
Experiments,26.4854,-56.7093
Experiments,70.6621,43.0742
Experiments,34.9953,-66.8468
Experiments,58.9885,45.7818
Experiments,51.3676,53.1345
Experiments,37.3068,0.5929
Experiments,34.7229,-58.9669
Experiments,83.2644,-29.8483
Experiments,78.3742,15.8069
Experiments,60.1861,-17.7098
Experiments,56.5982,50.4543
Experiments,85.0031,27.0863
Experiments,47.6711,-74.9093
Experiments,91.5331,-9.0109
Experiments,28.7411,-69.2148
Experiments,72.134,-27.8451
Experiments,31.4082,-65.2647
Experiments,60.0126,72.2767
Experiments,53.1536,56.1512
Experiments,91.2344,-30.8256
Experiments,72.2634,-69.7745
Experiments,96.0138,33.5455
Experiments,75.6212,-16.3779
Experiments,18.5244,-51.0484
Experiments,64.2604,7.3906
Experiments,29.3512,36.7915
Experiments,29.1126,-71.2573
Experiments,57.9656,-22.9463
Experiments,35.0587,-22.0065
Experiments,63.4201,-55.4548
Experiments,77.6547,-66.2936
Experiments,47.1736,-41.3949
Experiments,54.6248,-16.4258
Experiments,34.8312,-2.9267
Experiments,58.9232,11.7576
Experiments,49.4517,-32.3668
Experiments,27.1087,-48.208
Experiments,1.0618,16.819
Experiments,52.0302,-1.3548
Experiments,32.0602,-14.4438
Experiments,101.1312,18.1533
Experiments,72.065,26.3677
Experiments,76.6681,-15.4281
Experiments,65.4673,-74.966
Experiments,59.504,-76.5531
Experiments,-37.4638,-69.1385
Experiments,37.9456,-8.4579
Experiments,75.2688,-46.5364
Experiments,55.7164,46.3825
Experiments,-64.7322,54.6035
Experiments,37.7762,-77.3092
Experiments,73.0242,-43.7629
Experiments,32.0923,69.0904
Experiments,33.1348,-65.6263
Experiments,108.3181,-10.4871
Experiments,86.9459,-0.3572
Experiments,51.7507,-3.6981
Experiments,47.9135,-70.5713
Experiments,59.2156,16.3031
Experiments,60.0491,-39.8408
Experiments,22.4783,-48.1664
Experiments,76.3794,-4.1863
Experiments,96.2766,-25.4119
Experiments,97.605,-8.6853
Experiments,67.3613,-71.6567
Experiments,49.9957,-5.8038
Experiments,96.8691,39.206
Experiments,56.9828,-40.0574
Experiments,36.5493,66.7264
Experiments,74.6922,8.3135
Experiments,102.3195,1.3428
Experiments,78.6639,-36.1482
Experiments,66.9799,-69.3819
Experiments,37.8708,-5.1808
Experiments,77.5117,8.0281
Experiments,104.4421,-26.9977
Experiments,61.2822,78.154
Experiments,64.233,-55.2113
Experiments,46.0497,-69.2528
Experiments,58.0986,-36.1649
Experiments,102.7599,0.9658
Experiments,97.3849,34.6888
Experiments,47.519,43.1828
Experiments,59.7842,-42.9061
Experiments,49.5339,72.7014
Experiments,84.6963,11.5988
Experiments,59.2866,20.5925
Experiments,29.5878,3.8781
Experiments,72.3528,18.9066
Experiments,83.5984,-5.4461
Experiments,44.645,-59.2082
Experiments,55.391,20.2037
Experiments,87.1496,5.5816
Experiments,102.8921,22.3365
Experiments,-57.676,-28.4657
Experiments,75.2937,-68.3175
Experiments,61.9272,79.5155
Experiments,90.5465,0.6175
Experiments,34.737,-59.9411
Experiments,57.8907,17.3423
Experiments,75.8612,-12.1629
Experiments,32.4308,-17.9749
Experiments,22.3049,0.0265
Experiments,37.958,-39.9068
Experiments,48.7348,-0.8923
Experiments,102.6246,-29.5512
Experiments,40.3248,-2.6718
Experiments,13.5982,-22.9833
Experiments,47.6052,1.2571
Experiments,89.36,-28.0673
Experiments,100.8381,21.6408
Experiments,48.303,15.2065
Experiments,29.4928,53.3951
Experiments,30.4435,10.8693
Experiments,70.8648,68.2998
Experiments,52.8829,41.2009
Experiments,88.5869,15.8241
Experiments,44.6794,-63.2571
Experiments,-44.8395,81.5988
Experiments,49.9303,35.8219
Experiments,51.7602,-20.5131
Experiments,54.5465,8.3078
Experiments,70.4014,42.8337
Experiments,69.9982,40.5156
Experiments,27.643,-61.0614
Experiments,32.1656,76.9098
Experiments,38.3915,-69.9785
Experiments,33.4255,-8.0013
Experiments,36.9132,59.6555
Experiments,25.0646,-41.1666
Experiments,67.34,-72.719
Experiments,-10.5368,-38.8876
Experiments,38.3454,-76.1216
Experiments,51.3487,15.5532
Experiments,78.6789,-19.7287
Experiments,51.5181,15.6194
Experiments,-60.5608,-48.8782
Experiments,49.4612,-32.289
Experiments,43.6288,59.1318
Experiments,18.0593,-49.268
Experiments,93.559,28.9026
Experiments,-13.4561,17.6225
Experiments,103.7799,0.0714
Experiments,75.2231,-68.3208
Experiments,8.6527,-44.9574
Experiments,58.5046,-41.7377
Experiments,60.6443,18.6696
Experiments,97.7742,33.6624
Experiments,48.335,50.016
Experiments,24.2909,-26.0312
Experiments,63.8626,7.259
Experiments,31.4572,14.8023
Experiments,23.9429,16.3542
Experiments,80.4184,51.727
Experiments,47.3156,12.5874
Experiments,28.1961,-30.2996
Experiments,39.7052,6.2989
Experiments,43.345,13.9056
Experiments,87.1859,9.0221
Experiments,66.6337,60.5884
Experiments,71.261,-24.8955
Experiments,90.7571,-27.3671
Experiments,74.0405,-60.5183
Experiments,89.8923,10.8453
Experiments,92.4089,-38.4907
Experiments,41.0444,14.1518
Experiments,58.8868,75.8456
Experiments,25.9335,-60.4052
Experiments,79.7977,-6.4628
Experiments,80.4788,9.4207
Experiments,72.9537,47.5834
Experiments,23.5316,-46.9631
Experiments,-60.0918,-48.7786
Experiments,74.2089,61.6911
Experiments,48.2685,-35.5011
Experiments,60.9947,34.8519
Experiments,56.651,-35.2844
Experiments,65.0851,68.3717
Experiments,79.2697,52.4045
Experiments,16.8904,-49.5608
Experiments,33.1255,-65.6793
Experiments,68.6386,21.09
Experiments,44.2652,56.8814
Experiments,87.2326,-2.1492
Experiments,36.4042,-2.5373
Experiments,92.8653,38.4446
Experiments,84.4648,-26.8805
Experiments,30.7831,-21.572
Experiments,47.1799,1.1033
Experiments,51.5534,-8.4434
Experiments,71.1947,25.5724
Experiments,57.3588,-30.0706
Experiments,87.7844,-0.0076
Experiments,99.2099,32.3506
Experiments,22.7906,1.4842
Experiments,92.7319,-31.5151
Experiments,61.7725,57.2218
Experiments,66.1858,69.4212
Experiments,30.4742,25.1988
Experiments,39.8802,5.0818
Experiments,29.7608,62.3642
Experiments,51.34,42.6134
Experiments,48.9798,-57.2234
Experiments,49.4325,-35.5019
Experiments,55.1166,-29.7769
Experiments,104.3396,-26.712
Experiments,103.5531,-14.8808
Experiments,34.7011,-67.7248
Experiments,99.524,-27.6544
Experiments,99.1772,-27.5568
Experiments,80.764,-0.205
Experiments,103.9534,36.6104
Experiments,26.1798,-26.0168
Experiments,42.4063,13.8487
Experiments,72.3013,-69.6751
Experiments,31.5559,-66.776
Experiments,33.2631,-57.1959
Experiments,96.2154,-6.1539
Experiments,37.2654,72.2981
Experiments,90.538,-27.2008
Experiments,83.002,5.9835
Experiments,79.2612,11.405
Experiments,36.7227,-23.5666
Experiments,38.9695,1.6044
Experiments,43.6788,8.0096
Experiments,28.5886,-62.783
Experiments,21.4501,-28.5096
Experiments,63.9997,-70.0537
Experiments,48.572,-35.5359
Experiments,48.3364,15.5237
Experiments,65.3237,48.5475
Experiments,27.3301,-30.4617
Experiments,62.3323,41.8425
Experiments,80.0756,51.8258
Experiments,94.7004,37.2882
Experiments,34.1741,-15.8087
Experiments,105.6965,-10.1524
Experiments,35.3737,39.1599
Experiments,25.0443,-28.0495
Experiments,69.9458,-14.6791
Experiments,32.0954,-22.612
Experiments,80.7383,-6.1431
Experiments,17.7119,-53.9966
Experiments,31.9985,-35.5179
Experiments,35.9534,-36.8467
Experiments,44.9829,44.2778
Experiments,98.5421,38.6105
Experiments,61.3388,-72.8608
Experiments,57.9619,63.9584
Experiments,78.493,52.633
Experiments,-5.4451,67.1829
Experiments,42.9673,13.4844
Experiments,35.8133,-23.6523
Experiments,-25.0807,7.3032
Experiments,104.1729,-18.5129
Experiments,-14.9768,-37.1208
Experiments,34.0186,71.9944
Experiments,42.6411,-39.3143
Experiments,27.8873,-25.8206
Experiments,50.4397,1.4475
Experiments,69.7704,69.3045
Experiments,78.8289,-19.7255
Experiments,51.9861,-8.4192
Experiments,55.4043,48.9512
Experiments,62.2284,-56.2452
Experiments,61.7921,35.1417
Experiments,50.6793,-1.3337
Experiments,51.4883,-8.4918
Experiments,87.1268,-6.0542
Experiments,89.2456,-5.6521
Experiments,51.7744,-0.0552
Experiments,58.8393,19.5796
Experiments,48.5749,-35.752
Experiments,94.6348,6.3382
Experiments,56.1899,-32.4632
Experiments,101.6764,10.1241
Experiments,33.0056,-61.2377
Experiments,55.2956,-67.005
Experiments,24.1655,-57.9906
Experiments,28.7691,21.4763
Experiments,88.8945,11.0674
Experiments,64.6344,39.46
Experiments,-76.2783,-28.9089
Experiments,102.8338,-4.9341
Experiments,74.0263,5.25
Experiments,24.2714,-26.2316
Experiments,17.4605,-41.7653
Experiments,27.7353,-45.3174
Experiments,31.3269,77.5774
Experiments,84.9064,-28.8931
Experiments,59.1246,47.2433
Experiments,37.8131,-19.3992
Experiments,66.7043,54.8454
Experiments,35.1505,-36.1028
Experiments,102.8276,23.4883
Experiments,69.1326,-68.061
Experiments,54.4103,-25.1698
Experiments,34.2876,71.7415
Experiments,37.5035,-16.2944
Experiments,22.9114,27.3144
Experiments,29.3387,-70.5833
Experiments,40.0802,36.4767
Experiments,23.8034,-68.8159
Experiments,89.9635,-37.8897
Experiments,45.2508,-67.4772
Experiments,75.9781,-42.048
Experiments,34.9438,-54.656
Experiments,75.7059,27.5539
Experiments,59.342,-74.3812
Experiments,31.8258,60.7727
Experiments,41.2778,-18.5797
Experiments,40.329,36.5563
Experiments,106.3322,-1.1421
Experiments,37.6395,59.8271
Experiments,38.6551,-38.2303
Experiments,35.5915,-24.1285
Experiments,77.1714,-15.0621
Experiments,67.8316,-37.335
Experiments,63.1591,-66.2745
Experiments,51.2646,-71.572
Experiments,57.777,63.0136
Experiments,37.0105,-70.8279
Experiments,47.6386,-6.9356
Experiments,59.7135,-34.5048
Experiments,60.3048,-17.3992
Experiments,93.6395,-0.7769
Experiments,48.7991,23.0599
Experiments,87.6885,1.1995
Experiments,75.707,-19.6995
Experiments,99.7215,-27.8742
Experiments,64.0299,4.9431
Experiments,76.492,-14.8446
Experiments,50.0766,-70.6107
Experiments,35.0128,52.6535
Experiments,59.0572,-76.5958
Experiments,28.1161,-22.4286
Experiments,104.6468,-19.9695
Experiments,77.5406,-22.3514
Experiments,50.551,71.1044
Experiments,52.9314,-2.8448
Experiments,86.9928,24.4783
Experiments,23.2681,-25.2846
Experiments,39.3582,-59.1672
Experiments,38.9393,-11.6024
Experiments,83.4376,-31.4225
Experiments,52.482,23.3761
Experiments,56.3322,-56.3555
Experiments,98.7568,-30.1806
Experiments,89.9226,-2.8564
Experiments,32.5687,-43.982
Experiments,60.3401,19.6293
Experiments,54.0649,-4.8551
Experiments,30.8846,-29.0546
Experiments,72.4197,-63.4628
Experiments,77.2246,17.5477
Experiments,89.8466,31.1973
Experiments,55.0351,49.9683
Experiments,47.0717,-27.5686
Experiments,38.033,-29.9582
Experiments,102.7212,-29.3752
Experiments,59.0123,-5.4122
Experiments,88.5234,9.5552
Experiments,46.3819,-40.0899
Experiments,95.1781,42.5135
Experiments,62.2901,53.3623
Experiments,51.0734,-34.6285
Experiments,57.6174,62.2735
Experiments,31.5861,14.1103
Experiments,38.4813,-37.1651
Experiments,37.0316,57.8493
Experiments,31.4244,-18.5989
Experiments,104.5444,-13.2452
Experiments,-62.8609,-35.7257
Experiments,97.3958,16.2317
Experiments,90.8738,46.8612
Experiments,27.2813,25.1622
Experiments,56.1859,-2.7263
Experiments,28.6487,64.8767
Experiments,25.4801,-42.671
Experiments,65.3021,15.7885
Experiments,63.7667,-42.7478
Experiments,78.6389,30.1703
Experiments,60.5205,-57.1112
Experiments,97.6585,36.0692
Experiments,63.4696,-68.2236
Experiments,38.6097,9.4573
Experiments,58.4869,-43.2363
Experiments,38.7447,35.0335
Experiments,58.5322,28.0277
Experiments,47.9484,-31.125
Experiments,63.2819,-56.8969
Experiments,84.7372,-20.3208
Experiments,65.9346,-74.1392
Experiments,41.8035,-33.9563
Experiments,48.1712,28.7364
Experiments,20.1203,-10.788
Experiments,87.5001,-21.3612
Experiments,40.932,61.4443
Experiments,93.5698,-6.5646
Experiments,51.1667,7.1945
Experiments,52.357,4.8302
Experiments,35.2668,50.0814
Experiments,88.2176,11.4256
Experiments,49.6406,58.6597
Experiments,92.7042,-31.3715
Experiments,34.2761,68.4478
Experiments,71.89,-5.6795
Experiments,47.4416,-59.844
Experiments,55.6938,-32.327
Experiments,28.0224,2.3069
Experiments,41.5009,-38.2661
Experiments,93.8238,-8.6106
Experiments,48.4368,-73.3749
Experiments,69.8916,42.2021
Experiments,43.9158,4.3651
Experiments,91.1733,-16.8144
Experiments,42.9689,51.0998
Experiments,55.0174,49.8749
Experiments,31.7692,-28.8478
Experiments,74.9215,-18.8173
Experiments,58.8971,-35.1371
Experiments,39.723,-55.4166
Experiments,79.0746,-30.6708
Experiments,39.0124,-39.0139
Experiments,32.0514,69.1342
Experiments,46.6999,1.0415
Experiments,79.6237,-3.7434
Experiments,73.2514,17.8024
Experiments,50.1231,7.4982
Experiments,30.82,-9.5316
Experiments,71.591,6.2562
Experiments,75.0548,-65.8291
Experiments,45.243,33.8125
Experiments,44.7276,-15.588
Experiments,51.0061,-76.4708
Experiments,48.719,51.2446
Experiments,47.1335,-62.2253
Experiments,44.865,60.8093
Experiments,24.757,-42.8976
Experiments,98.8182,6.8466
Experiments,77.904,-34.4732
Experiments,84.8145,0.317
Experiments,52.6905,-6.773
Experiments,18.9437,-25.3433
Experiments,55.8974,19.4001
Experiments,54.7773,-80.6152
Experiments,90.7291,-16.2192
Experiments,55.6888,-29.9005
Experiments,92.2915,15.2594
Experiments,32.087,62.7409
Experiments,62.7123,-79.1564
Experiments,33.8278,39.6604
Experiments,-65.0728,-41.8448
Experiments,17.0701,-53.0355
Experiments,87.1041,5.5967
Experiments,36.3618,-55.64
Experiments,50.7933,-70.6046
Experiments,53.1207,-60.5075
Experiments,24.518,-55.3801
Experiments,61.2542,54.3674
Experiments,67.8102,47.4954
Experiments,38.3704,71.8253
Experiments,49.71,-43.0255
Experiments,38.189,38.4419
Experiments,41.4343,-22.7581
Experiments,66.4426,67.5587
Experiments,59.7613,14.6754
Experiments,72.6274,-44.5403
Experiments,77.0809,17.5027
Experiments,84.1974,23.4094
Experiments,69.017,-0.3767
Experiments,65.9457,7.0545
Experiments,47.832,76.5596
Experiments,42.3611,-61.5897
Experiments,104.7225,-20.101
Experiments,38.299,71.8652
Experiments,30.4776,-6.2622
Experiments,35.2025,-38.8561
Experiments,71.9061,-7.4249
Experiments,17.4739,-50.209
Experiments,38.3537,47.1626
Experiments,41.0963,-17.7095
Experiments,46.9942,-62.0037
Experiments,33.6664,64.3879
Experiments,31.3882,-27.9795
Experiments,90.8798,46.8669
Experiments,28.3209,61.8334
Experiments,29.9103,-53.1404
Experiments,83.3464,44.7523
Experiments,58.8766,78.9627
Experiments,68.2566,43.0235
Experiments,40.943,-2.9112
Experiments,25.7141,-40.4876
Experiments,85.145,-28.177
Experiments,28.5071,14.7164
Experiments,31.9597,-1.2004
Experiments,33.6502,64.3346
Experiments,79.452,-35.6241
Experiments,47.1787,-61.8404
Experiments,65.3119,74.5112
Experiments,34.5094,53.3636
Experiments,28.9015,66.6561
Experiments,80.6443,-36.2541
Experiments,63.255,-57.3453
Experiments,65.3,66.1698
Experiments,68.6785,-74.3284
Experiments,70.5441,43.1719
Experiments,33.6295,-19.1079
Experiments,66.777,69.3106
Experiments,30.6282,-51.4185
Experiments,48.2109,-47.2554
Experiments,35.3077,60.1748
Experiments,26.0247,-26.9993
Experiments,64.3677,-64.968
Experiments,55.9483,-53.6196
Experiments,27.9968,19.0838
Experiments,49.8119,59.2472
Experiments,56.5749,38.693
Experiments,39.3524,7.7562
Experiments,56.7848,54.7535
Experiments,75.2928,-46.3214
Experiments,96.9464,-27.5312
Experiments,73.4033,67.8643
Experiments,26.2105,12.6944
Experiments,91.0065,-29.5933
Experiments,78.1391,-20.6268
Experiments,51.7201,40.4668
Experiments,101.1336,18.3835
Experiments,61.8846,76.1309
Experiments,71.0779,-62.0488
Experiments,24.9103,-24.4131
Experiments,22.8654,13.945
Experiments,63.104,-41.8004
Experiments,71.0335,9.2219
Experiments,57.1446,-45.9379
Experiments,28.7467,-15.8198
Experiments,34.7423,0.8278
Experiments,65.2461,-71.7914
Experiments,31.0306,-21.6273
Experiments,96.9735,-27.4728
Experiments,48.1779,69.889
Experiments,67.9985,46.806
Experiments,51.7155,59.6263
Experiments,56.7636,-30.1423
Experiments,69.1828,43.604
Experiments,62.8759,-69.6998
Experiments,101.2261,-12.7582
Experiments,54.3624,-50.8056
Experiments,65.5017,44.5989
Experiments,80.9318,-5.6155
Experiments,50.2351,-56.538
Experiments,42.5606,-42.6771
Experiments,84.9285,-28.6908
Experiments,56.1137,-78.1719
Experiments,99.5228,15.374
Experiments,70.5278,-69.3108
Experiments,90.6424,-16.2612
Experiments,50.0432,24.4591
Experiments,15.643,-46.012
Experiments,71.8754,-44.3529
Experiments,59.1552,19.8953
Experiments,33.9256,-73.5281
Experiments,84.0413,-7.7327
Experiments,25.8563,-45.9155
Experiments,83.1968,44.6798
Experiments,33.8427,-73.6246
Experiments,43.5992,40.8118
Experiments,71.5633,-29.0504
Experiments,91.1855,-27.5531
Experiments,62.9023,19.1382
Experiments,58.4422,77.3529
Experiments,62.6544,77.7265
Experiments,63.6756,-77.6063
Experiments,38.765,3.8378
Experiments,42.297,50.184
Experiments,72.9838,-26.8464
Experiments,91.4818,-7.7078
Experiments,97.5923,-8.6654
Experiments,31.7527,1.3368
Experiments,48.6525,-46.2766
Experiments,107.1298,-13.94
Experiments,66.1133,69.3426
Experiments,73.5268,-3.0132
Experiments,86.6476,-7.3429
Experiments,57.0885,-8.4779
Experiments,86.7434,-29.6417
Experiments,32.8356,63.0155
Experiments,58.2624,-2.5236
Experiments,72.0537,34.3516
Experiments,82.1437,-32.0587
Experiments,92.8815,-39.2688
Experiments,58.5338,28.0285
Experiments,41.7298,-58.3181
Experiments,44.4402,14.1285
Experiments,39.3141,6.8659
Experiments,73.7529,13.4263
Experiments,84.1285,-18.9438
Experiments,47.3769,-39.8154
Experiments,37.9798,-29.8042
Experiments,28.8482,-62.6484
Experiments,78.689,-4.2374
Experiments,38.3667,-0.5485
Experiments,-9.8253,-51.0382
Experiments,75.7327,22.0931
Experiments,51.8406,33.5534
Experiments,75.0437,-71.9621
Experiments,-3.9261,29.603
Experiments,58.1594,-57.9975
Experiments,31.7536,-59.5953
Experiments,31.3389,-64.899
Experiments,72.3061,-19.2976
Experiments,-5.9466,-98.9165
Experiments,64.7891,-71.0857
Experiments,57.6753,-2.2695
Experiments,75.8103,22.1121
Experiments,52.468,20.6549
Experiments,48.0428,-71.7479
Experiments,48.1142,1.4437
Experiments,38.2248,3.2807
Experiments,62.087,72.3087
Experiments,28.19,-46.0342
Experiments,26.9768,32.548
Experiments,49.5706,3.3823
Experiments,6.25,13.9558
Experiments,25.4912,69.8465
Experiments,89.0874,24.2212
Experiments,77.8672,8.4127
Experiments,73.1696,-40.8267
Experiments,39.7531,62.4887
Experiments,27.8884,-63.4663
Experiments,31.1689,3.2733
Experiments,36.2046,2.7809
Experiments,73.0946,59.2557
Experiments,43.078,44.8919
Experiments,97.2027,-29.8865
Experiments,10.398,68.7679
Experiments,26.5818,-43.3474
Experiments,72.995,-33.5756
Experiments,87.644,-7.5587
Experiments,76.7765,-33.6624
Experiments,32.2998,56.2499
Experiments,53.7434,-23.9481
Experiments,6.7522,-3.0274
Experiments,41.6139,-62.6441
Experiments,47.6243,12.0704
Experiments,51.3154,-71.4776
Experiments,62.9483,71.6023
Experiments,30.33,40.182
Experiments,39.6233,47.0082
Experiments,47.8763,-66.1304
Experiments,52.6181,-4.1865
Experiments,51.5062,-73.3108
Experiments,52.8464,41.9005
Experiments,86.1873,13.5689
Experiments,63.6331,23.8424
Experiments,82.4306,3.3224
Experiments,43.5349,-56.8331
Experiments,52.585,72.699
Experiments,57.3333,43.5073
Experiments,37.0942,0.5067
Experiments,87.3119,-34.5579
Experiments,71.3095,-28.239
Experiments,103.6933,17.881
Experiments,25.0259,-41.1542
Experiments,40.4028,-52.7512
Experiments,55.3161,6.576
Experiments,92.4862,-8.9568
Experiments,68.6751,37.5117
Experiments,56.9572,51.1174
Experiments,90.1134,-36.9924
Experiments,44.4646,33.524
Experiments,41.3546,0.171
Experiments,98.186,-28.9368
Experiments,60.7563,68.7419
Experiments,95.7315,-23.2718
Experiments,58.5238,77.4534
Experiments,-65.6806,63.4073
Experiments,68.7294,-3.9358
Experiments,68.5122,68.9458
Experiments,67.3062,62.1662
Experiments,88.1289,-8.4426
Experiments,27.6776,12.4684
Experiments,28.0131,-19.3987
Experiments,52.295,72.7592
Experiments,-59.7233,-29.9387
Experiments,62.2901,-69.4897
Experiments,46.8229,10.054
Experiments,56.2467,14.6773
Experiments,-68.7514,56.8194
Experiments,29.3446,37.853
Experiments,14.0071,-20.5296
Experiments,42.6787,13.3479
Experiments,44.4537,-52.5732
Experiments,33.4225,18.797
Experiments,-81.9418,-25.2075
Experiments,80.9451,-2.8768
Experiments,41.2679,56.801
Experiments,51.2289,-8.6248
Experiments,50.6425,6.1259
Experiments,74.2113,-16.6383
Experiments,40.3362,-61.6893
Experiments,48.424,-32.1614
Experiments,48.4646,-60.0728
Experiments,66.0957,69.4887
Experiments,34.4868,-52.4644
Experiments,39.4353,-56.3517
Experiments,68.9149,-60.7605
Experiments,80.0949,7.74
Experiments,76.8971,-10.8327
Experiments,38.2096,-7.8383
Experiments,71.8304,-5.6141
Experiments,33.7809,16.6611
Experiments,62.0227,25.7151
Experiments,90.846,-16.2582
Experiments,60.1195,-70.072
Experiments,72.4449,-71.2685
Experiments,57.3412,-58.6745
Experiments,84.1954,-5.2005
Experiments,58.643,-10.5562
Experiments,73.1102,48.6635
Experiments,52.6354,59.0279
Experiments,33.63,55.3152
Experiments,58.3871,44.9706
Experiments,50.3049,34.4102
Experiments,52.0,-1.0458
Experiments,50.2041,-43.3897
Experiments,79.6696,-45.5166
Experiments,99.2783,-9.0146
Experiments,35.9151,-23.601
Experiments,37.6647,14.7678
Experiments,35.1763,-64.2988
Experiments,45.6851,57.1764
Experiments,44.2541,32.5332
Experiments,90.7357,-3.3787
Experiments,31.3195,69.0958
Experiments,33.6104,45.2037
Experiments,41.3861,-53.8413
Experiments,31.791,63.3932
Experiments,25.2956,-51.8374
Experiments,35.832,6.5406
Experiments,60.026,-40.2072
Experiments,35.8338,36.9099
Experiments,82.456,-28.6305
Experiments,30.8439,-12.2387
Experiments,69.6925,-29.0867
Experiments,79.4265,26.1553
Experiments,57.1446,-0.0288
Experiments,53.896,4.5096
Experiments,72.0322,54.329
Experiments,71.6571,-7.7727
Experiments,22.9816,-43.9088
Experiments,36.0999,32.5814
Experiments,37.2052,66.6246
Experiments,49.6014,-12.7694
Experiments,78.0726,-24.041
Experiments,39.5879,60.6058
Experiments,89.6116,-2.0509
Experiments,26.1958,-43.5492
Experiments,104.2386,35.1475
Experiments,11.0063,-14.4454
Experiments,56.0627,-52.9976
Experiments,43.1406,-57.0346
Experiments,28.5984,2.5474
Experiments,96.1591,-26.1033
Experiments,37.898,54.1958
Experiments,49.1686,-45.2694
Experiments,105.9064,-1.6922
Experiments,28.364,-15.6863
Experiments,51.707,-8.516
Experiments,38.5095,2.8257
Experiments,79.2208,-2.1611
Experiments,49.8024,78.4197
Experiments,19.6676,-19.4525
Experiments,58.0182,-72.7536
Experiments,68.6541,-65.2002
Experiments,56.7579,0.8237
Experiments,38.7458,35.0273
Experiments,37.7014,-18.3874
Experiments,71.1351,9.0476
Experiments,71.5816,4.1061
Experiments,93.692,11.0535
Experiments,63.262,24.1014
Experiments,43.0722,39.8675
Experiments,66.2446,49.7871
Experiments,22.8539,-42.8988
Experiments,42.0884,-60.4116
Experiments,82.4101,-30.413
Experiments,59.9436,-44.8362
Experiments,72.6407,-44.7937
Experiments,99.0153,3.9932
Experiments,86.5071,2.8953
Experiments,44.0031,-56.8266
Experiments,35.1592,-53.291
Experiments,77.1947,17.5461
Experiments,75.8634,-25.3404
Experiments,31.5783,-63.0034
Experiments,53.0111,23.6742
Experiments,26.4201,-67.4409
Experiments,72.8842,-5.3382
Experiments,25.3797,-67.993
Experiments,62.9898,-78.6594
Experiments,23.9739,-42.6212
Experiments,72.0975,-35.5417
Experiments,42.2039,-37.8118
Experiments,89.7089,-3.0558
Experiments,87.7924,11.4586
Experiments,-14.9678,-37.1248
Experiments,67.2895,40.4323
Experiments,60.7847,60.5711
Experiments,57.7787,-44.6363
Experiments,54.8089,4.0287
Experiments,54.4558,27.8668
Experiments,25.2162,-57.0866
Experiments,47.2426,-72.1312
Experiments,50.5063,-0.1193
Experiments,48.3711,-40.9499
Experiments,55.4405,-15.529
Experiments,48.4386,15.1894
Experiments,54.1339,-2.5385
Experiments,36.1484,-65.2269
Experiments,62.0136,-71.738
Experiments,72.7104,-35.7946
Experiments,62.9143,49.5124
Experiments,68.3757,-58.8405
Experiments,37.6021,-16.7863
Experiments,21.2696,-27.5056
Experiments,49.7469,3.2253
Experiments,73.8237,40.6703
Experiments,30.3127,63.6544
Experiments,47.7346,11.3953
Experiments,56.857,52.9051
Experiments,30.8376,-9.5245
Experiments,46.8173,-45.7533
Experiments,14.9366,31.3072
Experiments,37.9924,-29.8793
Experiments,42.887,28.8512
Experiments,31.4494,69.6281
Experiments,99.5541,15.381
Experiments,83.8268,23.2031
Experiments,26.5933,-67.1831
Experiments,43.5191,56.8149
Experiments,40.9592,5.966
Experiments,57.6365,-46.5894
Experiments,37.4941,-16.2885
Experiments,32.9952,-68.2605
Experiments,51.2815,-21.6363
Experiments,-68.3321,21.9779
Experiments,98.7665,39.0867
Experiments,88.6972,17.8446
Experiments,89.351,10.4939
Experiments,64.0581,44.5634
Experiments,59.1856,45.3807
Experiments,95.1957,12.2846
Experiments,77.7528,8.3272
Experiments,77.0477,-1.6
Experiments,92.0559,43.816
Experiments,76.0521,-38.4963
Experiments,30.8938,59.4699
Experiments,26.9803,-31.4702
Experiments,74.6594,-14.1967
Experiments,34.2292,-14.7744
Experiments,64.9035,70.9127
Experiments,95.9831,13.859
Experiments,74.9555,-71.2312
Experiments,57.7866,-44.659
Experiments,80.5503,53.8697
Experiments,83.6141,-5.4115
Experiments,32.0438,71.494
Experiments,41.0904,51.5774
Experiments,77.9804,-16.2698
Experiments,44.4206,2.4328
Experiments,36.8272,-25.9821
Experiments,31.0088,21.4267
Experiments,13.3604,-23.8576
Experiments,69.173,-70.7588
Experiments,62.8139,49.631
Experiments,84.1592,-27.4183
Experiments,48.0815,72.8516
Experiments,33.6396,-44.0733
Experiments,35.4235,35.599
Experiments,79.3794,-31.9551
Experiments,106.0073,-6.9618
Experiments,32.053,-14.3322
Experiments,91.3166,10.2295
Experiments,37.4597,-23.328
Experiments,103.3521,0.7271
Experiments,64.9556,53.2955
Experiments,37.9982,-30.1737
Experiments,57.4492,66.8896
Experiments,65.3442,-69.0954
Experiments,78.9616,-35.7822
Experiments,50.5576,53.7981
Experiments,79.6698,43.9094
Experiments,57.7286,-17.6571
Experiments,86.9388,-8.3482
Experiments,63.3995,71.7646
Experiments,-39.7798,22.478
Experiments,103.0032,-13.4891
Experiments,50.7093,-57.4658
Experiments,41.2584,-0.0418
Experiments,48.8356,-68.2883
Experiments,100.9182,12.7625
Experiments,60.1381,-19.1848
Experiments,-43.5226,77.7822
Experiments,59.9273,-34.6265
Experiments,39.4789,-53.8357
Experiments,40.2755,33.4058
Experiments,93.6112,18.2348
Experiments,91.3754,-7.4273
Experiments,68.5803,21.0477
Experiments,43.7951,59.1203
Experiments,75.8243,-60.5689
Experiments,28.7249,64.6883
Experiments,20.6127,-44.6571
Experiments,78.7853,24.9131
Experiments,80.2138,-6.8875
Experiments,84.7258,-20.3809
Experiments,60.5165,52.2948
Experiments,72.2981,-19.2958
Experiments,43.6244,-6.0303
Experiments,52.2113,-5.0383
Experiments,52.804,37.2196
Experiments,70.0308,41.0873
Experiments,96.4042,-25.2567
Experiments,48.2049,-66.3599
Experiments,33.8497,-43.9761
Experiments,79.4296,28.9176
Experiments,54.1245,8.301
Experiments,43.9509,33.465
Experiments,48.5831,-57.4305
Experiments,72.4309,-71.6222
Experiments,34.6539,1.9016
Experiments,35.3132,43.6474
Experiments,108.2187,-10.4859
Experiments,37.1555,35.1016
Experiments,99.5224,15.3636
Experiments,55.4997,2.47
Experiments,56.5708,52.877
Experiments,70.4438,-30.8582
Experiments,65.5377,71.9224
Experiments,35.9163,-54.1767
Experiments,51.4385,-73.1519
Experiments,42.0651,17.2788
Experiments,40.3984,33.3329
Experiments,72.7088,67.443
Experiments,64.4692,57.3965
Experiments,63.579,-54.8471
Experiments,-68.1114,59.5281
Experiments,92.3626,9.8824
Experiments,35.072,42.753
Experiments,78.3446,7.1379
Experiments,78.5913,-24.1444
Experiments,63.1512,-73.9151
Experiments,60.4693,-40.4212
Experiments,56.4599,-52.3806
Experiments,55.9878,-29.9658
Experiments,51.5676,-20.6089
Experiments,60.6934,31.7589
Experiments,45.3416,34.7835
Experiments,63.6982,-4.1925
Experiments,65.8475,15.6019
Experiments,52.6014,-46.0432
Experiments,40.0587,54.5014
Experiments,48.5112,35.9524
Experiments,38.2423,20.1186
Experiments,68.9656,41.6475
Experiments,102.7217,-29.4262
Experiments,66.2915,-28.1083
Experiments,92.3706,9.1607
Experiments,47.8031,44.8681
Experiments,56.2589,14.6314
Experiments,59.6114,-75.6437
Experiments,72.224,-66.1229
Experiments,88.3175,11.1982
Experiments,38.4853,-76.6033
Experiments,12.455,-36.0184
Experiments,-54.4908,-63.3278
Experiments,31.0733,-62.6865
Experiments,58.4752,-40.22
Experiments,43.931,10.8853
Experiments,93.8075,-7.0086
Experiments,31.0348,18.047
Experiments,46.8944,-71.3894
Experiments,-14.9437,-37.3271
Experiments,56.3148,-52.8559
Experiments,61.2531,-38.9053
Experiments,93.7765,-32.8352
Experiments,28.1393,-19.3528
Experiments,-63.1752,40.0868
Experiments,98.7499,-17.7795
Experiments,34.5034,9.8948
Experiments,56.5841,49.7061
Experiments,59.1952,16.3437
Experiments,80.0178,50.1903
Experiments,32.5331,-64.3882
Experiments,70.9948,-67.3515
Experiments,38.7494,32.4761
Experiments,52.026,-20.7171
Experiments,29.6668,15.6586
Experiments,85.4589,-23.7589
Experiments,-2.0935,65.1632
Experiments,16.3189,-44.4516
Experiments,-92.6843,-7.2551
Experiments,62.2181,73.0899
Experiments,78.4936,30.5638
Experiments,36.6728,36.4508
Experiments,57.7867,21.1312
Experiments,40.7664,-53.3653
Experiments,57.1823,21.8613
Experiments,-80.9477,-26.1423
Experiments,80.0454,4.52
Experiments,102.571,-23.9119
Experiments,83.9911,11.4871
Experiments,-4.8892,67.1307
Experiments,94.352,17.8153
Experiments,20.9639,-59.3284
Experiments,20.4806,-9.7224
Experiments,40.1114,-56.1491
Experiments,54.2795,-18.7659
Experiments,99.3055,38.6625
Experiments,49.0108,69.0124
Experiments,25.9605,-46.0574
Experiments,36.9932,-59.1496
Experiments,33.1327,-60.6066
Experiments,32.8399,-66.1675
Experiments,-0.947,65.9703
Experiments,36.0302,71.1352
Experiments,59.0309,48.2438
Experiments,75.5483,-14.1856
Experiments,50.5684,71.8254
Experiments,43.8379,13.1919
Experiments,31.4621,1.9873
Experiments,56.6565,-30.4721
Experiments,57.3425,43.4517
Experiments,60.5738,13.8854
Experiments,86.1807,1.9189
Experiments,1.5102,-75.1329
Experiments,57.7615,67.0701
Experiments,76.5049,-19.9457
Experiments,70.309,5.1052
Experiments,30.6361,-51.3352
Experiments,79.7589,50.6795
Experiments,100.482,5.5348
Experiments,86.7022,-0.1138
Experiments,41.9738,0.1304
Experiments,-18.7334,-83.6687
Experiments,67.107,-22.8402
Experiments,8.6559,-44.9689
Experiments,43.6819,9.7576
Experiments,68.7275,68.6009
Experiments,51.0305,-70.0179
Experiments,-67.8919,59.9053
Experiments,90.8264,-27.3918
Experiments,44.6046,-16.9796
Experiments,39.7481,-52.8696
Experiments,99.4259,39.3321
Experiments,33.1537,-14.7565
Experiments,46.8252,71.0782
Experiments,52.2399,-57.9351
Experiments,0.3535,14.4652
Experiments,57.2532,-15.6427
Experiments,89.9382,21.0046
Experiments,86.5332,2.9192
Experiments,72.5815,-38.9336
Experiments,47.971,-33.0837
Experiments,56.8135,-65.884
Experiments,23.6588,-12.98
Experiments,34.6299,66.8662
Experiments,78.6335,-67.5777
Experiments,63.5426,-56.8062
Experiments,42.8832,49.9272
Experiments,81.799,24.7752
Experiments,58.3786,46.9184
Experiments,70.0908,-66.2885
Experiments,30.1649,-51.539
Experiments,19.4808,-48.2994
Experiments,99.3743,-9.123
Experiments,77.4096,18.1569
Experiments,76.0609,-41.9805
Experiments,89.8613,-34.3728
Experiments,59.9377,49.5016
Experiments,48.7451,-35.5405
Experiments,80.2995,55.3195
Experiments,72.5499,-11.6119
Experiments,54.5721,-33.1167
Experiments,57.6925,54.654
Experiments,27.9566,14.0421
Experiments,-43.4676,77.7794
Experiments,87.9121,-28.4271
Experiments,56.2086,14.5405
Experiments,31.9217,70.8479
Experiments,35.0633,-54.3655
Experiments,70.8943,67.7172
Experiments,92.9583,1.4752
Experiments,94.9019,12.3469
Experiments,25.3421,-44.9014
Experiments,63.6306,-75.7549
Experiments,71.9363,-35.3967
Experiments,52.0049,-11.5663
Experiments,98.7344,-17.7747
Experiments,24.3634,-7.411
Experiments,24.55,-65.8015
Experiments,27.2697,11.7761
Experiments,67.4041,62.0965
Experiments,-6.796,57.0648
Experiments,-65.1545,-46.6536
Experiments,45.8831,-56.0536
Experiments,64.6061,24.8631
Experiments,77.7032,-67.1651
Experiments,85.0317,21.1693
Experiments,88.7227,26.9092
Experiments,31.4397,69.7257
Experiments,33.1413,67.4007
Experiments,34.2506,68.497
Experiments,73.9822,-71.5383
Experiments,94.7786,6.2556
Experiments,72.3549,18.9023
Experiments,27.6539,32.575
Experiments,47.6634,-15.732
Experiments,-71.9663,-13.1377
Experiments,37.6214,11.5696
Experiments,42.5499,65.6855
Experiments,75.666,-38.5647
Experiments,33.8377,18.8271
Experiments,67.3946,-19.193
Experiments,42.3086,50.1741
Experiments,31.4184,21.1942
Experiments,32.2729,-13.3401
Experiments,52.5061,-44.2458
Experiments,52.7689,-11.3929
Experiments,61.8199,79.046
Experiments,50.9248,-77.0812
Experiments,95.61,8.9853
Experiments,-0.954,65.9685
Experiments,-66.8219,60.8914
Experiments,57.5826,-36.715
Experiments,98.3201,0.4195
Experiments,58.8063,78.9027
Experiments,74.6631,8.1597
Experiments,71.8505,-11.4453
Experiments,42.4394,0.1735
Experiments,107.8309,-1.2803
Experiments,52.8501,-25.7742
Experiments,63.1321,24.4109
Experiments,39.3928,-38.9419
Experiments,61.6006,-2.3536
Experiments,68.1477,33.7224
Experiments,26.5902,-29.3116
Experiments,59.4336,-43.672
Experiments,35.1217,35.884
Experiments,29.1307,25.379
Experiments,101.196,25.1359
Experiments,58.6021,77.3891
Experiments,95.4242,-8.106
Experiments,47.2737,-71.214
Experiments,96.1691,0.8502
Experiments,76.9411,28.1881
Experiments,20.2361,-10.3461
Experiments,73.4134,-36.1513
Experiments,58.3477,-10.2366
Experiments,65.3424,30.6792
Experiments,-86.8687,-10.5954
Experiments,101.9979,-12.6176
Experiments,31.8152,-71.2764
Experiments,65.7719,39.6285
Experiments,93.1805,1.4357
Experiments,61.8418,-6.9534
Experiments,37.2113,-1.6488
Experiments,75.4587,-43.3669
Experiments,47.3877,-71.3257
Experiments,76.8538,-14.7376
Experiments,55.8739,-78.4512
Experiments,56.6068,59.0905
Experiments,95.0235,-32.444
Experiments,35.5515,54.1045
Experiments,64.6341,10.8997
Experiments,80.2401,-3.7234
Experiments,93.929,-7.5721
Experiments,53.083,29.5057
Experiments,45.2427,57.133
Experiments,38.7979,-36.2564
Experiments,23.8024,-12.9739
Experiments,57.0314,-15.9374
Experiments,55.5498,6.5742
Experiments,22.0403,-53.0535
Experiments,100.766,-5.7397
Experiments,29.0764,-28.49
Experiments,65.3295,74.5665
Experiments,97.8079,34.6982
Experiments,49.3939,63.0575
Experiments,35.5328,-35.9079
Experiments,98.6362,0.4508
Experiments,33.3407,-5.8192
Experiments,47.8449,50.2845
Experiments,60.5725,-16.8833
Experiments,64.9687,53.1504
Experiments,61.5667,-72.3358
Experiments,32.6919,12.7457
Experiments,38.2813,-4.6474
Experiments,45.0538,32.1375
Experiments,52.6338,-45.2682
Experiments,69.557,73.0338
Experiments,65.9748,-74.0625
Experiments,39.1085,46.8153
Experiments,107.9712,-11.2156
Experiments,75.2726,-28.123
Experiments,38.95,-11.7806
Experiments,51.4335,-45.5852
Experiments,40.044,-41.5711
Experiments,84.6965,-33.019
Experiments,52.3777,-55.9783
Experiments,72.3083,-69.5988
Experiments,71.875,-59.8489
Experiments,40.3493,61.6124
Experiments,67.7025,48.7591
Experiments,42.3029,50.1572
Experiments,77.7582,-1.2088
Experiments,52.2557,72.7547
Experiments,28.7313,76.4277
Experiments,98.0757,18.3556
Experiments,58.3701,-45.3129
Experiments,41.8045,91.1195
Experiments,22.1376,-19.8731
Experiments,21.9982,-70.0418
Experiments,37.6122,-17.5688
Experiments,92.1294,-9.1927
Experiments,47.8174,-43.6262
Experiments,39.0065,17.2275
Experiments,34.6483,-24.4858
Experiments,86.0972,-26.6829
Experiments,96.1649,-26.3699
Experiments,90.8812,45.3969
Experiments,49.6526,71.4452
Experiments,36.5246,-16.25
Experiments,63.5359,-54.824
Experiments,67.5296,-59.6289
Experiments,85.401,-6.5701
Experiments,59.6898,-57.5831
Experiments,67.7888,-71.1907
Experiments,67.2223,49.2871
Experiments,56.7533,-30.3699
Experiments,35.5684,60.2774
Experiments,30.4015,-22.1344
Experiments,39.9231,-55.6452
Experiments,71.38,48.5055
Experiments,33.8481,-21.4044
Experiments,69.331,-35.215
Experiments,70.5433,-30.7417
Experiments,72.63,-29.108
Experiments,56.4228,-11.738
Experiments,62.9602,24.206
Experiments,92.814,-30.3206
Experiments,37.3679,-61.4345
Experiments,78.9546,-19.551
Experiments,38.6522,-39.4574
Experiments,75.9092,27.1789
Experiments,72.1968,-44.3868
Experiments,44.3727,53.69
Experiments,78.3854,-67.4634
Experiments,25.3399,-46.5934
Experiments,31.3768,-65.2106
Experiments,26.9255,-48.7899
Experiments,102.898,39.6438
Experiments,61.9216,35.9322
Experiments,69.6071,0.6719
Experiments,75.0903,-33.3404
Experiments,83.0812,-25.912
Experiments,24.1194,-48.9079
Experiments,60.5322,74.0922
Experiments,51.4236,35.9912
Experiments,75.2821,-46.4167
Experiments,25.4798,-42.7467
Experiments,43.5245,39.7052
Experiments,72.658,-50.4804
Experiments,77.7941,42.5611
Experiments,39.6818,14.0827
Experiments,65.5181,-73.6418
Experiments,49.4061,-12.6682
Experiments,75.6719,-3.6294
Experiments,94.5836,-4.512
Experiments,63.3828,-55.6357
Experiments,55.772,5.6778
Experiments,51.609,-0.4933
Experiments,48.4299,71.9229
Experiments,77.2783,17.7646
Experiments,75.7863,-14.5078
Experiments,38.4468,-76.7779
Experiments,63.3081,67.9967
Experiments,89.377,9.5068
Experiments,34.5737,-13.5991
Experiments,92.5427,-8.9819
Experiments,73.1871,-65.1983
Experiments,53.9819,67.4263
Experiments,47.2293,67.1222
Experiments,78.4621,-33.6955
Experiments,66.715,-59.0648
Experiments,15.0424,-22.2552
Experiments,40.5305,7.7914
Experiments,87.0886,-2.265
Experiments,89.0985,9.6642
Experiments,38.1835,20.1522
Experiments,34.615,24.9478
Experiments,97.0944,-7.7002
Experiments,80.1369,51.701
Experiments,57.1841,52.883
Experiments,18.0491,-46.4178
Experiments,69.115,-60.5576
Experiments,44.648,-12.4936
Experiments,60.6992,31.7711
Experiments,71.7488,-70.4624
Experiments,58.7979,73.2282
Experiments,78.0808,-1.604
Experiments,76.5054,-19.9365
Experiments,73.5548,1.7206
Experiments,51.3521,15.5602
Experiments,64.8695,39.7339
Experiments,85.8743,18.6121
Experiments,44.3351,39.7124
Experiments,21.8984,-69.18
Experiments,69.1731,59.992
Experiments,33.9618,8.2329
Experiments,82.9891,45.6623
Experiments,72.4216,-15.0396
Experiments,80.5071,10.9787
Experiments,62.8211,61.2431
Experiments,46.635,4.6428
Experiments,37.5464,-25.6511
Experiments,51.895,5.2851
Experiments,39.2559,-10.1006
Experiments,48.6144,-66.3038
Experiments,-24.0786,-78.6409
Experiments,27.8485,-45.5023
Experiments,50.1104,-2.1803
Experiments,76.2463,50.9498
Experiments,71.4913,1.8834
Experiments,78.8759,31.2938
Experiments,28.0657,-22.4448
Experiments,48.4931,-46.8422
Experiments,35.7105,-7.808
Experiments,65.8787,50.8157
Experiments,51.0806,-1.0886
Experiments,39.4358,46.654
Experiments,-71.9955,-13.1233
Experiments,78.3006,-35.7192
Experiments,91.7715,15.1018
Experiments,39.2965,-84.4025
Experiments,26.9709,-25.2452
Experiments,95.8604,0.9165
Experiments,36.6329,-45.1686
Experiments,29.5289,15.79
Experiments,59.0775,-30.6085
Experiments,46.8139,9.7795
Experiments,72.416,-38.9281
Experiments,52.9939,27.2781
Experiments,41.8593,-22.0994
Experiments,75.2277,-68.1207
Experiments,37.0239,-8.1646
Experiments,28.0921,19.1815
Experiments,61.5363,-38.6078
Experiments,99.3067,-9.1103
Experiments,16.5495,-44.1484
Experiments,53.3179,78.576
Experiments,78.3153,-19.8292
Experiments,75.186,-3.9991
Experiments,40.9368,5.9623
Experiments,58.1107,60.0557
Experiments,41.1747,11.6793
Experiments,31.7946,-59.7265
Experiments,58.623,-35.8565
Experiments,25.6497,-55.6119
Experiments,96.1724,6.2316
Experiments,53.3917,6.5566
Experiments,35.4597,-36.1365
Experiments,24.7927,-56.1661
Experiments,40.4896,-61.5659
Experiments,31.2704,-64.9605
Experiments,51.2784,-1.7493
Experiments,36.4081,8.5688
Experiments,38.2768,57.8216
Experiments,42.5137,65.625
Experiments,86.7929,-1.0874
Experiments,46.7125,33.4163
Experiments,87.3907,9.8442
Experiments,50.0655,-58.7681
Experiments,58.522,-41.5726
Experiments,43.9437,56.7968
Experiments,37.5348,15.4562
Experiments,34.1274,64.516
Experiments,100.9482,17.0177
Experiments,50.4619,-45.2857
Experiments,71.3036,47.3928
Experiments,73.2443,-8.3903
Experiments,33.2068,-57.4214
Experiments,50.1563,-19.5391
Experiments,40.1867,14.663
Experiments,45.3994,-61.3515
Experiments,38.8802,34.9162
Experiments,31.6818,10.3184
Experiments,17.9157,-52.3656
Experiments,36.1229,32.5421
Experiments,70.7652,2.8286
Experiments,31.1013,-55.7657
Experiments,104.5352,16.9952
Experiments,50.4057,-16.9106
Experiments,57.0145,-1.5867
Experiments,49.2196,-57.0393
Experiments,49.8856,-43.412
Experiments,40.3752,0.4867
Experiments,52.9665,56.5361
Experiments,56.3632,-56.1239
Experiments,36.3838,-19.3878
Experiments,86.6922,-24.404
Experiments,90.7348,46.817
Experiments,42.2698,52.4504
Experiments,78.8854,-16.7015
Experiments,47.8476,52.8444
Experiments,105.5566,36.5081
Experiments,49.843,70.2977
Experiments,76.0497,33.7376
Experiments,-68.8479,58.141
Experiments,70.3901,45.3719
Experiments,34.0978,0.4218
Experiments,31.0936,69.4293
Experiments,91.137,-8.47
Experiments,68.3117,65.8495
Experiments,35.6345,-36.0213
Experiments,43.9649,9.5533
Experiments,70.8595,-30.0062
Experiments,57.0192,-54.4828
Experiments,-42.9351,78.3292
Experiments,41.1062,11.6899
Experiments,77.869,-2.1152
Experiments,52.9857,56.5134
Experiments,18.1356,-46.4361
Experiments,43.7812,50.2317
Experiments,57.3874,36.0032
Experiments,44.3561,-52.5041
Experiments,71.9276,-12.27
Experiments,80.4397,-24.5206
Experiments,35.6191,73.3319
Experiments,75.7272,-14.3827
Experiments,57.3171,-29.8547
Experiments,73.3537,-1.4479
Experiments,35.7704,-31.3723
Experiments,74.0007,-36.1223
Experiments,47.3803,-65.2219
Experiments,33.2189,-19.2226
Experiments,57.7864,-37.0273
Experiments,79.0768,-26.3944
Experiments,54.1883,0.2406
Experiments,47.3185,50.3191
Experiments,79.4341,-35.2605
Experiments,100.2815,-31.3475
Experiments,39.8715,-55.9342
Experiments,58.7632,19.4545
Experiments,30.3564,60.0618
Experiments,26.4866,69.241
Experiments,82.5129,-21.951
Experiments,105.3937,-6.0178
Experiments,69.3291,-70.1078
Experiments,65.2601,30.6973
Experiments,31.9286,-14.4412
Experiments,74.4331,7.6343
Experiments,29.7927,-60.9017
Experiments,0.9389,21.748
Experiments,26.5231,-56.7507
Experiments,39.522,6.6372
Experiments,57.1265,46.8811
Experiments,65.3178,-2.6749
Experiments,41.2683,52.7229
Experiments,25.7278,-85.4067
Experiments,63.7811,-77.9349
Experiments,56.0494,-36.7112
Experiments,53.7126,-4.297
Experiments,66.2749,65.8702
Experiments,65.15,74.4403
Experiments,42.1112,-59.71
Experiments,100.3379,-21.6314
Experiments,23.2206,-43.5066
Experiments,-87.4915,-10.4883
Experiments,78.3734,-21.0584
Experiments,38.9182,-11.801
Experiments,31.3304,63.123
Experiments,26.6701,-55.4657
Experiments,71.6084,26.0293
Experiments,65.338,62.4103
Experiments,40.8486,-32.6058
Experiments,49.3768,1.8373
Experiments,39.9617,7.6721
Experiments,33.8436,0.0429
Experiments,26.6897,-26.3049
Experiments,29.7585,-62.5124
Experiments,104.5033,17.0707
Experiments,11.0092,-14.443
Experiments,49.3582,-66.8377
Experiments,30.5195,-6.084
Experiments,78.7233,42.9278
Experiments,37.1716,-52.2575
Experiments,59.5545,70.233
Experiments,40.8108,-32.3617
Experiments,27.4905,32.559
Experiments,27.8164,-66.9314
Experiments,63.7105,-57.2865
Experiments,61.2273,-30.5234
Experiments,22.2535,-29.4788
Experiments,86.5661,2.9702
Experiments,32.4577,-22.6942
Experiments,78.8338,29.965
Experiments,16.2501,-53.5596
Experiments,64.1753,-11.5089
Experiments,82.2437,-32.1762
Experiments,-67.7705,60.0423
Experiments,31.2233,-71.0094
Experiments,64.2277,16.7998
Experiments,49.4334,35.9399
Experiments,36.3652,2.1001
Experiments,94.4795,12.2716
Experiments,50.7514,-0.3249
Experiments,37.9681,-32.4763
Experiments,37.6999,-61.6755
Experiments,35.1981,-64.5226
Experiments,89.8986,-2.7549
Experiments,67.2502,40.4698
Experiments,42.2859,-37.0752
Experiments,76.2414,-14.1474
Experiments,34.4618,45.549
Experiments,39.3527,6.7759
Experiments,37.4514,0.9304
Experiments,63.3609,25.9066
Experiments,37.5225,-39.3283
Experiments,52.3034,-54.8421
Experiments,62.8492,61.2593
Experiments,85.5342,18.6946
Experiments,20.0453,-41.1059
Experiments,56.0111,-53.2531
Experiments,25.8761,-55.4641
Experiments,46.6263,-4.0235
Experiments,30.7646,69.2949
Experiments,37.7887,-22.9591
Experiments,38.8545,-76.7144
Experiments,48.1606,-15.5424
Experiments,20.1377,-10.7558
Experiments,29.7019,25.37
Experiments,34.2256,-4.3072
Experiments,28.0601,-41.775
Experiments,40.1394,6.101
Experiments,53.3188,55.8096
Experiments,-44.8447,81.6976
Experiments,57.3893,-1.6986
Experiments,94.591,-22.3769
Experiments,62.8447,48.7488
Experiments,64.1644,57.2774
Experiments,47.0713,33.4429
Experiments,21.2283,-27.5287
Experiments,21.8053,-75.7892
Experiments,61.6055,7.4958
Experiments,37.6012,-17.678
Experiments,58.9703,58.6845
Experiments,-38.0139,-57.339
Experiments,91.0258,26.6358
Experiments,54.6054,30.0351
Experiments,76.2441,6.4095
Experiments,103.3498,-11.9082
Experiments,25.4743,-10.4528
Experiments,-65.0388,-47.7236
Experiments,98.4268,-30.2177
Experiments,37.1761,0.1469
Experiments,55.067,-81.0725
Experiments,54.3693,27.461
Experiments,67.4355,-62.9125
Experiments,76.8746,-1.575
Experiments,55.6003,4.9842
Experiments,20.8571,-28.1606
Experiments,86.837,9.5847
Experiments,51.669,5.8724
Experiments,54.5348,41.8157
Experiments,35.2491,-53.2027
Experiments,24.5482,-65.835
Experiments,36.2169,-39.6997
Experiments,72.9177,-61.2727
Experiments,48.1003,72.7472
Experiments,74.6765,8.6399
Experiments,70.5219,-63.7833
Experiments,88.2914,-2.3707
Experiments,-1.9529,65.2621
Experiments,27.2408,-42.0931
Experiments,56.3424,-33.3526
Experiments,50.0942,-70.6164
Experiments,58.7827,77.1212
Experiments,43.6968,-17.9938
Experiments,75.8747,27.2077
Experiments,63.1449,-70.3864
Experiments,102.8936,-23.8595
Experiments,103.559,-5.3571
Experiments,47.4605,-43.34
Experiments,17.9327,-45.1055
Experiments,53.1492,56.1487
Experiments,97.0493,-27.5605
Experiments,25.311,-43.1358
Experiments,37.5158,-24.7645
Experiments,54.9232,-80.9171
Experiments,37.6936,-49.9472
Experiments,102.9123,1.5801
Experiments,37.2162,-39.2242
Experiments,61.6035,26.973
Experiments,11.8215,89.6813
Experiments,101.6824,-12.5208
Experiments,37.8366,-5.6405
Experiments,61.7949,35.1976
Experiments,-57.6717,-28.3434
Experiments,101.0,17.5896
Experiments,34.8302,-2.9381
Experiments,67.9315,64.2101
Experiments,38.7537,32.472
Experiments,43.7565,59.1006
Experiments,72.6729,-50.4473
Experiments,32.4731,62.0116
Experiments,89.7334,-31.3463
Experiments,90.1348,18.9628
Experiments,37.5215,-16.2881
Experiments,28.6532,-63.1141
Experiments,37.9972,61.6628
Experiments,43.8367,-53.2011
Experiments,72.2607,-12.5666
Experiments,53.6289,13.4215
Experiments,34.0135,64.5325
Experiments,90.6379,38.4808
Experiments,80.1702,-5.5289
Experiments,86.363,5.8335
Experiments,57.7893,54.1875
Experiments,39.6058,-56.689
Experiments,69.5156,12.3237
Experiments,37.9783,-32.4087
Experiments,100.266,2.5955
Experiments,87.1308,36.0925
Experiments,57.2598,-45.8713
Experiments,41.7921,67.4724
Experiments,97.3524,16.1983
Experiments,47.6035,73.7758
Experiments,-63.1752,40.0762
Experiments,21.466,-17.1094
Experiments,21.4172,-15.9551
Experiments,71.2441,32.668
Experiments,65.6082,-64.7337
Experiments,61.8762,-60.4118
Experiments,72.4185,-39.12
Experiments,58.2298,-57.749
Experiments,81.2576,67.8946
Experiments,35.2158,50.6651
Experiments,101.8705,-13.2405
Experiments,82.7443,-9.7425
Experiments,80.01,-21.0011
Experiments,42.531,78.4837
Experiments,87.1863,8.7552
Experiments,64.4516,-45.0276
Experiments,92.2509,39.0329
Experiments,78.9664,31.2278
Experiments,-60.038,-49.0887
Experiments,74.4776,-3.1448
Experiments,31.5763,63.768
Experiments,95.612,-5.703
Experiments,27.9632,13.3937
Experiments,67.8399,47.3472
Experiments,63.3685,-57.1684
Experiments,67.3983,-63.1988
Experiments,28.4991,-25.816
Experiments,61.4423,-2.5068
Experiments,84.3923,-8.4115
Experiments,93.7559,-8.6739
Experiments,27.993,49.2175
Experiments,57.7949,68.3908
Experiments,63.8205,14.2689
Experiments,25.3159,-44.8923
Experiments,43.0131,44.5278
Experiments,25.6894,-54.6555
Experiments,72.5962,-27.8543
Experiments,55.4951,-70.8347
Experiments,30.3079,69.297
Experiments,63.2415,24.0301
Experiments,34.2119,-6.6289
Experiments,-57.8427,-28.0439
Experiments,30.0221,26.8334
Experiments,46.1984,75.1577
Experiments,84.9649,-10.029
Experiments,69.4934,66.1549
Experiments,36.5639,18.8452
Experiments,69.5179,67.1395
Experiments,56.0577,-31.9424
Experiments,63.6126,-56.6684
Experiments,79.053,73.7974
Experiments,101.5613,33.4382
Experiments,60.2194,46.2934
Experiments,-60.0747,-48.7839
Experiments,29.7797,25.8136
Experiments,95.2958,37.9313
Experiments,63.1278,26.3028
Experiments,45.9129,11.9342
Experiments,43.7926,18.3529
Experiments,44.3588,44.93
Experiments,41.5827,18.1125
Experiments,96.1536,-24.4495
Experiments,60.5211,-67.542
Experiments,70.578,-35.149
Experiments,87.4644,8.7732
Experiments,51.755,-68.7424
Experiments,29.9441,-62.018
Experiments,75.0801,-42.4877
Experiments,85.1824,-10.2466
Experiments,31.0094,-21.6728
Experiments,82.3628,27.2865
Experiments,71.2223,11.2063
Experiments,99.0512,8.3558
Experiments,106.1071,-1.419
Experiments,89.8492,-31.19
Experiments,-23.393,-44.5002
Experiments,26.4869,-56.8145
Experiments,44.676,33.9127
Experiments,60.5586,-19.5024
Experiments,23.2583,-42.785
Experiments,55.3813,-30.2889
Experiments,-9.4502,56.6554
Experiments,98.8389,7.2683
Experiments,52.9985,-24.1393
Experiments,60.299,-36.9905
Experiments,71.6219,-5.3829
Experiments,22.8617,1.5191
Experiments,69.6482,4.7372
Experiments,92.239,3.4691
Experiments,75.6872,-14.8699
Experiments,26.112,-25.8583
Experiments,41.4846,15.9108
Experiments,29.4678,-62.7039
Experiments,52.5067,-9.807
Experiments,63.1117,-38.8853
Experiments,46.0023,-56.0157
Experiments,70.5838,-37.3059
Experiments,99.5629,-14.491
Experiments,76.0105,-68.1516
Experiments,59.6553,60.4576
Experiments,70.5593,-61.2945
Experiments,27.2397,-47.8495
Experiments,37.4025,-71.1593
Experiments,27.1602,-68.0642
Experiments,59.2675,-8.4156
Experiments,72.3877,-26.6844
Experiments,32.2252,-29.3179
Experiments,92.1491,-28.2523
Experiments,59.193,16.9449
Experiments,82.465,-20.7429
Experiments,72.1033,54.9292
Experiments,49.9525,72.6128
Experiments,31.8727,-14.6395
Experiments,24.0953,-57.894
Experiments,46.6573,-82.1831
Experiments,29.6057,3.9635
Experiments,67.2417,62.2448
Experiments,74.1722,-24.9459
Experiments,89.3204,-28.0557
Experiments,87.3845,-6.4351
Experiments,35.3829,4.3759
Experiments,57.7865,63.4198
Experiments,60.0281,48.7435
Experiments,49.811,-41.6646
Experiments,15.6796,-46.0983
Experiments,56.4193,-56.4033
Experiments,79.2159,-4.4215
Experiments,24.1559,-6.9005
Experiments,104.1106,-17.9306
Experiments,107.8141,-1.2955
Experiments,90.2367,19.0162
Experiments,34.9831,-2.6496
Experiments,38.1295,68.76
Experiments,73.0612,48.4873
Experiments,53.6365,68.5557
Experiments,69.8873,-33.4094
Experiments,58.7394,3.2711
Experiments,29.8049,40.0276
Experiments,77.2555,-62.6465
Experiments,36.8325,-78.1196
Experiments,74.6939,7.9129
Experiments,96.5738,-29.9241
Experiments,48.7995,-36.2426
Experiments,59.3552,-8.3537
Experiments,51.281,-1.4054
Experiments,72.5355,-63.1338
Experiments,70.309,45.4929
Experiments,75.2895,-70.2583
Experiments,25.3431,-24.2376
Experiments,52.1441,33.3398
Experiments,57.7035,-46.0348
Experiments,52.4155,-9.5173
Experiments,36.5953,2.0646
Experiments,48.8472,-3.2684
Experiments,37.1686,8.2691
Experiments,56.9958,-76.3561
Experiments,57.8145,3.6659
Experiments,79.8321,-3.7067
Experiments,46.8917,-67.287
Experiments,53.8807,-16.1734
Experiments,96.0283,13.7888
Experiments,84.0471,-27.7898
Experiments,83.0974,-25.7382
Experiments,43.5891,43.3464
Experiments,24.3662,-49.9185
Experiments,107.6536,36.7639
Experiments,88.1591,-30.0905
Experiments,50.999,-35.1351
Experiments,43.2887,-11.2479
Experiments,69.7255,42.5961
Experiments,39.2145,-75.4268
Experiments,73.1931,-19.503
Experiments,33.7709,-36.3895
Experiments,63.1576,64.4646
Experiments,73.2494,17.8008
Experiments,52.8063,50.2875
Experiments,74.8745,8.902
Experiments,89.2085,34.1869
Experiments,56.3495,-56.2947
Experiments,94.0432,-35.1185
Experiments,23.2623,-16.7402
Experiments,-86.4393,-11.009
Experiments,59.0349,-33.7559
Experiments,84.7784,0.2996
Experiments,28.7522,-15.7808
Experiments,37.1854,59.8288
Experiments,89.4041,10.8504
Experiments,-41.7811,4.5082
Experiments,35.595,-2.7945
Experiments,43.4839,39.6799
Experiments,80.7091,-0.6604
Experiments,65.4264,66.8799
Experiments,77.9159,-1.8714
Experiments,100.7518,22.2625
Experiments,70.0303,42.9435
Experiments,34.3558,-43.883
Experiments,63.4072,-55.145
Experiments,33.786,-18.796
Experiments,50.0527,-14.9319
Experiments,-68.0752,58.9698
Experiments,102.2938,11.79
Experiments,75.9429,-65.3717
Experiments,90.3196,18.3911
Experiments,50.0309,-56.6237
Experiments,102.4526,1.1084
Experiments,23.7103,-12.9948
Experiments,31.1236,-11.8039
Experiments,96.6417,18.1632
Experiments,28.6979,76.4227
Experiments,35.3921,33.7617
Experiments,44.6757,8.9517
Experiments,50.7793,51.4357
Experiments,55.0324,-6.6851
Experiments,30.6965,25.0448
Experiments,66.75,15.5131
Experiments,26.4579,-26.1369
Experiments,71.9576,-30.9827
Experiments,55.0733,39.9791
Experiments,76.5714,-67.563
Experiments,20.5139,-44.0653
Experiments,89.897,-36.6239
Experiments,38.036,-29.9094
Experiments,28.1253,62.0467
Experiments,51.6194,6.2159
Experiments,50.9126,-4.4393
Experiments,78.4481,9.8589
Experiments,84.585,-33.3097
Experiments,37.6962,2.9582
Experiments,30.4259,40.8041
Experiments,78.8659,4.2864
Experiments,79.5191,43.5357
Experiments,38.3163,-13.356
Experiments,22.7418,-19.9153
Experiments,36.7384,70.201
Experiments,35.2601,54.054
Experiments,76.0033,10.8869
Experiments,83.1279,-19.4608
Experiments,70.0456,-0.7645
Experiments,61.7601,35.3331
Experiments,85.2934,-10.6309
Experiments,34.1149,-3.1288
Experiments,51.2316,-55.846
Experiments,28.4896,14.7456
Experiments,58.5804,77.5155
Experiments,87.612,1.2759
Experiments,50.7458,-74.9509
Experiments,74.2903,-62.1627
Experiments,97.6097,-29.904
Experiments,71.3499,-24.7822
Experiments,75.567,-14.2953
Experiments,-80.8978,-26.3584
Experiments,36.9394,-39.2146
Experiments,52.9875,-11.9121
Experiments,78.7451,-15.5747
Experiments,41.1001,43.8149
Experiments,103.5383,-15.0994
Experiments,35.5862,-54.2548
Experiments,-18.9623,40.2404
Experiments,97.607,18.9462
Experiments,80.8444,-3.0906
Experiments,64.4333,-10.8619
Experiments,55.1254,-19.6695
Experiments,82.4846,46.8
Experiments,65.6709,67.7659
Experiments,102.0579,20.6712
Experiments,27.1898,-68.1758
Experiments,59.076,-38.0958
Experiments,55.2101,-24.0089
Experiments,27.4895,-45.01
Experiments,31.7278,10.2566
Experiments,92.4861,-38.3436
Experiments,61.2577,-37.8708
Experiments,55.0047,7.4999
Experiments,25.5057,-52.8606
Experiments,56.4394,-11.7362
Experiments,75.3458,-68.3777
Experiments,44.5939,33.8709
Experiments,87.5682,-6.6919
Experiments,30.502,-22.0826
Experiments,71.4272,25.746
Experiments,2.0578,-41.2738
Experiments,26.7353,68.4412
Experiments,31.9508,60.6627
Experiments,49.9412,-21.903
Experiments,40.759,44.5385
Experiments,59.7615,47.762
Experiments,35.0654,2.3112
Experiments,56.521,-30.6861
Experiments,97.8463,34.4702
Experiments,52.0819,4.635
Experiments,69.4291,47.5139
Experiments,88.1391,-1.1303
Experiments,51.2559,-43.536
Experiments,55.1925,2.8038
Experiments,69.1496,-66.5522
Experiments,48.8896,-68.091
Experiments,95.3817,32.2578
Experiments,77.5779,-1.4061
Experiments,66.1802,-77.1023
Experiments,48.3454,-15.7977
Experiments,42.9868,33.008
Experiments,38.2342,66.2036
Experiments,43.3159,-9.434
Experiments,92.6947,-9.5829
Experiments,33.649,45.1295
Experiments,50.9322,-73.7213
Experiments,38.7354,-53.1875
Experiments,49.8176,-44.6749
Experiments,56.2167,-2.7168
Experiments,87.0195,11.914
Experiments,59.1508,-11.5284
Experiments,-3.7572,71.5292
Experiments,47.0645,-58.4284
Experiments,44.7661,-55.6422
Experiments,47.0641,4.4089
Experiments,17.2507,-53.0591
Experiments,79.1569,50.6226
Experiments,22.7915,-19.0996
Experiments,91.8654,1.1558
Experiments,62.0422,26.0019
Experiments,48.7689,4.1306
Experiments,67.0598,-22.879
Experiments,94.7786,14.2114
Experiments,85.6913,-26.406
Experiments,70.7405,-35.192
Experiments,34.7981,-54.9108
Experiments,59.5383,-75.1955
Experiments,78.3094,-30.7235
Experiments,38.3327,0.6109
Experiments,66.0323,71.6721
Experiments,47.4675,-61.8292
Experiments,23.8812,-25.9718
Experiments,59.7572,-19.1644
Experiments,75.3958,-29.3878
Experiments,25.2803,-52.6636
Experiments,52.2237,-58.2299
Experiments,87.3569,-9.9367
Experiments,60.2585,62.2109
Experiments,80.3216,55.188
Experiments,49.7864,59.1443
Experiments,99.8198,-1.2067
Experiments,69.4362,12.5132
Experiments,46.9158,3.087
Experiments,34.6986,-55.3196
Experiments,97.8579,33.8818
Experiments,57.6049,62.2858
Experiments,35.7489,38.5807
Experiments,33.6545,7.144
Experiments,36.1406,32.5545
Experiments,29.4796,-57.0151
Experiments,70.6014,-35.2007
Experiments,73.7752,-36.1165
Experiments,61.0833,53.8268
Experiments,36.4413,18.6406
Experiments,56.3173,-52.7114
Experiments,51.0328,-76.484
Experiments,79.1367,-35.2845
Experiments,41.7284,-59.201
Experiments,76.8514,-15.4848
Experiments,49.8021,22.7104
Experiments,64.1409,25.4487
Experiments,52.433,-55.9721
Experiments,35.2456,43.8036
Experiments,54.7702,-16.3503
Experiments,-3.1366,-27.0933
Experiments,91.3439,-3.638
Experiments,62.1373,-23.345
Experiments,19.2869,26.8685
Experiments,27.537,-52.9875
Experiments,65.4296,66.4224
Experiments,59.7338,17.6705
Experiments,33.4612,-16.8213
Experiments,90.1499,32.361
Experiments,32.8085,-59.7246
Experiments,40.2734,7.868
Experiments,63.1277,2.9812
Experiments,43.4011,11.2054
Experiments,43.1732,59.5615
Experiments,60.7591,-75.1295
Experiments,103.1035,-26.4589
Experiments,50.1327,29.5109
Experiments,-68.3262,21.9696
Experiments,18.9131,-25.2384
Experiments,59.9395,-34.5503
Experiments,103.4008,-11.8521
Experiments,64.1959,72.5592
Experiments,56.2814,-31.3974
Experiments,85.3424,-10.6811
Experiments,57.9904,-2.386
Experiments,56.7742,66.215
Experiments,91.4192,-31.539
Experiments,60.2057,-18.6705
Experiments,94.8188,38.5913
Experiments,52.8401,-54.4375
Experiments,103.5665,-14.9224
Experiments,-53.2883,-43.0809
Experiments,50.8872,-73.9673
Experiments,16.822,-44.0229
Experiments,87.7804,-28.1386
Experiments,31.6907,67.2873
Experiments,71.5436,-8.1854
Experiments,72.177,-12.8462
Experiments,34.528,17.5267
Experiments,61.8004,35.1643
Experiments,42.8192,-11.4088
Experiments,36.4273,-51.3911
Experiments,32.66,-12.6677
Experiments,51.5775,-73.4668
Experiments,38.6009,69.8476
Experiments,59.1637,-39.0711
Experiments,78.7948,-33.5305
Experiments,-1.4215,-39.2964
Experiments,46.218,71.2712
Experiments,102.9883,-24.2773
Experiments,68.0375,46.9183
Experiments,76.45,-2.8986
Experiments,53.4793,-21.2892
Experiments,76.481,-24.9488
Experiments,94.3357,-4.1196
Experiments,101.2814,12.3122
Experiments,70.8719,-65.0557
Experiments,76.7019,-66.7948
Experiments,31.4245,-60.9786
Experiments,53.1687,-10.0063
Experiments,37.7289,59.7682
Experiments,51.0785,-20.0833
Experiments,49.6977,-57.1187
Experiments,71.6269,-5.8572
Experiments,-5.211,67.1693
Experiments,47.5664,44.6236
Experiments,40.0125,62.2872
Experiments,9.8747,-31.2482
Experiments,54.0915,21.5921
Experiments,103.744,17.9395
Experiments,94.8461,15.6809
Experiments,52.2437,60.5019
Experiments,30.8171,-12.219
Experiments,73.9555,67.6245
Experiments,30.4763,-18.2601
Experiments,1.9154,-72.7347
Experiments,91.3905,-3.5923
Experiments,-64.1687,65.2252
Experiments,73.6707,-27.7693
Experiments,42.8174,28.8056
Experiments,103.5837,37.0715
Experiments,55.1443,6.244
Experiments,54.6587,69.5014
Experiments,40.8903,36.7276
Experiments,83.4143,-31.4416
Experiments,54.4105,9.0833
Experiments,17.1155,-42.7223
Experiments,31.2121,77.5469
Experiments,77.7099,-67.2002
Experiments,57.6625,-18.0191
Experiments,83.5706,19.6156
Experiments,57.014,-8.4172
Experiments,42.755,9.7202
Experiments,59.141,16.3909
Experiments,31.0261,-21.6712
Experiments,44.1137,45.2239
Experiments,21.3623,-16.0345
Experiments,64.9742,-0.1718
Experiments,69.7314,-67.9831
Experiments,39.3928,-42.3166
Experiments,45.7209,-71.3227
Experiments,77.5444,-1.9457
Experiments,102.0896,-30.6042
Experiments,33.1325,-57.2439
Experiments,78.1438,-23.9507
Experiments,67.5532,19.9078
Experiments,43.1471,61.2291
Experiments,46.9726,55.4123
Experiments,95.7534,-23.2004
Experiments,17.1421,-42.0512
Experiments,97.4112,-4.5935
Experiments,70.1856,-69.4793
Experiments,92.2817,-38.608
Experiments,52.3099,-58.1721
Experiments,38.0591,18.8227
Experiments,68.9451,43.0655
Experiments,84.27,5.4511
Experiments,51.9251,8.935
Experiments,50.3658,-15.5558
Experiments,63.9001,49.5549
Experiments,74.6649,8.5526
Experiments,23.6856,-12.9723
Experiments,89.3035,10.2643
Experiments,54.3967,-33.4481
Experiments,34.8766,-38.9173
Experiments,103.302,-1.0578
Experiments,38.4483,-21.4296
Experiments,24.7355,-17.7842
Experiments,59.7108,59.5568
Experiments,-59.1946,-49.3639
Experiments,49.5824,-12.7879
Experiments,71.9606,34.2917
Experiments,54.3308,-80.6077
Experiments,39.0083,1.3981
Experiments,51.4766,35.9558
Experiments,50.8151,-34.5987
Experiments,107.9032,-11.2448
Experiments,67.6176,48.0519
Experiments,50.1084,6.6527
Experiments,58.9268,45.4142
Experiments,68.8714,49.0557
Experiments,33.2666,16.216
Experiments,51.8394,-11.7964
Experiments,35.2742,-34.513
Experiments,55.1381,26.0888
Experiments,35.7444,-39.231
Experiments,47.6164,-1.6106
Experiments,37.8499,67.1821
Experiments,29.6142,-52.3977
Experiments,35.7743,-54.2049
Experiments,35.0217,-62.8083
Experiments,96.7888,-6.9432
Experiments,81.2976,20.1163
Experiments,72.0025,-32.2677
Experiments,63.3407,71.8383
Experiments,44.4029,13.8724
Experiments,29.7986,-52.1752
Experiments,56.7031,-46.5481
Experiments,39.5982,-56.4797
Experiments,102.702,-28.6195
Experiments,69.0661,-1.2629
Experiments,72.1361,-69.8089
Experiments,33.1848,-5.5838
Experiments,28.3076,-25.7464
Experiments,79.3243,-25.2612
Experiments,87.8349,-6.7077
Experiments,69.1684,40.766
Experiments,72.431,26.3298
Experiments,37.7956,15.006
Experiments,24.4176,-26.0335
Experiments,52.3534,72.7511
Experiments,89.3745,-28.0469
Experiments,81.9482,-25.9085
Experiments,75.2009,-66.0055
Experiments,65.7408,63.8072
Experiments,62.8315,24.2824
Experiments,33.435,7.4463
Experiments,64.3115,63.4215
Experiments,53.9701,40.5515
Experiments,70.864,-9.4454
Experiments,81.0484,-21.691
Experiments,59.9205,18.5151
Experiments,47.0014,3.0961
Experiments,57.5226,-15.539
Experiments,55.3364,-31.373
Experiments,68.8439,-76.5092
Experiments,66.5975,-58.9283
Experiments,62.6376,-79.3461
Experiments,37.6041,47.5406
Experiments,56.8664,59.3944
Experiments,-1.6543,-2.175
Experiments,49.112,-61.0436
Experiments,39.0283,-41.1753
Experiments,87.1324,-34.5473
Experiments,36.8323,-59.4356
Experiments,42.3074,-13.2125
Experiments,82.7077,-19.8061
Experiments,28.4845,62.0615
Experiments,47.5964,73.781
Experiments,-86.3225,-11.4133
Experiments,101.3403,-24.7853
Experiments,57.3704,-29.64
Experiments,29.0466,-68.7797
Experiments,71.1168,-29.2603
Experiments,57.7936,3.527
Experiments,36.0065,-52.2583
Experiments,93.9855,18.4351
Experiments,56.0559,-53.0067
Experiments,93.1966,12.6838
Experiments,35.2623,-22.0039
Experiments,62.8373,49.5496
Experiments,88.6824,-4.0347
Experiments,80.4447,52.2044
Experiments,46.3473,-40.0422
Experiments,22.0786,-25.7663
Experiments,59.785,-39.9233
Experiments,29.4775,21.5236
Experiments,48.269,-35.6039
Experiments,25.986,-43.5417
Experiments,43.1407,-61.0567
Experiments,67.1089,-22.8402
Experiments,45.2672,75.2944
Experiments,74.7722,-42.7536
Experiments,51.6423,34.1105
Experiments,53.7836,18.0013
Experiments,40.1924,14.096
Experiments,32.2135,-29.2399
Experiments,105.4319,-2.2984
Experiments,71.5849,-19.2598
Experiments,32.2887,-64.4593
Experiments,45.519,-69.8036
Experiments,50.6085,59.0894
Experiments,69.716,69.0228
Experiments,67.0217,69.0346
Experiments,55.146,4.4685
Experiments,59.6507,-76.0695
Experiments,34.1723,38.5966
Experiments,56.8159,0.7898
Experiments,34.6703,-19.8563
Experiments,24.3474,-48.9312
Experiments,-39.62,60.8612
Experiments,47.7228,6.1069
Experiments,74.9078,-61.6601
Experiments,62.6623,-79.4584
Experiments,53.3256,-0.2339
Experiments,48.6755,35.9411
Experiments,31.0447,77.8947
Experiments,55.1467,67.3502
Experiments,34.9507,-2.8013
Experiments,52.9117,-25.7748
Experiments,83.3386,-31.415
Experiments,90.219,-28.9651
Experiments,75.5923,-69.1485
Experiments,25.7713,-67.7981
Experiments,62.3516,43.1809
Experiments,56.0037,-32.3513
Experiments,101.7681,-7.1117
Experiments,27.9865,14.0426
Experiments,101.5895,11.0225
Experiments,81.7199,24.9733
Experiments,67.1637,38.6942
Experiments,46.537,58.0754
Experiments,67.429,70.1382
Experiments,59.5143,18.5991
Experiments,32.005,13.2422
Experiments,80.0638,49.7701
Experiments,27.2904,-58.0805
Experiments,78.3022,15.9575
Experiments,50.615,-0.2573
Experiments,31.1288,-11.7219
Experiments,99.4844,-22.2817
Experiments,50.9089,23.1358
Experiments,52.0759,32.9926
Experiments,77.2257,17.5515
Experiments,74.0403,31.0414
Experiments,55.3566,-0.8929
Experiments,75.3615,17.081
Experiments,99.2821,4.4213
Experiments,37.5333,-16.32
Experiments,49.462,38.0361
Experiments,77.6722,40.3331
Experiments,64.1427,-56.0765
Experiments,42.8343,35.0643
Experiments,100.9146,17.5101
Experiments,80.1552,8.3791
Experiments,42.0183,14.4553
Experiments,64.8532,0.0457
Experiments,46.7878,4.8393
Experiments,87.2591,11.7148
Experiments,96.305,-26.8156
Experiments,41.1564,-53.748
Experiments,56.0889,56.9819
Experiments,76.6542,-14.9927
Experiments,85.4546,23.4116
Experiments,49.8152,-18.8447
Experiments,66.0243,37.0871
Experiments,-6.0588,-99.0614
Experiments,91.4849,-7.86
Experiments,70.4678,43.0061
Experiments,56.2212,-52.7094
Experiments,80.3805,9.0847
Experiments,31.5323,69.6224
Experiments,84.0649,4.5909
Experiments,24.8714,70.1463
Experiments,33.3718,-67.8244
Experiments,99.4193,-29.1141
Experiments,66.3174,-69.8245
Experiments,26.2978,-49.2097
Experiments,56.5044,58.1459
Experiments,57.4747,-29.4667
Experiments,47.5426,44.5862
Experiments,22.9502,-20.1285
Experiments,16.5113,-44.7072
Experiments,37.171,35.1314
Experiments,70.0845,36.1251
Experiments,-56.5993,-15.4154
Experiments,43.0535,-57.046
Experiments,56.9955,-1.4634
Experiments,24.5678,-45.2663
Experiments,45.2632,-75.6779
Experiments,59.1477,-45.1426
Experiments,33.1018,-60.7824
Experiments,78.1558,25.1131
Experiments,79.6578,-35.3331
Experiments,48.4063,74.2658
Experiments,91.9081,38.8002
Experiments,31.9085,-59.2517
Experiments,90.6594,-30.7725
Experiments,34.9522,0.5197
Experiments,72.1084,45.041
Experiments,86.1461,-25.0593
Experiments,40.3958,14.1391
Experiments,60.0935,-34.3345
Experiments,25.2576,-43.3304
Experiments,80.1926,22.7275
Experiments,67.2108,12.2332
Experiments,39.4335,0.8156
Experiments,98.6659,-3.6892
Experiments,46.9918,25.2817
Experiments,63.5248,7.288
Experiments,103.2932,-24.8213
Experiments,27.9075,-41.1685
Experiments,60.9324,-20.4099
Experiments,61.5568,60.1627
Experiments,46.8216,71.1067
Experiments,87.1858,11.7157
Experiments,54.4724,27.4791
Experiments,68.502,0.0135
Experiments,92.7628,12.3
Experiments,69.9947,42.0539
Experiments,62.3197,36.5854
Experiments,52.1429,4.9147
Experiments,82.2974,-22.4801
Experiments,33.4456,-13.468
Experiments,27.7114,-45.2531
Experiments,98.6335,5.5443
Experiments,-25.6522,42.9318
Experiments,15.4249,-24.2726
Experiments,57.6402,-78.0128
Experiments,33.8208,-39.8277
Experiments,82.2949,-19.3216
Experiments,37.8801,42.2369
Experiments,28.6738,64.7026
Experiments,74.2231,-16.6397
Experiments,59.49,45.3979
Experiments,53.8202,-10.5437
Experiments,42.1737,10.4784
Experiments,77.0875,-35.7453
Experiments,75.7697,22.0984
Experiments,75.365,-20.6805
Experiments,95.9708,0.9359
Experiments,75.368,6.5918
LLM-generated,50.3184,84.3607
LLM-generated,76.3444,77.3988
LLM-generated,95.2875,37.8011
LLM-generated,45.0502,92.0996
LLM-generated,60.3889,-8.5909
LLM-generated,92.0093,38.7239
LLM-generated,59.2484,-8.428
LLM-generated,54.7674,28.7418
LLM-generated,68.0054,62.9269
LLM-generated,32.4014,51.9163
LLM-generated,31.4822,30.9438
LLM-generated,58.0748,-56.8252
LLM-generated,61.8797,1.0026
LLM-generated,35.4885,25.8954
LLM-generated,-54.5504,57.1144
LLM-generated,40.7855,94.967
LLM-generated,40.3387,91.3228
LLM-generated,96.0645,20.8876
LLM-generated,76.3148,77.3716
LLM-generated,35.0437,25.0479
LLM-generated,90.2964,27.2242
LLM-generated,64.0232,70.3148
LLM-generated,101.3222,38.5489
LLM-generated,82.2147,68.212
LLM-generated,65.8585,28.5194
LLM-generated,68.2964,68.4873
LLM-generated,31.053,69.3502
LLM-generated,24.7466,70.7151
LLM-generated,105.4486,36.1827
LLM-generated,35.0774,25.8595
LLM-generated,84.0564,45.8566
LLM-generated,22.4547,-32.553
LLM-generated,48.2539,83.2078
LLM-generated,74.3146,61.6375
LLM-generated,74.6049,29.6595
LLM-generated,34.8,23.1201
LLM-generated,61.4708,51.8722
LLM-generated,64.929,48.1742
LLM-generated,52.5345,73.3414
LLM-generated,92.0332,37.7684
LLM-generated,50.1125,86.9343
LLM-generated,50.2693,36.1751
LLM-generated,70.5632,72.1979
LLM-generated,82.3855,68.1171
LLM-generated,40.3438,91.3095
LLM-generated,31.4642,77.1339
LLM-generated,51.7363,59.5802
LLM-generated,-71.6889,54.91
LLM-generated,41.256,94.357
LLM-generated,68.6881,51.4729
LLM-generated,32.4924,51.8742
LLM-generated,46.2548,82.2296
LLM-generated,49.1298,63.9833
LLM-generated,73.1949,41.2291
LLM-generated,68.1988,59.9896
LLM-generated,94.0096,23.1225
LLM-generated,35.3802,24.6693
LLM-generated,34.0587,19.0114
LLM-generated,27.5586,89.739
LLM-generated,50.1822,-27.4451
LLM-generated,67.8849,15.1949
LLM-generated,100.4721,5.676
LLM-generated,55.7895,-15.6042
LLM-generated,49.621,63.4949
LLM-generated,57.7776,2.5807
LLM-generated,96.5527,20.0088
LLM-generated,75.2157,43.964
LLM-generated,42.2252,22.3331
LLM-generated,46.7682,83.7156
LLM-generated,65.306,30.5649
LLM-generated,42.1313,22.3039
LLM-generated,40.34,94.438
LLM-generated,57.8086,22.8491
LLM-generated,56.3059,31.1275
LLM-generated,53.9033,29.0039
LLM-generated,48.5565,-16.3002
LLM-generated,60.3887,-8.5708
LLM-generated,41.2492,95.9997
LLM-generated,97.0735,38.9788
LLM-generated,60.3983,-8.5616
LLM-generated,77.9541,73.1036
LLM-generated,43.8846,40.0174
LLM-generated,35.4358,43.8153
LLM-generated,36.3232,94.0223
LLM-generated,45.2923,81.7755
LLM-generated,82.4552,46.8684
LLM-generated,78.408,31.4548
LLM-generated,8.7623,40.2083
LLM-generated,65.8169,36.1802
LLM-generated,65.8694,69.614
LLM-generated,35.9795,25.0013
LLM-generated,94.1982,36.9265
LLM-generated,74.9129,61.6177
LLM-generated,-71.6,54.9316
LLM-generated,62.7191,65.8474
LLM-generated,71.3039,68.3225
LLM-generated,42.5926,52.3128
LLM-generated,83.4549,18.6854
LLM-generated,37.2393,59.975
LLM-generated,36.0548,36.779
LLM-generated,72.1651,6.5015
LLM-generated,41.3544,22.0181
LLM-generated,35.0834,26.1165
LLM-generated,97.1499,13.6531
LLM-generated,44.6844,91.5963
LLM-generated,99.0234,29.3633
LLM-generated,56.5931,33.1806
LLM-generated,28.8156,25.2292
LLM-generated,91.0239,17.8845
LLM-generated,73.4883,5.6671
LLM-generated,49.6726,37.1676
LLM-generated,49.9801,72.497
LLM-generated,89.4256,10.1228
LLM-generated,54.9192,-17.704
LLM-generated,-12.2032,17.3077
LLM-generated,106.3583,38.2132
LLM-generated,58.3747,68.7715
LLM-generated,-59.6978,-91.9901
LLM-generated,18.1316,-30.4832
LLM-generated,44.9105,91.9449
LLM-generated,78.0724,72.8598
LLM-generated,75.8845,31.8584
LLM-generated,52.2882,47.4187
LLM-generated,82.9174,40.1873
LLM-generated,30.9889,21.4253
LLM-generated,76.8943,26.0782
LLM-generated,96.4712,36.2857
LLM-generated,-57.6145,-91.3128
LLM-generated,30.1949,5.8144
LLM-generated,65.556,57.9865
LLM-generated,46.7636,83.7078
LLM-generated,43.5666,-6.0627
LLM-generated,-57.6809,-28.4661
LLM-generated,93.5953,43.5583
LLM-generated,95.3771,32.3588
LLM-generated,29.6611,3.8841
LLM-generated,57.0603,20.2389
LLM-generated,42.2006,22.3054
LLM-generated,31.9985,52.1115
LLM-generated,43.7885,65.078
LLM-generated,36.3211,94.0252
LLM-generated,56.1652,59.5102
LLM-generated,37.3566,73.3257
LLM-generated,65.8153,12.8959
LLM-generated,37.7086,69.0205
LLM-generated,95.3761,32.3556
LLM-generated,42.7538,91.1706
LLM-generated,14.3778,-36.3039
LLM-generated,82.4225,68.0924
LLM-generated,60.39,-8.581
LLM-generated,-6.457,27.0424
LLM-generated,48.804,4.3901
LLM-generated,28.8154,25.1859
LLM-generated,26.6218,89.9973
LLM-generated,66.7088,54.8461
LLM-generated,79.0701,70.53
LLM-generated,100.7963,38.8633
LLM-generated,100.4291,31.9175
LLM-generated,-58.7743,-91.1134
LLM-generated,94.9414,19.8425
LLM-generated,46.771,83.7186
LLM-generated,41.3752,13.654
LLM-generated,40.4561,91.0444
LLM-generated,18.5052,26.7383
LLM-generated,49.1677,62.0203
LLM-generated,79.043,70.5255
LLM-generated,82.3002,68.1774
LLM-generated,94.8494,38.5704
LLM-generated,59.0057,58.7386
LLM-generated,49.4756,64.358
LLM-generated,41.3376,22.025
LLM-generated,95.8681,40.4679
LLM-generated,97.0872,35.4552
LLM-generated,34.8182,54.0719
LLM-generated,72.1216,60.5654
LLM-generated,65.1671,36.6777
LLM-generated,46.7002,79.6267
LLM-generated,-35.8102,-44.1285
LLM-generated,-58.5559,-90.542
LLM-generated,46.7666,83.7061
LLM-generated,57.4148,1.5372
LLM-generated,37.7116,69.0282
LLM-generated,76.2797,77.3901
LLM-generated,71.0404,56.4559
LLM-generated,53.452,45.5437
LLM-generated,47.8549,-9.2601
LLM-generated,63.7898,31.0055
LLM-generated,36.079,25.9723
LLM-generated,105.3931,36.017
LLM-generated,36.3499,25.9027
LLM-generated,-55.2633,60.0567
LLM-generated,42.9376,22.9781
LLM-generated,93.3119,43.2338
LLM-generated,43.6203,-6.0298
LLM-generated,39.1593,96.2172
LLM-generated,66.3942,28.7987
LLM-generated,93.9273,20.6937
LLM-generated,46.9447,81.7156
LLM-generated,-45.7322,53.6072
LLM-generated,53.4918,45.8357
LLM-generated,-58.4612,-90.6248
LLM-generated,41.7168,94.6732
LLM-generated,95.2521,37.7796
LLM-generated,40.0881,38.3176
LLM-generated,27.753,18.2026
LLM-generated,82.6879,68.8433
LLM-generated,49.2117,62.5835
LLM-generated,-42.7562,76.9369
LLM-generated,96.7547,14.9194
LLM-generated,60.3898,-8.5846
LLM-generated,90.2387,32.5488
LLM-generated,-59.6181,-91.9254
LLM-generated,-60.7707,58.3335
LLM-generated,82.1846,68.0967
LLM-generated,46.3364,36.439
LLM-generated,46.5303,48.0214
LLM-generated,36.3226,94.0217
LLM-generated,83.1702,28.3669
LLM-generated,91.6586,27.1235
LLM-generated,64.6646,36.2375
LLM-generated,28.2258,61.7441
LLM-generated,35.9877,24.0828
LLM-generated,70.7646,4.3499
LLM-generated,103.0168,-13.4647
LLM-generated,100.3875,22.3967
LLM-generated,58.4757,19.677
LLM-generated,70.9155,14.5146
LLM-generated,-73.412,55.0957
LLM-generated,76.3364,77.3805
LLM-generated,71.3268,13.4297
LLM-generated,70.7024,72.4663
LLM-generated,42.417,53.9614
LLM-generated,67.552,31.638
LLM-generated,40.509,96.3671
LLM-generated,49.829,3.3538
LLM-generated,32.4039,51.9147
LLM-generated,84.6108,31.7855
LLM-generated,53.1416,47.0123
LLM-generated,55.6242,62.0303
LLM-generated,82.9116,40.1711
LLM-generated,36.2533,24.146
LLM-generated,103.8679,39.0082
LLM-generated,42.965,22.982
LLM-generated,77.1771,77.7161
LLM-generated,51.7281,59.5563
LLM-generated,-48.8815,64.4208
LLM-generated,38.3893,71.7839
LLM-generated,96.8069,37.9317
LLM-generated,64.0962,57.1322
LLM-generated,43.5569,64.3452
LLM-generated,-58.0036,-91.517
LLM-generated,29.7379,53.761
LLM-generated,51.0325,83.8024
LLM-generated,18.4092,-30.3893
LLM-generated,-11.0422,32.2279
LLM-generated,43.8106,65.032
LLM-generated,35.2311,25.5646
LLM-generated,-58.8246,-91.1567
LLM-generated,72.3182,-0.5092
LLM-generated,69.7466,72.6063
LLM-generated,100.9864,21.2144
LLM-generated,102.5119,39.2578
LLM-generated,90.7597,26.4141
LLM-generated,37.3564,93.4178
LLM-generated,74.7349,30.5379
LLM-generated,46.7205,83.7721
LLM-generated,74.2183,61.6954
LLM-generated,31.0499,69.2896
LLM-generated,79.8019,47.2514
LLM-generated,42.4057,22.4492
LLM-generated,-10.8767,-10.6912
LLM-generated,76.2996,77.3587
LLM-generated,79.9624,35.0156
LLM-generated,-26.1361,52.2408
LLM-generated,19.5419,-29.9959
LLM-generated,67.8351,30.9302
LLM-generated,48.8563,63.4033
LLM-generated,64.1362,30.8266
LLM-generated,66.1309,11.7788
LLM-generated,33.8456,18.8466
LLM-generated,49.0903,81.8679
LLM-generated,91.9372,31.3786
LLM-generated,34.6442,24.6207
LLM-generated,106.3545,38.2299
LLM-generated,34.8352,25.1602
LLM-generated,59.6563,20.2642
LLM-generated,70.8343,55.7047
LLM-generated,32.1303,12.7991
LLM-generated,82.4406,68.0824
LLM-generated,68.8196,1.8665
LLM-generated,39.4652,94.3049
LLM-generated,94.5532,38.5191
LLM-generated,41.4398,95.1277
LLM-generated,66.7985,31.2035
LLM-generated,69.6873,61.0854
LLM-generated,47.8068,77.5713
LLM-generated,55.273,-16.1184
LLM-generated,78.1194,72.9022
LLM-generated,35.463,24.4696
LLM-generated,100.856,39.4108
LLM-generated,95.7213,30.378
LLM-generated,95.4672,37.9683
LLM-generated,77.1973,77.7268
LLM-generated,22.4284,-32.5535
LLM-generated,57.1857,41.2237
LLM-generated,74.1253,61.8102
LLM-generated,88.9975,17.9307
LLM-generated,76.2595,77.3912
LLM-generated,44.8549,92.2183
LLM-generated,27.5495,89.7445
LLM-generated,38.7489,95.7364
LLM-generated,94.6138,21.8221
LLM-generated,53.454,30.4072
LLM-generated,56.5902,33.1796
LLM-generated,73.7918,-0.7031
LLM-generated,43.7429,50.4999
LLM-generated,35.6148,70.8084
LLM-generated,27.7479,18.1863
LLM-generated,76.3436,77.3681
LLM-generated,72.0741,54.8911
LLM-generated,42.3111,22.3657
LLM-generated,77.3736,72.0455
LLM-generated,80.7687,53.1371
LLM-generated,78.2419,64.819
LLM-generated,38.8293,71.6851
LLM-generated,37.1481,51.4207
LLM-generated,85.3088,31.3627
LLM-generated,-58.5175,-90.9034
LLM-generated,-8.3976,30.9289
LLM-generated,78.1745,73.1015
LLM-generated,70.9487,25.5275
LLM-generated,77.1574,77.7061
LLM-generated,50.395,70.6171
LLM-generated,98.8647,36.9548
LLM-generated,106.3348,38.2176
LLM-generated,35.0895,26.3903
LLM-generated,51.9312,72.6406
LLM-generated,70.5591,24.5637
LLM-generated,27.5272,89.7159
LLM-generated,73.5499,41.0574
LLM-generated,73.1678,41.2557
LLM-generated,14.2238,-35.5326
LLM-generated,97.0226,37.9118
LLM-generated,38.7467,43.3986
LLM-generated,106.3733,38.2238
LLM-generated,84.1107,32.1639
LLM-generated,76.887,76.5938
LLM-generated,40.4476,95.2004
LLM-generated,79.7989,47.2591
LLM-generated,64.0267,30.4664
LLM-generated,48.7298,23.0966
LLM-generated,98.047,15.022
LLM-generated,41.4308,42.9428
LLM-generated,27.5339,89.7455
LLM-generated,79.5543,43.8683
LLM-generated,37.9446,39.9778
LLM-generated,-57.3317,-88.4113
LLM-generated,32.3288,13.0326
LLM-generated,49.0416,61.9728
LLM-generated,37.8935,39.9287
LLM-generated,36.4264,93.9458
LLM-generated,84.8931,-22.0983
LLM-generated,56.2636,31.0737
LLM-generated,93.0524,38.1225
LLM-generated,106.3501,38.2427
LLM-generated,72.3781,6.3806
LLM-generated,35.2033,25.7696
LLM-generated,42.2405,22.355
LLM-generated,18.4236,-30.3892
LLM-generated,106.3555,38.2211
LLM-generated,74.1885,2.9944
LLM-generated,93.9428,20.7009
LLM-generated,36.03,24.8552
LLM-generated,36.3283,94.0195
LLM-generated,44.8602,40.7907
LLM-generated,39.3064,90.5685
LLM-generated,56.6848,59.7318
LLM-generated,49.8144,63.6162
LLM-generated,95.6245,14.7031
LLM-generated,74.127,42.7363
LLM-generated,69.9206,55.1594
LLM-generated,57.5102,67.038
LLM-generated,86.57,18.671
LLM-generated,70.9667,55.105
LLM-generated,51.7297,59.5993
LLM-generated,77.1619,77.7067
LLM-generated,92.3311,21.5372
LLM-generated,59.0644,72.9559
LLM-generated,56.5944,33.1676
LLM-generated,90.5815,33.9157
LLM-generated,37.6996,69.0406
LLM-generated,39.3203,95.7478
LLM-generated,31.1474,69.4253
LLM-generated,82.4897,46.8443
LLM-generated,96.4938,36.4013
LLM-generated,62.4692,69.3589
LLM-generated,33.6673,7.8341
LLM-generated,90.7201,28.3073
LLM-generated,95.0264,44.2366
LLM-generated,22.4505,-32.5584
LLM-generated,96.446,36.2952
LLM-generated,36.0383,25.3952
LLM-generated,43.7078,7.6928
LLM-generated,95.2096,39.8117
LLM-generated,97.6871,20.0858
LLM-generated,55.6468,-15.2603
LLM-generated,43.4904,78.9986
LLM-generated,27.8549,26.4988
LLM-generated,60.2721,18.9776
LLM-generated,13.4537,-34.7041
LLM-generated,76.3191,77.3867
LLM-generated,21.5158,7.5718
LLM-generated,66.8905,54.9028
LLM-generated,26.8398,90.5463
LLM-generated,30.6125,6.7768
LLM-generated,-19.4954,44.2168
LLM-generated,14.2245,-35.581
LLM-generated,-67.682,-30.8623
LLM-generated,99.082,8.4981
LLM-generated,99.3315,14.9442
LLM-generated,48.7752,62.9672
LLM-generated,54.0308,29.4952
LLM-generated,99.8673,36.8141
LLM-generated,41.2888,95.0386
LLM-generated,106.3417,38.2094
LLM-generated,38.9556,95.7416
LLM-generated,37.0964,51.4288
LLM-generated,30.7837,-23.7849
LLM-generated,-84.0508,-8.7062
LLM-generated,57.2991,-22.5149
LLM-generated,73.1569,41.2393
LLM-generated,36.6474,56.5839
LLM-generated,40.2494,38.3005
LLM-generated,65.7186,67.8197
LLM-generated,14.2332,-35.5589
LLM-generated,69.0924,60.2589
LLM-generated,41.3973,22.0311
LLM-generated,76.9922,76.4928
LLM-generated,35.6364,24.1435
LLM-generated,27.5412,89.7429
LLM-generated,40.4607,91.048
LLM-generated,76.2812,77.355
LLM-generated,78.0389,73.5191
LLM-generated,57.2095,59.3751
LLM-generated,36.8337,54.2019
LLM-generated,82.9299,7.7415
LLM-generated,-57.9265,-90.5601
LLM-generated,-57.6803,-91.2997
LLM-generated,101.4024,39.4048
LLM-generated,49.3876,62.4707
LLM-generated,31.482,14.7382
LLM-generated,66.826,30.0841
LLM-generated,69.5399,55.4858
LLM-generated,73.5518,41.0307
LLM-generated,33.8993,39.9716
LLM-generated,69.5599,55.619
LLM-generated,22.4497,-32.5577
LLM-generated,43.1895,47.1247
LLM-generated,42.359,22.4508
LLM-generated,57.7796,2.5882
LLM-generated,38.2933,38.4749
LLM-generated,40.7635,94.3534
LLM-generated,42.2735,22.3903
LLM-generated,64.1426,70.3419
LLM-generated,46.9598,81.7416
LLM-generated,78.4326,71.1654
LLM-generated,29.6803,3.8706
LLM-generated,33.6781,7.8749
LLM-generated,106.3579,38.2102
LLM-generated,23.6458,-28.6518
LLM-generated,94.1192,36.2565
LLM-generated,44.847,92.221
LLM-generated,46.767,83.6903
LLM-generated,42.277,38.332
LLM-generated,45.3763,82.2957
LLM-generated,52.389,47.822
LLM-generated,13.4463,-34.6809
LLM-generated,15.3909,-31.1774
LLM-generated,42.2085,54.3817
LLM-generated,96.7564,33.1668
LLM-generated,38.6124,52.8167
LLM-generated,31.8509,53.835
LLM-generated,44.6733,59.3418
LLM-generated,39.4861,96.5095
LLM-generated,106.3719,38.2114
LLM-generated,41.3944,95.1846
LLM-generated,46.2006,-11.9106
LLM-generated,-58.0438,-91.4053
LLM-generated,41.1545,94.6383
LLM-generated,67.8617,52.5893
LLM-generated,66.7996,76.0008
LLM-generated,50.1758,85.0653
LLM-generated,15.7042,-32.333
LLM-generated,53.8593,68.8321
LLM-generated,50.0167,62.6718
LLM-generated,28.815,25.2315
LLM-generated,96.6218,20.0603
LLM-generated,50.3187,84.3738
LLM-generated,-37.5286,-44.291
LLM-generated,65.0288,29.5412
LLM-generated,30.5975,6.7452
LLM-generated,74.1497,61.8001
LLM-generated,57.0982,74.9284
LLM-generated,43.5689,-6.0687
LLM-generated,81.6483,28.1484
LLM-generated,99.2561,31.9244
LLM-generated,22.4321,-32.5454
LLM-generated,55.4807,-14.7624
LLM-generated,39.8935,35.082
LLM-generated,83.096,67.5089
LLM-generated,47.4187,82.6587
LLM-generated,82.9047,40.1562
LLM-generated,41.103,95.2563
LLM-generated,40.682,95.4962
LLM-generated,71.7578,6.1536
LLM-generated,84.8549,25.5126
LLM-generated,94.949,39.3301
LLM-generated,43.9493,53.2112
LLM-generated,49.5151,44.8906
LLM-generated,62.9627,65.5036
LLM-generated,97.4417,36.7334
LLM-generated,82.6144,53.595
LLM-generated,66.8467,31.5777
LLM-generated,74.0788,45.9299
LLM-generated,40.449,91.0466
LLM-generated,42.1369,68.3366
LLM-generated,99.1672,15.5643
LLM-generated,64.3086,10.215
LLM-generated,78.9444,70.5562
LLM-generated,95.826,14.9905
LLM-generated,30.1926,5.8005
LLM-generated,-26.4966,28.3803
LLM-generated,97.1424,-6.5331
LLM-generated,95.7535,30.2801
LLM-generated,39.6329,40.7865
LLM-generated,32.4807,41.8884
LLM-generated,55.9906,38.8106
LLM-generated,40.8889,95.0807
LLM-generated,102.7007,39.4044
LLM-generated,52.3983,47.6515
LLM-generated,42.9635,22.9968
LLM-generated,54.0848,42.2188
LLM-generated,41.9025,91.1857
LLM-generated,44.8669,60.8083
LLM-generated,54.5422,-25.9771
LLM-generated,80.0158,52.5636
LLM-generated,50.9767,-11.6914
LLM-generated,74.6096,42.8205
LLM-generated,50.1853,85.0026
LLM-generated,74.963,61.6428
LLM-generated,82.5602,30.7309
LLM-generated,78.0597,72.9318
LLM-generated,18.6394,20.8669
LLM-generated,49.7792,63.4127
LLM-generated,46.784,83.6708
LLM-generated,56.3327,63.0965
LLM-generated,-58.8516,-90.753
LLM-generated,58.6886,14.4777
LLM-generated,66.4959,31.2466
LLM-generated,48.0507,63.2459
LLM-generated,80.1214,50.4961
LLM-generated,66.8218,76.0694
LLM-generated,50.4548,-27.9795
LLM-generated,-56.1708,-29.1723
LLM-generated,76.323,77.3847
LLM-generated,35.1758,24.386
LLM-generated,71.0249,67.6261
LLM-generated,34.6474,25.8064
LLM-generated,90.5356,38.5653
LLM-generated,99.0384,29.6163
LLM-generated,41.338,95.6483
LLM-generated,100.5328,39.7843
LLM-generated,90.7506,28.1677
LLM-generated,47.3936,79.3915
LLM-generated,49.837,63.1846
LLM-generated,64.2821,48.8084
LLM-generated,48.4144,71.8653
LLM-generated,94.7201,36.5061
LLM-generated,106.363,38.2266
LLM-generated,98.8326,39.1804
LLM-generated,41.6778,10.9809
LLM-generated,-59.6143,-91.9205
LLM-generated,36.1529,25.1351
LLM-generated,49.5139,72.8821
LLM-generated,38.724,95.9109
LLM-generated,54.8867,28.8904
LLM-generated,96.6177,21.6758
LLM-generated,76.8044,49.5018
LLM-generated,44.85,92.2274
LLM-generated,101.6723,35.4569
LLM-generated,40.5588,95.1983
LLM-generated,90.9695,26.4328
LLM-generated,36.3111,94.03
LLM-generated,43.0426,23.0851
LLM-generated,49.8294,50.817
LLM-generated,50.3295,40.9901
LLM-generated,82.4221,53.5712
LLM-generated,14.2317,-35.5766
LLM-generated,35.387,22.6926
LLM-generated,43.4814,78.7955
LLM-generated,96.1035,20.7946
LLM-generated,35.3943,24.1468
LLM-generated,8.5386,26.5671
LLM-generated,14.1651,-35.525
LLM-generated,37.5163,93.1036
LLM-generated,27.5276,89.7097
LLM-generated,95.7424,30.3271
LLM-generated,84.5529,2.5186
LLM-generated,101.0468,37.0308
LLM-generated,51.1161,10.4964
LLM-generated,73.6546,7.4743
LLM-generated,31.0577,69.265
LLM-generated,30.2601,67.4205
LLM-generated,51.4737,85.9687
LLM-generated,65.119,30.5601
LLM-generated,49.1678,62.1809
LLM-generated,94.4138,21.6368
LLM-generated,44.2843,82.2052
LLM-generated,70.9926,55.1115
LLM-generated,53.1727,61.2947
LLM-generated,89.6758,17.345
LLM-generated,-58.9113,-91.1496
LLM-generated,93.9203,20.6903
LLM-generated,57.3378,-51.6909
LLM-generated,27.4146,87.9273
LLM-generated,78.2337,64.818
LLM-generated,49.8323,44.5364
LLM-generated,35.0523,26.479
LLM-generated,76.5494,34.3665
LLM-generated,92.0897,37.313
LLM-generated,47.2338,67.1113
LLM-generated,35.8842,24.3066
LLM-generated,34.9529,25.6639
LLM-generated,86.6323,36.5765
LLM-generated,61.7745,72.2481
LLM-generated,39.8672,90.0192
LLM-generated,65.6397,57.9587
LLM-generated,29.6952,3.8859
LLM-generated,21.2043,57.43
LLM-generated,79.5282,70.9043
LLM-generated,32.0904,12.7663
LLM-generated,64.002,9.4932
LLM-generated,33.663,7.8408
LLM-generated,27.5513,89.7407
LLM-generated,-67.4343,54.9401
LLM-generated,64.9852,70.0146
LLM-generated,34.7976,22.9557
LLM-generated,-57.6248,-91.4269
LLM-generated,98.8814,-6.2353
LLM-generated,78.2185,70.9676
LLM-generated,103.8834,39.0073
LLM-generated,40.9918,95.3886
LLM-generated,40.412,68.0041
LLM-generated,41.2596,95.3732
LLM-generated,40.6051,68.0131
LLM-generated,29.0947,25.3391
LLM-generated,51.1235,70.3575
LLM-generated,74.8997,61.6508
LLM-generated,48.1761,63.2435
LLM-generated,53.0013,61.4183
LLM-generated,31.0237,21.4189
LLM-generated,67.1019,30.2265
LLM-generated,39.1768,96.0355
LLM-generated,-71.1193,55.1394
LLM-generated,-57.8157,-88.7223
LLM-generated,72.8087,75.3433
LLM-generated,30.1917,5.798
LLM-generated,99.3108,37.1318
LLM-generated,72.1986,54.8808
LLM-generated,47.566,44.6935
LLM-generated,99.3342,1.3029
LLM-generated,37.3949,73.3678
LLM-generated,53.4175,43.1056
LLM-generated,-58.5392,-91.4008
LLM-generated,74.2423,7.6151
LLM-generated,84.8643,6.2356
LLM-generated,100.4875,5.6854
LLM-generated,55.032,-74.8178
LLM-generated,56.7087,15.5535
LLM-generated,36.3739,23.9941
LLM-generated,39.458,95.9497
LLM-generated,71.7092,6.0177
LLM-generated,80.289,29.1368
LLM-generated,-58.0241,-91.2922
LLM-generated,95.6476,14.9113
LLM-generated,-57.6341,-90.7623
LLM-generated,47.3223,66.9138
LLM-generated,73.9157,54.2794
LLM-generated,32.8097,45.6745
LLM-generated,53.4089,46.7121
LLM-generated,42.2635,22.4015
LLM-generated,77.2048,77.7315
LLM-generated,43.1957,52.5369
LLM-generated,48.9946,63.2195
LLM-generated,65.4174,10.2783
LLM-generated,99.6857,27.1074
LLM-generated,80.0657,34.9521
LLM-generated,72.1721,6.5058
LLM-generated,82.4357,68.0896
LLM-generated,41.1,54.076
LLM-generated,48.3293,80.7109
LLM-generated,99.7396,36.9666
LLM-generated,100.4121,31.9102
LLM-generated,-58.7359,-90.7234
LLM-generated,38.5827,52.8083
LLM-generated,49.29,84.9753
LLM-generated,95.0582,44.2359
LLM-generated,53.5935,33.9197
LLM-generated,84.453,31.9763
LLM-generated,42.3668,22.4936
LLM-generated,27.5489,89.7369
LLM-generated,92.1584,39.0807
LLM-generated,35.156,22.9054
LLM-generated,59.0405,-15.5521
LLM-generated,-48.1198,14.297
LLM-generated,75.1606,67.7548
LLM-generated,82.4869,30.7957
LLM-generated,70.73,56.1197
LLM-generated,75.1323,61.6967
LLM-generated,57.776,2.5588
LLM-generated,82.425,68.0882
LLM-generated,93.9296,20.6921
LLM-generated,68.2739,69.1515
LLM-generated,48.9655,70.5051
LLM-generated,95.4126,32.3822
LLM-generated,14.2204,-35.5817
LLM-generated,36.499,26.1226
LLM-generated,100.298,22.2912
LLM-generated,55.2876,-15.5034
LLM-generated,75.2028,-18.5556
LLM-generated,42.6705,54.2583
LLM-generated,75.7449,33.559
LLM-generated,90.5225,27.3604
LLM-generated,75.7729,33.6529
LLM-generated,41.3657,95.7564
LLM-generated,63.7285,31.0068
LLM-generated,42.6473,52.429
LLM-generated,73.9031,54.2853
LLM-generated,49.5926,44.8603
LLM-generated,27.8408,62.9649
LLM-generated,72.0045,5.2522
LLM-generated,74.3136,42.6797
LLM-generated,27.561,89.7381
LLM-generated,55.8728,-20.6007
LLM-generated,64.518,10.4701
LLM-generated,103.3045,39.2357
LLM-generated,92.851,36.8598
LLM-generated,52.9096,61.6264
LLM-generated,15.7064,-32.3392
LLM-generated,68.2929,62.923
LLM-generated,89.6598,17.292
LLM-generated,82.787,39.7063
LLM-generated,39.8344,90.3857
LLM-generated,65.7722,15.558
LLM-generated,53.8936,30.3278
LLM-generated,65.5849,36.8935
LLM-generated,57.0479,15.8035
LLM-generated,74.7581,30.5592
LLM-generated,-58.7728,-90.7131
LLM-generated,70.8681,56.2528
LLM-generated,31.1696,69.2993
LLM-generated,40.2504,95.6884
LLM-generated,-57.7667,-91.3414
LLM-generated,89.2196,9.8256
LLM-generated,22.4552,-32.5592
LLM-generated,36.1726,23.758
LLM-generated,43.4728,78.8034
LLM-generated,74.597,30.5664
LLM-generated,40.59,93.9873
LLM-generated,28.875,25.2876
LLM-generated,34.3524,-5.328
LLM-generated,56.8101,59.3965
LLM-generated,-60.1384,28.752
LLM-generated,38.6365,36.2762
LLM-generated,41.5334,96.0684
LLM-generated,43.5613,64.3363
LLM-generated,49.0834,62.1006
LLM-generated,1.3013,-68.3476
LLM-generated,36.3234,94.0223
LLM-generated,39.2831,95.989
LLM-generated,96.5379,20.0107
LLM-generated,48.3288,63.8739
LLM-generated,46.0189,36.0408
LLM-generated,76.5086,26.4727
LLM-generated,71.1955,0.8291
LLM-generated,-58.9477,-91.3147
LLM-generated,49.5014,62.5721
LLM-generated,90.919,27.8295
LLM-generated,91.6744,27.1908
LLM-generated,35.5909,64.8018
LLM-generated,46.7545,83.6901
LLM-generated,67.0214,16.3522
LLM-generated,82.4877,46.8535
LLM-generated,50.0097,45.8136
LLM-generated,30.8622,77.7202
LLM-generated,67.5905,15.2
LLM-generated,76.3172,77.3948
LLM-generated,42.3739,9.7103
LLM-generated,64.6051,48.8765
LLM-generated,42.1692,22.3234
LLM-generated,-58.8933,-90.9986
LLM-generated,43.4856,79.013
LLM-generated,14.2247,-35.5617
LLM-generated,28.3025,-0.381
LLM-generated,41.3823,22.0343
LLM-generated,50.0224,69.7714
LLM-generated,69.6824,61.0803
LLM-generated,90.572,33.8949
LLM-generated,46.1971,82.7178
LLM-generated,41.3584,94.8923
LLM-generated,44.8548,76.7852
LLM-generated,65.9493,35.9736
LLM-generated,48.7945,63.6033
LLM-generated,94.1172,36.843
LLM-generated,95.3958,22.2228
LLM-generated,65.6588,57.8716
LLM-generated,10.9275,88.3399
LLM-generated,-42.6934,76.8998
LLM-generated,54.4587,29.1602
LLM-generated,50.2129,29.4477
LLM-generated,51.7571,59.5822
LLM-generated,31.2587,77.7959
LLM-generated,49.1251,63.8857
LLM-generated,72.0631,54.889
LLM-generated,34.7291,23.1495
LLM-generated,82.4729,30.7498
LLM-generated,30.9984,21.3539
LLM-generated,40.0472,72.3863
LLM-generated,77.2101,60.1872
LLM-generated,22.4463,-32.562
LLM-generated,98.8131,-6.3724
LLM-generated,66.9708,16.4684
LLM-generated,22.4568,-32.5587
LLM-generated,73.3949,-15.7661
LLM-generated,46.6812,-16.7237
LLM-generated,36.3192,94.0249
LLM-generated,45.221,-6.3862
LLM-generated,64.9575,28.9356
LLM-generated,14.2355,-35.5423
LLM-generated,46.0999,82.4877
LLM-generated,72.0756,54.9126
LLM-generated,35.2728,25.472
LLM-generated,65.6263,11.2514
LLM-generated,-58.6593,-90.5437
LLM-generated,95.246,22.0319
LLM-generated,65.8678,28.5128
LLM-generated,35.5265,24.226
LLM-generated,49.5564,62.6815
LLM-generated,49.768,71.6857
LLM-generated,80.2692,69.488
LLM-generated,59.0999,18.5211
LLM-generated,72.6129,59.3619
LLM-generated,96.6157,20.0408
LLM-generated,103.966,35.9817
LLM-generated,66.1922,35.9712
LLM-generated,27.5556,89.7483
LLM-generated,64.892,29.4487
LLM-generated,101.1303,39.0169
LLM-generated,60.3971,-8.5661
LLM-generated,74.1421,61.8208
LLM-generated,71.0771,1.1622
LLM-generated,71.3006,13.3867
LLM-generated,93.9163,21.1001
LLM-generated,28.1452,23.627
LLM-generated,79.0392,70.3774
LLM-generated,48.0171,62.9483
LLM-generated,74.1034,67.7115
LLM-generated,51.7166,59.6026
LLM-generated,74.2439,44.3809
LLM-generated,56.9069,59.2751
LLM-generated,29.0033,21.494
LLM-generated,35.106,25.4642
LLM-generated,82.9032,40.1541
LLM-generated,49.3008,84.9597
LLM-generated,75.877,31.8575
LLM-generated,81.301,51.3393
LLM-generated,44.3568,44.9587
LLM-generated,52.587,34.0722
LLM-generated,103.0567,-0.6191
LLM-generated,51.7492,59.6304
LLM-generated,82.4308,68.0863
LLM-generated,82.9156,40.173
LLM-generated,15.7042,-32.3418
LLM-generated,43.6564,64.4479
LLM-generated,74.6206,74.2778
LLM-generated,36.6397,-2.5379
LLM-generated,47.7848,77.766
LLM-generated,35.3302,24.9406
LLM-generated,74.9194,3.1963
LLM-generated,42.9403,22.9737
LLM-generated,47.8804,76.87
LLM-generated,47.3158,66.8449
LLM-generated,83.5633,15.3896
LLM-generated,40.9399,-2.9105
LLM-generated,46.533,48.0245
LLM-generated,49.1431,46.1053
LLM-generated,100.3729,31.9164
LLM-generated,-37.6528,-57.1848
LLM-generated,46.8897,80.2058
LLM-generated,34.275,-3.1077
LLM-generated,74.3092,45.4363
LLM-generated,53.3572,45.8473
LLM-generated,38.0303,71.8159
LLM-generated,34.8346,22.9078
LLM-generated,40.4858,97.5307
LLM-generated,74.6523,74.2008
LLM-generated,76.3226,77.3763
LLM-generated,91.9291,31.5188
LLM-generated,50.3194,84.439
LLM-generated,48.8466,63.1496
LLM-generated,18.5885,26.9053
LLM-generated,35.3002,22.7432
LLM-generated,-5.0845,-58.1109
LLM-generated,55.4585,48.6072
LLM-generated,96.6997,21.8097
LLM-generated,77.2444,60.192
LLM-generated,60.3902,-8.5947
LLM-generated,-57.8176,-88.7172
LLM-generated,99.7793,6.6233
LLM-generated,55.8064,61.6662
LLM-generated,81.7398,6.5521
LLM-generated,85.146,29.7573
LLM-generated,-58.6241,-90.6542
LLM-generated,78.5435,29.8548
LLM-generated,40.252,38.2973
LLM-generated,49.2468,63.82
LLM-generated,95.3565,32.3524
LLM-generated,83.2598,50.9041
LLM-generated,72.614,59.3611
LLM-generated,48.0585,62.9124
LLM-generated,69.5008,55.4488
LLM-generated,49.3168,63.3644
LLM-generated,32.2095,1.3538
LLM-generated,38.4739,52.009
LLM-generated,42.2867,22.3827
LLM-generated,49.3823,64.0657
LLM-generated,44.3212,-16.1723
LLM-generated,83.2667,41.0051
LLM-generated,36.3228,94.0216
LLM-generated,46.3457,77.8042
LLM-generated,71.9239,-31.6092
LLM-generated,78.2225,72.1135
LLM-generated,75.0536,61.6876
LLM-generated,69.6382,55.578
LLM-generated,68.7621,55.9352
LLM-generated,43.0967,23.142
LLM-generated,103.4935,3.5985
LLM-generated,-58.5375,-91.106
LLM-generated,63.4874,31.2094
LLM-generated,36.3881,25.9942
LLM-generated,94.9404,19.8367
LLM-generated,90.9761,44.0325
LLM-generated,22.4573,-32.5577
LLM-generated,52.4634,59.093
LLM-generated,42.3413,22.4607
LLM-generated,66.2704,30.289
LLM-generated,106.3784,38.2069
LLM-generated,40.3787,96.2865
LLM-generated,101.2934,38.6317
LLM-generated,54.9296,30.1592
LLM-generated,95.4614,22.209
LLM-generated,78.2422,64.8237
LLM-generated,62.8109,66.1375
LLM-generated,97.7269,20.0936
LLM-generated,40.1163,38.3443
LLM-generated,101.1664,37.9248
LLM-generated,62.4776,69.299
LLM-generated,65.8414,12.978
LLM-generated,63.303,74.3499
LLM-generated,55.4427,62.0066
LLM-generated,58.9536,20.2615
LLM-generated,40.0988,95.5966
LLM-generated,35.6952,15.3776
LLM-generated,74.7429,30.5615
LLM-generated,72.0678,54.9129
LLM-generated,75.6866,61.5523
LLM-generated,62.0513,-12.5975
LLM-generated,5.359,62.6882
LLM-generated,41.5964,-10.1111
LLM-generated,-58.0474,-90.5017
LLM-generated,30.9095,68.7049
LLM-generated,92.6363,36.8162
LLM-generated,101.0647,37.9215
LLM-generated,22.4481,-32.5488
LLM-generated,42.329,22.3694
LLM-generated,18.1104,40.1712
LLM-generated,57.1227,48.4818
LLM-generated,75.0069,31.3339
LLM-generated,56.8332,59.8442
LLM-generated,46.504,47.8705
LLM-generated,102.6457,39.5655
LLM-generated,15.5268,-31.2831
LLM-generated,30.8351,68.4112
LLM-generated,23.6454,-56.0086
LLM-generated,82.2711,68.1852
LLM-generated,105.3197,36.0847
LLM-generated,86.2387,30.9963
LLM-generated,65.4032,57.779
LLM-generated,94.7225,19.8496
LLM-generated,46.7215,83.7801
LLM-generated,99.078,8.498
LLM-generated,103.7888,-5.2363
LLM-generated,42.2573,22.3449
LLM-generated,91.1866,28.6548
LLM-generated,67.846,62.3803
LLM-generated,14.2404,-35.561
LLM-generated,15.7112,-32.3343
LLM-generated,41.4293,22.0564
LLM-generated,82.2618,68.202
LLM-generated,27.5036,89.7316
LLM-generated,74.6349,8.9323
LLM-generated,56.0528,57.0144
LLM-generated,59.1123,18.4008
LLM-generated,95.3579,32.3548
LLM-generated,41.3117,22.0021
LLM-generated,24.6024,65.6703
LLM-generated,49.2537,62.7263
LLM-generated,-73.4215,55.1817
LLM-generated,30.9691,21.0352
LLM-generated,99.3292,1.2929
LLM-generated,-57.67,-91.3786
LLM-generated,56.37,56.9076
LLM-generated,92.3391,36.8227
LLM-generated,99.2623,40.7346
LLM-generated,51.7558,59.6273
LLM-generated,106.38,38.2261
LLM-generated,66.8012,31.205
LLM-generated,95.0539,44.2565
LLM-generated,45.8662,55.8051
LLM-generated,70.9294,55.5362
LLM-generated,66.4723,68.9018
LLM-generated,93.9288,20.6703
LLM-generated,27.5991,89.7141
LLM-generated,64.1262,30.8565
LLM-generated,14.8721,-35.3955
LLM-generated,36.9033,-11.1611
LLM-generated,28.2066,63.0559
LLM-generated,51.6689,59.5689
LLM-generated,90.9961,26.5075
LLM-generated,36.0962,51.4866
LLM-generated,93.3579,36.7298
LLM-generated,53.3237,30.32
LLM-generated,82.4277,68.0861
LLM-generated,95.8073,23.0659
LLM-generated,38.2108,38.3356
LLM-generated,50.1527,-17.4214
LLM-generated,54.5268,29.8668
LLM-generated,65.2814,12.6295
LLM-generated,68.7311,55.9543
LLM-generated,94.4702,21.7635
LLM-generated,103.9078,38.9964
LLM-generated,82.2256,53.5443
LLM-generated,70.7989,14.7742
LLM-generated,86.585,25.1954
LLM-generated,77.1536,77.704
LLM-generated,64.7454,68.4427
LLM-generated,79.1081,70.3873
LLM-generated,68.8768,45.2811
LLM-generated,44.6139,82.223
LLM-generated,63.1188,65.0053
LLM-generated,41.4791,94.7477
LLM-generated,89.3159,40.3234
LLM-generated,81.6392,33.5663
LLM-generated,48.6321,80.608
LLM-generated,22.0826,-0.8745
LLM-generated,-24.1546,54.0471
LLM-generated,27.4004,87.6382
LLM-generated,38.5635,69.6727
LLM-generated,72.3914,54.8854
LLM-generated,66.4435,31.2202
LLM-generated,37.1784,35.9788
LLM-generated,15.7076,-32.3168
LLM-generated,30.9662,21.1353
LLM-generated,66.3083,10.0226
LLM-generated,75.1145,61.7252
LLM-generated,46.8073,91.8268
LLM-generated,58.5563,15.6798
LLM-generated,43.6761,58.9352
LLM-generated,20.5284,-31.9866
LLM-generated,90.2925,32.6682
LLM-generated,51.1257,10.508
LLM-generated,94.1002,36.7807
LLM-generated,74.605,42.8105
LLM-generated,72.5339,75.3251
LLM-generated,54.9354,66.2711
LLM-generated,18.3957,-30.394
LLM-generated,95.3562,32.34
LLM-generated,41.4639,94.9301
LLM-generated,65.7175,57.863
LLM-generated,53.349,29.6523
LLM-generated,39.9507,95.9284
LLM-generated,27.5974,89.719
LLM-generated,72.631,75.3301
LLM-generated,76.486,34.2603
LLM-generated,76.5943,53.6238
LLM-generated,64.6786,29.6267
LLM-generated,74.1248,61.7908
LLM-generated,77.8047,72.6432
LLM-generated,28.8177,25.0229
LLM-generated,91.9893,21.0472
LLM-generated,83.299,41.3299
LLM-generated,76.0288,33.7335
LLM-generated,8.4336,50.694
LLM-generated,47.8834,80.6503
LLM-generated,49.1287,62.7737
LLM-generated,74.5561,29.4227
LLM-generated,82.9176,40.1749
LLM-generated,60.391,-8.5945
LLM-generated,92.3151,36.8431
LLM-generated,18.3883,-30.4002
LLM-generated,69.8974,55.2344
LLM-generated,49.4684,64.3091
LLM-generated,79.0631,59.9969
LLM-generated,72.0988,54.8985
LLM-generated,27.5461,89.743
LLM-generated,82.9123,40.1671
LLM-generated,-57.8728,-91.2033
LLM-generated,92.0082,-6.6807
LLM-generated,-73.4427,55.1066
LLM-generated,71.0402,14.1343
LLM-generated,65.4359,57.8473
LLM-generated,-57.9697,-91.2566
LLM-generated,98.2935,32.4567
LLM-generated,65.2294,11.4789
LLM-generated,45.7933,55.5695
LLM-generated,-58.3493,-90.8909
LLM-generated,74.7683,30.5445
LLM-generated,40.1408,35.1164
LLM-generated,14.1634,-35.5245
LLM-generated,74.4205,63.3098
LLM-generated,100.4852,5.6484
LLM-generated,37.3305,-5.607
LLM-generated,46.7787,83.7415
LLM-generated,17.5725,-30.5489
LLM-generated,15.7489,-31.0717
LLM-generated,40.3397,91.323
LLM-generated,22.4516,-32.552
LLM-generated,76.2927,77.3985
LLM-generated,56.6612,15.5534
LLM-generated,-84.5541,-10.6159
LLM-generated,64.3377,7.0292
LLM-generated,62.4688,73.6953
LLM-generated,44.3281,58.8323
LLM-generated,-67.2262,-38.648
LLM-generated,49.4664,64.3263
LLM-generated,79.9987,24.6822
LLM-generated,95.3588,32.3583
LLM-generated,29.7106,39.1587
LLM-generated,94.4488,36.6381
LLM-generated,32.7426,47.2256
LLM-generated,97.7199,20.1044
LLM-generated,99.5468,37.2458
LLM-generated,103.9866,35.9814
LLM-generated,47.3992,79.39
LLM-generated,71.282,13.538
LLM-generated,32.1123,12.7605
LLM-generated,85.2452,29.9604
LLM-generated,65.2823,30.5663
LLM-generated,72.9565,68.1704
LLM-generated,50.5703,-16.1579
LLM-generated,54.515,-25.9486
LLM-generated,29.6884,3.8751
LLM-generated,56.7553,32.1059
LLM-generated,48.8142,80.7746
LLM-generated,103.8798,39.0116
LLM-generated,35.271,22.7515
LLM-generated,48.0764,63.3591
LLM-generated,25.0314,70.1572
LLM-generated,-53.4808,30.1333
LLM-generated,-58.4093,-90.4528
LLM-generated,40.4308,96.4329
LLM-generated,22.1947,-0.8582
LLM-generated,43.8671,20.9055
LLM-generated,42.9931,22.9848
LLM-generated,53.7073,21.7119
LLM-generated,38.7512,95.8218
LLM-generated,60.387,-8.585
LLM-generated,40.5132,96.1222
LLM-generated,92.4511,36.8203
LLM-generated,103.3154,-5.4468
LLM-generated,91.5556,26.8881
LLM-generated,82.4259,68.0884
LLM-generated,27.7497,18.1862
LLM-generated,43.5145,66.8847
LLM-generated,42.3996,22.4628
LLM-generated,103.0373,-13.4984
LLM-generated,68.7196,1.7268
LLM-generated,48.2305,62.5711
LLM-generated,42.5351,65.7633
LLM-generated,74.0416,61.006
LLM-generated,42.1979,22.3154
LLM-generated,82.2806,68.1984
LLM-generated,79.2081,70.0564
LLM-generated,-58.6412,-90.8704
LLM-generated,31.5494,30.8298
LLM-generated,58.7373,14.3254
LLM-generated,43.6216,64.4358
LLM-generated,32.7217,47.2632
LLM-generated,40.5267,95.6727
LLM-generated,57.6944,59.239
LLM-generated,22.4494,-32.5543
LLM-generated,43.5168,66.8834
LLM-generated,27.5538,89.7437
LLM-generated,106.3758,38.2199
LLM-generated,41.193,11.6339
LLM-generated,42.9992,23.0282
LLM-generated,49.4509,63.3763
LLM-generated,15.5177,-31.2799
LLM-generated,42.431,22.4455
LLM-generated,41.1422,95.6814
LLM-generated,40.3606,95.7489
LLM-generated,73.68,5.4262
LLM-generated,97.7284,20.108
LLM-generated,91.9493,31.3605
LLM-generated,76.7549,53.591
LLM-generated,98.0741,14.9687
LLM-generated,88.7388,48.9621
LLM-generated,-30.5143,-12.0889
LLM-generated,95.7521,30.2835
LLM-generated,39.5599,94.766
LLM-generated,27.6014,89.7108
LLM-generated,18.4157,-30.3944
LLM-generated,-57.7358,-91.3389
LLM-generated,56.6241,33.2677
LLM-generated,22.4322,-32.5447
LLM-generated,48.1283,62.8488
LLM-generated,42.088,4.5869
LLM-generated,90.5762,33.915
LLM-generated,85.4589,29.9871
LLM-generated,44.0082,50.7836
LLM-generated,32.7083,47.6913
LLM-generated,50.6387,84.0969
LLM-generated,106.371,38.2137
LLM-generated,99.0333,29.6185
LLM-generated,28.4637,25.7516
LLM-generated,96.2007,23.4624
LLM-generated,51.7371,59.6416
LLM-generated,106.3582,38.2139
LLM-generated,91.647,27.164
LLM-generated,73.6338,54.4808
LLM-generated,40.4577,91.0453
LLM-generated,-64.0877,65.3859
LLM-generated,30.4678,55.0514
LLM-generated,27.677,18.0195
LLM-generated,79.1786,70.3199
LLM-generated,43.5648,64.3397
LLM-generated,93.1331,-6.3271
LLM-generated,102.6359,35.4323
LLM-generated,35.5608,25.1028
LLM-generated,41.3491,22.0252
LLM-generated,37.4192,36.1223
LLM-generated,66.3671,15.7413
LLM-generated,34.5919,24.7458
LLM-generated,56.9024,60.3516
LLM-generated,78.9661,70.5438
LLM-generated,78.0116,31.8402
LLM-generated,49.5693,71.3833
LLM-generated,84.0151,28.7126
LLM-generated,60.0408,18.2176
LLM-generated,65.5834,11.4872
LLM-generated,67.8775,52.4962
LLM-generated,56.851,32.095
LLM-generated,103.9545,35.9692
LLM-generated,96.3546,21.0108
LLM-generated,42.8098,54.6036
LLM-generated,23.4292,17.8456
LLM-generated,68.8622,24.7479
LLM-generated,41.1301,94.3882
LLM-generated,20.5177,-31.9845
LLM-generated,97.1786,-32.1104
LLM-generated,12.4445,-36.0882
LLM-generated,53.0126,61.3594
LLM-generated,41.8906,91.2011
LLM-generated,28.675,27.6354
LLM-generated,79.3089,36.0146
LLM-generated,-53.4797,30.1354
LLM-generated,29.4745,21.4947
LLM-generated,71.7453,6.1449
LLM-generated,31.0333,21.4203
LLM-generated,39.5426,90.1881
LLM-generated,95.9489,10.598
LLM-generated,-37.6542,-57.1861
LLM-generated,75.5894,61.0113
LLM-generated,49.2066,62.2379
LLM-generated,-16.5352,-26.3654
LLM-generated,-57.7185,-91.3597
LLM-generated,56.6093,33.1732
LLM-generated,43.7854,18.3555
LLM-generated,28.8136,25.219
LLM-generated,15.7058,-32.3392
LLM-generated,94.1752,20.7762
LLM-generated,42.8363,49.3045
LLM-generated,14.2174,-35.56
LLM-generated,69.1352,68.7951
LLM-generated,69.0448,60.0296
LLM-generated,60.008,56.1603
LLM-generated,50.3214,84.339
LLM-generated,86.6039,30.855
LLM-generated,82.2429,68.2126
LLM-generated,103.8457,38.9852
LLM-generated,27.5678,89.7372
LLM-generated,43.4822,79.0041
LLM-generated,30.184,5.8056
LLM-generated,69.7407,-17.8277
LLM-generated,59.8085,56.1032
LLM-generated,82.6812,28.2188
LLM-generated,99.0792,8.489
LLM-generated,72.0998,6.2115
LLM-generated,65.7211,28.5111
LLM-generated,82.908,40.1633
LLM-generated,67.9519,15.2186
LLM-generated,50.0499,45.7651
LLM-generated,106.3302,38.2035
LLM-generated,81.8159,19.0306
LLM-generated,7.1496,36.5971
LLM-generated,40.721,52.4396
LLM-generated,77.1726,77.7184
LLM-generated,94.4479,36.648
LLM-generated,65.1095,28.806
LLM-generated,67.8234,59.9265
LLM-generated,17.3832,-30.5734
LLM-generated,-84.563,-10.6135
LLM-generated,63.3072,48.4561
LLM-generated,82.9364,40.2057
LLM-generated,56.2597,31.0705
LLM-generated,66.793,31.1761
LLM-generated,30.4569,77.2146
LLM-generated,70.7164,56.1242
LLM-generated,39.6855,70.3903
LLM-generated,46.7575,83.6955
LLM-generated,72.1752,54.9011
LLM-generated,27.9867,24.5418
LLM-generated,31.7204,53.7335
LLM-generated,51.7281,59.576
LLM-generated,39.2452,95.7613
LLM-generated,90.788,27.3803
LLM-generated,35.7095,24.173
LLM-generated,60.395,-8.5738
LLM-generated,53.5783,78.8626
LLM-generated,106.3298,38.2576
LLM-generated,61.7286,72.1417
LLM-generated,34.8823,24.7541
LLM-generated,62.7245,65.8273
LLM-generated,14.2281,-35.5627
LLM-generated,36.8916,5.1695
LLM-generated,55.3539,20.5551
LLM-generated,31.0989,69.3187
LLM-generated,-58.1039,-91.0233
LLM-generated,54.309,71.4933
LLM-generated,65.9328,10.6106
LLM-generated,29.6744,3.8715
LLM-generated,94.1185,36.8291
LLM-generated,72.0753,-2.7014
LLM-generated,82.9068,40.1671
LLM-generated,39.4017,96.1729
LLM-generated,50.4061,-27.8743
LLM-generated,6.6012,66.9845
LLM-generated,65.1413,28.7069
LLM-generated,82.8768,40.2214
LLM-generated,34.7967,-38.2576
LLM-generated,29.7852,38.2792
LLM-generated,76.3469,77.3797
LLM-generated,48.3908,71.8664
LLM-generated,55.1979,-24.3728
LLM-generated,45.241,82.2092
LLM-generated,66.5152,30.6466
LLM-generated,53.407,30.5547
LLM-generated,43.5942,40.0025
LLM-generated,99.7978,15.6837
LLM-generated,42.0923,4.5747
LLM-generated,33.7356,7.9357
LLM-generated,82.1976,68.2251
LLM-generated,22.4326,-32.5458
LLM-generated,37.6309,18.1442
LLM-generated,35.1665,25.2737
LLM-generated,73.8989,54.2954
LLM-generated,79.2406,59.906
LLM-generated,77.9624,36.5232
LLM-generated,76.2943,77.3812
LLM-generated,35.6786,15.3887
LLM-generated,27.5957,89.725
LLM-generated,33.7611,7.9732
LLM-generated,15.7023,-32.3358
LLM-generated,81.2114,33.4481
LLM-generated,27.5805,89.7091
LLM-generated,92.2081,30.9764
LLM-generated,46.2317,82.514
LLM-generated,60.385,-8.5898
LLM-generated,75.0585,61.6528
LLM-generated,70.2605,51.4726
LLM-generated,91.8201,10.3336
LLM-generated,26.3403,89.9382
LLM-generated,94.4883,1.1847
LLM-generated,80.5403,33.2595
LLM-generated,42.5476,65.7118
LLM-generated,45.6929,-4.5129
LLM-generated,72.8516,75.3439
LLM-generated,-0.2508,0.1559
LLM-generated,34.8243,24.5752
LLM-generated,95.3977,32.3764
LLM-generated,64.1506,57.2986
LLM-generated,56.3534,-15.6344
LLM-generated,55.8105,-18.7449
LLM-generated,40.2805,33.4011
LLM-generated,81.8172,33.794
LLM-generated,43.0832,23.0812
LLM-generated,81.4584,25.2351
LLM-generated,82.2772,68.1719
LLM-generated,103.717,3.0674
LLM-generated,47.3312,35.9481
LLM-generated,33.6603,7.8292
LLM-generated,95.7576,22.9869
LLM-generated,42.5018,54.1515
LLM-generated,97.9259,-4.1944
LLM-generated,14.1684,-35.5315
LLM-generated,67.6106,31.1006
LLM-generated,40.6347,94.3369
LLM-generated,82.3972,68.125
LLM-generated,53.715,27.4404
LLM-generated,43.3958,43.9188
LLM-generated,27.3312,90.2522
LLM-generated,79.7633,35.6063
LLM-generated,54.4513,-10.9502
LLM-generated,29.6868,3.8746
LLM-generated,67.1473,68.6053
LLM-generated,47.3981,79.3965
LLM-generated,40.1245,96.5691
LLM-generated,74.1457,61.8144
LLM-generated,-57.5479,-88.6675
LLM-generated,82.9097,40.1723
LLM-generated,-23.6655,44.6572
LLM-generated,85.5928,31.3516
LLM-generated,92.7453,35.7033
LLM-generated,54.1365,30.2533
LLM-generated,44.0715,20.7565
LLM-generated,90.3347,32.6076
LLM-generated,-91.3844,10.2979
LLM-generated,74.9519,61.6679
LLM-generated,7.6121,32.0601
LLM-generated,51.669,59.5757
LLM-generated,27.75,18.1897
LLM-generated,76.3412,77.3656
LLM-generated,37.3245,93.3863
LLM-generated,82.2575,68.1916
LLM-generated,72.0933,54.911
LLM-generated,101.0527,37.9055
LLM-generated,91.6549,27.1399
LLM-generated,36.7584,65.6132
LLM-generated,82.4773,39.9235
LLM-generated,96.6477,13.9208
LLM-generated,44.8509,92.217
LLM-generated,92.0536,31.0255
LLM-generated,30.3259,77.01
LLM-generated,61.943,3.9492
LLM-generated,37.791,69.1364
LLM-generated,47.7718,80.6632
LLM-generated,36.9147,5.2018
LLM-generated,40.4499,91.0421
LLM-generated,71.8077,6.0155
LLM-generated,77.7388,72.1572
LLM-generated,36.3219,94.0217
LLM-generated,96.0628,20.8908
LLM-generated,55.4958,-18.3399
LLM-generated,50.2418,-27.4926
LLM-generated,57.7842,2.5951
LLM-generated,49.3322,63.433
LLM-generated,66.832,31.2102
LLM-generated,49.3811,62.4862
LLM-generated,39.1915,95.3139
LLM-generated,50.1137,86.9405
LLM-generated,65.1372,28.7917
LLM-generated,31.7374,67.11
LLM-generated,72.2181,54.9011
LLM-generated,94.1161,36.8278
LLM-generated,77.1672,77.714
LLM-generated,43.5407,64.2672
LLM-generated,30.1879,5.813
LLM-generated,51.7354,59.5973
LLM-generated,46.3444,78.2728
LLM-generated,49.711,62.9988
LLM-generated,43.6401,64.41
LLM-generated,90.8791,45.909
LLM-generated,95.2878,32.2368
LLM-generated,76.2841,77.3746
LLM-generated,32.1277,12.8112
LLM-generated,72.6131,19.1769
LLM-generated,38.3875,-29.0796
LLM-generated,56.7222,31.7491
LLM-generated,64.2334,4.5517
LLM-generated,104.5607,17.379
LLM-generated,78.3001,70.9288
LLM-generated,76.3035,77.3828
LLM-generated,36.0316,24.2258
LLM-generated,43.8797,65.2168
LLM-generated,56.2283,56.9465
LLM-generated,60.0245,18.2718
LLM-generated,80.8661,31.1549
LLM-generated,82.5145,51.4755
LLM-generated,29.6688,3.8754
LLM-generated,82.2965,68.1927
LLM-generated,51.7492,59.5859
LLM-generated,35.9383,24.8862
LLM-generated,49.3133,64.0046
LLM-generated,47.5515,-16.1924
LLM-generated,60.3905,-8.5687
LLM-generated,78.6391,34.8248
LLM-generated,97.7606,20.1238
LLM-generated,34.9298,24.6136
LLM-generated,-7.3249,32.2771
LLM-generated,67.1774,30.3454
LLM-generated,32.1261,33.6838
LLM-generated,103.3192,39.2185
LLM-generated,60.546,69.0247
LLM-generated,42.4556,68.2372
LLM-generated,82.2873,68.1855
LLM-generated,36.3741,24.5899
LLM-generated,40.4933,97.2892
LLM-generated,96.7692,18.3337
LLM-generated,66.5688,28.7715
LLM-generated,106.3393,38.2233
LLM-generated,57.7408,-22.4842
LLM-generated,-37.5292,-44.2937
LLM-generated,67.2035,7.9565
LLM-generated,39.7282,95.7309
LLM-generated,95.3725,32.346
LLM-generated,14.2243,-35.5668
LLM-generated,90.908,45.4438
LLM-generated,82.9172,40.1702
LLM-generated,50.3027,84.4737
LLM-generated,87.0091,0.7514
LLM-generated,51.511,85.9778
LLM-generated,58.8996,14.4619
LLM-generated,52.9105,61.6141
LLM-generated,85.3175,31.321
LLM-generated,58.967,69.7525
LLM-generated,18.3929,-30.3978
LLM-generated,41.2477,52.735
LLM-generated,48.9723,63.5026
LLM-generated,96.5483,20.0053
LLM-generated,26.6441,90.0001
LLM-generated,37.3462,73.6825
LLM-generated,35.9967,24.0863
LLM-generated,50.2702,84.4874
LLM-generated,101.9971,35.9108
LLM-generated,19.7352,-29.9408
LLM-generated,31.8798,12.1254
LLM-generated,65.3426,12.4121
LLM-generated,-57.5546,-88.6745
LLM-generated,44.1943,20.6479
LLM-generated,83.3662,-5.2546
LLM-generated,37.9291,54.4296
LLM-generated,22.4409,-32.5534
LLM-generated,77.8155,72.6508
LLM-generated,36.59,24.6253
LLM-generated,32.646,1.5334
LLM-generated,102.0895,35.754
LLM-generated,106.3741,38.2229
LLM-generated,65.2459,12.6655
LLM-generated,106.3867,38.231
LLM-generated,18.4121,-30.3915
LLM-generated,38.3494,-13.4256
LLM-generated,50.4625,71.7774
LLM-generated,51.6734,59.5632
LLM-generated,75.8282,32.1995
LLM-generated,50.3094,84.4779
LLM-generated,32.1717,51.9969
LLM-generated,82.9293,38.5722
LLM-generated,59.7234,41.4115
LLM-generated,42.8593,52.3359
LLM-generated,33.6551,7.8335
LLM-generated,74.5485,60.7802
LLM-generated,63.2803,68.1205
LLM-generated,57.4347,36.7231
LLM-generated,74.9968,61.7077
LLM-generated,62.7389,65.8408
LLM-generated,65.1077,28.8156
LLM-generated,74.2069,61.6552
LLM-generated,82.2245,68.2002
LLM-generated,43.8668,65.167
LLM-generated,81.7753,18.996
LLM-generated,51.1171,10.4945
LLM-generated,40.293,95.0987
LLM-generated,-58.1779,-91.1525
LLM-generated,60.3957,-8.5707
LLM-generated,76.1938,31.7114
LLM-generated,34.3657,24.9707
LLM-generated,83.9572,11.3807
LLM-generated,66.7107,6.6402
LLM-generated,66.2945,28.9189
LLM-generated,72.1642,75.3546
LLM-generated,94.3999,1.1878
LLM-generated,41.3745,22.0315
LLM-generated,71.754,6.1455
LLM-generated,36.1624,25.9606
LLM-generated,49.7293,73.2354
LLM-generated,49.0464,81.6564
LLM-generated,30.1857,5.807
LLM-generated,56.364,31.0621
LLM-generated,95.3937,22.2145
LLM-generated,95.2806,32.2223
LLM-generated,74.8674,29.2654
LLM-generated,59.3739,54.6232
LLM-generated,89.3264,25.8972
LLM-generated,74.5799,-0.8544
LLM-generated,38.4698,51.9973
LLM-generated,82.3698,51.5242
LLM-generated,39.1895,95.871
LLM-generated,95.3982,22.2209
LLM-generated,89.5749,16.7715
LLM-generated,53.1323,41.0608
LLM-generated,99.0783,32.1037
LLM-generated,79.4123,35.4023
LLM-generated,69.4622,-2.2105
LLM-generated,83.3122,41.4042
LLM-generated,88.1019,0.5632
LLM-generated,99.4774,14.491
LLM-generated,99.0063,32.1985
LLM-generated,95.0785,22.907
LLM-generated,96.9243,19.4757
LLM-generated,91.1875,35.5356
LLM-generated,95.9638,10.5589
LLM-generated,83.995,28.7861
LLM-generated,102.5538,-6.1032
LLM-generated,91.9747,21.0414
LLM-generated,91.2203,35.5199
LLM-generated,90.3717,1.3654
LLM-generated,71.5089,5.7517
LLM-generated,87.7147,18.0105
LLM-generated,82.4332,39.639
LLM-generated,97.4673,36.7922
LLM-generated,90.6275,0.6677
LLM-generated,91.3591,19.5559
LLM-generated,79.3091,-28.302
LLM-generated,91.4394,19.9772
LLM-generated,84.0118,28.7139
LLM-generated,84.4319,4.7192
LLM-generated,67.0543,29.7207
LLM-generated,94.603,21.8241
LLM-generated,80.2294,25.8784
LLM-generated,93.687,19.5653
LLM-generated,80.0228,35.0582
LLM-generated,98.353,14.4906
LLM-generated,88.1119,-0.4259
LLM-generated,91.9512,37.0472
LLM-generated,96.7699,37.9142
LLM-generated,90.3069,32.6522
LLM-generated,91.9273,31.3821
LLM-generated,65.1706,4.9167
LLM-generated,93.9979,37.6412
LLM-generated,83.2373,19.6722
LLM-generated,78.5287,32.6042
LLM-generated,96.1109,20.7653
LLM-generated,79.2746,-28.4848
LLM-generated,65.232,4.9434
LLM-generated,98.0786,18.5013
LLM-generated,91.4401,19.978
LLM-generated,92.0506,37.6708
LLM-generated,65.4457,11.3166
LLM-generated,50.5848,21.1184
LLM-generated,88.0774,33.6059
LLM-generated,95.3931,32.3498
LLM-generated,90.4767,1.5154
LLM-generated,80.6084,0.2141
LLM-generated,74.8453,77.6915
LLM-generated,85.1228,29.74
LLM-generated,91.5833,27.1929
LLM-generated,100.7853,38.0471
LLM-generated,81.8847,19.0715
LLM-generated,72.0517,-3.0136
LLM-generated,39.4972,40.5903
LLM-generated,88.0743,33.6
LLM-generated,77.6397,32.0178
LLM-generated,98.6569,17.6363
LLM-generated,90.7136,26.1819
LLM-generated,83.1886,50.9031
LLM-generated,93.2785,43.1464
LLM-generated,94.3027,37.9168
LLM-generated,44.8423,92.2281
LLM-generated,32.5645,-29.6128
LLM-generated,98.6605,17.6338
LLM-generated,93.9834,23.1314
LLM-generated,85.2686,-18.2715
LLM-generated,88.8157,25.1421
LLM-generated,88.2327,42.9301
LLM-generated,86.8821,24.5405
LLM-generated,72.0433,-2.7763
LLM-generated,82.0527,8.3089
LLM-generated,99.2077,2.1122
LLM-generated,70.8277,-34.1368
LLM-generated,88.9762,34.0762
LLM-generated,41.8164,-10.1845
LLM-generated,98.8372,7.2597
LLM-generated,81.449,38.9915
LLM-generated,70.7756,-34.0649
LLM-generated,98.021,21.4223
LLM-generated,56.4045,-15.3032
Diffusion Model + LLM,16.2142,47.2813
Diffusion Model + LLM,13.1992,65.2132
Diffusion Model + LLM,-22.8733,-29.3529
Diffusion Model + LLM,-47.7528,-15.5968
Diffusion Model + LLM,-65.2173,-39.5875
Diffusion Model + LLM,-17.6568,90.2704
Diffusion Model + LLM,-54.0733,60.4641
Diffusion Model + LLM,-18.4589,-9.0079
Diffusion Model + LLM,-70.1679,-17.8432
Diffusion Model + LLM,17.3166,29.7572
Diffusion Model + LLM,6.1566,-56.934
Diffusion Model + LLM,3.6299,88.6248
Diffusion Model + LLM,-15.929,23.5704
Diffusion Model + LLM,-89.2001,30.7336
Diffusion Model + LLM,5.4028,-28.0762
Diffusion Model + LLM,-27.6838,2.071
Diffusion Model + LLM,7.3644,-18.3775
Diffusion Model + LLM,-4.9277,12.6045
Diffusion Model + LLM,-1.0415,-48.5096
Diffusion Model + LLM,-14.3721,-90.9364
Diffusion Model + LLM,-17.8638,69.1997
Diffusion Model + LLM,-12.6545,74.0274
Diffusion Model + LLM,-45.0861,-26.1029
Diffusion Model + LLM,-9.7739,-17.3104
Diffusion Model + LLM,6.7846,-81.0678
Diffusion Model + LLM,10.5906,-67.8874
Diffusion Model + LLM,-6.8195,80.4859
Diffusion Model + LLM,-10.9308,-77.7155
Diffusion Model + LLM,19.3575,36.2105
Diffusion Model + LLM,-11.9935,15.9425
Diffusion Model + LLM,-70.3411,19.6471
Diffusion Model + LLM,-25.667,35.3464
Diffusion Model + LLM,-54.0826,74.762
Diffusion Model + LLM,-20.2942,49.2773
Diffusion Model + LLM,-54.7791,74.4964
Diffusion Model + LLM,17.3057,25.9402
Diffusion Model + LLM,-21.82,-73.6685
Diffusion Model + LLM,-53.5468,36.6385
Diffusion Model + LLM,-33.9724,58.0182
Diffusion Model + LLM,-45.1131,-81.5746
Diffusion Model + LLM,-14.0004,9.0574
Diffusion Model + LLM,1.6625,0.6993
Diffusion Model + LLM,-61.8672,70.1894
Diffusion Model + LLM,-94.3701,17.1538
Diffusion Model + LLM,-0.4834,-61.3126
Diffusion Model + LLM,-55.327,75.6967
Diffusion Model + LLM,-65.6744,13.4871
Diffusion Model + LLM,-39.6923,-11.6605
Diffusion Model + LLM,-69.2897,12.9047
Diffusion Model + LLM,-13.0703,-26.1195
Diffusion Model + LLM,-65.7501,2.2616
Diffusion Model + LLM,-1.0127,-31.0016
Diffusion Model + LLM,-34.7227,-54.2325
Diffusion Model + LLM,-34.4315,72.5356
Diffusion Model + LLM,-10.4738,86.8724
Diffusion Model + LLM,-41.7654,87.1906
Diffusion Model + LLM,-26.5488,-64.0136
Diffusion Model + LLM,-11.0119,-23.0249
Diffusion Model + LLM,-56.7171,70.4003
Diffusion Model + LLM,17.5595,31.69
Diffusion Model + LLM,7.8443,20.2549
Diffusion Model + LLM,-57.6928,-65.7412
Diffusion Model + LLM,-45.6508,-81.4886
Diffusion Model + LLM,-39.7976,-30.0439
Diffusion Model + LLM,-63.0471,17.4565
Diffusion Model + LLM,-56.1628,32.2635
Diffusion Model + LLM,-45.5758,-8.0608
Diffusion Model + LLM,-40.654,-27.9124
Diffusion Model + LLM,12.9008,-2.5199
Diffusion Model + LLM,-27.7298,-85.877
Diffusion Model + LLM,-74.5226,5.2331
Diffusion Model + LLM,-4.8706,30.5304
Diffusion Model + LLM,-94.4863,0.2315
Diffusion Model + LLM,-30.684,-89.8748
Diffusion Model + LLM,2.3807,-70.1215
Diffusion Model + LLM,-10.5779,-23.3451
Diffusion Model + LLM,5.0528,-15.1792
Diffusion Model + LLM,-31.9188,27.6487
Diffusion Model + LLM,-23.9969,51.5187
Diffusion Model + LLM,-37.9905,2.9177
Diffusion Model + LLM,11.318,18.3918
Diffusion Model + LLM,-7.6344,-91.9871
Diffusion Model + LLM,-25.4536,-0.1116
Diffusion Model + LLM,-50.3665,67.0826
Diffusion Model + LLM,-43.0008,-52.972
Diffusion Model + LLM,21.9263,53.1522
Diffusion Model + LLM,-15.6519,-22.1985
Diffusion Model + LLM,-55.1057,13.68
Diffusion Model + LLM,-68.3911,-35.1039
Diffusion Model + LLM,-73.4847,0.2081
Diffusion Model + LLM,-65.3619,-48.4583
Diffusion Model + LLM,-23.9655,15.8563
Diffusion Model + LLM,-2.5375,-45.7079
Diffusion Model + LLM,15.7662,13.3329
Diffusion Model + LLM,-86.1074,36.1415
Diffusion Model + LLM,-5.2323,63.129
Diffusion Model + LLM,-47.8798,-78.7516
Diffusion Model + LLM,-71.1767,16.5742
Diffusion Model + LLM,-14.9155,-64.2637
Diffusion Model + LLM,-8.8237,-57.9423
Diffusion Model + LLM,-81.0503,16.2189
Diffusion Model + LLM,0.5064,6.8505
Diffusion Model + LLM,-53.8843,62.5149
Diffusion Model + LLM,-45.3447,60.7074
Diffusion Model + LLM,-9.7973,-2.0926
Diffusion Model + LLM,-23.751,34.5173
Diffusion Model + LLM,-96.9098,26.6014
Diffusion Model + LLM,-17.8952,31.8825
Diffusion Model + LLM,16.2577,47.2379
Diffusion Model + LLM,-2.725,-51.5602
Diffusion Model + LLM,-22.9043,-76.2859
Diffusion Model + LLM,-7.1977,22.0143
Diffusion Model + LLM,4.0295,-16.3562
Diffusion Model + LLM,-82.0303,23.4027
Diffusion Model + LLM,-60.2663,70.1826
Diffusion Model + LLM,-6.5264,-94.4642
Diffusion Model + LLM,-28.9633,-60.2951
Diffusion Model + LLM,20.0286,-84.3196
Diffusion Model + LLM,-30.9917,-45.582
Diffusion Model + LLM,-25.9998,-4.6582
Diffusion Model + LLM,-87.7062,31.2741
Diffusion Model + LLM,-52.2319,78.9041
Diffusion Model + LLM,-0.1501,9.8759
Diffusion Model + LLM,-11.0217,54.5978
Diffusion Model + LLM,11.2553,85.6974
Diffusion Model + LLM,-8.3769,-77.6367
Diffusion Model + LLM,-79.5707,11.1047
Diffusion Model + LLM,-88.4213,25.6442
Diffusion Model + LLM,-67.1271,63.4687
Diffusion Model + LLM,-38.5274,84.7396
Diffusion Model + LLM,-8.8872,-45.9515
Diffusion Model + LLM,-39.4694,-62.2887
Diffusion Model + LLM,-84.7553,9.7917
Diffusion Model + LLM,14.3358,64.1651
Diffusion Model + LLM,-35.2184,54.7359
Diffusion Model + LLM,-52.3415,54.2466
Diffusion Model + LLM,-37.1744,11.8793
Diffusion Model + LLM,-35.5326,60.8024
Diffusion Model + LLM,11.5508,-95.8449
Diffusion Model + LLM,-9.8349,8.5026
Diffusion Model + LLM,4.6288,76.0368
Diffusion Model + LLM,-31.3242,-1.9837
Diffusion Model + LLM,20.4045,54.2589
Diffusion Model + LLM,-29.5114,61.6553
Diffusion Model + LLM,-10.6745,67.708
Diffusion Model + LLM,-8.7735,-77.1369
Diffusion Model + LLM,-1.4676,-6.4221
Diffusion Model + LLM,-19.8439,67.0971
Diffusion Model + LLM,-7.5708,61.7902
Diffusion Model + LLM,-62.1451,-47.1475
Diffusion Model + LLM,-73.0837,35.259
Diffusion Model + LLM,-27.6926,-68.918
Diffusion Model + LLM,-8.6061,62.1083
Diffusion Model + LLM,-70.6058,39.9387
Diffusion Model + LLM,-24.7097,78.9409
Diffusion Model + LLM,10.0435,-67.7164
Diffusion Model + LLM,-10.298,5.0943
Diffusion Model + LLM,-15.1508,48.7001
Diffusion Model + LLM,-39.3246,35.5767
Diffusion Model + LLM,-0.829,-52.156
Diffusion Model + LLM,-53.8971,45.8845
Diffusion Model + LLM,-15.5137,80.4101
Diffusion Model + LLM,-10.0813,53.3825
Diffusion Model + LLM,-64.5718,-17.4456
Diffusion Model + LLM,-18.0792,12.7042
Diffusion Model + LLM,9.1454,-56.2332
Diffusion Model + LLM,-13.7744,57.3282
Diffusion Model + LLM,-46.6625,-58.7642
Diffusion Model + LLM,-8.5824,-68.4213
Diffusion Model + LLM,-85.5965,-6.9105
Diffusion Model + LLM,-26.8846,-84.4667
Diffusion Model + LLM,-57.085,-67.8771
Diffusion Model + LLM,5.1398,63.7851
Diffusion Model + LLM,-38.2229,-8.3199
Diffusion Model + LLM,-26.716,-39.7396
Diffusion Model + LLM,-32.1779,4.275
Diffusion Model + LLM,-3.6834,13.5268
Diffusion Model + LLM,-39.5106,45.4116
Diffusion Model + LLM,13.9672,44.9649
Diffusion Model + LLM,-0.3593,-54.1922
Diffusion Model + LLM,-50.3593,27.5065
Diffusion Model + LLM,10.0229,-99.0486
Diffusion Model + LLM,-5.0168,39.4782
Diffusion Model + LLM,-34.3231,34.7762
Diffusion Model + LLM,-43.3237,-79.9375
Diffusion Model + LLM,-9.5688,-69.4509
Diffusion Model + LLM,-39.4987,45.3773
Diffusion Model + LLM,19.1257,20.2833
Diffusion Model + LLM,-66.9005,-12.5236
Diffusion Model + LLM,8.6564,18.8448
Diffusion Model + LLM,-4.251,24.8258
Diffusion Model + LLM,-6.9731,4.7593
Diffusion Model + LLM,-5.8231,-63.5371
Diffusion Model + LLM,-72.1939,61.9376
Diffusion Model + LLM,-3.1403,-54.5809
Diffusion Model + LLM,-19.8861,45.0315
Diffusion Model + LLM,-42.4079,46.0462
Diffusion Model + LLM,-75.2585,6.9102
Diffusion Model + LLM,-67.7184,10.9899
Diffusion Model + LLM,-44.4739,-14.6789
Diffusion Model + LLM,-57.5873,21.0471
Diffusion Model + LLM,12.6357,17.567
Diffusion Model + LLM,-68.5725,40.7276
Diffusion Model + LLM,-49.8535,-60.2636
Diffusion Model + LLM,-25.0228,65.6365
Diffusion Model + LLM,-2.1763,-2.5431
Diffusion Model + LLM,-75.2217,29.9809
Diffusion Model + LLM,-10.1693,8.3845
Diffusion Model + LLM,-74.7744,23.7784
Diffusion Model + LLM,-83.4434,-2.8489
Diffusion Model + LLM,-83.1083,12.8468
Diffusion Model + LLM,7.4399,81.0322
Diffusion Model + LLM,-91.3914,38.4052
Diffusion Model + LLM,-75.2297,40.4991
Diffusion Model + LLM,2.4152,-72.0018
Diffusion Model + LLM,-4.0769,-41.1216
Diffusion Model + LLM,-74.541,4.1773
Diffusion Model + LLM,-20.0129,-72.8809
Diffusion Model + LLM,-49.6806,11.7608
Diffusion Model + LLM,10.5782,24.1968
Diffusion Model + LLM,3.0288,8.0841
Diffusion Model + LLM,-33.3516,46.8174
Diffusion Model + LLM,-27.1253,-4.1873
Diffusion Model + LLM,-8.0334,-3.9381
Diffusion Model + LLM,-4.3646,-65.1502
Diffusion Model + LLM,-53.055,77.4996
Diffusion Model + LLM,6.7655,54.6303
Diffusion Model + LLM,15.6028,43.4964
Diffusion Model + LLM,-32.2037,26.8924
Diffusion Model + LLM,-43.7185,58.7891
Diffusion Model + LLM,-46.4538,-61.6513
Diffusion Model + LLM,-9.0888,39.6361
Diffusion Model + LLM,17.9393,-4.8718
Diffusion Model + LLM,-22.1584,-43.2204
Diffusion Model + LLM,-3.8649,55.1736
Diffusion Model + LLM,0.8553,13.0143
Diffusion Model + LLM,-11.3354,-8.2815
Diffusion Model + LLM,-33.8826,22.3604
Diffusion Model + LLM,2.8693,-6.9972
Diffusion Model + LLM,-25.4495,-86.6824
Diffusion Model + LLM,-57.4414,5.7777
Diffusion Model + LLM,17.0094,38.1547
Diffusion Model + LLM,-17.8338,-40.7041
Diffusion Model + LLM,-15.3951,76.0177
Diffusion Model + LLM,-32.4762,87.6207
Diffusion Model + LLM,-26.1487,-63.2207
Diffusion Model + LLM,-24.47,-77.9511
Diffusion Model + LLM,-34.2297,-81.4417
Diffusion Model + LLM,-38.1472,85.0595
Diffusion Model + LLM,-39.7348,35.7662
Diffusion Model + LLM,-28.2297,-45.5213
Diffusion Model + LLM,-37.96,-17.4803
Diffusion Model + LLM,1.25,61.4439
Diffusion Model + LLM,-46.7734,-13.1041
Diffusion Model + LLM,-50.9857,40.8694
Diffusion Model + LLM,-55.4606,44.3089
Diffusion Model + LLM,-45.0071,27.4365
Diffusion Model + LLM,-19.5608,22.7762
Diffusion Model + LLM,-46.0563,-35.2124
Diffusion Model + LLM,-50.8709,67.4514
Diffusion Model + LLM,16.8015,32.0704
Diffusion Model + LLM,9.4797,25.1755
Diffusion Model + LLM,-8.827,14.0669
Diffusion Model + LLM,-30.6152,31.0599
Diffusion Model + LLM,-25.593,-93.8235
Diffusion Model + LLM,-33.9696,27.7751
Diffusion Model + LLM,17.3921,-83.4556
Diffusion Model + LLM,-70.238,-15.1141
Diffusion Model + LLM,-83.7684,1.3919
Diffusion Model + LLM,-60.2039,10.5867
Diffusion Model + LLM,-81.8771,59.0194
Diffusion Model + LLM,2.3173,3.0107
Diffusion Model + LLM,-52.878,44.1082
Diffusion Model + LLM,-2.9777,17.7786
Diffusion Model + LLM,18.86,54.0112
Diffusion Model + LLM,-6.1745,-86.1409
Diffusion Model + LLM,-19.6895,67.8297
Diffusion Model + LLM,8.0024,-9.7878
Diffusion Model + LLM,46.1665,79.801
Diffusion Model + LLM,-70.9224,13.4008
Diffusion Model + LLM,-23.2776,71.6681
Diffusion Model + LLM,-63.5302,31.2245
Diffusion Model + LLM,-20.8744,-14.3684
Diffusion Model + LLM,-8.9574,30.2519
Diffusion Model + LLM,-40.3528,79.7495
Diffusion Model + LLM,4.8877,-48.0447
Diffusion Model + LLM,-24.2105,29.7891
Diffusion Model + LLM,-60.0277,9.2642
Diffusion Model + LLM,-11.2366,70.1805
Diffusion Model + LLM,-59.3177,-37.2319
Diffusion Model + LLM,-43.6092,71.3786
Diffusion Model + LLM,-22.1367,87.5589
Diffusion Model + LLM,-29.3512,-12.8638
Diffusion Model + LLM,-0.9999,31.7828
Diffusion Model + LLM,-29.6561,71.5563
Diffusion Model + LLM,-28.0619,-22.685
Diffusion Model + LLM,5.7881,-30.7498
Diffusion Model + LLM,-76.253,1.7422
Diffusion Model + LLM,-40.9679,-16.4972
Diffusion Model + LLM,-69.6899,-41.2632
Diffusion Model + LLM,-69.9526,-15.7454
Diffusion Model + LLM,-19.6975,64.3146
Diffusion Model + LLM,-69.2347,26.0799
Diffusion Model + LLM,7.1989,24.8789
Diffusion Model + LLM,-7.7109,-46.3808
Diffusion Model + LLM,-41.7043,21.3481
Diffusion Model + LLM,-42.4128,48.4634
Diffusion Model + LLM,-7.5804,-48.2212
Diffusion Model + LLM,11.1787,23.616
Diffusion Model + LLM,-16.4281,18.8748
Diffusion Model + LLM,-44.0967,-58.265
Diffusion Model + LLM,-57.5952,-8.03
Diffusion Model + LLM,-59.168,74.3654
Diffusion Model + LLM,-9.59,52.7603
Diffusion Model + LLM,-41.1015,82.7229
Diffusion Model + LLM,-87.7764,2.4513
Diffusion Model + LLM,0.1343,45.0319
Diffusion Model + LLM,-3.8255,-75.1448
Diffusion Model + LLM,-29.2931,-41.1071
Diffusion Model + LLM,-10.7562,20.5893
Diffusion Model + LLM,-26.0624,43.0184
Diffusion Model + LLM,18.8264,-83.3628
Diffusion Model + LLM,-61.6705,24.6958
Diffusion Model + LLM,-25.9003,-10.4791
Diffusion Model + LLM,-29.5082,54.5058
Diffusion Model + LLM,-84.3901,-8.1295
Diffusion Model + LLM,-37.7956,-33.7764
Diffusion Model + LLM,-48.1366,11.0786
Diffusion Model + LLM,-33.4168,-20.5448
Diffusion Model + LLM,-75.9209,-19.9484
Diffusion Model + LLM,-49.7365,-66.3261
Diffusion Model + LLM,-4.8903,-16.3124
Diffusion Model + LLM,-16.7514,-21.6842
Diffusion Model + LLM,-27.6842,34.4246
Diffusion Model + LLM,-65.2854,61.8229
Diffusion Model + LLM,-35.0749,56.7142
Diffusion Model + LLM,18.1346,3.4634
Diffusion Model + LLM,0.8383,-21.3004
Diffusion Model + LLM,-92.1525,32.3701
Diffusion Model + LLM,-22.8942,19.4866
Diffusion Model + LLM,-30.6103,54.7552
Diffusion Model + LLM,5.2911,-17.2879
Diffusion Model + LLM,-12.2021,-46.8393
Diffusion Model + LLM,9.3805,46.606
Diffusion Model + LLM,-7.8663,-62.4943
Diffusion Model + LLM,-16.9855,13.3072
Diffusion Model + LLM,-33.2529,-83.8336
Diffusion Model + LLM,16.5682,-91.2785
Diffusion Model + LLM,-87.6431,31.3013
Diffusion Model + LLM,8.0023,77.047
Diffusion Model + LLM,3.0902,-79.7463
Diffusion Model + LLM,-0.0715,2.7096
Diffusion Model + LLM,-6.1739,-22.8889
Diffusion Model + LLM,-6.373,-10.3615
Diffusion Model + LLM,-63.5888,-40.3457
Diffusion Model + LLM,2.9519,-17.5664
Diffusion Model + LLM,-35.118,-21.6281
Diffusion Model + LLM,-12.2061,-26.1103
Diffusion Model + LLM,-70.133,63.4798
Diffusion Model + LLM,-65.35,17.7823
Diffusion Model + LLM,-39.1808,72.0011
Diffusion Model + LLM,11.0032,13.7035
Diffusion Model + LLM,-42.154,-52.4005
Diffusion Model + LLM,-9.8189,8.4265
Diffusion Model + LLM,1.2188,54.253
Diffusion Model + LLM,-64.8772,14.3987
Diffusion Model + LLM,-58.9881,35.3537
Diffusion Model + LLM,-9.9799,-8.1166
Diffusion Model + LLM,-78.9922,23.7298
Diffusion Model + LLM,-87.7571,17.0431
Diffusion Model + LLM,-4.6986,-93.4276
Diffusion Model + LLM,3.4197,53.645
Diffusion Model + LLM,5.0558,81.2319
Diffusion Model + LLM,4.0913,61.0072
Diffusion Model + LLM,-77.2867,-18.4726
Diffusion Model + LLM,-29.5145,-8.6435
Diffusion Model + LLM,-25.2331,53.7374
Diffusion Model + LLM,6.1171,29.5398
Diffusion Model + LLM,-39.3569,44.6134
Diffusion Model + LLM,13.654,-91.6115
Diffusion Model + LLM,-24.5997,-74.5221
Diffusion Model + LLM,-94.4519,-1.7341
Diffusion Model + LLM,-8.4249,2.3432
Diffusion Model + LLM,1.7333,-70.05
Diffusion Model + LLM,13.6327,-98.1806
Diffusion Model + LLM,0.202,10.7988
Diffusion Model + LLM,-57.6897,17.6309
Diffusion Model + LLM,-23.2623,-67.4517
Diffusion Model + LLM,-57.0302,-70.5524
Diffusion Model + LLM,-39.9219,80.9872
Diffusion Model + LLM,-23.5242,-20.339
Diffusion Model + LLM,-34.5907,77.4955
Diffusion Model + LLM,-25.6469,47.325
Diffusion Model + LLM,-0.6344,77.2744
Diffusion Model + LLM,-8.3627,18.7248
Diffusion Model + LLM,-32.6853,-15.2463
Diffusion Model + LLM,-55.4339,-6.2079
Diffusion Model + LLM,-36.8203,-85.7551
Diffusion Model + LLM,-4.3518,-65.1132
Diffusion Model + LLM,-1.5665,-70.2762
Diffusion Model + LLM,-1.6131,-58.9472
Diffusion Model + LLM,-61.6198,-39.822
Diffusion Model + LLM,-5.1891,82.4345
Diffusion Model + LLM,-35.8216,-86.6952
Diffusion Model + LLM,9.7758,-59.6721
Diffusion Model + LLM,-65.9813,-10.5692
Diffusion Model + LLM,-22.1622,-29.3801
Diffusion Model + LLM,-15.1504,-58.8239
Diffusion Model + LLM,4.4453,-50.2883
Diffusion Model + LLM,-45.0176,8.6183
Diffusion Model + LLM,5.9616,33.7999
Diffusion Model + LLM,-21.7442,55.0417
Diffusion Model + LLM,-39.6375,-12.3307
Diffusion Model + LLM,-7.6139,44.2054
Diffusion Model + LLM,17.7874,48.8183
Diffusion Model + LLM,-58.0826,23.9937
Diffusion Model + LLM,16.1934,50.9698
Diffusion Model + LLM,5.8929,81.3243
Diffusion Model + LLM,-53.3675,-64.6954
Diffusion Model + LLM,-59.4099,22.218
Diffusion Model + LLM,-19.1724,85.5996
Diffusion Model + LLM,-3.9649,53.6834
Diffusion Model + LLM,-44.7274,-49.1268
Diffusion Model + LLM,18.708,-80.4815
Diffusion Model + LLM,-71.0215,22.2533
Diffusion Model + LLM,-18.4647,-92.0343
Diffusion Model + LLM,-3.9306,36.7366
Diffusion Model + LLM,14.5778,-90.8448
Diffusion Model + LLM,-40.8289,-5.8547
Diffusion Model + LLM,-37.2499,-78.7774
Diffusion Model + LLM,-8.4524,-67.4829
Diffusion Model + LLM,-93.5715,28.9401
Diffusion Model + LLM,-37.8436,-5.5
Diffusion Model + LLM,-0.7004,84.551
Diffusion Model + LLM,-23.3722,-49.3281
Diffusion Model + LLM,0.2313,-18.9965
Diffusion Model + LLM,-46.378,9.6101
Diffusion Model + LLM,20.226,31.9906
Diffusion Model + LLM,-25.0509,-67.8591
Diffusion Model + LLM,-48.9935,70.6177
Diffusion Model + LLM,-24.3201,-0.9754
Diffusion Model + LLM,-78.1393,-20.2928
Diffusion Model + LLM,-52.2318,16.2643
Diffusion Model + LLM,-36.354,60.9242
Diffusion Model + LLM,-46.6197,-37.7221
Diffusion Model + LLM,-3.3599,6.5119
Diffusion Model + LLM,-92.1127,36.1851
Diffusion Model + LLM,13.0198,32.8914
Diffusion Model + LLM,-23.047,52.2558
Diffusion Model + LLM,22.3973,53.638
Diffusion Model + LLM,-1.6688,-4.5168
Diffusion Model + LLM,-17.8221,-12.0714
Diffusion Model + LLM,-59.0184,10.7945
Diffusion Model + LLM,-21.8108,-17.5025
Diffusion Model + LLM,-78.1807,-20.5678
Diffusion Model + LLM,-76.7441,37.4057
Diffusion Model + LLM,-89.5582,-4.2342
Diffusion Model + LLM,-50.3436,-55.3161
Diffusion Model + LLM,-11.442,-20.4342
Diffusion Model + LLM,7.3283,70.0299
Diffusion Model + LLM,-15.3037,75.9732
Diffusion Model + LLM,-44.0431,-52.7902
Diffusion Model + LLM,3.0438,90.1033
Diffusion Model + LLM,-32.4525,64.4158
Diffusion Model + LLM,10.5637,-61.0167
Diffusion Model + LLM,-25.4433,0.1539
Diffusion Model + LLM,-33.907,-12.96
Diffusion Model + LLM,-75.0605,34.1485
Diffusion Model + LLM,-16.7588,-60.1101
Diffusion Model + LLM,1.7276,28.4591
Diffusion Model + LLM,-40.117,27.3936
Diffusion Model + LLM,-26.5026,-89.4979
Diffusion Model + LLM,-43.5816,-54.4104
Diffusion Model + LLM,-19.4713,-55.0061
Diffusion Model + LLM,6.8556,41.9741
Diffusion Model + LLM,-8.0844,9.2332
Diffusion Model + LLM,-2.3756,79.7769
Diffusion Model + LLM,-30.4686,-89.1235
Diffusion Model + LLM,-30.677,32.767
Diffusion Model + LLM,-48.0721,47.0392
Diffusion Model + LLM,-14.163,-63.6803
Diffusion Model + LLM,-22.3588,20.6736
Diffusion Model + LLM,-21.9512,-91.5774
Diffusion Model + LLM,-85.5448,32.7157
Diffusion Model + LLM,-27.8594,-68.9336
Diffusion Model + LLM,-32.0973,-76.5735
Diffusion Model + LLM,-28.284,-1.8727
Diffusion Model + LLM,-26.5801,-66.1067
Diffusion Model + LLM,-28.6759,22.4812
Diffusion Model + LLM,-10.873,-21.9185
Diffusion Model + LLM,-4.2063,7.0007
Diffusion Model + LLM,-34.075,60.3188
Diffusion Model + LLM,-1.6551,77.3588
Diffusion Model + LLM,-11.0551,20.9834
Diffusion Model + LLM,-14.0053,-69.6837
Diffusion Model + LLM,12.4821,45.7858
Diffusion Model + LLM,-5.3098,-43.9892
Diffusion Model + LLM,-10.202,25.304
Diffusion Model + LLM,5.2898,77.388
Diffusion Model + LLM,22.3063,52.9778
Diffusion Model + LLM,-7.1863,80.3657
Diffusion Model + LLM,-47.6745,-7.2562
Diffusion Model + LLM,-38.2529,-16.2062
Diffusion Model + LLM,-62.225,76.3612
Diffusion Model + LLM,-75.2093,-22.4306
Diffusion Model + LLM,-71.5625,2.8738
Diffusion Model + LLM,-27.3373,48.8394
Diffusion Model + LLM,10.1905,66.417
Diffusion Model + LLM,9.1529,48.4226
Diffusion Model + LLM,-4.3197,-66.3583
Diffusion Model + LLM,7.5281,54.8034
Diffusion Model + LLM,-73.2551,41.2519
Diffusion Model + LLM,-1.945,-73.9999
Diffusion Model + LLM,-1.5293,-47.5249
Diffusion Model + LLM,-52.8977,67.5243
Diffusion Model + LLM,-32.9562,89.1934
Diffusion Model + LLM,16.0733,60.0253
Diffusion Model + LLM,-27.7749,58.0636
Diffusion Model + LLM,10.3852,-55.0995
Diffusion Model + LLM,-31.0689,80.4934
Diffusion Model + LLM,-37.9623,-31.6308
Diffusion Model + LLM,5.6962,-17.1817
Diffusion Model + LLM,-54.7239,62.8821
Diffusion Model + LLM,-46.1593,12.8092
Diffusion Model + LLM,-23.7193,78.7365
Diffusion Model + LLM,-34.7622,-45.9726
Diffusion Model + LLM,-95.7771,1.3519
Diffusion Model + LLM,-62.6876,55.2974
Diffusion Model + LLM,-16.6987,-48.0437
Diffusion Model + LLM,-46.9151,7.6269
Diffusion Model + LLM,-9.5808,81.3216
Diffusion Model + LLM,-52.3157,-6.3266
Diffusion Model + LLM,12.8718,4.0039
Diffusion Model + LLM,-53.0494,74.1419
Diffusion Model + LLM,-88.2108,12.9549
Diffusion Model + LLM,-31.9204,-4.95
Diffusion Model + LLM,-50.4296,65.0723
Diffusion Model + LLM,14.5077,5.3515
Diffusion Model + LLM,-6.2409,-92.3481
Diffusion Model + LLM,-1.8066,-30.0613
Diffusion Model + LLM,7.8743,-69.8182
Diffusion Model + LLM,-1.3037,-59.6857
Diffusion Model + LLM,-44.2439,45.5926
Diffusion Model + LLM,-57.7988,-65.6384
Diffusion Model + LLM,-23.726,-77.4341
Diffusion Model + LLM,-39.9186,-21.6799
Diffusion Model + LLM,20.0475,47.8529
Diffusion Model + LLM,-18.4997,-72.354
Diffusion Model + LLM,-44.2325,-57.1681
Diffusion Model + LLM,-9.5013,-8.7729
Diffusion Model + LLM,-30.799,9.8974
Diffusion Model + LLM,-89.1399,36.3799
Diffusion Model + LLM,-34.1746,12.9202
Diffusion Model + LLM,11.2726,6.2642
Diffusion Model + LLM,-5.5583,-94.154
Diffusion Model + LLM,-79.7056,5.3999
Diffusion Model + LLM,-64.6121,-37.1195
Diffusion Model + LLM,-31.0443,-0.5321
Diffusion Model + LLM,-39.7583,30.0623
Diffusion Model + LLM,-47.4103,-78.4853
Diffusion Model + LLM,-72.4222,58.8457
Diffusion Model + LLM,-68.1261,53.2099
Diffusion Model + LLM,-31.5185,-10.3138
Diffusion Model + LLM,-25.0072,36.9292
Diffusion Model + LLM,-17.6009,-51.6792
Diffusion Model + LLM,5.3923,3.5278
Diffusion Model + LLM,-10.4485,52.5403
Diffusion Model + LLM,-10.8609,-84.4537
Diffusion Model + LLM,-55.2461,-70.4501
Diffusion Model + LLM,3.6268,56.6287
Diffusion Model + LLM,-15.152,-71.0177
Diffusion Model + LLM,15.9888,-99.608
Diffusion Model + LLM,-79.6221,56.3419
Diffusion Model + LLM,2.5026,-0.3504
Diffusion Model + LLM,-45.9186,4.4815
Diffusion Model + LLM,5.9119,-21.5063
Diffusion Model + LLM,15.4591,-88.7884
Diffusion Model + LLM,-32.7885,-67.249
Diffusion Model + LLM,-53.5668,-4.9961
Diffusion Model + LLM,-0.7646,-18.7395
Diffusion Model + LLM,-50.2312,35.2494
Diffusion Model + LLM,-33.8119,23.2946
Diffusion Model + LLM,-27.9724,0.771
Diffusion Model + LLM,-48.8758,35.9173
Diffusion Model + LLM,-1.3228,70.4177
Diffusion Model + LLM,-26.7116,-46.5504
Diffusion Model + LLM,-41.5324,-54.5911
Diffusion Model + LLM,-34.446,-7.5306
Diffusion Model + LLM,-76.8432,35.7813
Diffusion Model + LLM,-5.0279,1.5249
Diffusion Model + LLM,-44.9358,-11.2419
Diffusion Model + LLM,-3.3413,-20.4189
Diffusion Model + LLM,-17.7311,-69.4882
Diffusion Model + LLM,-19.5912,26.9259
Diffusion Model + LLM,-16.0345,-41.052
Diffusion Model + LLM,-73.6909,-17.3862
Diffusion Model + LLM,-50.6245,20.7766
Diffusion Model + LLM,-9.7211,-72.294
Diffusion Model + LLM,-16.6537,60.0599
Diffusion Model + LLM,-51.7195,53.9785
Diffusion Model + LLM,2.8969,-89.6462
Diffusion Model + LLM,-23.6523,79.4986
Diffusion Model + LLM,-72.0566,16.1716
Diffusion Model + LLM,0.869,-0.9792
Diffusion Model + LLM,-50.6848,-14.4012
Diffusion Model + LLM,-50.5519,-64.3527
Diffusion Model + LLM,-86.7487,23.1601
Diffusion Model + LLM,-1.0201,38.8902
Diffusion Model + LLM,-47.68,8.9306
Diffusion Model + LLM,11.1271,-57.0798
Diffusion Model + LLM,-67.3451,-5.9974
Diffusion Model + LLM,14.671,31.4395
Diffusion Model + LLM,-45.6641,-11.5169
Diffusion Model + LLM,6.8672,28.1143
Diffusion Model + LLM,-44.8767,-9.3279
Diffusion Model + LLM,5.8932,40.5443
Diffusion Model + LLM,-62.6437,9.8476
Diffusion Model + LLM,-27.2918,2.2678
Diffusion Model + LLM,-26.2478,-45.2398
Diffusion Model + LLM,-23.6007,64.3272
Diffusion Model + LLM,-4.2869,17.8774
Diffusion Model + LLM,-72.3331,-3.2943
Diffusion Model + LLM,15.0496,-9.7504
Diffusion Model + LLM,-21.9498,35.8114
Diffusion Model + LLM,-63.7382,-43.4783
Diffusion Model + LLM,-48.1135,-79.5637
Diffusion Model + LLM,-30.4162,-51.6922
Diffusion Model + LLM,-16.7851,57.7842
Diffusion Model + LLM,-43.193,-17.1689
Diffusion Model + LLM,4.5536,12.3638
Diffusion Model + LLM,18.3622,36.4476
Diffusion Model + LLM,-60.8659,-39.1712
Diffusion Model + LLM,7.4857,-0.6601
Diffusion Model + LLM,-83.5756,55.5967
Diffusion Model + LLM,3.5555,83.4632
Diffusion Model + LLM,-29.0039,32.6963
Diffusion Model + LLM,-53.4535,36.6573
Diffusion Model + LLM,-7.2962,-68.9484
Diffusion Model + LLM,14.7134,1.0827
Diffusion Model + LLM,-8.4818,66.4847
Diffusion Model + LLM,-15.645,-19.8392
Diffusion Model + LLM,-40.2667,89.9308
Diffusion Model + LLM,1.7703,-83.912
Diffusion Model + LLM,-11.6556,70.6026
Diffusion Model + LLM,-20.6076,67.1019
Diffusion Model + LLM,-5.2883,-88.8675
Diffusion Model + LLM,-51.786,60.1003
Diffusion Model + LLM,-21.193,65.1433
Diffusion Model + LLM,-32.4159,-10.7952
Diffusion Model + LLM,-43.2239,24.3368
Diffusion Model + LLM,-33.5234,-72.6966
Diffusion Model + LLM,-48.7865,75.911
Diffusion Model + LLM,-3.431,3.6676
Diffusion Model + LLM,-1.9361,27.8314
Diffusion Model + LLM,-92.9965,8.1823
Diffusion Model + LLM,-39.4767,41.42
Diffusion Model + LLM,12.1006,65.2154
Diffusion Model + LLM,-43.6365,-5.2811
Diffusion Model + LLM,-39.0527,-1.1158
Diffusion Model + LLM,-10.0916,72.0847
Diffusion Model + LLM,6.5803,18.3831
Diffusion Model + LLM,-31.3896,-56.4494
Diffusion Model + LLM,19.7932,-83.6822
Diffusion Model + LLM,-79.8052,57.002
Diffusion Model + LLM,-21.9304,-68.4613
Diffusion Model + LLM,-33.5317,-16.9091
Diffusion Model + LLM,-8.3383,-63.6715
Diffusion Model + LLM,-17.3446,11.8948
Diffusion Model + LLM,-8.6223,18.5251
Diffusion Model + LLM,-14.408,71.0771
Diffusion Model + LLM,-30.236,-67.4036
Diffusion Model + LLM,-34.9153,72.5671
Diffusion Model + LLM,-29.6767,-19.9825
Diffusion Model + LLM,-63.6994,11.4071
Diffusion Model + LLM,-68.8172,-34.1914
Diffusion Model + LLM,-64.4348,-30.9699
Diffusion Model + LLM,-52.4806,80.7918
Diffusion Model + LLM,11.5359,30.4028
Diffusion Model + LLM,5.523,-17.009
Diffusion Model + LLM,-3.2227,23.9646
Diffusion Model + LLM,-63.0695,20.5374
Diffusion Model + LLM,14.7801,-89.4065
Diffusion Model + LLM,-0.7189,-9.5322
Diffusion Model + LLM,-36.6186,24.41
Diffusion Model + LLM,5.9028,-31.0018
Diffusion Model + LLM,-18.0838,44.9514
Diffusion Model + LLM,-42.1047,3.4154
Diffusion Model + LLM,-67.2098,62.0378
Diffusion Model + LLM,9.5214,-94.1358
Diffusion Model + LLM,-4.6294,82.7272
Diffusion Model + LLM,11.2219,-1.992
Diffusion Model + LLM,-34.6606,-66.5978
Diffusion Model + LLM,18.8223,-82.2511
Diffusion Model + LLM,-74.6585,-7.6312
Diffusion Model + LLM,-67.1136,-12.9755
Diffusion Model + LLM,-68.8454,15.4865
Diffusion Model + LLM,-3.8682,28.8848
Diffusion Model + LLM,-83.1175,4.5252
Diffusion Model + LLM,-32.6442,12.7686
Diffusion Model + LLM,-89.7376,36.2527
Diffusion Model + LLM,-46.3205,-32.0981
Diffusion Model + LLM,-68.573,-41.8125
Diffusion Model + LLM,-13.3451,40.1209
Diffusion Model + LLM,-52.163,-14.6782
Diffusion Model + LLM,-72.7406,-35.6309
Diffusion Model + LLM,-27.6753,-33.3128
Diffusion Model + LLM,-15.5905,-51.4461
Diffusion Model + LLM,-46.9858,-29.6963
Diffusion Model + LLM,15.9271,17.3036
Diffusion Model + LLM,1.8327,92.916
Diffusion Model + LLM,-19.4154,8.8833
Diffusion Model + LLM,-38.9646,-11.9106
Diffusion Model + LLM,-35.3133,-8.7414
Diffusion Model + LLM,-88.2589,11.6271
Diffusion Model + LLM,-18.6669,6.4636
Diffusion Model + LLM,-18.8639,7.6572
Diffusion Model + LLM,-18.4768,65.5667
Diffusion Model + LLM,-2.4634,14.8863
Diffusion Model + LLM,-36.9836,-67.0795
Diffusion Model + LLM,-25.2441,-6.9247
Diffusion Model + LLM,-69.6045,61.9216
Diffusion Model + LLM,-36.9878,0.1909
Diffusion Model + LLM,-71.2023,1.1513
Diffusion Model + LLM,1.8142,-85.8966
Diffusion Model + LLM,-0.2032,52.5355
Diffusion Model + LLM,4.4364,-57.1262
Diffusion Model + LLM,-5.5087,60.4351
Diffusion Model + LLM,-28.3725,-59.2536
Diffusion Model + LLM,-57.1368,-70.5452
Diffusion Model + LLM,10.9878,-75.4392
Diffusion Model + LLM,-1.7553,-29.8942
Diffusion Model + LLM,22.9643,-3.1298
Diffusion Model + LLM,-17.9966,79.1314
Diffusion Model + LLM,-73.6696,-14.9501
Diffusion Model + LLM,-11.9318,-53.5387
Diffusion Model + LLM,-41.2122,17.5984
Diffusion Model + LLM,-28.0036,89.5722
Diffusion Model + LLM,-83.5756,21.0138
Diffusion Model + LLM,-29.8612,28.9551
Diffusion Model + LLM,-16.1551,24.7126
Diffusion Model + LLM,-80.1526,15.3077
Diffusion Model + LLM,-95.9752,1.5102
Diffusion Model + LLM,-73.0515,-16.3308
Diffusion Model + LLM,-24.0547,68.5523
Diffusion Model + LLM,-69.3359,-42.7406
Diffusion Model + LLM,-49.8639,-5.9808
Diffusion Model + LLM,-53.079,-59.9422
Diffusion Model + LLM,-34.3111,46.0646
Diffusion Model + LLM,-83.8094,39.4021
Diffusion Model + LLM,0.0531,-3.127
Diffusion Model + LLM,1.9263,44.8801
Diffusion Model + LLM,-39.5679,-12.3287
Diffusion Model + LLM,3.4658,8.1469
Diffusion Model + LLM,-59.5068,-6.7947
Diffusion Model + LLM,-61.1336,64.7422
Diffusion Model + LLM,-40.0123,-13.7201
Diffusion Model + LLM,-41.3626,-2.0975
Diffusion Model + LLM,-56.4048,34.5043
Diffusion Model + LLM,-40.5705,39.2093
Diffusion Model + LLM,-26.0832,-85.6184
Diffusion Model + LLM,-65.3318,41.6758
Diffusion Model + LLM,-86.391,8.7491
Diffusion Model + LLM,-6.5329,-97.1563
Diffusion Model + LLM,-9.152,80.7653
Diffusion Model + LLM,-13.4028,20.9139
Diffusion Model + LLM,-65.0723,13.0941
Diffusion Model + LLM,3.5322,-57.6657
Diffusion Model + LLM,-25.8793,-85.4448
Diffusion Model + LLM,-31.6803,0.7875
Diffusion Model + LLM,9.2234,17.6491
Diffusion Model + LLM,-42.8353,75.5458
Diffusion Model + LLM,-2.5331,-45.9281
Diffusion Model + LLM,-51.923,19.4784
Diffusion Model + LLM,-11.4327,-15.8524
Diffusion Model + LLM,-45.7956,71.6028
Diffusion Model + LLM,-31.9022,18.4786
Diffusion Model + LLM,-1.6612,70.5217
Diffusion Model + LLM,4.1274,42.1426
Diffusion Model + LLM,-33.1336,-72.6224
Diffusion Model + LLM,-2.886,-28.8314
Diffusion Model + LLM,-74.4676,39.4164
Diffusion Model + LLM,-45.6406,42.1137
Diffusion Model + LLM,-68.1807,-12.1356
Diffusion Model + LLM,-29.4608,-71.5706
Diffusion Model + LLM,-38.8521,25.1995
Diffusion Model + LLM,-9.9337,-92.9057
Diffusion Model + LLM,-64.2432,73.2854
Diffusion Model + LLM,-30.436,-16.9257
Diffusion Model + LLM,11.7978,13.7211
Diffusion Model + LLM,-12.9813,-2.2452
Diffusion Model + LLM,-44.8571,-4.9145
Diffusion Model + LLM,-62.7536,-28.7435
Diffusion Model + LLM,-55.0868,37.4126
Diffusion Model + LLM,7.4076,65.2314
Diffusion Model + LLM,-41.2189,18.7055
Diffusion Model + LLM,-46.8264,64.4594
Diffusion Model + LLM,-90.3533,36.0041
Diffusion Model + LLM,-9.2513,-2.3274
Diffusion Model + LLM,4.7966,87.9407
Diffusion Model + LLM,-95.6611,18.3138
Diffusion Model + LLM,-69.7012,40.1807
Diffusion Model + LLM,-30.7427,13.9603
Diffusion Model + LLM,4.8227,-27.3698
Diffusion Model + LLM,-45.7668,-34.9241
Diffusion Model + LLM,5.9815,80.0541
Diffusion Model + LLM,-19.1105,-57.1436
Diffusion Model + LLM,-28.4421,78.7589
Diffusion Model + LLM,-18.406,65.5342
Diffusion Model + LLM,-16.2086,47.5752
Diffusion Model + LLM,-39.5135,89.0321
Diffusion Model + LLM,-42.329,82.7203
Diffusion Model + LLM,-24.5205,-63.4778
Diffusion Model + LLM,-26.4248,-58.9728
Diffusion Model + LLM,-66.6607,44.155
Diffusion Model + LLM,-68.7438,18.0467
Diffusion Model + LLM,-37.3883,-59.6422
Diffusion Model + LLM,-11.9602,35.6748
Diffusion Model + LLM,-42.4818,35.7036
Diffusion Model + LLM,-36.726,87.9728
Diffusion Model + LLM,64.1005,-44.4187
Diffusion Model + LLM,78.9632,-68.198
Diffusion Model + LLM,-34.7637,-14.9699
Diffusion Model + LLM,11.5748,26.1765
Diffusion Model + LLM,3.7134,92.3885
Diffusion Model + LLM,-38.0609,-85.9426
Diffusion Model + LLM,5.3822,89.8708
Diffusion Model + LLM,-4.4471,79.7501
Diffusion Model + LLM,-19.8501,-72.9326
Diffusion Model + LLM,-18.4617,8.7855
Diffusion Model + LLM,-69.6731,0.3562
Diffusion Model + LLM,-27.2949,56.2499
Diffusion Model + LLM,7.4106,-91.7988
Diffusion Model + LLM,15.9003,22.0239
Diffusion Model + LLM,9.1202,-61.0814
Diffusion Model + LLM,-59.1749,-8.6038
Diffusion Model + LLM,-90.4464,-5.1185
Diffusion Model + LLM,-26.9282,-70.1643
Diffusion Model + LLM,-92.4555,7.8212
Diffusion Model + LLM,-5.7507,-55.7913
Diffusion Model + LLM,-73.6551,-16.9886
Diffusion Model + LLM,-91.7242,29.0859
Diffusion Model + LLM,-13.978,-49.0379
Diffusion Model + LLM,-27.1555,-58.8828
Diffusion Model + LLM,-21.8314,-64.0893
Diffusion Model + LLM,-82.6935,40.5967
Diffusion Model + LLM,5.5802,55.4449
Diffusion Model + LLM,-47.3766,5.8055
Diffusion Model + LLM,-52.5426,-71.9087
Diffusion Model + LLM,-74.9175,24.9402
Diffusion Model + LLM,-59.9784,-37.8712
Diffusion Model + LLM,-12.0268,68.0856
Diffusion Model + LLM,16.5921,-91.3407
Diffusion Model + LLM,-59.911,-38.3536
Diffusion Model + LLM,-51.8533,60.6886
Diffusion Model + LLM,-15.3619,24.36
Diffusion Model + LLM,15.9132,38.6972
Diffusion Model + LLM,-27.1281,44.5304
Diffusion Model + LLM,-96.1173,0.3794
Diffusion Model + LLM,3.1739,-95.8603
Diffusion Model + LLM,18.1437,-80.9355
Diffusion Model + LLM,-44.5503,-36.5775
Diffusion Model + LLM,-10.5341,-55.9376
Diffusion Model + LLM,4.4424,-6.0068
Diffusion Model + LLM,-20.8296,-68.3165
Diffusion Model + LLM,-40.7738,-51.3894
Diffusion Model + LLM,-19.6105,22.291
Diffusion Model + LLM,12.8834,-73.2497
Diffusion Model + LLM,-31.4007,11.564
Diffusion Model + LLM,18.7799,14.5223
Diffusion Model + LLM,6.5362,-70.1914
Diffusion Model + LLM,-1.4323,-8.0701
Diffusion Model + LLM,16.7397,-87.9588
Diffusion Model + LLM,-7.0109,56.6116
Diffusion Model + LLM,-20.1286,-72.1899
Diffusion Model + LLM,-10.6693,62.4763
Diffusion Model + LLM,18.907,18.3956
Diffusion Model + LLM,-4.7591,-56.9051
Diffusion Model + LLM,-59.8638,60.8229
Diffusion Model + LLM,-16.3848,-21.1627
Diffusion Model + LLM,-15.2612,54.2313
Diffusion Model + LLM,8.0552,-71.2527
Diffusion Model + LLM,-28.6931,70.0654
Diffusion Model + LLM,-84.2118,3.7094
Diffusion Model + LLM,-53.5882,79.795
Diffusion Model + LLM,1.3681,-46.9486
Diffusion Model + LLM,-18.8069,-22.7984
Diffusion Model + LLM,-48.331,20.4362
Diffusion Model + LLM,-27.1552,30.2261
Diffusion Model + LLM,1.1675,-67.9969
Diffusion Model + LLM,-21.4116,21.8312
Diffusion Model + LLM,-36.6742,75.7214
Diffusion Model + LLM,5.1923,24.4724
Diffusion Model + LLM,-10.3853,63.0504
Diffusion Model + LLM,-0.0534,-94.8314
Diffusion Model + LLM,-34.4341,-22.9107
Diffusion Model + LLM,-20.0362,-70.165
Diffusion Model + LLM,-21.1283,-4.1459
Diffusion Model + LLM,-84.1641,5.1415
Diffusion Model + LLM,-30.7579,85.1354
Diffusion Model + LLM,-34.7049,86.5175
Diffusion Model + LLM,8.8655,3.339
Diffusion Model + LLM,-91.0203,-3.8313
Diffusion Model + LLM,3.7453,-72.3881
Diffusion Model + LLM,8.9861,-27.5021
Diffusion Model + LLM,21.7784,19.9011
Diffusion Model + LLM,5.0285,-30.4027
Diffusion Model + LLM,-40.155,71.4945
Diffusion Model + LLM,-37.7217,14.254
Diffusion Model + LLM,14.7688,36.3319
Diffusion Model + LLM,-48.8402,41.3745
Diffusion Model + LLM,-13.1722,-69.6061
Diffusion Model + LLM,-33.9494,23.2974
Diffusion Model + LLM,5.0205,68.6401
Diffusion Model + LLM,-8.254,-28.8913
Diffusion Model + LLM,-59.5865,-10.8579
Diffusion Model + LLM,5.736,75.7516
Diffusion Model + LLM,-45.6424,19.8638
Diffusion Model + LLM,-23.1079,-3.9668
Diffusion Model + LLM,-74.1965,-13.6279
Diffusion Model + LLM,-15.3037,75.9107
Diffusion Model + LLM,-7.2508,-84.6231
Diffusion Model + LLM,4.3502,12.1794
Diffusion Model + LLM,14.2439,-1.4761
Diffusion Model + LLM,-1.1549,-43.62
Diffusion Model + LLM,9.3098,63.3726
Diffusion Model + LLM,-66.9345,9.6341
Diffusion Model + LLM,-28.0949,-45.7049
Diffusion Model + LLM,4.7549,-97.1244
Diffusion Model + LLM,9.5674,7.7095
Diffusion Model + LLM,-30.9485,62.5887
Diffusion Model + LLM,4.6784,9.0886
Diffusion Model + LLM,7.5404,73.8951
Diffusion Model + LLM,-33.3557,-83.7495
Diffusion Model + LLM,-9.3425,81.8947
Diffusion Model + LLM,-84.452,31.4302
Diffusion Model + LLM,-71.0061,-21.5
Diffusion Model + LLM,-35.4243,-1.1469
Diffusion Model + LLM,12.9602,0.9162
Diffusion Model + LLM,-27.1687,20.039
Diffusion Model + LLM,-55.7148,42.4075
Diffusion Model + LLM,-21.4438,-44.3721
Diffusion Model + LLM,-30.0984,-51.86
Diffusion Model + LLM,-64.3877,-34.9068
Diffusion Model + LLM,19.4127,-2.8591
Diffusion Model + LLM,-25.7291,-21.644
Diffusion Model + LLM,-9.3844,63.2701
Diffusion Model + LLM,1.9364,-69.2243
Diffusion Model + LLM,-60.2621,-9.6698
Diffusion Model + LLM,-14.1476,8.1042
Diffusion Model + LLM,-3.8454,14.4549
Diffusion Model + LLM,-52.2924,54.1829
Diffusion Model + LLM,-45.3375,-27.0141
Diffusion Model + LLM,-88.2091,-1.3557
Diffusion Model + LLM,-34.5847,46.1201
Diffusion Model + LLM,-8.34,-26.3607
Diffusion Model + LLM,-64.2401,69.7792
Diffusion Model + LLM,-35.7612,83.3548
Diffusion Model + LLM,-90.4054,36.0395
Diffusion Model + LLM,0.121,-65.6199
Diffusion Model + LLM,9.854,85.8223
Diffusion Model + LLM,-46.194,-0.9778
Diffusion Model + LLM,-86.7781,25.1256
Diffusion Model + LLM,-64.859,-5.7774
Diffusion Model + LLM,-51.9388,5.5406
Diffusion Model + LLM,-36.6459,85.3658
Diffusion Model + LLM,0.5867,-78.8273
Diffusion Model + LLM,18.9538,54.6905
Diffusion Model + LLM,-63.5657,-5.1761
Diffusion Model + LLM,-27.0123,69.3118
Diffusion Model + LLM,21.739,-88.433
Diffusion Model + LLM,-40.2608,-7.166
Diffusion Model + LLM,19.2591,2.1072
Diffusion Model + LLM,8.568,87.365
Diffusion Model + LLM,-82.6094,7.4408
Diffusion Model + LLM,21.6533,58.0982
Diffusion Model + LLM,-45.7257,-81.5023
Diffusion Model + LLM,-49.7142,-65.7923
Diffusion Model + LLM,3.6733,13.362
Diffusion Model + LLM,-56.5388,74.3852
Diffusion Model + LLM,-31.7687,-46.3558
Diffusion Model + LLM,-21.7643,-28.7812
Diffusion Model + LLM,-10.6465,88.951
Diffusion Model + LLM,-13.6034,7.9913
Diffusion Model + LLM,-50.3608,43.2296
Diffusion Model + LLM,-5.809,53.1401
Diffusion Model + LLM,4.3371,-88.1586
Diffusion Model + LLM,-11.3014,-30.5108
Diffusion Model + LLM,-34.1762,17.1685
Diffusion Model + LLM,3.4715,-20.1594
Diffusion Model + LLM,-92.5028,29.1886
Diffusion Model + LLM,-28.1427,67.6791
Diffusion Model + LLM,-25.583,-84.5575
Diffusion Model + LLM,8.9081,-26.8696
Diffusion Model + LLM,-12.4286,68.4612
Diffusion Model + LLM,1.6418,-58.2511
Diffusion Model + LLM,-25.8691,61.4058
Diffusion Model + LLM,-1.042,30.5041
Diffusion Model + LLM,-28.1692,-48.7191
Diffusion Model + LLM,-41.9868,86.7239
Diffusion Model + LLM,-23.2736,-42.9602
Diffusion Model + LLM,-29.4256,66.1039
Diffusion Model + LLM,-3.1912,35.1089
Diffusion Model + LLM,-60.936,-38.493
Diffusion Model + LLM,-6.4606,12.7245
Diffusion Model + LLM,-55.3934,30.6073
Diffusion Model + LLM,-56.3553,74.9525
Diffusion Model + LLM,-48.7684,74.4023
Diffusion Model + LLM,6.854,40.9377
Diffusion Model + LLM,22.0058,-86.2988
Diffusion Model + LLM,-24.1806,-41.9354
Diffusion Model + LLM,-41.5146,22.083
Diffusion Model + LLM,-79.9903,3.5427
Diffusion Model + LLM,4.1043,19.0554
Diffusion Model + LLM,-29.944,-58.5965
Diffusion Model + LLM,9.7631,-30.7069
Diffusion Model + LLM,-5.2074,36.0134
Diffusion Model + LLM,16.1305,49.5909
Diffusion Model + LLM,7.6932,74.2371
Diffusion Model + LLM,-15.6421,55.0072
Diffusion Model + LLM,20.7941,-75.7248
Diffusion Model + LLM,-19.948,24.4604
Diffusion Model + LLM,19.0823,16.9459
Diffusion Model + LLM,-52.7354,-19.524
Diffusion Model + LLM,-59.7489,18.6592
Diffusion Model + LLM,-31.066,-73.3096
Diffusion Model + LLM,-15.6333,-21.9991
Diffusion Model + LLM,-73.8229,38.751
Diffusion Model + LLM,-15.015,1.8873
Diffusion Model + LLM,-16.8726,7.1242
Diffusion Model + LLM,-85.7141,31.6025
Diffusion Model + LLM,-65.6398,60.7292
Diffusion Model + LLM,13.2274,-72.5023
Diffusion Model + LLM,-29.7398,-43.8477
Diffusion Model + LLM,6.1135,-82.1356
Diffusion Model + LLM,-24.276,-90.395
Diffusion Model + LLM,-30.4819,-13.6049
Diffusion Model + LLM,-50.2815,36.9199
Diffusion Model + LLM,-26.8493,-19.9423
Diffusion Model + LLM,-32.5782,26.954
Diffusion Model + LLM,-82.3534,1.1493
Diffusion Model + LLM,-22.5935,-40.9646
Diffusion Model + LLM,-24.3255,62.4715
Diffusion Model + LLM,-32.9456,-46.8671
Diffusion Model + LLM,-84.8029,-2.7162
Diffusion Model + LLM,19.0158,-82.0446
Diffusion Model + LLM,-91.914,-3.793
Diffusion Model + LLM,-92.1504,24.1279
Diffusion Model + LLM,-70.1063,-39.5193
Diffusion Model + LLM,-13.1809,56.7467
Diffusion Model + LLM,-48.0953,22.1954
Diffusion Model + LLM,-5.6736,29.829
Diffusion Model + LLM,-16.1145,-30.9351
Diffusion Model + LLM,-85.5858,-3.7274
Diffusion Model + LLM,-18.6062,31.8064
Diffusion Model + LLM,-54.1242,75.1753
Diffusion Model + LLM,-82.9896,41.1595
Diffusion Model + LLM,1.1465,67.37
Diffusion Model + LLM,-64.2342,16.686
Diffusion Model + LLM,-26.657,80.8084
Diffusion Model + LLM,-60.2366,-37.5068
Diffusion Model + LLM,-2.5395,-92.1978
Diffusion Model + LLM,12.2685,12.5038
Diffusion Model + LLM,-92.0834,32.3042
Diffusion Model + LLM,-40.4556,-0.5551
Diffusion Model + LLM,-72.2304,28.6742
Diffusion Model + LLM,-56.3349,9.9884
Diffusion Model + LLM,6.2499,6.8205
Diffusion Model + LLM,-47.7928,38.2013
Diffusion Model + LLM,8.5441,-60.4942
Diffusion Model + LLM,-62.8011,20.8735
Diffusion Model + LLM,-60.6048,73.1651
Diffusion Model + LLM,-19.5006,22.7116
Diffusion Model + LLM,19.1225,14.0037
Diffusion Model + LLM,-56.5176,36.1597
Diffusion Model + LLM,-28.7875,26.9111
Diffusion Model + LLM,-71.8755,-18.1135
Diffusion Model + LLM,-53.435,-68.1161
Diffusion Model + LLM,-3.6463,6.6223
Diffusion Model + LLM,-22.975,-13.1555
Diffusion Model + LLM,6.4139,-93.1244
Diffusion Model + LLM,-63.7029,-17.4348
Diffusion Model + LLM,-13.2832,29.6388
Diffusion Model + LLM,-6.9386,55.7228
Diffusion Model + LLM,-1.4347,-52.4504
Diffusion Model + LLM,-91.8335,38.9135
Diffusion Model + LLM,-92.6059,-9.7032
Diffusion Model + LLM,-41.4279,21.2564
Diffusion Model + LLM,-18.216,-44.9228
Diffusion Model + LLM,-40.1777,-1.3463
Diffusion Model + LLM,-84.6541,1.8508
Diffusion Model + LLM,-24.8603,-20.3708
Diffusion Model + LLM,-74.4126,31.4595
Diffusion Model + LLM,21.7027,-88.4661
Diffusion Model + LLM,-0.86,5.1712
Diffusion Model + LLM,-42.4062,54.4287
Diffusion Model + LLM,8.72,23.1159
Diffusion Model + LLM,-14.1912,60.674
Diffusion Model + LLM,-21.8347,69.7349
Diffusion Model + LLM,-72.0895,-8.1216
Diffusion Model + LLM,20.1301,14.3931
Diffusion Model + LLM,17.3618,19.2809
Diffusion Model + LLM,-71.0312,11.2941
Diffusion Model + LLM,-48.9125,57.9136
Diffusion Model + LLM,-55.7506,-4.4153
Diffusion Model + LLM,1.419,-9.7359
Diffusion Model + LLM,-32.6167,-56.9476
Diffusion Model + LLM,-5.3584,-85.2148
Diffusion Model + LLM,-4.1537,-41.919
Diffusion Model + LLM,-96.3299,-0.0781
Diffusion Model + LLM,11.6534,-57.2972
Diffusion Model + LLM,2.8615,-78.2883
Diffusion Model + LLM,-32.6144,-22.6906
Diffusion Model + LLM,-48.4494,74.6973
Diffusion Model + LLM,20.0659,34.0144
Diffusion Model + LLM,6.6004,81.1531
Diffusion Model + LLM,-32.2127,21.1771
Diffusion Model + LLM,-16.2138,-77.7398
Diffusion Model + LLM,-15.1205,-17.967
Diffusion Model + LLM,-61.5968,17.4741
Diffusion Model + LLM,-11.5739,53.6384
Diffusion Model + LLM,19.0119,5.9931
Diffusion Model + LLM,-14.1794,12.6424
Diffusion Model + LLM,-32.9735,13.0601
Diffusion Model + LLM,-17.5795,-20.1937
Diffusion Model + LLM,-6.0929,17.7433
Diffusion Model + LLM,-52.5041,36.4023
Diffusion Model + LLM,-47.7063,-75.3506
Diffusion Model + LLM,-35.2785,14.5575
Diffusion Model + LLM,3.3354,-48.4006
Diffusion Model + LLM,0.2373,-1.8075
Diffusion Model + LLM,3.7146,11.2398
Diffusion Model + LLM,-72.6919,-18.7058
Diffusion Model + LLM,-68.6163,-31.7743
Diffusion Model + LLM,-10.5526,-14.7172
Diffusion Model + LLM,-19.0506,-92.2479
Diffusion Model + LLM,6.7024,77.0749
Diffusion Model + LLM,-19.9453,-40.5199
Diffusion Model + LLM,-20.5875,-5.8129
Diffusion Model + LLM,-1.6833,77.3332
Diffusion Model + LLM,-4.8415,9.1764
Diffusion Model + LLM,-23.7548,-77.3668
Diffusion Model + LLM,-51.3242,-14.8571
Diffusion Model + LLM,-90.4036,24.4877
Diffusion Model + LLM,7.9552,19.8946
Diffusion Model + LLM,0.4962,20.8579
Diffusion Model + LLM,-70.7831,32.1578
Diffusion Model + LLM,-10.8059,-56.7721
Diffusion Model + LLM,17.9178,-4.4639
Diffusion Model + LLM,-28.7885,-68.4858
Diffusion Model + LLM,22.6239,52.6156
Diffusion Model + LLM,-0.3383,-90.3676
Diffusion Model + LLM,-46.8827,-1.2434
Diffusion Model + LLM,-52.8485,-64.5733
Diffusion Model + LLM,-59.1508,6.0461
Diffusion Model + LLM,-24.5092,-2.7908
Diffusion Model + LLM,-0.9647,-79.5502
Diffusion Model + LLM,-40.6078,-51.4464
Diffusion Model + LLM,-71.7103,16.0734
Diffusion Model + LLM,-52.9041,-68.4927
Diffusion Model + LLM,-13.3989,-64.4522
Diffusion Model + LLM,19.9802,34.8876
Diffusion Model + LLM,-58.4017,34.7803
Diffusion Model + LLM,2.0701,21.4895
Diffusion Model + LLM,-42.4502,79.6335
Diffusion Model + LLM,-17.7231,49.1532
Diffusion Model + LLM,-11.98,33.4123
Diffusion Model + LLM,-28.8124,23.1545
Diffusion Model + LLM,-83.0259,39.5338
Diffusion Model + LLM,-39.8936,-8.3814
Diffusion Model + LLM,-9.5717,-8.9087
Diffusion Model + LLM,-53.2438,-65.0642
Diffusion Model + LLM,-23.3852,74.1585
Diffusion Model + LLM,-45.6331,57.7606
Diffusion Model + LLM,-2.481,-74.5569
Diffusion Model + LLM,48.5462,46.9279
Diffusion Model + LLM,-18.7709,-9.0615
Diffusion Model + LLM,-20.4114,-46.5984
Diffusion Model + LLM,-13.5527,62.1929
Diffusion Model + LLM,-15.0305,33.739
Diffusion Model + LLM,-94.6956,21.0855
Diffusion Model + LLM,-20.611,-10.8145
Diffusion Model + LLM,-0.9893,-32.3585
Diffusion Model + LLM,-92.1608,32.3717
Diffusion Model + LLM,3.6367,-2.4836
Diffusion Model + LLM,-56.3936,34.3935
Diffusion Model + LLM,14.897,25.7116
Diffusion Model + LLM,-55.0915,-8.9307
Diffusion Model + LLM,-47.9845,32.4658
Diffusion Model + LLM,-29.0893,80.7833
Diffusion Model + LLM,-87.1292,-1.2002
Diffusion Model + LLM,-91.9055,38.7027
Diffusion Model + LLM,-55.4325,-68.704
Diffusion Model + LLM,-38.9118,-17.8241
Diffusion Model + LLM,2.3052,-88.7784
Diffusion Model + LLM,-92.6268,24.3303
Diffusion Model + LLM,-7.389,39.4512
Diffusion Model + LLM,2.0044,21.5813
Diffusion Model + LLM,9.7362,-30.7238
Diffusion Model + LLM,-34.7102,15.7866
Diffusion Model + LLM,-33.4799,57.535
Diffusion Model + LLM,-20.8291,36.7492
Diffusion Model + LLM,1.8737,90.4256
Diffusion Model + LLM,-60.5866,57.1377
Diffusion Model + LLM,-6.192,-63.3242
Diffusion Model + LLM,-29.3648,80.2935
Diffusion Model + LLM,-10.8996,-53.5237
Diffusion Model + LLM,-55.0478,-72.4648
Diffusion Model + LLM,-3.2112,-49.4459
Diffusion Model + LLM,-69.6209,2.4966
Diffusion Model + LLM,-19.6561,17.1194
Diffusion Model + LLM,-24.7686,38.5597
Diffusion Model + LLM,-73.2611,29.6192
Diffusion Model + LLM,20.5449,33.0458
Diffusion Model + LLM,-24.0683,64.5974
Diffusion Model + LLM,-35.4198,82.1937
Diffusion Model + LLM,-88.3072,0.6626
Diffusion Model + LLM,-91.8194,31.1084
Diffusion Model + LLM,-27.1431,-88.3903
Diffusion Model + LLM,-96.4335,19.6897
Diffusion Model + LLM,-0.9051,-59.6863
Diffusion Model + LLM,-47.283,-36.2792
Diffusion Model + LLM,-21.0578,36.9352
Diffusion Model + LLM,-1.2641,41.8455
Diffusion Model + LLM,-26.0079,36.1476
Diffusion Model + LLM,6.0459,-8.0654
Diffusion Model + LLM,9.9603,35.1734
Diffusion Model + LLM,16.5643,-4.3265
Diffusion Model + LLM,-14.6916,-59.0808
Diffusion Model + LLM,-46.8336,-4.4136
Diffusion Model + LLM,-42.5201,-32.3352
Diffusion Model + LLM,-50.6159,-65.3984
Diffusion Model + LLM,-13.7114,9.2801
Diffusion Model + LLM,-42.4668,45.6858
Diffusion Model + LLM,-9.8392,28.2082
Diffusion Model + LLM,-13.689,-92.7573
Diffusion Model + LLM,-16.0857,24.9516
Diffusion Model + LLM,10.0867,-56.8164
Diffusion Model + LLM,5.3954,-7.7542
Diffusion Model + LLM,-3.496,16.6428
Diffusion Model + LLM,19.4285,36.6759
Diffusion Model + LLM,-40.0466,28.2322
Diffusion Model + LLM,5.4873,-61.6054
Diffusion Model + LLM,-22.2384,38.3905
Diffusion Model + LLM,-89.6046,-2.2964
Diffusion Model + LLM,20.296,20.999
Diffusion Model + LLM,-9.7452,-16.0547
Diffusion Model + LLM,-62.8652,-37.6169
Diffusion Model + LLM,-32.94,71.5928
Diffusion Model + LLM,-54.3753,11.4633
Diffusion Model + LLM,-50.7468,20.6725
Diffusion Model + LLM,-49.9235,33.36
Diffusion Model + LLM,64.1471,-40.9919
Diffusion Model + LLM,-65.9567,-32.3109
Diffusion Model + LLM,-31.6713,-43.442
Diffusion Model + LLM,-71.2565,59.6424
Diffusion Model + LLM,-6.7713,19.3381
Diffusion Model + LLM,12.5434,25.2163
Diffusion Model + LLM,12.4336,13.8689
Diffusion Model + LLM,0.8673,83.9798
Diffusion Model + LLM,12.8922,45.6301
Diffusion Model + LLM,-85.027,-1.3738
Diffusion Model + LLM,-77.1807,-2.2225
Diffusion Model + LLM,-65.4437,56.1358
Diffusion Model + LLM,0.2665,60.9767
Diffusion Model + LLM,-73.9879,-22.2019
Diffusion Model + LLM,-52.9195,-67.2105
Diffusion Model + LLM,-3.9094,-94.1724
Diffusion Model + LLM,-25.7071,69.82
Diffusion Model + LLM,-32.5918,16.2256
Diffusion Model + LLM,-56.2465,32.4286
Diffusion Model + LLM,-64.6699,14.6333
Diffusion Model + LLM,17.7139,20.3961
Diffusion Model + LLM,10.7148,44.6114
Diffusion Model + LLM,-57.833,0.7804
Diffusion Model + LLM,-24.8523,-91.112
Diffusion Model + LLM,73.0686,-68.8994
Diffusion Model + LLM,15.7802,55.6263
Diffusion Model + LLM,-84.3379,-8.1227
Diffusion Model + LLM,-0.3446,-40.8707
Diffusion Model + LLM,4.3229,-88.1703
Diffusion Model + LLM,-44.9626,75.3033
Diffusion Model + LLM,-39.8622,88.4358
Diffusion Model + LLM,-42.3761,-35.2015
Diffusion Model + LLM,-13.6139,-40.6306
Diffusion Model + LLM,9.4771,-77.4239
Diffusion Model + LLM,5.2272,87.5919
Diffusion Model + LLM,-31.7156,-25.9526
Diffusion Model + LLM,-14.6117,1.7038
Diffusion Model + LLM,-67.9009,-44.3404
Diffusion Model + LLM,-56.1797,-66.4094
Diffusion Model + LLM,6.7775,15.7643
Diffusion Model + LLM,-41.8968,86.7829
Diffusion Model + LLM,-71.883,42.5527
Diffusion Model + LLM,-38.4997,-8.9949
Diffusion Model + LLM,-51.9976,-7.9348
Diffusion Model + LLM,-34.1757,76.9121
Diffusion Model + LLM,-19.9427,6.7818
Diffusion Model + LLM,-53.5657,70.8308
Diffusion Model + LLM,-70.6124,62.0639
Diffusion Model + LLM,5.8668,-61.3888
Diffusion Model + LLM,-75.1078,-13.3125
Diffusion Model + LLM,9.7,-79.0009
Diffusion Model + LLM,-29.4723,-24.6018
Diffusion Model + LLM,12.9604,30.1143
Diffusion Model + LLM,-13.1855,29.3176
Diffusion Model + LLM,-45.6414,19.8649
Diffusion Model + LLM,-37.6216,15.3141
Diffusion Model + LLM,-58.0904,55.0178
Diffusion Model + LLM,8.7711,-98.3943
Diffusion Model + LLM,-19.6578,-91.1246
Diffusion Model + LLM,-34.5732,12.8824
Diffusion Model + LLM,-57.5218,-68.1584
Diffusion Model + LLM,-83.4034,1.1068
Diffusion Model + LLM,-30.0008,-62.2994
Diffusion Model + LLM,-16.9635,-17.607
Diffusion Model + LLM,-79.57,6.6505
Diffusion Model + LLM,14.0671,-86.5947
Diffusion Model + LLM,-46.2765,9.3554
Diffusion Model + LLM,-83.7712,-2.2339
Diffusion Model + LLM,-44.4278,-26.2516
Diffusion Model + LLM,-21.602,-42.716
Diffusion Model + LLM,-36.0486,73.7869
Diffusion Model + LLM,-14.4917,-90.4721
Diffusion Model + LLM,-43.5795,16.134
Diffusion Model + LLM,-81.284,3.4008
Diffusion Model + LLM,11.9517,13.8928
Diffusion Model + LLM,2.3166,-59.2857
Diffusion Model + LLM,-26.7218,4.469
Diffusion Model + LLM,-50.1772,27.6351
Diffusion Model + LLM,-63.0827,30.4277
Diffusion Model + LLM,-74.5866,-36.933
Diffusion Model + LLM,-30.8499,22.7211
Diffusion Model + LLM,-85.0625,9.6653
Diffusion Model + LLM,-30.2446,60.2645
Diffusion Model + LLM,-91.5392,-3.6266
Diffusion Model + LLM,-87.2389,36.7807
Diffusion Model + LLM,-16.1693,48.0207
Diffusion Model + LLM,18.1989,3.6869
Diffusion Model + LLM,-27.9225,-15.2
Diffusion Model + LLM,-6.5337,-29.1145
Diffusion Model + LLM,-4.5142,-46.5016
Diffusion Model + LLM,7.2995,26.6207
Diffusion Model + LLM,-52.9243,26.8836
Diffusion Model + LLM,-15.9414,-92.4721
Diffusion Model + LLM,7.8742,81.1499
Diffusion Model + LLM,-70.2088,40.1163
Diffusion Model + LLM,4.3557,-60.7767
Diffusion Model + LLM,-24.213,29.6756
Diffusion Model + LLM,-71.6455,0.9483
Diffusion Model + LLM,-27.9861,-77.4599
Diffusion Model + LLM,-57.7555,76.9498
Diffusion Model + LLM,-38.8113,-6.939
Diffusion Model + LLM,4.7977,71.5649
Diffusion Model + LLM,-50.1807,40.7733
Diffusion Model + LLM,10.4547,-91.6323
Diffusion Model + LLM,-25.8829,-45.4003
Diffusion Model + LLM,-69.2787,-2.7724
Diffusion Model + LLM,-53.6436,15.3583
Diffusion Model + LLM,-5.8092,79.4379
Diffusion Model + LLM,-14.5646,-70.6143
Diffusion Model + LLM,-55.894,43.5574
Diffusion Model + LLM,-92.5572,29.1784
Diffusion Model + LLM,-81.6639,40.9791
Diffusion Model + LLM,-33.2184,-4.4439
Diffusion Model + LLM,8.6933,-93.2308
Diffusion Model + LLM,16.2183,7.8406
Diffusion Model + LLM,-20.9958,40.326
Diffusion Model + LLM,-27.0531,-51.9492
Diffusion Model + LLM,6.225,69.6368
Diffusion Model + LLM,-21.786,34.7546
Diffusion Model + LLM,0.9447,22.9891
Diffusion Model + LLM,-10.3367,-79.1789
Diffusion Model + LLM,-13.3581,-18.4595
Diffusion Model + LLM,-70.9731,-40.666
Diffusion Model + LLM,-56.6908,17.6184
Diffusion Model + LLM,-94.616,24.6875
Diffusion Model + LLM,4.2183,-90.5795
Diffusion Model + LLM,24.3051,-86.3279
Diffusion Model + LLM,-18.1535,-92.2573
Diffusion Model + LLM,-34.1663,-61.8226
Diffusion Model + LLM,-42.4039,54.8502
Diffusion Model + LLM,-15.0688,43.5826
Diffusion Model + LLM,-45.1513,44.6472
Diffusion Model + LLM,-90.8152,-1.2073
Diffusion Model + LLM,-79.2264,-1.9092
Diffusion Model + LLM,-27.5571,-33.5844
Diffusion Model + LLM,6.6088,-26.2761
Diffusion Model + LLM,-46.4344,72.2999
Diffusion Model + LLM,15.832,29.9691
Diffusion Model + LLM,-7.4395,-8.8204
Diffusion Model + LLM,-48.0353,-29.427
Diffusion Model + LLM,-32.9772,-83.5615
Diffusion Model + LLM,8.2878,87.7994
Diffusion Model + LLM,-63.8266,-2.6198
Diffusion Model + LLM,-75.1248,23.936
Diffusion Model + LLM,-23.5268,78.5122
Diffusion Model + LLM,-65.6784,14.0672
Diffusion Model + LLM,-22.6953,-52.5344
Diffusion Model + LLM,16.766,-1.6123
Diffusion Model + LLM,18.127,-80.9518
Diffusion Model + LLM,-78.7841,57.0591
Diffusion Model + LLM,-0.5516,16.0422
Diffusion Model + LLM,-59.9048,-6.3763
Diffusion Model + LLM,-20.1883,64.9555
Diffusion Model + LLM,-18.4214,23.6203
Diffusion Model + LLM,-33.2233,-88.4536
Diffusion Model + LLM,1.9242,-51.4711
Diffusion Model + LLM,16.0301,2.2567
Diffusion Model + LLM,-62.4745,58.415
Diffusion Model + LLM,-47.013,-5.2911
Diffusion Model + LLM,-94.5291,-1.8121
Diffusion Model + LLM,5.7915,27.6998
Diffusion Model + LLM,-13.8885,-64.1098
Diffusion Model + LLM,-11.8921,-20.4273
Diffusion Model + LLM,23.3781,-86.7289
Diffusion Model + LLM,-43.6118,-59.6182
Diffusion Model + LLM,-9.5722,8.6132
Diffusion Model + LLM,-8.132,61.3562
Diffusion Model + LLM,-5.9688,86.5338
Diffusion Model + LLM,-16.7919,-30.9811
Diffusion Model + LLM,-48.2852,-34.0575
Diffusion Model + LLM,-85.3519,-2.6194
Diffusion Model + LLM,-21.0792,-29.0569
Diffusion Model + LLM,-25.3486,-14.9014
Diffusion Model + LLM,-60.2089,52.8399
Diffusion Model + LLM,-16.2683,10.2762
Diffusion Model + LLM,-22.9177,-53.4417
Diffusion Model + LLM,6.9499,-80.9083
Diffusion Model + LLM,12.4992,10.4941
Diffusion Model + LLM,-0.6202,31.4592
Diffusion Model + LLM,0.3708,-43.9857
Diffusion Model + LLM,-52.2452,-9.2509
Diffusion Model + LLM,-47.4938,-73.7632
Diffusion Model + LLM,-35.3638,-1.9975
Diffusion Model + LLM,-41.2354,-57.8885
Diffusion Model + LLM,10.3284,-93.4511
Diffusion Model + LLM,-41.8425,46.8646
Diffusion Model + LLM,-68.7346,14.7576
Diffusion Model + LLM,8.0852,8.3033
Diffusion Model + LLM,-35.9762,-65.7704
Diffusion Model + LLM,16.2064,26.6724
Diffusion Model + LLM,-43.9945,-9.4208
Diffusion Model + LLM,13.3345,-20.3635
Diffusion Model + LLM,10.5217,-56.8113
Diffusion Model + LLM,-49.5581,44.298
Diffusion Model + LLM,-19.1736,64.0347
Diffusion Model + LLM,-46.1605,36.9848
Diffusion Model + LLM,-34.688,-66.757
Diffusion Model + LLM,-19.4578,45.0939
Diffusion Model + LLM,-52.9198,18.3341
Diffusion Model + LLM,-74.9853,-16.8756
Diffusion Model + LLM,-63.823,56.4662
Diffusion Model + LLM,-61.3437,-5.4319
Diffusion Model + LLM,1.5774,22.8859
Diffusion Model + LLM,-1.6247,-5.3423
Diffusion Model + LLM,-68.9741,-43.8062
Diffusion Model + LLM,-15.3704,-56.3393
Diffusion Model + LLM,-22.6004,86.9641
Diffusion Model + LLM,-57.6455,17.5258
Diffusion Model + LLM,-6.2804,-18.7243
Diffusion Model + LLM,2.8456,-77.5574
Diffusion Model + LLM,22.4624,-2.4113
Diffusion Model + LLM,6.5775,-8.2932
Diffusion Model + LLM,-53.0516,45.8211
Diffusion Model + LLM,-19.2685,47.2818
Diffusion Model + LLM,-61.1147,27.6618
Diffusion Model + LLM,2.6014,-96.2621
Diffusion Model + LLM,-8.4286,-9.4902
Diffusion Model + LLM,-44.636,84.4553
Diffusion Model + LLM,-30.4618,-70.0633
Diffusion Model + LLM,-23.7487,50.3943
Diffusion Model + LLM,-27.7291,-67.7003
Diffusion Model + LLM,-17.0874,8.512
Diffusion Model + LLM,-39.0648,14.5985
Diffusion Model + LLM,-27.5966,-4.4259
Diffusion Model + LLM,-33.867,-82.9285
Diffusion Model + LLM,-51.2103,-72.9692
Diffusion Model + LLM,-0.1626,89.6546
Diffusion Model + LLM,-35.549,74.0596
Diffusion Model + LLM,6.9807,33.3425
Diffusion Model + LLM,-30.7818,-23.4339
Diffusion Model + LLM,7.3168,5.9622
Diffusion Model + LLM,-4.9956,-24.5499
Diffusion Model + LLM,-17.5916,-72.2944
Diffusion Model + LLM,-20.7231,76.9475
Diffusion Model + LLM,-2.4639,-16.0621
Diffusion Model + LLM,8.6447,-24.3755
Diffusion Model + LLM,22.3933,52.9351
Diffusion Model + LLM,10.6503,30.5177
Diffusion Model + LLM,-50.5045,27.2559
Diffusion Model + LLM,-44.0337,39.6715
Diffusion Model + LLM,-58.0489,73.4315
Diffusion Model + LLM,-34.0288,67.502
Diffusion Model + LLM,-74.685,-7.1814
Diffusion Model + LLM,-11.9265,4.5178
Diffusion Model + LLM,6.3656,28.7619
Diffusion Model + LLM,-20.7615,4.131
Diffusion Model + LLM,-66.0992,36.6941
Diffusion Model + LLM,-13.9992,-27.2735
Diffusion Model + LLM,-30.3351,76.9595
Diffusion Model + LLM,6.9814,9.959
Diffusion Model + LLM,-7.3963,80.5284
Diffusion Model + LLM,-49.865,-65.9045
Diffusion Model + LLM,-72.5624,-37.6072
Diffusion Model + LLM,-21.732,55.0196
Diffusion Model + LLM,-10.9037,-59.2933
Diffusion Model + LLM,14.7491,33.587
Diffusion Model + LLM,-29.0301,-74.7343
Diffusion Model + LLM,-14.0542,-48.1486
Diffusion Model + LLM,-73.5589,-15.3446
Diffusion Model + LLM,-15.5587,-40.7269
Diffusion Model + LLM,-4.3957,-28.0873
Diffusion Model + LLM,-43.7144,86.82
Diffusion Model + LLM,67.7458,2.9821
Diffusion Model + LLM,-82.6725,57.0929
Diffusion Model + LLM,-62.4768,3.3067
Diffusion Model + LLM,4.7721,89.1179
Diffusion Model + LLM,-8.6237,85.4441
Diffusion Model + LLM,-54.8437,-69.4029
Diffusion Model + LLM,-17.632,-45.9666
Diffusion Model + LLM,13.5741,26.222
Diffusion Model + LLM,-63.2643,9.5047
Diffusion Model + LLM,-45.805,71.952
Diffusion Model + LLM,-1.6509,-19.0429
Diffusion Model + LLM,-16.5644,-22.9111
Diffusion Model + LLM,-16.5653,5.9383
Diffusion Model + LLM,1.0925,77.6406
Diffusion Model + LLM,-54.1804,69.2672
Diffusion Model + LLM,-41.658,56.9902
Diffusion Model + LLM,2.1063,-21.2816
Diffusion Model + LLM,-57.3621,20.9483
Diffusion Model + LLM,-30.2432,77.438
Diffusion Model + LLM,-40.1279,21.0564
Diffusion Model + LLM,-18.8374,16.0129
Diffusion Model + LLM,-18.2678,64.4454
Diffusion Model + LLM,-41.6625,58.1011
Diffusion Model + LLM,-56.9114,43.8047
Diffusion Model + LLM,-72.2569,0.2699
Diffusion Model + LLM,2.2837,27.0981
Diffusion Model + LLM,-58.416,38.2451
Diffusion Model + LLM,-34.0607,-73.766
Diffusion Model + LLM,-4.5645,-89.5263
Diffusion Model + LLM,-92.7551,23.9094
Diffusion Model + LLM,-28.1643,-89.6147
Diffusion Model + LLM,1.505,78.5008
Diffusion Model + LLM,-47.0423,-74.2531
Diffusion Model + LLM,14.0474,56.0617
Diffusion Model + LLM,-25.7715,-20.2051
Diffusion Model + LLM,-27.0824,-88.5141
Diffusion Model + LLM,6.5026,-94.8047
Diffusion Model + LLM,-15.1601,54.2384
Diffusion Model + LLM,8.9716,-57.2751
Diffusion Model + LLM,-96.5127,26.3518
Diffusion Model + LLM,-85.0095,28.7661
Diffusion Model + LLM,-91.7943,31.1086
Diffusion Model + LLM,-20.9859,34.4921
Diffusion Model + LLM,-73.4631,40.6839
Diffusion Model + LLM,-72.9471,41.3736
Diffusion Model + LLM,4.4938,77.3763
Diffusion Model + LLM,-56.0177,15.7367
Diffusion Model + LLM,-3.6182,13.8534
Diffusion Model + LLM,-2.882,-89.1344
Diffusion Model + LLM,-31.4364,87.8885
Diffusion Model + LLM,-20.279,-6.3671
Diffusion Model + LLM,-76.6366,8.4686
Diffusion Model + LLM,-29.4578,-23.8605
Diffusion Model + LLM,-17.167,36.8108
Diffusion Model + LLM,-27.7913,67.5819
Diffusion Model + LLM,-13.841,43.173
Diffusion Model + LLM,-19.3539,62.3456
Diffusion Model + LLM,-33.6535,-83.1809
Diffusion Model + LLM,-8.7677,-49.1898
Diffusion Model + LLM,1.1049,23.0456
Diffusion Model + LLM,8.8352,82.3375
Diffusion Model + LLM,-24.3497,23.0147
Diffusion Model + LLM,-39.0554,-52.852
Diffusion Model + LLM,-56.9262,18.1367
Diffusion Model + LLM,-91.6893,29.8982
Diffusion Model + LLM,-54.3226,74.4834
Diffusion Model + LLM,-17.4093,-51.7065
Diffusion Model + LLM,-38.49,26.1804
Diffusion Model + LLM,-44.7863,-35.5527
Diffusion Model + LLM,-78.7493,56.9547
Diffusion Model + LLM,9.9102,83.7855
Diffusion Model + LLM,-64.6359,-44.3831
Diffusion Model + LLM,-28.9616,-90.7165
Diffusion Model + LLM,12.3375,-1.3361
Diffusion Model + LLM,-50.2541,46.1324
Diffusion Model + LLM,-15.5392,-73.8666
Diffusion Model + LLM,-58.3171,23.7785
Diffusion Model + LLM,21.1568,38.6395
Diffusion Model + LLM,-34.7901,-66.4741
Diffusion Model + LLM,-18.5659,-11.6733
Diffusion Model + LLM,-22.9833,-89.0842
Diffusion Model + LLM,-32.6212,-22.8464
Diffusion Model + LLM,-31.8923,69.3554
Diffusion Model + LLM,-8.2543,-9.376
Diffusion Model + LLM,19.3579,-2.6841
Diffusion Model + LLM,1.8939,21.6475
Diffusion Model + LLM,-48.1662,13.6458
Diffusion Model + LLM,-45.5003,44.4144
Diffusion Model + LLM,0.7853,-47.0268
Diffusion Model + LLM,-70.6757,-19.6297
Diffusion Model + LLM,-16.122,2.3868
Diffusion Model + LLM,-6.0234,-29.6214
Diffusion Model + LLM,-56.1464,13.7808
Diffusion Model + LLM,-31.2102,59.192
Diffusion Model + LLM,-31.4752,26.9293
Diffusion Model + LLM,-48.2175,77.0773
Diffusion Model + LLM,-74.7419,10.4174
Diffusion Model + LLM,-34.5252,-85.1276
Diffusion Model + LLM,-59.9019,-31.9514
Diffusion Model + LLM,-89.871,18.6607
Diffusion Model + LLM,10.5255,-70.1048
Diffusion Model + LLM,-54.0885,76.2176
Diffusion Model + LLM,-20.2583,36.5797
Diffusion Model + LLM,6.8508,-15.8642
Diffusion Model + LLM,-9.7592,-6.2582
Diffusion Model + LLM,-80.3445,26.9949
Diffusion Model + LLM,-44.9451,-11.5266
Diffusion Model + LLM,-5.6153,79.3507
Diffusion Model + LLM,-54.5128,43.0133
Diffusion Model + LLM,-47.1704,82.438
Diffusion Model + LLM,-74.325,-21.905
Diffusion Model + LLM,-84.2976,-7.9586
Diffusion Model + LLM,-27.2829,2.4825
Diffusion Model + LLM,-87.7999,17.0313
Diffusion Model + LLM,-0.913,38.9473
Diffusion Model + LLM,-51.6188,58.9794
Diffusion Model + LLM,-67.4956,8.2249
Diffusion Model + LLM,16.1054,-2.2468
Diffusion Model + LLM,-45.0681,-3.7033
Diffusion Model + LLM,-11.1394,-29.8753
Diffusion Model + LLM,-66.352,44.2265
Diffusion Model + LLM,-61.6543,-38.0684
Diffusion Model + LLM,-42.1854,-62.3531
Diffusion Model + LLM,-61.3025,22.8817
Diffusion Model + LLM,-45.0477,-3.6622
Diffusion Model + LLM,-35.6471,-65.7683
Diffusion Model + LLM,-23.9686,26.8855
Diffusion Model + LLM,-4.7082,7.12
Diffusion Model + LLM,-5.5195,5.1087
Diffusion Model + LLM,4.9849,21.6152
Diffusion Model + LLM,2.6073,10.4458
Diffusion Model + LLM,-52.4665,36.2254
Diffusion Model + LLM,-3.3998,3.4549
Diffusion Model + LLM,-16.7646,58.8643
Diffusion Model + LLM,-44.1583,-62.9351
Diffusion Model + LLM,4.5165,76.9289
Diffusion Model + LLM,-41.7968,-32.1603
Diffusion Model + LLM,-13.8239,73.5085
Diffusion Model + LLM,-31.3296,-7.0398
Diffusion Model + LLM,13.1238,29.8879
Diffusion Model + LLM,-34.1071,54.7371
Diffusion Model + LLM,14.4001,-98.7805
Diffusion Model + LLM,-1.4496,-59.3378
Diffusion Model + LLM,6.647,-56.276
Diffusion Model + LLM,-80.9142,-0.1233
Diffusion Model + LLM,-0.1611,-68.8502
Diffusion Model + LLM,-27.3696,25.7575
Diffusion Model + LLM,18.6758,39.0214
Diffusion Model + LLM,-92.6209,-9.4639
Diffusion Model + LLM,-69.3507,-41.5519
Diffusion Model + LLM,-40.3151,41.8582
Diffusion Model + LLM,-50.2038,-60.7277
Diffusion Model + LLM,9.82,35.2903
Diffusion Model + LLM,-40.016,-6.5802
Diffusion Model + LLM,1.7045,-52.2224
Diffusion Model + LLM,10.1209,-55.2088
Diffusion Model + LLM,-22.0517,-65.3122
Diffusion Model + LLM,8.4803,66.3669
Diffusion Model + LLM,-48.8139,-0.6488
Diffusion Model + LLM,-64.3457,46.1451
Diffusion Model + LLM,-79.7986,56.1576
Diffusion Model + LLM,1.9558,66.6666
Diffusion Model + LLM,-9.6808,57.2693
Diffusion Model + LLM,2.2561,-16.7819
Diffusion Model + LLM,-49.2706,75.3109
Diffusion Model + LLM,19.5647,19.7667
Diffusion Model + LLM,-34.3932,-59.6198
Diffusion Model + LLM,-36.2555,-61.8529
Diffusion Model + LLM,-1.5363,43.028
Diffusion Model + LLM,-47.2191,11.5906
Diffusion Model + LLM,63.8097,-40.7615
Diffusion Model + LLM,-5.9772,-46.9971
Diffusion Model + LLM,-44.258,-81.1889
Diffusion Model + LLM,2.6053,-96.3032
Diffusion Model + LLM,0.0215,12.4627
Diffusion Model + LLM,4.2495,-88.3386
Diffusion Model + LLM,37.0141,11.7013
Diffusion Model + LLM,-56.8386,29.275
Diffusion Model + LLM,-44.176,57.8306
Diffusion Model + LLM,16.5545,-3.1342
Diffusion Model + LLM,-17.9144,20.9628
Diffusion Model + LLM,-29.0527,37.6367
Diffusion Model + LLM,-69.8916,62.8973
Diffusion Model + LLM,-62.5435,-29.1236
Diffusion Model + LLM,12.5986,30.1654
Diffusion Model + LLM,-46.8527,83.5215
Diffusion Model + LLM,-39.8503,-7.92
Diffusion Model + LLM,-34.3093,63.8763
Diffusion Model + LLM,-41.5196,54.4075
Diffusion Model + LLM,-33.2116,46.7449
Diffusion Model + LLM,10.1382,-63.3165
Diffusion Model + LLM,-5.4555,43.5964
Diffusion Model + LLM,-34.1284,34.471
Diffusion Model + LLM,5.3994,24.772
Diffusion Model + LLM,-58.536,77.7821
Diffusion Model + LLM,-14.0151,-90.8491
Diffusion Model + LLM,-47.4145,-9.0734
Diffusion Model + LLM,-4.5086,-44.5136
Diffusion Model + LLM,-22.0521,46.2903
Diffusion Model + LLM,-4.9953,-29.0352
Diffusion Model + LLM,-11.0994,3.456
Diffusion Model + LLM,-34.1746,-2.6126
Diffusion Model + LLM,-48.7973,36.4747
Diffusion Model + LLM,-27.098,-45.5586
Diffusion Model + LLM,-36.8582,-14.2688
Diffusion Model + LLM,-10.7396,1.8571
Diffusion Model + LLM,-58.3894,34.3553
Diffusion Model + LLM,-44.5831,27.3651
Diffusion Model + LLM,-65.7844,-36.8834
Diffusion Model + LLM,-36.5576,67.9199
Diffusion Model + LLM,1.0749,92.3497
Diffusion Model + LLM,13.5072,56.3312
Diffusion Model + LLM,-13.0657,-2.1398
Diffusion Model + LLM,-24.8949,-63.302
Diffusion Model + LLM,16.6897,-14.3309
Diffusion Model + LLM,-95.1417,-2.3984
Diffusion Model + LLM,-0.6799,13.4343
Diffusion Model + LLM,8.4536,-16.7576
Diffusion Model + LLM,3.1498,-21.445
Diffusion Model + LLM,-59.8921,-31.5441
Diffusion Model + LLM,-16.0875,-40.8824
Diffusion Model + LLM,1.1795,44.4395
Diffusion Model + LLM,15.4823,21.7178
Diffusion Model + LLM,-71.6035,28.1723
Diffusion Model + LLM,2.4013,90.0591
Diffusion Model + LLM,-31.2307,-80.1212
Diffusion Model + LLM,-70.5346,-39.4693
Diffusion Model + LLM,-11.7471,-59.0369
Diffusion Model + LLM,-81.5368,-2.4309
Diffusion Model + LLM,-58.3808,82.1486
Diffusion Model + LLM,9.9477,-91.0691
Diffusion Model + LLM,6.308,-8.4036
Diffusion Model + LLM,2.953,45.6781
Diffusion Model + LLM,20.3337,54.9483
Diffusion Model + LLM,-28.7911,-24.2992
Diffusion Model + LLM,-61.2694,18.1416
Diffusion Model + LLM,-46.0201,43.0247
Diffusion Model + LLM,-26.3855,-21.9091
Diffusion Model + LLM,-18.9314,-92.487
Diffusion Model + LLM,-8.9604,39.5746
Diffusion Model + LLM,-6.7206,7.8277
Diffusion Model + LLM,-10.2526,-8.6236
Diffusion Model + LLM,-6.5297,-31.1223
Diffusion Model + LLM,-40.0523,-55.4966
Diffusion Model + LLM,-39.893,-19.5743
Diffusion Model + LLM,11.6455,30.9745
Diffusion Model + LLM,-67.6313,-35.1352
Diffusion Model + LLM,-40.3119,-28.3269
Diffusion Model + LLM,-58.0436,-37.5225
Diffusion Model + LLM,-70.4019,39.0605
Diffusion Model + LLM,-38.3388,85.0178
Diffusion Model + LLM,-36.7213,-67.3069
Diffusion Model + LLM,-71.3988,-29.7271
Diffusion Model + LLM,-72.8097,41.3425
Diffusion Model + LLM,-42.5603,45.5721
Diffusion Model + LLM,-3.8639,55.0906
Diffusion Model + LLM,-35.4344,78.6691
Diffusion Model + LLM,-44.2999,-25.981
Diffusion Model + LLM,-64.3618,59.7127
Diffusion Model + LLM,-90.4384,7.3099
Diffusion Model + LLM,-39.2758,-10.5914
Diffusion Model + LLM,-46.5153,-58.0979
Diffusion Model + LLM,-84.9058,0.1012
Diffusion Model + LLM,-14.0167,-48.2809
Diffusion Model + LLM,-1.3462,-79.3197
Diffusion Model + LLM,8.687,56.8679
Diffusion Model + LLM,-24.0778,51.7215
Diffusion Model + LLM,-14.8465,-52.5583
Diffusion Model + LLM,-29.3122,-74.7359
Diffusion Model + LLM,-71.2766,-0.793
Diffusion Model + LLM,-48.5375,58.0921
Diffusion Model + LLM,-53.8075,-13.1282
Diffusion Model + LLM,19.6351,37.3583
Diffusion Model + LLM,-86.9047,30.0412
Diffusion Model + LLM,-9.3665,51.9672
Diffusion Model + LLM,-56.8701,71.6425
Diffusion Model + LLM,-34.3333,71.3003
Diffusion Model + LLM,-15.8259,2.0801
Diffusion Model + LLM,19.1715,-2.5269
Diffusion Model + LLM,1.2615,77.7317
Diffusion Model + LLM,-49.3806,-33.9821
Diffusion Model + LLM,-60.7335,55.9439
Diffusion Model + LLM,3.8478,-89.8259
Diffusion Model + LLM,-40.4959,20.5053
Diffusion Model + LLM,-17.2222,-69.2786
Diffusion Model + LLM,-68.3775,40.9127
Diffusion Model + LLM,2.0881,-8.8301
Diffusion Model + LLM,-32.4792,35.8081
Diffusion Model + LLM,-11.7802,25.5912
Diffusion Model + LLM,-20.4258,-7.0453
Diffusion Model + LLM,-49.4172,74.8146
Diffusion Model + LLM,-37.7269,59.2204
Diffusion Model + LLM,-9.5957,75.1703
Diffusion Model + LLM,7.5239,66.692
Diffusion Model + LLM,-55.8916,-66.3021
Diffusion Model + LLM,-74.7027,-15.973
Diffusion Model + LLM,-28.0343,-22.6823
Diffusion Model + LLM,16.6328,27.517
Diffusion Model + LLM,-13.1657,62.4772
Diffusion Model + LLM,-25.5846,-75.6993
Diffusion Model + LLM,-19.2982,-8.1562
Diffusion Model + LLM,16.2322,-83.6324
Diffusion Model + LLM,1.3171,-85.817
Diffusion Model + LLM,-20.8562,17.1725
Diffusion Model + LLM,-94.4693,21.9225
Diffusion Model + LLM,-0.9553,-80.1826
Diffusion Model + LLM,1.4251,90.9615
Diffusion Model + LLM,-56.3943,25.8175
Diffusion Model + LLM,-42.7486,-9.0599
Diffusion Model + LLM,19.3632,-81.6924
Diffusion Model + LLM,-28.9751,-24.6176
Diffusion Model + LLM,-44.0487,37.0683
Diffusion Model + LLM,-72.9111,39.5362
Diffusion Model + LLM,-23.0726,-53.358
Diffusion Model + LLM,-33.2197,78.4148
Diffusion Model + LLM,-8.4876,80.3332
Diffusion Model + LLM,8.5623,75.4109
Diffusion Model + LLM,2.518,-29.1058
Diffusion Model + LLM,-23.7593,-77.3716
Diffusion Model + LLM,-19.7674,26.9292
Diffusion Model + LLM,1.5192,-16.9083
Diffusion Model + LLM,-33.3241,-10.8265
Diffusion Model + LLM,1.8607,36.6177
Diffusion Model + LLM,-21.3332,69.395
Diffusion Model + LLM,-39.9852,-5.6797
Diffusion Model + LLM,-23.1765,47.8048
Diffusion Model + LLM,-48.0549,64.1926
Diffusion Model + LLM,15.8922,22.0599
Diffusion Model + LLM,-35.6057,-79.5858
Diffusion Model + LLM,1.9522,42.5901
Diffusion Model + LLM,-34.2039,-59.8697
Diffusion Model + LLM,-41.4121,-4.9504
Diffusion Model + LLM,13.1648,29.6328
Diffusion Model + LLM,-12.3801,16.0185
Diffusion Model + LLM,-29.2386,67.3143
Diffusion Model + LLM,-88.2143,15.5118
Diffusion Model + LLM,-16.0207,0.246
Diffusion Model + LLM,-15.9249,11.8164
Diffusion Model + LLM,-21.107,-75.1006
Diffusion Model + LLM,-64.0832,46.1059
Diffusion Model + LLM,-52.3476,-4.6709
Diffusion Model + LLM,21.2718,-84.5205
Diffusion Model + LLM,21.6112,56.221
Diffusion Model + LLM,-89.5285,31.3079
Diffusion Model + LLM,-32.0227,-6.8814
Diffusion Model + LLM,-47.5577,-74.8797
Diffusion Model + LLM,-15.6224,-22.936
Diffusion Model + LLM,10.9839,66.0584
Diffusion Model + LLM,-13.1879,-19.3921
Diffusion Model + LLM,-51.6323,64.6511
Diffusion Model + LLM,-50.8857,54.6397
Diffusion Model + LLM,-70.1136,59.7763
Diffusion Model + LLM,-65.5922,14.9412
Diffusion Model + LLM,-3.2039,-28.6452
Diffusion Model + LLM,-52.5984,40.2257
Diffusion Model + LLM,-66.5188,37.1349
Diffusion Model + LLM,-18.9159,65.1476
Diffusion Model + LLM,-19.8772,-59.0137
Diffusion Model + LLM,-11.0942,-59.5018
Diffusion Model + LLM,68.8578,-63.2123
Diffusion Model + LLM,-61.0805,16.0515
Diffusion Model + LLM,-74.6905,-5.6361
Diffusion Model + LLM,-23.082,-13.0696
Diffusion Model + LLM,8.7231,-80.4924
Diffusion Model + LLM,-8.91,74.6107
Diffusion Model + LLM,-65.5535,-30.949
Diffusion Model + LLM,-44.4357,-61.551
Diffusion Model + LLM,-6.6228,76.4771
Diffusion Model + LLM,-41.5903,45.5842
Diffusion Model + LLM,-27.5591,-84.74
Diffusion Model + LLM,-41.471,-50.494
Diffusion Model + LLM,-39.4339,-28.6369
Diffusion Model + LLM,-30.4058,-17.039
Diffusion Model + LLM,-48.1997,41.6482
Diffusion Model + LLM,-41.1805,-58.4954
Diffusion Model + LLM,-55.1558,-13.0264
Diffusion Model + LLM,6.0543,48.6529
Diffusion Model + LLM,-17.6139,21.6918
Diffusion Model + LLM,-14.4488,-90.6493
Diffusion Model + LLM,-20.4393,55.7967
Diffusion Model + LLM,-1.7685,-60.0775
Diffusion Model + LLM,-5.5102,5.1287
Diffusion Model + LLM,22.0075,56.3669
Diffusion Model + LLM,-35.368,74.051
Diffusion Model + LLM,0.9126,4.1362
Diffusion Model + LLM,-21.2372,86.9162
Diffusion Model + LLM,0.1197,-18.644
Diffusion Model + LLM,-20.2599,-63.6827
Diffusion Model + LLM,-61.2599,64.6303
Diffusion Model + LLM,-92.5611,35.2305
Diffusion Model + LLM,-7.8848,-61.7781
Diffusion Model + LLM,-18.9547,86.8582
Diffusion Model + LLM,9.3441,-93.1126
Diffusion Model + LLM,-1.9697,7.4612
Diffusion Model + LLM,14.7106,-15.129
Diffusion Model + LLM,-8.7768,42.8126
Diffusion Model + LLM,-34.9508,2.1164
Diffusion Model + LLM,-24.1146,53.2484
Diffusion Model + LLM,5.8429,27.3712
Diffusion Model + LLM,9.0869,16.4604
Diffusion Model + LLM,-29.5147,-44.272
Diffusion Model + LLM,-3.4984,83.4638
Diffusion Model + LLM,-31.3649,-40.7725
Diffusion Model + LLM,-53.0869,81.6816
Diffusion Model + LLM,-32.6699,-82.8029
Diffusion Model + LLM,-72.6779,-14.6392
Diffusion Model + LLM,-25.3981,49.2486
Diffusion Model + LLM,-91.9658,16.1598
Diffusion Model + LLM,7.9077,25.7911
Diffusion Model + LLM,68.2302,3.1324
Diffusion Model + LLM,22.5902,52.7178
Diffusion Model + LLM,-53.0496,20.3229
Diffusion Model + LLM,-28.4546,49.9917
Diffusion Model + LLM,-94.22,22.9538
Diffusion Model + LLM,-50.7237,39.9262
Diffusion Model + LLM,-37.5941,74.5203
Diffusion Model + LLM,6.8526,-58.0713
Diffusion Model + LLM,-94.7672,1.6983
Diffusion Model + LLM,-95.8424,19.1354
Diffusion Model + LLM,-84.1849,56.4954
Diffusion Model + LLM,-20.8843,17.6953
Diffusion Model + LLM,-8.8535,81.6126
Diffusion Model + LLM,-40.9013,-36.6912
Diffusion Model + LLM,15.8016,38.4833
Diffusion Model + LLM,-3.3744,16.6767
Diffusion Model + LLM,36.0912,1.7843
Diffusion Model + LLM,-25.7778,-72.8648
Diffusion Model + LLM,-82.7683,30.5386
Diffusion Model + LLM,15.3585,18.2306
Diffusion Model + LLM,-52.3643,-8.0055
Diffusion Model + LLM,-44.1487,45.3878
Diffusion Model + LLM,-12.4439,-49.6716
Diffusion Model + LLM,-10.0629,-3.3999
Diffusion Model + LLM,-90.7775,30.3761
Diffusion Model + LLM,-54.5351,62.6334
Diffusion Model + LLM,-40.5396,45.7462
Diffusion Model + LLM,-6.2611,37.3274
Diffusion Model + LLM,-5.9541,-25.6731
Diffusion Model + LLM,-18.5603,-8.3359
Diffusion Model + LLM,-17.0539,38.9032
Diffusion Model + LLM,12.0411,-73.3666
Diffusion Model + LLM,-10.8257,53.9903
Diffusion Model + LLM,-63.3217,11.1442
Diffusion Model + LLM,-11.1858,30.3058
Diffusion Model + LLM,-34.9175,-8.1656
Diffusion Model + LLM,-53.84,-16.1992
Diffusion Model + LLM,10.0288,85.7201
Diffusion Model + LLM,-86.7192,0.8422
Diffusion Model + LLM,7.7922,62.5059
Diffusion Model + LLM,-32.1604,14.3245
Diffusion Model + LLM,-9.7486,51.1608
Diffusion Model + LLM,-27.3324,-85.146
Diffusion Model + LLM,13.3538,-98.3827
Diffusion Model + LLM,-45.3337,-0.3957
Diffusion Model + LLM,-0.5409,-46.9398
Diffusion Model + LLM,-45.7538,12.1968
Diffusion Model + LLM,-56.2125,4.1036
Diffusion Model + LLM,-20.3257,15.4056
Diffusion Model + LLM,-32.9405,-19.6329
Diffusion Model + LLM,-13.1915,29.3433
Diffusion Model + LLM,-1.1621,30.4644
Diffusion Model + LLM,-12.8126,-78.725
Diffusion Model + LLM,-89.5255,18.6313
Diffusion Model + LLM,-46.8074,-13.1088
Diffusion Model + LLM,5.1408,-74.4834
Diffusion Model + LLM,-16.1306,10.0977
Diffusion Model + LLM,-22.6788,62.4557
Diffusion Model + LLM,7.9126,45.042
Diffusion Model + LLM,-32.9973,74.996
Diffusion Model + LLM,-20.0195,-7.0347
Diffusion Model + LLM,-56.8975,44.3789
Diffusion Model + LLM,-28.1342,-60.272
Diffusion Model + LLM,-74.973,24.4991
Diffusion Model + LLM,-52.91,-59.0735
Diffusion Model + LLM,-9.443,-67.4546
Diffusion Model + LLM,-22.5551,74.6699
Diffusion Model + LLM,-15.5187,9.8442
Diffusion Model + LLM,-32.7929,30.7006
Diffusion Model + LLM,-25.4322,-10.1376
Diffusion Model + LLM,-37.2311,-69.0987
Diffusion Model + LLM,9.1097,15.6912
Diffusion Model + LLM,-6.4276,-53.3369
Diffusion Model + LLM,-39.7917,71.5412
Diffusion Model + LLM,-61.8447,54.6472
Diffusion Model + LLM,-61.413,12.8552
Diffusion Model + LLM,-39.6412,79.4163
Diffusion Model + LLM,-46.0815,8.8657
Diffusion Model + LLM,20.0789,-3.3046
Diffusion Model + LLM,-52.1716,5.1889
Diffusion Model + LLM,-52.9206,-59.517
Diffusion Model + LLM,-39.034,20.2223
Diffusion Model + LLM,-0.4288,-91.3989
Diffusion Model + LLM,-22.7849,71.5996
Diffusion Model + LLM,-72.5415,0.1257
Diffusion Model + LLM,2.5248,43.4421
Diffusion Model + LLM,-47.2635,-35.1999
Diffusion Model + LLM,15.9867,-83.8401
Diffusion Model + LLM,-22.2472,-57.7778
Diffusion Model + LLM,-57.354,-66.9323
Diffusion Model + LLM,-22.8297,50.0224
Diffusion Model + LLM,-52.2126,53.0041
Diffusion Model + LLM,-5.6211,30.2347
Diffusion Model + LLM,-59.661,38.204
Diffusion Model + LLM,-25.0432,29.2718
Diffusion Model + LLM,13.1185,6.5534
Diffusion Model + LLM,-45.7158,54.3951
Diffusion Model + LLM,18.9905,19.1174
Diffusion Model + LLM,13.9951,35.7524
Diffusion Model + LLM,-21.4625,86.9322
Diffusion Model + LLM,-21.3885,-64.2706
Diffusion Model + LLM,-8.0056,14.5006
Diffusion Model + LLM,-57.5585,76.6477
Diffusion Model + LLM,-12.3717,68.2477
Diffusion Model + LLM,19.2858,5.9486
Diffusion Model + LLM,1.0729,56.524
Diffusion Model + LLM,8.783,-56.4591
Diffusion Model + LLM,-0.4453,-70.1903
Diffusion Model + LLM,-9.4086,75.3097
Diffusion Model + LLM,6.8529,1.2628
Diffusion Model + LLM,-74.7457,10.2278
Diffusion Model + LLM,-17.9951,35.7418
Diffusion Model + LLM,-9.8231,-81.7674
Diffusion Model + LLM,0.8012,-91.5067
Diffusion Model + LLM,-15.906,2.2563
Diffusion Model + LLM,-32.9383,-6.5693
Diffusion Model + LLM,-75.4012,19.4399
Diffusion Model + LLM,-28.9897,-90.6031
Diffusion Model + LLM,-14.7067,-78.8473
Diffusion Model + LLM,-1.3366,-59.6309
Diffusion Model + LLM,9.5119,-92.7767
Diffusion Model + LLM,-19.6195,64.4262
Diffusion Model + LLM,-43.1369,65.9659
Diffusion Model + LLM,4.3875,44.6942
Diffusion Model + LLM,-86.4698,13.6531
Diffusion Model + LLM,-8.0852,-2.8122
Diffusion Model + LLM,-8.7725,-78.7033
Diffusion Model + LLM,-85.7722,-7.6627
Diffusion Model + LLM,-48.2377,75.321
Diffusion Model + LLM,-10.736,-1.472
Diffusion Model + LLM,-43.6789,53.3634
Diffusion Model + LLM,-21.9688,27.5432
Diffusion Model + LLM,-46.4587,7.4427
Diffusion Model + LLM,-46.065,77.8999
Diffusion Model + LLM,-9.3778,10.1372
Diffusion Model + LLM,16.6155,1.4027
Diffusion Model + LLM,-70.2147,-7.313
Diffusion Model + LLM,-31.4887,-57.1171
Diffusion Model + LLM,-42.0199,44.8353
Diffusion Model + LLM,-37.225,81.5335
Diffusion Model + LLM,-43.1226,-80.2066
Diffusion Model + LLM,-19.8149,-6.638
Diffusion Model + LLM,-20.7165,7.6084
Diffusion Model + LLM,-63.4587,-40.3965
Diffusion Model + LLM,-1.9376,-51.9002
Diffusion Model + LLM,-74.0386,6.5217
Diffusion Model + LLM,-8.3508,-56.0941
Diffusion Model + LLM,-4.2701,5.2451
Diffusion Model + LLM,11.1416,46.2075
Diffusion Model + LLM,3.3004,-96.8003
Diffusion Model + LLM,-32.7838,-7.7442
Diffusion Model + LLM,8.5314,-26.9947
Diffusion Model + LLM,-8.5726,-30.919
Diffusion Model + LLM,12.7558,17.7314
Diffusion Model + LLM,-7.8781,69.9898
Diffusion Model + LLM,-71.8407,-16.1314
Diffusion Model + LLM,-1.3108,-9.6375
Diffusion Model + LLM,-33.2903,64.8229
Diffusion Model + LLM,2.4485,-88.9033
Diffusion Model + LLM,-58.1682,69.8277
Diffusion Model + LLM,-9.8446,-9.4087
Diffusion Model + LLM,7.1864,-80.6865
Diffusion Model + LLM,-58.1299,32.7857
Diffusion Model + LLM,-3.1354,-1.8457
Diffusion Model + LLM,-35.2538,-62.9553
Diffusion Model + LLM,2.3896,-5.0255
Diffusion Model + LLM,-38.3172,-86.0687
Diffusion Model + LLM,2.8483,36.1565
Diffusion Model + LLM,-84.0717,12.0811
Diffusion Model + LLM,7.4234,31.082
Diffusion Model + LLM,-24.1968,-14.7688
Diffusion Model + LLM,-0.5633,-29.7258
Diffusion Model + LLM,3.1019,88.4961
Diffusion Model + LLM,-26.3902,2.6129
Diffusion Model + LLM,-85.5655,9.1321
Diffusion Model + LLM,-13.5942,50.6226
Diffusion Model + LLM,-19.6525,-40.9688
Diffusion Model + LLM,3.9826,-93.9105
Diffusion Model + LLM,4.5003,-45.2317
Diffusion Model + LLM,-96.9549,-1.3861
Diffusion Model + LLM,-81.7612,54.3772
Diffusion Model + LLM,-86.8295,12.9493
Diffusion Model + LLM,-0.6463,-10.7675
Diffusion Model + LLM,-26.6099,16.0511
Diffusion Model + LLM,-19.9772,37.3934
Diffusion Model + LLM,-5.6323,60.9535
Diffusion Model + LLM,-84.5426,1.7263
Diffusion Model + LLM,3.1314,-21.3921
Diffusion Model + LLM,-45.9938,75.4226
Diffusion Model + LLM,-75.3982,24.2516
Diffusion Model + LLM,-82.8675,16.6614
Diffusion Model + LLM,-46.4543,65.9788
Diffusion Model + LLM,-25.8491,71.9485
Diffusion Model + LLM,16.9744,47.8142
Diffusion Model + LLM,-9.7272,-17.5335
Diffusion Model + LLM,-32.4938,-87.6584
Diffusion Model + LLM,-93.9419,-3.726
Diffusion Model + LLM,-36.6083,60.997
Diffusion Model + LLM,-5.6473,-52.5909
Diffusion Model + LLM,-54.675,-7.2985
Diffusion Model + LLM,-3.5357,0.1825
Diffusion Model + LLM,1.4662,-20.2099
Diffusion Model + LLM,-83.3919,40.3161
Diffusion Model + LLM,6.025,-89.2298
Diffusion Model + LLM,-82.6562,57.1393
Diffusion Model + LLM,-89.2792,6.0748
Diffusion Model + LLM,-8.4934,66.4997
Diffusion Model + LLM,-5.7395,53.1172
Diffusion Model + LLM,2.2761,89.8919
Diffusion Model + LLM,-27.8285,-88.286
Diffusion Model + LLM,-42.1666,-29.5231
Diffusion Model + LLM,28.3806,-77.7925
Diffusion Model + LLM,-49.3053,-20.5824
Diffusion Model + LLM,3.9744,76.3001
Diffusion Model + LLM,19.4675,36.4769
Diffusion Model + LLM,-66.4895,-38.5334
Diffusion Model + LLM,-84.0764,41.292
Diffusion Model + LLM,-43.2945,29.4404
Diffusion Model + LLM,8.7,-17.45
Diffusion Model + LLM,1.9853,-47.8712
Diffusion Model + LLM,2.2891,-3.6419
Diffusion Model + LLM,-74.6442,-36.8894
Diffusion Model + LLM,7.9831,-91.9551
Diffusion Model + LLM,-67.4776,53.9094
Diffusion Model + LLM,-89.9446,26.7978
Diffusion Model + LLM,-25.2417,64.4022
Diffusion Model + LLM,23.6171,56.245
Diffusion Model + LLM,-50.3145,11.0356
Diffusion Model + LLM,-49.727,-20.1635
Diffusion Model + LLM,-31.2483,29.3281
Diffusion Model + LLM,-66.3706,36.1885
Diffusion Model + LLM,-2.3797,36.5875
Diffusion Model + LLM,-61.5217,-38.7123
Diffusion Model + LLM,-84.7895,-0.2182
Diffusion Model + LLM,-47.1764,-34.2212
Diffusion Model + LLM,6.6899,-1.7305
Diffusion Model + LLM,-44.23,43.2959
Diffusion Model + LLM,8.1709,66.795
Diffusion Model + LLM,-69.3421,-36.6544
Diffusion Model + LLM,-29.1619,24.1947
Diffusion Model + LLM,20.7074,-83.1069
Diffusion Model + LLM,-67.9474,3.102
Diffusion Model + LLM,-75.4967,35.4768
Diffusion Model + LLM,-52.5889,-20.1153
Diffusion Model + LLM,-27.8839,68.1424
Diffusion Model + LLM,-97.605,-0.8599
Diffusion Model + LLM,-19.387,-43.8666
Diffusion Model + LLM,-22.7956,69.6456
Diffusion Model + LLM,-25.6288,33.2508
Diffusion Model + LLM,-77.4309,-12.2155
Diffusion Model + LLM,-30.7159,-90.0373
Diffusion Model + LLM,-55.5765,44.45
Diffusion Model + LLM,-91.9701,31.376
Diffusion Model + LLM,-7.0184,-65.5817
Diffusion Model + LLM,12.5034,17.4439
Diffusion Model + LLM,-64.8214,51.829
Diffusion Model + LLM,3.5106,-81.7185
Diffusion Model + LLM,-20.2268,-53.079
Diffusion Model + LLM,-51.4621,32.5797
Diffusion Model + LLM,-84.464,2.1575
Diffusion Model + LLM,12.9385,29.0361
Diffusion Model + LLM,0.0578,77.2183
Diffusion Model + LLM,-27.7341,-2.4813
Diffusion Model + LLM,-65.9425,58.9458
Diffusion Model + LLM,15.9132,21.0643
Diffusion Model + LLM,-31.6222,-18.0097
Diffusion Model + LLM,-64.9433,-14.6783
Diffusion Model + LLM,-14.5984,-50.2844
Diffusion Model + LLM,-36.8908,30.233
Diffusion Model + LLM,-29.3406,-5.9153
Diffusion Model + LLM,-90.8937,-6.6176
Diffusion Model + LLM,-85.8678,8.6717
Diffusion Model + LLM,-23.0011,-74.5299
Diffusion Model + LLM,9.7709,34.5008
Diffusion Model + LLM,-6.1528,-31.3814
Diffusion Model + LLM,-12.0784,31.9156
Diffusion Model + LLM,-43.1814,-80.0278
Diffusion Model + LLM,-62.8352,-5.406
Diffusion Model + LLM,-33.1582,-14.9298
Diffusion Model + LLM,-41.5806,36.7002
Diffusion Model + LLM,-47.9102,-78.5143
Diffusion Model + LLM,-80.6611,-3.296
Diffusion Model + LLM,-79.7288,56.896
Diffusion Model + LLM,-87.967,-0.3706
Diffusion Model + LLM,-11.6257,-53.9819
Diffusion Model + LLM,-12.7924,-84.7619
Diffusion Model + LLM,-62.9866,55.1666
Diffusion Model + LLM,-14.8477,-70.2593
Diffusion Model + LLM,-27.971,-42.282
Diffusion Model + LLM,8.8418,74.4983
Diffusion Model + LLM,-18.8073,-57.6364
Diffusion Model + LLM,-2.4426,-15.7086
Diffusion Model + LLM,12.5398,-91.4732
Diffusion Model + LLM,-51.5261,37.7776
Diffusion Model + LLM,-53.2722,72.5776
Diffusion Model + LLM,-30.5353,85.3693
Diffusion Model + LLM,-47.2204,-35.2263
Diffusion Model + LLM,8.673,56.9792
Diffusion Model + LLM,-54.8417,-73.5119
Diffusion Model + LLM,-34.8087,17.3125
Diffusion Model + LLM,-2.0838,-40.3444
Diffusion Model + LLM,-1.6653,9.4893
Diffusion Model + LLM,-22.2822,-58.3672
Diffusion Model + LLM,23.4861,20.4763
Diffusion Model + LLM,-50.6726,78.5608
Diffusion Model + LLM,-95.8997,18.6955
Diffusion Model + LLM,-69.8074,-35.1566
Diffusion Model + LLM,-82.5788,3.4074
Diffusion Model + LLM,-3.3243,-51.0504
Diffusion Model + LLM,-3.0408,-64.6684
Diffusion Model + LLM,-68.7115,39.1541
Diffusion Model + LLM,-71.2391,3.0063
Diffusion Model + LLM,-51.4154,-16.8401
Diffusion Model + LLM,-3.8575,-64.4436
Diffusion Model + LLM,0.7929,-8.7007
Diffusion Model + LLM,-89.2371,26.1794
Diffusion Model + LLM,-96.4425,26.0095
Diffusion Model + LLM,-66.4102,70.5514
Diffusion Model + LLM,19.5459,36.4869
Diffusion Model + LLM,19.1051,1.9799
Diffusion Model + LLM,2.821,91.1953
Diffusion Model + LLM,-28.023,23.4964
Diffusion Model + LLM,-24.0786,51.3145
Diffusion Model + LLM,-21.5364,-42.8231
Diffusion Model + LLM,-26.3036,80.5581
Diffusion Model + LLM,-34.8404,14.387
Diffusion Model + LLM,-72.6276,-2.806
Diffusion Model + LLM,-6.6587,80.3308
Diffusion Model + LLM,-5.9745,47.3415
Diffusion Model + LLM,0.2869,51.7926
Diffusion Model + LLM,15.225,5.0136
Diffusion Model + LLM,-5.2049,-56.3391
Diffusion Model + LLM,-8.511,-55.9202
Diffusion Model + LLM,-20.969,-57.944
Diffusion Model + LLM,-62.0662,13.2276
Diffusion Model + LLM,-28.164,-53.2772
Diffusion Model + LLM,-68.6668,10.9984
Diffusion Model + LLM,-41.6744,-3.3099
Diffusion Model + LLM,2.3993,67.4646
Diffusion Model + LLM,-17.2984,14.246
Diffusion Model + LLM,18.5544,19.1359
Diffusion Model + LLM,-26.7968,42.9614
Diffusion Model + LLM,-30.852,-90.2563
Diffusion Model + LLM,5.7735,44.4409
Diffusion Model + LLM,-9.202,38.99
Diffusion Model + LLM,-1.3545,-9.4956
Diffusion Model + LLM,-71.5208,-41.1423
Diffusion Model + LLM,3.0451,-29.0564
Diffusion Model + LLM,-46.5494,32.7248
Diffusion Model + LLM,-31.9179,52.8474
Diffusion Model + LLM,-5.8898,-10.7303
Diffusion Model + LLM,-46.5612,-58.9682
Diffusion Model + LLM,-10.5027,34.0547
Diffusion Model + LLM,-8.5721,62.075
Diffusion Model + LLM,-92.4453,17.6743
Diffusion Model + LLM,0.7922,-44.1406
Diffusion Model + LLM,-29.8016,-55.4061
Diffusion Model + LLM,-66.0778,70.681
Diffusion Model + LLM,-59.4817,81.4006
Diffusion Model + LLM,-28.4033,67.427
Diffusion Model + LLM,-24.0902,32.689
Diffusion Model + LLM,-64.6256,38.6857
Diffusion Model + LLM,-2.5652,-71.8899
Diffusion Model + LLM,-88.591,30.7029
Diffusion Model + LLM,-26.2406,73.7296
Diffusion Model + LLM,-36.6301,-53.1927
Diffusion Model + LLM,-53.4586,-67.1491
Diffusion Model + LLM,-42.1827,-54.9485
Diffusion Model + LLM,-10.9717,-59.5042
Diffusion Model + LLM,-31.6281,53.8539
Diffusion Model + LLM,-78.6039,34.7385
Diffusion Model + LLM,8.6235,-84.0475
Diffusion Model + LLM,-29.0397,-7.0406
Diffusion Model + LLM,-92.7882,-3.6381
Diffusion Model + LLM,-14.2977,52.8779
Diffusion Model + LLM,-36.6569,14.844
Diffusion Model + LLM,-72.6103,2.2715
Diffusion Model + LLM,-42.8772,25.0878
Diffusion Model + LLM,-53.0282,79.3635
Diffusion Model + LLM,-3.7392,-96.5267
Diffusion Model + LLM,-43.7913,-58.5343
Diffusion Model + LLM,-70.5983,-4.6801
Diffusion Model + LLM,6.8503,-18.1447
Diffusion Model + LLM,-48.3914,35.9392
Diffusion Model + LLM,-9.4649,42.9173
Diffusion Model + LLM,-0.462,-29.5899
Diffusion Model + LLM,-20.8818,-44.6069
Diffusion Model + LLM,6.4574,44.6139
Diffusion Model + LLM,-6.5022,76.4041
Diffusion Model + LLM,-78.1465,28.0301
Diffusion Model + LLM,-69.4428,-38.878
Diffusion Model + LLM,-74.2278,0.7868
Diffusion Model + LLM,5.0773,46.3064
Diffusion Model + LLM,10.0487,21.9296
Diffusion Model + LLM,-52.1372,6.9114
Diffusion Model + LLM,7.2759,-98.095
Diffusion Model + LLM,-18.8896,56.4247
Diffusion Model + LLM,-31.5527,-51.1391
Diffusion Model + LLM,-8.9,22.2481
Diffusion Model + LLM,-0.5634,-91.0216
Diffusion Model + LLM,-45.6716,-12.1658
Diffusion Model + LLM,5.4515,54.4817
Diffusion Model + LLM,-88.8804,-1.6611
Diffusion Model + LLM,-47.1202,-78.4636
Diffusion Model + LLM,-27.9944,68.9468
Diffusion Model + LLM,-43.8391,58.7787
Diffusion Model + LLM,-94.369,3.4378
Diffusion Model + LLM,-42.9823,34.1174
Diffusion Model + LLM,-7.9296,43.0063
Diffusion Model + LLM,-44.2332,45.3547
Diffusion Model + LLM,-71.086,61.7355
Diffusion Model + LLM,-20.1337,-54.5204
Diffusion Model + LLM,-70.6754,63.3643
Diffusion Model + LLM,-16.2875,-19.4391
Diffusion Model + LLM,13.1561,-72.0433
Diffusion Model + LLM,-11.2394,-15.6649
Diffusion Model + LLM,-23.2958,-59.7192
Diffusion Model + LLM,-40.6809,-26.8374
Diffusion Model + LLM,20.0296,-96.0599
Diffusion Model + LLM,-25.7297,-93.5346
Diffusion Model + LLM,17.364,-5.8714
Diffusion Model + LLM,-19.7814,-77.4599
Diffusion Model + LLM,-10.7033,39.8544
Diffusion Model + LLM,-27.0719,44.0971
Diffusion Model + LLM,14.2203,25.2984
Diffusion Model + LLM,-60.2331,17.9673
Diffusion Model + LLM,-34.0411,-17.4538
Diffusion Model + LLM,-27.6316,-7.8751
Diffusion Model + LLM,-3.8409,83.1353
Diffusion Model + LLM,-66.9935,9.2344
Diffusion Model + LLM,-82.6866,57.0851
Diffusion Model + LLM,-92.8461,27.7417
Diffusion Model + LLM,-5.9515,47.3587
Diffusion Model + LLM,11.9221,8.51
Diffusion Model + LLM,-59.2528,61.1456
Diffusion Model + LLM,-29.7383,-72.8704
Diffusion Model + LLM,-1.9917,29.6773
Diffusion Model + LLM,5.3559,3.4166
Diffusion Model + LLM,-42.5225,-14.177
Diffusion Model + LLM,15.6344,6.0993
Diffusion Model + LLM,-33.6684,-52.2283
Diffusion Model + LLM,-15.6543,-58.748
Diffusion Model + LLM,8.6831,27.4355
Diffusion Model + LLM,19.727,-86.6598
Diffusion Model + LLM,-14.56,-24.8332
Diffusion Model + LLM,13.6286,14.1131
Diffusion Model + LLM,-28.5722,-49.2596
Diffusion Model + LLM,-7.9225,-21.8578
Diffusion Model + LLM,6.1361,-77.2315
Diffusion Model + LLM,7.6026,-19.1475
Diffusion Model + LLM,-82.7115,6.7488
Diffusion Model + LLM,-15.2849,-78.6652
Diffusion Model + LLM,-9.2913,-78.7135
Diffusion Model + LLM,-11.2182,-1.2618
Diffusion Model + LLM,-93.3036,24.5897
Diffusion Model + LLM,-44.4005,53.6237
Diffusion Model + LLM,-54.9398,-12.7974
Diffusion Model + LLM,-33.4611,-17.6082
Diffusion Model + LLM,7.1356,10.0323
Diffusion Model + LLM,3.07,20.7584
Diffusion Model + LLM,-46.0993,-37.9595
Diffusion Model + LLM,-62.7797,-28.5572
Diffusion Model + LLM,-72.9378,35.4143
Diffusion Model + LLM,-28.9346,-92.4611
Diffusion Model + LLM,-9.5869,-9.0946
Diffusion Model + LLM,-41.3817,72.1983
Diffusion Model + LLM,-18.154,36.2227
Diffusion Model + LLM,-44.7256,53.5837
Diffusion Model + LLM,-54.6322,60.4503
Diffusion Model + LLM,-50.9064,74.1877
Diffusion Model + LLM,-35.154,-22.2032
Diffusion Model + LLM,9.1336,18.9963
Diffusion Model + LLM,4.1558,-48.1588
Diffusion Model + LLM,-59.7566,9.2989
Diffusion Model + LLM,-44.623,-55.3102
Diffusion Model + LLM,-50.5612,20.8847
Diffusion Model + LLM,-8.3735,-62.6487
Diffusion Model + LLM,-16.8494,-59.8335
Diffusion Model + LLM,-41.948,2.6084
Diffusion Model + LLM,-31.0624,0.7267
Diffusion Model + LLM,-4.9471,-1.5384
Diffusion Model + LLM,0.8204,25.8274
Diffusion Model + LLM,-19.2335,-48.7584
Diffusion Model + LLM,-69.4268,-15.1683
Diffusion Model + LLM,-88.2297,-1.1767
Diffusion Model + LLM,-62.4313,60.6383
Diffusion Model + LLM,-65.3069,73.4278
Diffusion Model + LLM,-36.6475,87.5784
Diffusion Model + LLM,-39.2555,-66.4871
Diffusion Model + LLM,-58.8386,-32.5484
Diffusion Model + LLM,-5.3423,18.6544
Diffusion Model + LLM,-50.1786,62.483
Diffusion Model + LLM,-91.9061,31.2194
Diffusion Model + LLM,-38.9033,73.1843
Diffusion Model + LLM,-29.3008,66.4375
Diffusion Model + LLM,-74.52,7.1446
Diffusion Model + LLM,-78.9615,-5.9085
Diffusion Model + LLM,-5.7384,69.8782
Diffusion Model + LLM,15.0577,9.2603
Diffusion Model + LLM,-91.0909,0.6982
Diffusion Model + LLM,-26.2942,34.3056
Diffusion Model + LLM,11.5173,63.8267
Diffusion Model + LLM,-66.0831,13.5275
Diffusion Model + LLM,-43.0529,-53.0357
Diffusion Model + LLM,-0.8843,-8.1066
Diffusion Model + LLM,-8.5626,75.2441
Diffusion Model + LLM,-39.9295,71.5488
Diffusion Model + LLM,-38.0987,85.0615
Diffusion Model + LLM,-72.8685,-35.8507
Diffusion Model + LLM,-32.6688,-22.5763
Diffusion Model + LLM,-16.0579,24.1303
Diffusion Model + LLM,-62.9775,3.1591
Diffusion Model + LLM,-53.0053,-59.9276
Diffusion Model + LLM,-18.2296,56.4863
Diffusion Model + LLM,17.6554,28.279
Diffusion Model + LLM,-35.7788,65.24
Diffusion Model + LLM,16.0976,49.6148
Diffusion Model + LLM,-38.3422,39.6455
Diffusion Model + LLM,-78.3705,19.2827
Diffusion Model + LLM,-35.2059,68.0962
Diffusion Model + LLM,-4.9073,-16.3281
Diffusion Model + LLM,-9.0765,76.5401
Diffusion Model + LLM,-89.8292,-7.3299
Diffusion Model + LLM,-0.9977,90.7206
Diffusion Model + LLM,-5.5602,-22.873
Diffusion Model + LLM,-33.0837,26.8011
Diffusion Model + LLM,-20.5554,5.5738
Diffusion Model + LLM,11.7401,-92.2113
Diffusion Model + LLM,-43.1137,-80.209
Diffusion Model + LLM,-12.7463,-14.5252
Diffusion Model + LLM,-83.0918,39.0913
Diffusion Model + LLM,3.4696,-6.5957
Diffusion Model + LLM,-22.6813,70.3708
Diffusion Model + LLM,-17.1227,53.5984
Diffusion Model + LLM,-76.6124,30.7481
Diffusion Model + LLM,-35.2624,89.2356
Diffusion Model + LLM,-33.2032,78.4271
Diffusion Model + LLM,5.3088,-92.399
Diffusion Model + LLM,-70.5685,42.2216
Diffusion Model + LLM,-54.6306,37.1638
Diffusion Model + LLM,-11.8988,12.7849
Diffusion Model + LLM,-5.125,-41.098
Diffusion Model + LLM,-34.3302,-85.2494
Diffusion Model + LLM,11.8403,41.8933
Diffusion Model + LLM,-48.7416,35.9542
Diffusion Model + LLM,-49.7552,-64.2134
Diffusion Model + LLM,-25.3401,15.057
Diffusion Model + LLM,5.6816,-17.2827
Diffusion Model + LLM,22.4285,56.1136
Diffusion Model + LLM,-75.4427,-21.9868
Diffusion Model + LLM,-93.332,29.6253
Diffusion Model + LLM,18.5014,47.1892
Diffusion Model + LLM,-36.5668,81.4135
Diffusion Model + LLM,-5.7302,19.9716
Diffusion Model + LLM,-64.3243,-34.7836
Diffusion Model + LLM,-47.3117,85.6397
Diffusion Model + LLM,-57.7737,44.2679
Diffusion Model + LLM,2.6836,3.5895
Diffusion Model + LLM,-27.65,60.6291
Diffusion Model + LLM,-95.5334,18.6056
Diffusion Model + LLM,-46.3963,10.0844
Diffusion Model + LLM,-34.7039,60.7278
Diffusion Model + LLM,-56.6637,29.73
Diffusion Model + LLM,-6.5729,35.3622
Diffusion Model + LLM,6.0552,-89.6959
Diffusion Model + LLM,-23.9561,51.2231
Diffusion Model + LLM,12.4801,31.8411
Diffusion Model + LLM,10.4669,8.0581
Diffusion Model + LLM,-8.3106,-1.3131
Diffusion Model + LLM,-25.3338,31.2267
Diffusion Model + LLM,-34.2112,1.1637
Diffusion Model + LLM,13.4322,10.7058
Diffusion Model + LLM,-46.3961,77.9437
Diffusion Model + LLM,-61.3925,-4.8668
Diffusion Model + LLM,-37.6442,72.7659
Diffusion Model + LLM,2.2723,-5.9595
Diffusion Model + LLM,5.3837,-90.6435
Diffusion Model + LLM,-33.2172,-11.2877
Diffusion Model + LLM,-0.3709,-24.4231
Diffusion Model + LLM,-7.9621,-61.822
Diffusion Model + LLM,12.0643,16.782
Diffusion Model + LLM,-32.34,-56.948
Diffusion Model + LLM,-16.9591,27.8906
Diffusion Model + LLM,-22.7072,46.0591
Diffusion Model + LLM,-47.627,58.2644
Diffusion Model + LLM,-5.967,19.6154
Diffusion Model + LLM,-48.9716,-6.3459
Diffusion Model + LLM,-17.8206,-91.1875
Diffusion Model + LLM,-96.5209,26.3206
Diffusion Model + LLM,2.7194,-29.49
Diffusion Model + LLM,-45.9854,75.4043
Diffusion Model + LLM,-42.3696,-52.4582
Diffusion Model + LLM,1.477,43.8672
Diffusion Model + LLM,-6.1988,-18.6928
Diffusion Model + LLM,-63.2016,30.5932
Diffusion Model + LLM,-38.6416,58.5056
Diffusion Model + LLM,-28.614,-11.7106
Diffusion Model + LLM,-68.9539,-31.7255
Diffusion Model + LLM,-24.6342,18.0602
Diffusion Model + LLM,18.0677,59.6561
Diffusion Model + LLM,10.6377,-75.9944
Diffusion Model + LLM,-15.7098,47.8194
Diffusion Model + LLM,-38.4688,2.9422
Diffusion Model + LLM,-16.4974,-68.1475
Diffusion Model + LLM,20.3486,4.017
Diffusion Model + LLM,-11.3314,48.9954
Diffusion Model + LLM,-34.6356,90.755
Diffusion Model + LLM,6.7682,78.5673
Diffusion Model + LLM,-27.193,55.8985
Diffusion Model + LLM,-9.871,61.7906
Diffusion Model + LLM,-78.5755,56.8783
Diffusion Model + LLM,-8.2809,-7.5896
Diffusion Model + LLM,-47.4881,-15.5555
Diffusion Model + LLM,2.7155,87.9135
Diffusion Model + LLM,11.1903,5.0392
Diffusion Model + LLM,16.3065,29.4514
Diffusion Model + LLM,-38.9219,8.3589
Diffusion Model + LLM,-15.8297,86.5247
Diffusion Model + LLM,-46.8788,-37.2903
Diffusion Model + LLM,-6.2118,29.0101
Diffusion Model + LLM,-79.817,11.2907
Diffusion Model + LLM,-21.4628,12.2598
Diffusion Model + LLM,-29.9652,-22.7986
Diffusion Model + LLM,-19.7675,-56.533
Diffusion Model + LLM,8.9133,-27.2656
Diffusion Model + LLM,-8.3551,39.9506
Diffusion Model + LLM,-1.2493,42.8324
Diffusion Model + LLM,-9.6297,11.5427
Diffusion Model + LLM,6.1299,34.3411
Diffusion Model + LLM,-14.2888,31.8046
Diffusion Model + LLM,-63.928,-36.6266
Diffusion Model + LLM,-30.4363,-23.2385
Diffusion Model + LLM,-26.3266,-22.3807
Diffusion Model + LLM,6.7913,54.3463
Diffusion Model + LLM,-28.0609,72.6207
Diffusion Model + LLM,-10.6029,39.8571
Diffusion Model + LLM,-32.0996,21.1794
Diffusion Model + LLM,-40.0822,-53.1884
Diffusion Model + LLM,-36.9187,14.2886
Diffusion Model + LLM,-9.7974,48.1605
Diffusion Model + LLM,-67.4083,3.7164
Diffusion Model + LLM,4.7715,76.2423
Diffusion Model + LLM,-54.7761,-8.586
Diffusion Model + LLM,-3.8991,0.8289
Diffusion Model + LLM,-27.8945,-93.7154
Diffusion Model + LLM,-39.5558,37.6822
Diffusion Model + LLM,-24.6228,1.0434
Diffusion Model + LLM,-14.4618,-20.0335
Diffusion Model + LLM,19.595,14.1608
Diffusion Model + LLM,-40.4686,-67.167
Diffusion Model + LLM,-19.7847,-77.9304
Diffusion Model + LLM,-89.3304,-0.4715
Diffusion Model + LLM,-29.2709,-42.358
Diffusion Model + LLM,-29.7953,29.9961
Diffusion Model + LLM,-87.4553,-1.7589
Diffusion Model + LLM,-10.7615,1.9139
Diffusion Model + LLM,-20.7684,-46.7388
Diffusion Model + LLM,-20.5847,7.4665
Diffusion Model + LLM,-21.5002,5.0091
Diffusion Model + LLM,-49.2043,24.0839
Diffusion Model + LLM,-43.5598,-25.7922
Diffusion Model + LLM,-11.1374,83.3908
Diffusion Model + LLM,-59.0132,77.1037
Diffusion Model + LLM,-36.1936,12.7349
Diffusion Model + LLM,5.1871,-97.3313
Diffusion Model + LLM,-16.2945,-21.5857
Diffusion Model + LLM,4.0684,22.1037
Diffusion Model + LLM,-32.638,-23.0125
Diffusion Model + LLM,-53.9411,81.401
Diffusion Model + LLM,-35.9529,-72.3798
Diffusion Model + LLM,-34.0757,66.7595
Diffusion Model + LLM,-40.4737,-62.0547
Diffusion Model + LLM,-19.871,-91.7121
Diffusion Model + LLM,0.5323,-8.1699
Diffusion Model + LLM,-35.2583,66.1332
Diffusion Model + LLM,6.5268,-73.821
Diffusion Model + LLM,-5.5207,-93.8358
Diffusion Model + LLM,-27.4173,61.6382
Diffusion Model + LLM,-34.2654,-10.4704
Diffusion Model + LLM,-51.2237,38.2651
Diffusion Model + LLM,-68.7301,2.4384
Diffusion Model + LLM,22.6944,-64.6136
Diffusion Model + LLM,20.2345,-84.064
Diffusion Model + LLM,-20.718,35.0203
Diffusion Model + LLM,-29.8382,-21.1524
Diffusion Model + LLM,-35.1066,11.8376
Diffusion Model + LLM,-19.9319,26.4187
Diffusion Model + LLM,12.5259,-91.5305
Diffusion Model + LLM,-67.6406,53.2537
Diffusion Model + LLM,-53.4064,-8.6509
Diffusion Model + LLM,-15.0384,-18.0164
Diffusion Model + LLM,-75.158,6.8925
Diffusion Model + LLM,-34.248,-5.9008
Diffusion Model + LLM,-20.6467,7.4333
Diffusion Model + LLM,6.1746,-27.3263
Diffusion Model + LLM,-22.6889,-28.7235
Diffusion Model + LLM,-19.5768,-92.9433
Diffusion Model + LLM,-1.4449,-30.0822
Diffusion Model + LLM,-36.7333,25.8769
Diffusion Model + LLM,-1.5313,-46.6118
Diffusion Model + LLM,-1.8128,79.6179
Diffusion Model + LLM,-34.36,64.2388
Diffusion Model + LLM,-11.6024,54.0014
Diffusion Model + LLM,-22.3922,-57.846
Diffusion Model + LLM,-52.4417,-9.4078
Diffusion Model + LLM,-87.7725,29.873
Diffusion Model + LLM,3.5457,65.4609
Diffusion Model + LLM,-56.4503,44.9189
Diffusion Model + LLM,15.2918,27.9363
Diffusion Model + LLM,-14.5047,61.73
Diffusion Model + LLM,-27.4393,66.9771
Diffusion Model + LLM,6.8167,-56.3974
Diffusion Model + LLM,-75.4808,-15.4921
Diffusion Model + LLM,-86.3008,35.2773
Diffusion Model + LLM,-66.6685,18.2783
Diffusion Model + LLM,-51.381,27.7404
Diffusion Model + LLM,6.0242,69.2398
Diffusion Model + LLM,-75.4717,35.0987
Diffusion Model + LLM,-64.8809,43.4198
Diffusion Model + LLM,-13.574,62.7494
Diffusion Model + LLM,-67.7957,-39.7757
Diffusion Model + LLM,20.7202,-86.837
Diffusion Model + LLM,13.6712,28.3608
Diffusion Model + LLM,0.1399,-43.8728
Diffusion Model + LLM,-56.8916,78.1693
Diffusion Model + LLM,-71.9682,0.4115
Diffusion Model + LLM,-51.0041,-10.6695
Diffusion Model + LLM,22.3225,-84.6558
Diffusion Model + LLM,-25.8744,88.5548
Diffusion Model + LLM,12.693,28.8048
Diffusion Model + LLM,-70.0188,0.2957
Diffusion Model + LLM,-86.3866,-7.5791
Diffusion Model + LLM,-31.0037,16.6456
Diffusion Model + LLM,-5.9266,26.9897
Diffusion Model + LLM,-21.2779,47.1927
Diffusion Model + LLM,-59.9044,57.2227
Diffusion Model + LLM,-39.4997,0.3792
Diffusion Model + LLM,3.4689,87.4417
Diffusion Model + LLM,-13.7296,-63.2419
Diffusion Model + LLM,-76.308,40.9482
Diffusion Model + LLM,-7.6093,19.7826
Diffusion Model + LLM,-44.119,-12.6825
Diffusion Model + LLM,-14.356,-0.4898
Diffusion Model + LLM,-32.8822,-21.8989
Diffusion Model + LLM,2.0521,-43.1004
Diffusion Model + LLM,-25.0503,64.2372
Diffusion Model + LLM,-14.2831,54.0156
Diffusion Model + LLM,-77.2128,-17.7083
Diffusion Model + LLM,-23.7789,15.8188
Diffusion Model + LLM,-6.3519,19.2425
Diffusion Model + LLM,-40.8801,84.3395
Diffusion Model + LLM,-0.7619,-41.5795
Diffusion Model + LLM,-25.9614,46.0206
Diffusion Model + LLM,-33.3278,-88.4294
Diffusion Model + LLM,-57.0221,17.6864
Diffusion Model + LLM,-5.6645,54.3629
Diffusion Model + LLM,-12.2629,-54.3534
Diffusion Model + LLM,-69.6726,-37.3221
Diffusion Model + LLM,-28.1045,57.0317
Diffusion Model + LLM,-14.0039,38.9717
Diffusion Model + LLM,-38.8659,3.6578
Diffusion Model + LLM,-23.9665,52.0079
Diffusion Model + LLM,-4.8812,-31.4494
Diffusion Model + LLM,-53.0106,43.4257
Diffusion Model + LLM,5.5818,-16.922
Diffusion Model + LLM,-64.3774,-2.5634
Diffusion Model + LLM,-84.8524,28.8329
Diffusion Model + LLM,-30.6866,-19.5743
Diffusion Model + LLM,-1.1955,43.3236
Diffusion Model + LLM,-6.586,-0.8046
Diffusion Model + LLM,-82.175,1.2728
Diffusion Model + LLM,-4.7873,-47.9669
Diffusion Model + LLM,-88.5517,25.9867
Diffusion Model + LLM,1.2254,-92.1514
Diffusion Model + LLM,-70.1861,39.3319
Diffusion Model + LLM,8.3873,29.0382
Diffusion Model + LLM,-1.6717,4.3691
Diffusion Model + LLM,-0.1622,22.9818
Diffusion Model + LLM,-32.9153,23.1749
Diffusion Model + LLM,-71.4856,59.9571
Diffusion Model + LLM,-18.4561,-56.6525
Diffusion Model + LLM,-16.7009,-40.7214
Diffusion Model + LLM,-16.5185,-22.0985
Diffusion Model + LLM,-10.1707,50.3881
Diffusion Model + LLM,-26.4666,-2.8766
Diffusion Model + LLM,-41.5599,45.5326
Diffusion Model + LLM,0.8811,-22.1074
Diffusion Model + LLM,-41.6524,17.5423
Diffusion Model + LLM,6.2247,-46.704
Diffusion Model + LLM,6.7814,-25.0675
Diffusion Model + LLM,-7.55,-21.6117
Diffusion Model + LLM,12.3505,-57.9259
Diffusion Model + LLM,-4.8175,9.1811
Diffusion Model + LLM,1.4158,20.6583
Diffusion Model + LLM,-12.8321,20.6765
Diffusion Model + LLM,-60.3781,75.842
Diffusion Model + LLM,-16.3948,22.0687
Diffusion Model + LLM,15.9086,-98.0146
Diffusion Model + LLM,-61.2739,31.5142
Diffusion Model + LLM,-62.8958,-47.3388
Diffusion Model + LLM,-10.0531,60.9474
Diffusion Model + LLM,-2.81,54.0917
Diffusion Model + LLM,11.0106,25.8897
Diffusion Model + LLM,-91.9429,25.1351
Diffusion Model + LLM,-57.6867,80.4649
Diffusion Model + LLM,-3.6874,37.8298
Diffusion Model + LLM,-36.5815,-73.7843
Diffusion Model + LLM,4.7598,76.1004
Diffusion Model + LLM,15.1948,5.0
Diffusion Model + LLM,-73.6609,24.9672
Diffusion Model + LLM,-65.3992,35.8914
Diffusion Model + LLM,-49.9425,33.428
Diffusion Model + LLM,-49.4185,-62.8976
Diffusion Model + LLM,-6.8412,-21.6395
Diffusion Model + LLM,-63.1068,-37.4397
Diffusion Model + LLM,-30.3654,84.9545
Diffusion Model + LLM,-42.3988,79.7752
Diffusion Model + LLM,-75.9396,42.4451
Diffusion Model + LLM,-17.7938,-12.1411
Diffusion Model + LLM,-37.8607,-59.1025
Diffusion Model + LLM,-0.5722,16.0565
Diffusion Model + LLM,20.2795,8.6348
Diffusion Model + LLM,-91.7551,39.2654
Diffusion Model + LLM,0.0472,-79.9042
Diffusion Model + LLM,18.0027,39.3871
Diffusion Model + LLM,18.0983,6.1855
Diffusion Model + LLM,18.1566,-80.8593
Diffusion Model + LLM,8.6606,-93.7299
Diffusion Model + LLM,-35.2144,-68.1824
Diffusion Model + LLM,-28.8439,-24.6931
Diffusion Model + LLM,-84.1434,-6.5339
Diffusion Model + LLM,-87.1164,0.9383
Diffusion Model + LLM,2.252,89.6095
Diffusion Model + LLM,-6.7282,18.197
Diffusion Model + LLM,-33.397,-16.2816
Diffusion Model + LLM,-51.2167,-3.7965
Diffusion Model + LLM,-66.5144,65.0099
Diffusion Model + LLM,-94.1685,0.253
Diffusion Model + LLM,-7.2843,66.1818
Diffusion Model + LLM,-37.2735,-67.9257
Diffusion Model + LLM,-17.9369,27.803
Diffusion Model + LLM,-73.1207,25.6154
Diffusion Model + LLM,0.8163,-89.4355
Diffusion Model + LLM,4.1004,92.5997
Diffusion Model + LLM,-73.3781,-38.9562
Diffusion Model + LLM,13.8396,12.5401
Diffusion Model + LLM,-96.4083,20.3141
Diffusion Model + LLM,14.7599,31.4768
Diffusion Model + LLM,-64.4134,-17.5426
Diffusion Model + LLM,-39.0019,2.3673
Diffusion Model + LLM,-30.0689,-6.258
Diffusion Model + LLM,-20.2467,56.5349
Diffusion Model + LLM,-23.1647,-24.5368
Diffusion Model + LLM,-44.8734,-81.4677
Diffusion Model + LLM,12.591,-92.8012
Diffusion Model + LLM,-10.6366,30.7719
Diffusion Model + LLM,-31.9253,-18.8925
Diffusion Model + LLM,-28.2456,-48.6411
Diffusion Model + LLM,-21.6096,45.6613
Diffusion Model + LLM,0.3487,-88.0939
Diffusion Model + LLM,-54.6606,-8.9308
Diffusion Model + LLM,-2.2677,-72.4861
Diffusion Model + LLM,20.076,56.9919
Diffusion Model + LLM,-9.543,-80.3158
Diffusion Model + LLM,-88.7476,3.5845
Diffusion Model + LLM,-23.3021,-58.079
Diffusion Model + LLM,-5.5825,19.9935
Diffusion Model + LLM,-4.5977,24.4799
Diffusion Model + LLM,-3.3339,7.0759
Diffusion Model + LLM,-9.7813,-79.8941
Diffusion Model + LLM,-72.4361,43.6917
Diffusion Model + LLM,-2.688,27.7782
Diffusion Model + LLM,-35.972,-61.1709
Diffusion Model + LLM,-18.5091,-12.8608
Diffusion Model + LLM,-52.383,45.3957
Diffusion Model + LLM,18.5393,17.375
Diffusion Model + LLM,-32.0888,64.3313
Diffusion Model + LLM,-2.4682,23.0958
Diffusion Model + LLM,-75.0424,10.5542
Diffusion Model + LLM,-65.976,38.0044
Diffusion Model + LLM,-9.3701,-27.7419
Diffusion Model + LLM,7.0645,10.0058
Diffusion Model + LLM,-19.6744,67.4508
Diffusion Model + LLM,-7.3258,79.7333
Diffusion Model + LLM,9.0983,62.9747
Diffusion Model + LLM,6.2509,-70.8585
Diffusion Model + LLM,-82.6437,6.7577
Diffusion Model + LLM,-37.1746,31.7705
Diffusion Model + LLM,-13.7266,15.1411
Diffusion Model + LLM,-3.6514,-49.0058
Diffusion Model + LLM,-74.7072,39.0772
Diffusion Model + LLM,-47.3448,11.7087
Diffusion Model + LLM,77.9348,-64.2495
Diffusion Model + LLM,-65.4656,17.1582
Diffusion Model + LLM,-73.9811,-14.9496
Diffusion Model + LLM,-65.2174,57.6006
Diffusion Model + LLM,-80.6721,-1.016
Diffusion Model + LLM,7.0658,-73.9543
Diffusion Model + LLM,-28.4411,-9.401
Diffusion Model + LLM,-48.698,-34.5198
Diffusion Model + LLM,-25.3016,-14.8056
Diffusion Model + LLM,3.7096,25.4711
Diffusion Model + LLM,-1.797,-87.503
Diffusion Model + LLM,-1.6165,-5.9009
Diffusion Model + LLM,-44.8148,-37.7464
Diffusion Model + LLM,-89.908,26.9591
Diffusion Model + LLM,-55.324,79.644
Diffusion Model + LLM,-25.669,35.8991
Diffusion Model + LLM,-65.3484,73.2528
Diffusion Model + LLM,5.2591,73.3865
Diffusion Model + LLM,17.7856,0.9318
Diffusion Model + LLM,-50.4571,3.8958
Diffusion Model + LLM,7.0993,-98.4082
Diffusion Model + LLM,-3.2342,41.6649
Diffusion Model + LLM,-60.0352,-38.1769
Diffusion Model + LLM,-18.3339,-49.0432
Diffusion Model + LLM,-53.0012,-19.3823
Diffusion Model + LLM,-35.5089,40.7317
Diffusion Model + LLM,-6.6304,-67.3882
Diffusion Model + LLM,5.7923,-19.5586
Diffusion Model + LLM,-68.8622,4.1434
Diffusion Model + LLM,-81.1465,0.8142
Diffusion Model + LLM,-3.3951,-25.3933
Diffusion Model + LLM,-8.2509,-9.3888
Diffusion Model + LLM,-47.1314,67.2489
Diffusion Model + LLM,-70.8277,-18.7731
Diffusion Model + LLM,-0.4418,-31.4318
Diffusion Model + LLM,-25.7979,-41.7993
Diffusion Model + LLM,-7.677,70.0518
Diffusion Model + LLM,-31.5008,79.0388
Diffusion Model + LLM,-2.2032,-74.7127
Diffusion Model + LLM,-16.4452,4.8678
Diffusion Model + LLM,-55.2113,-7.089
Diffusion Model + LLM,0.607,54.7385
Diffusion Model + LLM,-33.3025,-21.7192
Diffusion Model + LLM,5.0796,69.0517
Diffusion Model + LLM,-7.3737,3.3347
Diffusion Model + LLM,-38.1284,76.6679
Diffusion Model + LLM,6.0281,13.7066
Diffusion Model + LLM,-9.3647,10.3117
Diffusion Model + LLM,-48.8895,-55.9397
Diffusion Model + LLM,-70.6791,-14.9447
Diffusion Model + LLM,-18.0612,68.8347
Diffusion Model + LLM,-12.4087,21.0578
Diffusion Model + LLM,20.5777,-83.002
Diffusion Model + LLM,-48.5911,-9.0386
Diffusion Model + LLM,7.9994,-60.6558
Diffusion Model + LLM,-10.0367,-24.3944
Diffusion Model + LLM,-0.2219,30.7138
Diffusion Model + LLM,-43.9932,84.4629
Diffusion Model + LLM,-12.3367,-20.1007
Diffusion Model + LLM,-49.805,-37.5629
Diffusion Model + LLM,-21.426,-44.4059
Diffusion Model + LLM,-4.7457,54.5025
Diffusion Model + LLM,-7.8123,-45.169
Diffusion Model + LLM,17.2375,-97.6768
Diffusion Model + LLM,4.1373,44.9914
Diffusion Model + LLM,-59.4734,38.2171
Diffusion Model + LLM,-85.4795,32.1679
Diffusion Model + LLM,-41.1099,-3.1992
Diffusion Model + LLM,5.3627,-26.8266
Diffusion Model + LLM,-61.5397,71.8046
Diffusion Model + LLM,-79.8098,6.1902
Diffusion Model + LLM,19.9798,34.4179
Diffusion Model + LLM,1.2868,-65.8478
Diffusion Model + LLM,-29.5596,-1.2983
Diffusion Model + LLM,2.4608,-69.9304
Diffusion Model + LLM,1.9807,-68.2029
Diffusion Model + LLM,-56.2138,73.1584
Diffusion Model + LLM,-35.8521,-16.8218
Diffusion Model + LLM,20.5581,-82.946
Diffusion Model + LLM,-4.7064,-21.2274
Diffusion Model + LLM,-58.039,32.8554
Diffusion Model + LLM,-26.027,60.8358
Diffusion Model + LLM,19.2675,6.7809
Diffusion Model + LLM,-70.2401,-41.1854
Diffusion Model + LLM,-49.5668,-75.3254
Diffusion Model + LLM,4.9766,43.5678
Diffusion Model + LLM,-60.6013,-7.4325
Diffusion Model + LLM,-27.9656,-92.5207
Diffusion Model + LLM,6.208,6.8874
Diffusion Model + LLM,-0.8007,-60.5412
Diffusion Model + LLM,-62.835,76.3636
Diffusion Model + LLM,-35.0584,40.5758
Diffusion Model + LLM,-2.7975,-20.2806
Diffusion Model + LLM,5.7641,-47.7084
Diffusion Model + LLM,20.381,54.4077
Diffusion Model + LLM,-64.3244,55.5342
Diffusion Model + LLM,-14.7776,-19.1697
Diffusion Model + LLM,-36.304,-74.0444
Diffusion Model + LLM,8.2798,-69.5495
Diffusion Model + LLM,-11.7932,-42.4849
Diffusion Model + LLM,-40.0364,63.3624
Diffusion Model + LLM,-39.1376,44.5107
Diffusion Model + LLM,-17.923,-72.2188
Diffusion Model + LLM,14.4934,54.243
Diffusion Model + LLM,10.2167,-8.9006
Diffusion Model + LLM,-67.3323,40.1903
Diffusion Model + LLM,4.0662,-44.8445
Diffusion Model + LLM,12.7446,22.2956
Diffusion Model + LLM,-25.9513,46.0386
Diffusion Model + LLM,-6.7947,30.159
Diffusion Model + LLM,11.3796,83.7397
Diffusion Model + LLM,-38.2386,-9.8121
Diffusion Model + LLM,-22.092,88.3007
Diffusion Model + LLM,-40.2405,27.5665
Diffusion Model + LLM,-7.4588,-6.9279
Diffusion Model + LLM,-12.3094,27.6229
Diffusion Model + LLM,-37.9523,18.8147
Diffusion Model + LLM,-39.7149,-28.9216
Diffusion Model + LLM,-96.2288,1.036
Diffusion Model + LLM,-44.2115,-62.8042
Diffusion Model + LLM,-22.252,87.1483
Diffusion Model + LLM,20.4116,55.0617
Diffusion Model + LLM,-39.1751,-17.1277
Diffusion Model + LLM,-79.4455,58.2877
Diffusion Model + LLM,0.7036,33.6019
Diffusion Model + LLM,-47.789,-7.2228
Diffusion Model + LLM,20.8466,18.1208
Diffusion Model + LLM,-2.1993,-74.7838
Diffusion Model + LLM,-46.0734,82.7466
Diffusion Model + LLM,-19.9352,-9.856
Diffusion Model + LLM,-4.2528,85.3473
Diffusion Model + LLM,-56.5593,13.9444
Diffusion Model + LLM,7.6389,48.9332
Diffusion Model + LLM,-9.3805,-28.9272
Diffusion Model + LLM,-2.0565,-60.631
Diffusion Model + LLM,-24.2787,9.9008
Diffusion Model + LLM,-6.7388,-11.7775
Diffusion Model + LLM,-47.0234,83.3604
Diffusion Model + LLM,18.2014,3.7264
Diffusion Model + LLM,-29.5303,81.0352
Diffusion Model + LLM,3.7378,89.0658
Diffusion Model + LLM,-26.8544,-46.3376
Diffusion Model + LLM,-33.5187,15.5291
Diffusion Model + LLM,-25.4102,70.8584
Diffusion Model + LLM,-26.7216,-5.8727
Diffusion Model + LLM,-29.4616,78.6034
Diffusion Model + LLM,0.5091,4.355
Diffusion Model + LLM,-30.2222,31.1162
Diffusion Model + LLM,-0.712,90.0052
Diffusion Model + LLM,-35.3807,-76.1173
Diffusion Model + LLM,-52.9916,45.7066
Diffusion Model + LLM,28.3908,-77.8
Diffusion Model + LLM,-0.3081,-18.7564
Diffusion Model + LLM,-33.305,-20.5445
Diffusion Model + LLM,-78.6441,7.3507
Diffusion Model + LLM,5.8586,31.9534
Diffusion Model + LLM,2.161,51.4156
Diffusion Model + LLM,1.1936,14.3308
Diffusion Model + LLM,-46.4816,74.4856
Diffusion Model + LLM,-37.0705,73.8179
Diffusion Model + LLM,-70.6204,32.3362
Diffusion Model + LLM,-43.8696,38.6335
Diffusion Model + LLM,-39.7344,17.992
Diffusion Model + LLM,-15.7197,28.0616
Diffusion Model + LLM,0.5056,-45.9369
Diffusion Model + LLM,-40.8412,17.4609
Diffusion Model + LLM,1.283,44.517
Diffusion Model + LLM,-21.3229,35.1452
Diffusion Model + LLM,-43.1639,-13.4894
Diffusion Model + LLM,-70.3061,-7.5333
Diffusion Model + LLM,-15.5687,-51.5072
Diffusion Model + LLM,-15.7937,0.1143
Diffusion Model + LLM,-6.9735,84.9761
Diffusion Model + LLM,-31.4123,54.6659
Diffusion Model + LLM,-11.5687,64.967
Diffusion Model + LLM,-68.1683,36.2858
Diffusion Model + LLM,4.9271,41.6961
Diffusion Model + LLM,-46.7104,86.1187
Diffusion Model + LLM,-42.9113,44.1201
Diffusion Model + LLM,-6.8206,-60.7261
Diffusion Model + LLM,-19.1012,34.5171
Diffusion Model + LLM,-43.4462,65.4763
Diffusion Model + LLM,-74.7247,5.3197
Diffusion Model + LLM,5.8877,5.3697
Diffusion Model + LLM,-9.1197,22.009
Diffusion Model + LLM,-5.2687,-57.6194
Diffusion Model + LLM,0.5842,-45.9475
Diffusion Model + LLM,-5.4638,29.2489
Diffusion Model + LLM,13.6302,-98.2376
Diffusion Model + LLM,-35.2175,-75.2511
Diffusion Model + LLM,-38.5135,-13.0775
Diffusion Model + LLM,-9.8921,75.961
Diffusion Model + LLM,-71.9143,0.2362
Diffusion Model + LLM,3.157,89.9467
Diffusion Model + LLM,-49.854,-6.8207
Diffusion Model + LLM,-35.5914,89.5771
Diffusion Model + LLM,-15.8408,28.1099
Diffusion Model + LLM,-32.8517,-74.9321
Diffusion Model + LLM,-31.0643,56.1005
Diffusion Model + LLM,6.4535,88.9949
Diffusion Model + LLM,-41.451,17.2648
Diffusion Model + LLM,-15.1172,72.3442
Diffusion Model + LLM,3.4571,76.3406
Diffusion Model + LLM,5.3569,-16.4097
Diffusion Model + LLM,-47.5614,52.4362
Diffusion Model + LLM,-7.9442,-69.8798
Diffusion Model + LLM,1.3763,27.7624
Diffusion Model + LLM,-56.4678,54.5719
Diffusion Model + LLM,-60.2335,-30.1318
Diffusion Model + LLM,-25.1738,-65.9995
Diffusion Model + LLM,-61.4098,32.8144
Diffusion Model + LLM,16.61,36.7979
Diffusion Model + LLM,-2.7977,-77.173
Diffusion Model + LLM,-10.4769,-84.6679
Diffusion Model + LLM,-10.3348,-56.7199
Diffusion Model + LLM,64.9688,-77.6114
Diffusion Model + LLM,-27.6612,66.5305
Diffusion Model + LLM,-39.4448,-21.1767
Diffusion Model + LLM,-63.9704,25.3019
Diffusion Model + LLM,11.3905,-70.9623
Diffusion Model + LLM,-6.2622,-7.1077
Diffusion Model + LLM,-30.0584,14.2207
Diffusion Model + LLM,-28.1691,89.5944
Diffusion Model + LLM,-69.176,-37.555
Diffusion Model + LLM,-19.1832,-61.2486
Diffusion Model + LLM,-91.7555,29.856
Diffusion Model + LLM,-60.7286,57.2433
Diffusion Model + LLM,-10.4882,33.042
Diffusion Model + LLM,-33.8227,82.3346
Diffusion Model + LLM,-64.8669,-14.7865
Diffusion Model + LLM,-87.1505,29.4725
Diffusion Model + LLM,-18.7018,6.4576
Diffusion Model + LLM,2.7708,-45.5943
Diffusion Model + LLM,-14.0131,-61.8145
Diffusion Model + LLM,-58.937,68.6313
Diffusion Model + LLM,-68.8126,1.1126
Diffusion Model + LLM,-28.8617,-11.4078
Diffusion Model + LLM,-27.8699,-89.7746
Diffusion Model + LLM,-3.9284,-92.8852
Diffusion Model + LLM,-24.9361,-20.1533
Diffusion Model + LLM,5.562,23.5997
Diffusion Model + LLM,-52.2243,-57.5118
Diffusion Model + LLM,-72.7113,4.1574
Diffusion Model + LLM,7.8843,4.8898
Diffusion Model + LLM,-34.3495,-83.3302
Diffusion Model + LLM,11.4802,-73.0732
Diffusion Model + LLM,-79.3134,34.028
Diffusion Model + LLM,-67.4649,1.787
Diffusion Model + LLM,-3.8146,-73.69
Diffusion Model + LLM,-51.2547,-4.1124
Diffusion Model + LLM,-58.835,17.0469
Diffusion Model + LLM,-28.0814,75.5906
Diffusion Model + LLM,10.7884,2.8657
Diffusion Model + LLM,-63.6613,-36.1029
Diffusion Model + LLM,-22.7631,70.5284
Diffusion Model + LLM,-11.4705,-15.7032
Diffusion Model + LLM,-24.1785,-10.7551
Diffusion Model + LLM,-58.8394,13.4979
Diffusion Model + LLM,-68.1643,2.6794
Diffusion Model + LLM,3.4945,42.8391
Diffusion Model + LLM,17.6958,53.987
Diffusion Model + LLM,-6.2657,65.2003
Diffusion Model + LLM,-14.5535,-24.9049
Diffusion Model + LLM,-12.8176,-78.9157
Diffusion Model + LLM,20.7348,-50.7704
Diffusion Model + LLM,13.9957,-0.3216
Diffusion Model + LLM,-39.9033,-13.9376
Diffusion Model + LLM,-63.4525,12.6202
Diffusion Model + LLM,-18.2996,24.7946
Diffusion Model + LLM,-40.4939,-0.3273
Diffusion Model + LLM,-0.0778,-5.719
Diffusion Model + LLM,-14.3799,4.6034
Diffusion Model + LLM,-24.8905,30.8259
Diffusion Model + LLM,-29.9325,-71.6894
Diffusion Model + LLM,-43.9891,-29.0584
Diffusion Model + LLM,-93.944,22.0075
Diffusion Model + LLM,-31.6424,-6.9112
Diffusion Model + LLM,-17.2055,-31.7276
Diffusion Model + LLM,-40.4995,1.8769
Diffusion Model + LLM,-9.6261,-67.273
Diffusion Model + LLM,-1.8044,-96.2161
Diffusion Model + LLM,-21.6769,-7.3263
Diffusion Model + LLM,-3.0352,30.5566
Diffusion Model + LLM,-30.0944,33.1057
Diffusion Model + LLM,-17.7522,-72.1424
Diffusion Model + LLM,-35.7553,74.0644
Diffusion Model + LLM,-67.4792,19.4282
Diffusion Model + LLM,-33.7317,38.3088
Diffusion Model + LLM,-75.2619,25.5099
Diffusion Model + LLM,-0.1417,-93.7153
Diffusion Model + LLM,6.2496,-56.8907
Diffusion Model + LLM,0.0229,-95.1623
Diffusion Model + LLM,-3.3396,79.2479
Diffusion Model + LLM,-8.8524,-76.898
Diffusion Model + LLM,-27.7135,-86.0473
Diffusion Model + LLM,-6.0435,-25.2632
Diffusion Model + LLM,-75.128,-20.0992
Diffusion Model + LLM,-42.3461,87.1487
Diffusion Model + LLM,-81.5177,58.6986
Diffusion Model + LLM,-68.2405,41.0315
Diffusion Model + LLM,-59.4426,-31.024
Diffusion Model + LLM,-57.0085,72.1203
Diffusion Model + LLM,-66.3204,26.1344
Diffusion Model + LLM,21.6362,40.9913
Diffusion Model + LLM,-25.4388,46.9815
Diffusion Model + LLM,-67.1443,11.0081
Diffusion Model + LLM,-8.6438,8.3933
Diffusion Model + LLM,-8.0149,-46.5061
Diffusion Model + LLM,21.7187,54.1655
Diffusion Model + LLM,2.6661,-78.102
Diffusion Model + LLM,-81.1889,56.7947
Diffusion Model + LLM,-21.4772,-60.9693
Diffusion Model + LLM,-3.1053,76.6678
Diffusion Model + LLM,-36.8814,87.6555
Diffusion Model + LLM,10.0736,78.7628
Diffusion Model + LLM,-57.5816,-67.2922
Diffusion Model + LLM,-13.2463,61.0783
Diffusion Model + LLM,-48.116,41.7521
Diffusion Model + LLM,-60.4603,13.6362
Diffusion Model + LLM,-3.218,13.7861
Diffusion Model + LLM,-19.9829,-40.4861
Diffusion Model + LLM,-41.8295,86.3356
Diffusion Model + LLM,-5.8145,17.5282
Diffusion Model + LLM,2.6036,61.9102
Diffusion Model + LLM,-49.1319,64.7398
Diffusion Model + LLM,-26.5727,-68.7338
Diffusion Model + LLM,-77.6335,-20.3702
Diffusion Model + LLM,-18.6059,22.133
Diffusion Model + LLM,-90.9294,9.2537
Diffusion Model + LLM,-76.4426,14.8538
Diffusion Model + LLM,8.7079,-27.5941
Diffusion Model + LLM,-32.008,69.4321
Diffusion Model + LLM,-11.8747,-73.7943
Diffusion Model + LLM,-65.9384,-2.5772
Diffusion Model + LLM,-4.6604,-93.4768
Diffusion Model + LLM,-16.2489,-5.837
Diffusion Model + LLM,17.4604,20.2695
Diffusion Model + LLM,44.7651,-74.8832
Diffusion Model + LLM,-65.2106,-13.2183
Diffusion Model + LLM,3.3432,52.5032
Diffusion Model + LLM,-13.6639,-22.7832
Diffusion Model + LLM,-28.2568,-58.7735
Diffusion Model + LLM,-26.4593,-4.2192
Diffusion Model + LLM,-45.9752,8.9673
Diffusion Model + LLM,17.3779,25.8246
Diffusion Model + LLM,20.8116,60.1742
Diffusion Model + LLM,-18.0894,-20.4953
Diffusion Model + LLM,-51.3336,-0.561
Diffusion Model + LLM,0.7013,-6.0229
Diffusion Model + LLM,-5.7164,-42.7655
Diffusion Model + LLM,-10.1517,31.1144
Diffusion Model + LLM,1.1028,-9.424
Diffusion Model + LLM,-30.1852,80.8538
Diffusion Model + LLM,-22.7695,71.8701
Diffusion Model + LLM,-21.101,-54.0851
Diffusion Model + LLM,-34.6709,-83.8101
Diffusion Model + LLM,-64.1825,-35.154
Diffusion Model + LLM,-18.5889,55.447
Diffusion Model + LLM,-53.2742,-3.4908
Diffusion Model + LLM,-4.0369,31.6869
Diffusion Model + LLM,-33.5953,87.5718
Diffusion Model + LLM,-67.0588,-40.0923
Diffusion Model + LLM,-63.8093,19.9293
Diffusion Model + LLM,-50.342,67.0908
Diffusion Model + LLM,-38.78,26.1423
Diffusion Model + LLM,0.9159,87.8198
Diffusion Model + LLM,-33.8162,38.1135
Diffusion Model + LLM,-19.609,-6.6441
Diffusion Model + LLM,-55.7377,68.3982
Diffusion Model + LLM,-4.2861,-57.4237
Diffusion Model + LLM,-27.9658,23.5353
Diffusion Model + LLM,-72.7213,2.0643
Diffusion Model + LLM,-28.5376,-60.4287
Diffusion Model + LLM,0.0047,90.2832
Diffusion Model + LLM,-4.7022,-30.1367
Diffusion Model + LLM,-15.3515,-78.1258
Diffusion Model + LLM,-66.0661,72.3906
Diffusion Model + LLM,-9.516,35.8581
Diffusion Model + LLM,-42.8004,45.5102
Diffusion Model + LLM,-24.8787,-49.4111
Diffusion Model + LLM,-8.997,-62.9854
Diffusion Model + LLM,14.3565,29.6489
Diffusion Model + LLM,-12.8118,-73.1172
Diffusion Model + LLM,3.8814,69.2664
Diffusion Model + LLM,-15.4832,43.5477
Diffusion Model + LLM,-4.3972,1.4393
Diffusion Model + LLM,18.5598,-83.5486
Diffusion Model + LLM,-29.1381,23.2319
Diffusion Model + LLM,19.604,-45.2304
Diffusion Model + LLM,-50.3406,36.922
Diffusion Model + LLM,-91.7864,-10.0674
Diffusion Model + LLM,-25.4787,-12.4028
Diffusion Model + LLM,-55.5555,33.5694
Diffusion Model + LLM,12.7907,-1.9763
Diffusion Model + LLM,18.8962,55.3452
Diffusion Model + LLM,7.4824,-18.5003
Diffusion Model + LLM,-48.4625,9.7433
Diffusion Model + LLM,-15.6191,-31.148
Diffusion Model + LLM,-62.36,63.5333
Diffusion Model + LLM,-16.2561,-19.3879
Diffusion Model + LLM,-8.1251,54.0928
Diffusion Model + LLM,-12.2264,15.1413
Diffusion Model + LLM,19.1959,36.8051
Diffusion Model + LLM,-38.4161,-9.7475
Diffusion Model + LLM,-47.6028,66.0198
Diffusion Model + LLM,18.4437,0.1912
Diffusion Model + LLM,-15.8265,8.3758
Diffusion Model + LLM,-77.3631,8.3771
Diffusion Model + LLM,1.8844,66.5183
Diffusion Model + LLM,-69.8126,1.2046
Diffusion Model + LLM,-13.8366,29.6749
Diffusion Model + LLM,-30.7784,10.2226
Diffusion Model + LLM,3.0754,88.7356
Diffusion Model + LLM,-4.2951,-57.4297
Diffusion Model + LLM,-9.3017,5.8961
Diffusion Model + LLM,-54.3955,75.5336
Diffusion Model + LLM,-16.3308,-21.5653
Diffusion Model + LLM,-41.4724,-50.7682
Diffusion Model + LLM,16.2746,7.6508
Diffusion Model + LLM,-28.5487,23.0343
Diffusion Model + LLM,-82.0416,23.4344
Diffusion Model + LLM,-7.7939,-14.5369
Diffusion Model + LLM,-3.1016,-54.6084
Diffusion Model + LLM,-59.3915,17.4844
Diffusion Model + LLM,-9.7954,31.4191
Diffusion Model + LLM,-23.0154,-6.1412
Diffusion Model + LLM,-42.7496,26.0735
Diffusion Model + LLM,-2.9156,35.8132
Diffusion Model + LLM,8.5395,85.9897
Diffusion Model + LLM,-1.1477,-4.364
Diffusion Model + LLM,4.2343,-89.3528
Diffusion Model + LLM,-21.37,-41.1228
Diffusion Model + LLM,-42.4215,82.5438
Diffusion Model + LLM,-33.3987,-14.8286
Diffusion Model + LLM,-10.4585,-52.5734
Diffusion Model + LLM,9.3053,76.2796
Diffusion Model + LLM,17.1363,9.7041
Diffusion Model + LLM,-5.9333,-2.7266
Diffusion Model + LLM,-13.4969,-74.1681
Diffusion Model + LLM,-1.5541,-60.6243
Diffusion Model + LLM,-66.0751,60.3747
Diffusion Model + LLM,-1.919,-49.1204
Diffusion Model + LLM,1.737,-29.0609
Diffusion Model + LLM,-26.0811,-15.6988
Diffusion Model + LLM,13.232,13.8422
Diffusion Model + LLM,18.0304,17.6389
Diffusion Model + LLM,0.3357,-24.3722
Diffusion Model + LLM,-58.7973,10.372
Diffusion Model + LLM,-46.8148,65.1163
Diffusion Model + LLM,-40.934,-61.7183
Diffusion Model + LLM,-11.4531,53.1726
Diffusion Model + LLM,13.251,-88.1935
Diffusion Model + LLM,16.6605,27.6631
Diffusion Model + LLM,0.7602,84.1068
Diffusion Model + LLM,-24.1928,16.0297
Diffusion Model + LLM,18.3561,28.6179
Diffusion Model + LLM,7.1137,85.7441
Diffusion Model + LLM,-30.8211,75.9917
Diffusion Model + LLM,-89.7952,-10.0706
Diffusion Model + LLM,-44.3248,9.1515
Diffusion Model + LLM,-73.2418,-18.2189
Diffusion Model + LLM,19.615,16.4529
Diffusion Model + LLM,16.9908,46.14
Diffusion Model + LLM,-44.7965,27.9694
Diffusion Model + LLM,14.1941,8.5362
Diffusion Model + LLM,-21.189,-46.5518
Diffusion Model + LLM,-30.7702,-16.9225
Diffusion Model + LLM,-44.3523,39.9907
Diffusion Model + LLM,-29.8409,-62.312
Diffusion Model + LLM,-39.8259,-55.3419
Diffusion Model + LLM,-59.1357,19.3349
Diffusion Model + LLM,-45.8059,10.8541
Diffusion Model + LLM,-24.496,65.5129
Diffusion Model + LLM,-23.8138,68.6765
Diffusion Model + LLM,-17.0455,-73.5894
Diffusion Model + LLM,9.8131,-74.1313
Diffusion Model + LLM,0.8929,28.3314
Diffusion Model + LLM,-51.6447,-5.3685
Diffusion Model + LLM,9.6906,9.2693
Diffusion Model + LLM,-21.8215,66.2497
Diffusion Model + LLM,-72.6363,36.2235
Diffusion Model + LLM,-14.0079,-41.7323
Diffusion Model + LLM,-74.5837,21.2454
Diffusion Model + LLM,-48.96,67.7756
Diffusion Model + LLM,-37.3064,-61.5072
Diffusion Model + LLM,-74.7293,39.1831
Diffusion Model + LLM,-28.0673,-5.3711
Diffusion Model + LLM,7.7476,20.0514
Diffusion Model + LLM,-11.2302,-53.5382
Diffusion Model + LLM,-14.5344,61.5109
Diffusion Model + LLM,-13.8288,-64.2174
Diffusion Model + LLM,-74.6419,37.4309
Diffusion Model + LLM,-54.7354,66.7492
Diffusion Model + LLM,18.693,5.8208
Diffusion Model + LLM,-15.4111,-47.3236
Diffusion Model + LLM,-59.1846,68.6982
Diffusion Model + LLM,-34.1097,-83.1068
Diffusion Model + LLM,-20.2032,65.0068
Diffusion Model + LLM,-59.0633,74.2487
Diffusion Model + LLM,6.9069,-56.2519
Diffusion Model + LLM,-44.1115,-14.1462
Diffusion Model + LLM,12.4798,-73.2978
Diffusion Model + LLM,16.9494,27.6384
Diffusion Model + LLM,4.8455,-14.1766
Diffusion Model + LLM,-20.0802,-54.3573
Diffusion Model + LLM,10.9449,30.0789
Diffusion Model + LLM,-44.7198,-48.9846
Diffusion Model + LLM,-19.2539,38.2985
Diffusion Model + LLM,-52.4777,-6.6298
Diffusion Model + LLM,-32.6776,-52.795
Diffusion Model + LLM,-69.2389,-44.0579
Diffusion Model + LLM,-20.8502,-70.1505
Diffusion Model + LLM,-31.5201,-24.5574
Diffusion Model + LLM,-74.1563,-19.4828
Diffusion Model + LLM,2.9958,65.0763
Diffusion Model + LLM,-23.9559,-6.045
Diffusion Model + LLM,-40.5259,58.6315
Diffusion Model + LLM,-19.4037,8.9215
Diffusion Model + LLM,-66.3136,55.5084
Diffusion Model + LLM,-2.2625,-3.3806
Diffusion Model + LLM,6.692,-25.3411
Diffusion Model + LLM,-5.9029,70.0315
Diffusion Model + LLM,-64.5106,56.5755
Diffusion Model + LLM,-5.616,-10.5195
Diffusion Model + LLM,8.3581,63.629
Diffusion Model + LLM,-25.4226,-43.6004
Diffusion Model + LLM,-72.1261,-2.9421
Diffusion Model + LLM,-15.8541,23.4933
Diffusion Model + LLM,0.9013,-49.9404
Diffusion Model + LLM,14.3449,-89.6805
Diffusion Model + LLM,-44.9305,-81.6424
Diffusion Model + LLM,-7.834,70.0799
Diffusion Model + LLM,3.6885,-68.3089
Diffusion Model + LLM,-56.2664,74.9995
Diffusion Model + LLM,-50.1884,-18.2948
Diffusion Model + LLM,9.4614,-73.8963
Diffusion Model + LLM,-27.9522,-55.9605
Diffusion Model + LLM,-13.4164,-68.1784
Diffusion Model + LLM,-40.1284,-8.697
Diffusion Model + LLM,-46.7843,-29.9085
Diffusion Model + LLM,-18.5812,81.4324
Diffusion Model + LLM,-54.4651,-69.5924
Diffusion Model + LLM,-17.6581,85.5437
Diffusion Model + LLM,-91.4995,-3.6416
Diffusion Model + LLM,-69.6201,-35.1108
Diffusion Model + LLM,-47.2665,-22.5673
Diffusion Model + LLM,5.8301,27.7399
Diffusion Model + LLM,13.5145,-97.2085
Diffusion Model + LLM,3.6237,25.056
Diffusion Model + LLM,-44.7578,19.7755
Diffusion Model + LLM,-45.5541,54.7081
Diffusion Model + LLM,-1.5174,-89.2367
Diffusion Model + LLM,-59.2941,-1.5908
Diffusion Model + LLM,-14.2802,-79.2925
Diffusion Model + LLM,13.2089,44.7596
Diffusion Model + LLM,-30.9133,-46.7232
Diffusion Model + LLM,-23.1805,-54.4455
Diffusion Model + LLM,-44.1653,-30.2873
Diffusion Model + LLM,19.6865,58.6827
Diffusion Model + LLM,14.024,-16.2756
Diffusion Model + LLM,5.7054,-95.9622
Diffusion Model + LLM,-11.0695,-29.7138
Diffusion Model + LLM,-0.9759,-10.1968
Diffusion Model + LLM,-65.4077,40.883
Diffusion Model + LLM,-19.5925,-92.9696
Diffusion Model + LLM,-19.434,62.3876
Diffusion Model + LLM,-14.1321,-64.2957
Diffusion Model + LLM,-5.6134,24.8436
Diffusion Model + LLM,-16.374,71.449
Diffusion Model + LLM,5.3431,18.7827
Diffusion Model + LLM,-3.5869,0.9149
Diffusion Model + LLM,-0.0605,-52.4491
Diffusion Model + LLM,-37.3062,3.3407
Diffusion Model + LLM,6.8439,-1.8071
Diffusion Model + LLM,1.8704,-86.8599
Diffusion Model + LLM,-67.0693,36.6941
Diffusion Model + LLM,-19.1283,-48.0537
Diffusion Model + LLM,-27.8125,-3.247
Diffusion Model + LLM,-8.502,74.9914
Diffusion Model + LLM,-66.1732,14.3935
Diffusion Model + LLM,9.5242,9.1369
Diffusion Model + LLM,-3.4827,-47.8897
Diffusion Model + LLM,-22.5384,16.7546
Diffusion Model + LLM,-9.1857,-26.844
Diffusion Model + LLM,6.2132,-89.2986
Diffusion Model + LLM,-32.5365,-17.8661
Diffusion Model + LLM,-16.7502,45.2818
Diffusion Model + LLM,-18.365,5.3356
Diffusion Model + LLM,-96.4003,21.9515
Diffusion Model + LLM,-11.1012,28.6467
Diffusion Model + LLM,8.4197,87.3465
Diffusion Model + LLM,-34.2559,-72.612
Diffusion Model + LLM,48.9491,46.7664
Diffusion Model + LLM,2.9382,40.9081
Diffusion Model + LLM,-80.3661,-1.1245
Diffusion Model + LLM,-65.0047,-39.5362
Diffusion Model + LLM,-0.2943,3.0094
Diffusion Model + LLM,-39.9136,-16.9099
Diffusion Model + LLM,10.1432,42.8111
Diffusion Model + LLM,2.3108,39.8727
Diffusion Model + LLM,-56.998,11.561
Diffusion Model + LLM,-76.3468,41.1388
Diffusion Model + LLM,-39.4521,0.9774
Diffusion Model + LLM,-91.707,38.8821
Diffusion Model + LLM,-4.848,12.401
Diffusion Model + LLM,-13.9988,39.0075
Diffusion Model + LLM,-35.3236,-65.8194
Diffusion Model + LLM,-83.2956,2.0386
Diffusion Model + LLM,-34.3091,-82.8075
Diffusion Model + LLM,-74.8894,9.6249
Diffusion Model + LLM,-43.1637,58.5202
Diffusion Model + LLM,-78.0044,13.4895
Diffusion Model + LLM,-29.3498,-2.0271
Diffusion Model + LLM,-9.0584,29.8384
Diffusion Model + LLM,13.2755,63.6175
Diffusion Model + LLM,19.189,18.6341
Diffusion Model + LLM,7.9812,-91.977
Diffusion Model + LLM,-27.0366,-46.7835
Diffusion Model + LLM,-12.9044,-78.9412
Diffusion Model + LLM,-17.703,90.2841
Diffusion Model + LLM,-12.7982,30.0326
Diffusion Model + LLM,3.2094,40.9412
Diffusion Model + LLM,-3.3957,35.2666
Diffusion Model + LLM,5.8395,44.3848
Diffusion Model + LLM,-82.8846,23.4458
Diffusion Model + LLM,-9.4013,-28.9403
Diffusion Model + LLM,20.4211,6.6193
Diffusion Model + LLM,-54.5627,37.133
Diffusion Model + LLM,-53.3039,-20.1811
Diffusion Model + LLM,-67.5951,4.8993
Diffusion Model + LLM,9.0689,4.1852
Diffusion Model + LLM,-81.8897,59.0077
Diffusion Model + LLM,-9.0779,2.5327
Diffusion Model + LLM,-10.5944,-10.3179
Diffusion Model + LLM,-76.9692,8.5868
Diffusion Model + LLM,-30.0979,-54.5166
Diffusion Model + LLM,-37.5997,63.6485
Diffusion Model + LLM,-12.472,30.3568
Diffusion Model + LLM,6.8069,-1.8407
Diffusion Model + LLM,0.5,-66.9099
Diffusion Model + LLM,-10.4754,-56.8588
Diffusion Model + LLM,6.1283,-28.7341
Diffusion Model + LLM,-53.8581,44.0309
Diffusion Model + LLM,-59.1738,-10.167
Diffusion Model + LLM,-71.7876,58.0437
Diffusion Model + LLM,-36.5169,-75.1779
Diffusion Model + LLM,5.9312,23.1771
Diffusion Model + LLM,12.9977,45.5645
Diffusion Model + LLM,10.8324,43.5856
Diffusion Model + LLM,-68.6106,-30.236
Diffusion Model + LLM,19.9351,40.8828
Diffusion Model + LLM,-28.6792,35.5735
Diffusion Model + LLM,-39.0798,20.1536
Diffusion Model + LLM,-5.4401,-20.3268
Diffusion Model + LLM,-69.5447,43.3267
Diffusion Model + LLM,-93.7152,2.3792
Diffusion Model + LLM,-39.1661,-1.7056
Diffusion Model + LLM,-23.3195,66.2028
Diffusion Model + LLM,-14.5368,-19.2595
Diffusion Model + LLM,-8.2058,-21.6723
Diffusion Model + LLM,-1.9636,-52.1024
Diffusion Model + LLM,-0.4115,59.9789
Diffusion Model + LLM,-14.7838,33.7672
Diffusion Model + LLM,-53.6707,20.0492
Diffusion Model + LLM,-21.5812,65.016
Diffusion Model + LLM,18.5793,18.8443
Diffusion Model + LLM,-6.7023,14.71
Diffusion Model + LLM,-4.8476,-24.2307
Diffusion Model + LLM,-79.7499,11.181
Diffusion Model + LLM,22.5568,53.9335
Diffusion Model + LLM,-44.57,27.1048
Diffusion Model + LLM,-4.2107,-40.2529
Diffusion Model + LLM,-60.5711,-37.7456
Diffusion Model + LLM,21.6007,37.0667
Diffusion Model + LLM,-39.8225,-19.2813
Diffusion Model + LLM,-6.1015,86.7012
Diffusion Model + LLM,-61.926,-35.57
Diffusion Model + LLM,-10.7879,-27.3743
Diffusion Model + LLM,1.3525,52.6555
Diffusion Model + LLM,-71.5262,57.6741
Diffusion Model + LLM,11.0043,-27.7835
Diffusion Model + LLM,-83.4781,-2.9044
Diffusion Model + LLM,-63.5546,-30.6051
Diffusion Model + LLM,13.2588,0.4852
Diffusion Model + LLM,-50.0092,72.815
Diffusion Model + LLM,-39.2238,-54.0658
Diffusion Model + LLM,-5.3503,-44.1893
Diffusion Model + LLM,-28.3669,67.5389
Diffusion Model + LLM,-45.0292,-11.6028
Diffusion Model + LLM,-49.3858,35.7003
Diffusion Model + LLM,-56.3639,13.0497
Diffusion Model + LLM,-3.3428,31.4977
Diffusion Model + LLM,-22.2545,34.8827
Diffusion Model + LLM,-21.307,-53.687
Diffusion Model + LLM,-58.2649,23.3811
Diffusion Model + LLM,-54.4702,57.1569
Diffusion Model + LLM,-51.9051,71.8812
Diffusion Model + LLM,16.9707,-14.3668
Diffusion Model + LLM,-34.4922,-9.8535
Diffusion Model + LLM,-61.6591,8.1291
Diffusion Model + LLM,7.6236,-94.7837
Diffusion Model + LLM,3.8603,6.3207
Diffusion Model + LLM,20.0116,55.8387
Diffusion Model + LLM,-29.3306,-58.9656
Diffusion Model + LLM,-74.7253,-5.4529
Diffusion Model + LLM,-90.9556,-7.6898
Diffusion Model + LLM,-77.5618,41.0435
Diffusion Model + LLM,-52.1462,74.5474
Diffusion Model + LLM,-32.0657,2.246
Diffusion Model + LLM,-42.7603,74.3187
Diffusion Model + LLM,-46.2384,-1.0925
Diffusion Model + LLM,3.6846,-95.105
Diffusion Model + LLM,-1.7582,24.4903
Diffusion Model + LLM,3.997,88.9462
Diffusion Model + LLM,-15.9892,-47.1253
Diffusion Model + LLM,-14.8217,58.4853
Diffusion Model + LLM,-22.2043,17.3503
Diffusion Model + LLM,3.6407,-45.321
Diffusion Model + LLM,-74.2816,-7.8555
Diffusion Model + LLM,-9.8279,79.4795
Diffusion Model + LLM,-35.3678,-53.2942
Diffusion Model + LLM,-59.561,61.1431
Diffusion Model + LLM,10.0294,66.7761
Diffusion Model + LLM,9.0281,-64.0305
Diffusion Model + LLM,-74.1149,0.7878
Diffusion Model + LLM,-31.1821,-58.9026
Diffusion Model + LLM,-15.1288,10.7283
Diffusion Model + LLM,-46.1544,-29.0384
Diffusion Model + LLM,-67.7768,12.4598
Diffusion Model + LLM,-30.2052,-76.4141
Diffusion Model + LLM,-48.1268,-31.3542
Diffusion Model + LLM,-12.3424,-52.7764
Diffusion Model + LLM,-74.9252,-3.9302
Diffusion Model + LLM,-11.3061,-28.6661
Diffusion Model + LLM,-14.4301,85.4631
Diffusion Model + LLM,-4.7093,9.1749
Diffusion Model + LLM,12.7646,-1.6629
Diffusion Model + LLM,-66.8211,54.8347
Diffusion Model + LLM,7.5041,39.9293
Diffusion Model + LLM,-71.3519,63.3613
Diffusion Model + LLM,1.1648,44.9046
Diffusion Model + LLM,-93.9656,1.7698
Diffusion Model + LLM,-42.0622,87.8023
Diffusion Model + LLM,-51.4197,66.0722
Diffusion Model + LLM,11.4717,-56.7429
Diffusion Model + LLM,12.9239,24.2878
Diffusion Model + LLM,-55.5836,15.9628
Diffusion Model + LLM,-54.4634,-11.9782
Diffusion Model + LLM,-24.305,74.4513
Diffusion Model + LLM,-11.4062,-21.1033
Diffusion Model + LLM,-12.3499,-79.0214
Diffusion Model + LLM,-64.043,65.6486
Diffusion Model + LLM,-66.2337,-33.7885
Diffusion Model + LLM,-64.6715,-29.7881
Diffusion Model + LLM,-38.3987,47.116
Diffusion Model + LLM,-51.3375,-18.4512
Diffusion Model + LLM,-15.9916,7.1185
Diffusion Model + LLM,12.6286,-71.0414
Diffusion Model + LLM,-41.1138,-28.6497
Diffusion Model + LLM,4.8117,-62.7451
Diffusion Model + LLM,-55.3432,-9.0052
Diffusion Model + LLM,-57.0402,0.4265
Diffusion Model + LLM,-27.3129,25.0216
Diffusion Model + LLM,0.9304,43.6068
Diffusion Model + LLM,-47.0492,42.2058
Diffusion Model + LLM,2.9362,-46.6336
Diffusion Model + LLM,-0.556,77.5359
Diffusion Model + LLM,18.3791,-54.2444
Diffusion Model + LLM,-28.9393,-1.9845
Diffusion Model + LLM,9.1106,34.5678
Diffusion Model + LLM,-39.1811,-21.0286
Diffusion Model + LLM,-36.9181,-63.8944
Diffusion Model + LLM,-45.8919,19.8212
Diffusion Model + LLM,-44.7417,27.4095
Diffusion Model + LLM,-17.6428,12.4809
Diffusion Model + LLM,17.7218,54.1342
Diffusion Model + LLM,-28.4678,-12.2858
Diffusion Model + LLM,-42.2238,67.9354
Diffusion Model + LLM,9.9436,-59.7285
Diffusion Model + LLM,-38.338,58.7922
Diffusion Model + LLM,-83.7957,55.508
Diffusion Model + LLM,17.8635,15.3149
Diffusion Model + LLM,-2.6533,42.7284
Diffusion Model + LLM,-26.9074,69.3062
Diffusion Model + LLM,-31.3842,-78.6109
Diffusion Model + LLM,-93.4272,0.9308
Diffusion Model + LLM,-25.4412,-46.5616
Diffusion Model + LLM,-31.6525,-25.8777
Diffusion Model + LLM,-40.2455,-67.1535
Diffusion Model + LLM,-16.5936,-25.1808
Diffusion Model + LLM,7.9494,48.9666
Diffusion Model + LLM,-61.4577,-8.7294
Diffusion Model + LLM,-32.4169,87.46
Diffusion Model + LLM,-20.5648,-42.9939
Diffusion Model + LLM,10.6925,85.0095
Diffusion Model + LLM,-38.1045,47.36
Diffusion Model + LLM,-39.34,-28.6389
Diffusion Model + LLM,-9.045,-75.0288
Diffusion Model + LLM,-32.8445,-6.7219
Diffusion Model + LLM,9.8323,45.7501
Diffusion Model + LLM,-67.5994,53.7498
Diffusion Model + LLM,-28.6824,21.0625
Diffusion Model + LLM,-82.5707,-4.4863
Diffusion Model + LLM,9.8041,59.5424
Diffusion Model + LLM,-89.827,1.1615
Diffusion Model + LLM,-2.1451,-15.6913
Diffusion Model + LLM,-17.501,27.7593
Diffusion Model + LLM,-38.9384,42.1348
Diffusion Model + LLM,10.5906,43.4435
Diffusion Model + LLM,-31.1993,-65.4682
Diffusion Model + LLM,-70.6588,59.3339
Diffusion Model + LLM,-28.7043,-57.8955
Diffusion Model + LLM,-9.6792,4.6585
Diffusion Model + LLM,-63.4102,-18.4901
Diffusion Model + LLM,5.8685,49.4164
Diffusion Model + LLM,-40.7512,74.9575
Diffusion Model + LLM,-6.6963,-53.132
Diffusion Model + LLM,13.074,1.7345
Diffusion Model + LLM,3.9299,92.4564
Diffusion Model + LLM,-83.9717,6.3001
Diffusion Model + LLM,5.6257,-60.189
Diffusion Model + LLM,-60.6364,18.1631
Diffusion Model + LLM,-81.6634,58.114
Diffusion Model + LLM,-50.8391,-11.0608
Diffusion Model + LLM,-68.5474,-41.1525
Diffusion Model + LLM,-63.8571,63.5685
Diffusion Model + LLM,-24.0388,35.7056
Diffusion Model + LLM,-46.3648,58.5016
Diffusion Model + LLM,2.4632,-47.9264
Diffusion Model + LLM,-2.4267,-48.0322
Diffusion Model + LLM,13.5585,-0.2511
Diffusion Model + LLM,-24.0364,-76.5932
Diffusion Model + LLM,-34.3012,36.6316
Diffusion Model + LLM,2.2661,21.567
Diffusion Model + LLM,38.2872,7.0164
Diffusion Model + LLM,12.2725,25.8954
Diffusion Model + LLM,-1.7527,-72.0294
Diffusion Model + LLM,-72.8109,6.3017
Diffusion Model + LLM,-4.5475,-41.986
Diffusion Model + LLM,-21.2702,-46.4917
Diffusion Model + LLM,10.9566,11.084
Diffusion Model + LLM,-29.2592,-11.3021
Diffusion Model + LLM,-41.7409,46.6626
Diffusion Model + LLM,-50.9754,27.0836
Diffusion Model + LLM,-52.3719,-72.537
Diffusion Model + LLM,-10.4527,65.2176
Diffusion Model + LLM,-2.8333,-64.9297
Diffusion Model + LLM,-44.4822,-11.362
Diffusion Model + LLM,-91.8332,21.8347
Diffusion Model + LLM,-64.9268,-38.1923
Diffusion Model + LLM,-75.8285,9.7187
Diffusion Model + LLM,3.2943,76.4234
Diffusion Model + LLM,-78.1885,7.4701
Diffusion Model + LLM,-61.3581,73.8624
Diffusion Model + LLM,-31.5765,4.4
Diffusion Model + LLM,15.0798,-4.6779
Diffusion Model + LLM,-34.5753,-5.1449
Diffusion Model + LLM,-18.7382,30.0737
Diffusion Model + LLM,-47.847,-34.1115
Diffusion Model + LLM,-37.5508,19.4317
Diffusion Model + LLM,-4.1726,38.2191
Diffusion Model + LLM,-21.6602,27.6918
Diffusion Model + LLM,-85.2938,-2.2636
Diffusion Model + LLM,-59.7908,18.0729
Diffusion Model + LLM,-3.6755,-96.5854
Diffusion Model + LLM,-51.2115,-4.5084
Diffusion Model + LLM,-11.2604,27.8194
Diffusion Model + LLM,-58.881,73.8495
Diffusion Model + LLM,-28.8853,22.4235
Diffusion Model + LLM,-22.249,13.853
Diffusion Model + LLM,15.0078,-87.1568
Diffusion Model + LLM,0.1187,-52.7917
Diffusion Model + LLM,-25.0707,34.1282
Diffusion Model + LLM,-9.6273,76.436
Diffusion Model + LLM,-56.741,35.6075
Diffusion Model + LLM,-12.3794,-82.0735
Diffusion Model + LLM,-70.2105,-35.5786
Diffusion Model + LLM,-54.0893,-67.4658
Diffusion Model + LLM,-19.4839,73.8694
Diffusion Model + LLM,-41.3777,-5.3406
Diffusion Model + LLM,-28.6182,16.0729
Diffusion Model + LLM,-19.3051,43.7462
Diffusion Model + LLM,-27.6807,-55.8309
Diffusion Model + LLM,-45.6472,-8.3095
Diffusion Model + LLM,1.0262,-66.9376
Diffusion Model + LLM,4.1094,-5.941
Diffusion Model + LLM,-65.8999,-2.5866
Diffusion Model + LLM,-8.9636,52.8375
Diffusion Model + LLM,-32.0155,-56.4712
Diffusion Model + LLM,8.7786,-8.779
Diffusion Model + LLM,-70.4604,42.985
Diffusion Model + LLM,-38.162,85.046
Diffusion Model + LLM,-22.7453,-66.8949
Diffusion Model + LLM,-46.2669,-59.8147
Diffusion Model + LLM,-20.7081,3.5993
Diffusion Model + LLM,-92.4341,-9.6594
Diffusion Model + LLM,-58.2468,78.0122
Diffusion Model + LLM,-7.9819,-63.4111
Diffusion Model + LLM,-10.9415,-15.7207
Diffusion Model + LLM,-0.9834,89.795
Diffusion Model + LLM,21.6093,19.5603
Diffusion Model + LLM,-17.2119,23.0043
Diffusion Model + LLM,-21.4654,24.1294
Diffusion Model + LLM,3.9279,45.1306
Diffusion Model + LLM,-28.9843,25.5889
Diffusion Model + LLM,-31.7679,64.108
Diffusion Model + LLM,-14.3608,48.5151
Diffusion Model + LLM,-34.2499,-44.7716
Diffusion Model + LLM,-13.7256,-76.0891
Diffusion Model + LLM,-20.2756,-72.822
Diffusion Model + LLM,-21.3543,-64.0248
Diffusion Model + LLM,-6.7795,84.5097
Diffusion Model + LLM,-17.257,9.4608
Diffusion Model + LLM,13.4985,-0.4957
Diffusion Model + LLM,-47.9598,-46.9519
Diffusion Model + LLM,-61.7401,70.5684
Diffusion Model + LLM,10.2958,20.9627
Diffusion Model + LLM,2.7177,-81.3138
Diffusion Model + LLM,-3.5825,54.615
Diffusion Model + LLM,-47.7378,-66.9903
Diffusion Model + LLM,7.3973,64.4085
Diffusion Model + LLM,-26.7265,81.1387
Diffusion Model + LLM,0.7676,12.9428
Diffusion Model + LLM,5.5023,-17.1229
Diffusion Model + LLM,-2.8922,-52.0737
Diffusion Model + LLM,-25.685,61.6728
Diffusion Model + LLM,-19.1739,23.6264
Diffusion Model + LLM,-18.0775,-92.4826
Diffusion Model + LLM,-27.4947,5.1605
Diffusion Model + LLM,-48.2078,-59.8394
Diffusion Model + LLM,-5.5203,9.0648
Diffusion Model + LLM,-27.7984,-17.5301
Diffusion Model + LLM,-40.1312,26.5224
Diffusion Model + LLM,-1.6505,-41.388
Diffusion Model + LLM,-12.3324,15.6923
Diffusion Model + LLM,6.0402,69.8282
Diffusion Model + LLM,-45.5187,42.006
Diffusion Model + LLM,-2.8757,-20.322
Diffusion Model + LLM,-6.1247,52.0252
Diffusion Model + LLM,-24.6816,50.3567
Diffusion Model + LLM,-67.6337,52.7508
Diffusion Model + LLM,-48.3104,67.6338
Diffusion Model + LLM,-25.6058,-44.8693
Diffusion Model + LLM,-18.398,47.8789
Diffusion Model + LLM,-20.431,49.3822
Diffusion Model + LLM,-50.4368,-19.8357
Diffusion Model + LLM,-94.6316,20.0859
Diffusion Model + LLM,-75.8528,9.7058
Diffusion Model + LLM,-16.3955,18.861
Diffusion Model + LLM,-66.9277,-13.244
Diffusion Model + LLM,-41.265,46.6309
Diffusion Model + LLM,8.9749,-27.0327
Diffusion Model + LLM,4.0935,54.6625
Diffusion Model + LLM,-8.5551,40.2943
Diffusion Model + LLM,-67.2213,35.9263
Diffusion Model + LLM,-0.9076,-7.9387
Diffusion Model + LLM,-2.9784,-50.476
Diffusion Model + LLM,-9.1518,82.2402
Diffusion Model + LLM,-78.1225,5.9461
Diffusion Model + LLM,19.1668,15.3529
Diffusion Model + LLM,-6.9577,-32.0654
Diffusion Model + LLM,-28.3449,21.7528
Diffusion Model + LLM,-26.3391,-78.061
Diffusion Model + LLM,11.094,23.6634
Diffusion Model + LLM,12.5104,-92.6112
Diffusion Model + LLM,-92.318,39.1354
Diffusion Model + LLM,-9.375,34.0933
Diffusion Model + LLM,-45.6469,26.9512
Diffusion Model + LLM,22.8212,-2.9671
Diffusion Model + LLM,-22.0127,19.9509
Diffusion Model + LLM,7.797,1.1893
Diffusion Model + LLM,-11.1165,-80.9367
Diffusion Model + LLM,-91.6601,18.1102
Diffusion Model + LLM,-26.7663,-78.1559
Diffusion Model + LLM,-18.3964,6.4155
Diffusion Model + LLM,-15.115,72.3073
Diffusion Model + LLM,-36.1648,64.9861
Diffusion Model + LLM,-83.8907,16.7896
Diffusion Model + LLM,10.114,-68.0441
Diffusion Model + LLM,-65.7832,-49.6967
Diffusion Model + LLM,6.9503,-18.209
Diffusion Model + LLM,-13.4993,-90.885
Diffusion Model + LLM,-54.5766,37.1767
Diffusion Model + LLM,19.2426,45.7212
Diffusion Model + LLM,-32.7159,-19.1997
Diffusion Model + LLM,-20.2179,38.4615
Diffusion Model + LLM,-68.6923,-39.3092
Diffusion Model + LLM,2.7966,-67.0369
Diffusion Model + LLM,-10.0177,6.2683
Diffusion Model + LLM,-28.3842,-89.3963
Diffusion Model + LLM,0.7509,-89.5016
Diffusion Model + LLM,-51.349,-3.9599
Diffusion Model + LLM,-75.9242,-1.7753
Diffusion Model + LLM,-43.8629,-65.6827
Diffusion Model + LLM,-49.8931,41.8856
Diffusion Model + LLM,-3.7847,-22.0668
Diffusion Model + LLM,-7.4585,3.8377
Diffusion Model + LLM,-78.1519,-18.5966
Diffusion Model + LLM,-49.2472,-60.8598
Diffusion Model + LLM,-10.1543,-72.9038
Diffusion Model + LLM,-3.279,16.6315
Diffusion Model + LLM,-70.7964,1.9139
Diffusion Model + LLM,-18.7848,-42.1858
Diffusion Model + LLM,12.2103,23.2616
Diffusion Model + LLM,-17.0068,51.4392
Diffusion Model + LLM,8.6886,-5.1654
Diffusion Model + LLM,0.7559,-69.4607
Diffusion Model + LLM,23.4885,20.5077
Diffusion Model + LLM,-42.7864,-57.7837
Diffusion Model + LLM,9.6306,-66.9827
Diffusion Model + LLM,-15.9126,47.9366
Diffusion Model + LLM,-31.8489,30.083
Diffusion Model + LLM,-44.0047,9.3586
Diffusion Model + LLM,-4.8098,14.085
Diffusion Model + LLM,13.571,-72.2386
Diffusion Model + LLM,-70.7418,-39.5259
Diffusion Model + LLM,-40.128,-53.3674
Diffusion Model + LLM,12.3988,-93.1528
Diffusion Model + LLM,12.4508,61.9814
Diffusion Model + LLM,-34.9628,-75.2055
Diffusion Model + LLM,-41.7932,16.762
Diffusion Model + LLM,-25.6437,-15.6448
Diffusion Model + LLM,-4.9634,-22.242
Diffusion Model + LLM,-78.0743,8.2846
Diffusion Model + LLM,-1.7161,31.8413
Diffusion Model + LLM,-8.6677,-30.923
Diffusion Model + LLM,-70.7541,-18.9016
Diffusion Model + LLM,10.7879,85.7858
Diffusion Model + LLM,-43.6567,-13.6666
Diffusion Model + LLM,-21.9711,27.5324
Diffusion Model + LLM,-60.3111,74.1139
Diffusion Model + LLM,4.6446,76.0085
Diffusion Model + LLM,-51.3261,60.577
Diffusion Model + LLM,-11.7611,-73.0113
Diffusion Model + LLM,2.3344,-2.0519
Diffusion Model + LLM,-8.9987,-56.7768
Diffusion Model + LLM,-83.6707,55.2112
Diffusion Model + LLM,-92.5568,-5.2412
Diffusion Model + LLM,-9.5621,-62.0616
Diffusion Model + LLM,-24.0904,-51.4524
Diffusion Model + LLM,-3.199,76.6403
Diffusion Model + LLM,-65.6675,14.9179
Diffusion Model + LLM,-69.1794,5.4261
Diffusion Model + LLM,-11.0255,28.8956
Diffusion Model + LLM,16.0367,14.7568
Diffusion Model + LLM,-44.2107,-9.311
Diffusion Model + LLM,-49.8697,-9.3107
Diffusion Model + LLM,-47.5942,-74.8249
Diffusion Model + LLM,2.7314,-66.7572
Diffusion Model + LLM,15.2458,31.9275
Diffusion Model + LLM,-80.8714,4.545
Diffusion Model + LLM,-14.2828,-92.1282
Diffusion Model + LLM,9.5444,-26.2074
Diffusion Model + LLM,7.015,-91.8944
Diffusion Model + LLM,-30.6901,-0.2411
Diffusion Model + LLM,-80.7464,4.6688
Diffusion Model + LLM,-15.6836,7.3312
Diffusion Model + LLM,-29.1788,79.9869
Diffusion Model + LLM,-4.0566,28.0368
Diffusion Model + LLM,-60.0193,10.4975
Diffusion Model + LLM,-2.2058,-5.4128
Diffusion Model + LLM,-54.8907,-72.8313
Diffusion Model + LLM,-34.5305,27.8478
Diffusion Model + LLM,9.6773,-67.7332
Diffusion Model + LLM,8.5534,-66.5763
Diffusion Model + LLM,1.9221,-19.5805
Diffusion Model + LLM,-33.7827,4.3171
Diffusion Model + LLM,-75.1197,35.2563
Diffusion Model + LLM,-84.2802,6.1096
Diffusion Model + LLM,-82.9816,2.9605
Diffusion Model + LLM,-77.3033,-20.2915
Diffusion Model + LLM,-30.769,-89.5711
Diffusion Model + LLM,17.3821,47.5908
Diffusion Model + LLM,-36.8987,65.3067
Diffusion Model + LLM,-41.9743,9.3152
Diffusion Model + LLM,16.1043,11.0391
Diffusion Model + LLM,-23.7087,44.7024
Diffusion Model + LLM,-33.663,-17.665
Diffusion Model + LLM,-45.8894,13.5822
Diffusion Model + LLM,-3.2847,17.0885
Diffusion Model + LLM,-8.583,-55.8939
Diffusion Model + LLM,-19.9162,38.5022
Diffusion Model + LLM,-64.7993,54.5327
Diffusion Model + LLM,16.3744,27.5555
Diffusion Model + LLM,2.548,-30.1271
Diffusion Model + LLM,-36.1729,-13.8289
Diffusion Model + LLM,7.6857,1.1844
Diffusion Model + LLM,-1.0607,59.4187
Diffusion Model + LLM,-52.3167,57.9394
Diffusion Model + LLM,-34.8239,-9.9834
Diffusion Model + LLM,-44.3481,-0.6142
Diffusion Model + LLM,12.1435,16.4331
Diffusion Model + LLM,-35.2797,-10.1547
Diffusion Model + LLM,7.5299,88.0561
Diffusion Model + LLM,-15.6324,-46.8111
Diffusion Model + LLM,-23.1872,47.3315
Diffusion Model + LLM,-6.7643,-55.7007
Diffusion Model + LLM,11.9511,-58.9815
Diffusion Model + LLM,10.7829,-4.1114
Diffusion Model + LLM,-69.1712,-1.2941
Diffusion Model + LLM,-18.7245,27.5058
Diffusion Model + LLM,-62.8228,-29.2788
Diffusion Model + LLM,-83.7116,12.2906
Diffusion Model + LLM,-35.0383,58.3884
Diffusion Model + LLM,24.1384,-82.7343
Diffusion Model + LLM,-34.4781,-9.6926
Diffusion Model + LLM,16.1857,26.6327
Diffusion Model + LLM,-30.4789,-17.3967
Diffusion Model + LLM,-20.7258,-72.2971
Diffusion Model + LLM,-96.3302,0.1121
Diffusion Model + LLM,18.7716,23.0847
Diffusion Model + LLM,-25.3017,2.2382
Diffusion Model + LLM,-14.5814,-91.2246
Diffusion Model + LLM,-70.1272,31.5526
Diffusion Model + LLM,3.4284,-81.8272
Diffusion Model + LLM,-4.9165,-4.4208
Diffusion Model + LLM,4.9862,-61.3139
Diffusion Model + LLM,-7.6338,-9.9575
Diffusion Model + LLM,-24.3143,59.6508
Diffusion Model + LLM,-37.7497,-83.9255
Diffusion Model + LLM,-39.1008,2.0357
Diffusion Model + LLM,0.773,33.8151
Diffusion Model + LLM,8.5474,-8.5244
Diffusion Model + LLM,-52.6468,4.7946
Diffusion Model + LLM,-72.875,6.4974
Diffusion Model + LLM,-78.1668,9.4017
Diffusion Model + LLM,-36.0841,-72.175
Diffusion Model + LLM,-52.3978,-5.3787
Diffusion Model + LLM,-45.3722,-13.5433
Diffusion Model + LLM,-74.2549,1.1363
Diffusion Model + LLM,-14.5605,-91.0442
Diffusion Model + LLM,-11.0861,35.2674
Diffusion Model + LLM,-55.3627,41.1304
Diffusion Model + LLM,-14.6463,36.3277
Diffusion Model + LLM,-4.8552,-17.5151
Diffusion Model + LLM,14.7333,14.7614
Diffusion Model + LLM,-69.9009,63.9326
Diffusion Model + LLM,11.0828,79.4107
Diffusion Model + LLM,-43.8437,72.3276
Diffusion Model + LLM,-87.2687,23.2873
Diffusion Model + LLM,16.9315,-97.6975
Diffusion Model + LLM,3.4255,-20.4486
Diffusion Model + LLM,-40.6599,36.1303
Diffusion Model + LLM,-93.7275,23.9444
Diffusion Model + LLM,6.9736,5.4698
Diffusion Model + LLM,-39.4005,45.444
Diffusion Model + LLM,-18.4184,-30.4072
Diffusion Model + LLM,-48.4514,-77.6005
Diffusion Model + LLM,-84.4093,-0.3881
Diffusion Model + LLM,-29.8983,31.3851
Diffusion Model + LLM,-91.876,31.1727
Diffusion Model + LLM,2.1587,-28.7093
Diffusion Model + LLM,11.9031,65.6015
Diffusion Model + LLM,9.4953,-77.514
Diffusion Model + LLM,-22.4481,31.6223
Diffusion Model + LLM,-60.38,-32.1844
Diffusion Model + LLM,-60.8629,80.721
Diffusion Model + LLM,-6.0484,-63.4319
Diffusion Model + LLM,-35.0906,56.4894
Diffusion Model + LLM,-29.0273,-92.6035
Diffusion Model + LLM,-1.8868,-29.6032
Diffusion Model + LLM,-15.2968,-65.7992
Diffusion Model + LLM,7.567,48.9685
Diffusion Model + LLM,-53.2267,41.6829
Diffusion Model + LLM,-20.9592,48.6453
Diffusion Model + LLM,5.4883,-97.3972
Diffusion Model + LLM,7.4237,80.9968
Diffusion Model + LLM,-18.138,24.7865
Diffusion Model + LLM,-86.2846,0.9185
Diffusion Model + LLM,-9.8151,50.851
Diffusion Model + LLM,-39.356,-59.8799
Diffusion Model + LLM,-23.5653,19.669
Diffusion Model + LLM,-30.1564,-71.3128
Diffusion Model + LLM,-36.8239,0.3673
Diffusion Model + LLM,14.1207,20.6114
Diffusion Model + LLM,-3.4095,42.9981
Diffusion Model + LLM,6.1244,-25.3752
Diffusion Model + LLM,15.1397,36.039
Diffusion Model + LLM,-39.4081,-59.8742
Diffusion Model + LLM,-91.8607,-4.3352
Diffusion Model + LLM,-14.2047,-68.0844
Diffusion Model + LLM,-95.9547,21.1069
Diffusion Model + LLM,5.3964,63.9821
Diffusion Model + LLM,-43.6866,-1.312
Diffusion Model + LLM,-68.7419,14.8627
Diffusion Model + LLM,2.5487,75.5106
Diffusion Model + LLM,-4.7822,-31.7878
Diffusion Model + LLM,-0.3645,42.4134
Diffusion Model + LLM,-24.7264,-0.5959
Diffusion Model + LLM,-54.8201,-13.0093
Diffusion Model + LLM,-33.9324,60.8039
Diffusion Model + LLM,-23.0367,70.192
Diffusion Model + LLM,-19.4063,73.5988
Diffusion Model + LLM,-43.5707,73.783
Diffusion Model + LLM,-6.4148,-26.2048
Diffusion Model + LLM,-30.7461,-11.849
Diffusion Model + LLM,-37.4054,-63.154
Diffusion Model + LLM,-60.6219,-39.5155
Diffusion Model + LLM,-36.5742,-2.7987
Diffusion Model + LLM,-84.0259,40.3398
Diffusion Model + LLM,13.5471,-99.5163
Diffusion Model + LLM,-29.5318,24.0539
Diffusion Model + LLM,-10.3491,-78.2652
Diffusion Model + LLM,10.4085,-1.4951
Diffusion Model + LLM,-83.595,27.2476
Diffusion Model + LLM,-3.9568,6.4759
Diffusion Model + LLM,-28.1887,-48.5477
Diffusion Model + LLM,-16.1068,-93.3726
Diffusion Model + LLM,-95.6006,-2.3275
Diffusion Model + LLM,-2.5284,-27.4286
Diffusion Model + LLM,-12.2964,57.5502
Diffusion Model + LLM,5.3839,-74.5614
Diffusion Model + LLM,14.2703,25.6611
Diffusion Model + LLM,0.7298,-88.4083
Diffusion Model + LLM,-79.2226,6.9304
Diffusion Model + LLM,3.2326,52.2443
Diffusion Model + LLM,-64.4099,55.3654
Diffusion Model + LLM,-28.184,-73.2176
Diffusion Model + LLM,-86.9669,1.8018
Diffusion Model + LLM,-33.007,-10.7573
Diffusion Model + LLM,-45.0399,84.1854
Diffusion Model + LLM,-0.0126,-52.3236
Diffusion Model + LLM,-2.5791,-51.4671
Diffusion Model + LLM,-66.1272,23.642
Diffusion Model + LLM,-89.7006,22.5093
Diffusion Model + LLM,-42.3403,63.382
Diffusion Model + LLM,-0.2416,-5.9911
Diffusion Model + LLM,-74.876,37.3837
Diffusion Model + LLM,3.1814,19.1565
Diffusion Model + LLM,-51.1166,-10.7008
Diffusion Model + LLM,-14.2559,31.7495
Diffusion Model + LLM,-28.598,-85.5666
Diffusion Model + LLM,-49.0337,11.0592
Diffusion Model + LLM,-77.7973,-18.4627
Diffusion Model + LLM,-72.4498,-1.6668
Diffusion Model + LLM,-67.5189,66.1306
Diffusion Model + LLM,-6.6708,-20.9451
Diffusion Model + LLM,11.9682,20.0476
Diffusion Model + LLM,-19.6709,67.5134
Diffusion Model + LLM,-6.9928,-32.5194
Diffusion Model + LLM,-30.3569,66.2192
Diffusion Model + LLM,-6.4087,76.4948
Diffusion Model + LLM,5.1331,31.7085
Diffusion Model + LLM,-12.733,-14.7092
Diffusion Model + LLM,-53.3713,77.1179
Diffusion Model + LLM,3.2978,40.5417
Diffusion Model + LLM,-50.9997,-10.6648
Diffusion Model + LLM,8.4955,-68.2758
Diffusion Model + LLM,-32.6737,-44.7834
Diffusion Model + LLM,-16.0561,-40.6697
Diffusion Model + LLM,-73.8979,-16.8847
Diffusion Model + LLM,-58.6413,-6.7465
Diffusion Model + LLM,-46.8565,-10.7286
Diffusion Model + LLM,-0.7493,42.5033
Diffusion Model + LLM,-93.2716,24.8427
Diffusion Model + LLM,8.0135,-26.5722
Diffusion Model + LLM,-71.3459,9.4814
Diffusion Model + LLM,-52.6761,-60.0849
Diffusion Model + LLM,-0.2001,2.7279
Diffusion Model + LLM,-20.497,-15.3056
Diffusion Model + LLM,-26.7355,-6.053
Diffusion Model + LLM,-53.307,44.7623
Diffusion Model + LLM,13.3914,65.0064
Diffusion Model + LLM,-57.4745,32.0104
Diffusion Model + LLM,-52.8009,-19.5315
Diffusion Model + LLM,-30.6731,-19.6607
Diffusion Model + LLM,-23.0035,-59.204
Diffusion Model + LLM,-30.0359,-1.9195
Diffusion Model + LLM,-5.0081,83.7815
Diffusion Model + LLM,-10.469,-28.6619
Diffusion Model + LLM,20.6732,60.1879
Diffusion Model + LLM,-30.801,76.3174
Diffusion Model + LLM,-45.2308,7.38
Diffusion Model + LLM,-38.9292,-17.3667
Diffusion Model + LLM,1.9598,14.6116
Diffusion Model + LLM,-46.0249,-59.8913
Diffusion Model + LLM,-22.9836,-4.4761
Diffusion Model + LLM,-14.7225,-0.6985
Diffusion Model + LLM,-22.2378,-5.0967
Diffusion Model + LLM,-39.4841,44.5721
Diffusion Model + LLM,-66.034,2.7989
Diffusion Model + LLM,1.6914,-49.5213
Diffusion Model + LLM,6.1478,68.1511
Diffusion Model + LLM,11.9213,-73.2252
Diffusion Model + LLM,8.5607,-9.3965
Diffusion Model + LLM,9.5267,76.4086
Diffusion Model + LLM,-70.7845,43.0944
Diffusion Model + LLM,-83.0548,57.5148
Diffusion Model + LLM,-28.9856,33.005
Diffusion Model + LLM,16.3034,60.4841
Diffusion Model + LLM,-65.6348,44.4502
Diffusion Model + LLM,-83.924,56.3841
Diffusion Model + LLM,-13.2291,-77.5949
Diffusion Model + LLM,-17.6372,12.8805
Diffusion Model + LLM,9.8233,25.5731
Diffusion Model + LLM,-44.1487,27.2225
Diffusion Model + LLM,-25.7733,-12.8908
Diffusion Model + LLM,-38.4286,15.7455
Diffusion Model + LLM,-29.8051,-59.5288
Diffusion Model + LLM,12.5689,-20.8395
Diffusion Model + LLM,-44.8143,-37.6951
Diffusion Model + LLM,-43.3732,24.6542
Diffusion Model + LLM,11.1561,25.8253
Diffusion Model + LLM,5.0025,-5.4843
Diffusion Model + LLM,-3.2979,-47.9647
Diffusion Model + LLM,-19.1772,87.0315
Diffusion Model + LLM,12.7919,-94.3607
Diffusion Model + LLM,-2.8098,-30.3646
Diffusion Model + LLM,7.9068,-62.6736
Diffusion Model + LLM,-25.8488,71.9807
Diffusion Model + LLM,-50.1141,61.3112
Diffusion Model + LLM,-44.1294,75.4227
Diffusion Model + LLM,-38.9803,-7.0177
Diffusion Model + LLM,-45.101,-62.9247
Diffusion Model + LLM,-40.5917,-16.327
Diffusion Model + LLM,-53.658,71.091
Diffusion Model + LLM,1.2884,72.4502
Diffusion Model + LLM,16.5294,21.4441
Diffusion Model + LLM,6.0167,-57.0005
Diffusion Model + LLM,14.4932,-90.9418
Diffusion Model + LLM,-63.5233,-35.8346
Diffusion Model + LLM,13.6253,8.3589
Diffusion Model + LLM,13.6827,-1.6052
Diffusion Model + LLM,16.4986,20.8719
Diffusion Model + LLM,-83.5846,-7.6114
Diffusion Model + LLM,-28.9051,26.4347
Diffusion Model + LLM,-45.2449,7.342
Diffusion Model + LLM,-96.3417,26.4924
Diffusion Model + LLM,-20.7839,-68.4213
Diffusion Model + LLM,4.359,-57.1636
Diffusion Model + LLM,-75.9929,41.2065
Diffusion Model + LLM,9.1075,-21.3058
Diffusion Model + LLM,-76.4365,-13.8561
Diffusion Model + LLM,-43.5807,-62.8295
Diffusion Model + LLM,5.3867,-50.3407
Diffusion Model + LLM,-3.0842,-64.8415
Diffusion Model + LLM,-31.0634,22.8698
Diffusion Model + LLM,-3.292,9.3952
Diffusion Model + LLM,-38.2857,-8.1934
Diffusion Model + LLM,-4.4195,-27.3976
Diffusion Model + LLM,17.4518,58.4297
Diffusion Model + LLM,-38.5081,73.6096
Diffusion Model + LLM,-35.162,67.9856
Diffusion Model + LLM,-8.6018,-27.4679
Diffusion Model + LLM,3.0352,-48.7078
Diffusion Model + LLM,-52.1966,33.42
Diffusion Model + LLM,-48.8113,36.7365
Diffusion Model + LLM,-35.6342,-9.2856
Diffusion Model + LLM,19.295,33.07
Diffusion Model + LLM,-44.369,-54.3797
Diffusion Model + LLM,-47.6688,77.5212
Diffusion Model + LLM,-46.2561,36.9802
Diffusion Model + LLM,-38.8201,-21.584
Diffusion Model + LLM,10.3924,-71.5646
Diffusion Model + LLM,10.4564,-11.5434
Diffusion Model + LLM,-6.25,-27.3144
Diffusion Model + LLM,12.4272,-96.1842
Diffusion Model + LLM,-5.5053,-22.0411
Diffusion Model + LLM,-57.1268,56.9461
Diffusion Model + LLM,1.8217,-29.2558
Diffusion Model + LLM,-34.7021,58.3267
Diffusion Model + LLM,-52.3134,72.2771
Diffusion Model + LLM,-31.5895,68.1511
Diffusion Model + LLM,-60.8246,-36.4914
Diffusion Model + LLM,17.9039,-1.9346
Diffusion Model + LLM,16.263,60.5782
Diffusion Model + LLM,-5.8849,-61.0862
Diffusion Model + LLM,0.1767,-52.8333
Diffusion Model + LLM,17.7169,59.8007
Diffusion Model + LLM,-36.8073,-78.9641
Diffusion Model + LLM,7.0748,-94.3886
Diffusion Model + LLM,-20.4974,87.1704
Diffusion Model + LLM,24.1201,-85.6068
Diffusion Model + LLM,-34.4722,-4.9622
Diffusion Model + LLM,-52.7813,15.7475
Diffusion Model + LLM,-68.7857,14.6217
Diffusion Model + LLM,-35.268,81.7319
Diffusion Model + LLM,-96.1362,0.8036
Diffusion Model + LLM,-2.2599,-51.8758
Diffusion Model + LLM,5.1684,11.7441
Diffusion Model + LLM,-8.1527,-1.8137
Diffusion Model + LLM,-74.9616,19.2405
Diffusion Model + LLM,-74.2515,25.5852
Diffusion Model + LLM,-45.2204,66.2528
Diffusion Model + LLM,-0.6615,70.516
Diffusion Model + LLM,-55.9712,-7.9406
Diffusion Model + LLM,-33.9986,-5.9869
Diffusion Model + LLM,8.0582,18.8082
Diffusion Model + LLM,-71.8106,-3.574
Diffusion Model + LLM,-87.9725,35.5161
Diffusion Model + LLM,67.8259,3.0058
Diffusion Model + LLM,3.5824,36.1942
Diffusion Model + LLM,6.9961,64.4216
Diffusion Model + LLM,7.8032,65.1424
Diffusion Model + LLM,19.894,-86.7054
Diffusion Model + LLM,2.5957,-96.3208
Diffusion Model + LLM,1.4192,-88.0553
Diffusion Model + LLM,-5.1009,1.9134
Diffusion Model + LLM,13.8617,64.3849
Diffusion Model + LLM,-29.9047,30.7559
Diffusion Model + LLM,8.7627,59.7802
Diffusion Model + LLM,2.5542,79.2411
Diffusion Model + LLM,-12.1722,83.2492
Diffusion Model + LLM,5.1904,73.3764
Diffusion Model + LLM,-67.825,36.3851
Diffusion Model + LLM,-24.2199,38.1524
Diffusion Model + LLM,-6.6435,9.6988
Diffusion Model + LLM,-50.0361,-0.2736
Diffusion Model + LLM,-74.4308,-13.1703
Diffusion Model + LLM,-52.614,-19.571
Diffusion Model + LLM,-19.2508,-61.0128
Diffusion Model + LLM,-48.1947,8.5577
Diffusion Model + LLM,-29.4995,-21.3383
Diffusion Model + LLM,-4.7629,-45.2235
Diffusion Model + LLM,-28.5509,0.0383
Diffusion Model + LLM,-26.5298,-45.2517
Diffusion Model + LLM,-7.0677,-25.6329
Diffusion Model + LLM,1.1171,2.3087
Diffusion Model + LLM,-35.0954,14.0037
Diffusion Model + LLM,-2.6125,-46.1376
Diffusion Model + LLM,-34.2984,-45.8628
Diffusion Model + LLM,-28.4329,67.4327
Diffusion Model + LLM,-41.9006,16.8136
Diffusion Model + LLM,-38.4038,26.988
Diffusion Model + LLM,0.907,20.4643
Diffusion Model + LLM,-33.8154,53.3707
Diffusion Model + LLM,-32.3251,-85.7446
Diffusion Model + LLM,19.8569,7.1534
Diffusion Model + LLM,16.2467,11.0977
Diffusion Model + LLM,9.4298,15.6495
Diffusion Model + LLM,-8.5877,67.4208
Diffusion Model + LLM,-54.3208,-68.316
Diffusion Model + LLM,-48.7237,-33.3299
Diffusion Model + LLM,-35.3826,75.2209
Diffusion Model + LLM,-65.1285,-48.3884
Diffusion Model + LLM,-43.659,74.2982
Diffusion Model + LLM,-49.4077,-4.3415
Diffusion Model + LLM,-31.1483,-89.0062
Diffusion Model + LLM,4.1747,31.0163
Diffusion Model + LLM,-12.7995,13.8597
Diffusion Model + LLM,-43.1551,-78.6439
Diffusion Model + LLM,-8.9441,66.6377
Diffusion Model + LLM,4.3853,44.2643
Diffusion Model + LLM,7.2794,-93.862
Diffusion Model + LLM,-39.8151,-31.026
Diffusion Model + LLM,-15.8331,1.0239
Diffusion Model + LLM,-5.6468,20.1918
Diffusion Model + LLM,-89.5629,29.8417
Diffusion Model + LLM,-10.7904,-4.1669
Diffusion Model + LLM,-27.7324,36.4537
Diffusion Model + LLM,-5.8472,84.6364
Diffusion Model + LLM,-58.2368,50.2953
Diffusion Model + LLM,7.2952,-49.7754
Diffusion Model + LLM,1.651,67.9203
Diffusion Model + LLM,14.3589,14.7268
Diffusion Model + LLM,-0.76,-52.3025
Diffusion Model + LLM,-24.8403,30.7919
Diffusion Model + LLM,-33.7222,-22.5434
Diffusion Model + LLM,-64.8185,-32.0104
Diffusion Model + LLM,-37.4761,24.0806
Diffusion Model + LLM,-26.9615,12.7341
Diffusion Model + LLM,-74.8433,1.0991
Diffusion Model + LLM,-59.3085,-10.6244
Diffusion Model + LLM,-39.0167,-11.7692
Diffusion Model + LLM,3.0055,45.1569
Diffusion Model + LLM,-64.9849,-5.7849
Diffusion Model + LLM,11.2758,42.776
Diffusion Model + LLM,5.8043,-50.1612
Diffusion Model + LLM,-69.1854,-37.3133
Diffusion Model + LLM,-33.7812,-53.2917
Diffusion Model + LLM,-56.3013,39.9399
Diffusion Model + LLM,-82.1477,57.8454
Diffusion Model + LLM,10.1645,85.7056
Diffusion Model + LLM,-17.8078,14.6006
Diffusion Model + LLM,-81.7284,57.8866
Diffusion Model + LLM,-15.3414,54.3106
Diffusion Model + LLM,0.7813,-89.4975
Diffusion Model + LLM,11.0858,44.7736
Diffusion Model + LLM,-23.8459,47.9683
Diffusion Model + LLM,-31.6827,-10.7779
Diffusion Model + LLM,-31.472,-75.7058
Diffusion Model + LLM,-10.1522,-92.1287
Diffusion Model + LLM,-64.9421,18.6841
Diffusion Model + LLM,-8.0301,-63.6295
Diffusion Model + LLM,-10.0163,73.805
Diffusion Model + LLM,-3.5148,15.5348
Diffusion Model + LLM,-18.804,3.9404
Diffusion Model + LLM,-69.9681,45.2958
Diffusion Model + LLM,-3.9104,24.2302
Diffusion Model + LLM,-61.6681,24.6873
Diffusion Model + LLM,-0.5626,30.6465
Diffusion Model + LLM,-84.173,5.55
Diffusion Model + LLM,-51.1993,-73.1338
Diffusion Model + LLM,-42.1247,25.3354
Diffusion Model + LLM,-24.823,74.7307
Diffusion Model + LLM,-68.1741,-40.1536
Diffusion Model + LLM,-11.3999,18.1497
Diffusion Model + LLM,-24.11,16.1886
Diffusion Model + LLM,-81.891,58.9783
Diffusion Model + LLM,19.0377,-79.9033
Diffusion Model + LLM,-52.886,-71.1634
Diffusion Model + LLM,-53.54,43.3481
Diffusion Model + LLM,-22.6304,71.5417
Diffusion Model + LLM,-49.6934,36.1454
Diffusion Model + LLM,-65.8868,-48.8011
Diffusion Model + LLM,-63.7299,-34.4175
Diffusion Model + LLM,16.726,22.6026
Diffusion Model + LLM,-39.5435,2.948
Diffusion Model + LLM,18.7493,-98.485
Diffusion Model + LLM,3.7578,-27.7342
Diffusion Model + LLM,-12.747,-25.893
Diffusion Model + LLM,-75.132,2.0387
Diffusion Model + LLM,2.0801,-27.312
Diffusion Model + LLM,-45.0079,-37.8165
Diffusion Model + LLM,-69.9684,59.9117
Diffusion Model + LLM,-77.0814,14.728
Diffusion Model + LLM,-56.7891,6.5702
Diffusion Model + LLM,19.1911,-4.7422
Diffusion Model + LLM,-41.1131,-58.3473
Diffusion Model + LLM,7.1672,-68.8545
Diffusion Model + LLM,-18.5006,-9.5433
Diffusion Model + LLM,-3.6244,37.9442
Diffusion Model + LLM,-37.645,-60.4544
Diffusion Model + LLM,13.2987,63.6094
Diffusion Model + LLM,-2.818,-90.6075
Diffusion Model + LLM,-38.0061,88.4523
Diffusion Model + LLM,-43.2741,-11.6484
Diffusion Model + LLM,-43.822,5.3666
Diffusion Model + LLM,-23.0665,-53.2701
Diffusion Model + LLM,-6.8711,-57.9086
Diffusion Model + LLM,-83.551,55.9965
Diffusion Model + LLM,-41.6625,-62.1792
Diffusion Model + LLM,-36.0458,-82.906
Diffusion Model + LLM,-43.1624,35.8008
Diffusion Model + LLM,-7.5413,-9.3788
Diffusion Model + LLM,4.917,40.0621
Diffusion Model + LLM,1.1469,56.4176
Diffusion Model + LLM,-67.8426,-35.3085
Diffusion Model + LLM,-72.1518,6.6606
Diffusion Model + LLM,-2.3423,-57.6843
Diffusion Model + LLM,-36.2111,-54.5322
Diffusion Model + LLM,-28.542,69.903
Diffusion Model + LLM,-87.7246,0.8867
Diffusion Model + LLM,-34.3182,22.0418
Diffusion Model + LLM,-0.5719,-91.1579
Diffusion Model + LLM,-23.7235,88.2163
Diffusion Model + LLM,-53.1932,-67.746
Diffusion Model + LLM,-73.1019,-17.0577
Diffusion Model + LLM,-7.9333,4.7197
Diffusion Model + LLM,-13.4499,-83.7499
Diffusion Model + LLM,8.0013,-5.1154
Diffusion Model + LLM,-97.1939,-0.513
Diffusion Model + LLM,64.1545,-44.2432
Diffusion Model + LLM,5.6422,-80.0432
Diffusion Model + LLM,-45.5797,26.4631
Diffusion Model + LLM,-61.5134,71.7086
Diffusion Model + LLM,1.3158,76.9
Diffusion Model + LLM,0.0525,-60.1034
Diffusion Model + LLM,-2.2713,-26.318
Diffusion Model + LLM,4.0291,-16.9805
Diffusion Model + LLM,2.5262,-0.6528
Diffusion Model + LLM,-44.9041,27.5918
Diffusion Model + LLM,-29.505,-76.8127
Diffusion Model + LLM,-7.0921,-94.3896
Diffusion Model + LLM,6.2706,32.1337
Diffusion Model + LLM,-93.3285,24.6707
Diffusion Model + LLM,-59.6421,13.313
Diffusion Model + LLM,7.2595,43.3663
Diffusion Model + LLM,-45.7342,8.8835
Diffusion Model + LLM,-23.7186,50.045
Diffusion Model + LLM,-18.1628,64.397
Diffusion Model + LLM,-80.6203,-3.2422
Diffusion Model + LLM,-4.6735,-93.4084
Diffusion Model + LLM,-10.3752,57.242
Diffusion Model + LLM,-5.9632,47.6272
Diffusion Model + LLM,-59.2963,81.4255
Diffusion Model + LLM,-69.2733,-41.0916
Diffusion Model + LLM,3.2899,11.162
Diffusion Model + LLM,-7.6356,-7.129
Diffusion Model + LLM,-65.9762,60.3498
Diffusion Model + LLM,-55.85,-66.1043
Diffusion Model + LLM,-35.6859,69.3322
Diffusion Model + LLM,11.729,-69.1392
Diffusion Model + LLM,-20.0996,-46.7964
Diffusion Model + LLM,-14.8574,-25.7602
Diffusion Model + LLM,-70.0344,42.291
Diffusion Model + LLM,10.4734,-10.1224
Diffusion Model + LLM,-73.2304,-15.9139
Diffusion Model + LLM,-43.3291,-77.7262
Diffusion Model + LLM,22.3682,38.2444
Diffusion Model + LLM,-45.4679,27.946
Diffusion Model + LLM,-11.1665,46.1961
Diffusion Model + LLM,-43.1203,-57.5838
Diffusion Model + LLM,-43.8604,7.6191
Diffusion Model + LLM,-22.8327,-14.8822
Diffusion Model + LLM,21.0578,18.5794
Diffusion Model + LLM,18.8253,-98.4
Diffusion Model + LLM,-44.0436,-81.5155
Diffusion Model + LLM,-11.7155,40.6149
Diffusion Model + LLM,2.5595,-3.3152
Diffusion Model + LLM,12.0622,41.7317
Diffusion Model + LLM,-44.9776,53.7263
Diffusion Model + LLM,-69.9541,-39.087
Diffusion Model + LLM,-32.4124,-0.5
Diffusion Model + LLM,18.5062,58.1917
Diffusion Model + LLM,-31.8244,-24.358
Diffusion Model + LLM,-75.7458,-20.0423
Diffusion Model + LLM,-11.4526,-22.564
Diffusion Model + LLM,-3.3987,40.0394
Diffusion Model + LLM,22.741,52.5713
Diffusion Model + LLM,-62.1998,12.9501
Diffusion Model + LLM,-32.7888,-67.2302
Diffusion Model + LLM,-57.3544,76.6497
Diffusion Model + LLM,-66.9932,-39.0656
Diffusion Model + LLM,-7.0155,85.7378
Diffusion Model + LLM,-31.1415,-43.3097
Diffusion Model + LLM,3.8584,-90.0659
Diffusion Model + LLM,-9.6357,80.6049
Diffusion Model + LLM,-36.7255,16.1782
Diffusion Model + LLM,-60.8795,-13.8715
Diffusion Model + LLM,-66.5355,-2.6124
Diffusion Model + LLM,-58.6334,17.4209
Diffusion Model + LLM,-87.5136,21.4394
Diffusion Model + LLM,9.7742,-91.9183
Diffusion Model + LLM,-80.8439,0.874
Diffusion Model + LLM,-30.1478,-21.9372
Diffusion Model + LLM,-71.3572,6.6911
Diffusion Model + LLM,-52.6678,4.8531
Diffusion Model + LLM,-31.1826,84.9427
Diffusion Model + LLM,-78.2493,18.8849
Diffusion Model + LLM,-25.5922,87.2095
Diffusion Model + LLM,-4.9242,-90.8661
Diffusion Model + LLM,-41.1846,18.2486
Diffusion Model + LLM,2.2211,-4.2191
Diffusion Model + LLM,-33.8772,-59.0934
Diffusion Model + LLM,-17.0388,22.2853
Diffusion Model + LLM,7.9918,-0.6152
Diffusion Model + LLM,3.1107,11.9119
Diffusion Model + LLM,-45.5305,-13.9562
Diffusion Model + LLM,11.826,43.6564
Diffusion Model + LLM,16.5493,-3.9044
Diffusion Model + LLM,-31.8782,-26.3146
Diffusion Model + LLM,-73.5545,16.3527
Diffusion Model + LLM,-16.7771,43.2231
Diffusion Model + LLM,3.307,19.1522
Diffusion Model + LLM,-42.9,33.9148
Diffusion Model + LLM,-62.4526,73.7774
Diffusion Model + LLM,-63.7443,-34.5232
Diffusion Model + LLM,-94.1428,-0.3256
Diffusion Model + LLM,-44.7942,-12.7189
Diffusion Model + LLM,-50.621,-65.4199
Diffusion Model + LLM,-35.0168,16.6847
Diffusion Model + LLM,-90.8847,16.2711
Diffusion Model + LLM,-0.3357,2.9581
Diffusion Model + LLM,-56.6583,7.0531
Diffusion Model + LLM,-47.2563,32.6839
Diffusion Model + LLM,18.9516,-4.8251
Diffusion Model + LLM,-61.9535,6.2985
Diffusion Model + LLM,-17.5058,38.7087
Diffusion Model + LLM,19.357,59.2067
Diffusion Model + LLM,-47.3488,6.0139
Diffusion Model + LLM,-28.0041,-90.037
Diffusion Model + LLM,-66.9952,-39.287
Diffusion Model + LLM,-20.6767,3.7205
Diffusion Model + LLM,-4.9501,74.9976
Diffusion Model + LLM,-74.1938,25.9401
Diffusion Model + LLM,-18.4724,67.5053
Diffusion Model + LLM,-20.5801,11.5152
Diffusion Model + LLM,10.9512,42.91
Diffusion Model + LLM,-11.5844,-21.1547
Diffusion Model + LLM,0.2536,27.9649
Diffusion Model + LLM,6.2103,47.6074
Diffusion Model + LLM,-43.342,-52.8749
Diffusion Model + LLM,-26.2572,-71.1478
Diffusion Model + LLM,-39.6317,17.8093
Diffusion Model + LLM,-90.7276,7.8602
Diffusion Model + LLM,-12.6499,-46.7268
Diffusion Model + LLM,-48.3234,48.0909
Diffusion Model + LLM,16.8906,-81.9081
Diffusion Model + LLM,2.0676,-86.7907
Diffusion Model + LLM,-57.41,13.3889
Diffusion Model + LLM,-8.5281,50.1784
Diffusion Model + LLM,-70.1521,32.7409
Diffusion Model + LLM,4.4679,-56.6371
Diffusion Model + LLM,-8.5645,-91.283
Diffusion Model + LLM,13.5869,38.2482
Diffusion Model + LLM,-24.664,34.9982
Diffusion Model + LLM,0.1834,-5.4388
Diffusion Model + LLM,-38.7895,-64.7195
Diffusion Model + LLM,-32.4516,70.914
Diffusion Model + LLM,51.4467,53.2189
Diffusion Model + LLM,-2.4108,-77.1639
Diffusion Model + LLM,-89.5567,-7.2914
Diffusion Model + LLM,-19.9722,-7.6126
Diffusion Model + LLM,-50.9197,25.7872
Diffusion Model + LLM,-32.3135,27.0219
Diffusion Model + LLM,-29.3035,32.8603
Diffusion Model + LLM,-20.8206,-67.3732
Diffusion Model + LLM,19.9551,47.4933
Diffusion Model + LLM,-84.5358,56.5177
Diffusion Model + LLM,-54.2518,-69.7075
Diffusion Model + LLM,-27.3937,29.155
Diffusion Model + LLM,-26.4354,-6.2376
Diffusion Model + LLM,5.9428,-96.478
Diffusion Model + LLM,-5.8328,69.9728
Diffusion Model + LLM,-9.0287,-65.2156
Diffusion Model + LLM,-55.4486,-69.4268
Diffusion Model + LLM,19.7196,-82.9622
Diffusion Model + LLM,-45.6485,57.8751
Diffusion Model + LLM,-9.7897,-19.7013
Diffusion Model + LLM,-82.8041,40.4877
Diffusion Model + LLM,16.8538,35.4448
Diffusion Model + LLM,-24.8016,38.1709
Diffusion Model + LLM,-55.8648,72.7303
Diffusion Model + LLM,-50.0512,-62.4217
Diffusion Model + LLM,-6.4477,-21.4208
Diffusion Model + LLM,8.3463,17.339
Diffusion Model + LLM,-23.2727,66.2551
Diffusion Model + LLM,-69.1998,-44.033
Diffusion Model + LLM,-29.3509,-5.5703
Diffusion Model + LLM,-10.5753,-74.5649
Diffusion Model + LLM,-63.9476,57.518
Diffusion Model + LLM,6.0102,-50.0364
Diffusion Model + LLM,-34.4209,64.4479
Diffusion Model + LLM,3.7342,21.6711
Diffusion Model + LLM,-13.4063,19.987
Diffusion Model + LLM,7.4647,44.2064
Diffusion Model + LLM,-22.9955,-60.1354
Diffusion Model + LLM,-2.7017,36.4654
Diffusion Model + LLM,19.6302,47.5731
Diffusion Model + LLM,5.5227,20.3528
Diffusion Model + LLM,17.0799,1.7191
Diffusion Model + LLM,5.7315,55.4694
Diffusion Model + LLM,17.0085,9.562
Diffusion Model + LLM,-8.6103,29.0609
Diffusion Model + LLM,-41.5143,21.3125
Diffusion Model + LLM,-20.1063,-70.1252
Diffusion Model + LLM,-39.1032,25.4159
Diffusion Model + LLM,4.0019,19.5553
Diffusion Model + LLM,-72.7739,29.1703
Diffusion Model + LLM,16.7556,54.3469
Diffusion Model + LLM,-24.271,-29.6479
Diffusion Model + LLM,-87.7567,0.2405
Diffusion Model + LLM,-13.8976,80.5807
Diffusion Model + LLM,-72.4517,37.9454
Diffusion Model + LLM,15.4895,21.4451
Diffusion Model + LLM,5.4086,-95.1984
Diffusion Model + LLM,13.8335,-21.4692
Diffusion Model + LLM,-20.1832,65.0996
Diffusion Model + LLM,-27.8138,-85.9182
Diffusion Model + LLM,-31.9659,-65.9966
Diffusion Model + LLM,-27.3864,58.3462
Diffusion Model + LLM,-45.2246,-11.6993
Diffusion Model + LLM,-85.7961,35.6737
Diffusion Model + LLM,-70.1108,-15.5389
Diffusion Model + LLM,14.6717,31.8059
Diffusion Model + LLM,-12.7667,-25.5599
Diffusion Model + LLM,-35.9442,20.0829
Diffusion Model + LLM,-16.4999,18.8442
Diffusion Model + LLM,-5.614,19.3174
Diffusion Model + LLM,-67.8048,9.9711
Diffusion Model + LLM,1.6033,65.3616
Diffusion Model + LLM,-33.912,28.4055
Diffusion Model + LLM,3.6018,44.861
Diffusion Model + LLM,-43.2686,29.4231
Diffusion Model + LLM,0.4984,-22.8293
Diffusion Model + LLM,-43.5832,-59.9634
Diffusion Model + LLM,-78.5589,56.9067
Diffusion Model + LLM,-60.7671,-38.9604
Diffusion Model + LLM,-64.9474,-5.9761
Diffusion Model + LLM,-21.3153,-60.9932
Diffusion Model + LLM,-6.0229,47.3281
Diffusion Model + LLM,-20.6545,65.4088
Diffusion Model + LLM,5.8074,-77.2138
Diffusion Model + LLM,-87.9405,16.9908
Diffusion Model + LLM,-2.4311,-76.9416
Diffusion Model + LLM,8.8809,25.5029
Diffusion Model + LLM,-19.1627,73.5129
Diffusion Model + LLM,-8.6402,39.8189
Diffusion Model + LLM,-89.2027,-1.7081
Diffusion Model + LLM,-19.7833,-77.6517
Diffusion Model + LLM,-16.4534,-21.6636
Diffusion Model + LLM,-50.9866,-5.3017
Diffusion Model + LLM,-32.0853,-18.7333
Diffusion Model + LLM,-88.4444,14.9393
Diffusion Model + LLM,6.9452,-93.771
Diffusion Model + LLM,12.0233,-58.8558
Diffusion Model + LLM,-71.0993,11.0704
Diffusion Model + LLM,-9.0546,54.2916
Diffusion Model + LLM,15.8374,38.5606
Diffusion Model + LLM,4.5378,21.0395
Diffusion Model + LLM,-78.6527,-6.082
Diffusion Model + LLM,-92.955,39.469
Diffusion Model + LLM,16.4473,47.4773
Diffusion Model + LLM,10.2662,44.768
Diffusion Model + LLM,4.0694,21.0621
Diffusion Model + LLM,-3.6514,-45.3298
Diffusion Model + LLM,-24.0173,10.0153
Diffusion Model + LLM,-50.0432,46.4351
Diffusion Model + LLM,-37.9406,-85.1828
Diffusion Model + LLM,-43.5971,74.0074
Diffusion Model + LLM,-64.8484,-12.8612
Diffusion Model + LLM,-27.3625,20.2497
Diffusion Model + LLM,-21.5044,35.8842
Diffusion Model + LLM,11.1593,85.7068
Diffusion Model + LLM,-25.6315,-0.761
Diffusion Model + LLM,-24.8344,-90.4252
Diffusion Model + LLM,-32.4863,-16.8447
Diffusion Model + LLM,7.4468,-49.4716
Diffusion Model + LLM,-48.9527,61.0625
Diffusion Model + LLM,-0.3842,-73.9024
Diffusion Model + LLM,-3.4542,-46.4622
Diffusion Model + LLM,-24.463,79.0399
Diffusion Model + LLM,-17.5292,49.0477
Diffusion Model + LLM,-51.2818,-15.3209
Diffusion Model + LLM,13.5333,3.9301
Diffusion Model + LLM,-50.5685,46.717
Diffusion Model + LLM,-68.7757,14.829
Diffusion Model + LLM,-18.2661,65.5017
Diffusion Model + LLM,-29.9081,26.5562
Diffusion Model + LLM,-53.2188,-2.0299
Diffusion Model + LLM,-56.0664,79.5963
Diffusion Model + LLM,-67.8992,-31.5539
Diffusion Model + LLM,-26.23,-10.9714
Diffusion Model + LLM,-10.9523,48.9758
Diffusion Model + LLM,10.922,-2.8982
Diffusion Model + LLM,-20.1367,27.7272
Diffusion Model + LLM,-37.2491,-60.9288
Diffusion Model + LLM,-74.5059,41.7747
Diffusion Model + LLM,3.8224,-92.8522
Diffusion Model + LLM,11.6554,46.1563
Diffusion Model + LLM,-30.8736,-89.3114
Diffusion Model + LLM,-65.1644,11.7322
Diffusion Model + LLM,-22.0709,87.037
Diffusion Model + LLM,-47.6374,-78.4392
Diffusion Model + LLM,-47.1857,6.2367
Diffusion Model + LLM,8.7079,3.1104
Diffusion Model + LLM,-39.2297,37.3995
Diffusion Model + LLM,-12.5971,25.8479
Diffusion Model + LLM,7.0793,-56.4975
Diffusion Model + LLM,-67.5044,-15.5509
Diffusion Model + LLM,-2.4942,-77.49
Diffusion Model + LLM,13.6903,-98.234
Diffusion Model + LLM,-6.2344,-46.7371
Diffusion Model + LLM,-41.8206,86.7728
Diffusion Model + LLM,14.916,15.1445
Diffusion Model + LLM,-10.429,86.5773
Diffusion Model + LLM,-40.5534,-0.2521
Diffusion Model + LLM,-18.7732,27.4652
Diffusion Model + LLM,-8.6964,61.498
Diffusion Model + LLM,-23.2627,15.5872
Diffusion Model + LLM,-53.9588,74.3231
Diffusion Model + LLM,-16.6753,0.6632
Diffusion Model + LLM,2.575,14.2882
Diffusion Model + LLM,17.4971,5.7302
Diffusion Model + LLM,-8.2586,-3.9749
Diffusion Model + LLM,-24.9379,50.1967
Diffusion Model + LLM,10.0815,5.99
Diffusion Model + LLM,19.7874,23.3538
Diffusion Model + LLM,-1.8267,-44.8267
Diffusion Model + LLM,-74.8406,24.2802
Diffusion Model + LLM,22.9561,52.0406
Diffusion Model + LLM,-37.7184,73.0987
Diffusion Model + LLM,-4.4576,-11.3115
Diffusion Model + LLM,-8.3278,8.1365
Diffusion Model + LLM,-45.4232,-4.4609
Diffusion Model + LLM,13.1426,51.5941
Diffusion Model + LLM,-70.3886,-19.685
Diffusion Model + LLM,-49.4545,-77.14
Diffusion Model + LLM,-64.9794,57.7432
Diffusion Model + LLM,-53.6735,-67.7274
Diffusion Model + LLM,-14.4642,-19.0804
Diffusion Model + LLM,-62.8406,3.1956
Diffusion Model + LLM,-8.9946,80.7264
Diffusion Model + LLM,-5.6712,-97.7277
Diffusion Model + LLM,-38.6017,-65.6326
Diffusion Model + LLM,-6.1481,-27.2719
Diffusion Model + LLM,-27.2836,26.6642
Diffusion Model + LLM,-24.8029,-13.176
Diffusion Model + LLM,17.946,48.8483
Diffusion Model + LLM,-9.5626,48.957
Diffusion Model + LLM,-42.6058,-9.0742
Diffusion Model + LLM,-3.9634,85.8461
Diffusion Model + LLM,-46.1629,36.2193
Diffusion Model + LLM,-60.7764,-0.9628
Diffusion Model + LLM,-57.263,56.9775
Diffusion Model + LLM,-1.8019,-76.0898
Diffusion Model + LLM,-3.2261,9.3529
Diffusion Model + LLM,-19.504,-54.8957
Diffusion Model + LLM,-65.0975,-31.6558
Diffusion Model + LLM,-60.379,-62.7771
Diffusion Model + LLM,-9.4614,43.083
Diffusion Model + LLM,-25.558,25.6887
Diffusion Model + LLM,-66.0136,43.9233
Diffusion Model + LLM,7.4088,70.7592
Diffusion Model + LLM,-28.4116,-59.551
Diffusion Model + LLM,-31.77,68.2615
Diffusion Model + LLM,-14.2023,86.8152
Diffusion Model + LLM,-15.1786,-47.3847
Diffusion Model + LLM,14.9341,-3.386
Diffusion Model + LLM,4.7982,-55.6005
Diffusion Model + LLM,9.4344,-95.9303
Diffusion Model + LLM,-93.0717,-0.3088
Diffusion Model + LLM,6.7304,-5.0552
Diffusion Model + LLM,-82.7491,17.5871
Diffusion Model + LLM,-35.9224,18.6784
Diffusion Model + LLM,-19.0885,-57.4207
Diffusion Model + LLM,0.9218,-89.6396
Diffusion Model + LLM,8.234,-55.9482
Diffusion Model + LLM,-36.24,80.487
Diffusion Model + LLM,-56.1618,-67.9788
Diffusion Model + LLM,-91.286,-3.4723
Diffusion Model + LLM,-52.4461,21.1446
Diffusion Model + LLM,0.0128,-48.0567
Diffusion Model + LLM,7.8875,58.927
Diffusion Model + LLM,-96.1035,17.0099
Diffusion Model + LLM,-63.4981,10.8233
Diffusion Model + LLM,16.5397,17.6504
Diffusion Model + LLM,-5.768,23.531
Diffusion Model + LLM,14.9479,31.8686
Diffusion Model + LLM,2.1193,65.8342
Diffusion Model + LLM,-5.1721,17.9252
Diffusion Model + LLM,22.9115,52.4609
Diffusion Model + LLM,-44.8422,39.2694
Diffusion Model + LLM,21.7525,19.6181
Diffusion Model + LLM,-28.5424,-21.4596
Diffusion Model + LLM,-46.1152,35.9236
Diffusion Model + LLM,-86.5664,30.0789
Diffusion Model + LLM,-57.5684,-9.5783
Diffusion Model + LLM,-92.9817,7.9989
Diffusion Model + LLM,-31.5022,-50.9928
Diffusion Model + LLM,13.9308,45.1725
Diffusion Model + LLM,6.6432,56.5823
Diffusion Model + LLM,1.7075,-52.6168
Diffusion Model + LLM,-31.5143,-8.5876
Diffusion Model + LLM,-3.6835,-44.365
Diffusion Model + LLM,6.111,55.5788
Diffusion Model + LLM,-75.1727,19.8105
Diffusion Model + LLM,7.5309,68.8684
Diffusion Model + LLM,4.0564,-28.5855
Diffusion Model + LLM,-64.087,-18.1833
Diffusion Model + LLM,-18.2685,56.5079
Diffusion Model + LLM,17.7522,-87.1204
Diffusion Model + LLM,-0.4477,-31.5822
Diffusion Model + LLM,12.8764,54.8405
Diffusion Model + LLM,-8.7086,65.1627
Diffusion Model + LLM,-38.4622,-66.2969
Diffusion Model + LLM,19.6787,24.6101
Diffusion Model + LLM,-36.761,25.8915
Diffusion Model + LLM,-14.8787,-19.1733
Diffusion Model + LLM,-4.883,30.4635
Diffusion Model + LLM,-28.2983,76.5345
Diffusion Model + LLM,-28.6272,72.7099
Diffusion Model + LLM,-26.8377,-46.2378
Diffusion Model + LLM,15.5441,35.4718
Diffusion Model + LLM,-67.4912,17.1786
Diffusion Model + LLM,2.3324,-59.1856
Diffusion Model + LLM,5.0774,28.9125
Diffusion Model + LLM,11.9269,85.6899
Diffusion Model + LLM,-13.2568,20.9483
Diffusion Model + LLM,6.0324,29.6881
Diffusion Model + LLM,-44.6114,27.3987
Diffusion Model + LLM,-36.3064,84.2908
Diffusion Model + LLM,-34.6028,-8.5609
Diffusion Model + LLM,-18.383,57.0009
Diffusion Model + LLM,-29.5819,23.1321
Diffusion Model + LLM,-26.635,-6.0612
Diffusion Model + LLM,-24.3786,16.0547
Diffusion Model + LLM,-26.5611,-78.6399
Diffusion Model + LLM,-81.8096,0.691
Diffusion Model + LLM,3.1565,-19.8729
Diffusion Model + LLM,-18.5818,35.8278
Diffusion Model + LLM,-21.5335,-64.3665
Diffusion Model + LLM,15.79,-86.3646
Diffusion Model + LLM,-16.394,14.4628
Diffusion Model + LLM,-42.3882,-16.7722
Diffusion Model + LLM,-48.4507,-13.8702
Diffusion Model + LLM,-18.3936,23.6594
Diffusion Model + LLM,-39.8888,1.3989
Diffusion Model + LLM,-20.1952,64.5555
Diffusion Model + LLM,-20.7969,-67.4648
Diffusion Model + LLM,-42.8839,45.6212
Diffusion Model + LLM,4.8765,39.9142
Diffusion Model + LLM,-53.0351,53.3082
Diffusion Model + LLM,-23.0521,65.6874
Diffusion Model + LLM,-13.1569,-74.9018
Diffusion Model + LLM,-81.4409,40.6626
Diffusion Model + LLM,-8.3973,-55.835
Diffusion Model + LLM,-3.1241,14.5292
Diffusion Model + LLM,-66.8275,-41.9409
Diffusion Model + LLM,-67.6879,11.1517
Diffusion Model + LLM,-67.0633,40.513
Diffusion Model + LLM,0.0007,88.8113
Diffusion Model + LLM,1.8732,25.1126
Diffusion Model + LLM,-30.5462,55.1377
Diffusion Model + LLM,-33.5151,-52.187
Diffusion Model + LLM,-87.2269,36.6731
Diffusion Model + LLM,4.368,88.4766
Diffusion Model + LLM,-66.8547,3.5254
Diffusion Model + LLM,11.7654,2.0139
Diffusion Model + LLM,-64.7368,-44.4011
Diffusion Model + LLM,-2.423,15.051
Diffusion Model + LLM,-74.2875,11.3502
Diffusion Model + LLM,-53.0217,-4.7114
Diffusion Model + LLM,-51.2517,60.6133
Diffusion Model + LLM,7.1445,58.449
Diffusion Model + LLM,-71.2237,1.1598
Diffusion Model + LLM,-67.036,-13.0277
Diffusion Model + LLM,-31.6039,-22.3642
Diffusion Model + LLM,-42.7765,-26.3153
Diffusion Model + LLM,-51.1467,-10.7471
Diffusion Model + LLM,-32.5422,-22.7427
Diffusion Model + LLM,10.4584,-10.5802
Diffusion Model + LLM,-0.3721,-88.041
Diffusion Model + LLM,-11.2603,57.8819
Diffusion Model + LLM,-46.6732,32.8382
Diffusion Model + LLM,15.1967,10.3682
Diffusion Model + LLM,-69.2243,-33.6539
Diffusion Model + LLM,-50.8276,81.4827
Diffusion Model + LLM,5.2303,-0.841
Diffusion Model + LLM,-79.5583,5.4542
Diffusion Model + LLM,3.7185,65.7763
Diffusion Model + LLM,14.1437,-16.2708
Diffusion Model + LLM,-37.1301,81.4596
Diffusion Model + LLM,-91.2318,10.377
Diffusion Model + LLM,9.375,47.0104
Diffusion Model + LLM,-66.6417,-13.1073
Diffusion Model + LLM,2.7214,47.3743
Diffusion Model + LLM,-19.8633,-91.0486
Diffusion Model + LLM,-17.8027,49.2114
Diffusion Model + LLM,-56.7866,14.9417
Diffusion Model + LLM,-18.9121,-8.8505
Diffusion Model + LLM,-16.1698,-19.398
Diffusion Model + LLM,-34.0813,23.0959
Diffusion Model + LLM,-84.0779,0.8804
Diffusion Model + LLM,-49.0048,-60.8183
Diffusion Model + LLM,7.9156,-27.1101
Diffusion Model + LLM,19.0103,-4.1779
Diffusion Model + LLM,1.2002,40.4035
Diffusion Model + LLM,-0.8852,5.1121
Diffusion Model + LLM,17.1329,19.4716
Diffusion Model + LLM,-60.3033,53.8506
Diffusion Model + LLM,-0.3349,89.228
Diffusion Model + LLM,-61.695,29.4165
Diffusion Model + LLM,-54.2178,-13.5572
Diffusion Model + LLM,-58.8685,75.414
Diffusion Model + LLM,-63.221,-48.1242
Diffusion Model + LLM,-50.9391,-7.8925
Diffusion Model + LLM,-44.3169,39.6507
Diffusion Model + LLM,-13.8713,80.3648
Diffusion Model + LLM,16.0576,3.0264
Diffusion Model + LLM,-1.2563,79.6991
Diffusion Model + LLM,11.2843,40.1736
Diffusion Model + LLM,-2.7368,-46.6644
Diffusion Model + LLM,-63.4723,44.5867
Diffusion Model + LLM,63.0409,39.7131
Diffusion Model + LLM,-49.505,-75.3642
Diffusion Model + LLM,-63.4628,10.7753
Diffusion Model + LLM,1.9132,-90.0124
Diffusion Model + LLM,-40.0649,-55.1622
Diffusion Model + LLM,-9.4419,10.8704
Diffusion Model + LLM,-34.6765,60.3027
Diffusion Model + LLM,16.457,47.3894
Diffusion Model + LLM,-9.3078,6.1699
Diffusion Model + LLM,-2.5121,-3.1855
Diffusion Model + LLM,-52.5195,21.7009
Diffusion Model + LLM,-0.9312,-49.766
Diffusion Model + LLM,-16.4111,0.0154
Diffusion Model + LLM,-39.1379,-20.5523
Diffusion Model + LLM,11.1168,65.1145
Diffusion Model + LLM,-17.148,-78.0223
Diffusion Model + LLM,-55.971,80.4483
Diffusion Model + LLM,-20.6399,35.3105
Diffusion Model + LLM,-4.4304,-46.2229
Diffusion Model + LLM,-73.3408,-14.4383
Diffusion Model + LLM,13.0909,1.6028
Diffusion Model + LLM,-7.3363,-56.0608
Diffusion Model + LLM,-33.9387,-85.7826
Diffusion Model + LLM,7.771,-17.2532
Diffusion Model + LLM,-46.2019,-75.1553
Diffusion Model + LLM,-9.5537,-80.064
Diffusion Model + LLM,-9.9354,60.9218
Diffusion Model + LLM,7.9456,-74.0687
Diffusion Model + LLM,-23.9913,-14.6231
Diffusion Model + LLM,-95.7709,18.969
Diffusion Model + LLM,-25.9491,-92.9933
Diffusion Model + LLM,17.5601,-66.0114
Diffusion Model + LLM,-53.0614,33.8979
Diffusion Model + LLM,-40.6146,-0.0486
Diffusion Model + LLM,14.1701,36.5107
Diffusion Model + LLM,-79.054,24.5514
Diffusion Model + LLM,-24.5684,34.5359
Diffusion Model + LLM,9.2879,-56.7547
Diffusion Model + LLM,-20.7782,16.3337
Diffusion Model + LLM,-77.8701,29.0843
Diffusion Model + LLM,7.5355,88.0873
Diffusion Model + LLM,-23.1003,28.9388
Diffusion Model + LLM,2.4298,43.621
Diffusion Model + LLM,-49.6032,-20.1225
Diffusion Model + LLM,-28.4401,75.2018
Diffusion Model + LLM,-90.7711,23.7438
Diffusion Model + LLM,-24.289,64.0508
Diffusion Model + LLM,15.6067,26.6237
Diffusion Model + LLM,-27.4841,5.162
Diffusion Model + LLM,-6.0841,-2.1085
Diffusion Model + LLM,-37.5286,-60.6904
Diffusion Model + LLM,-9.9006,-79.6676
Diffusion Model + LLM,10.1093,16.2555
Diffusion Model + LLM,-91.051,17.2446
Diffusion Model + LLM,16.8237,-3.0067
Diffusion Model + LLM,-10.8336,69.0918
Diffusion Model + LLM,10.864,-56.8279
Diffusion Model + LLM,1.9777,40.5485
Diffusion Model + LLM,-8.3701,-9.4119
Diffusion Model + LLM,8.3984,28.197
Diffusion Model + LLM,-76.7482,20.8291
Diffusion Model + LLM,-84.3776,-8.2184
Diffusion Model + LLM,-71.4083,9.2362
Diffusion Model + LLM,-42.4301,82.6907
Diffusion Model + LLM,-18.8747,45.5358
Diffusion Model + LLM,-13.9625,38.7784
Diffusion Model + LLM,-78.3566,28.6081
Diffusion Model + LLM,-66.2188,5.6466
Diffusion Model + LLM,-22.0516,43.7901
Diffusion Model + LLM,-27.7852,-68.9032
Diffusion Model + LLM,-66.3372,72.8613
Diffusion Model + LLM,-20.917,27.3592
Diffusion Model + LLM,7.0096,-28.306
Diffusion Model + LLM,4.8667,-17.4915
Diffusion Model + LLM,-47.8037,-6.7994
Diffusion Model + LLM,-67.5068,41.727
Diffusion Model + LLM,12.2617,-95.9716
Diffusion Model + LLM,-46.4487,53.0129
Diffusion Model + LLM,-31.7754,4.4418
Diffusion Model + LLM,-58.2098,69.6869
Diffusion Model + LLM,2.7283,9.0838
Diffusion Model + LLM,-91.6533,38.9692
Diffusion Model + LLM,-25.2229,-10.0535
Diffusion Model + LLM,-48.0764,48.2366
Diffusion Model + LLM,-67.1877,39.9347
Diffusion Model + LLM,-51.2535,-15.1512
Diffusion Model + LLM,-44.4986,-54.3617
Diffusion Model + LLM,-4.329,-77.4395
Diffusion Model + LLM,-56.446,-70.1403
Diffusion Model + LLM,9.6961,84.8887
Diffusion Model + LLM,-65.9496,-2.2988
Diffusion Model + LLM,-15.5752,36.1178
Diffusion Model + LLM,-60.5815,-7.9714
Diffusion Model + LLM,-89.5994,10.0425
Diffusion Model + LLM,1.9957,-90.6012
Diffusion Model + LLM,-64.7046,-40.3384
Diffusion Model + LLM,-42.8049,-28.8794
Diffusion Model + LLM,-18.5022,-46.8072
Diffusion Model + LLM,-21.4798,-15.495
Diffusion Model + LLM,-10.0385,-23.9075
Diffusion Model + LLM,-33.0251,-21.4674
Diffusion Model + LLM,-37.661,54.1361
Diffusion Model + LLM,1.8943,-96.8475
Diffusion Model + LLM,-33.0368,-49.1899
Diffusion Model + LLM,-45.7556,-6.3527
Diffusion Model + LLM,-31.7828,-62.7049
Diffusion Model + LLM,-32.2971,87.4373
Diffusion Model + LLM,24.2847,-85.8303
Diffusion Model + LLM,-41.0637,-63.3635
Diffusion Model + LLM,-29.8643,-8.8628
Diffusion Model + LLM,9.2932,63.339
Diffusion Model + LLM,9.7364,59.3364
Diffusion Model + LLM,-36.9929,77.0514
Diffusion Model + LLM,-0.4207,-69.0797
Diffusion Model + LLM,-28.3711,-55.8939
Diffusion Model + LLM,-46.8788,65.1995
Diffusion Model + LLM,-32.5333,89.4855
Diffusion Model + LLM,-82.1421,27.6509
Diffusion Model + LLM,-43.2872,40.0685
Diffusion Model + LLM,-15.1164,-64.5012
Diffusion Model + LLM,-35.7288,-79.8585
Diffusion Model + LLM,-17.7036,-66.7486
Diffusion Model + LLM,-21.445,-90.198
Diffusion Model + LLM,-32.3183,30.948
Diffusion Model + LLM,-5.2542,-28.0819
Diffusion Model + LLM,-46.7559,86.069
Diffusion Model + LLM,4.5727,-26.1739
Diffusion Model + LLM,-19.0616,-10.642
Diffusion Model + LLM,-2.4038,26.6245
Diffusion Model + LLM,-59.236,-35.8683
Diffusion Model + LLM,-23.8773,43.7546
Diffusion Model + LLM,-68.3097,52.0777
Diffusion Model + LLM,14.1025,47.9579
Diffusion Model + LLM,-43.2655,9.9554
Diffusion Model + LLM,-31.4835,54.6343
Diffusion Model + LLM,20.1845,15.3476
Diffusion Model + LLM,19.9734,33.9275
Diffusion Model + LLM,-42.2263,-10.5398
Diffusion Model + LLM,-11.8343,-22.9783
Diffusion Model + LLM,19.4704,29.0051
Diffusion Model + LLM,-61.3554,63.839
Diffusion Model + LLM,-10.9584,46.7705
Diffusion Model + LLM,-13.4774,-28.0963
Diffusion Model + LLM,-72.7559,36.5549
Diffusion Model + LLM,-44.7693,35.235
Diffusion Model + LLM,21.9496,16.545
Diffusion Model + LLM,-61.3793,27.6233
Diffusion Model + LLM,-14.8776,-71.7209
Diffusion Model + LLM,10.9611,-75.6025
Diffusion Model + LLM,-65.064,-39.7859
Diffusion Model + LLM,-2.5929,-45.6304
Diffusion Model + LLM,9.5722,-92.5777
Diffusion Model + LLM,4.2047,-44.8027
Diffusion Model + LLM,-62.0397,9.8523
Diffusion Model + LLM,-77.2121,-20.0259
Diffusion Model + LLM,-24.7549,-76.2925
Diffusion Model + LLM,-0.0142,-88.4643
Diffusion Model + LLM,-32.9642,-0.6415
Diffusion Model + LLM,-59.3877,60.9925
Diffusion Model + LLM,-51.8837,34.1374
Diffusion Model + LLM,-46.683,-61.6719
Diffusion Model + LLM,9.3292,6.4343
Diffusion Model + LLM,-24.7439,-88.5897
Diffusion Model + LLM,-4.7447,-54.0518
Diffusion Model + LLM,-75.6068,38.6623
Diffusion Model + LLM,2.6566,43.628
Diffusion Model + LLM,-6.3466,-10.3817
Diffusion Model + LLM,-53.8318,41.7433
Diffusion Model + LLM,-44.6209,-64.0139
Diffusion Model + LLM,-51.948,-19.9206
Diffusion Model + LLM,-14.8962,76.3045
Diffusion Model + LLM,1.567,-21.7776
Diffusion Model + LLM,-63.6782,-30.7317
Diffusion Model + LLM,12.09,16.1903
Diffusion Model + LLM,-42.6724,61.3189
Diffusion Model + LLM,-85.8838,-7.5749
Diffusion Model + LLM,-72.9897,-18.0796
Diffusion Model + LLM,-22.1635,-29.38
Diffusion Model + LLM,2.3811,36.6964
Diffusion Model + LLM,-70.192,41.9085
Diffusion Model + LLM,-67.0968,8.5814
Diffusion Model + LLM,-19.1047,-73.93
Diffusion Model + LLM,-71.4448,-4.2772
Diffusion Model + LLM,-27.7794,-42.0072
Diffusion Model + LLM,-0.0935,30.8072
Diffusion Model + LLM,-96.9901,-1.2037
Diffusion Model + LLM,-30.691,-43.1708
Diffusion Model + LLM,-83.7281,39.5468
Diffusion Model + LLM,7.5642,59.0917
Diffusion Model + LLM,11.1146,-57.525
Diffusion Model + LLM,-93.2238,-4.5647
Diffusion Model + LLM,7.2657,78.4187
Diffusion Model + LLM,-69.4955,40.3162
Diffusion Model + LLM,3.4949,8.3665
Diffusion Model + LLM,-16.8512,13.9741
Diffusion Model + LLM,-3.569,-29.2218
Diffusion Model + LLM,-43.7364,38.6871
Diffusion Model + LLM,-28.4627,76.4111
Diffusion Model + LLM,-47.4932,-12.7004
Diffusion Model + LLM,-30.3899,81.0765
Diffusion Model + LLM,-60.4578,-38.5295
Diffusion Model + LLM,-42.7651,-59.237
Diffusion Model + LLM,2.2093,-48.5356
Diffusion Model + LLM,-64.3255,45.7497
Diffusion Model + LLM,-77.0562,28.924
Diffusion Model + LLM,-35.5154,-86.9154
Diffusion Model + LLM,-57.672,-4.064
Diffusion Model + LLM,-5.8127,-45.1126
Diffusion Model + LLM,-16.191,24.9439
Diffusion Model + LLM,-10.6128,-54.3553
Diffusion Model + LLM,-6.8413,-26.4788
Diffusion Model + LLM,-29.6834,-52.1493
Diffusion Model + LLM,-49.7763,-7.8453
Diffusion Model + LLM,-17.1269,56.9671
Diffusion Model + LLM,-31.1885,-63.2639
Diffusion Model + LLM,-44.2725,-36.6489
Diffusion Model + LLM,-15.1353,-65.7157
Diffusion Model + LLM,-46.9481,64.6266
Diffusion Model + LLM,-38.5384,26.0278
Diffusion Model + LLM,-36.2867,84.1692
Diffusion Model + LLM,-65.2265,59.4224
Diffusion Model + LLM,-16.8854,21.6768
Diffusion Model + LLM,-34.4301,90.9132
Diffusion Model + LLM,-50.866,-5.3982
Diffusion Model + LLM,-71.4318,3.0745
Diffusion Model + LLM,-21.3167,17.4872
Diffusion Model + LLM,-23.2644,-45.9652
Diffusion Model + LLM,-4.5352,54.2268
Diffusion Model + LLM,-86.3472,8.4037
Diffusion Model + LLM,-68.8698,-31.342
Diffusion Model + LLM,-29.7999,-43.5143
Diffusion Model + LLM,-40.5008,47.6011
Diffusion Model + LLM,-66.7557,-13.3498
Diffusion Model + LLM,19.8037,34.1267
Diffusion Model + LLM,-8.8972,50.0027
Diffusion Model + LLM,-87.4012,3.3047
Diffusion Model + LLM,-68.8983,-34.4504
Diffusion Model + LLM,-31.8235,52.7446
Diffusion Model + LLM,-13.3479,7.691
Diffusion Model + LLM,7.2101,28.1634
Diffusion Model + LLM,20.2717,5.5356
Diffusion Model + LLM,-16.246,87.7104
Diffusion Model + LLM,5.663,55.545
Diffusion Model + LLM,-40.1118,42.9383
Diffusion Model + LLM,-21.0432,-54.1237
Diffusion Model + LLM,-2.6183,-89.2742
Diffusion Model + LLM,-8.8638,-63.4826
Diffusion Model + LLM,-49.9072,42.677
Diffusion Model + LLM,-21.5376,46.6123
Diffusion Model + LLM,20.7724,37.4373
Diffusion Model + LLM,-37.1704,12.5429
Diffusion Model + LLM,-35.1894,22.1715
Diffusion Model + LLM,-72.3712,-36.8312
Diffusion Model + LLM,-4.3944,-44.0144
Diffusion Model + LLM,7.0037,7.9081
Diffusion Model + LLM,10.042,49.7206
Diffusion Model + LLM,-72.9723,41.4431
Diffusion Model + LLM,4.1709,-2.8491
Diffusion Model + LLM,-44.1493,-7.8204
Diffusion Model + LLM,-4.5875,-65.3154
Diffusion Model + LLM,7.4153,26.1146
Diffusion Model + LLM,-57.4167,-7.7866
Diffusion Model + LLM,-59.8854,10.4112
Diffusion Model + LLM,-58.1351,76.6298
Diffusion Model + LLM,-18.9375,55.2421
Diffusion Model + LLM,7.2485,25.0808
Diffusion Model + LLM,-58.1256,38.1259
Diffusion Model + LLM,-30.2349,-10.9646
Diffusion Model + LLM,-1.7478,43.8824
Diffusion Model + LLM,19.2147,-86.6308
Diffusion Model + LLM,6.8682,-15.7658
Diffusion Model + LLM,-30.9557,-73.7269
Diffusion Model + LLM,-12.1866,32.9768
Diffusion Model + LLM,-62.2982,-48.5301
Diffusion Model + LLM,-12.527,-50.0389
Diffusion Model + LLM,0.9415,71.6874
Diffusion Model + LLM,-73.1972,-21.6007
Diffusion Model + LLM,-72.202,36.8992
Diffusion Model + LLM,-26.6104,-16.5537
Diffusion Model + LLM,19.351,22.7761
Diffusion Model + LLM,-49.2348,11.0335
Diffusion Model + LLM,-62.7971,70.7677
Diffusion Model + LLM,-2.8891,54.0885
Diffusion Model + LLM,-31.5609,-90.1974
Diffusion Model + LLM,-64.1835,46.0144
Diffusion Model + LLM,-42.0944,9.7195
Diffusion Model + LLM,12.6111,-88.5156
Diffusion Model + LLM,-19.2645,27.7965
Diffusion Model + LLM,-23.2623,20.246
Diffusion Model + LLM,-3.3022,15.7435
Diffusion Model + LLM,-9.7581,60.9196
Diffusion Model + LLM,-63.2441,-47.7662
Diffusion Model + LLM,9.076,-27.3539
Diffusion Model + LLM,-23.924,-77.5516
Diffusion Model + LLM,-19.4318,73.5919
Diffusion Model + LLM,-51.652,-9.9253
Diffusion Model + LLM,-70.8425,9.667
Diffusion Model + LLM,2.155,-78.3392
Diffusion Model + LLM,-30.457,67.9215
Diffusion Model + LLM,-34.2795,67.0552
Diffusion Model + LLM,22.9379,52.2101
Diffusion Model + LLM,11.7141,-94.6164
Diffusion Model + LLM,-60.0536,-31.637
Diffusion Model + LLM,3.6959,69.1744
Diffusion Model + LLM,9.2377,6.5224
Diffusion Model + LLM,18.2469,-3.013
Diffusion Model + LLM,-31.0983,0.8155
Diffusion Model + LLM,2.2496,-21.6489
Diffusion Model + LLM,8.4072,8.2576
Diffusion Model + LLM,-93.0606,-4.19
Diffusion Model + LLM,4.9614,-27.2631
Diffusion Model + LLM,-11.6669,48.2813
Diffusion Model + LLM,-61.7478,2.8708
Diffusion Model + LLM,8.3257,19.0426
Diffusion Model + LLM,-67.0272,-13.3096
Diffusion Model + LLM,-23.9294,73.9692
Diffusion Model + LLM,-19.0454,39.9049
Diffusion Model + LLM,-31.7342,-25.9885
Diffusion Model + LLM,-46.9656,-12.3875
Diffusion Model + LLM,-60.9715,54.1949
Diffusion Model + LLM,-33.9185,23.2702
Diffusion Model + LLM,13.3645,56.6452
Diffusion Model + LLM,-14.3933,0.4909
Diffusion Model + LLM,-45.5296,11.5573
Diffusion Model + LLM,-80.2897,-1.3254
Diffusion Model + LLM,-43.3396,-8.4845
Diffusion Model + LLM,-2.9396,80.5407
Diffusion Model + LLM,6.9956,-96.3013
Diffusion Model + LLM,-38.7391,-64.7565
Diffusion Model + LLM,17.4479,38.7392
Diffusion Model + LLM,-65.8024,-29.1641
Diffusion Model + LLM,-50.1166,-12.9932
Diffusion Model + LLM,-25.9199,80.479
Diffusion Model + LLM,-13.2499,30.8678
Diffusion Model + LLM,-20.7324,12.9298
Diffusion Model + LLM,-26.0182,14.4298
Diffusion Model + LLM,-63.9786,-34.4346
Diffusion Model + LLM,-38.2056,87.4199
Diffusion Model + LLM,-4.1348,-30.0045
Diffusion Model + LLM,-66.2606,55.5917
Diffusion Model + LLM,-13.9844,8.7374
Diffusion Model + LLM,-66.6288,44.3664
Diffusion Model + LLM,5.5607,-55.4403
Diffusion Model + LLM,3.434,-58.0468
Diffusion Model + LLM,-64.9018,-40.3748
Diffusion Model + LLM,-41.3283,46.8422
Diffusion Model + LLM,6.8509,41.9652
Diffusion Model + LLM,-14.5448,75.6141
Diffusion Model + LLM,-43.7308,-10.8621
Diffusion Model + LLM,-63.294,18.4981
Diffusion Model + LLM,68.9342,-62.9963
Diffusion Model + LLM,-36.856,-2.8522
Diffusion Model + LLM,23.6865,56.3809
Diffusion Model + LLM,-59.1044,-32.351
Diffusion Model + LLM,22.6235,19.4128
Diffusion Model + LLM,-72.0761,59.7584
Diffusion Model + LLM,-5.0053,0.6746
Diffusion Model + LLM,-19.8424,-48.3548
Diffusion Model + LLM,11.9932,1.0251
Diffusion Model + LLM,19.1846,46.2502
Diffusion Model + LLM,-25.624,-0.4195
Diffusion Model + LLM,-20.9233,5.7532
Diffusion Model + LLM,10.783,17.3701
Diffusion Model + LLM,-83.217,15.6785
Diffusion Model + LLM,-94.1101,2.9217
Diffusion Model + LLM,-2.163,-18.7216
Diffusion Model + LLM,-21.7181,-16.0229
Diffusion Model + LLM,1.349,-9.7637
Diffusion Model + LLM,4.0464,18.6993
Diffusion Model + LLM,-19.6673,-45.2888
Diffusion Model + LLM,-21.2666,17.6687
Diffusion Model + LLM,-26.8148,-68.8244
Diffusion Model + LLM,8.5711,85.546
Diffusion Model + LLM,-73.3618,-16.5507
Diffusion Model + LLM,-73.3073,13.794
Diffusion Model + LLM,-43.1202,10.4917
Diffusion Model + LLM,-1.0551,5.367
Diffusion Model + LLM,-40.3409,45.7723
Diffusion Model + LLM,7.5799,70.5198
Diffusion Model + LLM,3.6808,43.9413
Diffusion Model + LLM,-75.1622,24.6142
Diffusion Model + LLM,-10.1842,54.729
Diffusion Model + LLM,18.2675,58.633
Diffusion Model + LLM,-4.7545,-93.527
Diffusion Model + LLM,-44.1305,9.3755
Diffusion Model + LLM,-0.733,40.7399
Diffusion Model + LLM,-0.7817,-52.2194
Diffusion Model + LLM,-13.1537,-47.9721
Diffusion Model + LLM,-25.6349,2.2661
Diffusion Model + LLM,-21.2754,-7.9771
Diffusion Model + LLM,1.8275,36.5605
Diffusion Model + LLM,6.31,66.3785
Diffusion Model + LLM,-19.8877,39.3663
Diffusion Model + LLM,-73.9518,25.8401
Diffusion Model + LLM,-91.5724,17.0343
Diffusion Model + LLM,-25.8528,-93.2591
Diffusion Model + LLM,-46.4202,-36.446
Diffusion Model + LLM,-22.5114,-73.6741
Diffusion Model + LLM,3.486,-97.1425
Diffusion Model + LLM,-70.3319,1.8665
Diffusion Model + LLM,12.6304,62.3294
Diffusion Model + LLM,14.2684,53.5273
Diffusion Model + LLM,-19.7882,-44.7709
Diffusion Model + LLM,3.5556,77.4405
Diffusion Model + LLM,14.561,2.239
Diffusion Model + LLM,17.3439,-89.501
Diffusion Model + LLM,1.6627,-43.9055
Diffusion Model + LLM,-33.846,-3.9044
Diffusion Model + LLM,-13.8108,43.0784
Diffusion Model + LLM,-83.8675,39.7097
Diffusion Model + LLM,3.1526,76.7925
Diffusion Model + LLM,-7.7009,59.3797
Diffusion Model + LLM,-32.0296,27.9863
Diffusion Model + LLM,-10.8067,-27.4904
Diffusion Model + LLM,21.8577,-52.029
Diffusion Model + LLM,-13.8953,-41.7911
Diffusion Model + LLM,-15.4087,59.0964
Diffusion Model + LLM,64.2852,-44.4322
Diffusion Model + LLM,-27.8727,-15.3919
Diffusion Model + LLM,-55.5412,66.9743
Diffusion Model + LLM,-15.1615,87.922
Diffusion Model + LLM,-38.9881,22.952
Diffusion Model + LLM,-16.0565,24.1585
Diffusion Model + LLM,-44.671,86.7161
Diffusion Model + LLM,-22.2112,17.6435
Diffusion Model + LLM,-13.7522,9.1877
Diffusion Model + LLM,-37.8017,18.6458
Diffusion Model + LLM,-35.1144,81.5711
Diffusion Model + LLM,3.5161,-51.307
Diffusion Model + LLM,-14.4415,61.7448
Diffusion Model + LLM,18.5685,58.2553
Diffusion Model + LLM,-5.5143,-28.6761
Diffusion Model + LLM,6.6818,-95.2447
Diffusion Model + LLM,4.5218,-93.0393
Diffusion Model + LLM,-92.7742,31.1681
Diffusion Model + LLM,-12.9101,-70.3009
Diffusion Model + LLM,18.2842,-89.6343
Diffusion Model + LLM,-19.8512,-7.4644
Diffusion Model + LLM,-23.9252,79.0031
Diffusion Model + LLM,-4.8581,29.184
Diffusion Model + LLM,-11.4058,80.1268
Diffusion Model + LLM,-36.6717,16.2603
Diffusion Model + LLM,-53.2136,-10.0902
Diffusion Model + LLM,-42.7659,-9.1201
Diffusion Model + LLM,-42.9038,-29.5128
Diffusion Model + LLM,-6.2862,-84.698
Diffusion Model + LLM,-4.4325,-96.9672
Diffusion Model + LLM,-93.0086,19.1033
Diffusion Model + LLM,-28.3483,-59.118
Diffusion Model + LLM,-39.9898,-67.0719
Diffusion Model + LLM,-39.4993,-63.4331
Diffusion Model + LLM,-8.2566,-26.29
Diffusion Model + LLM,-47.5471,-78.4061
Diffusion Model + LLM,13.7625,64.1465
Diffusion Model + LLM,-10.4688,-29.2743
Diffusion Model + LLM,-45.1386,-8.5066
Diffusion Model + LLM,-2.5099,-73.0199
Diffusion Model + LLM,-67.702,11.0991
Diffusion Model + LLM,-6.005,52.0234
Diffusion Model + LLM,-52.2804,-0.0695
Diffusion Model + LLM,-3.9947,-40.6056
Diffusion Model + LLM,-60.5938,12.1876
Diffusion Model + LLM,-66.7409,44.4258
Diffusion Model + LLM,11.1673,73.2256
Diffusion Model + LLM,-49.645,-37.6055
Diffusion Model + LLM,17.8849,20.6772
Diffusion Model + LLM,-25.9918,64.4499
Diffusion Model + LLM,-71.8053,8.1122
Diffusion Model + LLM,5.8442,34.7165
Diffusion Model + LLM,-4.8278,50.6275
Diffusion Model + LLM,-62.2123,-29.7602
Diffusion Model + LLM,-52.1415,27.0185
Diffusion Model + LLM,4.2878,90.1235
Diffusion Model + LLM,-26.6994,-57.3376
Diffusion Model + LLM,-62.4432,3.3134
Diffusion Model + LLM,-0.7728,-73.567
Diffusion Model + LLM,-29.9158,-87.2987
Diffusion Model + LLM,-92.5527,29.1803
Diffusion Model + LLM,1.0206,91.5622
Diffusion Model + LLM,-21.8629,-73.9967
Diffusion Model + LLM,-22.6387,-81.6494
Diffusion Model + LLM,-82.794,19.0437
Diffusion Model + LLM,-34.0353,-5.7773
Diffusion Model + LLM,-50.2065,12.1563
Diffusion Model + LLM,13.5826,-100.0246
Diffusion Model + LLM,-22.8044,-66.1425
Diffusion Model + LLM,-42.4057,63.28
Diffusion Model + LLM,7.6601,49.9873
Diffusion Model + LLM,-10.8762,-48.233
Diffusion Model + LLM,-1.4284,5.8025
Diffusion Model + LLM,-20.7916,-69.6501
Diffusion Model + LLM,-10.0728,-77.2091
Diffusion Model + LLM,-42.1341,-59.8207
Diffusion Model + LLM,-94.5957,0.2667
Diffusion Model + LLM,-47.6798,-19.7366
Diffusion Model + LLM,-67.0864,-41.7061
Diffusion Model + LLM,-40.6904,-29.4972
Diffusion Model + LLM,-82.3431,57.3242
Diffusion Model + LLM,10.3911,-71.6165
Diffusion Model + LLM,16.0762,29.271
Diffusion Model + LLM,19.6218,5.8867
Diffusion Model + LLM,-11.6533,35.3854
Diffusion Model + LLM,-3.651,-96.5995
Diffusion Model + LLM,-30.2771,-51.7527
Diffusion Model + LLM,5.0992,88.8644
Diffusion Model + LLM,-31.0348,-1.1104
Diffusion Model + LLM,9.6287,-78.0559
Diffusion Model + LLM,-89.5855,33.6837
Diffusion Model + LLM,-45.0493,-62.8275
Diffusion Model + LLM,-54.0648,-70.0311
Diffusion Model + LLM,-62.7691,13.0137
Diffusion Model + LLM,-79.7324,11.3237
Diffusion Model + LLM,-85.5221,18.515
Diffusion Model + LLM,-50.9929,21.8568
Diffusion Model + LLM,15.0316,18.4326
Diffusion Model + LLM,6.5045,-56.2767
Diffusion Model + LLM,-26.3101,-85.6155
Diffusion Model + LLM,-94.8238,24.5989
Diffusion Model + LLM,-12.7736,-25.3849
Diffusion Model + LLM,-11.6712,53.8472
Diffusion Model + LLM,-28.191,-1.2593
Diffusion Model + LLM,6.3935,-93.6596
Diffusion Model + LLM,-43.7798,-38.6272
Diffusion Model + LLM,18.8508,17.3485
Diffusion Model + LLM,-67.5621,41.094
Diffusion Model + LLM,-71.8307,-17.051
Diffusion Model + LLM,-37.9241,76.0832
Diffusion Model + LLM,15.9473,50.9628
Diffusion Model + LLM,2.9398,3.6063
Diffusion Model + LLM,-16.3149,-19.4803
Diffusion Model + LLM,-33.6316,-14.3663
Diffusion Model + LLM,5.0414,-58.6639
Diffusion Model + LLM,3.4944,-29.7422
Diffusion Model + LLM,-54.8688,-12.7457
Diffusion Model + LLM,-7.4179,-62.2875
Diffusion Model + LLM,-24.1074,64.4811
Diffusion Model + LLM,-43.0504,-78.7044
Diffusion Model + LLM,8.6176,47.4396
Diffusion Model + LLM,8.5595,8.0023
Diffusion Model + LLM,-49.2846,-20.333
Diffusion Model + LLM,-14.0457,24.9801
Diffusion Model + LLM,-91.3819,31.8388
Diffusion Model + LLM,-18.0905,78.8873
Diffusion Model + LLM,-51.8536,40.3529
Diffusion Model + LLM,-27.485,18.3212
Diffusion Model + LLM,-19.4275,-70.5027
Diffusion Model + LLM,-40.3246,-27.6949
Diffusion Model + LLM,16.2421,30.6113
Diffusion Model + LLM,-62.6896,19.9936
Diffusion Model + LLM,-34.901,-59.9747
Diffusion Model + LLM,-19.5621,26.4223
Diffusion Model + LLM,-39.7864,-7.8028
Diffusion Model + LLM,-6.5104,-9.473
Diffusion Model + LLM,-42.7749,59.926
Diffusion Model + LLM,-40.6783,-14.2384
Diffusion Model + LLM,-37.0528,-14.0813
Diffusion Model + LLM,-91.8581,38.8294
Diffusion Model + LLM,-64.369,-51.2183
Diffusion Model + LLM,1.0277,-22.0434
Diffusion Model + LLM,-24.4293,-42.263
Diffusion Model + LLM,9.1566,2.2646
Diffusion Model + LLM,18.0204,20.0909
Diffusion Model + LLM,18.9961,-81.898
Diffusion Model + LLM,-1.2025,24.9917
Diffusion Model + LLM,-49.3604,37.7336
Diffusion Model + LLM,-45.1941,44.3003
Diffusion Model + LLM,13.2623,-90.4737
Diffusion Model + LLM,-47.1563,66.3679
Diffusion Model + LLM,-85.9675,35.9775
Diffusion Model + LLM,-44.4447,39.4363
Diffusion Model + LLM,-69.4734,8.0676
Diffusion Model + LLM,-10.6413,88.9394
Diffusion Model + LLM,-25.7724,-21.5102
Diffusion Model + LLM,-31.1799,-43.502
Diffusion Model + LLM,-1.5725,6.3797
Diffusion Model + LLM,-20.5776,-60.2748
Diffusion Model + LLM,-13.5959,-74.1069
Diffusion Model + LLM,-92.144,39.2141
Diffusion Model + LLM,17.8956,-79.8911
Diffusion Model + LLM,-16.0061,-53.9466
Diffusion Model + LLM,-48.5525,-74.6927
Diffusion Model + LLM,-68.1264,11.5553
Diffusion Model + LLM,4.0942,8.8893
Diffusion Model + LLM,-33.8642,-12.8775
Diffusion Model + LLM,-39.3254,28.2803
Diffusion Model + LLM,-30.9824,-7.8346
Diffusion Model + LLM,-43.4637,-8.9318
Diffusion Model + LLM,3.9749,86.0134
Diffusion Model + LLM,-10.7654,64.287
Diffusion Model + LLM,1.3123,21.481
Diffusion Model + LLM,-65.0801,5.5919
Diffusion Model + LLM,-42.5731,-9.0202
Diffusion Model + LLM,9.2874,-67.0662
Diffusion Model + LLM,-30.1029,-71.436
Diffusion Model + LLM,3.3924,25.3073
Diffusion Model + LLM,6.2541,-8.2062
Diffusion Model + LLM,-33.6114,12.5928
Diffusion Model + LLM,-27.9096,75.8487
Diffusion Model + LLM,-23.3514,-49.2936
Diffusion Model + LLM,-20.5784,-5.7802
Diffusion Model + LLM,-23.9993,73.4553
Diffusion Model + LLM,3.3912,-57.6814
Diffusion Model + LLM,-22.6434,-74.085
Diffusion Model + LLM,9.8336,-4.3064
Diffusion Model + LLM,-14.8043,-72.0771
Diffusion Model + LLM,-11.1206,-72.3966
Diffusion Model + LLM,-39.0998,25.3676
Diffusion Model + LLM,14.5882,33.4737
Diffusion Model + LLM,-12.5958,-72.9352
Diffusion Model + LLM,-85.8879,-1.1624
Diffusion Model + LLM,-24.061,-73.588
Diffusion Model + LLM,-8.7682,44.2824
Diffusion Model + LLM,-92.9582,14.6389
Diffusion Model + LLM,-46.0268,0.3175
Diffusion Model + LLM,-44.5489,53.5007
Diffusion Model + LLM,-82.4657,58.2162
Diffusion Model + LLM,-63.4501,75.9449
Diffusion Model + LLM,7.7143,-55.6144
Diffusion Model + LLM,-43.2585,83.9772
Diffusion Model + LLM,-43.0462,23.7497
Diffusion Model + LLM,-2.0189,-50.2116
Diffusion Model + LLM,-24.1924,-15.8385
Diffusion Model + LLM,-42.9531,73.7979
Diffusion Model + LLM,-47.2697,-33.9392
Diffusion Model + LLM,-15.3195,-56.3416
Diffusion Model + LLM,-42.2785,35.8203
Diffusion Model + LLM,10.8461,-2.8288
Diffusion Model + LLM,-38.9599,-52.7653
Diffusion Model + LLM,17.8263,28.5902
Diffusion Model + LLM,-42.016,3.5208
Diffusion Model + LLM,-96.9198,19.3802
Diffusion Model + LLM,-22.8559,-75.6977
Diffusion Model + LLM,10.5351,-75.7725
Diffusion Model + LLM,-69.401,12.7165
Diffusion Model + LLM,-23.3434,-53.9036
Diffusion Model + LLM,-4.136,-21.8683
Diffusion Model + LLM,-55.7567,-65.8573
Diffusion Model + LLM,-59.9976,-31.2025
Diffusion Model + LLM,-42.602,45.5399
Diffusion Model + LLM,-76.0108,-15.4132
Diffusion Model + LLM,-43.1915,10.1527
Diffusion Model + LLM,-68.485,-30.2286
Diffusion Model + LLM,14.3186,33.1532
Diffusion Model + LLM,-51.5393,15.673
Diffusion Model + LLM,-12.8863,25.7233
Diffusion Model + LLM,14.03,44.6112
Diffusion Model + LLM,-45.069,38.8518
Diffusion Model + LLM,-3.0256,-8.3245
Diffusion Model + LLM,-24.0835,55.2109
Diffusion Model + LLM,-39.1523,25.4209
Diffusion Model + LLM,-24.933,-43.6936
Diffusion Model + LLM,-25.5625,-85.4751
Diffusion Model + LLM,-0.7366,-76.7375
Diffusion Model + LLM,9.0811,-61.3067
Diffusion Model + LLM,-5.2567,1.0705
Diffusion Model + LLM,-7.2438,-91.9968
Diffusion Model + LLM,-80.8907,28.5223
Diffusion Model + LLM,-42.8291,45.5194
Diffusion Model + LLM,-38.6589,3.44
Diffusion Model + LLM,-46.369,-29.0309
Diffusion Model + LLM,-14.6615,86.687
Diffusion Model + LLM,16.2978,30.6742
Diffusion Model + LLM,-20.4134,-57.9709
Diffusion Model + LLM,2.9997,-66.4639
Diffusion Model + LLM,-6.4578,-46.8374
Diffusion Model + LLM,-11.1797,-60.2974
Diffusion Model + LLM,-52.1739,-19.7771
Diffusion Model + LLM,6.1539,-28.696
Diffusion Model + LLM,0.9871,-18.4734
Diffusion Model + LLM,6.6894,84.6227
Diffusion Model + LLM,-35.1058,60.6066
Diffusion Model + LLM,8.373,75.5237
Diffusion Model + LLM,-10.6856,-74.0244
Diffusion Model + LLM,-43.1952,10.0417
Diffusion Model + LLM,-14.3431,-27.093
Diffusion Model + LLM,-39.6252,58.3516
Diffusion Model + LLM,-33.0639,-88.4251
Diffusion Model + LLM,-43.4471,-28.877
Diffusion Model + LLM,-34.3272,36.6955
Diffusion Model + LLM,-56.5367,35.9566
Diffusion Model + LLM,-32.0686,54.0473
Diffusion Model + LLM,-25.619,25.671
Diffusion Model + LLM,-5.9863,37.3155
Diffusion Model + LLM,-22.2902,17.7792
Diffusion Model + LLM,-75.4739,37.9261
Diffusion Model + LLM,0.2983,-42.2684
Diffusion Model + LLM,-50.9909,54.6387
Diffusion Model + LLM,-10.3767,83.1646
Diffusion Model + LLM,-13.4538,53.4287
Diffusion Model + LLM,5.6256,-28.265
Diffusion Model + LLM,-43.3803,-0.0842
Diffusion Model + LLM,10.6384,-8.8069
Diffusion Model + LLM,-30.0656,-3.0135
Diffusion Model + LLM,-46.8826,83.4817
Diffusion Model + LLM,-5.3881,14.388
Diffusion Model + LLM,2.9842,-88.2864
Diffusion Model + LLM,-74.6092,10.0705
Diffusion Model + LLM,-26.4521,-22.8743
Diffusion Model + LLM,10.9977,-5.3056
Diffusion Model + LLM,6.7661,15.5892
Diffusion Model + LLM,-25.6488,38.9858
Diffusion Model + LLM,-29.135,-85.9166
Diffusion Model + LLM,-22.7611,69.7603
Diffusion Model + LLM,-27.383,23.5524
Diffusion Model + LLM,-28.8253,-88.5812
Diffusion Model + LLM,9.7361,44.474
Diffusion Model + LLM,3.7035,61.7579
Diffusion Model + LLM,-39.6722,84.8871
Diffusion Model + LLM,-79.679,27.8987
Diffusion Model + LLM,3.4634,53.055
Diffusion Model + LLM,-7.4936,3.052
Diffusion Model + LLM,-36.9738,75.685
Diffusion Model + LLM,21.2087,18.2388
Diffusion Model + LLM,5.7204,-76.9284
Diffusion Model + LLM,-18.0224,-12.199
Diffusion Model + LLM,-35.0568,70.6158
Diffusion Model + LLM,19.8288,-83.7739
Diffusion Model + LLM,-30.9341,-62.2854
Diffusion Model + LLM,-51.1525,43.3087
Diffusion Model + LLM,-9.2479,65.769
Diffusion Model + LLM,11.5757,18.0319
Diffusion Model + LLM,-30.9132,-15.5915
Diffusion Model + LLM,-94.8042,17.9928
Diffusion Model + LLM,-27.256,-53.9796
Diffusion Model + LLM,-2.5421,-41.8727
Diffusion Model + LLM,-34.2174,87.9478
Diffusion Model + LLM,-19.9383,-8.1195
Diffusion Model + LLM,-11.4731,-81.5866
Diffusion Model + LLM,-21.7391,-42.4993
Diffusion Model + LLM,20.3748,34.9392
Diffusion Model + LLM,-64.0529,46.0481
Diffusion Model + LLM,-7.9535,39.8398
Diffusion Model + LLM,-7.3683,70.0506
Diffusion Model + LLM,-5.7405,37.3611
Diffusion Model + LLM,-32.9254,-53.4931
Diffusion Model + LLM,10.1875,-55.3712
Diffusion Model + LLM,-42.6331,53.9688
Diffusion Model + LLM,-13.4273,-73.6213
Diffusion Model + LLM,1.1092,13.6599
Diffusion Model + LLM,-5.0854,17.8366
Diffusion Model + LLM,-71.9695,59.9653
Diffusion Model + LLM,-66.8972,54.7049
Diffusion Model + LLM,-24.3142,-62.2213
Diffusion Model + LLM,-47.3503,-7.1222
Diffusion Model + LLM,-21.935,-43.6804
Diffusion Model + LLM,-83.5118,40.1068
Diffusion Model + LLM,-32.6717,-24.9929
Diffusion Model + LLM,-44.661,-7.5134
Diffusion Model + LLM,-3.6077,42.3956
Diffusion Model + LLM,-19.2366,38.5883
Diffusion Model + LLM,-7.5906,-7.1236
Diffusion Model + LLM,-82.5244,5.8814
Diffusion Model + LLM,-12.3812,8.9687
Diffusion Model + LLM,-11.8773,49.5345
Diffusion Model + LLM,-1.6764,19.8035
Diffusion Model + LLM,-9.9053,21.4309
Diffusion Model + LLM,-54.1245,12.8385
Diffusion Model + LLM,-36.0687,-14.7849
Diffusion Model + LLM,-37.9258,-28.6389
Diffusion Model + LLM,19.2279,-2.5898
Diffusion Model + LLM,-15.8473,-40.8411
Diffusion Model + LLM,-16.7944,-41.4727
Diffusion Model + LLM,-7.0052,-9.8593
Diffusion Model + LLM,-5.8617,41.0349
Diffusion Model + LLM,-35.7631,88.6864
Diffusion Model + LLM,18.0212,-53.8096
Diffusion Model + LLM,-21.5521,36.8389
Diffusion Model + LLM,-1.5077,-30.1196
Diffusion Model + LLM,-72.8564,-17.7475
Diffusion Model + LLM,14.1453,7.2887
Diffusion Model + LLM,9.2151,-95.8336
Diffusion Model + LLM,-78.1204,9.4464
Diffusion Model + LLM,2.4955,42.0936
Diffusion Model + LLM,-6.256,-53.233
Diffusion Model + LLM,-91.3112,22.6647
Diffusion Model + LLM,-11.6305,-53.9578
Diffusion Model + LLM,-88.0828,-0.4248
Diffusion Model + LLM,-8.7897,-45.8606
Diffusion Model + LLM,-52.4108,-6.6823
Diffusion Model + LLM,-23.1582,-24.5422
Diffusion Model + LLM,-23.1426,88.5643
Diffusion Model + LLM,0.3761,-78.4801
Diffusion Model + LLM,4.1239,18.8628
Diffusion Model + LLM,-19.7733,52.4483
Diffusion Model + LLM,-8.7985,59.4889
Diffusion Model + LLM,-17.1814,-24.2346
Diffusion Model + LLM,0.1444,-75.6886
Diffusion Model + LLM,-34.5343,45.863
Diffusion Model + LLM,6.9808,-18.1977
Diffusion Model + LLM,-49.2837,-20.4266
Diffusion Model + LLM,-38.1637,-60.1998
Diffusion Model + LLM,-8.7434,33.2121
Diffusion Model + LLM,-14.7421,71.1909
Diffusion Model + LLM,-57.9382,12.5752
Diffusion Model + LLM,-56.6457,31.9228
Diffusion Model + LLM,-26.3423,75.3106
Diffusion Model + LLM,-6.0191,60.2402
Diffusion Model + LLM,9.5346,-4.5729
Diffusion Model + LLM,-22.8176,-4.3947
Diffusion Model + LLM,-10.4837,63.8204
Diffusion Model + LLM,-39.2045,86.8902
Diffusion Model + LLM,-52.1619,5.2476
Diffusion Model + LLM,-87.3054,23.5949
Diffusion Model + LLM,-34.4959,-45.6795
Diffusion Model + LLM,-66.0507,23.6347
Diffusion Model + LLM,-38.631,37.13
Diffusion Model + LLM,2.7701,10.7761
Diffusion Model + LLM,-63.1978,-48.0796
Diffusion Model + LLM,-75.6264,22.8926
Diffusion Model + LLM,-67.6691,-12.9105
Diffusion Model + LLM,-63.5891,-17.2662
Diffusion Model + LLM,-38.6013,-62.2608
Diffusion Model + LLM,-11.3938,-22.7593
Diffusion Model + LLM,11.7738,-63.3351
Diffusion Model + LLM,-70.136,-37.2413
Diffusion Model + LLM,6.6871,-16.0131
Diffusion Model + LLM,2.1441,-8.9669
Diffusion Model + LLM,-20.1013,-7.06
Diffusion Model + LLM,-50.3797,12.9745
Diffusion Model + LLM,-55.6047,10.736
Diffusion Model + LLM,7.5799,74.2355
Diffusion Model + LLM,-13.4603,53.4301
Diffusion Model + LLM,-1.5799,-6.2712
Diffusion Model + LLM,-70.603,-20.0862
Diffusion Model + LLM,8.0062,21.6951
Diffusion Model + LLM,-1.6158,-44.0742
Diffusion Model + LLM,12.8775,23.7881
Diffusion Model + LLM,9.3934,82.9033
Diffusion Model + LLM,-74.2162,4.8084
Diffusion Model + LLM,-19.0018,-46.4231
Diffusion Model + LLM,-86.9224,13.0245
Diffusion Model + LLM,-20.8499,17.6508
Diffusion Model + LLM,-48.0124,-55.928
Diffusion Model + LLM,-66.1184,72.9809
Diffusion Model + LLM,-48.601,-64.0301
Diffusion Model + LLM,-10.4037,77.4751
Diffusion Model + LLM,-59.0291,10.9081
Diffusion Model + LLM,-26.3798,-18.9619
Diffusion Model + LLM,-66.3948,-11.6085
Diffusion Model + LLM,-9.3354,63.1998
Diffusion Model + LLM,-34.4761,-61.773
Diffusion Model + LLM,-2.1934,-60.7127
Diffusion Model + LLM,-21.4823,55.3293
Diffusion Model + LLM,-9.6063,29.6048
Diffusion Model + LLM,-3.6477,55.3907
Diffusion Model + LLM,9.5665,-93.3876
Diffusion Model + LLM,-22.4214,-44.0596
Diffusion Model + LLM,-74.5307,5.4
Diffusion Model + LLM,8.9718,-98.0986
Diffusion Model + LLM,3.1312,26.623
Diffusion Model + LLM,-21.5162,-16.0542
Diffusion Model + LLM,16.0099,48.894
Diffusion Model + LLM,-29.7207,77.4471
Diffusion Model + LLM,15.5346,34.5256
Diffusion Model + LLM,7.7355,-55.7492
Diffusion Model + LLM,-80.6795,-0.9715
Diffusion Model + LLM,8.0456,55.3383
Diffusion Model + LLM,-55.6878,-4.7187
Diffusion Model + LLM,-14.8851,76.1818
Diffusion Model + LLM,16.2377,5.3467
Diffusion Model + LLM,-64.2929,-31.1278
Diffusion Model + LLM,19.6025,36.2148
Diffusion Model + LLM,9.1609,87.0084
Diffusion Model + LLM,-56.3821,35.6833
Diffusion Model + LLM,-17.8649,-74.8436
Diffusion Model + LLM,-26.801,-39.7059
Diffusion Model + LLM,-65.2745,-12.4965
Diffusion Model + LLM,-70.5987,32.427
Diffusion Model + LLM,-43.2255,17.8663
Diffusion Model + LLM,-83.3021,31.1966
Diffusion Model + LLM,18.809,-84.114
Diffusion Model + LLM,-80.4207,18.4641
Diffusion Model + LLM,-14.213,-0.0121
Diffusion Model + LLM,-50.4476,61.9198
Diffusion Model + LLM,-58.1691,-37.5252
Diffusion Model + LLM,14.3194,35.3678
Diffusion Model + LLM,-52.2747,40.3311
Diffusion Model + LLM,8.5387,29.6012
Diffusion Model + LLM,-41.1197,-14.3519
Diffusion Model + LLM,-60.3042,53.8045
Diffusion Model + LLM,-34.4745,43.5014
Diffusion Model + LLM,4.3575,-62.2354
Diffusion Model + LLM,-28.4778,-64.9462
Diffusion Model + LLM,17.8246,38.3037
Diffusion Model + LLM,-23.5408,-7.2969
Diffusion Model + LLM,-68.8419,34.726
Diffusion Model + LLM,-3.7885,71.4986
Diffusion Model + LLM,-66.7455,-44.9568
Diffusion Model + LLM,-33.0225,-85.1832
Diffusion Model + LLM,-30.4949,80.9831
Diffusion Model + LLM,-21.4123,21.8252
Diffusion Model + LLM,-13.7334,58.7697
Diffusion Model + LLM,-27.2011,-54.0806
Diffusion Model + LLM,-15.8246,43.4496
Diffusion Model + LLM,11.1862,25.475
Diffusion Model + LLM,0.2117,-24.2924
Diffusion Model + LLM,-66.5295,25.8069
Diffusion Model + LLM,-9.2125,-5.1998
Diffusion Model + LLM,-70.9414,-16.68
Diffusion Model + LLM,-11.147,-84.3307
Diffusion Model + LLM,-56.2272,7.1479
Diffusion Model + LLM,-23.363,-8.6347
Diffusion Model + LLM,-60.5515,73.161
Diffusion Model + LLM,10.0209,49.7192
Diffusion Model + LLM,-93.1549,36.9109
Diffusion Model + LLM,-5.2816,39.5272
Diffusion Model + LLM,-8.7756,25.8779
Diffusion Model + LLM,-25.8324,71.9525
Diffusion Model + LLM,77.369,-63.7397
Diffusion Model + LLM,-23.7656,-41.7887
Diffusion Model + LLM,14.3534,25.9407
Diffusion Model + LLM,-52.7608,18.0689
Diffusion Model + LLM,-65.1543,58.3617
Diffusion Model + LLM,-70.8001,40.085
Diffusion Model + LLM,-8.9356,49.1889
Diffusion Model + LLM,4.6289,27.7738
Diffusion Model + LLM,12.7201,32.6496
Diffusion Model + LLM,11.5387,8.69
Diffusion Model + LLM,-29.2301,-70.7192
Diffusion Model + LLM,-83.374,6.0671
Diffusion Model + LLM,-27.9948,62.5186
Diffusion Model + LLM,-69.2393,-36.2723
Diffusion Model + LLM,-40.066,-53.374
Diffusion Model + LLM,-52.6941,75.5108
Diffusion Model + LLM,19.7866,57.3679
Diffusion Model + LLM,-37.9616,14.6425
Diffusion Model + LLM,-27.3985,58.3367
Diffusion Model + LLM,-31.2905,0.7824
Diffusion Model + LLM,-72.1177,18.6414
Diffusion Model + LLM,-28.5173,50.0692
Diffusion Model + LLM,-7.9875,39.8855
Diffusion Model + LLM,-48.2657,36.3045
Diffusion Model + LLM,17.3109,54.2523
Diffusion Model + LLM,-34.6242,18.9489
Diffusion Model + LLM,-8.4742,-27.3702
Diffusion Model + LLM,0.3391,-66.8552
Diffusion Model + LLM,-48.1075,-30.7851
Diffusion Model + LLM,-58.5611,50.473
Diffusion Model + LLM,0.8334,54.517
Diffusion Model + LLM,-88.6475,2.5024
Diffusion Model + LLM,-20.659,-92.4187
Diffusion Model + LLM,-62.8278,12.9296
Diffusion Model + LLM,-52.3565,4.7184
Diffusion Model + LLM,-33.9285,28.2615
Diffusion Model + LLM,-37.8419,-5.2207
Diffusion Model + LLM,-58.4938,82.8599
Diffusion Model + LLM,2.7492,-28.8883
Diffusion Model + LLM,-60.1912,-30.6664
Diffusion Model + LLM,-31.5558,55.756
Diffusion Model + LLM,9.7608,-30.6785
Diffusion Model + LLM,-50.783,59.9769
Diffusion Model + LLM,-25.3849,46.8604
Diffusion Model + LLM,-44.63,86.8814
Diffusion Model + LLM,-28.1905,75.3895
Diffusion Model + LLM,8.7222,88.2919
Diffusion Model + LLM,6.3305,40.9572
Diffusion Model + LLM,-12.5072,-19.2681
Diffusion Model + LLM,-32.9753,14.8584
Diffusion Model + LLM,-59.2099,-35.7291
Diffusion Model + LLM,-17.4501,-32.3329
Diffusion Model + LLM,-23.0976,20.038
Diffusion Model + LLM,12.4184,13.5137
Diffusion Model + LLM,-62.9826,-37.5542
Diffusion Model + LLM,5.3196,25.936
Diffusion Model + LLM,-50.6878,35.9904
Diffusion Model + LLM,-33.0629,-46.7362
Diffusion Model + LLM,-26.1228,-19.4367
Diffusion Model + LLM,-51.9803,60.1872
Diffusion Model + LLM,-65.9753,62.5535
Diffusion Model + LLM,-57.2832,-67.9004
Diffusion Model + LLM,-48.5538,-63.6551
Diffusion Model + LLM,-38.1236,15.0012
Diffusion Model + LLM,-13.2691,-64.6451
Diffusion Model + LLM,9.1279,21.3274
Diffusion Model + LLM,-69.2218,-42.4432
Diffusion Model + LLM,-13.8282,-64.0748
Diffusion Model + LLM,8.9508,-72.9719
Diffusion Model + LLM,-91.8038,29.4712
Diffusion Model + LLM,-40.6805,36.133
Diffusion Model + LLM,-47.5092,-74.886
Diffusion Model + LLM,-51.5037,74.2019
Diffusion Model + LLM,-26.224,80.5881
Diffusion Model + LLM,-13.282,25.8587
Diffusion Model + LLM,-3.4221,-29.4429
Diffusion Model + LLM,-14.3562,48.9771
Diffusion Model + LLM,14.2933,64.303
Diffusion Model + LLM,-76.6641,36.5355
Diffusion Model + LLM,-5.4661,-7.6976
Diffusion Model + LLM,-3.3202,18.8134
Diffusion Model + LLM,13.6477,3.8502
Diffusion Model + LLM,-52.8918,-66.3229
Diffusion Model + LLM,-69.2934,-5.6429
Diffusion Model + LLM,-0.0777,13.708
Diffusion Model + LLM,-50.7855,20.9216
Diffusion Model + LLM,-25.2544,0.2062
Diffusion Model + LLM,17.2644,22.1375
Diffusion Model + LLM,-33.564,-52.2093
Diffusion Model + LLM,-72.6678,61.3769
Diffusion Model + LLM,-13.4879,-52.1616
Diffusion Model + LLM,-11.2514,80.2031
Diffusion Model + LLM,-61.1951,31.5774
Diffusion Model + LLM,-15.2979,77.1672
Diffusion Model + LLM,8.2109,89.4483
Diffusion Model + LLM,-53.6458,-72.5138
Diffusion Model + LLM,-27.9278,67.8017
Diffusion Model + LLM,-71.4691,6.4996
Diffusion Model + LLM,2.6956,47.467
Diffusion Model + LLM,-56.7845,44.3406
Diffusion Model + LLM,6.6817,54.5011
Diffusion Model + LLM,2.1961,-20.7608
Diffusion Model + LLM,-64.3402,-51.0564
Diffusion Model + LLM,-1.6063,49.7284
Diffusion Model + LLM,7.3055,7.0753
Diffusion Model + LLM,-42.8858,-29.5709
Diffusion Model + LLM,-20.1296,27.7176
Diffusion Model + LLM,11.1212,45.9798
Diffusion Model + LLM,12.3383,-99.1645
Diffusion Model + LLM,-1.7574,51.2283
Diffusion Model + LLM,-13.843,-69.6489
Diffusion Model + LLM,-50.6022,60.6801
Diffusion Model + LLM,-39.0902,-14.7763
Diffusion Model + LLM,-9.1498,-57.092
Diffusion Model + LLM,7.7188,-27.0223
Diffusion Model + LLM,11.9531,-0.5727
Diffusion Model + LLM,-27.2798,-11.0795
Diffusion Model + LLM,-25.4832,38.0254
Diffusion Model + LLM,-21.639,46.4279
Diffusion Model + LLM,18.8571,51.3752
Diffusion Model + LLM,-29.0897,69.3176
Diffusion Model + LLM,-10.3453,75.3782
Diffusion Model + LLM,-28.4509,75.1952
Diffusion Model + LLM,-23.3402,-58.268
Diffusion Model + LLM,-31.4134,54.5659
Diffusion Model + LLM,-5.4189,-47.9165
Diffusion Model + LLM,-4.3086,-93.8069
Diffusion Model + LLM,-73.4485,40.5781
Diffusion Model + LLM,-62.1067,31.1874
Diffusion Model + LLM,12.6585,48.2669
Diffusion Model + LLM,-28.8832,89.7285
Diffusion Model + LLM,-14.5887,-74.9685
Diffusion Model + LLM,-66.9752,36.3149
Diffusion Model + LLM,2.0379,26.2478
Diffusion Model + LLM,-30.6242,66.1414
Diffusion Model + LLM,7.9289,74.9252
Diffusion Model + LLM,-11.2111,-3.7571
Diffusion Model + LLM,-33.4145,35.7393
Diffusion Model + LLM,-48.6769,13.0358
Diffusion Model + LLM,-21.6767,-53.5933
Diffusion Model + LLM,-3.3764,-28.678
Diffusion Model + LLM,-48.4235,-0.8874
Diffusion Model + LLM,-23.6544,-77.2292
Diffusion Model + LLM,1.9309,-83.229
Diffusion Model + LLM,-27.2681,69.3758
Diffusion Model + LLM,-28.7081,73.4812
Diffusion Model + LLM,12.8218,-70.1515
Diffusion Model + LLM,-37.008,64.7697
Diffusion Model + LLM,20.6912,59.8824
Diffusion Model + LLM,-20.2472,-63.637
Diffusion Model + LLM,-41.6134,48.3543
Diffusion Model + LLM,-76.7372,39.1694
Diffusion Model + LLM,-40.8424,-18.9246
Diffusion Model + LLM,-28.8805,-92.53
Diffusion Model + LLM,23.1333,-85.4044
Diffusion Model + LLM,11.0863,85.5692
Diffusion Model + LLM,-10.8203,19.2563
Diffusion Model + LLM,-44.9827,35.7149
Diffusion Model + LLM,9.9282,86.8039
Diffusion Model + LLM,-65.4829,-44.7404
Diffusion Model + LLM,-68.1065,-31.6371
Diffusion Model + LLM,-23.2785,-21.4284
Diffusion Model + LLM,-10.6444,89.0487
Diffusion Model + LLM,-32.9592,12.8294
Diffusion Model + LLM,-46.8143,-12.9763
Diffusion Model + LLM,-10.9558,-79.1778
Diffusion Model + LLM,-66.9456,-3.3212
Diffusion Model + LLM,-37.6761,-11.8932
Diffusion Model + LLM,-34.1751,-73.7854
Diffusion Model + LLM,-11.8138,-54.8801
Diffusion Model + LLM,-39.7888,-8.0265
Diffusion Model + LLM,-1.4146,-73.0708
Diffusion Model + LLM,-49.2424,-75.3831
Diffusion Model + LLM,-3.8582,-6.6623
Diffusion Model + LLM,-14.3952,59.0206
Diffusion Model + LLM,10.174,-77.166
Diffusion Model + LLM,-21.0388,-29.2827
Diffusion Model + LLM,-25.5139,45.8869
Diffusion Model + LLM,-89.2086,-3.086
Diffusion Model + LLM,-22.9012,88.6287
Diffusion Model + LLM,-8.4156,-9.3549
Diffusion Model + LLM,-9.8997,-93.0754
Diffusion Model + LLM,7.9965,69.924
Diffusion Model + LLM,-27.1379,-5.0582
Diffusion Model + LLM,-0.3937,90.2034
Diffusion Model + LLM,4.9873,-17.5115
Diffusion Model + LLM,-6.9594,-25.6638
Diffusion Model + LLM,-22.0373,87.0156
Diffusion Model + LLM,-2.9968,-28.7823
Diffusion Model + LLM,-26.1927,36.2576
Diffusion Model + LLM,-4.1333,-95.5755
Diffusion Model + LLM,-30.076,31.1693
Diffusion Model + LLM,5.8775,-50.0403
Diffusion Model + LLM,-1.2608,43.6112
Diffusion Model + LLM,-1.0449,-60.004
Diffusion Model + LLM,-40.9037,81.545
Diffusion Model + LLM,-62.7003,43.6787
Diffusion Model + LLM,-0.1925,-71.3703
Diffusion Model + LLM,-21.1786,55.6255
Diffusion Model + LLM,-39.9644,63.4169
Diffusion Model + LLM,-37.7896,21.3822
Diffusion Model + LLM,3.303,91.1689
Diffusion Model + LLM,-47.0775,-29.1564
Diffusion Model + LLM,-15.3738,-47.2051
Diffusion Model + LLM,-15.6848,55.4541
Diffusion Model + LLM,-95.0333,22.4505
Diffusion Model + LLM,-18.0461,-8.7174
Diffusion Model + LLM,-64.3326,73.2723
Diffusion Model + LLM,-23.8875,-9.8041
Diffusion Model + LLM,16.4389,-86.1682
Diffusion Model + LLM,-76.7677,36.961
Diffusion Model + LLM,-40.2334,42.8017
Diffusion Model + LLM,-88.8076,25.3068
Diffusion Model + LLM,-90.2947,36.0613
Diffusion Model + LLM,27.9485,-8.6398
Diffusion Model + LLM,15.266,25.5492
Diffusion Model + LLM,-43.157,39.445
Diffusion Model + LLM,-14.64,-78.0968
Diffusion Model + LLM,-55.818,42.3921
Diffusion Model + LLM,-9.1528,-17.8285
Diffusion Model + LLM,-43.3448,16.712
Diffusion Model + LLM,7.9412,72.9084
Diffusion Model + LLM,-92.0733,-7.4031
Diffusion Model + LLM,-88.0032,0.3808
Diffusion Model + LLM,-51.5733,5.3054
Diffusion Model + LLM,-75.821,5.4858
Diffusion Model + LLM,-3.2923,-1.7327
Diffusion Model + LLM,-11.4171,11.2654
Diffusion Model + LLM,-27.1506,-8.774
Diffusion Model + LLM,-9.9847,-31.1382
Diffusion Model + LLM,-45.7505,-76.1402
Diffusion Model + LLM,0.6006,-68.1297
Diffusion Model + LLM,-53.4121,66.4346
Diffusion Model + LLM,-52.6541,-7.975
Diffusion Model + LLM,-5.221,-27.5774
Diffusion Model + LLM,-19.3229,-61.8193
Diffusion Model + LLM,-28.7449,-87.034
Diffusion Model + LLM,-41.5244,22.4314
Diffusion Model + LLM,-72.083,-16.2429
Diffusion Model + LLM,-6.7623,7.5977
Diffusion Model + LLM,-27.4648,-75.7823
Diffusion Model + LLM,-21.5188,86.7234
Diffusion Model + LLM,-34.1053,60.5426
Diffusion Model + LLM,-0.1681,-75.9663
Diffusion Model + LLM,-6.3528,-57.4463
Diffusion Model + LLM,4.4286,8.8363
Diffusion Model + LLM,-42.1444,-54.8477
Diffusion Model + LLM,-66.6308,-38.5827
Diffusion Model + LLM,-49.4769,21.6153
Diffusion Model + LLM,-35.5553,-65.7377
Diffusion Model + LLM,-74.065,38.8598
Diffusion Model + LLM,13.418,34.2152
Diffusion Model + LLM,-52.1907,42.8202
Diffusion Model + LLM,-40.8331,-31.7579
Diffusion Model + LLM,10.0202,86.0582
Diffusion Model + LLM,-57.8028,-69.1736
Diffusion Model + LLM,-25.5964,70.5329
Diffusion Model + LLM,-40.8686,-51.5792
Diffusion Model + LLM,-48.5374,58.0661
Diffusion Model + LLM,12.5189,34.9329
Diffusion Model + LLM,-26.8652,14.1654
Diffusion Model + LLM,1.7535,-49.5973
Diffusion Model + LLM,-20.1346,-48.4869
Diffusion Model + LLM,-40.7899,86.3161
Diffusion Model + LLM,-65.0447,62.3987
Diffusion Model + LLM,-13.0107,-63.5142
Diffusion Model + LLM,-7.1665,3.8443
Diffusion Model + LLM,-12.485,-81.7683
Diffusion Model + LLM,-32.4228,71.5391
Diffusion Model + LLM,-50.3803,5.7765
Diffusion Model + LLM,-26.306,28.344
Diffusion Model + LLM,-8.5958,2.339
Diffusion Model + LLM,-34.7625,89.4954
Diffusion Model + LLM,-12.306,57.6209
Diffusion Model + LLM,2.6823,40.8285
Diffusion Model + LLM,-56.8597,15.2582
Diffusion Model + LLM,20.0209,47.6528
Diffusion Model + LLM,-60.3629,76.2198
Diffusion Model + LLM,10.6817,85.577
Diffusion Model + LLM,-25.7304,-62.8632
Diffusion Model + LLM,-74.1529,27.5352
Diffusion Model + LLM,-0.6893,70.5294
Diffusion Model + LLM,-9.3615,40.6659
Diffusion Model + LLM,10.3112,-69.739
Diffusion Model + LLM,-19.0503,57.147
Diffusion Model + LLM,-26.2444,-71.2727
Diffusion Model + LLM,-82.8373,-0.2708
Diffusion Model + LLM,-26.371,64.1596
Diffusion Model + LLM,-36.7459,-62.407
Diffusion Model + LLM,-16.4683,-25.2268
Diffusion Model + LLM,12.2366,-96.5263
Diffusion Model + LLM,-39.6482,-16.8976
Diffusion Model + LLM,-6.5142,-86.0135
Diffusion Model + LLM,-28.162,-61.3988
Diffusion Model + LLM,-72.0166,16.1431
Diffusion Model + LLM,-27.5526,-4.0468
Diffusion Model + LLM,-74.319,-13.3873
Diffusion Model + LLM,-16.1228,58.0414
Diffusion Model + LLM,16.8325,-88.0671
Diffusion Model + LLM,-63.5968,23.5696
Diffusion Model + LLM,-25.8722,-93.1877
Diffusion Model + LLM,13.3048,6.4418
Diffusion Model + LLM,-14.1834,58.0729
Diffusion Model + LLM,-53.3732,12.9389
Diffusion Model + LLM,-6.414,-18.6786
Diffusion Model + LLM,-90.7258,0.7021
Diffusion Model + LLM,-26.2432,-10.9534
Diffusion Model + LLM,-34.6406,56.0293
Diffusion Model + LLM,-93.3875,24.8604
Diffusion Model + LLM,-47.1472,36.9937
Diffusion Model + LLM,-40.777,-35.1844
Diffusion Model + LLM,-20.3261,-60.0449
Diffusion Model + LLM,-4.7756,-71.4179
Diffusion Model + LLM,-62.6105,30.9729
Diffusion Model + LLM,-41.3342,38.6648
Diffusion Model + LLM,-45.1909,86.5825
Diffusion Model + LLM,-1.2056,6.8805
Diffusion Model + LLM,-64.3493,-32.3167
Diffusion Model + LLM,4.7603,-47.9816
Diffusion Model + LLM,-44.0019,27.2284
Diffusion Model + LLM,7.8389,-62.7571
Diffusion Model + LLM,-48.0904,78.7675
Diffusion Model + LLM,-11.3589,-59.3668
Diffusion Model + LLM,-62.7943,76.346
Diffusion Model + LLM,11.5806,-66.6608
Diffusion Model + LLM,0.8484,-18.7898
Diffusion Model + LLM,-32.5689,-76.2722
Diffusion Model + LLM,-15.0275,45.765
Diffusion Model + LLM,-11.2397,-58.7873
Diffusion Model + LLM,-15.9777,75.6867
Diffusion Model + LLM,-13.2226,-64.5699
Diffusion Model + LLM,-45.2388,11.1006
Diffusion Model + LLM,-62.3074,74.5509
Diffusion Model + LLM,-29.772,62.6489
Diffusion Model + LLM,-15.4313,16.7329
Diffusion Model + LLM,2.1451,11.8331
Diffusion Model + LLM,-59.1588,11.5139
Diffusion Model + LLM,-13.6022,-61.9407
Diffusion Model + LLM,-8.1311,43.5633
Diffusion Model + LLM,-39.0797,-21.2251
Diffusion Model + LLM,10.9099,31.6275
Diffusion Model + LLM,10.9048,2.9186
Diffusion Model + LLM,-68.9863,39.2148
Diffusion Model + LLM,-21.4246,66.2867
Diffusion Model + LLM,-14.9364,-64.4487
Diffusion Model + LLM,-11.3217,-41.4531
Diffusion Model + LLM,-68.4275,-31.628
Diffusion Model + LLM,16.4232,-44.2311
Diffusion Model + LLM,-20.4277,27.5304
Diffusion Model + LLM,-41.8186,36.477
Diffusion Model + LLM,12.8163,25.9715
Diffusion Model + LLM,-39.9657,-5.6566
Diffusion Model + LLM,-3.6173,-73.6791
Diffusion Model + LLM,-4.1916,-28.283
Diffusion Model + LLM,-6.6794,-1.2971
Diffusion Model + LLM,-75.1571,-3.8559
Diffusion Model + LLM,5.7363,-80.1493
Diffusion Model + LLM,-26.2854,-74.6478
Diffusion Model + LLM,13.4708,-21.1857
Diffusion Model + LLM,-83.5577,31.4301
Diffusion Model + LLM,6.2539,59.8035
Diffusion Model + LLM,18.6518,36.4842
Diffusion Model + LLM,2.5218,68.5303
Diffusion Model + LLM,-56.6242,-68.6979
Diffusion Model + LLM,-35.4057,86.7369
Diffusion Model + LLM,9.4535,14.0149
Diffusion Model + LLM,-12.3655,52.5449
Diffusion Model + LLM,-40.0715,26.5359
Diffusion Model + LLM,-11.5253,-18.9233
Diffusion Model + LLM,-0.7956,84.8476
Diffusion Model + LLM,-49.2237,-20.4622
Diffusion Model + LLM,2.479,-2.5154
Diffusion Model + LLM,-21.5617,-91.8876
Diffusion Model + LLM,-6.1423,-66.1779
Diffusion Model + LLM,-3.7832,-5.0688
Diffusion Model + LLM,-72.749,36.0799
Diffusion Model + LLM,-20.478,22.1024
Diffusion Model + LLM,-27.5927,-68.9155
Diffusion Model + LLM,18.7766,-83.7312
Diffusion Model + LLM,-49.9291,18.8962
Diffusion Model + LLM,-5.4134,12.971
Diffusion Model + LLM,-13.1135,-78.7997
Diffusion Model + LLM,-73.5375,16.1052
Diffusion Model + LLM,-45.0378,35.7019
Diffusion Model + LLM,1.1548,8.6957
Diffusion Model + LLM,-96.7162,-2.605
Diffusion Model + LLM,-42.0084,-11.9298
Diffusion Model + LLM,12.0112,65.4059
Diffusion Model + LLM,-19.493,-57.9455
Diffusion Model + LLM,-44.8959,86.5518
Diffusion Model + LLM,-49.4293,-57.1974
Diffusion Model + LLM,16.8136,26.941
Diffusion Model + LLM,-56.543,54.6022
Diffusion Model + LLM,-69.1395,11.8737
Diffusion Model + LLM,-92.2461,38.3723
Diffusion Model + LLM,-6.1272,-67.7776
Diffusion Model + LLM,-20.5007,-48.6667
Diffusion Model + LLM,2.7193,-45.6566
Diffusion Model + LLM,-69.5979,4.5986
Diffusion Model + LLM,-29.3891,-72.9901
Diffusion Model + LLM,-85.8359,0.5615
Diffusion Model + LLM,-12.6023,84.3026
Diffusion Model + LLM,-78.0697,5.973
Diffusion Model + LLM,-81.7212,1.6429
Diffusion Model + LLM,2.3986,50.4583
Diffusion Model + LLM,5.0015,27.6252
Diffusion Model + LLM,-27.232,48.7221
Diffusion Model + LLM,-57.1979,-72.1227
Diffusion Model + LLM,-6.131,77.8071
Diffusion Model + LLM,-75.4555,41.7728
Diffusion Model + LLM,-55.7595,-67.5258
Diffusion Model + LLM,-84.6101,26.0901
Diffusion Model + LLM,-60.4811,-30.032
Diffusion Model + LLM,-13.4336,62.5306
Diffusion Model + LLM,-38.5092,8.1092
Diffusion Model + LLM,-89.4304,21.6258
Diffusion Model + LLM,-8.0697,40.2057
Diffusion Model + LLM,16.2054,17.0735
Diffusion Model + LLM,-40.4508,47.4967
Diffusion Model + LLM,9.6463,-68.9686
Diffusion Model + LLM,-14.8644,-24.8391
Diffusion Model + LLM,-51.8845,71.6536
Diffusion Model + LLM,-47.4832,0.8845
Diffusion Model + LLM,-63.7418,13.1801
Diffusion Model + LLM,-48.1727,-54.8086
Diffusion Model + LLM,-28.4455,-43.7517
Diffusion Model + LLM,-11.612,20.7449
Diffusion Model + LLM,-54.3725,-69.0154
Diffusion Model + LLM,12.9759,-91.6758
Diffusion Model + LLM,-49.2003,-60.0489
Diffusion Model + LLM,-48.1785,11.3798
Diffusion Model + LLM,4.5822,-45.8959
Diffusion Model + LLM,-51.9722,-67.3486
Diffusion Model + LLM,-95.6658,-0.0902
Diffusion Model + LLM,-44.4883,-61.8639
Diffusion Model + LLM,-31.4296,55.7937
Diffusion Model + LLM,21.0118,55.5308
Diffusion Model + LLM,-12.1796,83.3894
Diffusion Model + LLM,4.7985,33.7948
Diffusion Model + LLM,-49.4718,-77.0332
Diffusion Model + LLM,-65.3971,13.87
Diffusion Model + LLM,-95.7062,0.4753
Diffusion Model + LLM,1.6426,-16.8733
Diffusion Model + LLM,-27.4949,5.138
Diffusion Model + LLM,7.8194,-90.7258
Diffusion Model + LLM,-29.9191,-11.1103
Diffusion Model + LLM,2.0926,68.5238
Diffusion Model + LLM,-0.6226,50.5977
Diffusion Model + LLM,-4.847,-93.4281
Diffusion Model + LLM,-78.3042,9.4085
Diffusion Model + LLM,-28.3154,-1.3601
Diffusion Model + LLM,5.1142,40.1659
Diffusion Model + LLM,-17.9143,-5.3091
Diffusion Model + LLM,-56.8395,28.9315
Diffusion Model + LLM,-20.6191,65.0147
Diffusion Model + LLM,-13.6787,-75.6849
Diffusion Model + LLM,-3.4096,30.6278
Diffusion Model + LLM,-90.7859,-3.3297
Diffusion Model + LLM,-50.4901,-62.8388
Diffusion Model + LLM,-14.9193,-70.6317
Diffusion Model + LLM,-23.4469,-41.9087
Diffusion Model + LLM,11.3086,31.5114
Diffusion Model + LLM,-38.6563,3.39
Diffusion Model + LLM,-67.033,53.4917
Diffusion Model + LLM,1.3755,-85.0668
Diffusion Model + LLM,-40.5299,80.033
Diffusion Model + LLM,-42.5812,73.2086
Diffusion Model + LLM,16.1527,18.0779
Diffusion Model + LLM,-11.17,67.4373
Diffusion Model + LLM,11.3026,-66.9887
Diffusion Model + LLM,-22.9536,-4.4299
Diffusion Model + LLM,-56.4679,15.2925
Diffusion Model + LLM,0.0258,69.8895
Diffusion Model + LLM,-59.2578,75.8954
Diffusion Model + LLM,-65.5483,62.3305
Diffusion Model + LLM,2.3624,-47.7764
Diffusion Model + LLM,-17.5882,35.1272
Diffusion Model + LLM,-45.2139,27.9752
Diffusion Model + LLM,-87.3787,23.4592
Diffusion Model + LLM,-31.8567,-6.3972
Diffusion Model + LLM,-27.2981,24.3555
Diffusion Model + LLM,-30.9477,56.5514
Diffusion Model + LLM,-18.1634,-6.1966
Diffusion Model + LLM,8.0463,-79.0529
Diffusion Model + LLM,-91.0016,-2.4958
Diffusion Model + LLM,-87.9734,13.1236
Diffusion Model + LLM,-18.0996,-61.4585
Diffusion Model + LLM,-30.9067,-77.8803
Diffusion Model + LLM,-58.267,74.9452
Diffusion Model + LLM,-25.3455,-49.3361
Diffusion Model + LLM,-36.726,-85.7557
Diffusion Model + LLM,-0.5257,50.8106
Diffusion Model + LLM,6.1524,-46.4298
Diffusion Model + LLM,-76.6152,37.6812
Diffusion Model + LLM,-28.5025,-9.1238
Diffusion Model + LLM,11.8881,-62.0602
Diffusion Model + LLM,-31.567,54.5885
Diffusion Model + LLM,4.7442,-5.703
Diffusion Model + LLM,-49.5418,-20.1896
Diffusion Model + LLM,7.5918,-18.4833
Diffusion Model + LLM,-45.7897,-77.0983
Diffusion Model + LLM,16.6339,27.7427
Diffusion Model + LLM,-20.5193,36.872
Diffusion Model + LLM,14.2524,64.0974
Diffusion Model + LLM,-57.4966,0.3931
Diffusion Model + LLM,-63.9755,20.0813
Diffusion Model + LLM,-18.3953,5.5834
Diffusion Model + LLM,-25.7075,-72.7963
Diffusion Model + LLM,-0.4059,-7.2095
Diffusion Model + LLM,-22.5357,-40.905
Diffusion Model + LLM,-22.4067,27.2507
Diffusion Model + LLM,-17.1085,-75.403
Diffusion Model + LLM,-0.3672,60.0668
Diffusion Model + LLM,-43.6037,24.6288
Diffusion Model + LLM,-20.3505,-70.2508
Diffusion Model + LLM,-83.7846,29.4304
Diffusion Model + LLM,-27.2294,-4.7948
Diffusion Model + LLM,-12.0453,51.9346
Diffusion Model + LLM,-3.4485,-1.6068
Diffusion Model + LLM,-63.5268,20.6317
Diffusion Model + LLM,-32.5975,26.4377
Diffusion Model + LLM,17.601,-66.0395
Diffusion Model + LLM,8.6668,-24.4039
Diffusion Model + LLM,9.0142,6.7445
Diffusion Model + LLM,-44.3351,74.3147
Diffusion Model + LLM,-32.0738,-34.6535
Diffusion Model + LLM,10.9485,-75.9222
Diffusion Model + LLM,-11.2494,-22.9882
Diffusion Model + LLM,-38.6953,81.0083
Diffusion Model + LLM,-84.8048,-0.0666
Diffusion Model + LLM,-40.0374,-1.7149
Diffusion Model + LLM,-15.1161,-43.4038
Diffusion Model + LLM,-38.0511,85.0534
Diffusion Model + LLM,-89.3347,-6.9606
Diffusion Model + LLM,-11.8917,-19.3538
Diffusion Model + LLM,-71.8766,-2.7384
Diffusion Model + LLM,-55.4513,11.0245
Diffusion Model + LLM,-34.65,56.0357
Diffusion Model + LLM,-14.5641,-58.6464
Diffusion Model + LLM,-19.165,-39.9971
Diffusion Model + LLM,-53.3435,61.5356
Diffusion Model + LLM,-81.3583,3.9712
Diffusion Model + LLM,8.3765,-79.7642
Diffusion Model + LLM,-16.4055,54.5015
Diffusion Model + LLM,-32.2933,-89.8218
Diffusion Model + LLM,-92.8147,1.2954
Diffusion Model + LLM,-32.528,-89.8276
Diffusion Model + LLM,9.7232,-29.9767
Diffusion Model + LLM,2.4605,68.203
Diffusion Model + LLM,-48.4572,17.579
Diffusion Model + LLM,-33.1429,82.1625
Diffusion Model + LLM,-21.2632,13.4728
Diffusion Model + LLM,3.7146,30.5325
Diffusion Model + LLM,-61.729,30.7686
Diffusion Model + LLM,-28.9096,32.6008
Diffusion Model + LLM,3.464,77.1974
Diffusion Model + LLM,19.1498,-84.2563
Diffusion Model + LLM,-54.6675,-66.5515
Diffusion Model + LLM,-66.348,-38.206
Diffusion Model + LLM,-40.8784,-62.6914
Diffusion Model + LLM,-4.2981,0.0544
Diffusion Model + LLM,-37.2551,3.1691
Diffusion Model + LLM,22.207,51.5635
Diffusion Model + LLM,-17.2462,51.3859
Diffusion Model + LLM,-1.2482,43.4354
Diffusion Model + LLM,-24.3616,29.7595
Diffusion Model + LLM,-50.3436,22.4655
Diffusion Model + LLM,-13.0837,-51.755
Diffusion Model + LLM,-24.4918,-20.0631
Diffusion Model + LLM,-66.8963,54.7013
Diffusion Model + LLM,5.9655,5.4602
Diffusion Model + LLM,-61.3049,17.8755
Diffusion Model + LLM,-51.3129,66.952
Diffusion Model + LLM,-38.5433,88.7455
Diffusion Model + LLM,-53.106,26.7881
Diffusion Model + LLM,-54.4592,41.8052
Diffusion Model + LLM,-71.4446,-29.7625
Diffusion Model + LLM,-35.5394,-9.0177
Diffusion Model + LLM,-75.1914,38.8496
Diffusion Model + LLM,-15.6916,4.6952
Diffusion Model + LLM,-7.2445,13.9611
Diffusion Model + LLM,0.4015,6.9519
Diffusion Model + LLM,-72.3873,28.7783
Diffusion Model + LLM,-26.8603,13.1404
Diffusion Model + LLM,-4.5431,-7.8757
Diffusion Model + LLM,4.0002,-97.2848
Diffusion Model + LLM,3.0538,-2.5524
Diffusion Model + LLM,-57.5948,81.0601
Diffusion Model + LLM,-10.0499,81.749
Diffusion Model + LLM,-71.8156,61.9792
Diffusion Model + LLM,2.0908,25.454
Diffusion Model + LLM,7.1749,20.032
Diffusion Model + LLM,-45.506,29.073
Diffusion Model + LLM,-68.5635,4.0778
Diffusion Model + LLM,-47.2953,82.0487
Diffusion Model + LLM,9.2806,-8.6132
Diffusion Model + LLM,-58.2683,72.9262
Diffusion Model + LLM,7.4629,-80.1397
Diffusion Model + LLM,-63.2676,55.2804
Diffusion Model + LLM,-64.2304,-5.1726
Diffusion Model + LLM,-41.219,-2.1959
Diffusion Model + LLM,-53.1849,-5.6492
Diffusion Model + LLM,-85.121,18.5651
Diffusion Model + LLM,10.8368,41.773
Diffusion Model + LLM,5.1144,-18.0693
Diffusion Model + LLM,-28.0472,-22.6173
Diffusion Model + LLM,-28.8379,-46.3388
Diffusion Model + LLM,-28.3085,-2.5655
Diffusion Model + LLM,-64.8665,69.7503
Diffusion Model + LLM,-65.0869,-44.1719
Diffusion Model + LLM,-83.9633,56.2663
Diffusion Model + LLM,-12.6909,-41.5785
Diffusion Model + LLM,5.8898,-77.3177
Diffusion Model + LLM,-5.5969,8.9872
Diffusion Model + LLM,-34.1203,71.3898
Diffusion Model + LLM,7.8972,28.0687
Diffusion Model + LLM,-26.8761,13.8283
Diffusion Model + LLM,-18.7415,8.4094
Diffusion Model + LLM,-40.5676,31.1836
Diffusion Model + LLM,20.5862,16.9763
Diffusion Model + LLM,23.8389,-85.6139
Diffusion Model + LLM,9.6063,-92.0548
Diffusion Model + LLM,-58.8864,22.9637
Diffusion Model + LLM,-32.1233,13.6392
Diffusion Model + LLM,-27.8468,76.1365
Diffusion Model + LLM,-83.0175,2.9496
Diffusion Model + LLM,-18.4506,65.4612
Diffusion Model + LLM,-51.1706,80.5312
Diffusion Model + LLM,-92.8458,38.3546
Diffusion Model + LLM,-42.5968,36.1223
Diffusion Model + LLM,-52.257,33.2966
Diffusion Model + LLM,-93.0632,19.1676
Diffusion Model + LLM,-16.6706,-48.4041
Diffusion Model + LLM,17.5181,13.982
Diffusion Model + LLM,-19.677,-70.3913
Diffusion Model + LLM,-70.526,-6.7219
Diffusion Model + LLM,7.4845,48.8619
Diffusion Model + LLM,-1.6669,70.5081
Diffusion Model + LLM,-41.9737,-66.0788
Diffusion Model + LLM,-0.512,60.3425
Diffusion Model + LLM,17.3052,21.8898
Diffusion Model + LLM,-29.9369,-55.7623
Diffusion Model + LLM,2.1044,53.9013
Diffusion Model + LLM,-46.4251,33.111
Diffusion Model + LLM,-62.3262,18.9328
Diffusion Model + LLM,16.7114,1.8884
Diffusion Model + LLM,-80.8824,0.9764
Diffusion Model + LLM,-4.7243,39.5638
Diffusion Model + LLM,-70.9755,-37.6573
Diffusion Model + LLM,-42.99,-35.6162
Diffusion Model + LLM,-32.3236,64.375
Diffusion Model + LLM,5.3767,-93.7462
Diffusion Model + LLM,18.8558,3.6659
Diffusion Model + LLM,13.1679,51.5886
Diffusion Model + LLM,-56.9142,-5.9453
Diffusion Model + LLM,-37.8254,-60.5883
Diffusion Model + LLM,1.7681,-95.8535
Diffusion Model + LLM,-85.203,33.8174
Diffusion Model + LLM,-92.7783,34.9533
Diffusion Model + LLM,-41.9915,-32.247
Diffusion Model + LLM,15.449,-87.5252
Diffusion Model + LLM,8.309,82.3834
Diffusion Model + LLM,-36.2667,12.4945
Diffusion Model + LLM,-40.8152,70.8572
Diffusion Model + LLM,14.8088,-99.0556
Diffusion Model + LLM,-72.8749,-35.672
Diffusion Model + LLM,18.1623,39.127
Diffusion Model + LLM,-31.3023,55.7725
Diffusion Model + LLM,-52.9507,53.1417
Diffusion Model + LLM,-11.7633,51.9861
Diffusion Model + LLM,-52.0495,60.1696
Diffusion Model + LLM,-53.346,21.5961
Diffusion Model + LLM,-35.2294,63.7817
Diffusion Model + LLM,23.6465,56.2024
Diffusion Model + LLM,-8.52,-30.9948
Diffusion Model + LLM,-63.5667,-36.2149
Diffusion Model + LLM,18.1336,56.554
Diffusion Model + LLM,-48.5656,47.853
Diffusion Model + LLM,12.6107,-91.4387
Diffusion Model + LLM,-38.9166,20.1391
Diffusion Model + LLM,-44.0577,-11.0328
Diffusion Model + LLM,7.2826,-74.3454
Diffusion Model + LLM,-4.9318,12.5
Diffusion Model + LLM,-24.6057,35.1174
Diffusion Model + LLM,-20.7191,7.4257
Diffusion Model + LLM,5.4939,-7.7389
Diffusion Model + LLM,-26.4049,-6.4883
Diffusion Model + LLM,-46.5966,-12.0412
Diffusion Model + LLM,-48.487,58.2879
Diffusion Model + LLM,23.4069,-85.5561
Diffusion Model + LLM,9.5978,-67.7981
Diffusion Model + LLM,13.636,5.6003
Diffusion Model + LLM,-82.896,21.9615
Diffusion Model + LLM,-34.4492,72.5747
Diffusion Model + LLM,-52.9163,-7.5708
Diffusion Model + LLM,-12.1723,49.3608
Diffusion Model + LLM,17.1606,46.9875
Diffusion Model + LLM,-31.2155,55.7869
Diffusion Model + LLM,-32.5762,-89.4191
Diffusion Model + LLM,-49.0734,-37.5607
Diffusion Model + LLM,-38.2006,74.2725
Diffusion Model + LLM,-10.6046,-42.0532
Diffusion Model + LLM,-62.8072,-5.4334
Diffusion Model + LLM,-33.0155,61.7524
Diffusion Model + LLM,-52.7744,-72.0675
Diffusion Model + LLM,0.8326,-78.7447
Diffusion Model + LLM,-44.0273,9.2525
Diffusion Model + LLM,-12.7597,-85.0063
Diffusion Model + LLM,-76.249,-0.7126
Diffusion Model + LLM,-67.2255,5.2676
Diffusion Model + LLM,6.3889,76.8631
Diffusion Model + LLM,-87.5461,21.3098
Diffusion Model + LLM,-29.8607,-73.1754
Diffusion Model + LLM,-22.0899,47.2783
Diffusion Model + LLM,-19.5009,-67.2043
Diffusion Model + LLM,-31.1675,-73.3383
Diffusion Model + LLM,-3.5232,6.8244
Diffusion Model + LLM,-0.7107,3.6171
Diffusion Model + LLM,-3.2648,-27.849
Diffusion Model + LLM,-67.1455,19.397
Diffusion Model + LLM,-1.2287,31.8981
Diffusion Model + LLM,-3.369,-28.3675
Diffusion Model + LLM,-52.2045,-60.3944
Diffusion Model + LLM,-60.2656,21.418
Diffusion Model + LLM,2.2065,88.3699
Diffusion Model + LLM,-2.7988,-74.1559
Diffusion Model + LLM,14.0887,-16.3341
Diffusion Model + LLM,-26.5326,-65.129
Diffusion Model + LLM,-29.5708,-89.7154
Diffusion Model + LLM,-73.3024,-21.5122
Diffusion Model + LLM,11.4655,-0.0662
Diffusion Model + LLM,7.5569,-58.58
Diffusion Model + LLM,-10.0794,-53.3383
Diffusion Model + LLM,-65.6875,57.7433
Diffusion Model + LLM,-39.2813,-21.0196
Diffusion Model + LLM,-56.1972,32.4209
Diffusion Model + LLM,-62.7394,-36.5269
Diffusion Model + LLM,-23.8544,-69.6533
Diffusion Model + LLM,-4.0294,14.4842
Diffusion Model + LLM,-10.2628,-57.0428
Diffusion Model + LLM,-45.0018,19.7882
Diffusion Model + LLM,-68.0959,2.8158
Diffusion Model + LLM,-0.6429,-80.0789
Diffusion Model + LLM,-32.8694,-46.6304
Diffusion Model + LLM,-40.4533,85.5869
Diffusion Model + LLM,-25.9213,60.7787
Diffusion Model + LLM,-69.0941,-41.0437
Diffusion Model + LLM,-81.5641,32.0199
Diffusion Model + LLM,-48.7956,81.6886
Diffusion Model + LLM,2.3899,40.4048
Diffusion Model + LLM,1.0641,-0.1332
Diffusion Model + LLM,-80.8016,4.4272
Diffusion Model + LLM,-71.0764,43.2199
Diffusion Model + LLM,-91.2839,25.6958
Diffusion Model + LLM,6.2269,26.9647
Diffusion Model + LLM,-92.1995,32.4076
Diffusion Model + LLM,6.4814,77.3128
Diffusion Model + LLM,-22.0688,-40.1944
Diffusion Model + LLM,13.3141,64.0853
Diffusion Model + LLM,-31.8228,-24.3856
Diffusion Model + LLM,-80.0307,0.5183
Diffusion Model + LLM,-40.5457,-19.0941
Diffusion Model + LLM,-26.1005,65.1264
Diffusion Model + LLM,4.7285,-17.2653
Diffusion Model + LLM,-3.3583,43.0247
Diffusion Model + LLM,-36.9481,2.9551
Diffusion Model + LLM,-11.6276,53.442
Diffusion Model + LLM,-43.0492,66.0979
Diffusion Model + LLM,-13.6013,-18.413
Diffusion Model + LLM,-54.7748,60.3407
Diffusion Model + LLM,-48.7387,66.2861
Diffusion Model + LLM,-7.6941,15.1622
Diffusion Model + LLM,-48.7257,10.5544
Diffusion Model + LLM,16.8954,1.2242
Diffusion Model + LLM,-19.0301,-65.8653
Diffusion Model + LLM,-26.5022,-89.5746
Diffusion Model + LLM,-71.94,24.0343
Diffusion Model + LLM,-66.4827,23.0072
Diffusion Model + LLM,-8.5421,14.3578
Diffusion Model + LLM,-83.2167,12.8595
Diffusion Model + LLM,-81.8006,0.5924
Diffusion Model + LLM,-5.474,47.8503
Diffusion Model + LLM,-57.6445,-68.5523
Diffusion Model + LLM,-1.5535,77.1804
Diffusion Model + LLM,9.2967,16.2787
Diffusion Model + LLM,-95.0949,21.8405
Diffusion Model + LLM,-84.2261,6.1121
Diffusion Model + LLM,-24.6257,63.4206
Diffusion Model + LLM,-40.0574,35.8015
Diffusion Model + LLM,9.3682,86.8633
Diffusion Model + LLM,9.2137,9.2272
Diffusion Model + LLM,-47.7311,-55.986
Diffusion Model + LLM,8.8965,29.662
Diffusion Model + LLM,14.2197,-86.7767
Diffusion Model + LLM,64.2238,-44.4774
Diffusion Model + LLM,-49.1152,37.6786
Diffusion Model + LLM,-40.0782,25.024
Diffusion Model + LLM,-6.3845,35.5718
Diffusion Model + LLM,19.3145,18.0988
Diffusion Model + LLM,-29.0061,21.0616
Diffusion Model + LLM,-0.4089,-24.3754
Diffusion Model + LLM,-94.4865,0.3313
Diffusion Model + LLM,20.6408,16.9862
Diffusion Model + LLM,-82.9418,32.0713
Diffusion Model + LLM,-49.4123,-6.7517
Diffusion Model + LLM,-16.8077,14.1878
Diffusion Model + LLM,-8.6185,74.3331
Diffusion Model + LLM,-17.4322,13.6618
Diffusion Model + LLM,-12.3541,-73.2723
Diffusion Model + LLM,-24.4354,-84.0468
Diffusion Model + LLM,-13.9882,7.9201
Diffusion Model + LLM,-71.8388,-16.1329
Diffusion Model + LLM,-0.8837,13.5117
Diffusion Model + LLM,-66.0885,-44.7495
Diffusion Model + LLM,-41.921,72.9062
Diffusion Model + LLM,-34.4674,-15.5025
Diffusion Model + LLM,-19.6024,-80.5193
Diffusion Model + LLM,6.2076,81.2664
Diffusion Model + LLM,-48.4616,70.9302
Diffusion Model + LLM,8.0724,-78.9171
Diffusion Model + LLM,-7.4346,3.8762
Diffusion Model + LLM,-63.9004,-35.073
Diffusion Model + LLM,10.4495,-11.5053
Diffusion Model + LLM,-21.3137,13.515
Diffusion Model + LLM,-91.2178,-6.8595
Diffusion Model + LLM,-14.385,11.4418
Diffusion Model + LLM,-39.5049,45.4533
Diffusion Model + LLM,15.7315,-3.7087
Diffusion Model + LLM,-34.2187,-59.9918
Diffusion Model + LLM,-66.8007,5.1754
Diffusion Model + LLM,6.1958,-26.9271
Diffusion Model + LLM,15.1742,14.194
Diffusion Model + LLM,-28.676,0.0715
Diffusion Model + LLM,-3.1935,-78.2175
Diffusion Model + LLM,-28.7817,-11.1511
Diffusion Model + LLM,-7.399,-92.3132
Diffusion Model + LLM,-60.1117,-37.98
Diffusion Model + LLM,-42.2475,54.4505
Diffusion Model + LLM,-17.9144,-55.7527
Diffusion Model + LLM,-61.0712,-39.1441
Diffusion Model + LLM,-5.1168,60.9539
Diffusion Model + LLM,8.1469,57.1206
Diffusion Model + LLM,10.1538,-73.6276
Diffusion Model + LLM,2.0156,80.3015
Diffusion Model + LLM,-22.9272,88.7571
Diffusion Model + LLM,-31.0065,76.0236
Diffusion Model + LLM,-40.0724,29.889
Diffusion Model + LLM,-49.427,-60.3923
Diffusion Model + LLM,-47.7652,-35.3869
Diffusion Model + LLM,-27.3305,-65.0428
Diffusion Model + LLM,-2.8142,17.7594
Diffusion Model + LLM,-26.3867,80.6679
Diffusion Model + LLM,13.9804,26.1783
Diffusion Model + LLM,6.5542,15.4573
Diffusion Model + LLM,-31.0157,-0.1035
Diffusion Model + LLM,4.4155,76.183
Diffusion Model + LLM,-42.1482,85.6136
Diffusion Model + LLM,-23.9705,26.866
Diffusion Model + LLM,1.5124,-16.8116
Diffusion Model + LLM,-69.4148,10.6985
Diffusion Model + LLM,-14.5008,59.4647
Diffusion Model + LLM,-9.2856,67.2124
Diffusion Model + LLM,2.4263,43.8109
Diffusion Model + LLM,-9.7339,50.5877
Diffusion Model + LLM,-1.4605,50.3567
Diffusion Model + LLM,-83.6452,-1.8894
Diffusion Model + LLM,-38.5529,-52.7925
Diffusion Model + LLM,-19.8121,63.9991
Diffusion Model + LLM,-59.8032,-38.3539
Diffusion Model + LLM,-94.8055,18.0279
Diffusion Model + LLM,-49.5169,-75.4863
Diffusion Model + LLM,-20.4005,-63.6836
Diffusion Model + LLM,10.0307,-91.9037
Diffusion Model + LLM,-18.695,6.4493
Diffusion Model + LLM,-3.9897,-64.3363
Diffusion Model + LLM,3.7771,90.5339
Diffusion Model + LLM,-27.9137,67.8032
Diffusion Model + LLM,-44.308,9.1597
Diffusion Model + LLM,-54.5944,61.0686
Diffusion Model + LLM,-42.531,16.5288
Diffusion Model + LLM,-15.6872,73.1619
Diffusion Model + LLM,9.4362,-61.4141
Diffusion Model + LLM,5.7304,-63.2954
Diffusion Model + LLM,6.3027,47.532
Diffusion Model + LLM,-29.0712,26.2997
Diffusion Model + LLM,-35.0037,13.7686
Diffusion Model + LLM,-2.8648,9.1541
Diffusion Model + LLM,8.2113,64.6534
Diffusion Model + LLM,21.6563,-88.4681
Diffusion Model + LLM,-29.8125,-17.5905
Diffusion Model + LLM,-42.5376,87.3759
Diffusion Model + LLM,-0.1919,-1.3332
Diffusion Model + LLM,-47.6303,-74.7809
Diffusion Model + LLM,-31.3685,0.916
Diffusion Model + LLM,-68.764,42.1356
Diffusion Model + LLM,-3.8236,-78.5439
Diffusion Model + LLM,-38.5342,7.9049
Diffusion Model + LLM,-10.798,48.9813
Diffusion Model + LLM,-23.6114,-58.0157
Diffusion Model + LLM,-0.369,-4.4543
Diffusion Model + LLM,-11.0826,49.0717
Diffusion Model + LLM,-12.2117,15.1735
Diffusion Model + LLM,-17.6283,-24.1748
Diffusion Model + LLM,-44.9348,-11.6701
Diffusion Model + LLM,-2.1588,-79.3622
Diffusion Model + LLM,-45.9528,-62.9308
Diffusion Model + LLM,-9.2202,-1.566
Diffusion Model + LLM,-13.5401,50.7046
Diffusion Model + LLM,-61.8621,17.7486
Diffusion Model + LLM,-33.8975,13.6799
Diffusion Model + LLM,-4.8365,12.6773
Diffusion Model + LLM,-74.1795,37.4605
Diffusion Model + LLM,-70.0573,3.4786
Diffusion Model + LLM,-5.8158,24.2516
Diffusion Model + LLM,-8.2547,-70.3986
Diffusion Model + LLM,20.2718,14.5684
Diffusion Model + LLM,-80.7349,-0.911
Diffusion Model + LLM,-36.1004,1.523
Diffusion Model + LLM,-12.0867,-70.1888
Diffusion Model + LLM,-90.5366,23.7408
Diffusion Model + LLM,-35.6958,60.7124
Diffusion Model + LLM,-6.0555,37.3266
Diffusion Model + LLM,-34.5603,71.7582
Diffusion Model + LLM,-60.2702,13.0805
Diffusion Model + LLM,-32.8406,-5.8664
Diffusion Model + LLM,-49.7518,21.4304
Diffusion Model + LLM,9.4754,-92.9894
Diffusion Model + LLM,-25.4753,70.7527
Diffusion Model + LLM,-66.0685,-10.7868
Diffusion Model + LLM,-35.2487,70.411
Diffusion Model + LLM,-1.1568,83.8127
Diffusion Model + LLM,-5.3367,-66.9347
Diffusion Model + LLM,-26.9203,-4.4354
Diffusion Model + LLM,13.0772,-1.0956
Diffusion Model + LLM,-16.6792,45.6362
Diffusion Model + LLM,0.7512,40.5236
Diffusion Model + LLM,-29.0683,-74.6669
Diffusion Model + LLM,2.745,14.2771
Diffusion Model + LLM,-60.4332,-7.4941
Diffusion Model + LLM,-15.0092,72.7774
Diffusion Model + LLM,-4.8735,-64.6263
Diffusion Model + LLM,-43.221,-30.0004
Diffusion Model + LLM,-41.5795,-10.5078
Diffusion Model + LLM,-20.5062,-92.3347
Diffusion Model + LLM,-67.8007,62.483
Diffusion Model + LLM,-8.725,-77.5337
Diffusion Model + LLM,-22.1434,38.3567
Diffusion Model + LLM,-81.0064,21.9616
Diffusion Model + LLM,6.0855,81.2765
Diffusion Model + LLM,8.9955,0.7144
Diffusion Model + LLM,1.7208,-92.7719
Diffusion Model + LLM,12.6041,-2.0749
Diffusion Model + LLM,-43.8551,-27.2915
Diffusion Model + LLM,-64.5886,38.5624
Diffusion Model + LLM,-46.4325,62.716
Diffusion Model + LLM,10.3975,50.1571
Diffusion Model + LLM,-7.3883,-78.0634
Diffusion Model + LLM,-34.9507,47.5829
Diffusion Model + LLM,3.8216,19.2025
Diffusion Model + LLM,-39.3831,44.7395
Diffusion Model + LLM,-62.9329,-37.7624
Diffusion Model + LLM,-6.6422,-8.4555
Diffusion Model + LLM,-50.2149,65.1441
Diffusion Model + LLM,-71.2165,22.3799
Diffusion Model + LLM,7.5903,-7.9677
Diffusion Model + LLM,-1.4719,-77.876
Diffusion Model + LLM,2.1798,-5.9837
Diffusion Model + LLM,-11.074,-1.2528
Diffusion Model + LLM,1.7157,-0.8836
Diffusion Model + LLM,-4.5293,-45.2451
Diffusion Model + LLM,-37.2371,30.0722
Diffusion Model + LLM,-21.686,48.2946
Diffusion Model + LLM,-0.0113,52.6171
Diffusion Model + LLM,6.4914,-56.8502
Diffusion Model + LLM,-18.304,43.7265
Diffusion Model + LLM,-9.8866,-2.8458
Diffusion Model + LLM,-12.635,-72.863
Diffusion Model + LLM,-10.0872,71.9619
Diffusion Model + LLM,-66.0109,38.2058
Diffusion Model + LLM,20.1741,5.6598
Diffusion Model + LLM,9.0474,-62.1943
Diffusion Model + LLM,2.8257,-47.3923
Diffusion Model + LLM,-12.6846,52.765
Diffusion Model + LLM,5.6548,74.064
Diffusion Model + LLM,-35.3836,78.6762
Diffusion Model + LLM,-88.2457,-2.7269
Diffusion Model + LLM,-60.6444,2.9664
Diffusion Model + LLM,-55.5665,43.2972
Diffusion Model + LLM,-46.5504,-37.5526
Diffusion Model + LLM,-61.146,64.6984
Diffusion Model + LLM,-27.2084,12.2953
Diffusion Model + LLM,-14.6817,86.272
Diffusion Model + LLM,-29.8586,67.1901
Diffusion Model + LLM,-28.4126,24.8937
Diffusion Model + LLM,-5.3426,-29.0915
Diffusion Model + LLM,-5.7277,6.08
Diffusion Model + LLM,-18.9042,-91.734
Diffusion Model + LLM,-5.562,-43.2063
Diffusion Model + LLM,-49.9888,72.8255
Diffusion Model + LLM,-18.4691,67.511
Diffusion Model + LLM,-9.538,66.8734
Diffusion Model + LLM,-7.9859,9.0395
Diffusion Model + LLM,-18.2408,-24.1315
Diffusion Model + LLM,-17.1519,0.6853
Diffusion Model + LLM,-43.094,-29.9124
Diffusion Model + LLM,-17.5697,-46.2479
Diffusion Model + LLM,-35.4913,87.5164
Diffusion Model + LLM,-11.8893,57.1014
Diffusion Model + LLM,-66.3849,-41.4131
Diffusion Model + LLM,3.3269,-28.7027
Diffusion Model + LLM,-60.3734,-7.6544
Diffusion Model + LLM,-49.6364,21.3114
Diffusion Model + LLM,-52.5241,43.4606
Diffusion Model + LLM,-66.8012,-40.2325
Diffusion Model + LLM,-70.7517,18.9313
Diffusion Model + LLM,-3.6674,31.5302
Diffusion Model + LLM,-46.7601,-37.6712
Diffusion Model + LLM,-18.0762,-12.4462
Diffusion Model + LLM,-19.3149,43.6041
Diffusion Model + LLM,-63.5918,-5.4923
Diffusion Model + LLM,9.2126,-26.4125
Diffusion Model + LLM,5.8164,-50.6284
Diffusion Model + LLM,5.4911,-27.0439
Diffusion Model + LLM,-30.9394,-43.1461
Diffusion Model + LLM,3.703,-90.0804
Diffusion Model + LLM,-88.8705,1.975
Diffusion Model + LLM,-49.7124,20.1501
Diffusion Model + LLM,-0.5225,78.4009
Diffusion Model + LLM,-43.0809,40.4291
Diffusion Model + LLM,-0.1967,2.6611
Diffusion Model + LLM,-4.0603,24.3338
Diffusion Model + LLM,-31.9094,69.4363
Diffusion Model + LLM,-36.0057,60.9424
Diffusion Model + LLM,-20.5097,20.4296
Diffusion Model + LLM,-38.0032,14.9296
Diffusion Model + LLM,-19.441,-6.1328
Diffusion Model + LLM,-12.046,2.7572
Diffusion Model + LLM,-6.0937,47.2651
Diffusion Model + LLM,-57.0508,41.007
Diffusion Model + LLM,-56.4952,36.0075
Diffusion Model + LLM,-50.1771,78.0192
Diffusion Model + LLM,-12.9569,62.3296
Diffusion Model + LLM,-37.1407,-62.2797
Diffusion Model + LLM,-9.5065,53.4274
Diffusion Model + LLM,-4.7316,8.8582
Diffusion Model + LLM,-32.5095,-16.1687
Diffusion Model + LLM,-32.6498,-83.9394
Diffusion Model + LLM,2.6169,68.309
Diffusion Model + LLM,-4.2256,-60.4614
Diffusion Model + LLM,12.901,-70.4162
Diffusion Model + LLM,-39.8408,88.3323
Diffusion Model + LLM,-48.7796,70.746
Diffusion Model + LLM,-68.3174,-39.8905
Diffusion Model + LLM,-96.7843,-0.0807
Diffusion Model + LLM,33.7276,74.0062
Diffusion Model + LLM,-8.5402,-3.547
Diffusion Model + LLM,-33.7218,-4.0355
Diffusion Model + LLM,-53.8217,26.1966
Diffusion Model + LLM,-8.5337,-54.5612
Diffusion Model + LLM,-20.0516,6.095
Diffusion Model + LLM,-4.5073,41.1375
Diffusion Model + LLM,-20.4961,-69.9066
Diffusion Model + LLM,-44.6186,28.1738
Diffusion Model + LLM,-2.2272,27.9776
Diffusion Model + LLM,-52.701,34.2912
Diffusion Model + LLM,3.597,-93.1226
Diffusion Model + LLM,-41.9354,84.7008
Diffusion Model + LLM,-72.899,3.5621
Diffusion Model + LLM,-51.1672,74.9431
Diffusion Model + LLM,-92.1775,23.516
Diffusion Model + LLM,-37.3871,59.3598
Diffusion Model + LLM,-10.306,25.7211
Diffusion Model + LLM,-19.1565,-42.4432
Diffusion Model + LLM,-65.3178,41.6522
Diffusion Model + LLM,-81.9335,40.8798
Diffusion Model + LLM,-31.4195,54.5777
Diffusion Model + LLM,2.5047,89.3902
Diffusion Model + LLM,6.4675,47.5981
Diffusion Model + LLM,-15.8948,-1.2917
Diffusion Model + LLM,-22.1888,-30.4791
Diffusion Model + LLM,1.2848,-45.7414
Diffusion Model + LLM,-35.3326,-79.197
Diffusion Model + LLM,0.7017,-50.1325
Diffusion Model + LLM,-48.9508,-11.1002
Diffusion Model + LLM,-12.274,83.0025
Diffusion Model + LLM,-29.0205,-74.5146
Diffusion Model + LLM,-7.3019,61.3876
Diffusion Model + LLM,16.8108,39.0901
Diffusion Model + LLM,-19.0767,27.7027
Diffusion Model + LLM,-69.6385,-15.1264
Diffusion Model + LLM,-65.8532,-29.1817
Diffusion Model + LLM,-29.2673,2.8534
Diffusion Model + LLM,4.2608,-56.8991
Diffusion Model + LLM,-52.8357,15.7661
Diffusion Model + LLM,-10.563,-78.9988
Diffusion Model + LLM,-19.9305,24.3933
Diffusion Model + LLM,-46.316,9.5312
Diffusion Model + LLM,-4.27,41.0921
Diffusion Model + LLM,0.1739,38.9722
Diffusion Model + LLM,-8.327,-62.3325
Diffusion Model + LLM,-76.6821,35.8902
Diffusion Model + LLM,-61.5243,71.6472
Diffusion Model + LLM,-5.0903,-56.4097
Diffusion Model + LLM,-7.4703,-54.7429
Diffusion Model + LLM,-57.4754,-68.8181
Diffusion Model + LLM,-66.1151,61.8189
Diffusion Model + LLM,-6.7766,77.1145
Diffusion Model + LLM,-57.5915,76.6687
Diffusion Model + LLM,-49.5132,-6.4985
Diffusion Model + LLM,-28.2895,67.5871
Diffusion Model + LLM,-46.7229,-1.3789
Diffusion Model + LLM,-63.6552,43.9057
Diffusion Model + LLM,-4.7168,-28.9742
Diffusion Model + LLM,-42.0361,-29.3088
Diffusion Model + LLM,15.9768,1.3033
Diffusion Model + LLM,-92.345,24.7847
Diffusion Model + LLM,-19.4184,73.5883
Diffusion Model + LLM,-94.6974,22.2411
Diffusion Model + LLM,-2.3663,-15.8622
Diffusion Model + LLM,-24.6243,-15.3967
Diffusion Model + LLM,-10.005,-7.1309
Diffusion Model + LLM,-33.3485,90.0502
Diffusion Model + LLM,-56.1749,74.6007
Diffusion Model + LLM,0.7062,91.006
Diffusion Model + LLM,-35.1056,67.8979
Diffusion Model + LLM,-62.7506,20.3461
Diffusion Model + LLM,-65.0461,-12.2134
Diffusion Model + LLM,1.5858,-19.4438
Diffusion Model + LLM,-34.4397,-80.2268
Diffusion Model + LLM,-26.1028,68.5845
Diffusion Model + LLM,-25.9418,-92.1968
Diffusion Model + LLM,-17.7897,12.9578
Diffusion Model + LLM,10.1735,58.7482
Diffusion Model + LLM,-43.3302,-11.4102
Diffusion Model + LLM,6.4042,-17.8088
Diffusion Model + LLM,-54.0346,81.3064
Diffusion Model + LLM,-55.2902,-6.6074
Diffusion Model + LLM,-9.1157,53.3439
Diffusion Model + LLM,-73.7177,25.664
Diffusion Model + LLM,2.3676,66.1583
Diffusion Model + LLM,-0.6548,-87.8432
Diffusion Model + LLM,-52.9379,42.9881
Diffusion Model + LLM,-40.2327,89.6938
Diffusion Model + LLM,7.1075,15.6226
Diffusion Model + LLM,5.4935,-16.7469
Diffusion Model + LLM,5.8964,-19.5765
Diffusion Model + LLM,-14.3165,-91.0647
Diffusion Model + LLM,-3.7631,7.6428
Diffusion Model + LLM,-18.2033,43.6487
Diffusion Model + LLM,-37.0773,-29.0252
Diffusion Model + LLM,-7.7038,-24.139
Diffusion Model + LLM,-1.2212,-6.1763
Diffusion Model + LLM,-70.2791,-17.8571
Diffusion Model + LLM,8.3726,87.3346
Diffusion Model + LLM,17.2752,57.7115
Diffusion Model + LLM,0.1353,-42.0511
Diffusion Model + LLM,11.9558,22.6455
Diffusion Model + LLM,-91.6345,23.3831
Diffusion Model + LLM,7.247,-50.342
Diffusion Model + LLM,-52.3511,-6.2107
Diffusion Model + LLM,-65.3403,73.2984
Diffusion Model + LLM,-45.3691,-34.5328
Diffusion Model + LLM,-48.3446,-1.2727
Diffusion Model + LLM,-56.4735,4.3187
Diffusion Model + LLM,-36.2274,89.2572
Diffusion Model + LLM,-7.7641,-6.8371
Diffusion Model + LLM,-2.3652,76.7925
Diffusion Model + LLM,17.7072,22.296
Diffusion Model + LLM,-38.8696,84.5489
Diffusion Model + LLM,-42.4574,-57.8202
Diffusion Model + LLM,-67.4746,36.5932
Diffusion Model + LLM,16.1711,43.7065
Diffusion Model + LLM,-55.4481,-3.6684
Diffusion Model + LLM,-35.1164,54.3578
Diffusion Model + LLM,-61.9929,-5.7064
Diffusion Model + LLM,-30.8642,-11.8543
Diffusion Model + LLM,-83.8991,17.6174
Diffusion Model + LLM,-43.089,10.2548
Diffusion Model + LLM,-10.1853,62.2748
Diffusion Model + LLM,17.5013,38.0916
Diffusion Model + LLM,-27.4429,14.3616
Diffusion Model + LLM,-37.6274,14.1116
Diffusion Model + LLM,19.4368,-83.7666
Diffusion Model + LLM,-37.6482,20.1317
Diffusion Model + LLM,-32.6394,-84.3833
Diffusion Model + LLM,-13.4525,-74.1913
Diffusion Model + LLM,17.8722,-87.218
Diffusion Model + LLM,-1.7423,-15.0049
Diffusion Model + LLM,14.9873,14.5281
Diffusion Model + LLM,-58.9909,70.9114
Diffusion Model + LLM,-23.4916,-49.3513
Diffusion Model + LLM,23.1231,20.5304
Diffusion Model + LLM,-79.0084,-5.9043
Diffusion Model + LLM,-29.5247,-55.1023
Diffusion Model + LLM,-20.2605,-92.7625
Diffusion Model + LLM,3.1833,66.6755
Diffusion Model + LLM,-21.5528,66.1543
Diffusion Model + LLM,-1.7069,43.6876
Diffusion Model + LLM,-4.1519,-57.343
Diffusion Model + LLM,0.9723,-2.7449
Diffusion Model + LLM,-37.1677,-62.4465
Diffusion Model + LLM,-25.7496,-71.8672
Diffusion Model + LLM,-34.0109,65.1045
Diffusion Model + LLM,-66.8959,36.9283
Diffusion Model + LLM,6.4784,64.7405
Diffusion Model + LLM,-21.294,-43.7101
Diffusion Model + LLM,-44.7902,45.4681
Diffusion Model + LLM,3.3302,62.2321
Diffusion Model + LLM,-19.2473,-44.4301
Diffusion Model + LLM,-70.5027,32.2402
Diffusion Model + LLM,-60.75,53.6443
Diffusion Model + LLM,-47.9743,-20.4466
Diffusion Model + LLM,4.9897,-48.1217
Diffusion Model + LLM,-21.4713,16.5362
Diffusion Model + LLM,7.0824,-80.8436
Diffusion Model + LLM,-13.1299,61.4536
Diffusion Model + LLM,7.8491,-80.6757
Diffusion Model + LLM,-66.2255,18.25
Diffusion Model + LLM,-11.4529,-82.1359
Diffusion Model + LLM,-71.5857,-3.9763
Diffusion Model + LLM,-70.3614,61.8573
Diffusion Model + LLM,-87.4441,29.9077
Diffusion Model + LLM,-1.3074,43.0865
Diffusion Model + LLM,-83.7013,13.5218
Diffusion Model + LLM,7.6748,-18.8081
Diffusion Model + LLM,-50.0613,-3.2416
Diffusion Model + LLM,-17.0489,27.786
Diffusion Model + LLM,-34.3676,45.9911
Diffusion Model + LLM,-50.1695,62.6815
Diffusion Model + LLM,-66.9861,9.7838
Diffusion Model + LLM,-31.5509,-76.32
Diffusion Model + LLM,-44.2687,-7.4345
Diffusion Model + LLM,13.0095,21.6333
Diffusion Model + LLM,-33.9842,88.9768
Diffusion Model + LLM,-10.1297,81.4053
Diffusion Model + LLM,13.4453,-99.7068
Diffusion Model + LLM,-10.5914,-15.8434
Diffusion Model + LLM,-9.0548,-59.8712
Diffusion Model + LLM,-24.1603,-71.4417
Diffusion Model + LLM,-71.2605,58.9374
Diffusion Model + LLM,-7.626,56.6354
Diffusion Model + LLM,-46.6007,53.2136
Diffusion Model + LLM,-44.2081,-7.7784
Diffusion Model + LLM,16.3621,14.7466
Diffusion Model + LLM,-60.3635,-37.5657
Diffusion Model + LLM,6.1234,-28.5514
Diffusion Model + LLM,-36.7498,55.2492
Diffusion Model + LLM,-10.669,88.4269
Diffusion Model + LLM,-17.6718,-62.8668
Diffusion Model + LLM,-34.3425,90.5147
Diffusion Model + LLM,7.8498,-74.2574
Diffusion Model + LLM,-12.3695,2.7397
Diffusion Model + LLM,-45.1577,-30.5035
Diffusion Model + LLM,-3.4589,-5.4814
Diffusion Model + LLM,-4.1866,-28.1941
Diffusion Model + LLM,-24.3638,-10.7198
Diffusion Model + LLM,-96.2317,-2.2147
Diffusion Model + LLM,-6.4935,-92.268
Diffusion Model + LLM,-36.7432,-12.3328
Diffusion Model + LLM,-18.6672,30.0663
Diffusion Model + LLM,-3.3379,-25.4618
Diffusion Model + LLM,-83.3211,2.7224
Diffusion Model + LLM,-17.9922,68.7209
Diffusion Model + LLM,-1.9694,-19.4283
Diffusion Model + LLM,-27.9545,73.2768
Diffusion Model + LLM,-50.8516,43.2273
Diffusion Model + LLM,-29.7952,71.6126
Diffusion Model + LLM,-36.7153,70.3821
Diffusion Model + LLM,-65.3302,10.2975
Diffusion Model + LLM,3.1542,5.3881
Diffusion Model + LLM,-24.0432,16.0116
Diffusion Model + LLM,11.1258,-91.792
Diffusion Model + LLM,-33.6262,-22.7692
Diffusion Model + LLM,6.0239,-82.7988
Diffusion Model + LLM,-22.1518,-16.055
Diffusion Model + LLM,-75.7499,27.233
Diffusion Model + LLM,10.4667,-5.6336
Diffusion Model + LLM,-19.3293,74.3907
Diffusion Model + LLM,-28.6413,-21.1474
Diffusion Model + LLM,-51.6281,32.3368
Diffusion Model + LLM,9.8859,-59.6389
Diffusion Model + LLM,-93.9835,22.9522
Diffusion Model + LLM,-40.7573,88.4252
Diffusion Model + LLM,2.7162,77.5371
Diffusion Model + LLM,-72.0924,-6.42
Diffusion Model + LLM,-3.7149,31.0941
Diffusion Model + LLM,16.3044,49.7474
Diffusion Model + LLM,-34.7727,17.4198
Diffusion Model + LLM,-22.5955,87.2041
Diffusion Model + LLM,-23.2009,12.6318
Diffusion Model + LLM,-48.3523,-37.0599
Diffusion Model + LLM,-25.955,-85.418
Diffusion Model + LLM,-17.9286,-44.0669
Diffusion Model + LLM,-57.3264,73.7763
Diffusion Model + LLM,-42.0119,9.3613
Diffusion Model + LLM,-43.6665,-58.234
Diffusion Model + LLM,10.9637,-96.6
Diffusion Model + LLM,-63.493,10.8676
Diffusion Model + LLM,0.2726,-68.8073
Diffusion Model + LLM,1.9004,-50.9122
Diffusion Model + LLM,9.8229,16.6612
Diffusion Model + LLM,-40.7869,87.1269
Diffusion Model + LLM,-28.0556,-59.1369
Diffusion Model + LLM,-27.421,61.7315
Diffusion Model + LLM,-73.7237,-17.3107
Diffusion Model + LLM,0.4439,90.1539
Diffusion Model + LLM,-67.3884,-42.0152
Diffusion Model + LLM,-31.2897,27.9941
Diffusion Model + LLM,-16.3672,-63.6876
Diffusion Model + LLM,-3.6749,43.2754
Diffusion Model + LLM,2.5961,12.3062
Diffusion Model + LLM,3.8596,13.231
Diffusion Model + LLM,-67.8349,53.6499
Diffusion Model + LLM,8.7492,-17.4507
Diffusion Model + LLM,1.1173,-65.4098
Diffusion Model + LLM,6.9764,55.1673
Diffusion Model + LLM,-71.1862,32.7758
Diffusion Model + LLM,-33.551,-41.1123
Diffusion Model + LLM,-10.2585,-84.7384
Diffusion Model + LLM,-34.5541,-45.8065
Diffusion Model + LLM,-17.0997,-30.9475
Diffusion Model + LLM,-49.2009,-6.5217
Diffusion Model + LLM,-2.0239,-88.9062
Diffusion Model + LLM,-78.9848,-19.61
Diffusion Model + LLM,-26.3633,73.1249
Diffusion Model + LLM,15.0884,-13.5737
Diffusion Model + LLM,-27.6462,-69.1018
Diffusion Model + LLM,-39.5716,-54.6934
Diffusion Model + LLM,-54.7083,14.3855
Diffusion Model + LLM,14.9037,36.2475
Diffusion Model + LLM,-10.2187,49.0466
Diffusion Model + LLM,-1.0145,-21.2298
Diffusion Model + LLM,-6.0683,59.9705
Diffusion Model + LLM,4.9599,-17.6872
Diffusion Model + LLM,2.4764,-20.0869
Diffusion Model + LLM,-89.8459,30.4309
Diffusion Model + LLM,-3.5918,80.0345
Diffusion Model + LLM,-11.8113,4.5186
Diffusion Model + LLM,-13.7207,-76.0878
Diffusion Model + LLM,-20.2838,43.2105
Diffusion Model + LLM,-35.8552,-19.435
Diffusion Model + LLM,-11.7659,-23.6554
Diffusion Model + LLM,-82.4563,7.7568
Diffusion Model + LLM,-33.6604,-10.6449
Diffusion Model + LLM,-33.3799,-19.0905
Diffusion Model + LLM,-28.0927,67.6584
Diffusion Model + LLM,21.8683,37.2549
Diffusion Model + LLM,12.6827,-3.2574
Diffusion Model + LLM,-31.4292,-43.5999
Diffusion Model + LLM,-11.5017,14.6977
Diffusion Model + LLM,-10.9135,-48.2543
Diffusion Model + LLM,-69.7069,-6.3702
Diffusion Model + LLM,-62.6352,17.2017
Diffusion Model + LLM,-32.0795,-24.6272
Diffusion Model + LLM,15.6917,32.784
Diffusion Model + LLM,-75.9237,27.585
Diffusion Model + LLM,-12.4752,46.933
Diffusion Model + LLM,-29.0524,-74.6667
Diffusion Model + LLM,-75.7817,35.6749
Diffusion Model + LLM,-17.2705,-30.9081
Diffusion Model + LLM,-52.04,4.8039
Diffusion Model + LLM,-82.0302,59.1206
Diffusion Model + LLM,-12.2517,-59.0461
Diffusion Model + LLM,9.0161,62.5715
Diffusion Model + LLM,-41.2759,20.6966
Diffusion Model + LLM,6.1659,89.5722
Diffusion Model + LLM,-23.4886,-41.6101
Diffusion Model + LLM,16.1959,21.4568
Diffusion Model + LLM,22.1678,55.0996
Diffusion Model + LLM,-82.7407,18.1986
Diffusion Model + LLM,-76.4375,38.1205
Diffusion Model + LLM,5.6832,-27.2308
Diffusion Model + LLM,-36.78,-66.5893
Diffusion Model + LLM,-94.4665,24.6671
Diffusion Model + LLM,6.1735,43.9266
Diffusion Model + LLM,-11.2354,-77.3652
Diffusion Model + LLM,-9.5861,29.3956
Diffusion Model + LLM,-95.3375,-3.1998
Diffusion Model + LLM,-27.5301,22.9401
Diffusion Model + LLM,-4.7421,7.1588
Diffusion Model + LLM,-0.0329,3.9923
Diffusion Model + LLM,-46.8376,83.4875
Diffusion Model + LLM,-2.8276,-27.6474
Diffusion Model + LLM,-50.7242,20.6476
Diffusion Model + LLM,5.0548,8.4659
Diffusion Model + LLM,-63.3518,-34.3109
Diffusion Model + LLM,-18.2554,-8.0458
Diffusion Model + LLM,-7.3173,-66.3891
Diffusion Model + LLM,-54.539,60.9654
Diffusion Model + LLM,-9.9853,29.8207
Diffusion Model + LLM,7.3085,49.3727
Diffusion Model + LLM,-35.0626,-20.2106
Diffusion Model + LLM,21.8622,-85.8061
Diffusion Model + LLM,-5.9231,-51.5062
Diffusion Model + LLM,-62.4389,-5.4342
Diffusion Model + LLM,-42.4716,-61.8832
Diffusion Model + LLM,-28.5214,-11.7316
Diffusion Model + LLM,-64.0521,35.1764
Diffusion Model + LLM,7.4706,-80.0948
Diffusion Model + LLM,-92.9217,-9.6778
Diffusion Model + LLM,-20.6738,7.5331
Diffusion Model + LLM,-46.726,-37.3749
Diffusion Model + LLM,-15.0061,23.0307
Diffusion Model + LLM,14.1768,-86.5403
Diffusion Model + LLM,-15.7015,-1.1278
Diffusion Model + LLM,-1.6138,-41.4904
Diffusion Model + LLM,-0.7833,-50.2364
Diffusion Model + LLM,-22.0202,-29.484
Diffusion Model + LLM,-64.5065,-7.0866
Diffusion Model + LLM,-47.2016,-79.2225
Diffusion Model + LLM,-31.2313,-65.4266
Diffusion Model + LLM,-64.0662,-30.7538
Diffusion Model + LLM,-34.83,-22.9973
Diffusion Model + LLM,-23.6031,88.405
Diffusion Model + LLM,-53.487,-16.2652
Diffusion Model + LLM,8.3893,-98.7868
Diffusion Model + LLM,-3.3929,6.5882
Diffusion Model + LLM,-75.7197,36.3022
Diffusion Model + LLM,-87.2815,-7.2056
Diffusion Model + LLM,-47.1451,66.304
Diffusion Model + LLM,-4.9197,-16.274
Diffusion Model + LLM,7.9944,66.6553
Diffusion Model + LLM,-48.5659,13.3213
Diffusion Model + LLM,-61.1622,31.664
Diffusion Model + LLM,-34.4714,73.1376
Diffusion Model + LLM,-10.7644,-3.1809
Diffusion Model + LLM,-45.8396,-57.5774
Diffusion Model + LLM,-24.1913,65.3654
Diffusion Model + LLM,2.3231,-65.7779
Diffusion Model + LLM,-4.2968,-71.2444
Diffusion Model + LLM,-19.5468,-92.0064
Diffusion Model + LLM,-3.2551,-70.4833
Diffusion Model + LLM,-72.6382,-21.7412
Diffusion Model + LLM,-31.818,13.2511
Diffusion Model + LLM,-24.641,38.6645
Diffusion Model + LLM,3.3205,-46.1584
Diffusion Model + LLM,-6.8619,4.7551
Diffusion Model + LLM,-49.5611,-4.0063
Diffusion Model + LLM,-5.8897,43.3645
Diffusion Model + LLM,-40.0142,58.0792
Diffusion Model + LLM,6.9062,-70.6937
Diffusion Model + LLM,-62.8703,76.3629
Diffusion Model + LLM,-33.0069,46.5494
Diffusion Model + LLM,-49.1364,76.5933
Diffusion Model + LLM,-60.9997,80.137
Diffusion Model + LLM,0.2075,18.2425
Diffusion Model + LLM,2.8467,11.8669
Diffusion Model + LLM,-59.2383,69.3085
Diffusion Model + LLM,-9.2359,5.9291
Diffusion Model + LLM,3.1915,90.2002
Diffusion Model + LLM,-48.0934,22.124
Diffusion Model + LLM,-11.5896,32.2465
Diffusion Model + LLM,-15.1365,48.0364
Diffusion Model + LLM,-39.1062,25.4298
Diffusion Model + LLM,-71.1212,22.4089
Diffusion Model + LLM,-53.85,62.5725
Diffusion Model + LLM,11.2871,-67.4855
Diffusion Model + LLM,-25.9336,-46.2529
Diffusion Model + LLM,-65.9715,61.941
Diffusion Model + LLM,14.4295,35.9899
Diffusion Model + LLM,-79.2624,28.4547
Diffusion Model + LLM,-25.5506,-0.3845
Diffusion Model + LLM,6.8348,85.5531
Diffusion Model + LLM,-72.5431,37.833
Diffusion Model + LLM,-38.6942,8.2141
Diffusion Model + LLM,-9.549,14.2189
Diffusion Model + LLM,17.3556,-96.8342
Diffusion Model + LLM,-66.1533,-1.4252
Diffusion Model + LLM,-15.7739,47.8475
Diffusion Model + LLM,-6.1428,-66.0324
Diffusion Model + LLM,-2.4601,84.9081
Diffusion Model + LLM,-14.8915,21.0768
Diffusion Model + LLM,-78.3218,7.4112
Diffusion Model + LLM,11.0633,-4.958
Diffusion Model + LLM,-9.5117,62.0923
Diffusion Model + LLM,-26.6702,81.1172
Diffusion Model + LLM,-11.0766,-59.0938
Diffusion Model + LLM,-34.034,82.7371
Diffusion Model + LLM,-13.1404,-41.6235
Diffusion Model + LLM,-19.7764,-78.0692
Diffusion Model + LLM,-10.2438,34.0138
Diffusion Model + LLM,-22.732,28.6245
Diffusion Model + LLM,-23.6422,45.7952
Diffusion Model + LLM,-73.3553,5.5145
Diffusion Model + LLM,-14.3749,71.057
Diffusion Model + LLM,16.5868,-83.0731
Diffusion Model + LLM,19.1824,22.9212
Diffusion Model + LLM,1.2413,54.3989
Diffusion Model + LLM,-4.6659,-57.5699
Diffusion Model + LLM,-25.5711,-62.1657
Diffusion Model + LLM,-8.426,-53.6113
Diffusion Model + LLM,6.7316,-91.9994
Diffusion Model + LLM,-30.7786,-45.8225
Diffusion Model + LLM,-78.6928,56.865
Diffusion Model + LLM,28.942,-70.9425
Diffusion Model + LLM,-20.4068,34.6809
Diffusion Model + LLM,-31.906,-24.6091
Diffusion Model + LLM,-44.8451,-9.4867
Diffusion Model + LLM,-19.8413,-11.3114
Diffusion Model + LLM,43.4934,-34.491
Diffusion Model + LLM,-7.5218,-84.7108
Diffusion Model + LLM,-83.1081,17.7047
Diffusion Model + LLM,-36.1922,12.7622
Diffusion Model + LLM,-33.5063,70.7839
Diffusion Model + LLM,-10.3276,-20.1352
Diffusion Model + LLM,-4.5702,-45.2406
Diffusion Model + LLM,8.2976,-66.3525
Diffusion Model + LLM,-69.8547,63.6803
Diffusion Model + LLM,-46.3127,-34.5308
Diffusion Model + LLM,-61.029,-39.2488
Diffusion Model + LLM,-53.8273,-6.5541
Diffusion Model + LLM,-15.5383,72.1498
Diffusion Model + LLM,3.632,44.0792
Diffusion Model + LLM,-92.998,18.7587
Diffusion Model + LLM,-42.1863,48.4208
Diffusion Model + LLM,-67.968,-15.7212
Diffusion Model + LLM,-47.0654,65.144
Diffusion Model + LLM,7.1466,58.5365
Diffusion Model + LLM,6.3778,-56.7572
Diffusion Model + LLM,-27.3688,25.6413
Diffusion Model + LLM,-58.4429,34.187
Diffusion Model + LLM,11.421,-3.4304
Diffusion Model + LLM,-40.2572,-60.2831
Diffusion Model + LLM,-48.9438,-63.5595
Diffusion Model + LLM,-0.017,-75.8911
Diffusion Model + LLM,-54.7552,10.7256
Diffusion Model + LLM,-74.2921,-3.311
Diffusion Model + LLM,-75.3706,26.7513
Diffusion Model + LLM,-61.6492,-3.91
Diffusion Model + LLM,-6.1604,-43.818
Diffusion Model + LLM,-29.0249,21.2589
Diffusion Model + LLM,6.0497,35.3001
Diffusion Model + LLM,16.1176,55.0118
Diffusion Model + LLM,-7.9996,-7.7743
Diffusion Model + LLM,8.405,-9.887
Diffusion Model + LLM,-90.2545,-9.7829
Diffusion Model + LLM,-38.155,-8.2682
Diffusion Model + LLM,-26.9452,-39.606
Diffusion Model + LLM,-40.9722,18.7677
Diffusion Model + LLM,-7.0437,16.3634
Diffusion Model + LLM,-10.1736,72.9761
Diffusion Model + LLM,-42.5991,-35.3291
Diffusion Model + LLM,-21.2374,85.8551
Diffusion Model + LLM,-84.5596,56.4572
Diffusion Model + LLM,-17.7042,-5.117
Diffusion Model + LLM,-28.3933,-58.8788
Diffusion Model + LLM,-63.937,-17.4788
Diffusion Model + LLM,-9.1336,-60.1479
Diffusion Model + LLM,-69.9656,32.3259
Diffusion Model + LLM,-23.0865,-58.4966
Diffusion Model + LLM,-15.6568,7.1804
Diffusion Model + LLM,8.2465,61.971
Diffusion Model + LLM,-3.7501,-21.5098
Diffusion Model + LLM,-79.8641,4.8747
Diffusion Model + LLM,-82.0888,-3.5219
Diffusion Model + LLM,-12.9472,51.0751
Diffusion Model + LLM,-76.5291,30.4421
Diffusion Model + LLM,-43.138,16.6638
Diffusion Model + LLM,-52.1897,78.853
Diffusion Model + LLM,11.5603,65.9759
Diffusion Model + LLM,-10.0135,-54.9315
Diffusion Model + LLM,-34.2725,-83.3782
Diffusion Model + LLM,-4.735,-93.4821
Diffusion Model + LLM,2.0758,-3.7346
Diffusion Model + LLM,-27.1883,-88.4971
Diffusion Model + LLM,7.4221,-93.5567
Diffusion Model + LLM,-68.1442,-15.7434
Diffusion Model + LLM,-37.0947,-29.0329
Diffusion Model + LLM,-10.6623,53.7564
Diffusion Model + LLM,-1.3719,44.4575
Diffusion Model + LLM,-81.7235,60.6866
Diffusion Model + LLM,-35.5477,87.9505
Diffusion Model + LLM,-67.0655,-13.295
Diffusion Model + LLM,-21.6864,66.281
Diffusion Model + LLM,-9.8469,-60.3178
Diffusion Model + LLM,-67.097,35.6407
Diffusion Model + LLM,-27.6133,67.3261
Diffusion Model + LLM,-66.7473,22.5091
Diffusion Model + LLM,-64.3893,-34.8148
Diffusion Model + LLM,-66.171,23.477
Diffusion Model + LLM,-62.0409,69.366
Diffusion Model + LLM,-15.5716,43.4989
Diffusion Model + LLM,-0.2856,84.405
Diffusion Model + LLM,3.0449,-56.4739
Diffusion Model + LLM,-81.8198,42.3742
Diffusion Model + LLM,8.7736,-27.6326
Diffusion Model + LLM,-64.6127,35.4689
Diffusion Model + LLM,-44.1755,-62.2479
Diffusion Model + LLM,6.0497,29.7527
Diffusion Model + LLM,-19.0275,-50.5287
Diffusion Model + LLM,-20.5621,-58.9195
Diffusion Model + LLM,-26.0018,-46.3004
Diffusion Model + LLM,-90.1076,9.3023
Diffusion Model + LLM,-76.8385,39.4533
Diffusion Model + LLM,6.8731,4.0027
Diffusion Model + LLM,-72.8879,41.7975
Diffusion Model + LLM,-43.4234,-57.8425
Diffusion Model + LLM,-2.0556,-79.3421
Diffusion Model + LLM,20.2411,14.9147
Diffusion Model + LLM,4.8015,11.9525
Diffusion Model + LLM,-44.7572,53.0596
Diffusion Model + LLM,8.2704,2.2179
Diffusion Model + LLM,-45.7452,12.3855
Diffusion Model + LLM,-89.4537,18.7435
Diffusion Model + LLM,-50.183,78.0149
Diffusion Model + LLM,19.2445,45.4983
Diffusion Model + LLM,-0.1969,2.8346
Diffusion Model + LLM,-50.7261,-63.979
Diffusion Model + LLM,8.5095,-26.5918
Diffusion Model + LLM,5.1474,-0.5911
Diffusion Model + LLM,-40.85,-5.9734
Diffusion Model + LLM,-50.5002,10.8379
Diffusion Model + LLM,21.7441,37.2946
Diffusion Model + LLM,-52.4186,60.5983
Diffusion Model + LLM,-47.8148,58.2155
Diffusion Model + LLM,-77.2409,31.0853
Diffusion Model + LLM,6.8267,58.0578
Diffusion Model + LLM,-16.3418,-19.4479
Diffusion Model + LLM,3.646,29.7171
Diffusion Model + LLM,-25.9165,-88.2587
Diffusion Model + LLM,-37.0952,32.0848
Diffusion Model + LLM,4.5723,-5.9097
Diffusion Model + LLM,-71.3866,38.2256
Diffusion Model + LLM,-23.519,65.743
Diffusion Model + LLM,-30.013,16.0819
Diffusion Model + LLM,-51.0748,72.7296
Diffusion Model + LLM,3.7808,40.2907
Diffusion Model + LLM,-4.9718,53.2717
Diffusion Model + LLM,-26.6672,43.5583
Diffusion Model + LLM,14.8431,-14.8579
Diffusion Model + LLM,-16.3054,13.5284
Diffusion Model + LLM,-51.325,5.418
Diffusion Model + LLM,-81.8498,58.9124
Diffusion Model + LLM,-94.4144,24.5301
Diffusion Model + LLM,-17.9593,-61.4669
Diffusion Model + LLM,-32.7329,64.2512
Diffusion Model + LLM,-0.8687,-48.679
Diffusion Model + LLM,-71.9666,42.5166
Diffusion Model + LLM,-44.2639,-62.8705
Diffusion Model + LLM,-3.6908,-60.4053
Diffusion Model + LLM,-16.7859,45.3478
Diffusion Model + LLM,-11.2112,-79.3721
Diffusion Model + LLM,-56.1678,37.9755
Diffusion Model + LLM,-86.9049,25.6462
Diffusion Model + LLM,4.0451,-67.0368
Diffusion Model + LLM,-37.26,-29.1331
Diffusion Model + LLM,9.1629,63.1501
Diffusion Model + LLM,-44.115,-81.075
Diffusion Model + LLM,12.437,54.1558
Diffusion Model + LLM,-3.8359,-41.1463
Diffusion Model + LLM,-91.5245,23.1946
Diffusion Model + LLM,-29.386,58.7561
Diffusion Model + LLM,-36.373,23.2424
Diffusion Model + LLM,-72.0803,59.427
Diffusion Model + LLM,-66.8355,-28.9181
Diffusion Model + LLM,-39.8204,46.2183
Diffusion Model + LLM,-12.3007,0.7773
Diffusion Model + LLM,-58.3232,74.9991
Diffusion Model + LLM,-71.322,25.7623
Diffusion Model + LLM,-39.4443,-28.09
Diffusion Model + LLM,-66.9794,53.4188
Diffusion Model + LLM,-11.2806,-77.2427
Diffusion Model + LLM,14.7232,-46.558
Diffusion Model + LLM,-20.6606,34.5682
Diffusion Model + LLM,13.1346,3.6673
Diffusion Model + LLM,-71.6438,58.3541
Diffusion Model + LLM,-64.3875,-30.1693
Diffusion Model + LLM,21.3528,41.2134
Diffusion Model + LLM,-37.7816,74.1778
Diffusion Model + LLM,-7.8523,-60.979
Diffusion Model + LLM,-61.6127,17.3948
Diffusion Model + LLM,-16.4436,-23.319
Diffusion Model + LLM,-37.7903,-85.3869
Diffusion Model + LLM,10.5736,85.4442
Diffusion Model + LLM,-20.3453,-70.3424
Diffusion Model + LLM,-88.8136,-6.4274
Diffusion Model + LLM,-0.177,-93.7076
Diffusion Model + LLM,-65.9941,-2.3672
Diffusion Model + LLM,-46.1982,-6.8223
Diffusion Model + LLM,-84.339,6.1931
Diffusion Model + LLM,-70.0555,-8.0498
Diffusion Model + LLM,-40.6022,45.7799
Diffusion Model + LLM,2.0818,66.5661
Diffusion Model + LLM,-34.4963,-46.2926
Diffusion Model + LLM,-49.9269,41.8248
Diffusion Model + LLM,-42.5698,-65.2185
Diffusion Model + LLM,-35.443,-76.3327
Diffusion Model + LLM,-68.3544,12.0044
Diffusion Model + LLM,9.4395,-77.2064
Diffusion Model + LLM,-42.0042,-27.724
Diffusion Model + LLM,19.9367,-83.6446
Diffusion Model + LLM,-41.5741,82.5799
Diffusion Model + LLM,-14.4259,-90.7303
Diffusion Model + LLM,8.6086,85.9041
Diffusion Model + LLM,-26.6958,15.6422
Diffusion Model + LLM,-87.7429,31.0821
Diffusion Model + LLM,-68.0492,52.5332
Diffusion Model + LLM,-4.1031,-47.4272
Diffusion Model + LLM,7.8591,-95.3619
Diffusion Model + LLM,-41.6981,-13.4722
Diffusion Model + LLM,19.9569,14.9759
Diffusion Model + LLM,-0.2034,-60.2539
Diffusion Model + LLM,20.0847,6.4542
Diffusion Model + LLM,-67.6309,5.0428
Diffusion Model + LLM,-39.4811,-28.5248
Diffusion Model + LLM,-32.4382,13.8115
Diffusion Model + LLM,-72.1716,24.3362
Diffusion Model + LLM,-58.8077,-67.66
Diffusion Model + LLM,-0.9151,-76.5277
Diffusion Model + LLM,12.9271,44.5078
Diffusion Model + LLM,5.4242,-94.779
Diffusion Model + LLM,-19.7843,37.8955
Diffusion Model + LLM,-74.216,10.3298
Diffusion Model + LLM,-52.9671,45.9417
Diffusion Model + LLM,-10.7126,63.9094
Diffusion Model + LLM,-45.8892,4.7535
Diffusion Model + LLM,-32.0215,-46.9912
Diffusion Model + LLM,0.7236,-55.3251
Diffusion Model + LLM,-57.225,37.9247
Diffusion Model + LLM,-15.4889,83.6538
Diffusion Model + LLM,-25.8122,-12.2698
Diffusion Model + LLM,-22.4864,-15.9663
Diffusion Model + LLM,10.939,1.0854
Diffusion Model + LLM,-11.4145,29.9717
Diffusion Model + LLM,12.8789,-73.1742
Diffusion Model + LLM,-55.855,-68.7992
Diffusion Model + LLM,21.3867,51.6306
Diffusion Model + LLM,-6.1787,-0.8042
Diffusion Model + LLM,0.6904,77.5579
Diffusion Model + LLM,-9.9081,-2.6271
Diffusion Model + LLM,-23.0279,-59.3915
Diffusion Model + LLM,-48.15,73.9842
Diffusion Model + LLM,-47.8968,-20.1907
Diffusion Model + LLM,15.1106,7.0826
Diffusion Model + LLM,19.1388,45.3099
Diffusion Model + LLM,-26.4345,-78.244
Diffusion Model + LLM,8.1761,61.8652
Diffusion Model + LLM,-8.3195,-62.64
Diffusion Model + LLM,-60.425,-62.7378
Diffusion Model + LLM,-30.7679,-22.2605
Diffusion Model + LLM,-51.7031,84.3967
Diffusion Model + LLM,-29.9041,29.0468
Diffusion Model + LLM,-20.3746,37.2986
Diffusion Model + LLM,19.5152,-82.294
Diffusion Model + LLM,-70.2976,-17.7794
Diffusion Model + LLM,-11.6513,57.8495
Diffusion Model + LLM,-50.9296,5.5349
Diffusion Model + LLM,-14.9431,-48.3187
Diffusion Model + LLM,7.0647,-49.1598
Diffusion Model + LLM,-45.9436,75.2037
Diffusion Model + LLM,-11.9421,-73.8528
Diffusion Model + LLM,-21.9541,-2.7742
Diffusion Model + LLM,-6.5857,45.0644
Diffusion Model + LLM,-84.2932,57.0652
Diffusion Model + LLM,-21.5278,66.2554
Diffusion Model + LLM,7.2407,-19.506
Diffusion Model + LLM,-48.763,12.3038
Diffusion Model + LLM,-88.2691,-1.2878
Diffusion Model + LLM,-31.4272,-72.804
Diffusion Model + LLM,-92.0068,31.6123
Diffusion Model + LLM,-34.3434,90.3317
Diffusion Model + LLM,-92.7931,24.3753
Diffusion Model + LLM,-12.0003,19.3821
Diffusion Model + LLM,-43.6339,37.2993
Diffusion Model + LLM,7.1089,27.2975
Diffusion Model + LLM,-65.4097,62.4571
Diffusion Model + LLM,-17.5641,-12.0836
Diffusion Model + LLM,-66.6529,-5.5444
Diffusion Model + LLM,-50.7395,20.8956
Diffusion Model + LLM,0.249,-22.346
Diffusion Model + LLM,0.037,-77.7019
Diffusion Model + LLM,-35.6445,46.2251
Diffusion Model + LLM,-84.3714,55.0705
Diffusion Model + LLM,20.0913,57.1815
Diffusion Model + LLM,18.8157,34.0986
Diffusion Model + LLM,-1.4287,9.3038
Diffusion Model + LLM,-9.8977,-78.866
Diffusion Model + LLM,-14.9441,-77.167
Diffusion Model + LLM,-27.1619,29.9257
Diffusion Model + LLM,-35.3741,74.008
Diffusion Model + LLM,-90.4212,-7.8204
Diffusion Model + LLM,6.2791,22.17
Diffusion Model + LLM,-12.4209,-15.2773
Diffusion Model + LLM,-53.1,20.1175
Diffusion Model + LLM,-26.0685,-71.1442
Diffusion Model + LLM,-9.6336,-67.4
Diffusion Model + LLM,5.3536,-30.6483
Diffusion Model + LLM,-35.6097,74.1317
Diffusion Model + LLM,-85.8697,9.1142
Diffusion Model + LLM,1.8912,49.1491
Diffusion Model + LLM,-36.3542,24.6014
Diffusion Model + LLM,-4.7872,13.9645
Diffusion Model + LLM,-28.0428,-42.3536
Diffusion Model + LLM,-56.8352,31.9948
Diffusion Model + LLM,-12.1131,32.0802
Diffusion Model + LLM,-6.004,70.158
Diffusion Model + LLM,-34.3512,34.358
Diffusion Model + LLM,-5.8763,-55.8149
Diffusion Model + LLM,-4.6422,-85.4532
Diffusion Model + LLM,18.8904,23.0425
Diffusion Model + LLM,-66.2344,-31.6083
Diffusion Model + LLM,5.9701,-93.7398
Diffusion Model + LLM,-79.0208,8.7921
Diffusion Model + LLM,-50.8166,-15.264
Diffusion Model + LLM,-63.7658,21.2241
Diffusion Model + LLM,3.01,77.6214
Diffusion Model + LLM,-27.2974,69.4351
Diffusion Model + LLM,-42.3172,-14.9857
Diffusion Model + LLM,4.0859,-16.3357
Diffusion Model + LLM,13.3861,44.5622
Diffusion Model + LLM,-37.4152,4.0594
Diffusion Model + LLM,-21.5642,-69.4203
Diffusion Model + LLM,-4.9322,38.9534
Diffusion Model + LLM,15.6799,46.6304
Diffusion Model + LLM,-17.3256,27.7184
Diffusion Model + LLM,-48.73,-56.0219
Diffusion Model + LLM,-20.1173,-72.8198
Diffusion Model + LLM,-38.8577,-66.7821
Diffusion Model + LLM,1.368,-58.5458
Diffusion Model + LLM,-44.2038,85.7258
Diffusion Model + LLM,-61.6996,63.3436
Diffusion Model + LLM,3.0582,43.3523
Diffusion Model + LLM,-21.2482,17.0857
Diffusion Model + LLM,-60.9029,17.7777
Diffusion Model + LLM,-43.0521,34.283
Diffusion Model + LLM,-19.9987,-45.5755
Diffusion Model + LLM,-23.0074,71.5445
Diffusion Model + LLM,-45.9916,43.0293
Diffusion Model + LLM,-54.4472,43.7108
Diffusion Model + LLM,-56.813,-66.4127
Diffusion Model + LLM,-11.9806,51.9707
Diffusion Model + LLM,-48.5273,-33.826
Diffusion Model + LLM,12.1361,17.1983
Diffusion Model + LLM,-82.1409,55.8086
Diffusion Model + LLM,-35.2868,-1.2244
Diffusion Model + LLM,-27.2427,-11.267
Diffusion Model + LLM,-39.6708,79.324
Diffusion Model + LLM,-14.1475,-46.0152
Diffusion Model + LLM,-21.0936,-54.0417
Diffusion Model + LLM,4.8582,88.2349
Diffusion Model + LLM,-54.7457,13.893
Diffusion Model + LLM,11.5626,65.0608
Diffusion Model + LLM,-27.7971,62.036
Diffusion Model + LLM,-45.6293,83.7533
Diffusion Model + LLM,-58.1314,77.124
Diffusion Model + LLM,-3.2227,1.2656
Diffusion Model + LLM,-31.6961,-19.0371
Diffusion Model + LLM,-69.2193,-41.0855
Diffusion Model + LLM,-30.1215,14.2263
Diffusion Model + LLM,-55.7147,-13.1369
Diffusion Model + LLM,18.6435,58.1954
Diffusion Model + LLM,-63.7953,-17.3534
Diffusion Model + LLM,-15.8918,-19.2204
Diffusion Model + LLM,-47.9708,-46.9339
Diffusion Model + LLM,-53.4114,75.082
Diffusion Model + LLM,-17.5422,-24.2049
Diffusion Model + LLM,-4.5851,39.6685
Diffusion Model + LLM,-38.5051,69.5893
Diffusion Model + LLM,-36.7625,-82.6784
Diffusion Model + LLM,-13.8983,48.2317
Diffusion Model + LLM,-5.7217,-4.4007
Diffusion Model + LLM,4.6739,88.0943
Diffusion Model + LLM,-33.2175,27.0055
Diffusion Model + LLM,20.277,14.4485
Diffusion Model + LLM,1.8872,21.5738
Diffusion Model + LLM,-7.3398,-21.763
Diffusion Model + LLM,-33.9484,55.0691
Diffusion Model + LLM,-3.669,6.8493
Diffusion Model + LLM,-41.6813,86.987
Diffusion Model + LLM,-66.1846,26.4467
Diffusion Model + LLM,-61.4488,-38.0291
Diffusion Model + LLM,-57.1488,37.8673
Diffusion Model + LLM,-48.759,-72.7328
Diffusion Model + LLM,-72.3128,37.6778
Diffusion Model + LLM,5.403,68.9229
Diffusion Model + LLM,-29.1525,-57.1436
Diffusion Model + LLM,-29.6991,76.8342
Diffusion Model + LLM,-32.0214,-85.7167
Diffusion Model + LLM,1.7393,-79.3217
Diffusion Model + LLM,-54.9779,43.9999
Diffusion Model + LLM,1.78,-69.9569
Diffusion Model + LLM,-33.1113,14.4225
Diffusion Model + LLM,-36.0621,25.9151
Diffusion Model + LLM,-49.0073,36.7432
Diffusion Model + LLM,2.0222,-21.1521
Diffusion Model + LLM,-7.0607,29.9977
Diffusion Model + LLM,11.0098,73.1981
Diffusion Model + LLM,-92.7956,-9.394
Diffusion Model + LLM,13.3489,20.9166
Diffusion Model + LLM,-45.3649,-13.1564
Diffusion Model + LLM,-64.4028,-30.0865
Diffusion Model + LLM,63.9093,-41.5393
Diffusion Model + LLM,-24.7572,54.5142
Diffusion Model + LLM,-50.4418,36.8235
Diffusion Model + LLM,-37.165,30.0921
Diffusion Model + LLM,-28.5178,66.7714
Diffusion Model + LLM,-43.8308,-26.3165
Diffusion Model + LLM,-57.2782,-69.6516
Diffusion Model + LLM,11.2345,-86.4747
Diffusion Model + LLM,8.6471,27.4878
Diffusion Model + LLM,-67.3127,14.331
Diffusion Model + LLM,-62.2186,4.0396
Diffusion Model + LLM,-54.6582,61.1791
Diffusion Model + LLM,-92.4578,0.2327
Diffusion Model + LLM,6.8003,-92.3921
Diffusion Model + LLM,-40.6105,45.7427
Diffusion Model + LLM,-29.3752,-59.2843
Diffusion Model + LLM,-50.9503,61.1166
Diffusion Model + LLM,0.5149,-45.9164
Diffusion Model + LLM,-19.7231,37.9437
Diffusion Model + LLM,2.7803,41.1878
Diffusion Model + LLM,-95.9669,0.1663
Diffusion Model + LLM,-30.7126,82.4236
Diffusion Model + LLM,-11.8828,38.0321
Diffusion Model + LLM,-56.8327,77.1715
Diffusion Model + LLM,-71.3645,-7.6356
Diffusion Model + LLM,-30.0899,-74.0955
Diffusion Model + LLM,1.3015,12.1143
Diffusion Model + LLM,-0.8811,-5.2156
Diffusion Model + LLM,16.9015,6.478
Diffusion Model + LLM,-20.6845,-54.2577
Diffusion Model + LLM,-68.3461,53.3216
Diffusion Model + LLM,4.9435,3.0527
Diffusion Model + LLM,1.4357,-84.4329
Diffusion Model + LLM,-6.7246,43.9701
Diffusion Model + LLM,9.0317,16.2143
Diffusion Model + LLM,-77.5857,12.5004
Diffusion Model + LLM,-72.847,6.1958
Diffusion Model + LLM,19.3448,51.7496
Diffusion Model + LLM,-15.185,54.2098
Diffusion Model + LLM,-84.4725,-8.3571
Diffusion Model + LLM,-23.678,80.0409
Diffusion Model + LLM,-49.0432,58.6727
Diffusion Model + LLM,-16.069,-44.8331
Diffusion Model + LLM,-70.8945,1.8931
Diffusion Model + LLM,-0.5549,3.5363
Diffusion Model + LLM,19.6761,-83.9327
Diffusion Model + LLM,-4.6832,54.7226
Diffusion Model + LLM,-82.194,40.9106
Diffusion Model + LLM,-60.047,55.6631
Diffusion Model + LLM,-73.7032,-22.0763
Diffusion Model + LLM,-1.0973,-10.9725
Diffusion Model + LLM,-31.5837,23.9694
Diffusion Model + LLM,-6.4259,65.215
Diffusion Model + LLM,9.5333,-92.8905
Diffusion Model + LLM,-8.2077,66.1612
Diffusion Model + LLM,-5.0782,-21.2647
Diffusion Model + LLM,11.1997,-56.9234
Diffusion Model + LLM,-34.087,-44.9025
Diffusion Model + LLM,6.241,-62.3443
Diffusion Model + LLM,-30.9432,-47.579
Diffusion Model + LLM,-24.3713,-3.6187
Diffusion Model + LLM,-33.8737,-85.8082
Diffusion Model + LLM,-79.0414,28.5842
Diffusion Model + LLM,-45.2133,-26.6732
Diffusion Model + LLM,-63.3665,-35.7512
Diffusion Model + LLM,-11.1793,27.4929
Diffusion Model + LLM,-42.6659,-27.1355
Diffusion Model + LLM,-31.0426,-70.6226
Diffusion Model + LLM,9.6749,-77.8832
Diffusion Model + LLM,-33.9516,84.8932
Diffusion Model + LLM,-36.4052,-53.944
Diffusion Model + LLM,-42.7474,-12.9778
Diffusion Model + LLM,68.9692,-63.1468
Diffusion Model + LLM,-19.7582,87.3011
Diffusion Model + LLM,-53.5349,81.7035
Diffusion Model + LLM,-17.979,20.8974
Diffusion Model + LLM,-17.5105,-22.0726
Diffusion Model + LLM,-25.1614,71.5044
Diffusion Model + LLM,-4.865,2.4065
Diffusion Model + LLM,-45.4018,59.0065
Diffusion Model + LLM,10.6897,10.9809
Diffusion Model + LLM,-82.9762,4.0966
Diffusion Model + LLM,-42.8931,26.2267
Diffusion Model + LLM,-12.8863,53.1914
Diffusion Model + LLM,-7.7226,-59.2222
Diffusion Model + LLM,-39.097,-14.1458
Diffusion Model + LLM,-1.9134,-41.9106
Diffusion Model + LLM,-56.1998,11.7934
Diffusion Model + LLM,-32.8376,-21.8944
Diffusion Model + LLM,-69.8232,0.3069
Diffusion Model + LLM,-7.2024,14.8891
Diffusion Model + LLM,-46.3305,-72.8853
Diffusion Model + LLM,8.7531,-5.1335
Diffusion Model + LLM,-24.3108,33.3015
Diffusion Model + LLM,-43.2637,-17.2791
Diffusion Model + LLM,-51.2348,-3.9326
Diffusion Model + LLM,-31.6158,-24.6877
Diffusion Model + LLM,-36.8949,61.1469
Diffusion Model + LLM,-52.0357,60.3136
Diffusion Model + LLM,-52.2641,-6.1951
Diffusion Model + LLM,-13.3256,-22.4144
Diffusion Model + LLM,-98.1938,20.4653
Diffusion Model + LLM,-61.2253,18.6956
Diffusion Model + LLM,2.8468,45.0582
Diffusion Model + LLM,-29.4523,80.2665
Diffusion Model + LLM,-51.458,-73.742
Diffusion Model + LLM,-28.6193,-8.8167
Diffusion Model + LLM,-61.4434,63.9342
Diffusion Model + LLM,-25.9668,-62.9655
Diffusion Model + LLM,-1.082,70.436
Diffusion Model + LLM,23.1852,56.042
Diffusion Model + LLM,-4.882,50.8962
Diffusion Model + LLM,-48.7342,-37.2926
Diffusion Model + LLM,15.5901,10.6361
Diffusion Model + LLM,-94.5242,-5.8194
Diffusion Model + LLM,-77.1798,41.0956
Diffusion Model + LLM,-73.2437,25.6851
Diffusion Model + LLM,-40.3499,-0.6665
Diffusion Model + LLM,-32.9811,17.0328
Diffusion Model + LLM,8.3128,-57.1955
Diffusion Model + LLM,-5.1558,-97.4449
Diffusion Model + LLM,-12.2817,57.7766
Diffusion Model + LLM,-94.5178,-5.8361
Diffusion Model + LLM,-14.3297,-73.8407
Diffusion Model + LLM,-45.7962,41.9958
Diffusion Model + LLM,-31.9445,-11.1287
Diffusion Model + LLM,-50.2267,21.359
Diffusion Model + LLM,-45.2693,-54.7644
Diffusion Model + LLM,8.555,10.2206
Diffusion Model + LLM,-48.9438,-58.1879
Diffusion Model + LLM,-42.3136,53.8826
Diffusion Model + LLM,-23.8834,-5.9952
Diffusion Model + LLM,-28.6277,77.9375
Diffusion Model + LLM,-20.2173,27.2914
Diffusion Model + LLM,-76.5603,-20.073
Diffusion Model + LLM,-27.5069,-44.7668
Diffusion Model + LLM,-13.9808,14.5712
Diffusion Model + LLM,8.0302,68.619
Diffusion Model + LLM,-39.311,72.0783
Diffusion Model + LLM,-41.8319,-9.0076
Diffusion Model + LLM,-26.4295,-51.6875
Diffusion Model + LLM,-56.7394,6.7301
Diffusion Model + LLM,-18.6883,55.4601
Diffusion Model + LLM,-10.4635,48.8672
Diffusion Model + LLM,14.0361,-21.5187
Diffusion Model + LLM,69.2377,-62.8977
Diffusion Model + LLM,-70.4135,1.8404
Diffusion Model + LLM,-75.9305,30.4072
Diffusion Model + LLM,-48.6269,-1.3673
Diffusion Model + LLM,-46.4294,-13.7449
Diffusion Model + LLM,-33.9972,-3.0896
Diffusion Model + LLM,-8.7631,37.5381
Diffusion Model + LLM,-21.48,86.516
Diffusion Model + LLM,7.2207,78.2334
Diffusion Model + LLM,-51.0887,26.604
Diffusion Model + LLM,-60.9265,56.4598
Diffusion Model + LLM,-12.7513,73.8839
Diffusion Model + LLM,-60.783,-2.8835
Diffusion Model + LLM,-28.1411,66.2843
Diffusion Model + LLM,-3.0972,-45.3112
Diffusion Model + LLM,5.4152,26.22
Diffusion Model + LLM,-35.2733,66.3363
Diffusion Model + LLM,-10.9244,-22.9064
Diffusion Model + LLM,14.0058,35.0743
Diffusion Model + LLM,-40.9596,-28.1029
Diffusion Model + LLM,10.0957,-77.2349
Diffusion Model + LLM,-54.5489,62.8395
Diffusion Model + LLM,-8.2523,60.9374
Diffusion Model + LLM,-62.0319,74.5342
Diffusion Model + LLM,-34.1045,-18.0992
Diffusion Model + LLM,-48.6606,-72.8206
Diffusion Model + LLM,-71.6805,58.3297
Diffusion Model + LLM,-84.0399,41.0195
Diffusion Model + LLM,4.2291,42.4667
Diffusion Model + LLM,-35.3644,72.1353
Diffusion Model + LLM,15.5353,10.6307
Diffusion Model + LLM,-14.722,-76.4194
Diffusion Model + LLM,-0.6937,-10.632
Diffusion Model + LLM,-4.036,-62.2349
Diffusion Model + LLM,-39.3443,37.8901
Diffusion Model + LLM,13.9873,25.3444
Diffusion Model + LLM,-18.1319,-6.1499
Diffusion Model + LLM,-23.1157,-54.1369
Diffusion Model + LLM,-39.6472,69.6508
Diffusion Model + LLM,-65.2879,-14.4985
Diffusion Model + LLM,-4.7136,18.1485
Diffusion Model + LLM,-16.4538,-5.8998
Diffusion Model + LLM,-37.2273,27.1492
Diffusion Model + LLM,-63.8667,-39.7937
Diffusion Model + LLM,1.6024,-66.7449
Diffusion Model + LLM,-52.8149,-66.0773
Diffusion Model + LLM,-61.0599,-13.9624
Diffusion Model + LLM,-9.2042,5.8419
Diffusion Model + LLM,-48.7149,-72.7068
Diffusion Model + LLM,12.0413,2.3863
Diffusion Model + LLM,-48.0248,-0.8085
Diffusion Model + LLM,-24.4274,63.7357
Diffusion Model + LLM,-14.0906,-68.2105
Diffusion Model + LLM,-4.8501,-0.9831
Diffusion Model + LLM,18.269,39.5276
Diffusion Model + LLM,-96.1879,20.726
Diffusion Model + LLM,-24.9007,50.2136
Diffusion Model + LLM,-45.7438,-55.0021
Diffusion Model + LLM,-44.1454,61.4704
Diffusion Model + LLM,-44.3797,-38.5802
Diffusion Model + LLM,-52.3654,42.4774
Diffusion Model + LLM,-23.5571,12.8162
Diffusion Model + LLM,-88.4414,28.7099
Diffusion Model + LLM,12.1525,45.9469
Diffusion Model + LLM,-82.7153,57.137
Diffusion Model + LLM,-31.9873,-66.1248
Diffusion Model + LLM,-14.455,-51.8572
Diffusion Model + LLM,-33.2351,24.8393
Diffusion Model + LLM,-33.6146,64.4074
Diffusion Model + LLM,-11.4808,20.4384
Diffusion Model + LLM,-88.2559,25.6366
Diffusion Model + LLM,-50.6895,-20.1776
Diffusion Model + LLM,-89.0201,1.2779
Diffusion Model + LLM,-37.5074,-0.6801
Diffusion Model + LLM,-26.9981,63.9285
Diffusion Model + LLM,-51.6024,74.2667
Diffusion Model + LLM,-15.7204,28.156
Diffusion Model + LLM,-2.0561,-72.7153
Diffusion Model + LLM,-1.9469,-44.9141
Diffusion Model + LLM,22.0813,51.2937
Diffusion Model + LLM,-17.1224,-6.8117
Diffusion Model + LLM,21.0854,18.9786
Diffusion Model + LLM,-66.5976,55.0004
Diffusion Model + LLM,5.2683,-95.3891
Diffusion Model + LLM,5.0392,-55.5664
Diffusion Model + LLM,-22.452,45.8542
Diffusion Model + LLM,-91.8794,31.8635
Diffusion Model + LLM,-2.8986,55.6652
Diffusion Model + LLM,-15.7207,-77.7129
Diffusion Model + LLM,10.5122,43.4302
Diffusion Model + LLM,16.8216,46.1848
Diffusion Model + LLM,-22.053,-40.4005
Diffusion Model + LLM,-1.5249,26.914
Diffusion Model + LLM,3.2544,-6.7237
Diffusion Model + LLM,19.2081,19.139
Diffusion Model + LLM,2.9727,42.0129
Diffusion Model + LLM,9.2802,82.2497
Diffusion Model + LLM,-28.9151,2.5358
Diffusion Model + LLM,-58.7935,81.0178
Diffusion Model + LLM,-86.5109,13.0788
Diffusion Model + LLM,19.494,-81.4372
Diffusion Model + LLM,-44.2826,-30.3328
Diffusion Model + LLM,-54.3176,75.9422
Diffusion Model + LLM,-28.7337,79.6652
Diffusion Model + LLM,16.1333,30.3901
Diffusion Model + LLM,-9.4535,67.8166
Diffusion Model + LLM,-55.5392,34.7955
Diffusion Model + LLM,-27.5066,5.1353
Diffusion Model + LLM,-45.0025,-35.6405
Diffusion Model + LLM,-19.6307,-55.0466
Diffusion Model + LLM,5.3242,55.3353
Diffusion Model + LLM,-5.2148,-18.0377
Diffusion Model + LLM,-36.6413,55.1622
Diffusion Model + LLM,14.9486,9.1519
Diffusion Model + LLM,-57.1791,71.5602
Diffusion Model + LLM,-72.9221,-17.296
Diffusion Model + LLM,2.2279,26.1933
Diffusion Model + LLM,-62.6183,-28.8545
Diffusion Model + LLM,-53.5154,-68.1383
Diffusion Model + LLM,-4.2013,1.61
Diffusion Model + LLM,16.8171,-87.8674
Diffusion Model + LLM,-4.7385,82.6436
Diffusion Model + LLM,-70.0343,64.045
Diffusion Model + LLM,-69.2673,-6.0256
Diffusion Model + LLM,15.8703,34.4993
Diffusion Model + LLM,-52.3202,-14.568
Diffusion Model + LLM,-37.245,-11.2804
Diffusion Model + LLM,-19.3128,85.2858
Diffusion Model + LLM,-5.8331,8.5961
Diffusion Model + LLM,-13.6953,-63.0851
Diffusion Model + LLM,-4.6743,-74.6045
Diffusion Model + LLM,-56.2705,4.1555
Diffusion Model + LLM,-49.0649,-37.6408
Diffusion Model + LLM,-31.591,84.893
Diffusion Model + LLM,-15.5397,-17.4493
Diffusion Model + LLM,-25.1769,-69.1282
Diffusion Model + LLM,-21.3337,45.6687
Diffusion Model + LLM,-29.7676,-53.0258
Diffusion Model + LLM,49.8687,37.2444
Diffusion Model + LLM,-49.4988,-57.1941
Diffusion Model + LLM,22.6767,20.2677
Diffusion Model + LLM,-71.5183,26.0385
Diffusion Model + LLM,-77.3773,-19.2167
Diffusion Model + LLM,-90.0923,-8.9811
Diffusion Model + LLM,-34.597,77.4972
Diffusion Model + LLM,-89.5631,33.6793
Diffusion Model + LLM,-29.3108,-6.3052
Diffusion Model + LLM,-31.3842,-4.6457
Diffusion Model + LLM,-0.7873,-31.4133
Diffusion Model + LLM,6.6535,0.0402
Diffusion Model + LLM,4.1014,66.5533
Diffusion Model + LLM,-85.6562,29.5083
Diffusion Model + LLM,-43.492,37.0608
Diffusion Model + LLM,-35.4786,12.9083
Diffusion Model + LLM,4.4726,77.1259
Diffusion Model + LLM,-69.2067,-42.7567
Diffusion Model + LLM,-28.7476,-24.5921
Diffusion Model + LLM,-11.4616,11.1933
Diffusion Model + LLM,-67.7133,5.0459
Diffusion Model + LLM,-52.6464,-60.1338
Diffusion Model + LLM,-23.8122,65.2936
Diffusion Model + LLM,22.9058,-46.1432
Diffusion Model + LLM,-52.0702,53.3948
Diffusion Model + LLM,-27.3341,24.4239
Diffusion Model + LLM,3.9268,77.0404
Diffusion Model + LLM,-63.2774,10.5182
Diffusion Model + LLM,-9.767,-3.339
Diffusion Model + LLM,-84.7856,16.7325
Diffusion Model + LLM,-8.463,-2.0745
Diffusion Model + LLM,-33.0286,78.8833
Diffusion Model + LLM,-35.9695,22.7095
Diffusion Model + LLM,18.1455,-84.3987
Diffusion Model + LLM,6.7238,-69.2918
Diffusion Model + LLM,-57.0139,-67.7434
Diffusion Model + LLM,5.2051,-97.5732
Diffusion Model + LLM,-14.6407,32.7613
Diffusion Model + LLM,-33.2371,-14.5388
Diffusion Model + LLM,-33.7004,35.244
Diffusion Model + LLM,-10.6959,83.3589
Diffusion Model + LLM,-2.9668,-20.326
Diffusion Model + LLM,2.9599,77.6441
Diffusion Model + LLM,-30.0099,-2.2359
Diffusion Model + LLM,-5.7034,79.4471
Diffusion Model + LLM,-8.2258,78.0087
Diffusion Model + LLM,-88.3015,28.4731
Diffusion Model + LLM,6.1522,-89.4832
Diffusion Model + LLM,-4.1936,-0.779
Diffusion Model + LLM,-83.6318,54.9824
Diffusion Model + LLM,0.9883,71.5784
Diffusion Model + LLM,-19.0092,3.5596
Diffusion Model + LLM,-51.0683,5.54
Diffusion Model + LLM,-52.5888,73.1066
Diffusion Model + LLM,18.5585,53.8755
Diffusion Model + LLM,-59.5953,56.1229
Diffusion Model + LLM,-57.4892,77.8232
Diffusion Model + LLM,2.1231,-16.5558
Diffusion Model + LLM,-61.7381,22.3714
Diffusion Model + LLM,-38.2539,-9.848
Diffusion Model + LLM,-29.1072,80.8276
Diffusion Model + LLM,-19.8236,67.6474
Diffusion Model + LLM,-77.6493,21.4969
Diffusion Model + LLM,-30.1896,66.0664
Diffusion Model + LLM,-18.1664,68.7045
Diffusion Model + LLM,-14.4853,-65.5017
Diffusion Model + LLM,8.2045,76.0667
Diffusion Model + LLM,-30.4291,-0.7688
Diffusion Model + LLM,-64.0169,-17.7537
Diffusion Model + LLM,10.375,-71.4905
Diffusion Model + LLM,-8.9121,-77.6098
Diffusion Model + LLM,8.1193,-79.852
Diffusion Model + LLM,-92.1127,32.3218
Diffusion Model + LLM,-31.9552,25.6329
Diffusion Model + LLM,-5.5257,-93.9982
Diffusion Model + LLM,-45.9446,12.5117
Diffusion Model + LLM,-15.3548,60.7878
Diffusion Model + LLM,9.453,0.4287
Diffusion Model + LLM,-25.7755,-72.3832
Diffusion Model + LLM,3.0051,-81.9653
Diffusion Model + LLM,-92.1696,26.1945
Diffusion Model + LLM,18.7336,18.91
Diffusion Model + LLM,-14.4868,64.025
Diffusion Model + LLM,21.764,56.3494
Diffusion Model + LLM,-12.5171,-80.3175
Diffusion Model + LLM,-44.2145,-9.6535
Diffusion Model + LLM,-90.9928,29.5369
Diffusion Model + LLM,-1.5379,-81.3912
Diffusion Model + LLM,-27.0536,69.3736
Diffusion Model + LLM,-51.6245,-7.0733
Diffusion Model + LLM,-61.5537,64.3783
Diffusion Model + LLM,-91.1171,10.4494
Diffusion Model + LLM,-31.5647,-77.828
Diffusion Model + LLM,2.7361,36.172
Diffusion Model + LLM,4.2531,-97.0824
Diffusion Model + LLM,-7.0374,-94.7699
Diffusion Model + LLM,-49.3954,33.3022
Diffusion Model + LLM,17.9712,59.7012
Diffusion Model + LLM,-62.1126,13.8192
Diffusion Model + LLM,-43.1366,-25.8958
Diffusion Model + LLM,5.6352,-0.7766
Diffusion Model + LLM,-54.4311,81.2505
Diffusion Model + LLM,-33.0762,62.0657
Diffusion Model + LLM,-6.7725,44.1164
Diffusion Model + LLM,-9.7349,-3.5894
Diffusion Model + LLM,-6.3962,-52.4093
Diffusion Model + LLM,-92.6449,-9.581
Diffusion Model + LLM,-15.4265,61.4488
Diffusion Model + LLM,-35.2137,63.8116
Diffusion Model + LLM,9.7965,-56.7212
Diffusion Model + LLM,-17.7988,-61.4662
Diffusion Model + LLM,18.4869,5.9422
Diffusion Model + LLM,8.7721,-5.1775
Diffusion Model + LLM,23.3949,20.5202
Diffusion Model + LLM,-31.7659,25.588
Diffusion Model + LLM,17.7661,38.2592
Diffusion Model + LLM,3.8737,44.7106
Diffusion Model + LLM,-53.2359,41.2345
Diffusion Model + LLM,-4.6429,35.6224
Diffusion Model + LLM,3.2549,19.2015
Diffusion Model + LLM,0.98,87.9317
Diffusion Model + LLM,10.8851,-0.3837
Diffusion Model + LLM,-6.046,84.6533
Diffusion Model + LLM,2.6214,-0.9489
Diffusion Model + LLM,2.4597,26.4344
Diffusion Model + LLM,-10.6743,-28.7333
Diffusion Model + LLM,-29.4509,2.8577
Diffusion Model + LLM,-76.0675,38.2807
Diffusion Model + LLM,-65.4443,17.3901
Diffusion Model + LLM,15.474,-87.4681
Diffusion Model + LLM,-18.205,79.1787
Diffusion Model + LLM,-31.5555,-65.4807
Diffusion Model + LLM,-26.577,42.6888
Diffusion Model + LLM,-81.162,55.3255
Diffusion Model + LLM,14.8733,17.3336
Diffusion Model + LLM,19.3411,58.0218
Diffusion Model + LLM,-59.7178,79.6252
Diffusion Model + LLM,-54.7851,74.4804
Diffusion Model + LLM,-34.0271,60.2163
Diffusion Model + LLM,-17.1157,49.0188
Diffusion Model + LLM,-13.0463,-47.8594
Diffusion Model + LLM,-42.971,-26.7008
Diffusion Model + LLM,-41.7893,-29.13
Diffusion Model + LLM,20.149,57.0647
Diffusion Model + LLM,-73.114,1.8701
Diffusion Model + LLM,-27.6955,89.4415
Diffusion Model + LLM,3.2447,77.8476
Diffusion Model + LLM,79.5916,-66.7259
Diffusion Model + LLM,-15.6687,59.72
Diffusion Model + LLM,-44.4463,43.7018
Diffusion Model + LLM,-26.5811,66.2958
Diffusion Model + LLM,8.7976,27.2297
Diffusion Model + LLM,-7.3958,-84.4157
Diffusion Model + LLM,-25.2654,53.7906
Diffusion Model + LLM,-25.6619,87.4962
Diffusion Model + LLM,-24.5956,-94.083
Diffusion Model + LLM,-28.9248,73.6498
Diffusion Model + LLM,-78.2698,56.8821
Diffusion Model + LLM,-8.8051,-77.1931
Diffusion Model + LLM,-2.0637,24.4084
Diffusion Model + LLM,-11.8378,48.5911
Diffusion Model + LLM,-11.2153,-15.7053
Diffusion Model + LLM,6.0019,38.038
Diffusion Model + LLM,-75.4574,38.726
Diffusion Model + LLM,-40.8919,-61.6894
Diffusion Model + LLM,12.5336,9.6638
Diffusion Model + LLM,-2.3096,17.8616
Diffusion Model + LLM,-19.7213,22.7691
Diffusion Model + LLM,-47.2268,-78.0686
Diffusion Model + LLM,-91.7018,38.9828
Diffusion Model + LLM,-0.2154,51.091
Diffusion Model + LLM,-58.3347,33.7716
Diffusion Model + LLM,-92.3756,2.0382
Diffusion Model + LLM,7.3915,65.3988
Diffusion Model + LLM,-5.5237,7.2064
Diffusion Model + LLM,-50.2554,46.6423
Diffusion Model + LLM,-55.0468,67.0263
Diffusion Model + LLM,-51.8383,-60.5632
Diffusion Model + LLM,-34.572,-85.2219
Diffusion Model + LLM,-74.6219,5.8929
Diffusion Model + LLM,-25.745,43.12
Diffusion Model + LLM,4.0487,-67.0322
Diffusion Model + LLM,-18.0377,-30.2995
Diffusion Model + LLM,-8.024,43.5938
Diffusion Model + LLM,-10.8132,-74.3321
Diffusion Model + LLM,-28.9938,-71.9522
Diffusion Model + LLM,-29.2543,23.4593
Diffusion Model + LLM,-47.176,9.6597
Diffusion Model + LLM,-0.8357,-89.6909
Diffusion Model + LLM,-60.5784,-5.9212
Diffusion Model + LLM,-43.5125,-12.5195
Diffusion Model + LLM,4.8748,69.2975
Diffusion Model + LLM,-64.5956,35.6729
Diffusion Model + LLM,-12.2746,9.0681
Diffusion Model + LLM,-61.3989,31.8745
Diffusion Model + LLM,-30.3138,17.6054
Diffusion Model + LLM,-22.1929,-29.9739
Diffusion Model + LLM,-50.9356,-20.2249
Diffusion Model + LLM,-10.1253,-24.2871
Diffusion Model + LLM,-33.1914,-87.0921
Diffusion Model + LLM,-58.7343,68.6768
Diffusion Model + LLM,-27.485,5.1097
Diffusion Model + LLM,1.0762,56.5935
Diffusion Model + LLM,-92.1777,-3.0436
Diffusion Model + LLM,5.1679,-30.4598
Diffusion Model + LLM,-12.5063,30.3356
Diffusion Model + LLM,16.5221,35.3324
Diffusion Model + LLM,-67.4347,-13.0795
Diffusion Model + LLM,-68.7229,34.9514
Diffusion Model + LLM,-46.9581,-73.8424
Diffusion Model + LLM,17.0595,21.803
Diffusion Model + LLM,8.8399,27.6108
Diffusion Model + LLM,7.2493,-77.5627
Diffusion Model + LLM,-28.9555,89.7307
Diffusion Model + LLM,-23.8724,-14.6957
Diffusion Model + LLM,-43.484,-29.0632
Diffusion Model + LLM,-8.4079,2.4691
Diffusion Model + LLM,15.6558,-87.4296
Diffusion Model + LLM,1.6046,-28.9065
Diffusion Model + LLM,-50.358,3.7734
Diffusion Model + LLM,-96.6507,19.4792
Diffusion Model + LLM,-21.6623,35.4262
Diffusion Model + LLM,-81.0291,20.4981
Diffusion Model + LLM,-4.5461,-74.7983
Diffusion Model + LLM,5.6765,-80.1323
Diffusion Model + LLM,-43.5218,-79.3828
Diffusion Model + LLM,-54.2837,-11.4815
Diffusion Model + LLM,-34.6404,-84.7691
Diffusion Model + LLM,-67.1281,-35.3601
Diffusion Model + LLM,-3.7301,82.6314
Diffusion Model + LLM,-35.5055,89.178
Diffusion Model + LLM,-47.4113,77.5992
Diffusion Model + LLM,-66.1711,70.5376
Diffusion Model + LLM,-15.8403,75.3873
Diffusion Model + LLM,-36.0093,-86.5728
Diffusion Model + LLM,5.21,0.0184
Diffusion Model + LLM,-1.5413,-29.9709
Diffusion Model + LLM,-7.0319,-29.9432
Diffusion Model + LLM,-6.5946,-48.2271
Diffusion Model + LLM,-3.9091,-47.1176
Diffusion Model + LLM,-74.8645,-1.0787
Diffusion Model + LLM,-71.6597,8.2332
Diffusion Model + LLM,-6.26,-1.1006
Diffusion Model + LLM,-78.8514,24.4347
Diffusion Model + LLM,-81.7679,32.1847
Diffusion Model + LLM,10.3034,44.8197
Diffusion Model + LLM,-62.2664,-30.324
Diffusion Model + LLM,-74.2013,-17.267
Diffusion Model + LLM,7.0971,-74.5035
Diffusion Model + LLM,7.6522,58.0425
Diffusion Model + LLM,-43.838,-62.8687
Diffusion Model + LLM,-80.061,56.8426
Diffusion Model + LLM,-0.5853,77.1611
Diffusion Model + LLM,-31.3373,2.5982
Diffusion Model + LLM,-43.7076,73.5971
Diffusion Model + LLM,-7.8058,-45.1162
Diffusion Model + LLM,-94.6398,17.4631
Diffusion Model + LLM,-26.6882,81.2347
Diffusion Model + LLM,-65.4356,15.4195
Diffusion Model + LLM,-9.6109,-9.1133
Diffusion Model + LLM,21.5125,53.5267
Diffusion Model + LLM,-92.9635,8.1326
Diffusion Model + LLM,-62.2352,29.6125
Diffusion Model + LLM,-25.9441,-89.4664
Diffusion Model + LLM,-37.3364,-11.9848
Diffusion Model + LLM,-71.5094,-29.6907
Diffusion Model + LLM,-50.5353,22.2226
Diffusion Model + LLM,-22.2768,62.5393
Diffusion Model + LLM,-35.5525,-24.6176
Diffusion Model + LLM,-26.3623,68.9773
Diffusion Model + LLM,-35.9961,-16.464
Diffusion Model + LLM,-78.6285,-17.7818
Diffusion Model + LLM,-65.0951,22.0916
Diffusion Model + LLM,7.8426,65.7136
Diffusion Model + LLM,-7.2134,22.0918
Diffusion Model + LLM,7.4029,-28.0672
Diffusion Model + LLM,-66.0686,-30.763
Diffusion Model + LLM,-2.805,-5.7495
Diffusion Model + LLM,5.1532,74.726
Diffusion Model + LLM,12.9157,65.9576
Diffusion Model + LLM,-87.9063,0.2461
Diffusion Model + LLM,-25.7538,46.1413
Diffusion Model + LLM,-64.1362,-17.8449
Diffusion Model + LLM,-91.7583,29.4064
Diffusion Model + LLM,-43.1988,45.3288
Diffusion Model + LLM,-10.6043,-15.8623
Diffusion Model + LLM,4.9369,33.7667
Diffusion Model + LLM,-48.2047,-31.2776
Diffusion Model + LLM,2.1005,-3.6091
Diffusion Model + LLM,-40.9053,-7.8811
Diffusion Model + LLM,2.7484,45.2476
Diffusion Model + LLM,9.4265,34.7755
Diffusion Model + LLM,-6.8339,-55.9712
Diffusion Model + LLM,17.4042,18.9833
Diffusion Model + LLM,-1.8733,-8.1264
Diffusion Model + LLM,-0.68,-53.9765
Diffusion Model + LLM,-94.2021,4.1775
Diffusion Model + LLM,-22.3243,17.2986
Diffusion Model + LLM,15.2484,-22.3806
Diffusion Model + LLM,-71.672,1.0012
Diffusion Model + LLM,3.6318,54.3553
Diffusion Model + LLM,3.3451,-79.5814
Diffusion Model + LLM,-43.5596,-12.483
Diffusion Model + LLM,-32.1066,-0.55
Diffusion Model + LLM,-14.1529,-90.1631
Diffusion Model + LLM,-3.3424,83.5655
Diffusion Model + LLM,-15.9103,2.1952
Diffusion Model + LLM,8.3948,84.798
Diffusion Model + LLM,-1.7518,49.5942
Diffusion Model + LLM,-26.5823,81.0866
Diffusion Model + LLM,-60.2574,61.9753
Diffusion Model + LLM,4.9498,-95.5491
Diffusion Model + LLM,-29.3866,-74.2865
Diffusion Model + LLM,-87.6253,-0.7637
Diffusion Model + LLM,-4.4475,-93.4045
Diffusion Model + LLM,12.8231,-88.948
Diffusion Model + LLM,-33.3201,-53.2002
Diffusion Model + LLM,-29.004,26.1141
Diffusion Model + LLM,-25.8984,87.1618
Diffusion Model + LLM,-41.8738,36.5393
Diffusion Model + LLM,-62.3445,19.2974
Diffusion Model + LLM,-10.737,21.0368
Diffusion Model + LLM,-62.8528,-5.4303
Diffusion Model + LLM,18.3897,55.1177
Diffusion Model + LLM,-40.7076,47.6574
Diffusion Model + LLM,-44.3394,-26.4049
Diffusion Model + LLM,-13.3736,-40.8068
Diffusion Model + LLM,-38.1788,47.1697
Diffusion Model + LLM,-50.3573,11.7191
Diffusion Model + LLM,19.7957,36.7558
Diffusion Model + LLM,-42.1951,-10.8981
Diffusion Model + LLM,-11.988,-56.7811
Diffusion Model + LLM,-3.6034,36.743
Diffusion Model + LLM,-52.4799,-8.0902
Diffusion Model + LLM,-14.8243,-0.8625
Diffusion Model + LLM,-17.387,-32.1571
Diffusion Model + LLM,-13.9623,-69.2822
Diffusion Model + LLM,10.0504,-63.2093
Diffusion Model + LLM,-68.1817,53.2424
Diffusion Model + LLM,-12.6853,21.1411
Diffusion Model + LLM,-58.677,6.483
Diffusion Model + LLM,-26.8944,-9.032
Diffusion Model + LLM,-11.485,40.4605
Diffusion Model + LLM,-53.0322,8.9933
Diffusion Model + LLM,-63.7795,15.8278
Diffusion Model + LLM,-72.3068,6.2267
Diffusion Model + LLM,-51.5321,-73.911
Diffusion Model + LLM,-34.5674,-2.3403
Diffusion Model + LLM,-68.1949,-35.3059
Diffusion Model + LLM,13.7739,55.1507
Diffusion Model + LLM,-60.1515,10.6557
Diffusion Model + LLM,-8.526,65.864
Diffusion Model + LLM,6.5116,-70.4678
Diffusion Model + LLM,-30.1811,2.8831
Diffusion Model + LLM,-11.9708,76.9069
Diffusion Model + LLM,-34.227,-84.5963
Diffusion Model + LLM,-47.6045,-60.1487
Diffusion Model + LLM,-0.789,41.288
Diffusion Model + LLM,-17.0446,-30.8986
Diffusion Model + LLM,16.6131,20.7884
Diffusion Model + LLM,-32.2883,-19.2568
Diffusion Model + LLM,-55.4789,44.2671
Diffusion Model + LLM,-7.6252,16.0907
Diffusion Model + LLM,1.4562,72.5083
Diffusion Model + LLM,3.2172,20.8412
Diffusion Model + LLM,-2.9082,-54.5675
Diffusion Model + LLM,-31.723,53.6755
Diffusion Model + LLM,-51.3909,80.3551
Diffusion Model + LLM,4.1748,-89.9552
Diffusion Model + LLM,-57.6171,76.6897
Diffusion Model + LLM,-30.7462,-6.9673
Diffusion Model + LLM,-11.4908,25.5728
Diffusion Model + LLM,13.7254,46.8889
Diffusion Model + LLM,-40.397,86.3154
Diffusion Model + LLM,-37.3179,27.4982
Diffusion Model + LLM,-44.4996,-27.9758
Diffusion Model + LLM,-58.3577,75.0457
Diffusion Model + LLM,-66.5004,16.7191
Diffusion Model + LLM,18.3879,-82.5419
Diffusion Model + LLM,-19.8225,-11.3264
Diffusion Model + LLM,-29.5046,-73.4216
Diffusion Model + LLM,-67.2794,44.7908
Diffusion Model + LLM,-14.5708,-59.6101
Diffusion Model + LLM,8.6057,-9.4366
Diffusion Model + LLM,-17.0093,-24.3747
Diffusion Model + LLM,-33.1564,-19.4664
Diffusion Model + LLM,-25.8136,-60.375
Diffusion Model + LLM,-23.7247,-43.3559
Diffusion Model + LLM,-41.9611,1.1567
Diffusion Model + LLM,-42.323,45.3493
Diffusion Model + LLM,-8.4474,14.3449
Diffusion Model + LLM,-35.4388,78.6799
Diffusion Model + LLM,-88.2417,13.0802
Diffusion Model + LLM,-4.3373,-28.0964
Diffusion Model + LLM,-43.2457,52.9325
Diffusion Model + LLM,7.4674,25.0098
Diffusion Model + LLM,-36.9301,-61.2723
Diffusion Model + LLM,8.372,44.9337
Diffusion Model + LLM,11.9785,-92.1648
Diffusion Model + LLM,-68.3591,24.5992
Diffusion Model + LLM,-43.5666,-65.4535
Diffusion Model + LLM,-18.615,80.7192
Diffusion Model + LLM,-15.4017,58.4183
Diffusion Model + LLM,-4.9067,-71.4245
Diffusion Model + LLM,-11.1776,32.267
Diffusion Model + LLM,-39.8563,73.0308
Diffusion Model + LLM,-20.002,8.9204
Diffusion Model + LLM,0.6611,-1.8227
Diffusion Model + LLM,-11.6119,-23.4266
Diffusion Model + LLM,-61.7491,75.7058
Diffusion Model + LLM,-72.4276,24.8947
Diffusion Model + LLM,6.8611,33.4957
Diffusion Model + LLM,-27.9573,-1.6676
Diffusion Model + LLM,12.1074,65.6459
Diffusion Model + LLM,-12.6551,6.074
Diffusion Model + LLM,-11.4719,16.9221
Diffusion Model + LLM,-37.4184,13.0496
Diffusion Model + LLM,-69.22,-40.7873
Diffusion Model + LLM,-65.7964,-39.5755
Diffusion Model + LLM,6.9611,-74.921
Diffusion Model + LLM,10.8839,66.1853
Diffusion Model + LLM,11.0734,44.939
Diffusion Model + LLM,-35.2198,14.4725
Diffusion Model + LLM,18.5509,7.1769
Diffusion Model + LLM,-35.1777,-7.2616
Diffusion Model + LLM,-6.491,-21.2097
Diffusion Model + LLM,-82.6567,-4.3865
Diffusion Model + LLM,-21.4286,87.0273
Diffusion Model + LLM,7.3112,-80.5041
Diffusion Model + LLM,-7.7138,-63.5178
Diffusion Model + LLM,-57.7756,31.8129
Diffusion Model + LLM,14.2698,37.4851
Diffusion Model + LLM,-41.3484,-12.4056
Diffusion Model + LLM,-80.0965,0.8741
Diffusion Model + LLM,7.3333,28.3521
Diffusion Model + LLM,15.447,35.295
Diffusion Model + LLM,-34.0291,23.234
Diffusion Model + LLM,-10.3494,-8.2261
Diffusion Model + LLM,13.6457,8.3486
Diffusion Model + LLM,-37.9575,71.4552
Diffusion Model + LLM,5.7197,-74.8351
Diffusion Model + LLM,-43.0251,-9.8955
Diffusion Model + LLM,-82.2712,-3.8627
Diffusion Model + LLM,-11.7915,57.9505
Diffusion Model + LLM,2.7237,62.0462
Diffusion Model + LLM,-65.6093,-48.0091
Diffusion Model + LLM,-7.0525,-21.0639
Diffusion Model + LLM,-27.6588,-33.4474
Diffusion Model + LLM,-85.0921,2.6105
Diffusion Model + LLM,-18.7951,30.0857
Diffusion Model + LLM,-27.6623,-0.9804
Diffusion Model + LLM,13.9192,-96.6095
Diffusion Model + LLM,-5.9813,-48.7458
Diffusion Model + LLM,-18.9159,86.7448
Diffusion Model + LLM,-51.9393,15.5986
Diffusion Model + LLM,-43.4029,-51.8894
Diffusion Model + LLM,-11.3473,-81.4323
Diffusion Model + LLM,-4.5352,0.3533
Diffusion Model + LLM,-66.6752,71.8521
Diffusion Model + LLM,-55.545,37.55
Diffusion Model + LLM,9.2094,-27.5131
Diffusion Model + LLM,-46.6057,-1.2804
Diffusion Model + LLM,-37.0716,-67.4754
Diffusion Model + LLM,-18.1405,13.6186
Diffusion Model + LLM,-3.491,-64.2287
Diffusion Model + LLM,-31.1745,-79.9304
Diffusion Model + LLM,-53.7988,-20.9234
Diffusion Model + LLM,-52.1156,53.1315
Diffusion Model + LLM,-28.1268,-53.0375
Diffusion Model + LLM,-28.0604,-12.6129
Diffusion Model + LLM,21.3502,57.7149
Diffusion Model + LLM,-61.955,54.7016
Diffusion Model + LLM,9.7004,-1.4581
Diffusion Model + LLM,-10.8807,1.8614
Diffusion Model + LLM,-0.4168,-44.3441
Diffusion Model + LLM,-8.9513,-75.0042
Diffusion Model + LLM,-1.2978,85.7969
Diffusion Model + LLM,-36.3701,-54.2279
Diffusion Model + LLM,-21.7741,-16.0886
Diffusion Model + LLM,-35.3006,16.4359
Diffusion Model + LLM,9.0035,56.5659
Diffusion Model + LLM,-32.8769,89.5754
Diffusion Model + LLM,4.4948,12.3813
Diffusion Model + LLM,4.2293,-90.5151
Diffusion Model + LLM,-70.4764,44.3679
Diffusion Model + LLM,-21.0273,44.9603
Diffusion Model + LLM,-32.4968,-76.1276
Diffusion Model + LLM,-14.0547,-72.9012
Diffusion Model + LLM,-29.8113,-8.7467
Diffusion Model + LLM,-1.1881,-91.3194
Diffusion Model + LLM,-84.5987,-0.4173
Diffusion Model + LLM,-21.0563,87.1148
Diffusion Model + LLM,-51.5556,-1.1447
Diffusion Model + LLM,-47.0031,-14.0255
Diffusion Model + LLM,-76.3684,41.0056
Diffusion Model + LLM,-5.2908,18.2323
Diffusion Model + LLM,-34.6041,-66.6362
Diffusion Model + LLM,-5.6505,-61.1596
Diffusion Model + LLM,-50.784,-51.5823
Diffusion Model + LLM,-19.4408,-67.2177
Diffusion Model + LLM,10.0554,-62.6174
Diffusion Model + LLM,-56.2529,13.8145
Diffusion Model + LLM,-78.3679,27.669
Diffusion Model + LLM,-26.5512,-70.576
Diffusion Model + LLM,-73.8553,43.0305
Diffusion Model + LLM,-38.4282,65.4707
Diffusion Model + LLM,-12.211,-80.6084
Diffusion Model + LLM,-44.2252,-63.1008
Diffusion Model + LLM,-11.0383,-29.9336
Diffusion Model + LLM,-24.6486,34.8567
Diffusion Model + LLM,-44.2908,56.9838
Diffusion Model + LLM,-63.5775,60.3304
Diffusion Model + LLM,-64.2117,69.6977
Diffusion Model + LLM,-56.5045,6.9355
Diffusion Model + LLM,-6.8087,-4.9859
Diffusion Model + LLM,13.4091,0.2016
Diffusion Model + LLM,16.9542,37.8754
Diffusion Model + LLM,-26.6982,-85.9988
Diffusion Model + LLM,-67.1138,44.0076
Diffusion Model + LLM,-5.6062,30.5651
Diffusion Model + LLM,-66.1212,72.4108
Diffusion Model + LLM,-7.8841,60.7737
Diffusion Model + LLM,-7.8913,-45.0173
Diffusion Model + LLM,-19.8517,73.7688
Diffusion Model + LLM,-92.8128,1.3533
Diffusion Model + LLM,3.3017,-58.8799
Diffusion Model + LLM,5.6364,34.3934
Diffusion Model + LLM,8.2325,56.4536
Diffusion Model + LLM,-40.8408,59.5872
Diffusion Model + LLM,-45.5129,-78.2355
Diffusion Model + LLM,-10.1878,60.4743
Diffusion Model + LLM,-14.2265,59.5794
Diffusion Model + LLM,-48.7255,-55.4264
Diffusion Model + LLM,-35.5375,89.1418
Diffusion Model + LLM,-49.4564,-75.3105
Diffusion Model + LLM,-40.1172,35.509
Diffusion Model + LLM,-88.7459,16.8959
Diffusion Model + LLM,-37.6496,-60.1441
Diffusion Model + LLM,-28.8944,-10.8664
Diffusion Model + LLM,-28.643,-74.8587
Diffusion Model + LLM,-2.875,-27.5933
Diffusion Model + LLM,-23.983,79.9547
Diffusion Model + LLM,12.743,16.8064
Diffusion Model + LLM,-79.5536,-5.7704
Diffusion Model + LLM,3.8782,19.8521
Diffusion Model + LLM,16.8261,-5.678
Diffusion Model + LLM,-29.1694,22.9022
Diffusion Model + LLM,-6.6826,-26.4769
Diffusion Model + LLM,-87.5269,-1.7894
Diffusion Model + LLM,-13.842,25.0532
Diffusion Model + LLM,-92.9616,-5.1127
Diffusion Model + LLM,-66.3716,-33.9651
Diffusion Model + LLM,-64.3424,-47.6945
Diffusion Model + LLM,-32.3298,68.6776
Diffusion Model + LLM,5.2052,26.1306
Diffusion Model + LLM,-83.9151,3.7829
Diffusion Model + LLM,3.2403,-78.2403
Diffusion Model + LLM,-20.4579,-72.2284
Diffusion Model + LLM,-16.5277,-91.3569
Diffusion Model + LLM,-12.8791,-2.2742
Diffusion Model + LLM,6.6958,-92.4193
Diffusion Model + LLM,7.9235,28.5103
Diffusion Model + LLM,-19.0522,64.0177
Diffusion Model + LLM,-2.73,1.612
Diffusion Model + LLM,14.7856,45.6176
Diffusion Model + LLM,-29.2255,-49.3536
Diffusion Model + LLM,0.1598,70.9371
Diffusion Model + LLM,-50.0969,46.391
Diffusion Model + LLM,7.964,-18.2748
Diffusion Model + LLM,-60.7862,54.1426
Diffusion Model + LLM,-64.3917,56.1666
Diffusion Model + LLM,-64.1661,45.9574
Diffusion Model + LLM,-26.3901,-51.5666
Diffusion Model + LLM,11.8888,-57.1802
Diffusion Model + LLM,-68.3948,-39.801
Diffusion Model + LLM,-32.7105,28.2579
Diffusion Model + LLM,-25.1547,16.334
Diffusion Model + LLM,-67.6039,8.0186
Diffusion Model + LLM,-8.8159,2.5167
Diffusion Model + LLM,-39.5267,68.8432
Diffusion Model + LLM,-31.5947,22.6065
Diffusion Model + LLM,-9.3447,57.6871
Diffusion Model + LLM,-30.969,-70.5376
Diffusion Model + LLM,-4.8239,-85.4981
Diffusion Model + LLM,-49.2865,20.029
Diffusion Model + LLM,-18.8935,39.2526
Diffusion Model + LLM,10.0242,25.6706
Diffusion Model + LLM,-43.6132,-52.3916
Diffusion Model + LLM,-71.7486,58.1995
Diffusion Model + LLM,-6.2511,-48.5819
Diffusion Model + LLM,-3.2497,18.8003
Diffusion Model + LLM,4.5611,41.2408
Diffusion Model + LLM,-76.1506,-14.2371
Diffusion Model + LLM,6.8189,-70.7105
Diffusion Model + LLM,3.4967,54.5054
Diffusion Model + LLM,-42.5008,73.2191
Diffusion Model + LLM,-64.777,-43.0156
Diffusion Model + LLM,0.1624,13.6617
Diffusion Model + LLM,-9.4012,-91.1928
Diffusion Model + LLM,-63.8799,45.3502
Diffusion Model + LLM,-40.0276,17.8603
Diffusion Model + LLM,-6.213,-0.9427
Diffusion Model + LLM,-62.0865,73.8553
Diffusion Model + LLM,2.9828,-93.6773
Diffusion Model + LLM,-1.5587,23.7886
Diffusion Model + LLM,-12.1727,8.9692
Diffusion Model + LLM,-5.8627,18.6825
Diffusion Model + LLM,-24.2617,62.1558
Diffusion Model + LLM,-20.1183,-58.2586
Diffusion Model + LLM,-82.619,3.4567
Diffusion Model + LLM,0.4081,40.5253
Diffusion Model + LLM,-30.8955,34.2399
Diffusion Model + LLM,5.4748,-47.2118
Diffusion Model + LLM,-21.4015,13.7072
Diffusion Model + LLM,-83.1308,7.5314
Diffusion Model + LLM,-23.1692,-14.6525
Diffusion Model + LLM,-84.2378,56.5299
Diffusion Model + LLM,-54.2956,43.3896
Diffusion Model + LLM,-69.888,-6.488
Diffusion Model + LLM,14.5494,15.4921
Diffusion Model + LLM,3.16,-19.9888
Diffusion Model + LLM,-33.7736,-5.8688
Diffusion Model + LLM,-47.3196,66.4164
Diffusion Model + LLM,-45.1685,25.0744
Diffusion Model + LLM,-51.128,4.07
Diffusion Model + LLM,-62.8471,31.3627
Diffusion Model + LLM,-9.836,-72.3758
Diffusion Model + LLM,-62.7509,-38.3915
Diffusion Model + LLM,-84.998,7.0045
Diffusion Model + LLM,-21.101,-66.9364
Diffusion Model + LLM,-11.5292,-77.1555
Diffusion Model + LLM,-22.0349,-2.7648
Diffusion Model + LLM,-50.941,64.9242
Diffusion Model + LLM,-42.1408,-29.3072
Diffusion Model + LLM,-73.0836,35.1085
Diffusion Model + LLM,-73.0781,-17.8858
Diffusion Model + LLM,-34.4535,0.9925
Diffusion Model + LLM,-35.3728,14.7352
Diffusion Model + LLM,-24.6072,35.1754
Diffusion Model + LLM,-22.2167,-58.7396
Diffusion Model + LLM,10.6775,85.3267
Diffusion Model + LLM,-41.3438,37.9106
Diffusion Model + LLM,-27.8154,-47.7405
Diffusion Model + LLM,-44.5694,24.4024
Diffusion Model + LLM,6.4459,-73.5626
Diffusion Model + LLM,15.9901,13.0852
Diffusion Model + LLM,5.6592,77.4911
Diffusion Model + LLM,-20.6357,28.936
Diffusion Model + LLM,-28.6238,-21.3603
Diffusion Model + LLM,-9.2333,8.5169
Diffusion Model + LLM,-69.567,63.2086
Diffusion Model + LLM,-61.0989,19.4461
Diffusion Model + LLM,-84.4932,1.1963
Diffusion Model + LLM,2.6407,-29.401
Diffusion Model + LLM,-89.696,31.3352
Diffusion Model + LLM,-37.8882,14.2188
Diffusion Model + LLM,-82.0169,3.4486
Diffusion Model + LLM,5.1582,-28.0927
Diffusion Model + LLM,-26.8495,-88.3657
Diffusion Model + LLM,-18.3887,23.0124
Diffusion Model + LLM,3.8862,89.2056
Diffusion Model + LLM,-52.59,77.6258
Diffusion Model + LLM,3.2068,2.0508
Diffusion Model + LLM,-33.3123,-14.5819
Diffusion Model + LLM,-40.8924,59.2861
Diffusion Model + LLM,-8.9014,-59.7143
Diffusion Model + LLM,-23.923,50.3028
Diffusion Model + LLM,2.2745,50.2169
Diffusion Model + LLM,-12.5084,5.9666
Diffusion Model + LLM,-66.6738,-30.3611
Diffusion Model + LLM,-45.8857,79.1105
Diffusion Model + LLM,-1.2363,51.9463
Diffusion Model + LLM,16.6659,-3.8571
Diffusion Model + LLM,3.1915,43.6313
Diffusion Model + LLM,-17.3277,51.0749
Diffusion Model + LLM,-53.0611,9.0011
Diffusion Model + LLM,-39.147,41.8206
Diffusion Model + LLM,-87.1019,-2.2658
Diffusion Model + LLM,-75.712,40.039
Diffusion Model + LLM,-11.1976,-55.7997
Diffusion Model + LLM,-15.2567,86.7098
Diffusion Model + LLM,-91.7388,23.1721
Diffusion Model + LLM,-46.9243,83.4075
Diffusion Model + LLM,-30.3303,-20.2565
Diffusion Model + LLM,-70.1537,44.6796
Diffusion Model + LLM,-41.3596,-10.4176
Diffusion Model + LLM,1.2864,-28.9753
Diffusion Model + LLM,-42.149,35.3241
Diffusion Model + LLM,0.7588,-65.6456
Diffusion Model + LLM,-31.4694,54.4829
Diffusion Model + LLM,7.4672,-95.1454
Diffusion Model + LLM,-84.1352,6.1664
Diffusion Model + LLM,-71.5046,26.0349
Diffusion Model + LLM,-21.0291,-29.076
Diffusion Model + LLM,-8.2462,-44.2579
Diffusion Model + LLM,1.2668,6.5749
Diffusion Model + LLM,-70.2375,25.9189
Diffusion Model + LLM,-31.6067,2.4428
Diffusion Model + LLM,-14.9374,-78.9971
Diffusion Model + LLM,24.2582,-85.8716
Diffusion Model + LLM,6.5077,0.0229
Diffusion Model + LLM,-83.3627,0.5765
Diffusion Model + LLM,-5.1632,82.4393
Diffusion Model + LLM,8.5446,-77.4764
Diffusion Model + LLM,18.0452,-97.8258
Diffusion Model + LLM,2.9751,-21.4895
Diffusion Model + LLM,-86.3017,5.6753
Diffusion Model + LLM,-81.834,58.2278
Diffusion Model + LLM,-27.6949,-77.2794
Diffusion Model + LLM,-19.9666,85.8947
Diffusion Model + LLM,5.9222,-60.2624
Diffusion Model + LLM,-17.2156,27.9458
Diffusion Model + LLM,8.1503,-57.8417
Diffusion Model + LLM,-34.2245,-84.7284
Diffusion Model + LLM,-75.2464,-21.1473
Diffusion Model + LLM,-44.3002,9.1799
Diffusion Model + LLM,-45.3302,-36.6106
Diffusion Model + LLM,-0.8728,-46.5382
Diffusion Model + LLM,16.1756,35.1789
Diffusion Model + LLM,-82.6055,6.9808
Diffusion Model + LLM,-61.7099,20.306
Diffusion Model + LLM,-11.7762,0.7551
Diffusion Model + LLM,-12.2249,-54.4498
Diffusion Model + LLM,-49.263,-57.0066
Diffusion Model + LLM,72.7432,74.878
Diffusion Model + LLM,-13.0233,1.0009
Diffusion Model + LLM,-65.9714,63.1422
Diffusion Model + LLM,-35.4851,-76.3897
Diffusion Model + LLM,-47.0789,35.292
Diffusion Model + LLM,-77.9837,40.3785
Diffusion Model + LLM,-16.4755,-19.536
Diffusion Model + LLM,0.9174,-65.6782
Diffusion Model + LLM,5.2319,-97.434
Diffusion Model + LLM,7.4131,-55.6963
Diffusion Model + LLM,-19.0458,34.6351
Diffusion Model + LLM,-43.2861,63.0806
Diffusion Model + LLM,-78.7756,56.7997
Diffusion Model + LLM,-17.7838,-18.0265
Diffusion Model + LLM,6.8911,8.0127
Diffusion Model + LLM,1.1878,5.3193
Diffusion Model + LLM,-77.9111,8.1068
Diffusion Model + LLM,-84.8504,55.5792
Diffusion Model + LLM,-14.5159,-25.4817
Diffusion Model + LLM,-13.8793,-48.2623
Diffusion Model + LLM,-57.594,-9.8851
Diffusion Model + LLM,-7.652,-9.5093
Diffusion Model + LLM,-34.2238,54.6598
Diffusion Model + LLM,-5.9241,41.0059
Diffusion Model + LLM,-58.2402,10.2257
Diffusion Model + LLM,-50.6928,9.7113
Diffusion Model + LLM,6.4769,28.5484
Diffusion Model + LLM,11.1978,2.6509
Diffusion Model + LLM,-20.3797,87.1388
Diffusion Model + LLM,-20.7624,39.6001
Diffusion Model + LLM,-44.402,-29.2009
Diffusion Model + LLM,-33.9482,-83.0499
Diffusion Model + LLM,-18.1756,79.0984
Diffusion Model + LLM,3.2122,19.0809
Diffusion Model + LLM,-61.6699,61.445
Diffusion Model + LLM,-9.7636,57.9347
Diffusion Model + LLM,15.3702,-14.4027
Diffusion Model + LLM,-42.542,54.326
Diffusion Model + LLM,-46.9141,58.4666
Diffusion Model + LLM,0.6472,-56.449
Diffusion Model + LLM,-29.9373,31.3587
Diffusion Model + LLM,6.6814,59.3474
Diffusion Model + LLM,-31.392,2.8328
Diffusion Model + LLM,18.6958,39.7137
Diffusion Model + LLM,-47.2048,66.4114
Diffusion Model + LLM,-17.8729,29.1333
Diffusion Model + LLM,11.0603,11.1175
Diffusion Model + LLM,-31.8586,64.231
Diffusion Model + LLM,-4.8859,80.5058
Diffusion Model + LLM,-69.255,5.4514
Diffusion Model + LLM,-8.852,-92.5266
Diffusion Model + LLM,-52.1371,74.3912
Diffusion Model + LLM,-2.7579,23.8831
Diffusion Model + LLM,-58.5293,35.0147
Diffusion Model + LLM,22.3601,38.0394
Diffusion Model + LLM,-3.4747,6.6309
Diffusion Model + LLM,-22.9594,20.0276
Diffusion Model + LLM,-65.6949,-31.3523
Diffusion Model + LLM,3.4473,-58.8282
Diffusion Model + LLM,-6.4095,44.5657
Diffusion Model + LLM,-6.9899,85.6607
Diffusion Model + LLM,-56.2536,15.9386
Diffusion Model + LLM,-52.4031,42.896
Diffusion Model + LLM,-55.1449,-72.4073
Diffusion Model + LLM,-9.9087,73.8531
Diffusion Model + LLM,14.5475,70.8322
Diffusion Model + LLM,16.3925,21.4849
Diffusion Model + LLM,-9.8503,3.5625
Diffusion Model + LLM,-95.4231,-3.249
Diffusion Model + LLM,-69.7136,-7.374
Diffusion Model + LLM,-20.8753,27.4751
Diffusion Model + LLM,-75.4683,37.4345
Diffusion Model + LLM,21.8126,53.3942
Diffusion Model + LLM,0.0065,-90.2431
Diffusion Model + LLM,-44.1715,57.6875
Diffusion Model + LLM,-75.5148,-20.5151
Diffusion Model + LLM,-27.5869,25.7343
Diffusion Model + LLM,-0.8903,-31.4052
Diffusion Model + LLM,-36.6896,65.2439
Diffusion Model + LLM,-0.3372,3.4896
Diffusion Model + LLM,-29.411,37.3881
Diffusion Model + LLM,11.1772,17.0071
Diffusion Model + LLM,8.3467,26.2415
Diffusion Model + LLM,-39.0202,20.046
Diffusion Model + LLM,-15.51,80.4155
Diffusion Model + LLM,-36.7492,73.9734
Diffusion Model + LLM,-26.3683,67.4185
Diffusion Model + LLM,-70.0243,-7.0488
Diffusion Model + LLM,-3.9602,1.1897
Diffusion Model + LLM,-27.2723,69.3256
Diffusion Model + LLM,-22.1037,-70.8904
Diffusion Model + LLM,-43.0638,60.9473
Diffusion Model + LLM,16.3646,6.2999
Diffusion Model + LLM,-79.0037,8.9224
Diffusion Model + LLM,-61.0982,74.4072
Diffusion Model + LLM,-1.0683,-79.7145
Diffusion Model + LLM,-8.632,39.8039
Diffusion Model + LLM,-54.9766,-12.9239
Diffusion Model + LLM,-26.702,61.257
Diffusion Model + LLM,6.1522,-26.975
Diffusion Model + LLM,3.3231,18.6583
Diffusion Model + LLM,-71.1318,6.6192
Diffusion Model + LLM,-57.5057,0.7327
Diffusion Model + LLM,-7.233,32.0964
Diffusion Model + LLM,-32.2822,73.5905
Diffusion Model + LLM,-1.6428,-87.3942
Diffusion Model + LLM,-67.6971,35.1539
Diffusion Model + LLM,-29.8953,-80.4571
Diffusion Model + LLM,-52.0526,79.0775
Diffusion Model + LLM,-12.3803,-20.8469
Diffusion Model + LLM,-96.4882,20.9997
Diffusion Model + LLM,-93.3321,18.1226
Diffusion Model + LLM,-42.3067,-28.2973
Diffusion Model + LLM,-11.8783,2.2103
Diffusion Model + LLM,-22.4141,15.3946
Diffusion Model + LLM,-18.0187,78.8991
Diffusion Model + LLM,-14.581,-58.3996
Diffusion Model + LLM,6.7008,64.6461
Diffusion Model + LLM,-65.695,60.4376
Diffusion Model + LLM,-45.9972,0.5307
Diffusion Model + LLM,-16.796,58.0437
Diffusion Model + LLM,-63.892,-31.1021
Diffusion Model + LLM,-14.419,1.7966
Diffusion Model + LLM,-3.1756,-5.5321
Diffusion Model + LLM,-0.8076,-41.8149
Diffusion Model + LLM,-34.4142,-10.5499
Diffusion Model + LLM,-71.8517,16.0854
Diffusion Model + LLM,16.1705,13.4855
Diffusion Model + LLM,-46.4444,65.9651
Diffusion Model + LLM,-31.9485,70.0945
Diffusion Model + LLM,-58.8323,17.1907
Diffusion Model + LLM,-71.3432,40.2567
Diffusion Model + LLM,-83.3448,27.4517
Diffusion Model + LLM,7.6125,-49.5164
Diffusion Model + LLM,-2.1265,74.2834
Diffusion Model + LLM,-3.4678,83.4273
Diffusion Model + LLM,-33.0903,-86.1779
Diffusion Model + LLM,1.3775,-87.9756
Diffusion Model + LLM,5.1189,3.1223
Diffusion Model + LLM,-91.5926,30.2376
Diffusion Model + LLM,19.9157,-8.259
Diffusion Model + LLM,4.692,88.1812
Diffusion Model + LLM,-12.1659,58.1156
Diffusion Model + LLM,-53.1008,-5.906
Diffusion Model + LLM,5.7832,79.5294
Diffusion Model + LLM,-17.2086,-22.3798
Diffusion Model + LLM,-22.7381,88.6559
Diffusion Model + LLM,-52.5129,27.0119
Diffusion Model + LLM,-58.1372,12.6458
Diffusion Model + LLM,-16.3726,72.6473
Diffusion Model + LLM,-28.3239,-74.2947
Diffusion Model + LLM,-58.0445,77.7631
Diffusion Model + LLM,-68.9849,16.7226
Diffusion Model + LLM,-8.48,74.9783
Diffusion Model + LLM,-18.142,-5.194
Diffusion Model + LLM,-2.354,-73.4754
Diffusion Model + LLM,16.6177,-82.9808
Diffusion Model + LLM,-8.0828,-29.7395
Diffusion Model + LLM,-18.6683,-47.8005
Diffusion Model + LLM,-3.4982,27.8187
Diffusion Model + LLM,6.4039,15.5968
Diffusion Model + LLM,-21.5163,-43.2615
Diffusion Model + LLM,-64.5072,60.5638
Diffusion Model + LLM,-56.3421,40.0579
Diffusion Model + LLM,-48.492,12.0191
Diffusion Model + LLM,-65.0597,-5.7333
Diffusion Model + LLM,0.9082,-4.2582
Diffusion Model + LLM,-56.4637,11.8722
Diffusion Model + LLM,-28.4633,-84.6988
Diffusion Model + LLM,7.6585,49.9253
Diffusion Model + LLM,0.8559,-72.2629
Diffusion Model + LLM,-35.0287,60.9366
Diffusion Model + LLM,-42.7245,17.9651
Diffusion Model + LLM,15.7976,46.7452
Diffusion Model + LLM,-39.7647,0.7446
Diffusion Model + LLM,9.244,-95.8887
Diffusion Model + LLM,-26.3805,42.3242
Diffusion Model + LLM,-18.2063,21.1423
Diffusion Model + LLM,-27.2177,86.6861
Diffusion Model + LLM,-38.8479,-7.0317
Diffusion Model + LLM,-75.1701,25.548
Diffusion Model + LLM,-26.1341,67.55
Diffusion Model + LLM,14.9318,5.0461
Diffusion Model + LLM,-59.8895,-31.5501
Diffusion Model + LLM,-4.5017,-74.3773
Diffusion Model + LLM,-44.1002,-30.3181
Diffusion Model + LLM,-7.8523,7.0002
Diffusion Model + LLM,-51.7222,60.217
Diffusion Model + LLM,-45.692,71.9165
Diffusion Model + LLM,-46.1768,66.8248
Diffusion Model + LLM,1.9173,49.2416
Diffusion Model + LLM,-54.8266,66.771
Diffusion Model + LLM,-59.8293,81.8297
Diffusion Model + LLM,5.046,8.4622
Diffusion Model + LLM,-15.0519,-51.0911
Diffusion Model + LLM,-17.5101,-6.6233
Diffusion Model + LLM,-25.8099,-93.1158
Diffusion Model + LLM,-5.5166,-55.9973
Diffusion Model + LLM,-84.0113,-7.2428
Diffusion Model + LLM,-20.6025,66.1123
Diffusion Model + LLM,10.0384,58.5755
Diffusion Model + LLM,-33.4328,61.216
Diffusion Model + LLM,-27.4143,-63.6582
Diffusion Model + LLM,4.117,44.6295
Diffusion Model + LLM,-35.2033,-68.2443
Diffusion Model + LLM,-4.8527,-16.7632
Diffusion Model + LLM,-84.0913,5.1326
Diffusion Model + LLM,-69.5,-1.4313
Diffusion Model + LLM,-80.5809,-3.6
Diffusion Model + LLM,-95.2556,20.9243
Diffusion Model + LLM,-68.7897,56.8514
Diffusion Model + LLM,20.2478,-83.2013
Diffusion Model + LLM,-8.0212,43.5993
Diffusion Model + LLM,-76.9246,14.8799
Diffusion Model + LLM,-8.1772,39.8862
Diffusion Model + LLM,-44.6321,-55.1448
Diffusion Model + LLM,5.9686,-47.0996
Diffusion Model + LLM,-18.1566,-20.5449
Diffusion Model + LLM,-25.4403,70.7504
Diffusion Model + LLM,7.2038,-78.3609
Diffusion Model + LLM,-47.2788,-0.2225
Diffusion Model + LLM,-89.0705,36.7165
Diffusion Model + LLM,-50.5285,61.3241
Diffusion Model + LLM,-2.4739,23.9644
Diffusion Model + LLM,-58.5192,60.5529
Diffusion Model + LLM,-3.8727,17.9508
Diffusion Model + LLM,-11.4467,62.2787
Diffusion Model + LLM,-23.779,-20.2567
Diffusion Model + LLM,15.0545,8.6133
Diffusion Model + LLM,-51.8043,-4.8516
Diffusion Model + LLM,-21.5844,-6.9488
Diffusion Model + LLM,2.2506,-70.3511
Diffusion Model + LLM,-75.4975,-22.0006
Diffusion Model + LLM,-40.2153,1.3655
Diffusion Model + LLM,8.9067,6.849
Diffusion Model + LLM,-3.8008,55.011
Diffusion Model + LLM,-52.5138,81.2562
Diffusion Model + LLM,6.8365,41.4128
Diffusion Model + LLM,-40.2187,5.7678
Diffusion Model + LLM,-45.485,-3.503
Diffusion Model + LLM,-53.0502,-67.2788
Diffusion Model + LLM,6.9783,77.9982
Diffusion Model + LLM,-40.2899,-59.9299
Diffusion Model + LLM,1.7661,38.9492
Diffusion Model + LLM,-4.2152,41.2535
Diffusion Model + LLM,-42.386,-35.2627
Diffusion Model + LLM,-40.3411,42.0345
Diffusion Model + LLM,-62.5316,43.5222
Diffusion Model + LLM,-23.8116,-77.1354
Diffusion Model + LLM,13.007,-1.5762
Diffusion Model + LLM,-22.5591,-61.0359
Diffusion Model + LLM,15.7644,31.614
Diffusion Model + LLM,-68.8256,-39.4996
Diffusion Model + LLM,-38.2692,27.6157
Diffusion Model + LLM,-27.3151,-58.8608
Diffusion Model + LLM,-29.5389,-9.6619
Diffusion Model + LLM,-87.4613,30.1441
Diffusion Model + LLM,-79.9264,3.9016
Diffusion Model + LLM,-73.911,-35.9739
Diffusion Model + LLM,7.7252,73.3612
Diffusion Model + LLM,-15.0627,72.2439
Diffusion Model + LLM,7.0353,-49.9863
Diffusion Model + LLM,-8.0929,-67.8669
Diffusion Model + LLM,-28.9526,26.4211
Diffusion Model + LLM,-83.5594,7.2109
Diffusion Model + LLM,-50.9345,-5.6393
Diffusion Model + LLM,9.9727,-59.5834
Diffusion Model + LLM,-81.9439,42.3576
Diffusion Model + LLM,-68.0471,62.515
Diffusion Model + LLM,-33.2267,-88.3268
Diffusion Model + LLM,-21.529,10.3987
Diffusion Model + LLM,-19.8082,20.591
Diffusion Model + LLM,-64.3908,51.6296
Diffusion Model + LLM,-2.2463,-45.093
Diffusion Model + LLM,-2.6999,-94.1472
Diffusion Model + LLM,-38.7939,-6.9586
Diffusion Model + LLM,-9.3963,-55.776
Diffusion Model + LLM,-13.1499,-73.6473
Diffusion Model + LLM,-70.1415,64.1646
Diffusion Model + LLM,17.4394,2.8037
Diffusion Model + LLM,-11.9162,52.0167
Diffusion Model + LLM,3.0857,21.4989
Diffusion Model + LLM,-6.3446,-27.1715
Diffusion Model + LLM,-34.6531,40.3979
Diffusion Model + LLM,-24.577,34.7241
Diffusion Model + LLM,-78.8075,24.4225
Diffusion Model + LLM,12.9971,1.1496
Diffusion Model + LLM,-31.5448,-63.7369
Diffusion Model + LLM,-15.7175,-77.7159
Diffusion Model + LLM,-12.0509,-16.2716
Diffusion Model + LLM,6.3329,-72.4264
Diffusion Model + LLM,-3.2612,30.4036
Diffusion Model + LLM,-3.9785,-28.94
Diffusion Model + LLM,-62.5465,3.3613
Diffusion Model + LLM,-32.7478,-4.7927
Diffusion Model + LLM,1.3322,54.1816
Diffusion Model + LLM,-20.7521,44.5025
Diffusion Model + LLM,7.1498,-93.5537
Diffusion Model + LLM,7.5654,17.5616
Diffusion Model + LLM,7.4207,65.2299
Diffusion Model + LLM,-47.6001,-8.9308
Diffusion Model + LLM,-55.2215,43.5076
Diffusion Model + LLM,-16.0638,4.5682
Diffusion Model + LLM,-1.7788,-96.2054
Diffusion Model + LLM,-57.6092,-68.9066
Diffusion Model + LLM,1.1586,41.1741
Diffusion Model + LLM,-63.1359,-35.7951
Diffusion Model + LLM,-31.0164,24.2469
Diffusion Model + LLM,-12.9998,29.0961
Diffusion Model + LLM,-15.3931,16.7025
Diffusion Model + LLM,-0.9137,-50.3005
Diffusion Model + LLM,8.9969,-64.0725
Diffusion Model + LLM,-17.999,31.6941
Diffusion Model + LLM,-34.9476,80.5707
Diffusion Model + LLM,-47.5616,-74.9646
Diffusion Model + LLM,-8.5097,15.5856
Diffusion Model + LLM,-2.7233,30.5121
Diffusion Model + LLM,-68.7817,40.5739
Diffusion Model + LLM,-61.5281,19.2699
Diffusion Model + LLM,-54.451,-66.5855
Diffusion Model + LLM,-85.6094,29.3267
Diffusion Model + LLM,10.2296,-62.3854
Diffusion Model + LLM,-46.9469,-74.2039
Diffusion Model + LLM,-31.5718,13.3994
Diffusion Model + LLM,-52.8699,-1.9113
Diffusion Model + LLM,-32.9264,71.4688
Diffusion Model + LLM,-3.5518,-70.9317
Diffusion Model + LLM,4.6641,76.0918
Diffusion Model + LLM,17.1417,4.7864
Diffusion Model + LLM,-86.8499,23.9555
Diffusion Model + LLM,-61.1331,31.601
Diffusion Model + LLM,-16.1568,24.6358
Diffusion Model + LLM,4.4681,-57.0981
Diffusion Model + LLM,-24.4281,74.5144
Diffusion Model + LLM,-42.2286,-1.8421
Diffusion Model + LLM,-50.5347,61.915
Diffusion Model + LLM,-52.5033,-71.9106
Diffusion Model + LLM,-74.9328,-16.3433
Diffusion Model + LLM,-31.3882,-40.7925
Diffusion Model + LLM,-48.6438,74.767
Diffusion Model + LLM,-41.5235,-50.7484
Diffusion Model + LLM,-19.233,-6.1846
Diffusion Model + LLM,-71.4636,-38.4506
Diffusion Model + LLM,22.006,53.4079
Diffusion Model + LLM,2.5017,-47.9462
Diffusion Model + LLM,-12.5959,25.778
Diffusion Model + LLM,-8.7875,27.4977
Diffusion Model + LLM,15.1964,-22.3684
Diffusion Model + LLM,2.7168,-88.9482
Diffusion Model + LLM,-45.1808,-0.4058
Diffusion Model + LLM,-34.0979,35.9938
Diffusion Model + LLM,-75.7678,5.4977
Diffusion Model + LLM,-34.1199,-77.9565
Diffusion Model + LLM,-11.8187,72.4739
Diffusion Model + LLM,-31.7823,-54.3749
Diffusion Model + LLM,6.3411,-7.3634
Diffusion Model + LLM,-63.9632,15.6963
Diffusion Model + LLM,-0.8092,-42.6255
Diffusion Model + LLM,-42.5256,44.1189
Diffusion Model + LLM,-17.8901,-20.0699
Diffusion Model + LLM,-38.8032,-17.7961
Diffusion Model + LLM,-8.1788,18.7618
Diffusion Model + LLM,-50.6212,-14.3048
Diffusion Model + LLM,9.9171,-69.833
Diffusion Model + LLM,-10.5632,33.9388
Diffusion Model + LLM,-37.5467,0.3876
Diffusion Model + LLM,-30.8214,-43.1743
Diffusion Model + LLM,-38.3512,-31.4829
Diffusion Model + LLM,-9.6452,-54.4014
Diffusion Model + LLM,-42.2357,-54.9295
Diffusion Model + LLM,-35.6869,80.8826
Diffusion Model + LLM,-66.739,14.6785
Diffusion Model + LLM,6.0589,-69.4611
Diffusion Model + LLM,-63.8336,73.1194
Diffusion Model + LLM,-1.7768,-74.2212
Diffusion Model + LLM,-68.0129,-42.495
Diffusion Model + LLM,-72.7487,-18.1034
Diffusion Model + LLM,8.0631,-66.1697
Diffusion Model + LLM,-2.4592,-2.4292
Diffusion Model + LLM,-47.153,58.3636
Diffusion Model + LLM,1.1746,70.4972
Diffusion Model + LLM,-5.5819,30.407
Diffusion Model + LLM,-25.453,9.4612
Diffusion Model + LLM,-57.7455,13.079
Diffusion Model + LLM,-44.3294,42.9738
Diffusion Model + LLM,-37.4439,27.0988
Diffusion Model + LLM,8.6474,-79.5047
Diffusion Model + LLM,-12.0794,35.5778
Diffusion Model + LLM,-25.634,74.9971
Diffusion Model + LLM,-4.3189,-45.1491
Diffusion Model + LLM,22.7039,-64.6259
Diffusion Model + LLM,-41.9842,-47.9651
Diffusion Model + LLM,-8.46,60.3879
Diffusion Model + LLM,9.8433,71.1557
Diffusion Model + LLM,-35.6188,68.9787
Diffusion Model + LLM,-17.1402,-30.9676
Diffusion Model + LLM,13.6651,-21.2612
Diffusion Model + LLM,-92.0769,38.7241
Diffusion Model + LLM,71.2161,8.5381
Diffusion Model + LLM,-46.4834,-23.6731
Diffusion Model + LLM,-27.3798,-86.1853
Diffusion Model + LLM,-71.7233,3.2008
Diffusion Model + LLM,-15.6103,-21.6468
Diffusion Model + LLM,7.9012,4.5837
Diffusion Model + LLM,-43.4889,-26.7908
Diffusion Model + LLM,-27.6821,-11.3635
Diffusion Model + LLM,7.3548,7.0276
Diffusion Model + LLM,-54.4866,12.6608
Diffusion Model + LLM,-81.0652,14.1942
Diffusion Model + LLM,-68.1651,53.4015
Diffusion Model + LLM,17.5839,4.6261
Diffusion Model + LLM,-25.962,46.0524
Diffusion Model + LLM,0.9418,-24.8947
Diffusion Model + LLM,-69.0893,5.5783
Diffusion Model + LLM,7.7097,74.1219
Diffusion Model + LLM,-14.3651,-67.8717
Diffusion Model + LLM,69.4465,-63.127
Diffusion Model + LLM,-91.8546,31.1046
Diffusion Model + LLM,-61.6784,-35.7615
Diffusion Model + LLM,-4.1516,-90.1935
Diffusion Model + LLM,3.97,21.8235
Diffusion Model + LLM,12.636,6.9286
Diffusion Model + LLM,-63.8883,62.7618
Diffusion Model + LLM,-30.1107,81.095
Diffusion Model + LLM,-72.2593,58.1231
Diffusion Model + LLM,12.4745,31.5884
Diffusion Model + LLM,-76.4994,36.3245
Diffusion Model + LLM,-13.7412,45.0631
Diffusion Model + LLM,-37.1161,11.8494
Diffusion Model + LLM,-32.9812,78.458
Diffusion Model + LLM,-39.4277,0.2544
Diffusion Model + LLM,-9.8331,79.1738
Diffusion Model + LLM,-0.7597,-67.9835
Diffusion Model + LLM,-53.3439,-65.1551
Diffusion Model + LLM,0.7593,79.2133
Diffusion Model + LLM,-79.0918,28.5812
Diffusion Model + LLM,-54.1517,74.1804
Diffusion Model + LLM,-42.2879,-51.0409
Diffusion Model + LLM,-0.509,-41.9088
Diffusion Model + LLM,-82.5458,12.0744
Diffusion Model + LLM,-82.1288,6.857
Diffusion Model + LLM,-4.3301,82.6895
Diffusion Model + LLM,10.3901,-10.1921
Diffusion Model + LLM,-22.9785,-89.0702
Diffusion Model + LLM,-49.6275,43.9038
Diffusion Model + LLM,-19.0136,47.1072
Diffusion Model + LLM,-40.6545,-13.8789
Diffusion Model + LLM,-39.2672,-31.2999
Diffusion Model + LLM,5.5146,-92.1556
Diffusion Model + LLM,-0.0338,-75.8438
Diffusion Model + LLM,10.084,-63.1375
Diffusion Model + LLM,-15.6198,-23.472
Diffusion Model + LLM,-70.8274,-0.8282
Diffusion Model + LLM,-33.8474,-9.9105
Diffusion Model + LLM,-66.5838,43.7323
Diffusion Model + LLM,-2.8085,11.2952
Diffusion Model + LLM,-39.2796,-53.4577
Diffusion Model + LLM,-53.573,26.6789
Diffusion Model + LLM,-7.2804,-62.1488
Diffusion Model + LLM,1.2068,-93.0292
Diffusion Model + LLM,-8.8991,-76.5542
Diffusion Model + LLM,-43.0037,45.5255
Diffusion Model + LLM,1.8477,-50.0239
Diffusion Model + LLM,3.6814,-4.9988
Diffusion Model + LLM,-35.5946,46.1828
Diffusion Model + LLM,21.3252,41.2709
Diffusion Model + LLM,4.1822,-89.1931
Diffusion Model + LLM,-71.6256,-4.3272
Diffusion Model + LLM,-4.0516,26.6692
Diffusion Model + LLM,-74.6607,21.5977
Diffusion Model + LLM,-49.8552,-33.6723
Diffusion Model + LLM,-67.5622,17.2555
Diffusion Model + LLM,-23.8341,87.5417
Diffusion Model + LLM,-50.2768,-13.403
Diffusion Model + LLM,-40.0025,-13.8734
Diffusion Model + LLM,-4.4134,-20.7114
Diffusion Model + LLM,-90.7359,27.4553
Diffusion Model + LLM,-7.385,4.0187
Diffusion Model + LLM,-74.7214,11.2623
Diffusion Model + LLM,-50.1423,-8.4215
Diffusion Model + LLM,-80.9053,4.6674
Diffusion Model + LLM,-36.4531,76.0361
Diffusion Model + LLM,-18.2455,85.2552
Diffusion Model + LLM,-26.7264,68.1819
Diffusion Model + LLM,-32.8338,89.7886
Diffusion Model + LLM,-30.0634,-60.0712
Diffusion Model + LLM,-59.9273,-7.3678
Diffusion Model + LLM,6.8073,-48.5715
Diffusion Model + LLM,-65.4936,61.8248
Diffusion Model + LLM,-17.9339,12.5866
Diffusion Model + LLM,-81.8189,40.9328
Diffusion Model + LLM,-23.5578,-67.7711
Diffusion Model + LLM,13.2564,28.7406
Diffusion Model + LLM,-38.5686,69.4123
Diffusion Model + LLM,-37.8154,-5.3443
Diffusion Model + LLM,-44.6124,39.0715
Diffusion Model + LLM,-5.5078,54.4016
Diffusion Model + LLM,9.7696,85.8793
Diffusion Model + LLM,-91.5283,-0.8657
Diffusion Model + LLM,-20.7143,4.2457
Diffusion Model + LLM,-5.0383,24.3931
Diffusion Model + LLM,5.7807,27.6754
Diffusion Model + LLM,9.4137,4.982
Diffusion Model + LLM,-33.0708,-46.9311
Diffusion Model + LLM,-70.6004,-36.3975
Diffusion Model + LLM,-63.1453,76.7229
Diffusion Model + LLM,-9.7174,25.8589
Diffusion Model + LLM,-9.8367,-77.7312
Diffusion Model + LLM,-75.2006,20.1575
Diffusion Model + LLM,-12.4693,25.827
Diffusion Model + LLM,-6.2352,-10.5168
Diffusion Model + LLM,-34.1983,12.5412
Diffusion Model + LLM,-30.2896,77.4162
Diffusion Model + LLM,18.1917,-83.6984
Diffusion Model + LLM,-24.7305,63.1403
Diffusion Model + LLM,-42.5473,-14.8616
Diffusion Model + LLM,-56.7079,29.5195
Diffusion Model + LLM,14.1733,-16.2552
Diffusion Model + LLM,-24.1613,-29.6336
Diffusion Model + LLM,-27.8524,-17.6178
Diffusion Model + LLM,7.8096,-78.4518
Diffusion Model + LLM,-23.3155,-8.4476
Diffusion Model + LLM,-44.9178,19.7722
Diffusion Model + LLM,20.1176,-95.8148
Diffusion Model + LLM,-70.3308,-17.7563
Diffusion Model + LLM,-62.974,-47.5854
Diffusion Model + LLM,-69.6354,-15.652
Diffusion Model + LLM,-69.4779,-41.7608
Diffusion Model + LLM,11.8588,-3.8817
Diffusion Model + LLM,-1.7539,-16.362
Diffusion Model + LLM,-20.4806,55.8715
Diffusion Model + LLM,29.4352,70.0722
Diffusion Model + LLM,12.1844,33.7006
Diffusion Model + LLM,-32.3656,-18.0124
Diffusion Model + LLM,-8.8979,-57.8811
Diffusion Model + LLM,-57.0285,-67.303
Diffusion Model + LLM,10.9047,-70.2366
Diffusion Model + LLM,-26.3747,-86.219
Diffusion Model + LLM,-3.2194,-50.8379
Diffusion Model + LLM,-45.0408,-12.5675
Diffusion Model + LLM,-54.0502,74.9578
Diffusion Model + LLM,-29.5861,-13.1205
Diffusion Model + LLM,11.327,-57.5336
Diffusion Model + LLM,-34.9209,-10.3196
Diffusion Model + LLM,-26.1375,-71.1413
Diffusion Model + LLM,-14.6278,86.6092
Diffusion Model + LLM,-22.7573,-73.9272
Diffusion Model + LLM,-30.854,62.4459
Diffusion Model + LLM,-56.5924,6.9971
Diffusion Model + LLM,-86.1763,6.8726
Diffusion Model + LLM,-96.3303,20.1524
Diffusion Model + LLM,-20.4092,-70.0316
Diffusion Model + LLM,-60.6864,77.1978
Diffusion Model + LLM,-42.9777,-62.4149
Diffusion Model + LLM,-33.4554,-88.0696
Diffusion Model + LLM,-90.7621,24.8675
Diffusion Model + LLM,-32.1201,-54.3719
Diffusion Model + LLM,-19.9925,44.1975
Diffusion Model + LLM,2.5253,-70.2725
Diffusion Model + LLM,-12.8992,-21.871
Diffusion Model + LLM,6.3507,-8.2348
Diffusion Model + LLM,-90.8822,29.6206
Diffusion Model + LLM,12.5636,-100.029
Diffusion Model + LLM,-19.4928,-55.9493
Diffusion Model + LLM,-82.0294,40.7964
Diffusion Model + LLM,22.6352,37.9681
Diffusion Model + LLM,-23.5399,-58.8806
Diffusion Model + LLM,-17.7141,-46.276
Diffusion Model + LLM,2.6867,54.3637
Diffusion Model + LLM,-35.795,76.786
Diffusion Model + LLM,-76.5426,-20.2296
Diffusion Model + LLM,-28.4916,78.7263
Diffusion Model + LLM,-51.0158,-14.3079
Diffusion Model + LLM,-60.4224,-62.744
Diffusion Model + LLM,-52.4652,-14.4982
Diffusion Model + LLM,-86.3879,-7.4705
Diffusion Model + LLM,-40.7279,-28.3137
Diffusion Model + LLM,-20.9948,17.083
Diffusion Model + LLM,2.1773,-42.979
Diffusion Model + LLM,0.8811,-44.0973
Diffusion Model + LLM,41.9008,-58.1519
Diffusion Model + LLM,-37.712,38.2329
Diffusion Model + LLM,11.26,25.2684
Diffusion Model + LLM,-94.7426,16.9539
Diffusion Model + LLM,-42.8719,-65.9631
Diffusion Model + LLM,-49.264,37.7057
Diffusion Model + LLM,-71.1513,-37.5056
Diffusion Model + LLM,-70.6709,44.6615
Diffusion Model + LLM,-0.5925,-5.7279
Diffusion Model + LLM,-44.3781,-80.7685
Diffusion Model + LLM,-60.5951,-36.6646
Diffusion Model + LLM,16.5866,-5.9155
Diffusion Model + LLM,-26.2141,-12.9494
Diffusion Model + LLM,-24.7379,50.3278
Diffusion Model + LLM,-11.0857,-56.0166
Diffusion Model + LLM,-65.8477,-2.6671
Diffusion Model + LLM,-69.993,63.0672
Diffusion Model + LLM,-63.4099,-4.5713
Diffusion Model + LLM,-16.9148,58.4016
Diffusion Model + LLM,-13.8741,80.366
Diffusion Model + LLM,-29.5279,25.3012
Diffusion Model + LLM,-24.9685,-63.2129
Diffusion Model + LLM,-25.7593,-16.7292
Diffusion Model + LLM,11.8665,85.6894
Diffusion Model + LLM,6.8779,-70.6462
Diffusion Model + LLM,-53.3358,39.7505
Diffusion Model + LLM,5.8956,-18.6714
Diffusion Model + LLM,-50.7489,3.9993
Diffusion Model + LLM,-94.6398,-1.0617
Diffusion Model + LLM,-87.1301,23.4916
Diffusion Model + LLM,7.8799,-96.6818
Diffusion Model + LLM,-90.0717,27.0011
Diffusion Model + LLM,29.4159,70.1167
Diffusion Model + LLM,-2.9226,9.1738
Diffusion Model + LLM,1.2033,-46.7221
Diffusion Model + LLM,23.4857,-3.2405
Diffusion Model + LLM,-13.7988,43.3623
Diffusion Model + LLM,-4.5476,-29.8755
Diffusion Model + LLM,-5.8317,52.1221
Diffusion Model + LLM,-16.1204,-40.8348
Diffusion Model + LLM,-65.4769,13.9032
Diffusion Model + LLM,-7.9443,-79.5452
Diffusion Model + LLM,6.1997,32.0596
Diffusion Model + LLM,2.2635,-48.9211
Diffusion Model + LLM,-18.5911,-47.6495
Diffusion Model + LLM,-6.7947,-45.7005
Diffusion Model + LLM,-11.0733,57.4783
Diffusion Model + LLM,-73.3657,21.6927
Diffusion Model + LLM,-21.3,76.1951
Diffusion Model + LLM,-28.9109,70.1747
Diffusion Model + LLM,13.1425,1.5232
Diffusion Model + LLM,-32.0114,-43.7041
Diffusion Model + LLM,-85.9013,2.4474
Diffusion Model + LLM,5.2578,31.8393
Diffusion Model + LLM,-0.5449,-5.4633
Diffusion Model + LLM,9.5859,26.0284
Diffusion Model + LLM,2.7868,-57.8441
Diffusion Model + LLM,-0.8178,50.1748
Diffusion Model + LLM,-29.046,-59.2513
Diffusion Model + LLM,-70.3133,-35.6906
Diffusion Model + LLM,19.9134,34.2765
Diffusion Model + LLM,-19.5202,32.0423
Diffusion Model + LLM,19.7013,-76.2459
Diffusion Model + LLM,12.3018,47.5199
Diffusion Model + LLM,-51.3024,-3.7075
Diffusion Model + LLM,2.9715,65.2705
Diffusion Model + LLM,-61.1846,-5.4588
Diffusion Model + LLM,0.0228,-24.1933
Diffusion Model + LLM,-62.8131,-5.4467
Diffusion Model + LLM,-33.3415,-62.0874
Diffusion Model + LLM,-83.1252,18.3568
Diffusion Model + LLM,-67.6785,-14.3613
Diffusion Model + LLM,-56.0028,52.4021
Diffusion Model + LLM,-60.367,21.349
Diffusion Model + LLM,-56.043,45.129
Diffusion Model + LLM,13.0031,-65.2508
Diffusion Model + LLM,-40.9787,-2.8915
Diffusion Model + LLM,-44.2623,-75.8638
Diffusion Model + LLM,-65.2775,-14.5294
Diffusion Model + LLM,-18.4851,17.666
Diffusion Model + LLM,-3.3518,-22.061
Diffusion Model + LLM,21.5955,53.3576
Diffusion Model + LLM,-28.4956,72.506
Diffusion Model + LLM,1.9687,-65.6725
Diffusion Model + LLM,-28.6224,-58.845
Diffusion Model + LLM,15.5599,41.6598
Diffusion Model + LLM,-12.7506,52.574
Diffusion Model + LLM,-35.9058,60.9192
Diffusion Model + LLM,-37.4336,72.8674
Diffusion Model + LLM,5.1403,-47.687
Diffusion Model + LLM,-54.8182,73.2379
Diffusion Model + LLM,-30.4101,-22.1323
Diffusion Model + LLM,17.5494,2.8421
Diffusion Model + LLM,-20.7652,-28.881
Diffusion Model + LLM,-30.4281,31.2393
Diffusion Model + LLM,-40.0051,25.172
Diffusion Model + LLM,0.5121,91.3478
Diffusion Model + LLM,-31.7936,-75.5261
Diffusion Model + LLM,-96.786,1.0408
Diffusion Model + LLM,-50.7563,39.2704
Diffusion Model + LLM,-3.1786,6.4996
Diffusion Model + LLM,-8.5955,75.9489
Diffusion Model + LLM,-57.1643,19.6478
Diffusion Model + LLM,-12.644,-2.126
Diffusion Model + LLM,12.0501,-91.9449
Diffusion Model + LLM,-13.9589,-25.2098
Diffusion Model + LLM,-8.984,-80.61
Diffusion Model + LLM,-17.0606,27.8525
Diffusion Model + LLM,11.7396,85.7111
Diffusion Model + LLM,6.6307,-2.6081
Diffusion Model + LLM,-71.61,-7.7611
Diffusion Model + LLM,-6.7145,7.8175
Diffusion Model + LLM,-14.7895,7.9099
Diffusion Model + LLM,-82.3785,1.199
Diffusion Model + LLM,-84.9506,-0.3869
Diffusion Model + LLM,-75.4905,-3.8917
Diffusion Model + LLM,-68.5208,64.2599
Diffusion Model + LLM,19.1961,-82.3794
Diffusion Model + LLM,-50.8583,-6.6944
Diffusion Model + LLM,-39.2561,41.0919
Diffusion Model + LLM,-22.2233,66.983
Diffusion Model + LLM,-30.6487,-89.1
Diffusion Model + LLM,-68.1173,-15.6893
Diffusion Model + LLM,-34.7423,89.4727
Diffusion Model + LLM,-16.8132,18.5674
Diffusion Model + LLM,-15.7851,1.3157
Diffusion Model + LLM,-79.6535,6.6295
Diffusion Model + LLM,-60.0611,-8.2694
Diffusion Model + LLM,-12.4593,-15.7094
Diffusion Model + LLM,-25.4857,46.4819
Diffusion Model + LLM,77.4242,7.8327
Diffusion Model + LLM,-27.53,5.2884
Diffusion Model + LLM,-11.0359,53.6104
Diffusion Model + LLM,-5.5854,41.9725
Diffusion Model + LLM,-77.6334,21.4022
Diffusion Model + LLM,-36.4181,84.134
Diffusion Model + LLM,14.0372,36.2383
Diffusion Model + LLM,-5.0033,12.7647
Diffusion Model + LLM,-10.8111,-3.876
Diffusion Model + LLM,-7.2833,-46.2154
Diffusion Model + LLM,-31.8791,-24.4268
Diffusion Model + LLM,-17.5171,82.2603
Diffusion Model + LLM,-47.9657,-73.5589
Diffusion Model + LLM,-35.7632,26.1449
Diffusion Model + LLM,-75.4445,6.8912
Diffusion Model + LLM,-50.4484,-55.2383
Diffusion Model + LLM,-16.8157,-68.2069
Diffusion Model + LLM,-21.1294,-6.3891
Diffusion Model + LLM,-87.5988,-1.8007
Diffusion Model + LLM,-68.0962,4.0952
Diffusion Model + LLM,-22.5378,-74.9889
Diffusion Model + LLM,-7.346,80.5117
Diffusion Model + LLM,-73.5228,1.1815
Diffusion Model + LLM,-7.1068,-50.0767
Diffusion Model + LLM,-0.2591,-8.2323
Diffusion Model + LLM,-13.9475,38.7874
Diffusion Model + LLM,-67.0264,37.0203
Diffusion Model + LLM,-23.4129,19.6024
Diffusion Model + LLM,-61.558,-7.0661
Diffusion Model + LLM,-21.0796,-53.0587
Diffusion Model + LLM,-73.9162,10.1991
Diffusion Model + LLM,7.4876,-96.4058
Diffusion Model + LLM,-11.7171,50.1973
Diffusion Model + LLM,-7.4143,2.9797
Diffusion Model + LLM,5.7504,40.4754
Diffusion Model + LLM,6.1614,-62.3058
Diffusion Model + LLM,-31.3519,22.8248
Diffusion Model + LLM,-67.7423,10.9842
Diffusion Model + LLM,-10.2447,-92.048
Diffusion Model + LLM,-50.5768,11.5041
Diffusion Model + LLM,-86.7774,13.0146
Diffusion Model + LLM,-21.4275,-49.3101
Diffusion Model + LLM,-45.7942,75.0612
Diffusion Model + LLM,-79.4173,58.7554
Diffusion Model + LLM,-70.4218,43.0837
Diffusion Model + LLM,-6.9111,-94.8149
Diffusion Model + LLM,-36.0459,-65.9253
Diffusion Model + LLM,-63.001,43.6152
Diffusion Model + LLM,17.8817,16.3819
Diffusion Model + LLM,-60.173,-4.4389
Diffusion Model + LLM,-30.2753,2.8263
Diffusion Model + LLM,-79.3014,-17.8692
Diffusion Model + LLM,-39.3027,41.0781
Diffusion Model + LLM,-15.5923,23.9695
Diffusion Model + LLM,-54.5408,72.973
Diffusion Model + LLM,-27.0142,-39.8579
Diffusion Model + LLM,4.1951,-60.7674
Diffusion Model + LLM,-84.5682,41.9298
Diffusion Model + LLM,17.5866,-88.738
Diffusion Model + LLM,-70.7473,41.5072
Diffusion Model + LLM,-2.1633,-76.1952
Diffusion Model + LLM,-38.7383,-9.0437
Diffusion Model + LLM,-46.3405,8.0062
Diffusion Model + LLM,20.3563,54.8265
Diffusion Model + LLM,-28.5015,75.2463
Diffusion Model + LLM,-2.7509,23.6876
Diffusion Model + LLM,-96.3082,21.6512
Diffusion Model + LLM,-46.2107,83.6387
Diffusion Model + LLM,-20.9342,28.4539
Diffusion Model + LLM,-32.965,65.5546
Diffusion Model + LLM,-26.5665,17.6125
Diffusion Model + LLM,-76.8682,14.8464
Diffusion Model + LLM,-73.4984,16.0958
Diffusion Model + LLM,-11.8066,40.6131
Diffusion Model + LLM,5.141,-62.4558
Diffusion Model + LLM,14.0521,-72.1379
Diffusion Model + LLM,-4.8636,44.7943
Diffusion Model + LLM,-28.5017,15.9511
Diffusion Model + LLM,12.0883,-94.2027
Diffusion Model + LLM,-29.0546,-83.2761
Diffusion Model + LLM,5.5244,-19.0495
Diffusion Model + LLM,-2.5666,27.6888
Diffusion Model + LLM,-9.7546,-69.5143
Diffusion Model + LLM,-70.386,59.0073
Diffusion Model + LLM,-18.024,22.95
Diffusion Model + LLM,-10.3073,-19.9401
Diffusion Model + LLM,-55.6477,-5.0826
Diffusion Model + LLM,-15.8821,61.9547
Diffusion Model + LLM,-78.067,-19.6299
Diffusion Model + LLM,-83.6336,-3.0072
Diffusion Model + LLM,-22.4884,31.6355
Diffusion Model + LLM,-52.4718,-8.0445
Diffusion Model + LLM,-16.1577,-48.3371
Diffusion Model + LLM,-19.4204,62.2528
Diffusion Model + LLM,-42.0801,-65.6282
Diffusion Model + LLM,-54.7476,77.2946
Diffusion Model + LLM,-75.3714,41.8644
Diffusion Model + LLM,-65.984,-2.4677
Diffusion Model + LLM,13.4057,-20.9219
Diffusion Model + LLM,-35.0074,-14.9088
Diffusion Model + LLM,1.1779,12.7245
Diffusion Model + LLM,-51.9408,44.7082
Diffusion Model + LLM,-25.1331,-42.0569
Diffusion Model + LLM,-62.9863,-6.5877
Diffusion Model + LLM,-44.2544,45.3644
Diffusion Model + LLM,-37.0777,13.3098
Diffusion Model + LLM,4.2661,20.7746
Diffusion Model + LLM,14.5618,-87.158
Diffusion Model + LLM,-63.7081,-18.0788
Diffusion Model + LLM,13.2161,10.6356
Diffusion Model + LLM,-55.23,79.4316
Diffusion Model + LLM,-5.3039,48.0032
Diffusion Model + LLM,47.7875,64.169
Diffusion Model + LLM,-33.1805,-23.2132
Diffusion Model + LLM,-4.6783,82.6681
Diffusion Model + LLM,7.468,-1.4746
Diffusion Model + LLM,-34.4144,20.1521
Diffusion Model + LLM,-28.1633,-61.3748
Diffusion Model + LLM,-63.7433,74.9814
Diffusion Model + LLM,-43.3687,-10.3702
Diffusion Model + LLM,-4.9485,75.0059
Diffusion Model + LLM,7.0312,-26.9197
Diffusion Model + LLM,-61.937,29.8535
Diffusion Model + LLM,-11.0514,46.7863
Diffusion Model + LLM,-11.6595,25.5899
Diffusion Model + LLM,-31.2699,-4.9029
Diffusion Model + LLM,-23.5711,20.7606
Diffusion Model + LLM,8.3986,79.7529
Diffusion Model + LLM,3.418,-27.9023
Diffusion Model + LLM,-53.82,-13.0767
Diffusion Model + LLM,20.8486,54.5662
Diffusion Model + LLM,-19.8517,-58.7926
Diffusion Model + LLM,-35.9824,66.241
Diffusion Model + LLM,-83.2774,15.6736
Diffusion Model + LLM,3.4872,29.3165
Diffusion Model + LLM,5.8386,-7.775
Diffusion Model + LLM,-20.8326,-67.7207
Diffusion Model + LLM,-65.277,59.6298
Diffusion Model + LLM,-83.2697,0.1604
Diffusion Model + LLM,-7.8194,-19.9973
Diffusion Model + LLM,-63.5809,16.5446
Diffusion Model + LLM,-25.8127,-15.8962
Diffusion Model + LLM,-23.8852,-54.4881
Diffusion Model + LLM,-34.2342,14.8642
Diffusion Model + LLM,-11.3921,-22.7889
Diffusion Model + LLM,-42.5494,84.3558
Diffusion Model + LLM,21.3438,52.6196
Diffusion Model + LLM,3.8981,-93.979
Diffusion Model + LLM,9.2597,-98.7389
Diffusion Model + LLM,-39.7441,-19.6252
Diffusion Model + LLM,-18.0341,78.8912
Diffusion Model + LLM,-84.1312,56.5
Diffusion Model + LLM,-46.509,74.229
Diffusion Model + LLM,-33.944,54.6262
Diffusion Model + LLM,1.8027,-30.5199
Diffusion Model + LLM,-8.3603,-44.7761
Diffusion Model + LLM,-23.7166,44.6223
Diffusion Model + LLM,-80.6803,-1.1418
Diffusion Model + LLM,-25.7011,-64.8169
Diffusion Model + LLM,7.9779,66.6676
Diffusion Model + LLM,-41.5088,-50.3357
Diffusion Model + LLM,2.0035,40.4887
Diffusion Model + LLM,-64.7904,18.2705
Diffusion Model + LLM,-52.3863,-7.8405
Diffusion Model + LLM,-23.9534,26.8075
Diffusion Model + LLM,-56.7599,-9.1017
Diffusion Model + LLM,-5.2593,-20.3277
Diffusion Model + LLM,-75.493,-19.9056
Diffusion Model + LLM,-56.0792,-12.8101
Diffusion Model + LLM,-44.6326,-59.8004
Diffusion Model + LLM,-72.6982,4.4151
Diffusion Model + LLM,-4.5953,-16.2175
Diffusion Model + LLM,9.7482,87.2376
Diffusion Model + LLM,-84.4281,17.8526
Diffusion Model + LLM,-85.8617,1.21
Diffusion Model + LLM,-44.1055,-30.293
Diffusion Model + LLM,-50.6289,39.8857
Diffusion Model + LLM,-49.1073,-20.6079
Diffusion Model + LLM,19.6238,6.1029
Diffusion Model + LLM,2.985,53.717
Diffusion Model + LLM,-40.6111,-61.3074
Diffusion Model + LLM,4.2648,-50.2131
Diffusion Model + LLM,-32.1767,-45.6108
Diffusion Model + LLM,7.6837,74.3092
Diffusion Model + LLM,-25.5784,22.904
Diffusion Model + LLM,-48.7903,-72.6277
Diffusion Model + LLM,-23.6705,-58.9528
Diffusion Model + LLM,-62.5682,43.5575
Diffusion Model + LLM,-22.5923,69.6889
Diffusion Model + LLM,4.1774,62.0468
Diffusion Model + LLM,-32.4886,87.5049
Diffusion Model + LLM,-50.3744,22.4856
Diffusion Model + LLM,18.7943,55.1139
Diffusion Model + LLM,3.0807,88.0839
Diffusion Model + LLM,-30.9129,27.1051
Diffusion Model + LLM,-18.1169,16.1743
Diffusion Model + LLM,68.7682,-62.9523
Diffusion Model + LLM,2.0637,49.753
Diffusion Model + LLM,-14.4774,4.3761
Diffusion Model + LLM,-7.7144,59.079
Diffusion Model + LLM,-28.0771,75.808
Diffusion Model + LLM,-70.509,-3.1932
Diffusion Model + LLM,-44.411,-26.3049
Diffusion Model + LLM,6.3008,-97.1445
Diffusion Model + LLM,-55.7852,-68.6346
Diffusion Model + LLM,9.1107,-28.7974
Diffusion Model + LLM,15.6486,14.0707
Diffusion Model + LLM,-66.0179,-30.802
Diffusion Model + LLM,-53.1024,-72.0182
Diffusion Model + LLM,-39.2716,-66.5429
Diffusion Model + LLM,-41.5487,-27.9222
Diffusion Model + LLM,-83.5032,57.5697
Diffusion Model + LLM,-88.952,-3.0397
Diffusion Model + LLM,3.4256,-58.8502
Diffusion Model + LLM,-17.4653,57.9838
Diffusion Model + LLM,6.7356,85.6457
Diffusion Model + LLM,-70.8528,13.4946
Diffusion Model + LLM,13.3805,45.4066
Diffusion Model + LLM,16.2725,21.3141
Diffusion Model + LLM,3.8439,56.1995
Diffusion Model + LLM,-34.3024,-9.5156
Diffusion Model + LLM,-52.8029,61.1727
Diffusion Model + LLM,-11.561,-23.1406
Diffusion Model + LLM,-25.299,2.0561
Diffusion Model + LLM,-33.7705,-78.7314
Diffusion Model + LLM,-67.1219,-29.9071
Diffusion Model + LLM,-18.5378,67.4209
Diffusion Model + LLM,-21.0018,-29.106
Diffusion Model + LLM,5.9811,-82.9322
Diffusion Model + LLM,-21.5022,-55.0646
Diffusion Model + LLM,-60.9688,62.8751
Diffusion Model + LLM,-30.8119,85.3072
Diffusion Model + LLM,-71.6207,-38.8654
Diffusion Model + LLM,-69.3905,32.454
Diffusion Model + LLM,-38.5479,-9.4385
Diffusion Model + LLM,11.2381,73.3705
Diffusion Model + LLM,-8.635,75.2844
Diffusion Model + LLM,-67.887,53.5593
Diffusion Model + LLM,0.5557,90.2703
Diffusion Model + LLM,7.7787,-92.35
Diffusion Model + LLM,10.4495,-74.636
Diffusion Model + LLM,-21.8157,13.8512
Diffusion Model + LLM,7.7824,-78.5301
Diffusion Model + LLM,-2.4982,-46.0768
Diffusion Model + LLM,12.0161,13.4231
Diffusion Model + LLM,-27.0178,26.3756
Diffusion Model + LLM,-57.4572,23.2202
Diffusion Model + LLM,-87.4863,21.1665
Diffusion Model + LLM,-17.3581,-24.3073
Diffusion Model + LLM,-23.0216,-85.3449
Diffusion Model + LLM,-12.5551,15.4452
Diffusion Model + LLM,17.0738,18.4974
Diffusion Model + LLM,-24.9307,-74.4991
Diffusion Model + LLM,-78.3832,-19.6798
Diffusion Model + LLM,9.2461,-27.5877
Diffusion Model + LLM,-10.1295,-67.7253
Diffusion Model + LLM,13.0309,30.0502
Diffusion Model + LLM,-40.058,-55.3235
Diffusion Model + LLM,-50.8948,-59.7531
Diffusion Model + LLM,-2.9302,23.7262
Diffusion Model + LLM,-50.4166,27.4749
Diffusion Model + LLM,-7.0018,84.9597
Diffusion Model + LLM,7.6286,-29.2694
Diffusion Model + LLM,-95.7936,-2.1438
Diffusion Model + LLM,16.8594,5.4704
Diffusion Model + LLM,10.3416,58.837
Diffusion Model + LLM,-12.3951,2.3669
Diffusion Model + LLM,-12.9414,73.2981
Diffusion Model + LLM,-47.9498,7.5559
Diffusion Model + LLM,-24.5771,1.079
Diffusion Model + LLM,-7.6937,-92.1153
Diffusion Model + LLM,4.592,89.143
Diffusion Model + LLM,-73.3365,24.4598
Diffusion Model + LLM,-18.051,31.658
Diffusion Model + LLM,-33.0135,-80.7848
Diffusion Model + LLM,-4.4462,79.8477
Diffusion Model + LLM,9.887,43.0669
Diffusion Model + LLM,6.3525,56.0735
Diffusion Model + LLM,-72.7741,-36.0386
Diffusion Model + LLM,-43.1588,81.9579
Diffusion Model + LLM,-33.9472,-83.5883
Diffusion Model + LLM,-51.2961,-3.4056
Diffusion Model + LLM,2.7653,-92.0381
Diffusion Model + LLM,-44.6089,-59.9755
Diffusion Model + LLM,-10.8477,76.928
Diffusion Model + LLM,-52.5607,4.9327
Diffusion Model + LLM,-33.9866,-4.0817
Diffusion Model + LLM,-32.2666,87.7334
Diffusion Model + LLM,-22.1957,17.577
Diffusion Model + LLM,20.3157,33.8394
Diffusion Model + LLM,-56.7331,11.719
Diffusion Model + LLM,-19.7754,-54.9373
Diffusion Model + LLM,-74.1764,25.5073
Diffusion Model + LLM,-19.4974,-40.6428
Diffusion Model + LLM,-21.2884,19.1479
Diffusion Model + LLM,-71.2551,-37.555
Diffusion Model + LLM,-57.7328,0.5279
Diffusion Model + LLM,-91.5366,-3.8222
Diffusion Model + LLM,-26.6801,-22.6762
Diffusion Model + LLM,-16.5772,11.7216
Diffusion Model + LLM,-23.6246,10.1991
Diffusion Model + LLM,2.9561,-78.0553
Diffusion Model + LLM,-27.6947,49.2145
Diffusion Model + LLM,-84.2403,21.5028
Diffusion Model + LLM,18.1227,-88.9567
Diffusion Model + LLM,-8.2177,-55.7993
Diffusion Model + LLM,-15.0652,71.3503
Diffusion Model + LLM,-28.21,89.6262
Diffusion Model + LLM,-11.0032,46.6912
Diffusion Model + LLM,-7.5562,-58.9516
Diffusion Model + LLM,-24.0539,21.9202
Diffusion Model + LLM,9.0056,13.4962
Diffusion Model + LLM,-7.5779,3.138
Diffusion Model + LLM,-51.2187,54.3017
Diffusion Model + LLM,-8.3615,-61.2783
Diffusion Model + LLM,-35.3342,-65.7798
Diffusion Model + LLM,-7.8554,-19.9192
Diffusion Model + LLM,-38.556,-60.7882
Diffusion Model + LLM,-34.3563,85.755
Diffusion Model + LLM,-35.3273,-62.9206
Diffusion Model + LLM,-29.5084,56.6817
Diffusion Model + LLM,-50.1118,27.7566
Diffusion Model + LLM,-32.9638,21.7013
Diffusion Model + LLM,-87.8827,26.5208
Diffusion Model + LLM,-25.1714,-14.9951
Diffusion Model + LLM,-78.9966,8.9256
Diffusion Model + LLM,-5.0614,-55.3373
Diffusion Model + LLM,-43.9651,-52.9618
Diffusion Model + LLM,5.0934,69.2311
Diffusion Model + LLM,-48.7948,64.8063
Diffusion Model + LLM,-40.7071,45.7472
Diffusion Model + LLM,-53.9635,69.8758
Diffusion Model + LLM,-26.4494,-85.3294
Diffusion Model + LLM,-57.7892,80.5596
Diffusion Model + LLM,14.3467,70.9984
Diffusion Model + LLM,-43.6957,39.8457
Diffusion Model + LLM,-47.0523,-10.1692
Diffusion Model + LLM,-6.6194,-61.9847
Diffusion Model + LLM,-20.6643,-58.3016
Diffusion Model + LLM,-5.0482,19.8093
Diffusion Model + LLM,1.9906,-56.3785
Diffusion Model + LLM,-9.8917,-19.7618
Diffusion Model + LLM,-6.2398,17.9032
Diffusion Model + LLM,1.2191,-46.704
Diffusion Model + LLM,-48.6491,37.4133
Diffusion Model + LLM,-55.7253,-71.8025
Diffusion Model + LLM,-26.486,-89.7067
Diffusion Model + LLM,-14.5433,4.4461
Diffusion Model + LLM,-7.6834,-1.0366
Diffusion Model + LLM,-68.6341,-31.6396
Diffusion Model + LLM,-61.9915,69.6815
Diffusion Model + LLM,-29.9282,31.1851
Diffusion Model + LLM,-7.4634,16.0802
Diffusion Model + LLM,-29.3838,-41.3452
Diffusion Model + LLM,-8.3571,52.1984
Diffusion Model + LLM,18.0864,56.2877
Diffusion Model + LLM,1.7912,-71.9565
Diffusion Model + LLM,9.2084,-77.9196
Diffusion Model + LLM,1.0229,-71.9224
Diffusion Model + LLM,-61.8692,-30.6497
Diffusion Model + LLM,21.0075,18.7458
Diffusion Model + LLM,-1.9616,84.3437
Diffusion Model + LLM,-63.6005,46.7607
Diffusion Model + LLM,-57.4651,78.1111
Diffusion Model + LLM,-59.2041,72.2684
Diffusion Model + LLM,-10.0352,8.1475
Diffusion Model + LLM,-18.6258,30.2839
Diffusion Model + LLM,-48.3005,42.0115
Diffusion Model + LLM,-51.734,58.9353
Diffusion Model + LLM,-14.0079,53.566
Diffusion Model + LLM,1.7065,-16.799
Diffusion Model + LLM,-29.8194,62.4175
Diffusion Model + LLM,-80.8066,56.3684
Diffusion Model + LLM,-42.4579,54.465
Diffusion Model + LLM,-80.6007,14.5916
Diffusion Model + LLM,-5.1958,-27.0412
Diffusion Model + LLM,-88.7734,31.471
Diffusion Model + LLM,-7.5439,-44.6273
Diffusion Model + LLM,-47.2343,-31.7798
Diffusion Model + LLM,-8.6518,39.5825
Diffusion Model + LLM,-58.743,50.5094
Diffusion Model + LLM,-90.6917,-2.3989
Diffusion Model + LLM,-70.2778,-3.3906
Diffusion Model + LLM,-2.8725,16.3696
Diffusion Model + LLM,10.0103,5.3618
Diffusion Model + LLM,-37.3399,30.0523
Diffusion Model + LLM,-53.4127,-4.6918
Diffusion Model + LLM,-14.7603,-22.3439
Diffusion Model + LLM,-37.8334,84.4542
Diffusion Model + LLM,-65.2168,10.2471
Diffusion Model + LLM,-76.4578,-20.3663
Diffusion Model + LLM,-61.1102,61.8003
Diffusion Model + LLM,-58.1231,12.8783
Diffusion Model + LLM,-18.3907,38.4796
Diffusion Model + LLM,1.1314,40.4062
Diffusion Model + LLM,-10.922,-48.2941
Diffusion Model + LLM,-26.8668,-64.139
Diffusion Model + LLM,-43.6645,-65.4539
Diffusion Model + LLM,14.2436,28.7541
Diffusion Model + LLM,-78.2307,19.3246
Diffusion Model + LLM,-75.7631,30.5133
Diffusion Model + LLM,-10.5502,32.8881
Diffusion Model + LLM,-4.4795,62.4382
Diffusion Model + LLM,-58.3583,-67.7763
Diffusion Model + LLM,-36.6634,75.528
Diffusion Model + LLM,-36.8093,55.3481
Diffusion Model + LLM,-7.5118,58.8714
Diffusion Model + LLM,-59.7321,18.5372
Diffusion Model + LLM,-69.5242,-6.2006
Diffusion Model + LLM,-17.5308,-48.5006
Diffusion Model + LLM,-60.2423,-3.8143
Diffusion Model + LLM,-34.542,-74.1704
Diffusion Model + LLM,-41.2053,-18.7781
Diffusion Model + LLM,7.1249,-1.593
Diffusion Model + LLM,-5.4032,-45.1572
Diffusion Model + LLM,-34.7651,-54.3225
Diffusion Model + LLM,12.1976,66.4504
Diffusion Model + LLM,-83.2103,22.7775
Diffusion Model + LLM,-75.7439,41.585
Diffusion Model + LLM,-80.9654,14.3264
Diffusion Model + LLM,7.8718,66.7018
Diffusion Model + LLM,-41.4018,-34.9404
Diffusion Model + LLM,-1.2952,-59.3938
Diffusion Model + LLM,-59.8987,-9.1558
Diffusion Model + LLM,-35.3439,-2.0394
Diffusion Model + LLM,-8.0663,14.484
Diffusion Model + LLM,-35.9606,-56.2431
Diffusion Model + LLM,10.7195,64.8644
Diffusion Model + LLM,-71.2312,11.3291
Diffusion Model + LLM,-50.8729,20.5748
Diffusion Model + LLM,-58.9456,9.5538
Diffusion Model + LLM,20.9156,-5.0281
Diffusion Model + LLM,-57.5023,5.8076
Diffusion Model + LLM,-11.8807,49.1332
Diffusion Model + LLM,10.0346,21.513
Diffusion Model + LLM,-9.3271,-0.2795
Diffusion Model + LLM,-32.7934,-46.5022
Diffusion Model + LLM,-34.1706,-57.531
Diffusion Model + LLM,-47.3781,83.4752
Diffusion Model + LLM,-65.4658,72.2794
Diffusion Model + LLM,-5.7149,-63.7478
Diffusion Model + LLM,13.3108,-21.0867
Diffusion Model + LLM,18.6799,0.2
Diffusion Model + LLM,9.4421,-1.7418
Diffusion Model + LLM,-40.3373,-14.1531
Diffusion Model + LLM,16.8145,50.1642
Diffusion Model + LLM,-21.2356,-75.1379
Diffusion Model + LLM,12.8276,-90.3652
Diffusion Model + LLM,-2.3374,43.1729
Diffusion Model + LLM,-8.4331,-63.6239
Diffusion Model + LLM,-51.7244,-57.44
Diffusion Model + LLM,-44.7097,87.7885
Diffusion Model + LLM,-26.7575,-8.9167
Diffusion Model + LLM,-26.2847,-51.7375
Diffusion Model + LLM,-2.2171,-72.3835
Diffusion Model + LLM,-29.2777,-33.7404
Diffusion Model + LLM,-30.8925,30.691
Diffusion Model + LLM,-8.6716,-55.7647
Diffusion Model + LLM,-3.7525,14.7902
Diffusion Model + LLM,10.8191,-4.0413
Diffusion Model + LLM,-67.4793,11.2787
Diffusion Model + LLM,20.113,32.1717
Diffusion Model + LLM,21.3666,53.6283
Diffusion Model + LLM,-42.4802,-58.6114
Diffusion Model + LLM,-2.2998,-24.1053
Diffusion Model + LLM,-81.9596,42.8655
Diffusion Model + LLM,20.2495,8.6753
Diffusion Model + LLM,-12.5602,-71.9168
Diffusion Model + LLM,-83.5957,31.4477
Diffusion Model + LLM,-32.2987,13.7184
Diffusion Model + LLM,-53.4824,42.4771
Diffusion Model + LLM,-20.7456,3.9232
Diffusion Model + LLM,-79.3727,29.6202
Diffusion Model + LLM,8.3822,75.7275
Diffusion Model + LLM,4.9173,-74.2675
Diffusion Model + LLM,-15.9143,-45.1734
Diffusion Model + LLM,-34.0396,-44.9794
Diffusion Model + LLM,19.3505,55.0467
Diffusion Model + LLM,-57.9356,59.8303
Diffusion Model + LLM,-2.2122,43.6745
Diffusion Model + LLM,-65.1497,73.7431
Diffusion Model + LLM,-67.4986,-39.4218
Diffusion Model + LLM,-14.5036,-92.2502
Diffusion Model + LLM,16.8489,37.8836
Diffusion Model + LLM,19.2994,5.8604
Diffusion Model + LLM,-8.5183,-54.8074
Diffusion Model + LLM,-18.1996,-43.9941
Diffusion Model + LLM,-23.6376,49.8428
Diffusion Model + LLM,-8.262,75.7237
Diffusion Model + LLM,-52.5166,-72.3362
Diffusion Model + LLM,17.5259,5.0555
Diffusion Model + LLM,2.9552,-70.5795
Diffusion Model + LLM,-14.8712,-79.0297
Diffusion Model + LLM,-19.3307,14.4213
Diffusion Model + LLM,-67.1298,-11.8267
Diffusion Model + LLM,-15.0383,-59.4389
Diffusion Model + LLM,-45.7237,8.5791
Diffusion Model + LLM,6.5018,56.01
Diffusion Model + LLM,-70.3708,42.3003
Diffusion Model + LLM,-64.9317,14.4633
Diffusion Model + LLM,-47.3509,-36.6217
Diffusion Model + LLM,-18.6302,-72.4905
Diffusion Model + LLM,-7.4796,-45.9342
Diffusion Model + LLM,-66.3165,43.7064
Diffusion Model + LLM,-56.7041,36.0
Diffusion Model + LLM,7.5713,25.0259
Diffusion Model + LLM,-3.073,-25.776
Diffusion Model + LLM,-1.938,-15.2337
Diffusion Model + LLM,-96.9351,-1.4785
Diffusion Model + LLM,-82.4482,3.0453
Diffusion Model + LLM,-40.5702,31.1727
Diffusion Model + LLM,-4.8348,28.7894
Diffusion Model + LLM,1.8455,-3.6973
Diffusion Model + LLM,-22.0286,-40.0201
Diffusion Model + LLM,-66.9667,5.0966
Diffusion Model + LLM,-5.0325,-95.4194
Diffusion Model + LLM,-12.5407,16.5487
Diffusion Model + LLM,-46.8677,74.3877
Diffusion Model + LLM,-33.6477,34.9134
Diffusion Model + LLM,-70.0945,41.8774
Diffusion Model + LLM,-15.3368,-17.4986
Diffusion Model + LLM,-47.5925,-28.1959
Diffusion Model + LLM,-47.9913,64.3924
Diffusion Model + LLM,-4.8897,-93.996
Diffusion Model + LLM,2.9448,12.9355
Diffusion Model + LLM,-24.0258,65.4088
Diffusion Model + LLM,5.9859,29.878
Diffusion Model + LLM,-35.3429,14.3226
Diffusion Model + LLM,-58.2862,-8.2659
Diffusion Model + LLM,-49.8816,72.3433
Diffusion Model + LLM,-62.3499,74.183
Diffusion Model + LLM,-29.4448,37.1671
Diffusion Model + LLM,-22.0491,-70.8718
Diffusion Model + LLM,-7.5909,-27.8667
Diffusion Model + LLM,-22.0079,70.0389
Diffusion Model + LLM,-73.9207,-15.3515
Diffusion Model + LLM,13.4874,-96.8478
Diffusion Model + LLM,-11.3117,71.1315
Diffusion Model + LLM,-1.2965,31.9698
Diffusion Model + LLM,9.3549,-68.9848
Diffusion Model + LLM,12.3528,-58.0456
Diffusion Model + LLM,16.8844,-5.4349
Diffusion Model + LLM,-84.291,-7.8713
Diffusion Model + LLM,1.7447,78.4381
Diffusion Model + LLM,-18.3765,16.253
Diffusion Model + LLM,-67.1744,39.7458
Diffusion Model + LLM,-87.0372,13.0286
Diffusion Model + LLM,-46.0825,-78.2817
Diffusion Model + LLM,-46.3487,-61.6586
Diffusion Model + LLM,-82.0027,30.5456
Diffusion Model + LLM,-9.8301,-2.8221
Diffusion Model + LLM,-65.4082,-12.456
Diffusion Model + LLM,8.1978,-9.1476
Diffusion Model + LLM,-30.2892,14.1285
Diffusion Model + LLM,2.955,2.2525
Diffusion Model + LLM,-11.3465,-52.8929
Diffusion Model + LLM,-31.4939,23.0083
Diffusion Model + LLM,16.3419,-3.2024
Diffusion Model + LLM,-28.2578,-75.3386
Diffusion Model + LLM,-69.3165,-16.7185
Diffusion Model + LLM,-67.0975,12.1369
Diffusion Model + LLM,-47.2279,11.6254
Diffusion Model + LLM,-71.4064,62.3308
Diffusion Model + LLM,-42.1791,-13.7028
Diffusion Model + LLM,-84.1949,6.1637
Diffusion Model + LLM,10.9602,85.8277
Diffusion Model + LLM,-39.7123,68.5364
Diffusion Model + LLM,-88.0976,35.6286
Diffusion Model + LLM,-21.1385,7.8211
Diffusion Model + LLM,-59.2153,10.6343
Diffusion Model + LLM,22.9631,24.3672
Diffusion Model + LLM,-7.4426,3.971
Diffusion Model + LLM,-46.018,12.6715
Diffusion Model + LLM,-55.8601,75.5684
Diffusion Model + LLM,-34.4308,-19.2135
Diffusion Model + LLM,-56.0235,43.3689
Diffusion Model + LLM,-25.3556,2.407
Diffusion Model + LLM,-16.7152,-19.2316
Diffusion Model + LLM,-32.1717,17.2248
Diffusion Model + LLM,-8.4819,8.844
Diffusion Model + LLM,-36.5718,-2.7483
Diffusion Model + LLM,-30.2646,56.7791
Diffusion Model + LLM,-6.689,38.0535
Diffusion Model + LLM,-32.6062,-22.6277
Diffusion Model + LLM,10.1383,5.5216
Diffusion Model + LLM,-72.3526,-2.9443
Diffusion Model + LLM,-73.1385,-17.7348
Diffusion Model + LLM,-1.5479,-9.5946
Diffusion Model + LLM,-65.8266,-29.1669
Diffusion Model + LLM,1.2063,2.2987
Diffusion Model + LLM,4.7696,-44.7903
Diffusion Model + LLM,-9.7245,67.2633
Diffusion Model + LLM,2.9787,-21.5661
Diffusion Model + LLM,-14.7429,-76.5037
Diffusion Model + LLM,-29.9005,-9.282
Diffusion Model + LLM,-17.4905,-22.2724
Diffusion Model + LLM,-42.149,-25.1311
Diffusion Model + LLM,-63.6211,13.1883
Diffusion Model + LLM,12.7136,-1.7198
Diffusion Model + LLM,-60.3465,17.9414
Diffusion Model + LLM,-27.2859,69.4456
Diffusion Model + LLM,18.3406,56.9224
Diffusion Model + LLM,-38.7175,86.9857
Diffusion Model + LLM,3.1163,45.1741
Diffusion Model + LLM,-16.2294,8.1581
Diffusion Model + LLM,-14.2538,-41.8092
Diffusion Model + LLM,-24.3875,-51.4298
Diffusion Model + LLM,-44.3137,-3.9825
Diffusion Model + LLM,-9.5278,-59.6163
Diffusion Model + LLM,-32.0962,-24.0036
Diffusion Model + LLM,-9.6791,-74.3957
Diffusion Model + LLM,-21.9769,75.7586
Diffusion Model + LLM,-15.6703,-63.0767
Diffusion Model + LLM,-67.9526,-39.3618
Diffusion Model + LLM,-4.8616,9.1506
Diffusion Model + LLM,-63.7024,6.3861
Diffusion Model + LLM,-74.9123,1.4447
Diffusion Model + LLM,7.3236,-74.8469
Diffusion Model + LLM,16.9394,36.1623
Diffusion Model + LLM,-3.5219,0.3339
Diffusion Model + LLM,-89.6344,-7.3581
Diffusion Model + LLM,-47.0628,52.8368
Diffusion Model + LLM,-46.2571,33.1233
Diffusion Model + LLM,-39.7185,30.206
Diffusion Model + LLM,-12.2768,34.8886
Diffusion Model + LLM,-43.1588,39.6148
Diffusion Model + LLM,7.875,-57.9027
Diffusion Model + LLM,-48.1421,42.0589
Diffusion Model + LLM,-14.9121,-18.2524
Diffusion Model + LLM,9.6809,13.7826
Diffusion Model + LLM,14.6744,35.3997
Diffusion Model + LLM,-30.0858,-49.193
Diffusion Model + LLM,13.1225,23.4952
Diffusion Model + LLM,10.4039,-4.2205
Diffusion Model + LLM,-39.7012,-11.3897
Diffusion Model + LLM,-36.6456,-82.893
Diffusion Model + LLM,-15.0168,-76.4066
Diffusion Model + LLM,-13.1438,-64.5416
Diffusion Model + LLM,-37.4204,27.1708
Diffusion Model + LLM,-56.7811,29.4921
Diffusion Model + LLM,-42.2673,25.3982
Diffusion Model + LLM,-9.6583,-28.6035
Diffusion Model + LLM,-85.0479,2.438
Diffusion Model + LLM,-72.3434,41.5065
Diffusion Model + LLM,-30.6532,-42.2462
Diffusion Model + LLM,-26.7875,63.813
Diffusion Model + LLM,-3.3586,24.1599
Diffusion Model + LLM,-84.287,26.3342
Diffusion Model + LLM,15.4414,7.2774
Diffusion Model + LLM,-39.1158,1.5184
Diffusion Model + LLM,12.6689,47.6913
Diffusion Model + LLM,-56.9015,31.41
Diffusion Model + LLM,-83.1162,23.5489
Diffusion Model + LLM,-20.7695,48.7468
Diffusion Model + LLM,0.3664,-96.3396
Diffusion Model + LLM,-69.0924,-41.2225
Diffusion Model + LLM,11.4342,-69.7929
Diffusion Model + LLM,0.9983,84.2365
Diffusion Model + LLM,-73.2655,24.3389
Diffusion Model + LLM,-3.268,-63.7863
Diffusion Model + LLM,-90.6222,-9.1317
Diffusion Model + LLM,-16.4814,-40.6849
Diffusion Model + LLM,-67.1625,45.328
Diffusion Model + LLM,-82.6854,-4.4658
Diffusion Model + LLM,-32.0834,12.4843
Diffusion Model + LLM,-22.0262,46.7922
Diffusion Model + LLM,12.5442,22.8358
Diffusion Model + LLM,-35.611,74.0819
Diffusion Model + LLM,-75.2444,-3.8807
Diffusion Model + LLM,-44.3948,57.3186
Diffusion Model + LLM,-95.6671,21.9363
Diffusion Model + LLM,-25.2697,-49.651
Diffusion Model + LLM,-34.8151,-85.6383
Diffusion Model + LLM,-39.9444,20.4966
Diffusion Model + LLM,-11.5904,4.5678
Diffusion Model + LLM,-28.8283,-49.3434
Diffusion Model + LLM,-62.9805,-49.3891
Diffusion Model + LLM,-74.7108,5.7557
Diffusion Model + LLM,-49.4982,34.1137
Diffusion Model + LLM,-60.5913,-31.0359
Diffusion Model + LLM,-11.372,30.307
Diffusion Model + LLM,-7.9786,69.9651
Diffusion Model + LLM,-87.0387,24.7239
Diffusion Model + LLM,-45.9077,-76.2722
Diffusion Model + LLM,-17.5542,-12.0743
Diffusion Model + LLM,-22.9093,34.8862
Diffusion Model + LLM,-16.6715,-7.0469
Diffusion Model + LLM,2.9034,68.632
Diffusion Model + LLM,-40.0669,26.3809
Diffusion Model + LLM,-24.9586,15.1804
Diffusion Model + LLM,-23.7198,-77.2997
Diffusion Model + LLM,12.5891,47.1999
Diffusion Model + LLM,-52.7774,-71.2652
Diffusion Model + LLM,7.055,80.9311
Diffusion Model + LLM,6.0275,-28.0199
Diffusion Model + LLM,-48.5122,17.5443
Diffusion Model + LLM,-55.8733,15.0209
Diffusion Model + LLM,22.454,52.6696
Diffusion Model + LLM,-26.7555,-84.3936
Diffusion Model + LLM,-12.6682,-15.9242
Diffusion Model + LLM,-89.7313,35.432
Diffusion Model + LLM,-23.2922,-53.9675
Diffusion Model + LLM,10.3648,-60.0017
Diffusion Model + LLM,-91.2547,31.8454
Diffusion Model + LLM,1.5869,13.1535
Diffusion Model + LLM,12.9834,30.1492
Diffusion Model + LLM,-36.9246,81.4541
Diffusion Model + LLM,-0.5792,-5.5536
Diffusion Model + LLM,-33.3685,46.7642
Diffusion Model + LLM,-46.7009,64.7327
Diffusion Model + LLM,-19.6599,-54.5181
Diffusion Model + LLM,-25.9422,61.6613
Diffusion Model + LLM,-65.4008,-17.4779
Diffusion Model + LLM,12.8714,17.4933
Diffusion Model + LLM,-69.1621,18.6199
Diffusion Model + LLM,-16.411,0.1501
Diffusion Model + LLM,13.0191,66.5393
Diffusion Model + LLM,19.0111,36.4066
Diffusion Model + LLM,-35.274,84.9604
Diffusion Model + LLM,-74.8435,39.5616
Diffusion Model + LLM,-36.7758,88.8286
Diffusion Model + LLM,20.7588,-84.0963
Diffusion Model + LLM,-35.767,-79.9077
Diffusion Model + LLM,-9.7741,43.1136
Diffusion Model + LLM,14.0827,25.3298
Diffusion Model + LLM,-27.2676,25.5809
Diffusion Model + LLM,1.782,-47.9733
Diffusion Model + LLM,6.0084,55.571
Diffusion Model + LLM,-9.5541,-59.9486
Diffusion Model + LLM,-11.385,-3.1091
Diffusion Model + LLM,-75.4149,6.8859
Diffusion Model + LLM,-82.2779,-4.0621
Diffusion Model + LLM,-20.5592,-52.9105
Diffusion Model + LLM,1.0854,13.4479
Diffusion Model + LLM,20.1181,57.3012
Diffusion Model + LLM,7.6732,-18.6689
Diffusion Model + LLM,-13.2781,-21.6718
Diffusion Model + LLM,-8.8355,57.7657
Diffusion Model + LLM,-40.0818,-7.3001
Diffusion Model + LLM,-8.3222,18.5982
Diffusion Model + LLM,-13.6525,61.6358
Diffusion Model + LLM,3.3634,-6.815
Diffusion Model + LLM,6.1044,-28.682
Diffusion Model + LLM,-62.1997,18.7131
Diffusion Model + LLM,-71.5266,42.2177
Diffusion Model + LLM,-50.4279,42.9297
Diffusion Model + LLM,-27.0241,89.2601
Diffusion Model + LLM,-19.4938,85.765
Diffusion Model + LLM,-2.1181,-79.4005
Diffusion Model + LLM,-33.1863,88.8275
Diffusion Model + LLM,14.671,28.4362
Diffusion Model + LLM,-17.8774,10.3637
Diffusion Model + LLM,-68.2872,-31.583
Diffusion Model + LLM,-22.9892,52.3975
Diffusion Model + LLM,-44.0025,23.2569
Diffusion Model + LLM,-25.1841,-49.521
Diffusion Model + LLM,-17.0442,-31.2841
Diffusion Model + LLM,-14.6197,-70.8286
Diffusion Model + LLM,19.7203,-79.5505
Diffusion Model + LLM,1.0957,-92.0987
Diffusion Model + LLM,5.9974,66.186
Diffusion Model + LLM,-32.359,-21.9305
Diffusion Model + LLM,-30.1944,-20.5116
Diffusion Model + LLM,-74.7491,10.2783
Diffusion Model + LLM,-82.0943,30.5718
Diffusion Model + LLM,-18.5666,-47.9108
Diffusion Model + LLM,15.9545,22.0604
Diffusion Model + LLM,-61.8076,3.2223
Diffusion Model + LLM,14.5159,-98.9043
Diffusion Model + LLM,16.8414,9.5446
Diffusion Model + LLM,-56.8706,42.894
Diffusion Model + LLM,-28.8295,-59.1291
Diffusion Model + LLM,-6.5839,-9.1834
Diffusion Model + LLM,-3.6649,-96.6453
Diffusion Model + LLM,23.4086,-85.5171
Diffusion Model + LLM,-64.1013,46.1738
Diffusion Model + LLM,-33.0986,-49.224
Diffusion Model + LLM,-50.7135,22.1447
Diffusion Model + LLM,15.5216,-22.0168
Diffusion Model + LLM,11.4085,41.6845
Diffusion Model + LLM,-26.9324,30.7555
Diffusion Model + LLM,-40.8093,86.0413
Diffusion Model + LLM,-14.8451,4.8417
Diffusion Model + LLM,16.7463,-14.2256
Diffusion Model + LLM,-34.7621,-79.858
Diffusion Model + LLM,-34.9856,-85.6773
Diffusion Model + LLM,-25.9521,-5.1256
Diffusion Model + LLM,-3.7105,1.2081
Diffusion Model + LLM,-86.6354,28.6228
Diffusion Model + LLM,2.7275,-88.2146
Diffusion Model + LLM,-65.9574,-13.7926
Diffusion Model + LLM,6.2538,27.089
Diffusion Model + LLM,-7.7511,60.7531
Diffusion Model + LLM,-40.9218,-31.4562
Diffusion Model + LLM,-43.6876,-65.5357
Diffusion Model + LLM,-48.4073,10.4643
Diffusion Model + LLM,4.7156,76.4881
Diffusion Model + LLM,-13.0705,-25.5104
Diffusion Model + LLM,-43.0028,-80.3128
Diffusion Model + LLM,-10.0222,-53.2928
Diffusion Model + LLM,-40.6707,70.8772
Diffusion Model + LLM,6.1422,-56.2485
Diffusion Model + LLM,16.9964,-2.2908
Diffusion Model + LLM,17.1224,60.0327
Diffusion Model + LLM,-91.9604,19.6496
Diffusion Model + LLM,-49.5467,-75.3291
Diffusion Model + LLM,4.8321,-45.1997
Diffusion Model + LLM,-50.1762,43.0676
Diffusion Model + LLM,10.3911,-4.2615
Diffusion Model + LLM,-16.8887,-23.8302
Diffusion Model + LLM,8.3196,8.652
Diffusion Model + LLM,21.696,-88.3657
Diffusion Model + LLM,-66.0748,11.628
Diffusion Model + LLM,-81.3571,28.7855
Diffusion Model + LLM,-45.4862,-79.8358
Diffusion Model + LLM,-4.6783,50.8405
Diffusion Model + LLM,77.6159,-64.3499
Diffusion Model + LLM,-18.1615,35.4761
Diffusion Model + LLM,-80.9783,20.166
Diffusion Model + LLM,-19.714,20.7271
Diffusion Model + LLM,20.3056,1.1862
Diffusion Model + LLM,-55.7235,41.1374
Diffusion Model + LLM,-12.5523,-16.214
Diffusion Model + LLM,-40.1665,46.6046
Diffusion Model + LLM,-83.2846,31.3441
Diffusion Model + LLM,2.951,8.2739
Diffusion Model + LLM,10.2284,85.0483
Diffusion Model + LLM,-50.5434,-63.9531
Diffusion Model + LLM,-38.5511,40.2772
Diffusion Model + LLM,-35.2617,80.7104
Diffusion Model + LLM,-15.9367,-92.2624
Diffusion Model + LLM,-24.1654,-11.8953
Diffusion Model + LLM,-92.0955,24.1972
Diffusion Model + LLM,-68.1434,-31.6774
Diffusion Model + LLM,-66.6396,16.2761
Diffusion Model + LLM,-2.5773,-27.1298
Diffusion Model + LLM,-48.3883,-32.3869
Diffusion Model + LLM,7.1257,-49.5214
Diffusion Model + LLM,-61.1622,64.6586
Diffusion Model + LLM,-88.4494,28.1276
Diffusion Model + LLM,6.097,-59.8733
Diffusion Model + LLM,-30.054,76.8433
Diffusion Model + LLM,-13.2627,-50.1846
Diffusion Model + LLM,14.837,25.6558
Diffusion Model + LLM,-47.5575,-35.3652
Diffusion Model + LLM,1.7232,-51.0375
Diffusion Model + LLM,16.6357,-80.0292
Diffusion Model + LLM,-31.8662,-19.9433
Diffusion Model + LLM,-40.3245,-30.5242
Diffusion Model + LLM,-17.5823,29.904
Diffusion Model + LLM,0.4222,40.5591
Diffusion Model + LLM,-89.2304,-1.4874
Diffusion Model + LLM,-10.5287,-29.4694
Diffusion Model + LLM,-6.3095,60.1727
Diffusion Model + LLM,-46.3156,-34.7932
Diffusion Model + LLM,-49.2926,-20.4599
Diffusion Model + LLM,-14.3754,-90.8401
Diffusion Model + LLM,-42.3303,35.9296
Diffusion Model + LLM,-26.6875,-88.4247
Diffusion Model + LLM,-3.273,27.6196
Diffusion Model + LLM,-55.4427,13.3468
Diffusion Model + LLM,-27.3621,-78.7124
Diffusion Model + LLM,-48.9305,-37.5773
Diffusion Model + LLM,-24.3454,59.7473
Diffusion Model + LLM,2.2042,-21.3193
Diffusion Model + LLM,-34.6224,-22.6877
Diffusion Model + LLM,-44.6132,87.206
Diffusion Model + LLM,-27.3758,-46.4614
Diffusion Model + LLM,-13.0456,-21.7791
Diffusion Model + LLM,-9.3233,-23.8969
Diffusion Model + LLM,-47.6099,23.6912
Diffusion Model + LLM,2.9239,-28.9447
Diffusion Model + LLM,-34.2962,-85.3108
Diffusion Model + LLM,7.7613,66.397
Diffusion Model + LLM,-84.066,5.4292
Diffusion Model + LLM,-10.6969,62.4519
Diffusion Model + LLM,-14.7755,47.6988
Diffusion Model + LLM,-37.8072,-16.1589
Diffusion Model + LLM,-57.4411,76.8147
Diffusion Model + LLM,11.552,13.6958
Diffusion Model + LLM,-15.6224,-51.4408
Diffusion Model + LLM,7.3947,78.4411
Diffusion Model + LLM,-39.6353,-11.5979
Diffusion Model + LLM,15.3938,-14.287
Diffusion Model + LLM,-26.3726,-51.2546
Diffusion Model + LLM,2.9494,8.0601
Diffusion Model + LLM,-14.9697,-18.0442
Diffusion Model + LLM,-18.0196,-8.8553
Diffusion Model + LLM,-59.1385,61.2036
Diffusion Model + LLM,-7.508,66.1589
Diffusion Model + LLM,-76.2059,1.7649
Diffusion Model + LLM,-30.2003,77.3455
Diffusion Model + LLM,-11.0716,67.6498
Diffusion Model + LLM,-23.6879,79.4907
Diffusion Model + LLM,-52.5419,26.6684
Diffusion Model + LLM,-20.6967,28.2272
Diffusion Model + LLM,1.0846,13.6634
Diffusion Model + LLM,-37.9113,85.0344
Diffusion Model + LLM,-23.1726,-85.3029
Diffusion Model + LLM,-60.19,29.3252
Diffusion Model + LLM,-3.8842,-47.0667
Diffusion Model + LLM,-5.3896,-77.1819
Diffusion Model + LLM,8.0973,86.1856
Diffusion Model + LLM,-16.1408,0.4759
Diffusion Model + LLM,-24.582,53.5677
Diffusion Model + LLM,-89.7287,10.2037
Diffusion Model + LLM,-42.5109,-61.7768
Diffusion Model + LLM,-33.9435,-64.0558
Diffusion Model + LLM,-90.933,-3.3731
Diffusion Model + LLM,-86.1416,-7.5762
Diffusion Model + LLM,-27.6322,69.643
Diffusion Model + LLM,4.8766,-0.6917
Diffusion Model + LLM,-14.7516,-41.6591
Diffusion Model + LLM,-47.0912,-8.217
Diffusion Model + LLM,-61.1849,23.0669
Diffusion Model + LLM,-65.8813,57.3457
Diffusion Model + LLM,-45.9488,36.0481
Diffusion Model + LLM,-63.6029,74.9357
Diffusion Model + LLM,-13.7546,-75.7376
Diffusion Model + LLM,-1.2803,42.845
Diffusion Model + LLM,1.322,-87.9594
Diffusion Model + LLM,-91.3604,20.7826
Diffusion Model + LLM,2.1576,14.5709
Diffusion Model + LLM,1.6066,12.7512
Diffusion Model + LLM,13.7436,1.8148
Diffusion Model + LLM,-42.0607,-54.9678
Diffusion Model + LLM,-87.9754,30.2812
Diffusion Model + LLM,-72.7039,4.4599
Diffusion Model + LLM,-36.2158,20.0713
Diffusion Model + LLM,-29.8053,61.1089
Diffusion Model + LLM,-52.1364,79.0557
Diffusion Model + LLM,0.9759,-20.6012
Diffusion Model + LLM,-27.6138,66.1635
Diffusion Model + LLM,-69.1309,-15.4394
Diffusion Model + LLM,-20.7576,-46.7512
Diffusion Model + LLM,-89.2916,6.1395
Diffusion Model + LLM,0.518,-2.5115
Diffusion Model + LLM,-39.0547,-1.1978
Diffusion Model + LLM,-58.5374,-9.3913
Diffusion Model + LLM,-40.5668,-6.1092
Diffusion Model + LLM,2.1509,-67.3435
Diffusion Model + LLM,-26.2006,-8.2482
Diffusion Model + LLM,-44.34,-61.2734
Diffusion Model + LLM,5.9631,-47.2818
Diffusion Model + LLM,-41.8218,36.7425
Diffusion Model + LLM,-7.0632,-85.2938
Diffusion Model + LLM,-51.0277,-59.7762
Diffusion Model + LLM,-18.6696,38.5198
Diffusion Model + LLM,-34.1565,-82.8773
Diffusion Model + LLM,-55.9218,13.3119
Diffusion Model + LLM,17.3994,-2.5371
Diffusion Model + LLM,-93.4288,1.6561
Diffusion Model + LLM,-58.8563,-10.6995
Diffusion Model + LLM,-66.5485,-35.0965
Diffusion Model + LLM,-34.0391,-72.9006
Diffusion Model + LLM,-46.2432,66.682
Diffusion Model + LLM,12.7494,23.1014
Diffusion Model + LLM,2.688,-96.3711
Diffusion Model + LLM,-34.067,35.1772
Diffusion Model + LLM,-67.1397,36.5435
Diffusion Model + LLM,-16.2227,-40.6603
Diffusion Model + LLM,-0.5712,-5.9064
Diffusion Model + LLM,-18.5775,-65.1204
Diffusion Model + LLM,3.4416,37.073
Diffusion Model + LLM,-26.2689,-42.5239
Diffusion Model + LLM,8.0022,-28.511
Diffusion Model + LLM,-6.2465,-18.5671
Diffusion Model + LLM,-35.9968,20.0626
Diffusion Model + LLM,-86.1452,-6.126
Diffusion Model + LLM,-43.9233,84.1404
Diffusion Model + LLM,9.2194,-57.1761
Diffusion Model + LLM,-32.2301,14.397
Diffusion Model + LLM,-72.8624,2.0844
Diffusion Model + LLM,-36.7381,-67.1084
Diffusion Model + LLM,-67.8218,-15.9632
Diffusion Model + LLM,-31.5784,4.3638
Diffusion Model + LLM,-35.9455,80.4931
Diffusion Model + LLM,-23.2445,12.9371
Diffusion Model + LLM,-60.8173,75.7535
Diffusion Model + LLM,-28.2238,-83.7564
Diffusion Model + LLM,-83.3983,3.9688
Diffusion Model + LLM,-22.7776,87.1087
Diffusion Model + LLM,-42.6237,45.5338
Diffusion Model + LLM,-2.7242,80.1224
Diffusion Model + LLM,7.7633,86.2964
Diffusion Model + LLM,9.0784,16.5394
Diffusion Model + LLM,-36.803,-67.1768
Diffusion Model + LLM,-15.2731,-43.6987
Diffusion Model + LLM,-48.2474,78.287
Diffusion Model + LLM,-3.9366,36.6278
Diffusion Model + LLM,-14.4122,21.0002
Diffusion Model + LLM,-43.2061,-26.5845
Diffusion Model + LLM,-36.8456,84.8912
Diffusion Model + LLM,-79.1459,8.0053
Diffusion Model + LLM,-52.9151,15.7948
Diffusion Model + LLM,13.1767,51.6019
Diffusion Model + LLM,-17.2379,48.9634
Diffusion Model + LLM,8.253,55.3515
Diffusion Model + LLM,15.0192,-9.7242
Diffusion Model + LLM,-19.4926,65.0798
Diffusion Model + LLM,-75.0511,20.1849
Diffusion Model + LLM,-30.7378,10.4231
Diffusion Model + LLM,-8.1468,-27.77
Diffusion Model + LLM,-10.5642,-74.5658
Diffusion Model + LLM,10.7975,-71.4202
Diffusion Model + LLM,-25.0854,-44.5001
Diffusion Model + LLM,-76.5596,-20.4925
Diffusion Model + LLM,-17.8686,59.9707
Diffusion Model + LLM,9.0961,88.1632
Diffusion Model + LLM,-51.5777,20.1722
Diffusion Model + LLM,-0.3484,9.2671
Diffusion Model + LLM,-1.3164,24.9399
Diffusion Model + LLM,-25.108,-15.1888
Diffusion Model + LLM,-48.4676,66.1813
Diffusion Model + LLM,-50.0496,65.1914
Diffusion Model + LLM,-91.8659,16.316
Diffusion Model + LLM,-77.7032,-24.1614
Diffusion Model + LLM,14.9612,9.2471
Diffusion Model + LLM,5.8788,38.0686
Diffusion Model + LLM,-44.0156,-11.3301
Diffusion Model + LLM,5.7289,-61.3642
Diffusion Model + LLM,-15.6351,36.1289
Diffusion Model + LLM,-39.4236,35.086
Diffusion Model + LLM,-30.7711,-3.2691
Diffusion Model + LLM,-7.6568,56.0681
Diffusion Model + LLM,-17.3031,51.242
Diffusion Model + LLM,-26.1913,-85.5931
Diffusion Model + LLM,7.9183,28.531
Diffusion Model + LLM,22.2715,54.2019
Diffusion Model + LLM,-47.0242,0.14
Diffusion Model + LLM,-6.9264,14.7992
Diffusion Model + LLM,-55.2329,30.6515
Diffusion Model + LLM,-26.4946,-89.5553
Diffusion Model + LLM,-9.4919,-63.4989
Diffusion Model + LLM,2.1707,40.4236
Diffusion Model + LLM,13.6062,30.4333
Diffusion Model + LLM,-53.5147,63.318
Diffusion Model + LLM,16.9622,-84.3818
Diffusion Model + LLM,-19.4471,-55.2851
Diffusion Model + LLM,-44.3095,57.0032
Diffusion Model + LLM,-12.13,76.9141
Diffusion Model + LLM,-66.1289,23.4509
Diffusion Model + LLM,-36.8323,30.2906
Diffusion Model + LLM,0.7695,-0.7954
Diffusion Model + LLM,21.41,37.8091
Diffusion Model + LLM,-72.116,37.2059
Diffusion Model + LLM,-18.6527,38.809
Diffusion Model + LLM,-40.4685,18.3018
Diffusion Model + LLM,-75.9591,9.5743
Diffusion Model + LLM,4.3888,31.012
Diffusion Model + LLM,-78.2927,14.0825
Diffusion Model + LLM,-72.6017,2.0027
Diffusion Model + LLM,-31.6285,-2.45
Diffusion Model + LLM,3.7791,61.9608
Diffusion Model + LLM,-30.2662,16.1601
Diffusion Model + LLM,-38.147,8.0623
Diffusion Model + LLM,9.5448,34.7716
Diffusion Model + LLM,-14.9341,-25.0285
Diffusion Model + LLM,5.733,59.8305
Diffusion Model + LLM,21.571,19.3237
Diffusion Model + LLM,-20.6424,36.7795
Diffusion Model + LLM,-41.0653,18.8384
Diffusion Model + LLM,12.7182,46.0253
Diffusion Model + LLM,-33.9982,35.9218
Diffusion Model + LLM,-27.0876,-39.9338
Diffusion Model + LLM,-2.4119,-57.6523
Diffusion Model + LLM,-5.265,-77.1058
Diffusion Model + LLM,-36.7794,41.062
Diffusion Model + LLM,64.5406,-46.017
Diffusion Model + LLM,-9.163,-57.4432
Diffusion Model + LLM,10.7351,23.6203
Diffusion Model + LLM,-89.2185,6.0438
Diffusion Model + LLM,-71.9261,61.1226
Diffusion Model + LLM,-5.9109,59.9324
Diffusion Model + LLM,-24.1205,-42.3604
Diffusion Model + LLM,9.0397,3.7486
Diffusion Model + LLM,-69.6363,-1.7522
Diffusion Model + LLM,-73.8861,-1.358
Diffusion Model + LLM,-18.2239,13.9693
Diffusion Model + LLM,-39.9901,-28.7862
Diffusion Model + LLM,-39.9631,-21.5975
Diffusion Model + LLM,-77.6466,14.718
Diffusion Model + LLM,-14.875,-43.0879
Diffusion Model + LLM,8.0444,46.6251
Diffusion Model + LLM,-30.0945,-71.4528
Diffusion Model + LLM,-25.4091,88.3287
Diffusion Model + LLM,1.2423,92.6194
Diffusion Model + LLM,8.1474,-66.2254
Diffusion Model + LLM,-26.2588,-10.9375
Diffusion Model + LLM,-24.0977,-76.384
Diffusion Model + LLM,4.0164,-67.0326
Diffusion Model + LLM,-63.7351,59.202
Diffusion Model + LLM,5.3748,-78.5164
Diffusion Model + LLM,-68.9214,-6.7005
Diffusion Model + LLM,-19.4178,73.5989
Diffusion Model + LLM,-18.5408,81.31
Diffusion Model + LLM,-15.6554,86.5121
Diffusion Model + LLM,-2.91,-2.0652
Diffusion Model + LLM,-66.857,36.4753
Diffusion Model + LLM,12.786,54.5771
Diffusion Model + LLM,-7.7053,64.6052
Diffusion Model + LLM,-13.5182,50.6826
Diffusion Model + LLM,2.9777,77.6947
Diffusion Model + LLM,-87.8674,3.6011
Diffusion Model + LLM,13.1152,-1.7561
Diffusion Model + LLM,-50.2439,34.9213
Diffusion Model + LLM,-43.3155,37.1578
Diffusion Model + LLM,8.1246,26.8771
Diffusion Model + LLM,-14.7049,-0.702
Diffusion Model + LLM,-76.8856,37.009
Diffusion Model + LLM,-69.2339,-7.4351
Diffusion Model + LLM,-12.6702,58.8185
Diffusion Model + LLM,-86.8171,25.6154
Diffusion Model + LLM,-5.4876,19.1379
Diffusion Model + LLM,2.2088,-68.3401
Diffusion Model + LLM,5.2982,89.8876
Diffusion Model + LLM,16.1113,60.5182
Diffusion Model + LLM,-30.2535,61.3106
Diffusion Model + LLM,-73.4482,20.3002
Diffusion Model + LLM,-71.8907,58.8344
Diffusion Model + LLM,8.4218,30.1388
Diffusion Model + LLM,-36.6526,88.4472
Diffusion Model + LLM,-49.1506,-59.4404
Diffusion Model + LLM,11.1809,17.0865
Diffusion Model + LLM,6.2711,-25.5259
Diffusion Model + LLM,-23.9814,26.7929
Diffusion Model + LLM,-17.5611,-12.0722
Diffusion Model + LLM,-64.0233,25.396
Diffusion Model + LLM,-46.8927,64.7741
Diffusion Model + LLM,-27.6401,61.6738
Diffusion Model + LLM,-69.6581,11.6922
Diffusion Model + LLM,-26.3534,26.5664
Diffusion Model + LLM,-28.3394,49.8566
Diffusion Model + LLM,-23.6237,13.655
Diffusion Model + LLM,0.7428,-80.1866
Diffusion Model + LLM,-24.9034,-65.9681
Diffusion Model + LLM,-25.2942,-93.7369
Diffusion Model + LLM,-57.2244,-67.6486
Diffusion Model + LLM,-47.8818,-66.7567
Diffusion Model + LLM,16.4623,-80.9392
Diffusion Model + LLM,-11.8873,-75.5983
Diffusion Model + LLM,-55.5347,-9.1384
Diffusion Model + LLM,3.3812,-57.8725
Diffusion Model + LLM,-4.0706,26.8197
Diffusion Model + LLM,-17.436,27.6954
Diffusion Model + LLM,-32.9267,-0.6569
Diffusion Model + LLM,-51.0362,60.5083
Diffusion Model + LLM,-13.9889,73.3761
Diffusion Model + LLM,-44.1119,61.4099
Diffusion Model + LLM,2.5319,53.9881
Diffusion Model + LLM,3.7316,55.8012
Diffusion Model + LLM,-53.5892,54.8737
Diffusion Model + LLM,-46.2534,64.8677
Diffusion Model + LLM,13.9087,-91.0103
Diffusion Model + LLM,4.8601,-17.5162
Diffusion Model + LLM,-71.3349,9.0848
Diffusion Model + LLM,-43.015,26.6599
Diffusion Model + LLM,0.31,-96.7067
Diffusion Model + LLM,-73.8201,6.071
Diffusion Model + LLM,-22.7345,69.9799
Diffusion Model + LLM,-69.5037,40.9831
Diffusion Model + LLM,-33.8064,88.7438
Diffusion Model + LLM,2.98,8.041
Diffusion Model + LLM,-26.4566,-68.0344
Diffusion Model + LLM,-17.5505,82.3329
Diffusion Model + LLM,-88.2696,25.7064
Diffusion Model + LLM,-25.7067,-72.8104
Diffusion Model + LLM,-21.0238,-29.0912
Diffusion Model + LLM,-9.9275,-77.9071
Diffusion Model + LLM,-61.9599,-33.4563
Diffusion Model + LLM,-8.0873,80.8051
Diffusion Model + LLM,-47.2747,58.263
Diffusion Model + LLM,-1.0071,-47.0711
Diffusion Model + LLM,-55.6619,52.1405
Diffusion Model + LLM,-47.1963,-79.2022
Diffusion Model + LLM,-45.1867,-35.2948
Diffusion Model + LLM,-73.175,20.0598
Diffusion Model + LLM,-76.171,36.461
Diffusion Model + LLM,-26.8293,-4.7345
Diffusion Model + LLM,-44.1262,-30.3011
Diffusion Model + LLM,-71.5268,42.4387
Diffusion Model + LLM,1.6206,10.5818
Diffusion Model + LLM,-45.2691,42.1515
Diffusion Model + LLM,-27.7603,-33.5735
Diffusion Model + LLM,13.1521,51.5956
Diffusion Model + LLM,19.1107,-4.6654
Diffusion Model + LLM,-14.0194,24.9292
Diffusion Model + LLM,1.6129,-79.7054
Diffusion Model + LLM,16.7715,-14.2604
Diffusion Model + LLM,-93.4072,-3.8307
Diffusion Model + LLM,-17.7057,49.1356
Diffusion Model + LLM,-20.5287,-69.9113
Diffusion Model + LLM,-58.5135,50.453
Diffusion Model + LLM,-24.1111,-12.0003
Diffusion Model + LLM,-15.4765,-19.8681
Diffusion Model + LLM,-41.6201,-50.9521
Diffusion Model + LLM,8.8952,-83.7476
Diffusion Model + LLM,-90.5907,19.962
Diffusion Model + LLM,13.8988,-91.836
Diffusion Model + LLM,-30.0483,-23.2466
Diffusion Model + LLM,10.9011,34.7673
Diffusion Model + LLM,-82.0972,17.6129
Diffusion Model + LLM,4.0325,76.2866
Diffusion Model + LLM,-8.445,-56.28
Diffusion Model + LLM,-87.1584,28.2576
Diffusion Model + LLM,-34.3771,54.6679
Diffusion Model + LLM,-37.3728,1.4123
Diffusion Model + LLM,-32.2762,-88.1266
Diffusion Model + LLM,-17.9748,24.0213
Diffusion Model + LLM,7.9556,54.955
Diffusion Model + LLM,-75.0689,40.7998
Diffusion Model + LLM,-13.1907,57.8618
Diffusion Model + LLM,-9.4561,75.2705
Diffusion Model + LLM,2.5683,66.3764
Diffusion Model + LLM,-41.2207,38.7238
Diffusion Model + LLM,-29.6458,1.7873
Diffusion Model + LLM,-25.1447,23.0978
Diffusion Model + LLM,-26.9179,-3.2292
Diffusion Model + LLM,1.4667,6.5577
Diffusion Model + LLM,14.036,34.1794
Diffusion Model + LLM,-26.6212,-63.8122
Diffusion Model + LLM,-64.5269,-1.1178
Diffusion Model + LLM,18.9213,21.9529
Diffusion Model + LLM,-19.6517,34.3729
Diffusion Model + LLM,-84.1604,27.409
Diffusion Model + LLM,6.8299,-74.2113
Diffusion Model + LLM,-49.9792,37.1389
Diffusion Model + LLM,10.4396,1.4728
Diffusion Model + LLM,-37.8237,-60.5897
Diffusion Model + LLM,-31.3848,-77.7664
Diffusion Model + LLM,5.4878,-95.2007
Diffusion Model + LLM,-1.6964,-41.605
Diffusion Model + LLM,1.0433,42.6059
Diffusion Model + LLM,5.6725,-0.5629
Diffusion Model + LLM,-23.7185,-77.3025
Diffusion Model + LLM,-25.5347,-0.2789
Diffusion Model + LLM,-6.268,-10.4095
Diffusion Model + LLM,-8.1755,-9.4923
Diffusion Model + LLM,-65.0374,-34.2256
Diffusion Model + LLM,-55.4847,33.6516
Diffusion Model + LLM,9.8808,16.9464
Diffusion Model + LLM,-33.931,35.0288
Diffusion Model + LLM,-12.891,-64.1862
Diffusion Model + LLM,-42.984,24.8208
Diffusion Model + LLM,-24.3538,62.6841
Diffusion Model + LLM,-14.0397,73.3043
Diffusion Model + LLM,-9.3635,25.7217
Diffusion Model + LLM,-60.7491,-8.4028
Diffusion Model + LLM,-66.0928,43.4963
Diffusion Model + LLM,2.7359,63.8861
Diffusion Model + LLM,6.9771,26.7243
Diffusion Model + LLM,21.7052,-0.9891
Diffusion Model + LLM,7.9866,-58.4401
Diffusion Model + LLM,-1.7035,-43.1387
Diffusion Model + LLM,-21.8591,48.1
Diffusion Model + LLM,-52.5318,0.2247
Diffusion Model + LLM,-36.2477,-13.896
Diffusion Model + LLM,-96.3291,19.7096
Diffusion Model + LLM,-38.499,48.2945
Diffusion Model + LLM,-3.3084,-68.592
Diffusion Model + LLM,2.6669,27.1437
Diffusion Model + LLM,-45.0404,53.7174
Diffusion Model + LLM,-45.1605,27.2047
Diffusion Model + LLM,-52.6872,70.9481
Diffusion Model + LLM,8.9503,48.8828
Diffusion Model + LLM,-48.5101,-7.5789
Diffusion Model + LLM,21.9474,19.8809
Diffusion Model + LLM,-32.0413,52.6884
Diffusion Model + LLM,17.9944,27.063
Diffusion Model + LLM,-32.0819,26.9978
Diffusion Model + LLM,-3.2712,-77.3095
Diffusion Model + LLM,-13.1522,61.241
Diffusion Model + LLM,6.0318,-18.6868
Diffusion Model + LLM,-89.6452,16.7427
Diffusion Model + LLM,8.5646,87.6498
Diffusion Model + LLM,-18.0332,78.928
Diffusion Model + LLM,-13.8079,-63.9152
Diffusion Model + LLM,-52.6038,36.3677
Diffusion Model + LLM,-52.3524,54.3342
Diffusion Model + LLM,5.4877,-61.8995
Diffusion Model + LLM,-0.716,50.105
Diffusion Model + LLM,-2.9607,78.768
Diffusion Model + LLM,-35.9847,-72.2985
Diffusion Model + LLM,-46.5808,-12.2065
Diffusion Model + LLM,-42.7117,-11.0332
Diffusion Model + LLM,18.9888,6.3326
Diffusion Model + LLM,-64.1998,62.9885
Diffusion Model + LLM,-44.8272,-81.5101
Diffusion Model + LLM,-53.5998,79.6985
Diffusion Model + LLM,-48.8999,-21.2575
Diffusion Model + LLM,-60.695,-8.545
Diffusion Model + LLM,0.2394,90.2137
Diffusion Model + LLM,5.4172,89.6518
Diffusion Model + LLM,2.5743,-17.6644
Diffusion Model + LLM,14.3156,3.7831
Diffusion Model + LLM,-89.0406,4.0052
Diffusion Model + LLM,-31.0365,-1.8356
Diffusion Model + LLM,-30.6038,17.0784
Diffusion Model + LLM,6.6676,-94.4995
Diffusion Model + LLM,-24.6999,38.8142
Diffusion Model + LLM,-39.2778,80.3924
Diffusion Model + LLM,-16.7915,0.2875
Diffusion Model + LLM,16.0894,-14.4805
Diffusion Model + LLM,-41.4666,17.26
Diffusion Model + LLM,-8.5983,13.6133
Diffusion Model + LLM,-79.9353,29.1251
Diffusion Model + LLM,-7.6888,15.1671
Diffusion Model + LLM,-29.967,25.2334
Diffusion Model + LLM,-13.6121,53.5277
Diffusion Model + LLM,10.486,-56.8082
Diffusion Model + LLM,-1.4224,-79.3942
Diffusion Model + LLM,-4.4649,-75.0303
Diffusion Model + LLM,-16.087,-19.8407
Diffusion Model + LLM,19.2751,32.8012
Diffusion Model + LLM,-69.3582,-38.7795
Diffusion Model + LLM,-34.1075,73.1561
Diffusion Model + LLM,-15.3262,-72.5245
Diffusion Model + LLM,-74.0047,23.6086
Diffusion Model + LLM,10.2746,-1.5079
Diffusion Model + LLM,1.5664,91.1091
Diffusion Model + LLM,6.7278,-1.6006
Diffusion Model + LLM,-79.7883,57.008
Diffusion Model + LLM,-39.9152,1.3777
Diffusion Model + LLM,20.5361,-83.2261
Diffusion Model + LLM,-49.8327,11.461
Diffusion Model + LLM,-1.3345,4.1707
Diffusion Model + LLM,-26.0655,-6.356
Diffusion Model + LLM,-0.6476,77.2307
Diffusion Model + LLM,0.2457,-0.8931
Diffusion Model + LLM,-52.3556,26.9488
Diffusion Model + LLM,21.0156,18.9195
Diffusion Model + LLM,-14.1705,62.8659
Diffusion Model + LLM,11.2577,-0.0241
Diffusion Model + LLM,1.0042,-0.2181
Diffusion Model + LLM,8.8656,-56.0963
Diffusion Model + LLM,-45.4327,55.1616
Diffusion Model + LLM,-53.7325,20.2821
Diffusion Model + LLM,-39.4553,45.4626
Diffusion Model + LLM,-3.1767,18.0311
Diffusion Model + LLM,-75.6706,-22.5381
Diffusion Model + LLM,-1.2839,-68.0385
Diffusion Model + LLM,14.2344,36.4273
Diffusion Model + LLM,-28.8858,-75.4314
Diffusion Model + LLM,-4.8231,-48.1268
Diffusion Model + LLM,2.0368,42.7256
Diffusion Model + LLM,-0.1038,88.7291
Diffusion Model + LLM,-0.7379,-41.718
Diffusion Model + LLM,2.537,-57.9428
Diffusion Model + LLM,10.363,14.7715
Diffusion Model + LLM,-6.077,47.0834
Diffusion Model + LLM,-40.3224,21.5786
Diffusion Model + LLM,-43.5216,65.3399
Diffusion Model + LLM,-77.3781,-2.6588
Diffusion Model + LLM,-43.6084,17.3083
Diffusion Model + LLM,5.8651,-47.7562
Diffusion Model + LLM,6.9776,9.3636
Diffusion Model + LLM,-33.8895,73.0619
Diffusion Model + LLM,-46.2323,74.3105
Diffusion Model + LLM,1.2678,-50.6851
Diffusion Model + LLM,21.1056,-85.55
Diffusion Model + LLM,18.8985,18.9112
Diffusion Model + LLM,-32.5006,87.4968
Diffusion Model + LLM,2.5975,-6.0309
Diffusion Model + LLM,-32.8145,28.4884
Diffusion Model + LLM,-30.7907,27.0282
Diffusion Model + LLM,5.0554,69.7092
Diffusion Model + LLM,-21.2687,13.4345
Diffusion Model + LLM,-13.9731,73.3773
Diffusion Model + LLM,-66.3471,44.7252
Diffusion Model + LLM,-47.3237,-57.4364
Diffusion Model + LLM,-13.2186,9.9934
Diffusion Model + LLM,-76.7918,-17.6308
Diffusion Model + LLM,21.8413,52.9914
Diffusion Model + LLM,20.4266,55.02
Diffusion Model + LLM,-41.5434,-12.5642
Diffusion Model + LLM,-24.2107,52.6206
Diffusion Model + LLM,-15.1355,-70.342
Diffusion Model + LLM,62.7306,-34.0399
Diffusion Model + LLM,-92.0365,28.9321
Diffusion Model + LLM,-47.0692,-35.3713
Diffusion Model + LLM,-6.543,-84.8644
Diffusion Model + LLM,-41.205,-50.992
Diffusion Model + LLM,-28.5726,2.4947
Diffusion Model + LLM,-94.1399,16.7789
Diffusion Model + LLM,-5.0702,50.3838
Diffusion Model + LLM,-23.3559,66.2252
Diffusion Model + LLM,-90.4902,39.0017
Diffusion Model + LLM,5.9067,43.8243
Diffusion Model + LLM,-40.2158,5.7878
Diffusion Model + LLM,-9.4353,-67.5007
Diffusion Model + LLM,-24.9017,53.4702
Diffusion Model + LLM,-29.1217,22.8725
Diffusion Model + LLM,-3.5564,-96.7057
Diffusion Model + LLM,-45.0431,87.1478
Diffusion Model + LLM,8.2503,-71.989
Diffusion Model + LLM,-12.5197,-2.5951
Diffusion Model + LLM,-12.5964,-47.5368
Diffusion Model + LLM,-82.9796,22.2009
Diffusion Model + LLM,7.1147,69.3186
Diffusion Model + LLM,6.1504,-1.3278
Diffusion Model + LLM,-23.5787,78.5272
Diffusion Model + LLM,-65.6004,40.4713
Diffusion Model + LLM,-27.833,61.8996
Diffusion Model + LLM,0.4075,-6.3871
Diffusion Model + LLM,-32.0349,52.8719
Diffusion Model + LLM,-1.6957,58.9445
Diffusion Model + LLM,-48.4589,71.3449
Diffusion Model + LLM,-2.3154,-8.2145
Diffusion Model + LLM,-33.9096,35.3831
Diffusion Model + LLM,-38.6115,-31.5011
Diffusion Model + LLM,-8.2441,-27.4824
Diffusion Model + LLM,-49.4939,20.2063
Diffusion Model + LLM,-35.8686,-65.9274
Diffusion Model + LLM,10.3062,26.1884
Diffusion Model + LLM,-43.6201,-0.3319
Diffusion Model + LLM,-5.3521,-55.7023
Diffusion Model + LLM,-31.4116,2.6543
Diffusion Model + LLM,-94.022,0.3436
Diffusion Model + LLM,-16.056,-62.9643
Diffusion Model + LLM,-57.7857,-11.562
Diffusion Model + LLM,79.1937,-65.6163
Diffusion Model + LLM,-66.9935,9.0171
Diffusion Model + LLM,-73.1302,-35.9728
Diffusion Model + LLM,-95.2068,25.7973
Diffusion Model + LLM,-47.5812,-78.3808
Diffusion Model + LLM,5.3257,55.327
Diffusion Model + LLM,14.7744,35.3913
Diffusion Model + LLM,-40.3122,-28.679
Diffusion Model + LLM,-49.5828,-75.3505
Diffusion Model + LLM,-14.4789,4.5707
Diffusion Model + LLM,-5.7862,28.8366
Diffusion Model + LLM,-60.6035,77.104
Diffusion Model + LLM,-53.5085,36.3641
Diffusion Model + LLM,-25.6668,-2.933
Diffusion Model + LLM,-49.7996,-3.513
Diffusion Model + LLM,-37.1235,85.4323
Diffusion Model + LLM,9.242,-8.7636
Diffusion Model + LLM,-27.6242,49.1076
Diffusion Model + LLM,-69.4524,-6.3046
Diffusion Model + LLM,-18.2772,64.386
Diffusion Model + LLM,21.955,-86.2761
Diffusion Model + LLM,-43.1277,56.8587
Diffusion Model + LLM,-46.7117,86.1279
Diffusion Model + LLM,2.3695,-45.3059
Diffusion Model + LLM,-48.8817,-56.8594
Diffusion Model + LLM,-16.2675,57.2056
Diffusion Model + LLM,-77.8284,28.5344
Diffusion Model + LLM,-0.3451,9.6446
Diffusion Model + LLM,-30.393,10.7049
Diffusion Model + LLM,-36.2429,80.5315
Diffusion Model + LLM,-40.0752,63.3235
Diffusion Model + LLM,-0.7234,-22.8442
Diffusion Model + LLM,19.605,-81.3459
Diffusion Model + LLM,-5.4503,60.7295
Diffusion Model + LLM,-50.5926,20.7337
Diffusion Model + LLM,-15.3017,-19.1801
Diffusion Model + LLM,-35.0157,11.2045
Diffusion Model + LLM,-6.8939,15.9134
Diffusion Model + LLM,-8.5693,75.2328
Diffusion Model + LLM,-37.2189,-29.2232
Diffusion Model + LLM,-35.3992,14.2634
Diffusion Model + LLM,-19.9518,24.4925
Diffusion Model + LLM,-89.0545,12.9541
Diffusion Model + LLM,7.5966,58.798
Diffusion Model + LLM,4.4901,-5.9682
Diffusion Model + LLM,-34.5253,43.5564
Diffusion Model + LLM,-85.7103,-1.5936
Diffusion Model + LLM,-32.5306,-44.6567
Diffusion Model + LLM,-66.8396,-30.7642
Diffusion Model + LLM,7.6167,-8.0769
Diffusion Model + LLM,-1.2603,-18.9893
Diffusion Model + LLM,-68.8568,15.8158
Diffusion Model + LLM,-31.4845,-20.3828
Diffusion Model + LLM,4.0931,8.879
Diffusion Model + LLM,-51.0987,54.5106
Diffusion Model + LLM,-62.8748,-46.9375
Diffusion Model + LLM,-58.0576,32.6899
Diffusion Model + LLM,-14.6488,-19.6491
Diffusion Model + LLM,-23.556,-29.4181
Diffusion Model + LLM,8.6753,57.0312
Diffusion Model + LLM,-20.0037,-48.5645
Diffusion Model + LLM,8.9861,8.2947
Diffusion Model + LLM,-80.8388,28.4279
Diffusion Model + LLM,11.2538,18.2341
Diffusion Model + LLM,-26.3352,-20.1588
Diffusion Model + LLM,-33.5269,71.793
Diffusion Model + LLM,-10.3965,-2.9049
Diffusion Model + LLM,-4.7361,36.8431
Diffusion Model + LLM,-36.0385,-55.3991
Diffusion Model + LLM,-61.5087,-39.3224
Diffusion Model + LLM,-10.6475,33.4619
Diffusion Model + LLM,-57.5403,5.7642
Diffusion Model + LLM,-10.5557,-73.7986
Diffusion Model + LLM,-30.6128,85.2297
Diffusion Model + LLM,1.0617,-1.8087
Diffusion Model + LLM,-19.6039,-69.2275
Diffusion Model + LLM,7.9922,72.8861
Diffusion Model + LLM,-34.202,67.4251
Diffusion Model + LLM,-57.6872,43.3784
Diffusion Model + LLM,-47.7957,77.0816
Diffusion Model + LLM,-66.7639,3.5345
Diffusion Model + LLM,0.8997,-46.6361
Diffusion Model + LLM,-60.7477,-39.6255
Diffusion Model + LLM,2.3886,-14.1748
Diffusion Model + LLM,-80.5891,21.821
Diffusion Model + LLM,-27.3761,57.0366
Diffusion Model + LLM,10.1491,-54.9865
Diffusion Model + LLM,-69.988,62.9104
Diffusion Model + LLM,4.3396,-48.539
Diffusion Model + LLM,-12.0105,-77.4235
Diffusion Model + LLM,-31.8669,-5.9599
Diffusion Model + LLM,-38.3425,-61.6622
Diffusion Model + LLM,-25.5009,-91.0155
Diffusion Model + LLM,-23.0993,-60.1058
Diffusion Model + LLM,-76.0605,9.5123
Diffusion Model + LLM,-58.9675,-8.5965
Diffusion Model + LLM,-46.4131,-59.8304
Diffusion Model + LLM,-18.6317,-57.4131
Diffusion Model + LLM,-31.0951,-21.6844
Diffusion Model + LLM,-7.3751,54.1167
Diffusion Model + LLM,-4.4627,75.1044
Diffusion Model + LLM,79.2109,-65.6658
Diffusion Model + LLM,-35.8086,4.1022
Diffusion Model + LLM,-16.3808,22.0887
Diffusion Model + LLM,9.668,17.1684
Diffusion Model + LLM,-5.109,-22.2729
Diffusion Model + LLM,-30.9366,55.756
Diffusion Model + LLM,2.2633,40.5472
Diffusion Model + LLM,12.768,7.656
Diffusion Model + LLM,-37.52,85.342
Diffusion Model + LLM,-39.761,-55.2743
Diffusion Model + LLM,-17.1067,-24.4119
Diffusion Model + LLM,-40.1893,-0.7377
Diffusion Model + LLM,6.0889,-74.9189
Diffusion Model + LLM,4.371,-96.9958
Diffusion Model + LLM,-63.2816,-11.5686
Diffusion Model + LLM,15.293,9.9424
Diffusion Model + LLM,16.2837,-97.5526
Diffusion Model + LLM,7.2687,-18.3381
Diffusion Model + LLM,-53.6336,20.0257
Diffusion Model + LLM,-20.3409,30.1562
Diffusion Model + LLM,-38.2874,39.5969
Diffusion Model + LLM,15.0851,-9.7903
Diffusion Model + LLM,12.1013,8.4528
Diffusion Model + LLM,-47.5165,58.2615
Diffusion Model + LLM,-52.2789,-60.0603
Diffusion Model + LLM,5.3816,-50.2483
Diffusion Model + LLM,-33.8857,-53.4278
Diffusion Model + LLM,-0.0317,59.6632
Diffusion Model + LLM,1.0377,91.561
Diffusion Model + LLM,-62.0381,-33.3944
Diffusion Model + LLM,-1.319,-89.4359
Diffusion Model + LLM,-17.0731,10.6541
Diffusion Model + LLM,5.2633,20.4596
Diffusion Model + LLM,-44.3963,-35.838
Diffusion Model + LLM,18.8782,58.6397
Diffusion Model + LLM,-46.7691,65.3305
Diffusion Model + LLM,1.1982,-65.4512
Diffusion Model + LLM,18.1093,-48.262
Diffusion Model + LLM,-87.4526,31.7717
Diffusion Model + LLM,-54.4883,81.2977
Diffusion Model + LLM,-28.6341,31.9951
Diffusion Model + LLM,12.8706,-73.16
Diffusion Model + LLM,-81.47,59.0193
Diffusion Model + LLM,-64.3443,-51.1634
Diffusion Model + LLM,-9.179,61.3637
Diffusion Model + LLM,-82.7718,18.0831
Diffusion Model + LLM,-86.9824,-6.7229
Diffusion Model + LLM,-92.1025,-3.4437
Diffusion Model + LLM,-18.2659,67.4744
Diffusion Model + LLM,14.6684,28.4354
Diffusion Model + LLM,-14.9428,72.9957
Diffusion Model + LLM,-49.4982,-31.1881
Diffusion Model + LLM,-35.6765,89.2074
Diffusion Model + LLM,-14.8468,-70.4402
Diffusion Model + LLM,-34.211,35.3381
Diffusion Model + LLM,-7.6945,-91.9954
Diffusion Model + LLM,-46.9386,65.2179
Diffusion Model + LLM,-37.1957,-60.7424
Diffusion Model + LLM,-24.3412,35.3798
Diffusion Model + LLM,-34.3386,-72.9221
Diffusion Model + LLM,-68.1861,4.4578
Diffusion Model + LLM,15.0866,55.5945
Diffusion Model + LLM,12.2584,47.5059
Diffusion Model + LLM,-32.9069,-11.0126
Diffusion Model + LLM,-29.9228,-80.4927
Diffusion Model + LLM,-29.7672,-59.16
Diffusion Model + LLM,-42.4771,36.6207
Diffusion Model + LLM,-13.8365,73.4845
Diffusion Model + LLM,15.6807,-87.7206
Diffusion Model + LLM,-43.0311,-51.8953
Diffusion Model + LLM,-16.2985,-74.357
Diffusion Model + LLM,-73.2338,16.9064
Diffusion Model + LLM,-70.9108,12.5458
Diffusion Model + LLM,-91.8669,25.0342
Diffusion Model + LLM,-1.4158,-72.8431
Diffusion Model + LLM,-44.6833,-25.8343
Diffusion Model + LLM,3.3576,-29.5578
Diffusion Model + LLM,-8.9657,5.315
Diffusion Model + LLM,-8.9614,74.5073
Diffusion Model + LLM,-6.2465,80.5598
Diffusion Model + LLM,-76.396,23.0269
Diffusion Model + LLM,-53.4715,-9.7132
Diffusion Model + LLM,-12.8529,-14.8509
Diffusion Model + LLM,4.9279,-50.0781
Diffusion Model + LLM,1.1261,-9.5362
Diffusion Model + LLM,-24.0869,-70.0392
Diffusion Model + LLM,-60.119,81.6379
Diffusion Model + LLM,-49.4535,73.2186
Diffusion Model + LLM,-74.9163,23.9351
Diffusion Model + LLM,-13.9696,59.2658
Diffusion Model + LLM,-46.0761,-0.7823
Diffusion Model + LLM,19.3208,38.3509
Diffusion Model + LLM,2.2474,-0.6544
Diffusion Model + LLM,-70.4705,62.9703
Diffusion Model + LLM,-6.1661,-1.9662
Diffusion Model + LLM,-91.0855,17.231
Diffusion Model + LLM,-6.1822,-10.471
Diffusion Model + LLM,-7.5165,-31.731
Diffusion Model + LLM,-60.6827,17.7787
Diffusion Model + LLM,-75.6491,24.1515
Diffusion Model + LLM,-50.2553,-19.8387
Diffusion Model + LLM,-24.4635,-77.8121
Diffusion Model + LLM,-93.5357,28.8324
Diffusion Model + LLM,-53.7107,-64.5243
Diffusion Model + LLM,23.4384,-86.1839
Diffusion Model + LLM,-44.8543,-16.4069
Diffusion Model + LLM,-30.0697,-76.7253
Diffusion Model + LLM,4.8801,59.7546
Diffusion Model + LLM,-74.6945,-16.0675
Diffusion Model + LLM,0.2307,23.7492
Diffusion Model + LLM,-50.7839,-65.9921
Diffusion Model + LLM,-3.3671,-68.595
Diffusion Model + LLM,-28.3672,20.5764
Diffusion Model + LLM,-18.3825,-65.327
Diffusion Model + LLM,-19.0461,27.1537
Diffusion Model + LLM,-6.0839,-10.4262
Diffusion Model + LLM,-5.5729,37.3025
Diffusion Model + LLM,-69.4525,-15.0417
Diffusion Model + LLM,3.1829,53.4566
Diffusion Model + LLM,-92.4644,36.3332
Diffusion Model + LLM,19.1678,58.5135
Diffusion Model + LLM,-11.8968,58.2516
Diffusion Model + LLM,-35.3246,-86.976
Diffusion Model + LLM,-12.5648,25.8003
Diffusion Model + LLM,-32.6886,-44.2426
Diffusion Model + LLM,-27.8681,67.3229
Diffusion Model + LLM,1.0872,56.6253
Diffusion Model + LLM,-11.208,-81.04
Diffusion Model + LLM,-86.2487,36.0099
Diffusion Model + LLM,-41.9212,-63.219
Diffusion Model + LLM,-13.7846,15.1706
Diffusion Model + LLM,-18.712,67.5309
Diffusion Model + LLM,-29.2286,37.3854
Diffusion Model + LLM,9.7946,13.5307
Diffusion Model + LLM,-51.3402,60.3871
Diffusion Model + LLM,8.1622,-77.2719
Diffusion Model + LLM,-53.2395,33.6899
Diffusion Model + LLM,-64.6188,-37.5213
Diffusion Model + LLM,-6.915,-32.834
Diffusion Model + LLM,-36.551,13.7977
Diffusion Model + LLM,-76.596,4.1671
Diffusion Model + LLM,19.0847,-80.8265
Diffusion Model + LLM,-30.8304,75.7122
Diffusion Model + LLM,15.3049,31.5599
Diffusion Model + LLM,-31.3732,28.0007
Diffusion Model + LLM,-66.3407,-37.9071
Diffusion Model + LLM,-57.296,5.8708
Diffusion Model + LLM,8.1099,28.923
Diffusion Model + LLM,1.275,91.4712
Diffusion Model + LLM,-11.1201,70.0405
Diffusion Model + LLM,-0.9812,84.796
Diffusion Model + LLM,-3.418,55.7169
Diffusion Model + LLM,-36.0647,40.9305
Diffusion Model + LLM,-38.1782,2.6477
Diffusion Model + LLM,-9.5882,43.0249
Diffusion Model + LLM,13.4898,-97.9952
Diffusion Model + LLM,-3.1291,35.3554
Diffusion Model + LLM,-8.934,27.1145
Diffusion Model + LLM,-25.5333,-85.5091
Diffusion Model + LLM,-33.7736,-9.8305
Diffusion Model + LLM,9.6736,-59.6909
Diffusion Model + LLM,-60.6694,80.7569
Diffusion Model + LLM,-27.178,75.6474
Diffusion Model + LLM,-21.6024,-10.7533
Diffusion Model + LLM,-4.2342,-71.151
Diffusion Model + LLM,-1.6494,-5.1817
Diffusion Model + LLM,-39.6399,-11.8692
Diffusion Model + LLM,8.3286,75.6338
Diffusion Model + LLM,2.5561,89.4428
Diffusion Model + LLM,16.135,31.9455
Diffusion Model + LLM,-30.9523,-1.7368
Diffusion Model + LLM,-34.1848,-3.8979
Diffusion Model + LLM,-37.1351,30.0906
Diffusion Model + LLM,-10.5255,-62.2686
Diffusion Model + LLM,-25.5897,-60.3707
Diffusion Model + LLM,-23.7017,-40.4621
Diffusion Model + LLM,-41.1881,-58.0292
Diffusion Model + LLM,-0.7897,-41.9563
Diffusion Model + LLM,-55.7949,33.0924
Diffusion Model + LLM,3.3111,-17.7352
Diffusion Model + LLM,-62.558,-39.6722
Diffusion Model + LLM,-57.5245,43.2233
Diffusion Model + LLM,-4.6743,27.2592
Diffusion Model + LLM,12.6919,54.7819
Diffusion Model + LLM,-6.4501,76.655
Diffusion Model + LLM,-60.8886,17.7066
Diffusion Model + LLM,10.4263,-10.365
Diffusion Model + LLM,-60.3115,-31.4305
Diffusion Model + LLM,-63.2264,73.9115
Diffusion Model + LLM,-90.5397,-8.4136
Diffusion Model + LLM,13.6541,29.8939
Diffusion Model + LLM,-37.3367,2.6397
Diffusion Model + LLM,-52.8802,-7.2599
Diffusion Model + LLM,-0.9782,-41.8099
Diffusion Model + LLM,-13.1262,-26.0163
Diffusion Model + LLM,-46.7393,-74.19
Diffusion Model + LLM,-49.4343,-77.3083
Diffusion Model + LLM,-7.1635,-85.2431
Diffusion Model + LLM,-9.4976,35.9614
Diffusion Model + LLM,-27.1932,44.036
Diffusion Model + LLM,-5.6579,-66.0981
Diffusion Model + LLM,-41.6907,-30.0723
Diffusion Model + LLM,7.5901,-58.9499
Diffusion Model + LLM,-50.179,26.5514
Diffusion Model + LLM,-53.6051,34.389
Diffusion Model + LLM,2.8848,-3.3057
Diffusion Model + LLM,6.931,-58.1235
Diffusion Model + LLM,-39.7242,-11.4554
Diffusion Model + LLM,-74.8302,-13.4366
Diffusion Model + LLM,-16.1269,-47.1602
Diffusion Model + LLM,-29.7633,21.5081
Diffusion Model + LLM,17.2308,20.3728
Diffusion Model + LLM,-40.3361,2.302
Diffusion Model + LLM,-46.1247,-28.0569
Diffusion Model + LLM,12.8873,29.8116
Diffusion Model + LLM,-80.9854,20.1833
Diffusion Model + LLM,2.7199,66.1473
Diffusion Model + LLM,-41.8216,10.9366
Diffusion Model + LLM,-55.6465,-3.11
Diffusion Model + LLM,18.4153,59.1802
Diffusion Model + LLM,-53.0318,-66.2537
Diffusion Model + LLM,-31.2943,59.1183
Diffusion Model + LLM,5.3712,-16.378
Diffusion Model + LLM,8.4859,2.6782
Diffusion Model + LLM,-55.6553,-68.7084
Diffusion Model + LLM,-49.5116,20.2988
Diffusion Model + LLM,-33.9595,-60.1232
Diffusion Model + LLM,-29.0017,22.1744
Diffusion Model + LLM,-73.2647,1.9063
Diffusion Model + LLM,-40.415,-0.7046
Diffusion Model + LLM,-66.5027,18.5166
Diffusion Model + LLM,20.2749,-85.9692
Diffusion Model + LLM,5.3984,-62.2478
Diffusion Model + LLM,-34.9508,-68.5488
Diffusion Model + LLM,-14.8821,-0.5073
Diffusion Model + LLM,-64.9987,-13.2463
Diffusion Model + LLM,-40.5572,31.3291
Diffusion Model + LLM,-40.6453,-30.67
Diffusion Model + LLM,-92.8656,23.7719
Diffusion Model + LLM,12.5587,55.4748
Diffusion Model + LLM,-58.3226,23.6146
Diffusion Model + LLM,-5.8683,76.1902
Diffusion Model + LLM,-33.8316,-23.0296
Diffusion Model + LLM,-24.1142,86.3587
Diffusion Model + LLM,-37.7702,-85.4667
Diffusion Model + LLM,-6.7927,-5.0438
Diffusion Model + LLM,17.5745,53.7797
Diffusion Model + LLM,8.1743,4.637
Diffusion Model + LLM,-24.6656,54.6487
Diffusion Model + LLM,0.1761,-8.6898
Diffusion Model + LLM,-37.3008,-0.2575
Diffusion Model + LLM,5.33,-61.7342
Diffusion Model + LLM,-49.8117,-3.8887
Diffusion Model + LLM,-42.3839,79.7086
Diffusion Model + LLM,-34.3408,13.6113
Diffusion Model + LLM,-31.4983,-63.2061
Diffusion Model + LLM,-25.1056,-93.1978
Diffusion Model + LLM,11.2615,25.4007
Diffusion Model + LLM,-41.078,-31.1082
Diffusion Model + LLM,20.6172,17.1004
Diffusion Model + LLM,-37.3897,1.9764
Diffusion Model + LLM,15.5787,-89.1379
Diffusion Model + LLM,-48.1064,9.6172
Diffusion Model + LLM,-21.0922,36.0514
Diffusion Model + LLM,7.8739,-19.1011
Diffusion Model + LLM,-6.2156,-62.0709
Diffusion Model + LLM,-65.1271,11.7759
Diffusion Model + LLM,-7.1285,0.3711
Diffusion Model + LLM,-36.8773,87.5677
Diffusion Model + LLM,33.3177,-49.4391
Diffusion Model + LLM,-44.4221,-60.1565
Diffusion Model + LLM,-1.1841,-88.9335
Diffusion Model + LLM,-14.3012,11.7667
Diffusion Model + LLM,-66.8657,-45.3979
Diffusion Model + LLM,-15.0913,-77.812
Diffusion Model + LLM,-27.4204,-45.2292
Diffusion Model + LLM,-27.8517,65.1838
Diffusion Model + LLM,1.0724,-71.7025
Diffusion Model + LLM,-0.3851,-42.5171
Diffusion Model + LLM,-13.4693,7.9683
Diffusion Model + LLM,-8.5823,13.6688
Diffusion Model + LLM,-18.8799,-67.0656
Diffusion Model + LLM,-10.2993,8.7961
Diffusion Model + LLM,-52.1902,78.8688
Diffusion Model + LLM,-9.0194,-0.9573
Diffusion Model + LLM,-63.2094,-7.0015
Diffusion Model + LLM,-35.4521,89.1077
Diffusion Model + LLM,-92.0969,38.6686
Diffusion Model + LLM,9.5263,24.9183
Diffusion Model + LLM,-29.7208,-76.4968
Diffusion Model + LLM,-89.681,29.7447
Diffusion Model + LLM,17.6667,14.3583
Diffusion Model + LLM,-93.2006,-4.7385
Diffusion Model + LLM,-28.9456,64.4382
Diffusion Model + LLM,-66.3084,55.4964
Diffusion Model + LLM,1.8398,36.64
Diffusion Model + LLM,20.5423,14.9968
Diffusion Model + LLM,-45.0282,-53.6464
Diffusion Model + LLM,3.5909,-58.3556
Diffusion Model + LLM,-10.8378,69.3228
Diffusion Model + LLM,-17.1995,0.5655
Diffusion Model + LLM,10.6771,0.4768
Diffusion Model + LLM,-13.9393,-0.8712
Diffusion Model + LLM,8.3721,-5.0939
Diffusion Model + LLM,5.0379,-1.0997
Diffusion Model + LLM,11.0573,2.1048
Diffusion Model + LLM,-41.7344,21.1437
Diffusion Model + LLM,-16.5569,-21.7008
Diffusion Model + LLM,-3.2277,-78.2338
Diffusion Model + LLM,-55.5092,-8.6404
Diffusion Model + LLM,-28.4891,-24.1809
Diffusion Model + LLM,-76.0708,-14.4111
Diffusion Model + LLM,-8.545,27.5146
Diffusion Model + LLM,-24.0592,-20.0974
Diffusion Model + LLM,-30.4962,31.1262
Diffusion Model + LLM,-19.2916,-64.7082
Diffusion Model + LLM,-0.3093,-50.7769
Diffusion Model + LLM,-36.4772,-60.7963
Diffusion Model + LLM,-42.8222,-28.3649
Diffusion Model + LLM,-37.2962,11.5747
Diffusion Model + LLM,-8.3436,65.8138
Diffusion Model + LLM,14.9294,36.0998
Diffusion Model + LLM,-0.3879,-31.6459
Diffusion Model + LLM,-86.8851,-4.1952
Diffusion Model + LLM,-2.186,-43.3166
Diffusion Model + LLM,-34.7833,86.1099
Diffusion Model + LLM,-89.6969,36.2621
Diffusion Model + LLM,-49.5019,13.4122
Diffusion Model + LLM,-72.7839,-6.1554
Diffusion Model + LLM,-42.5937,3.1466
Diffusion Model + LLM,-82.221,23.4419
Diffusion Model + LLM,-31.8225,-8.3089
Diffusion Model + LLM,-1.341,-89.7439
Diffusion Model + LLM,-41.2477,-16.1304
Diffusion Model + LLM,-33.4514,-46.7603
Diffusion Model + LLM,9.0388,-28.7658
Diffusion Model + LLM,2.3845,-65.9385
Diffusion Model + LLM,-47.9675,-57.6176
Diffusion Model + LLM,17.0666,-81.0746
Diffusion Model + LLM,-32.2898,76.5675
Diffusion Model + LLM,-45.4347,86.6785
Diffusion Model + LLM,-63.6909,23.0056
Diffusion Model + LLM,13.7671,55.186
Diffusion Model + LLM,-6.5938,-27.3619
Diffusion Model + LLM,-26.737,43.8289
Diffusion Model + LLM,-0.9275,-50.4986
Diffusion Model + LLM,-25.1129,0.4616
Diffusion Model + LLM,-12.4689,40.4178
Diffusion Model + LLM,15.5185,32.6513
Diffusion Model + LLM,-71.336,9.3774
Diffusion Model + LLM,-30.2256,33.1653
Diffusion Model + LLM,-55.6243,-68.7913
Diffusion Model + LLM,-10.1557,61.5449
Diffusion Model + LLM,4.8766,41.7576
Diffusion Model + LLM,13.987,26.2064
Diffusion Model + LLM,-36.9067,-14.1667
Diffusion Model + LLM,-3.4569,1.2483
Diffusion Model + LLM,-55.8928,52.3678
Diffusion Model + LLM,6.1261,1.5036
Diffusion Model + LLM,-56.1869,9.5989
Diffusion Model + LLM,-37.9171,65.2981
Diffusion Model + LLM,-24.8857,38.2063
Diffusion Model + LLM,-27.4103,25.7452
Diffusion Model + LLM,-52.4795,33.2999
Diffusion Model + LLM,-73.3131,13.7788
Diffusion Model + LLM,-33.454,46.9252
Diffusion Model + LLM,-19.9023,12.6279
Diffusion Model + LLM,4.4715,20.4213
Diffusion Model + LLM,7.4239,-57.1119
Diffusion Model + LLM,-74.6546,25.2311
Diffusion Model + LLM,1.1544,-93.0444
Diffusion Model + LLM,-36.372,-73.7292
Diffusion Model + LLM,-16.9704,-60.1997
Diffusion Model + LLM,-17.1671,-75.5794
Diffusion Model + LLM,-5.9663,9.9183
Diffusion Model + LLM,-22.1272,12.2832
Diffusion Model + LLM,-42.1683,-9.7459
Diffusion Model + LLM,-5.2493,31.3209
Diffusion Model + LLM,-7.5978,-84.1858
Diffusion Model + LLM,-35.6742,18.5917
Diffusion Model + LLM,-87.31,-7.2783
Diffusion Model + LLM,-33.2108,-46.9556
Diffusion Model + LLM,-18.708,-9.0451
Diffusion Model + LLM,-43.6521,72.9459
Diffusion Model + LLM,-18.9047,45.1071
Diffusion Model + LLM,-82.6441,40.4797
Diffusion Model + LLM,17.9193,22.9066
Diffusion Model + LLM,-12.1898,83.4898
Diffusion Model + LLM,-6.6356,13.102
Diffusion Model + LLM,-72.2149,40.6653
Diffusion Model + LLM,-0.2023,9.2992
Diffusion Model + LLM,-60.6533,-30.1963
Diffusion Model + LLM,-10.6822,-28.6137
Diffusion Model + LLM,-32.546,-6.5967
Diffusion Model + LLM,10.2223,25.8324
Diffusion Model + LLM,6.9088,-49.4107
Diffusion Model + LLM,-53.5523,43.1912
Diffusion Model + LLM,8.7748,29.4819
Diffusion Model + LLM,-29.7378,-72.9258
Diffusion Model + LLM,-24.201,-3.5591
Diffusion Model + LLM,2.7373,66.7188
Diffusion Model + LLM,-42.173,-10.6459
Diffusion Model + LLM,-51.9942,-63.8679
Diffusion Model + LLM,-24.7134,23.0362
Diffusion Model + LLM,-81.9963,59.0013
Diffusion Model + LLM,-39.9543,-31.8418
Diffusion Model + LLM,-13.393,-64.6239
Diffusion Model + LLM,-10.7428,75.4797
Diffusion Model + LLM,-57.513,1.1889
Diffusion Model + LLM,-69.2283,-42.595
Diffusion Model + LLM,11.815,-63.3039
Diffusion Model + LLM,-48.9956,-19.3157
Diffusion Model + LLM,-50.6715,36.0785
Diffusion Model + LLM,-42.976,-35.7982
Diffusion Model + LLM,-87.538,35.7684
Diffusion Model + LLM,3.872,65.2721
Diffusion Model + LLM,14.8443,2.1089
Diffusion Model + LLM,-25.3551,-21.5108
Diffusion Model + LLM,-20.4322,20.4301
Diffusion Model + LLM,-7.7727,43.024
Diffusion Model + LLM,-34.8706,-7.1702
Diffusion Model + LLM,-12.0541,-74.2755
Diffusion Model + LLM,-36.8621,68.0226
Diffusion Model + LLM,-77.7886,28.8209
Diffusion Model + LLM,-94.7251,24.5447
Diffusion Model + LLM,-29.393,-83.9024
Diffusion Model + LLM,2.2417,-82.9628
Diffusion Model + LLM,-45.0154,-74.6212
Diffusion Model + LLM,5.4822,-48.0812
Diffusion Model + LLM,11.4046,65.183
Diffusion Model + LLM,12.1208,-68.5876
Diffusion Model + LLM,-24.0351,-69.9172
Diffusion Model + LLM,-60.5241,-29.4185
Diffusion Model + LLM,-57.2891,-72.2632
Diffusion Model + LLM,18.4105,8.474
Diffusion Model + LLM,-55.3641,43.0322
Diffusion Model + LLM,9.2181,-72.8853
Diffusion Model + LLM,-41.535,82.5793
Diffusion Model + LLM,-11.2102,29.7231
Diffusion Model + LLM,-39.091,-52.8122
Diffusion Model + LLM,4.4825,81.3314
Diffusion Model + LLM,-49.9149,40.918
Diffusion Model + LLM,-51.6909,-15.2958
Diffusion Model + LLM,22.4056,38.4248
Diffusion Model + LLM,9.6447,-77.8692
Diffusion Model + LLM,6.5592,-47.1549
Diffusion Model + LLM,17.8878,-2.1671
Diffusion Model + LLM,-37.4283,-10.6819
Diffusion Model + LLM,-12.8898,57.4895
Diffusion Model + LLM,-11.3126,20.4735
Diffusion Model + LLM,9.9484,49.6824
Diffusion Model + LLM,-68.2532,24.5802
Diffusion Model + LLM,-87.5498,-0.7758
Diffusion Model + LLM,-46.8635,-37.5142
Diffusion Model + LLM,-11.0846,30.6515
Diffusion Model + LLM,19.6876,24.5058
Diffusion Model + LLM,-73.4271,16.0979
Diffusion Model + LLM,-0.1843,9.6637
Diffusion Model + LLM,-28.6103,76.4085
Diffusion Model + LLM,-85.8138,13.2793
Diffusion Model + LLM,-31.4799,-65.3494
Diffusion Model + LLM,-41.4131,2.133
Diffusion Model + LLM,-26.3711,-9.3493
Diffusion Model + LLM,-85.7628,8.6577
Diffusion Model + LLM,-25.4561,-1.0878
Diffusion Model + LLM,-32.2561,-16.5148
Diffusion Model + LLM,-8.2755,14.238
Diffusion Model + LLM,-3.0887,-71.7559
Diffusion Model + LLM,-82.453,58.8767
Diffusion Model + LLM,-60.5803,-7.8571
Diffusion Model + LLM,-32.2967,76.4317
Diffusion Model + LLM,-61.9938,29.4318
Diffusion Model + LLM,-69.8576,39.8853
Diffusion Model + LLM,-40.9921,-51.267
Diffusion Model + LLM,-34.115,15.0958
Diffusion Model + LLM,-31.758,72.5779
Diffusion Model + LLM,-14.62,61.6313
Diffusion Model + LLM,2.386,-15.9888
Diffusion Model + LLM,-65.7068,-3.1599
Diffusion Model + LLM,-3.2329,-1.3231
Diffusion Model + LLM,19.7908,30.8058
Diffusion Model + LLM,-50.6333,60.2161
Diffusion Model + LLM,-38.3167,-18.1522
Diffusion Model + LLM,-54.2425,41.8101
Diffusion Model + LLM,-86.0198,5.9274
Diffusion Model + LLM,-65.8879,13.5264
Diffusion Model + LLM,-47.1952,-35.0631
Diffusion Model + LLM,1.5181,4.9001
Diffusion Model + LLM,-20.6369,-60.2075
Diffusion Model + LLM,-0.4581,-8.7637
Diffusion Model + LLM,-36.1344,2.0028
Diffusion Model + LLM,-43.9466,-61.2182
Diffusion Model + LLM,-91.0918,38.9513
Diffusion Model + LLM,-61.8498,6.2566
Diffusion Model + LLM,2.6619,-70.2877
Diffusion Model + LLM,-89.0746,36.6904
Diffusion Model + LLM,-70.0436,11.5973
Diffusion Model + LLM,3.4507,-89.8157
Diffusion Model + LLM,17.904,59.7408
Diffusion Model + LLM,-57.0975,81.8658
Diffusion Model + LLM,-75.165,28.6838
Diffusion Model + LLM,11.9501,-95.8636
Diffusion Model + LLM,-2.1589,-43.6869
Diffusion Model + LLM,7.5156,-94.7564
Diffusion Model + LLM,2.502,26.6943
Diffusion Model + LLM,-52.4753,40.6777
Diffusion Model + LLM,-8.2532,-62.6784
Diffusion Model + LLM,-85.441,-0.496
Diffusion Model + LLM,13.5886,33.0457
Diffusion Model + LLM,2.2085,9.5418
Diffusion Model + LLM,-24.0144,-49.5582
Diffusion Model + LLM,13.4082,-0.4317
Diffusion Model + LLM,-9.1591,76.6017
Diffusion Model + LLM,-37.8869,-64.5317
Diffusion Model + LLM,-11.9957,16.4569
Diffusion Model + LLM,-22.5876,-81.6085
Diffusion Model + LLM,-68.8796,14.4781
Diffusion Model + LLM,-74.0833,21.7375
Diffusion Model + LLM,-40.5841,-16.0086
Diffusion Model + LLM,-97.1152,19.3264
Diffusion Model + LLM,-30.8293,-62.8672
Diffusion Model + LLM,5.463,-61.7572
Diffusion Model + LLM,-24.8252,87.5918
Diffusion Model + LLM,1.5767,-43.7878
Diffusion Model + LLM,8.2879,48.9776
Diffusion Model + LLM,16.3001,-3.4116
Diffusion Model + LLM,18.3383,39.4297
Diffusion Model + LLM,-56.9152,44.3165
Diffusion Model + LLM,-63.5499,59.0118
Diffusion Model + LLM,19.0088,-82.0633
Diffusion Model + LLM,11.388,-27.9047
Diffusion Model + LLM,-96.8779,21.488
Diffusion Model + LLM,-49.2469,64.5804
Diffusion Model + LLM,4.6743,23.3207
Diffusion Model + LLM,19.9238,-83.3425
Diffusion Model + LLM,-4.4754,62.363
Diffusion Model + LLM,-23.0034,74.3339
Diffusion Model + LLM,-43.1866,61.3431
Diffusion Model + LLM,16.7473,8.2655
Diffusion Model + LLM,-2.7685,36.6736
Diffusion Model + LLM,-59.4064,-10.6351
Diffusion Model + LLM,-57.5483,-9.8265
Diffusion Model + LLM,-29.7147,-43.8148
Diffusion Model + LLM,-52.9358,46.8649
Diffusion Model + LLM,0.616,-45.9963
Diffusion Model + LLM,-70.5591,33.6449
Diffusion Model + LLM,-21.1046,-22.2527
Diffusion Model + LLM,4.7021,19.6165
Diffusion Model + LLM,-67.9561,4.1923
Diffusion Model + LLM,-25.6978,88.6361
Diffusion Model + LLM,2.4677,-21.5006
Diffusion Model + LLM,-30.3262,-23.2409
Diffusion Model + LLM,-61.2899,27.6082
Diffusion Model + LLM,-16.2198,1.7267
Diffusion Model + LLM,9.5302,-92.9968
Diffusion Model + LLM,-33.1177,-19.1769
Diffusion Model + LLM,3.9406,36.29
Diffusion Model + LLM,-25.2711,62.1026
Diffusion Model + LLM,-4.463,-89.6484
Diffusion Model + LLM,10.7374,-69.4584
Diffusion Model + LLM,-35.3599,-9.9766
Diffusion Model + LLM,19.0697,35.8764
Diffusion Model + LLM,-66.5569,-29.5144
Diffusion Model + LLM,-8.8237,39.7424
Diffusion Model + LLM,-59.2721,22.5449
Diffusion Model + LLM,-48.1167,41.8155
Diffusion Model + LLM,-77.0569,8.6015
Diffusion Model + LLM,-19.669,8.6804
Diffusion Model + LLM,-32.4548,87.0219
Diffusion Model + LLM,-59.0768,6.902
Diffusion Model + LLM,-31.3632,2.7524
Diffusion Model + LLM,-95.8105,19.353
Diffusion Model + LLM,16.4487,28.3039
Diffusion Model + LLM,13.8944,-21.4303
Diffusion Model + LLM,-0.2077,2.7868
Diffusion Model + LLM,-26.3527,42.8771
Diffusion Model + LLM,-12.3275,29.7773
Diffusion Model + LLM,-49.3733,41.7684
Diffusion Model + LLM,17.8438,-88.9383
Diffusion Model + LLM,7.9445,75.3791
Diffusion Model + LLM,-2.2648,-74.2045
Diffusion Model + LLM,-74.7305,30.4477
Diffusion Model + LLM,9.1496,2.0883
Diffusion Model + LLM,-95.1236,26.6113
Diffusion Model + LLM,-38.3377,14.1178
Diffusion Model + LLM,-30.7808,-1.0175
Diffusion Model + LLM,-26.5914,43.4636
Diffusion Model + LLM,-55.5078,62.7999
Diffusion Model + LLM,-45.7943,11.894
Diffusion Model + LLM,-65.1691,62.4674
Diffusion Model + LLM,-16.0243,-61.7516
Diffusion Model + LLM,-26.0409,-89.035
Diffusion Model + LLM,13.4737,-72.5791
Diffusion Model + LLM,-41.8862,25.422
Diffusion Model + LLM,-18.1993,-44.2427
Diffusion Model + LLM,-48.1946,48.1347
Diffusion Model + LLM,-57.7272,24.0941
Diffusion Model + LLM,-0.8868,-43.7426
Diffusion Model + LLM,-66.948,5.2684
Diffusion Model + LLM,-34.0675,86.8664
Diffusion Model + LLM,-58.6187,20.9446
Diffusion Model + LLM,-45.6229,-30.9214
Diffusion Model + LLM,-5.9077,-92.7151
Diffusion Model + LLM,3.132,-78.6263
Diffusion Model + LLM,-2.8765,-41.7393
Diffusion Model + LLM,-83.5461,-2.0145
Diffusion Model + LLM,-15.8447,23.7035
Diffusion Model + LLM,-34.7634,56.5139
Diffusion Model + LLM,-43.3627,37.2308
Diffusion Model + LLM,-43.9501,45.2682
Diffusion Model + LLM,-6.6074,-92.4223
Diffusion Model + LLM,-13.5086,39.93
Diffusion Model + LLM,-10.6603,-2.161
Diffusion Model + LLM,-96.9155,19.9624
Diffusion Model + LLM,2.1311,25.1407
Diffusion Model + LLM,-20.4431,25.3439
Diffusion Model + LLM,-78.9429,-17.3254
Diffusion Model + LLM,-61.2237,-39.007
Diffusion Model + LLM,-16.8415,45.5576
Diffusion Model + LLM,-57.3794,24.3273
Diffusion Model + LLM,-19.9967,-43.2651
Diffusion Model + LLM,-84.351,56.6461
Diffusion Model + LLM,-11.7147,-27.8705
Diffusion Model + LLM,-65.7917,-5.6954
Diffusion Model + LLM,-31.4006,53.5509
Diffusion Model + LLM,-51.0932,-11.1704
Diffusion Model + LLM,-48.4962,-6.0768
Diffusion Model + LLM,-64.1341,51.6491
Diffusion Model + LLM,-4.6872,-24.1246
Diffusion Model + LLM,-19.4862,-44.7833
Diffusion Model + LLM,-41.7418,-31.5308
Diffusion Model + LLM,-21.6089,-61.5211
Diffusion Model + LLM,-0.7657,-8.002
Diffusion Model + LLM,-37.0362,77.0296
Diffusion Model + LLM,-25.4215,22.8845
Diffusion Model + LLM,-15.1527,10.6662
Diffusion Model + LLM,-82.1481,30.5946
Diffusion Model + LLM,-61.9895,-46.8556
Diffusion Model + LLM,-46.548,-12.2192
Diffusion Model + LLM,-9.4197,80.3426
Diffusion Model + LLM,8.2482,77.1972
Diffusion Model + LLM,-20.339,-54.0921
Diffusion Model + LLM,1.9398,-51.138
Diffusion Model + LLM,-22.1138,87.5003
Diffusion Model + LLM,5.5244,47.2457
Diffusion Model + LLM,-16.3717,17.0905
Diffusion Model + LLM,-8.3702,74.6695
Diffusion Model + LLM,6.3139,66.2242
Diffusion Model + LLM,-89.2314,4.8527
Diffusion Model + LLM,-36.8249,-78.3995
Diffusion Model + LLM,-92.3427,-0.3209
Diffusion Model + LLM,4.6926,88.22
Diffusion Model + LLM,-2.4057,30.1994
Diffusion Model + LLM,-58.5943,-6.6846
Diffusion Model + LLM,-50.0287,42.7374
Diffusion Model + LLM,12.2689,3.4619
Diffusion Model + LLM,-62.684,-38.3771
Diffusion Model + LLM,13.3828,34.1508
Diffusion Model + LLM,-24.1806,-12.2159
Diffusion Model + LLM,-33.7599,-10.6589
Diffusion Model + LLM,-3.13,-54.9188
Diffusion Model + LLM,3.0549,-2.6735
Diffusion Model + LLM,-21.3445,46.3069
Diffusion Model + LLM,-19.439,-57.3866
Diffusion Model + LLM,11.1924,2.3052
Diffusion Model + LLM,-74.5976,41.242
Diffusion Model + LLM,9.1543,-76.8036
Diffusion Model + LLM,-34.0739,-5.7563
Diffusion Model + LLM,-38.065,88.4206
Diffusion Model + LLM,-7.1686,-56.0725
Diffusion Model + LLM,-14.3021,8.356
Diffusion Model + LLM,-42.7871,45.556
Diffusion Model + LLM,8.34,26.6951
Diffusion Model + LLM,-53.9992,14.9187
Diffusion Model + LLM,-12.5103,60.0704
Diffusion Model + LLM,0.9827,79.2546
Diffusion Model + LLM,-2.5137,-27.9736
Diffusion Model + LLM,-74.9207,-19.7203
Diffusion Model + LLM,-82.9409,31.6862
Diffusion Model + LLM,-43.6629,15.8823
Diffusion Model + LLM,-4.4335,-28.0826
Diffusion Model + LLM,-31.0121,-70.3244
Diffusion Model + LLM,3.585,43.9995
Diffusion Model + LLM,-42.0517,85.6386
Diffusion Model + LLM,-60.9656,56.4406
Diffusion Model + LLM,3.0902,-78.8977
Diffusion Model + LLM,4.348,-43.7489
Diffusion Model + LLM,-36.3254,-2.8621
Diffusion Model + LLM,-73.423,43.3089
Diffusion Model + LLM,-11.417,-41.4378
Diffusion Model + LLM,-82.3999,56.0939
Diffusion Model + LLM,-1.1761,42.9056
Diffusion Model + LLM,-1.6072,-30.2345
Diffusion Model + LLM,-83.0239,39.8983
Diffusion Model + LLM,-2.5894,42.7619
Diffusion Model + LLM,8.874,48.9204
Diffusion Model + LLM,-61.3221,74.0616
Diffusion Model + LLM,-10.0854,10.3824
Diffusion Model + LLM,-0.968,32.8474
Diffusion Model + LLM,-4.5303,-43.9445
Diffusion Model + LLM,-40.6953,-17.6357
Diffusion Model + LLM,-22.7529,88.5937
Diffusion Model + LLM,15.4878,45.2443
Diffusion Model + LLM,-19.5916,-11.3437
Diffusion Model + LLM,-86.8366,17.4167
Diffusion Model + LLM,0.5295,61.7199
Diffusion Model + LLM,-15.9917,-53.9835
Diffusion Model + LLM,-25.1028,-8.5401
Diffusion Model + LLM,-19.4009,-55.0184
Diffusion Model + LLM,6.9917,-47.9234
Diffusion Model + LLM,-7.5481,61.7475
Diffusion Model + LLM,-48.7884,-1.6033
Diffusion Model + LLM,-14.7878,81.732
Diffusion Model + LLM,-75.3116,1.7297
Diffusion Model + LLM,4.977,-14.7418
Diffusion Model + LLM,-40.7366,-71.5791
Diffusion Model + LLM,-48.9882,13.1875
Diffusion Model + LLM,-79.2755,28.3858
Diffusion Model + LLM,11.5688,24.9857
Diffusion Model + LLM,-72.3694,-37.7169
Diffusion Model + LLM,9.1599,86.9406
Diffusion Model + LLM,15.729,46.7196
Diffusion Model + LLM,-50.6891,64.9846
Diffusion Model + LLM,-26.1664,63.3342
Diffusion Model + LLM,-40.9076,84.1865
Diffusion Model + LLM,-47.4095,-27.83
Diffusion Model + LLM,-21.4525,13.56
Diffusion Model + LLM,-8.838,-62.6885
Diffusion Model + LLM,5.821,26.4498
Diffusion Model + LLM,-36.7384,72.7015
Diffusion Model + LLM,-6.9673,51.8553
Diffusion Model + LLM,-37.1624,-61.531
Diffusion Model + LLM,-24.8317,-2.5964
Diffusion Model + LLM,-91.4315,29.7316
Diffusion Model + LLM,17.8934,15.3675
Diffusion Model + LLM,-15.2172,-70.9343
Diffusion Model + LLM,-51.6212,-0.3956
Diffusion Model + LLM,-43.0072,-64.8835
Diffusion Model + LLM,-63.893,45.4698
Diffusion Model + LLM,-39.2916,43.9685
Diffusion Model + LLM,-28.9076,32.2221
Diffusion Model + LLM,-75.6391,-0.9789
Diffusion Model + LLM,-38.1974,-8.3247
Diffusion Model + LLM,-9.9327,-92.7868
Diffusion Model + LLM,-3.5201,-1.6148
Diffusion Model + LLM,-30.9391,10.8861
Diffusion Model + LLM,-47.6221,10.2607
Diffusion Model + LLM,7.7423,53.0532
Diffusion Model + LLM,-11.607,4.2663
Diffusion Model + LLM,7.8143,4.2072
Diffusion Model + LLM,-5.4445,84.2452
Diffusion Model + LLM,10.3383,-70.4601
Diffusion Model + LLM,-43.735,44.918
Diffusion Model + LLM,-48.4747,-55.3876
Diffusion Model + LLM,6.1112,-76.977
Diffusion Model + LLM,5.5894,33.6257
Diffusion Model + LLM,-57.4485,5.3476
Diffusion Model + LLM,3.8622,44.6922
Diffusion Model + LLM,-30.4843,36.075
Diffusion Model + LLM,-10.0858,-63.8135
Diffusion Model + LLM,-81.9327,-4.7818
Diffusion Model + LLM,-65.0975,35.0373
Diffusion Model + LLM,-9.4711,52.7615
Diffusion Model + LLM,9.6056,-67.5445
Diffusion Model + LLM,-0.0505,88.5645
Diffusion Model + LLM,17.5825,48.4575
Diffusion Model + LLM,-75.2583,19.9623
Diffusion Model + LLM,9.6958,-67.756
Diffusion Model + LLM,-51.8105,73.2495
Diffusion Model + LLM,1.1315,-46.1453
Diffusion Model + LLM,-6.6123,78.0125
Diffusion Model + LLM,20.233,56.142
Diffusion Model + LLM,-65.0804,-39.7714
Diffusion Model + LLM,-35.4558,-53.2019
Diffusion Model + LLM,-21.5809,-41.9254
Diffusion Model + LLM,-51.9266,6.6006
Diffusion Model + LLM,-66.8164,9.6508
Diffusion Model + LLM,-15.9539,-5.7546
Diffusion Model + LLM,-28.1777,-2.6312
Diffusion Model + LLM,15.2244,-90.657
Diffusion Model + LLM,8.7233,10.0383
Diffusion Model + LLM,0.632,-88.3105
Diffusion Model + LLM,13.4924,56.3934
Diffusion Model + LLM,-19.5955,26.8109
Diffusion Model + LLM,-85.5873,-2.5415
Diffusion Model + LLM,17.8312,-2.6661
Diffusion Model + LLM,-50.8769,67.2878
Diffusion Model + LLM,-67.5201,66.1229
Diffusion Model + LLM,-30.933,-56.38
Diffusion Model + LLM,-18.1504,-56.9176
Diffusion Model + LLM,-24.9597,-92.6486
Diffusion Model + LLM,-8.6469,-3.0709
Diffusion Model + LLM,-37.2085,-17.8964
Diffusion Model + LLM,-64.812,-11.1271
Diffusion Model + LLM,-52.6409,72.9738
Diffusion Model + LLM,-26.0895,-46.1719
Diffusion Model + LLM,14.2257,37.5685
Diffusion Model + LLM,-49.1694,11.4058
Diffusion Model + LLM,-11.8387,51.9795
Diffusion Model + LLM,-81.3211,10.3284
Diffusion Model + LLM,-44.7114,8.5654
Diffusion Model + LLM,-10.5722,-29.8728
Diffusion Model + LLM,-65.9696,-45.4419
Diffusion Model + LLM,-20.9477,13.1675
Diffusion Model + LLM,-69.8717,11.6377
Diffusion Model + LLM,15.1385,31.6455
Diffusion Model + LLM,-28.5197,-60.3954
Diffusion Model + LLM,-43.5191,74.9237
Diffusion Model + LLM,-91.0127,28.7799
Diffusion Model + LLM,6.816,-56.322
Diffusion Model + LLM,-2.5734,-61.2677
Diffusion Model + LLM,6.2672,28.7564
Diffusion Model + LLM,-46.0371,65.4381
Diffusion Model + LLM,-63.5307,-17.3774
Diffusion Model + LLM,-11.0242,27.3643
Diffusion Model + LLM,-48.5249,-72.8009
Diffusion Model + LLM,-8.5676,-28.3915
Diffusion Model + LLM,-26.8911,-64.0523
Diffusion Model + LLM,-18.8731,-57.726
Diffusion Model + LLM,5.3842,-16.529
Diffusion Model + LLM,17.8309,31.6435
Diffusion Model + LLM,-8.5654,-68.3983
Diffusion Model + LLM,-18.3812,-64.7844
Diffusion Model + LLM,-2.4233,-90.0641
Diffusion Model + LLM,-73.5518,-17.8587
Diffusion Model + LLM,11.0968,43.1993
Diffusion Model + LLM,1.1654,54.3385
Diffusion Model + LLM,-24.8977,17.3716
Diffusion Model + LLM,-41.32,-27.1286
Diffusion Model + LLM,-40.722,81.7891
Diffusion Model + LLM,6.3437,-56.987
Diffusion Model + LLM,-1.0045,5.2257
Diffusion Model + LLM,-38.6999,38.5035
Diffusion Model + LLM,-24.3677,15.4521
Diffusion Model + LLM,13.037,26.706
Diffusion Model + LLM,2.1346,68.4744
Diffusion Model + LLM,-3.8384,-2.0355
Diffusion Model + LLM,-38.0119,-18.396
Diffusion Model + LLM,-31.2669,-65.0574
Diffusion Model + LLM,-12.9152,-55.9013
Diffusion Model + LLM,-48.2604,23.5754
Diffusion Model + LLM,-53.0519,71.6848
Diffusion Model + LLM,1.7622,28.4803
Diffusion Model + LLM,-28.6129,78.0911
Diffusion Model + LLM,-80.8996,15.9016
Diffusion Model + LLM,2.5452,68.3283
Diffusion Model + LLM,2.6278,-2.9496
Diffusion Model + LLM,8.4497,-74.1188
Diffusion Model + LLM,-61.0219,30.2482
Diffusion Model + LLM,-31.4755,26.2968
Diffusion Model + LLM,-68.7404,13.0461
Diffusion Model + LLM,7.9928,77.1388
Diffusion Model + LLM,-81.3095,4.8356
Diffusion Model + LLM,-52.9462,67.9188
Diffusion Model + LLM,-23.3071,35.9897
Diffusion Model + LLM,-62.1043,32.1
Diffusion Model + LLM,-21.6224,40.4687
Diffusion Model + LLM,-3.7326,76.6582
Diffusion Model + LLM,16.0682,34.6068
Diffusion Model + LLM,-33.8746,-53.328
Diffusion Model + LLM,-24.1672,22.9279
Diffusion Model + LLM,-32.3367,-56.976
Diffusion Model + LLM,18.5907,-82.2525
Diffusion Model + LLM,-65.6784,37.8569
Diffusion Model + LLM,-27.6533,89.3743
Diffusion Model + LLM,-2.4011,-77.2287
Diffusion Model + LLM,-33.1464,-48.0627
Diffusion Model + LLM,-11.4707,15.2516
Diffusion Model + LLM,-24.727,74.6589
Diffusion Model + LLM,-93.0907,-4.6134
Diffusion Model + LLM,-10.4194,74.4328
Diffusion Model + LLM,-28.9985,26.373
Diffusion Model + LLM,24.1343,-85.849
Diffusion Model + LLM,12.932,65.0907
Diffusion Model + LLM,2.9541,19.3177
Diffusion Model + LLM,-90.8601,35.5712
Diffusion Model + LLM,8.2642,63.0193
Diffusion Model + LLM,-6.3116,-1.1022
Diffusion Model + LLM,-39.552,37.4199
Diffusion Model + LLM,-39.775,-12.2936
Diffusion Model + LLM,-64.1864,13.5859
Diffusion Model + LLM,-45.946,-57.3536
Diffusion Model + LLM,-46.9062,-13.1565
Diffusion Model + LLM,-38.1674,-8.0241
Diffusion Model + LLM,-37.3809,-29.6259
Diffusion Model + LLM,-88.0085,-1.4893
Diffusion Model + LLM,-25.8333,46.3196
Diffusion Model + LLM,-2.9626,56.0193
Diffusion Model + LLM,-39.5507,-11.7601
Diffusion Model + LLM,-0.551,60.0274
Diffusion Model + LLM,-1.7739,58.9781
Diffusion Model + LLM,-35.1713,-87.4392
Diffusion Model + LLM,-54.6025,37.1595
Diffusion Model + LLM,3.1967,19.2087
Diffusion Model + LLM,23.073,-85.3923
Diffusion Model + LLM,-3.2847,-78.1874
Diffusion Model + LLM,-5.1263,-20.215
Diffusion Model + LLM,0.4135,5.7205
Diffusion Model + LLM,-4.8807,-16.6164
Diffusion Model + LLM,-24.5943,-11.1869
Diffusion Model + LLM,-16.9565,43.2716
Diffusion Model + LLM,-18.0249,35.9703
Diffusion Model + LLM,10.0563,58.5806
Diffusion Model + LLM,-8.8717,75.5636
Diffusion Model + LLM,-39.7052,-0.8078
Diffusion Model + LLM,-63.7368,-17.7561
Diffusion Model + LLM,-71.3555,59.9179
Diffusion Model + LLM,-66.219,-37.2699
Diffusion Model + LLM,-15.6675,58.4427
Diffusion Model + LLM,-37.4152,-31.6957
Diffusion Model + LLM,-21.2814,-29.3113
Diffusion Model + LLM,-18.0583,27.8064
Diffusion Model + LLM,-49.8106,33.382
Diffusion Model + LLM,-15.279,-77.6496
Diffusion Model + LLM,-39.1566,-80.1555
Diffusion Model + LLM,7.1001,-58.0566
Diffusion Model + LLM,-15.2311,-70.9191
Diffusion Model + LLM,-48.1598,20.5103
Diffusion Model + LLM,-84.3872,6.9009
Diffusion Model + LLM,-75.687,-21.6863
Diffusion Model + LLM,-14.5438,4.367
Diffusion Model + LLM,-83.5898,18.2776
Diffusion Model + LLM,-37.9207,83.3806
Diffusion Model + LLM,-58.9531,10.0926
Diffusion Model + LLM,-90.3948,7.0399
Diffusion Model + LLM,4.1929,-5.9371
Diffusion Model + LLM,-19.4249,30.2186
Diffusion Model + LLM,-12.9948,61.4531
Diffusion Model + LLM,20.0667,15.6641
Diffusion Model + LLM,8.1637,-57.8527
Diffusion Model + LLM,-34.6309,-8.9742
Diffusion Model + LLM,3.4492,37.1739
Diffusion Model + LLM,-12.5169,-19.1232
Diffusion Model + LLM,-84.771,1.7893
Diffusion Model + LLM,-35.0611,-86.2554
Diffusion Model + LLM,6.2415,85.8054
Diffusion Model + LLM,-5.912,24.1149
Diffusion Model + LLM,-38.4894,8.0907
Diffusion Model + LLM,-2.1735,77.1719
Diffusion Model + LLM,11.1968,-71.1919
Diffusion Model + LLM,-49.8143,-65.6963
Diffusion Model + LLM,-51.8957,-57.4098
Diffusion Model + LLM,-2.1421,-16.0395
Diffusion Model + LLM,-77.641,7.9881
Diffusion Model + LLM,-68.1082,-13.1946
Diffusion Model + LLM,-11.1004,76.759
Diffusion Model + LLM,-71.5668,-17.5641
Diffusion Model + LLM,-40.8832,85.7582
Diffusion Model + LLM,-43.3725,3.4714
Diffusion Model + LLM,-61.152,-35.1088
Diffusion Model + LLM,-6.724,7.9418
Diffusion Model + LLM,-29.0637,-7.2607
Diffusion Model + LLM,-30.2106,-91.4838
Diffusion Model + LLM,0.3654,55.2109
Diffusion Model + LLM,-21.5684,21.6676
Diffusion Model + LLM,-26.3873,-6.1962
Diffusion Model + LLM,-9.2302,10.3978
Diffusion Model + LLM,-81.0532,22.0191
Diffusion Model + LLM,19.0432,-4.7121
Diffusion Model + LLM,-34.5853,87.1144
Diffusion Model + LLM,11.2014,-94.3185
Diffusion Model + LLM,-46.9901,-22.912
Diffusion Model + LLM,-12.504,-80.1326
Diffusion Model + LLM,-63.3051,-47.5476
Diffusion Model + LLM,-87.325,-2.7111
Diffusion Model + LLM,2.2651,-4.04
Diffusion Model + LLM,-52.7484,80.3994
Diffusion Model + LLM,-75.673,22.9205
Diffusion Model + LLM,-31.5985,-63.8142
Diffusion Model + LLM,20.2953,35.765
Diffusion Model + LLM,-46.1583,-4.1249
Diffusion Model + LLM,-71.0176,2.9523
Diffusion Model + LLM,-27.9383,-45.172
Diffusion Model + LLM,-43.3753,72.8533
Diffusion Model + LLM,9.9185,34.8927
Diffusion Model + LLM,-22.1228,-29.9285
Diffusion Model + LLM,20.6499,32.6761
Diffusion Model + LLM,-44.5166,74.1329
Diffusion Model + LLM,-37.6589,77.2929
Diffusion Model + LLM,-8.5546,28.1774
Diffusion Model + LLM,-68.7157,-34.1753
Diffusion Model + LLM,-10.9731,-81.3548
Diffusion Model + LLM,4.6389,-93.4045
Diffusion Model + LLM,-37.7851,-83.9159
Diffusion Model + LLM,7.3912,-91.8594
Diffusion Model + LLM,-39.0493,-14.6848
Diffusion Model + LLM,-44.1113,-75.2665
Diffusion Model + LLM,-29.5603,-12.9855
Diffusion Model + LLM,-33.5844,57.6862
Diffusion Model + LLM,-29.1224,-49.017
Diffusion Model + LLM,-19.0292,27.0944
Diffusion Model + LLM,-22.7522,46.018
Diffusion Model + LLM,-44.712,27.6224
Diffusion Model + LLM,3.6129,-23.7892
Diffusion Model + LLM,5.5438,-61.033
Diffusion Model + LLM,-55.0685,78.2631
Diffusion Model + LLM,-8.1204,-61.9308
Diffusion Model + LLM,-66.8684,-41.6914
Diffusion Model + LLM,-62.9242,-49.3013
Diffusion Model + LLM,-26.0709,-19.6979
Diffusion Model + LLM,-77.2354,19.0531
Diffusion Model + LLM,-32.2585,64.366
Diffusion Model + LLM,17.5116,43.3492
Diffusion Model + LLM,-71.9478,60.7975
Diffusion Model + LLM,-3.7582,-49.423
Diffusion Model + LLM,19.0481,-79.3633
Diffusion Model + LLM,-51.5572,60.0519
Diffusion Model + LLM,-57.5682,82.3578
Diffusion Model + LLM,-35.3087,-75.6367
Diffusion Model + LLM,-75.2904,38.8994
Diffusion Model + LLM,9.0355,-27.3808
Diffusion Model + LLM,-84.4134,17.8538
Diffusion Model + LLM,-87.3511,-1.8719
Diffusion Model + LLM,-23.0301,-13.0737
Diffusion Model + LLM,-14.497,4.332
Diffusion Model + LLM,-59.1465,10.9723
Diffusion Model + LLM,-38.8828,-66.4871
Diffusion Model + LLM,-52.5605,4.9672
Diffusion Model + LLM,-53.6064,70.8666
Diffusion Model + LLM,-33.274,-52.6759
Diffusion Model + LLM,-55.0411,15.498
Diffusion Model + LLM,17.2053,16.4495
Diffusion Model + LLM,-3.2963,55.8202
Diffusion Model + LLM,-66.98,36.4797
Diffusion Model + LLM,-9.5562,-59.4767
Diffusion Model + LLM,-57.7896,-11.93
Diffusion Model + LLM,-16.155,-73.5511
Diffusion Model + LLM,-1.319,-47.5814
Diffusion Model + LLM,-30.3152,-9.333
Diffusion Model + LLM,-5.0461,63.0281
Diffusion Model + LLM,-25.7768,-1.2143
Diffusion Model + LLM,-16.5887,57.7588
Diffusion Model + LLM,-88.546,-1.8966
Diffusion Model + LLM,-29.9781,31.3283
Diffusion Model + LLM,-1.0656,49.7584
Diffusion Model + LLM,-38.0622,-8.028
Diffusion Model + LLM,-11.7114,-28.5198
Diffusion Model + LLM,16.6454,34.4776
Diffusion Model + LLM,-14.2814,12.3605
Diffusion Model + LLM,-17.8547,-91.1125
Diffusion Model + LLM,1.2604,-65.5652
Diffusion Model + LLM,-51.8566,6.6413
Diffusion Model + LLM,1.3167,75.4304
Diffusion Model + LLM,2.7084,-78.4739
Diffusion Model + LLM,-63.9276,71.2563
Diffusion Model + LLM,-1.4374,86.1041
Diffusion Model + LLM,-20.4595,-60.1985
Diffusion Model + LLM,-31.3405,-0.1208
Diffusion Model + LLM,-39.0594,45.1467
Diffusion Model + LLM,-24.3734,23.0046
Diffusion Model + LLM,-24.1945,15.7767
Diffusion Model + LLM,-15.9297,-48.5525
Diffusion Model + LLM,-33.3478,-23.5268
Diffusion Model + LLM,-32.7404,-50.1609
Diffusion Model + LLM,-77.6862,-24.1133
Diffusion Model + LLM,17.9995,59.7921
Diffusion Model + LLM,-87.2998,34.9596
Diffusion Model + LLM,13.5492,-72.2339
Diffusion Model + LLM,-62.9221,-5.3849
Diffusion Model + LLM,-14.8301,33.5095
Diffusion Model + LLM,-24.0382,26.7942
Diffusion Model + LLM,-43.9843,-30.3687
Diffusion Model + LLM,13.1988,0.3505
Diffusion Model + LLM,-43.3735,80.6018
Diffusion Model + LLM,3.1699,43.2199
Diffusion Model + LLM,-15.3485,-58.6382
Diffusion Model + LLM,2.6858,21.5171
Diffusion Model + LLM,-7.9659,-54.8527
Diffusion Model + LLM,-19.9884,-66.0184
Diffusion Model + LLM,-58.6516,16.936
Diffusion Model + LLM,5.8037,-7.7428
Diffusion Model + LLM,15.9889,-3.1631
Diffusion Model + LLM,-23.0679,-46.085
Diffusion Model + LLM,-51.2252,-18.221
Diffusion Model + LLM,3.1507,-46.8249
Diffusion Model + LLM,-50.7398,64.9151
Diffusion Model + LLM,-18.4611,-46.9011
Diffusion Model + LLM,-16.2769,-19.2033
Diffusion Model + LLM,-17.9871,-22.9543
Diffusion Model + LLM,-6.4405,-84.7007
Diffusion Model + LLM,-11.5533,-58.4901
Diffusion Model + LLM,-60.4488,-62.7998
Diffusion Model + LLM,-60.4606,74.18
Diffusion Model + LLM,-17.0876,-70.8159
Diffusion Model + LLM,-1.4049,9.3575
Diffusion Model + LLM,0.312,62.1289
Diffusion Model + LLM,-22.9061,-43.2696
Diffusion Model + LLM,-34.952,-54.2915
Diffusion Model + LLM,-66.6008,64.219
Diffusion Model + LLM,-26.0862,43.9709
Diffusion Model + LLM,18.3083,1.9337
Diffusion Model + LLM,-61.3601,32.6218
Diffusion Model + LLM,-34.8242,72.6955
Diffusion Model + LLM,-10.7317,88.4063
Diffusion Model + LLM,-36.4688,16.2086
Diffusion Model + LLM,0.2207,-78.3441
Diffusion Model + LLM,-35.8261,1.4347
Diffusion Model + LLM,6.354,66.7084
Diffusion Model + LLM,-95.5302,-4.4496
Diffusion Model + LLM,-38.8693,-17.6428
Diffusion Model + LLM,-55.4006,-69.566
Diffusion Model + LLM,-77.0496,-0.4159
Diffusion Model + LLM,13.2505,56.8692
Diffusion Model + LLM,7.0029,44.2994
Diffusion Model + LLM,-46.5066,-12.3461
Diffusion Model + LLM,-55.199,44.441
Diffusion Model + LLM,-11.7493,53.9409
Diffusion Model + LLM,-40.5505,-55.4032
Diffusion Model + LLM,-69.8317,11.647
Diffusion Model + LLM,-8.3108,-55.5012
Diffusion Model + LLM,-18.9022,-57.6789
Diffusion Model + LLM,-30.3772,33.1702
Diffusion Model + LLM,9.4617,7.1858
Diffusion Model + LLM,-32.2052,-58.368
Diffusion Model + LLM,-36.6634,-78.1761
Diffusion Model + LLM,17.3596,38.0604
Diffusion Model + LLM,-72.082,0.7831
Diffusion Model + LLM,-69.8848,-8.2172
Diffusion Model + LLM,-43.9312,86.4386
Diffusion Model + LLM,-79.9741,3.6086
Diffusion Model + LLM,-7.071,28.2497
Diffusion Model + LLM,-4.3891,-65.2704
Diffusion Model + LLM,-11.0537,29.221
Diffusion Model + LLM,13.5586,2.9445
Diffusion Model + LLM,-6.417,-21.8925
Diffusion Model + LLM,-24.7527,35.1089
Diffusion Model + LLM,-17.9967,-74.864
Diffusion Model + LLM,-21.1733,-54.0803
Diffusion Model + LLM,-41.3612,37.0626
Diffusion Model + LLM,-58.2785,42.71
Diffusion Model + LLM,-34.7315,85.6997
Diffusion Model + LLM,-64.736,7.9464
Diffusion Model + LLM,-15.5741,59.3714
Diffusion Model + LLM,-9.2729,59.3568
Diffusion Model + LLM,-91.0953,17.2479
Diffusion Model + LLM,-38.9474,74.5032
Diffusion Model + LLM,-68.226,-15.274
Diffusion Model + LLM,14.5699,16.288
Diffusion Model + LLM,-25.5448,-1.1593
Diffusion Model + LLM,-31.5298,55.7733
Diffusion Model + LLM,-75.4364,23.5442
Diffusion Model + LLM,-2.1031,-88.1312
Diffusion Model + LLM,-77.0987,-19.9264
Diffusion Model + LLM,-79.7092,56.9316
Diffusion Model + LLM,-46.7875,35.0678
Diffusion Model + LLM,-33.5096,-25.625
Diffusion Model + LLM,-18.3666,5.0606
Diffusion Model + LLM,-3.2173,-41.8169
Diffusion Model + LLM,-49.6724,8.4575
Diffusion Model + LLM,24.1699,-82.7832
Diffusion Model + LLM,-22.454,-70.8663
Diffusion Model + LLM,-26.3262,-8.4877
Diffusion Model + LLM,-68.8717,2.0664
Diffusion Model + LLM,-13.273,-50.0978
Diffusion Model + LLM,-13.0483,87.1367
Diffusion Model + LLM,-28.9451,-90.939
Diffusion Model + LLM,-45.9186,-75.4541
Diffusion Model + LLM,-95.797,0.0069
Diffusion Model + LLM,-23.9946,51.8478
Diffusion Model + LLM,-34.3422,-85.1715
Diffusion Model + LLM,6.4929,-1.0528
Diffusion Model + LLM,-25.1743,53.3444
Diffusion Model + LLM,-13.2185,50.8435
Diffusion Model + LLM,-11.4511,-84.3904
Diffusion Model + LLM,-76.2456,41.0635
Diffusion Model + LLM,-0.1906,79.1886
Diffusion Model + LLM,-15.5791,87.4441
Diffusion Model + LLM,-31.5539,-8.4617
Diffusion Model + LLM,-87.8522,25.7412
Diffusion Model + LLM,-66.4663,52.2537
Diffusion Model + LLM,-74.6083,21.5097
Diffusion Model + LLM,4.8674,-74.2527
Diffusion Model + LLM,-17.4473,35.8643
Diffusion Model + LLM,-2.0046,77.2649
Diffusion Model + LLM,-68.7284,41.7245
Diffusion Model + LLM,-18.2699,79.1339
Diffusion Model + LLM,-1.4787,50.5154
Diffusion Model + LLM,-69.1731,-42.8414
Diffusion Model + LLM,-14.7549,46.2367
Diffusion Model + LLM,15.3685,36.4859
Diffusion Model + LLM,-8.9404,-77.1643
Diffusion Model + LLM,-7.3428,3.4
Diffusion Model + LLM,-60.1689,82.552
Diffusion Model + LLM,-41.9257,-65.1407
Diffusion Model + LLM,-38.9593,42.4853
Diffusion Model + LLM,-9.9112,-8.4579
Diffusion Model + LLM,6.1829,-50.0757
Diffusion Model + LLM,-22.8355,14.6882
Diffusion Model + LLM,-38.581,47.1004
Diffusion Model + LLM,7.6573,-57.9765
Diffusion Model + LLM,-56.208,12.5435
Diffusion Model + LLM,-44.8877,60.1225
Diffusion Model + LLM,-57.2486,17.6539
Diffusion Model + LLM,-5.5146,-61.158
Diffusion Model + LLM,7.9345,28.5543
Diffusion Model + LLM,-49.3497,-60.4031
Diffusion Model + LLM,-0.5333,-72.7637
Diffusion Model + LLM,33.7237,-23.6993
Diffusion Model + LLM,-10.2818,-54.7831
Diffusion Model + LLM,-5.0507,62.9735
Diffusion Model + LLM,-37.6242,-10.597
Diffusion Model + LLM,-31.1104,80.786
Diffusion Model + LLM,-78.4696,33.5835
Diffusion Model + LLM,-66.6859,44.4014
Diffusion Model + LLM,-42.7154,2.9272
Diffusion Model + LLM,-2.8771,-60.4307
Diffusion Model + LLM,-91.5045,22.0008
Diffusion Model + LLM,-17.2625,57.9552
Diffusion Model + LLM,-58.0326,73.3756
Diffusion Model + LLM,21.9687,53.2465
Diffusion Model + LLM,-53.6079,73.8756
Diffusion Model + LLM,-8.5939,52.322
Diffusion Model + LLM,-71.2619,19.1604
Diffusion Model + LLM,-20.3777,-92.3863
Diffusion Model + LLM,-77.4404,22.8602
Diffusion Model + LLM,-54.0259,74.3226
Diffusion Model + LLM,-60.833,74.7363
Diffusion Model + LLM,13.7502,-99.049
Diffusion Model + LLM,-27.9816,0.9805
Diffusion Model + LLM,10.3411,25.88
Diffusion Model + LLM,-88.8772,4.1084
Diffusion Model + LLM,-30.7081,-21.4859
Diffusion Model + LLM,-18.7972,-10.3446
Diffusion Model + LLM,-35.5334,-24.642
Diffusion Model + LLM,1.4231,-79.8047
Diffusion Model + LLM,-68.7872,-16.3556
Diffusion Model + LLM,-1.1509,76.64
Diffusion Model + LLM,-40.4963,-0.4187
Diffusion Model + LLM,-20.553,-58.143
Diffusion Model + LLM,-11.9754,51.9895
Diffusion Model + LLM,-12.2352,15.5732
Diffusion Model + LLM,-59.7687,11.6126
Diffusion Model + LLM,-89.7619,35.2449
Diffusion Model + LLM,-15.7,23.4554
Diffusion Model + LLM,-63.0091,17.4783
Diffusion Model + LLM,-34.8744,13.5704
Diffusion Model + LLM,1.0019,44.2561
Diffusion Model + LLM,-37.3198,-59.6616
Diffusion Model + LLM,-28.4686,78.9749
Diffusion Model + LLM,-42.8526,-30.0759
Diffusion Model + LLM,-28.9805,-46.4278
Diffusion Model + LLM,12.3025,45.9874
Diffusion Model + LLM,-26.8468,-45.7882
Diffusion Model + LLM,-26.3114,-70.6028
Diffusion Model + LLM,6.5401,-8.5365
Diffusion Model + LLM,-49.714,11.3651
Diffusion Model + LLM,-22.1738,67.1036
Diffusion Model + LLM,-21.0622,36.4901
Diffusion Model + LLM,-56.3245,44.3185
Diffusion Model + LLM,-21.5,21.7669
Diffusion Model + LLM,19.392,16.4729
Diffusion Model + LLM,1.9948,45.0605
Diffusion Model + LLM,-62.4422,19.8106
Diffusion Model + LLM,-60.5716,76.6107
Diffusion Model + LLM,-60.8234,-6.7689
Diffusion Model + LLM,-23.5579,37.5647
Diffusion Model + LLM,17.8024,49.9916
Diffusion Model + LLM,-74.6211,5.8515
Diffusion Model + LLM,4.8296,-26.3508
Diffusion Model + LLM,2.8025,-57.8069
Diffusion Model + LLM,-9.869,-2.5417
Diffusion Model + LLM,-91.2129,9.5752
Diffusion Model + LLM,-60.2283,10.5616
Diffusion Model + LLM,-20.1507,-92.2802
Diffusion Model + LLM,-87.1468,24.6171
Diffusion Model + LLM,6.1027,49.11
Diffusion Model + LLM,-6.2991,-25.3589
Diffusion Model + LLM,-4.1325,6.0748
Diffusion Model + LLM,-28.6404,74.1387
Diffusion Model + LLM,-7.0256,-29.9252
Diffusion Model + LLM,-81.4161,3.7384
Diffusion Model + LLM,-50.3931,-60.698
Diffusion Model + LLM,18.1117,-82.7048
Diffusion Model + LLM,-23.1485,-53.7776
Diffusion Model + LLM,-26.0372,28.4394
Diffusion Model + LLM,21.1189,-82.379
Diffusion Model + LLM,-30.3225,-76.4114
Diffusion Model + LLM,15.985,-99.7965
Diffusion Model + LLM,-1.8754,27.3807
Diffusion Model + LLM,-91.9944,26.5883
Diffusion Model + LLM,-6.1327,37.3986
Diffusion Model + LLM,-12.3195,15.7569
Diffusion Model + LLM,10.3931,44.8762
Diffusion Model + LLM,-20.9233,22.4251
Diffusion Model + LLM,-11.9022,38.121
Diffusion Model + LLM,-5.5224,29.0754
Diffusion Model + LLM,-32.6814,-5.5996
Diffusion Model + LLM,-48.7838,-11.1846
Diffusion Model + LLM,-18.0955,79.114
Diffusion Model + LLM,-65.96,57.5374
Diffusion Model + LLM,-19.3888,31.7666
Diffusion Model + LLM,3.7749,44.6643
Diffusion Model + LLM,-40.0728,42.7684
Diffusion Model + LLM,-0.9721,-67.9473
Diffusion Model + LLM,-35.1672,-68.4223
Diffusion Model + LLM,9.9012,22.0365
Diffusion Model + LLM,-20.4208,49.1612
Diffusion Model + LLM,0.5045,-78.5208
Diffusion Model + LLM,-41.6002,39.1254
Diffusion Model + LLM,-2.0208,-46.9712
Diffusion Model + LLM,-4.2545,-43.5063
Diffusion Model + LLM,-32.7095,-82.8423
Diffusion Model + LLM,-20.2895,87.1776
Diffusion Model + LLM,-20.5155,-44.5385
Diffusion Model + LLM,-59.5935,17.5973
Diffusion Model + LLM,-20.8013,-48.2465
Diffusion Model + LLM,-7.357,-92.6614
Diffusion Model + LLM,-23.7725,-29.193
Diffusion Model + LLM,-23.4589,-57.9381
Diffusion Model + LLM,-68.0141,-35.9837
Diffusion Model + LLM,-1.1854,51.9015
Diffusion Model + LLM,-8.786,-65.5856
Diffusion Model + LLM,-74.8302,10.3675
Diffusion Model + LLM,-83.4177,56.7731
Diffusion Model + LLM,-51.2327,5.1428
Diffusion Model + LLM,-6.6575,-45.5424
Diffusion Model + LLM,-30.9359,-56.3948
Diffusion Model + LLM,9.2542,-72.6029
Diffusion Model + LLM,-84.4665,-8.638
Diffusion Model + LLM,-8.1235,4.7349
Diffusion Model + LLM,-9.1809,53.3592
Diffusion Model + LLM,-55.1618,42.1097
Diffusion Model + LLM,-44.2731,-14.0544
Diffusion Model + LLM,-74.4157,40.8956
Diffusion Model + LLM,-24.8495,26.6084
Diffusion Model + LLM,-45.4034,11.3709
Diffusion Model + LLM,-62.025,18.0555
Diffusion Model + LLM,-38.1345,85.0649
Diffusion Model + LLM,-18.7159,9.5274
Diffusion Model + LLM,13.8532,-90.2061
Diffusion Model + LLM,28.0471,-54.3714
Diffusion Model + LLM,-41.2931,-2.8922
Diffusion Model + LLM,-27.2611,2.6078
Diffusion Model + LLM,-69.5794,4.338
Diffusion Model + LLM,-44.7734,86.8229
Diffusion Model + LLM,-20.431,17.7707
Diffusion Model + LLM,-67.293,71.6626
Diffusion Model + LLM,-77.489,-2.5561
Diffusion Model + LLM,19.1795,-98.636
Diffusion Model + LLM,-67.675,-44.497
Diffusion Model + LLM,4.8067,76.8284
Diffusion Model + LLM,-59.1224,-37.1136
Diffusion Model + LLM,-91.2821,35.5339
Diffusion Model + LLM,2.8473,91.0467
Diffusion Model + LLM,2.6976,30.6154
Diffusion Model + LLM,-4.5395,-76.532
Diffusion Model + LLM,-13.3835,-48.0306
Diffusion Model + LLM,-35.0947,21.8731
Diffusion Model + LLM,-17.4449,-19.9311
Diffusion Model + LLM,-58.8549,5.9157
Diffusion Model + LLM,-35.2719,-17.8201
Diffusion Model + LLM,11.2184,-91.9912
Diffusion Model + LLM,13.2416,32.9181
Diffusion Model + LLM,-62.6818,76.4037
Diffusion Model + LLM,11.3956,83.6939
Diffusion Model + LLM,-37.9509,50.2235
Diffusion Model + LLM,-2.4933,27.8896
Diffusion Model + LLM,-75.7639,-21.6828
Diffusion Model + LLM,-48.8308,23.485
Diffusion Model + LLM,-46.7703,-37.676
Diffusion Model + LLM,-4.5707,-0.9349
Diffusion Model + LLM,-11.202,21.9536
Diffusion Model + LLM,-44.0281,56.4426
Diffusion Model + LLM,-33.1145,74.8095
Diffusion Model + LLM,16.1265,7.6064
Diffusion Model + LLM,-11.2406,-84.1896
Diffusion Model + LLM,-77.8205,-14.0639
Diffusion Model + LLM,-39.9721,57.8896
Diffusion Model + LLM,-9.6348,-59.8342
Diffusion Model + LLM,-93.2937,18.4283
Diffusion Model + LLM,-34.7496,-65.4103
Diffusion Model + LLM,-8.3786,-2.5232
Diffusion Model + LLM,-20.8232,-46.513
Diffusion Model + LLM,-94.363,2.4451
Diffusion Model + LLM,-34.9175,2.1281
Diffusion Model + LLM,-16.9307,51.3382
Diffusion Model + LLM,-21.6882,-52.2386
Diffusion Model + LLM,-19.8267,-52.9939
Diffusion Model + LLM,-50.7871,21.6611
Diffusion Model + LLM,-66.3765,-29.8174
Diffusion Model + LLM,-56.2833,14.1803
Diffusion Model + LLM,-18.5018,-91.3901
Diffusion Model + LLM,-52.9267,15.7374
Diffusion Model + LLM,-18.6245,81.4638
Diffusion Model + LLM,-49.9151,-0.2889
Diffusion Model + LLM,-0.4378,59.952
Diffusion Model + LLM,14.1741,25.8806
Diffusion Model + LLM,-37.9414,87.7773
Diffusion Model + LLM,-0.98,-31.3867
Diffusion Model + LLM,-63.9229,25.9465
Diffusion Model + LLM,1.8847,66.6539
Diffusion Model + LLM,-34.0198,-64.236
Diffusion Model + LLM,-41.701,84.849
Diffusion Model + LLM,-31.8546,-46.2696
Diffusion Model + LLM,-5.6896,37.3224
Diffusion Model + LLM,-45.5874,26.2792
Diffusion Model + LLM,13.9194,-21.5412
Diffusion Model + LLM,-55.576,40.8227
Diffusion Model + LLM,-22.7945,45.0724
Diffusion Model + LLM,-68.9381,3.9193
Diffusion Model + LLM,-36.0035,54.3171
Diffusion Model + LLM,-31.6123,-43.562
Diffusion Model + LLM,-10.6609,-56.1819
Diffusion Model + LLM,-91.728,23.9058
Diffusion Model + LLM,-6.2306,36.7985
Diffusion Model + LLM,-14.6922,-24.9957
Diffusion Model + LLM,-37.669,21.3432
Diffusion Model + LLM,-34.6067,-10.1836
Diffusion Model + LLM,-14.8881,-51.1172
Diffusion Model + LLM,-78.6526,8.7287
Diffusion Model + LLM,-11.8489,68.1736
Diffusion Model + LLM,-57.3108,43.3927
Diffusion Model + LLM,7.8243,86.3828
Diffusion Model + LLM,-76.6273,30.0765
Diffusion Model + LLM,-34.4845,-6.796
Diffusion Model + LLM,-0.1886,52.4183
Diffusion Model + LLM,-28.1256,-45.0529
Diffusion Model + LLM,5.28,-76.4425
Diffusion Model + LLM,15.6859,43.6928
Diffusion Model + LLM,-6.1254,65.1283
Diffusion Model + LLM,-35.7152,-7.8007
Diffusion Model + LLM,0.1806,59.9259
Diffusion Model + LLM,-24.9159,11.8771
Diffusion Model + LLM,-48.2632,8.2831
Diffusion Model + LLM,-42.9634,-9.9752
Diffusion Model + LLM,-28.0708,-43.0883
Diffusion Model + LLM,-42.9819,58.6952
Diffusion Model + LLM,-17.3616,14.4084
Diffusion Model + LLM,-30.4883,-55.5439
Diffusion Model + LLM,-9.0119,14.0395
Diffusion Model + LLM,-0.3041,89.7721
Diffusion Model + LLM,-20.6504,-44.6338
Diffusion Model + LLM,-42.2722,-38.2443
Diffusion Model + LLM,-3.9546,-90.0181
Diffusion Model + LLM,-93.5979,28.9999
Diffusion Model + LLM,-59.6707,17.6532
Diffusion Model + LLM,-23.1933,-16.4785
Diffusion Model + LLM,-28.458,-15.5863
Diffusion Model + LLM,3.105,68.6433
Diffusion Model + LLM,-5.7275,23.6847
Diffusion Model + LLM,-5.4909,-61.1358
Diffusion Model + LLM,-6.6001,-45.6403
Diffusion Model + LLM,-65.962,61.8424
Diffusion Model + LLM,-10.733,-57.0376
Diffusion Model + LLM,-2.2844,-44.9783
Diffusion Model + LLM,-28.0395,-73.1359
Diffusion Model + LLM,19.0516,-4.7383
Diffusion Model + LLM,-50.8909,65.1026
Diffusion Model + LLM,-74.4067,-13.1672
Diffusion Model + LLM,-8.2602,-9.4177
Diffusion Model + LLM,7.286,15.8026
Diffusion Model + LLM,-82.1851,42.3146
Diffusion Model + LLM,-21.4975,-63.7159
Diffusion Model + LLM,-34.4547,-45.1456
Diffusion Model + LLM,-5.6588,-55.9628
Diffusion Model + LLM,0.9178,-24.8538
Diffusion Model + LLM,-27.6017,-32.9756
Diffusion Model + LLM,-93.9567,25.216
Diffusion Model + LLM,-51.1815,-10.4292
Diffusion Model + LLM,-93.4052,17.9371
Diffusion Model + LLM,-37.8217,-5.1842
Diffusion Model + LLM,-11.08,20.675
Diffusion Model + LLM,-38.6833,40.4863
Diffusion Model + LLM,-88.4837,25.4753
Diffusion Model + LLM,3.1473,10.6504
Diffusion Model + LLM,-39.5101,41.4465
Diffusion Model + LLM,-70.1665,45.715
Diffusion Model + LLM,-50.9095,-63.266
Diffusion Model + LLM,-7.2555,32.3345
Diffusion Model + LLM,3.2625,44.781
Diffusion Model + LLM,-8.4294,-9.4864
Diffusion Model + LLM,-24.9299,34.027
Diffusion Model + LLM,7.9962,8.6742
Diffusion Model + LLM,3.5534,21.1884
Diffusion Model + LLM,7.3981,19.3606
Diffusion Model + LLM,14.4132,-90.8721
Diffusion Model + LLM,-58.797,10.5021
Diffusion Model + LLM,-70.2301,33.0971
Diffusion Model + LLM,-18.1136,-20.6222
Diffusion Model + LLM,11.3053,31.5542
Diffusion Model + LLM,22.4044,37.5609
Diffusion Model + LLM,-57.8614,32.3385
Diffusion Model + LLM,-3.3838,-76.4902
Diffusion Model + LLM,-29.3221,0.0003
Diffusion Model + LLM,19.8401,21.3434
Diffusion Model + LLM,-55.185,67.6752
Diffusion Model + LLM,5.7337,79.1087
Diffusion Model + LLM,20.8904,59.725
Diffusion Model + LLM,-59.1583,-8.4193
Diffusion Model + LLM,-43.9961,-81.1292
Diffusion Model + LLM,-14.4157,31.7598
Diffusion Model + LLM,3.7843,-95.2617
Diffusion Model + LLM,-93.2739,-4.4516
Diffusion Model + LLM,-74.9795,0.3127
Diffusion Model + LLM,-61.9855,63.3843
Diffusion Model + LLM,14.5545,-87.103
Diffusion Model + LLM,-61.6385,-39.9283
Diffusion Model + LLM,-8.6845,-76.931
Diffusion Model + LLM,-58.375,68.4373
Diffusion Model + LLM,-26.2876,42.7836
Diffusion Model + LLM,3.7683,-42.1469
Diffusion Model + LLM,-1.4484,-77.956
Diffusion Model + LLM,-47.6873,-7.2892
Diffusion Model + LLM,12.2077,21.8821
Diffusion Model + LLM,8.4206,47.1284
Diffusion Model + LLM,-48.3305,-76.7282
Diffusion Model + LLM,11.0094,-27.824
Diffusion Model + LLM,-88.2564,28.6952
Diffusion Model + LLM,-63.4101,-17.119
Diffusion Model + LLM,-6.8524,52.1247
Diffusion Model + LLM,-8.3432,66.1992
Diffusion Model + LLM,-29.8951,-60.0869
Diffusion Model + LLM,2.4199,3.0143
Diffusion Model + LLM,-84.3298,5.1508
Diffusion Model + LLM,-23.6741,-77.3032
Diffusion Model + LLM,-8.188,-27.9989
Diffusion Model + LLM,-22.4104,18.3206
Diffusion Model + LLM,-3.4029,79.2277
Diffusion Model + LLM,-32.1953,-43.0842
Diffusion Model + LLM,-69.4969,2.0836
Diffusion Model + LLM,3.9684,-92.6183
Diffusion Model + LLM,-4.4586,54.5591
Diffusion Model + LLM,-25.3248,63.9157
Diffusion Model + LLM,-15.9252,2.3961
Diffusion Model + LLM,2.6465,-67.8348
Diffusion Model + LLM,-26.8609,75.8646
Diffusion Model + LLM,-29.204,65.2715
Diffusion Model + LLM,-3.6628,-17.213
Diffusion Model + LLM,-3.0827,78.6303
Diffusion Model + LLM,-87.8895,28.8779
Diffusion Model + LLM,-89.7608,16.4327
Diffusion Model + LLM,-15.9234,-45.5835
Diffusion Model + LLM,9.5553,-73.9824
Diffusion Model + LLM,8.1972,-60.4993
Diffusion Model + LLM,-66.0284,63.337
Diffusion Model + LLM,20.2233,-83.3118
Diffusion Model + LLM,15.8856,50.9488
Diffusion Model + LLM,22.1092,-85.1023
Diffusion Model + LLM,20.0814,57.0751
Diffusion Model + LLM,-74.5379,35.1192
Diffusion Model + LLM,-0.4778,60.6616
Diffusion Model + LLM,-1.4973,44.6592
Diffusion Model + LLM,6.5566,5.5515
Diffusion Model + LLM,-43.4634,9.3067
Diffusion Model + LLM,-46.9497,86.1527
Diffusion Model + LLM,-0.4386,-5.72
Diffusion Model + LLM,12.2916,65.0257
Diffusion Model + LLM,-28.7283,-55.7714
Diffusion Model + LLM,-43.6546,73.1868
Diffusion Model + LLM,-5.9481,-65.4895
Diffusion Model + LLM,-17.9996,-75.5697
Diffusion Model + LLM,-29.67,71.6439
Diffusion Model + LLM,-12.4798,68.4879
Diffusion Model + LLM,-11.3197,60.1777
Diffusion Model + LLM,-48.4448,42.1034
Diffusion Model + LLM,-96.3356,0.2216
Diffusion Model + LLM,-19.797,-48.5049
Diffusion Model + LLM,-69.4876,8.1553
Diffusion Model + LLM,2.9115,-89.3254
Diffusion Model + LLM,-36.2753,-75.0023
Diffusion Model + LLM,-44.9369,-35.3599
Diffusion Model + LLM,-26.5124,43.7092
Diffusion Model + LLM,-47.273,-5.5526
Diffusion Model + LLM,-45.4419,42.1061
Diffusion Model + LLM,3.1958,5.354
Diffusion Model + LLM,-55.118,68.1446
Diffusion Model + LLM,-50.8893,12.8075
Diffusion Model + LLM,-24.7522,-65.8996
Diffusion Model + LLM,-38.696,58.5267
Diffusion Model + LLM,-14.8923,-74.3653
Diffusion Model + LLM,-71.1528,63.2084
Diffusion Model + LLM,-12.5433,48.0086
Diffusion Model + LLM,-6.5683,-85.8774
Diffusion Model + LLM,-38.7076,-20.1582
Diffusion Model + LLM,8.9619,25.0206
Diffusion Model + LLM,0.7204,59.5763
Diffusion Model + LLM,-49.8262,41.9815
Diffusion Model + LLM,-93.5992,17.9208
Diffusion Model + LLM,-32.5828,76.1207
Diffusion Model + LLM,4.143,8.4546
Diffusion Model + LLM,-7.688,80.4283
Diffusion Model + LLM,-95.097,26.779
Diffusion Model + LLM,-18.6526,-47.763
Diffusion Model + LLM,-80.5311,55.0487
Diffusion Model + LLM,-73.1076,41.2888
Diffusion Model + LLM,-74.5366,-36.8585
Diffusion Model + LLM,-8.3949,44.0528
Diffusion Model + LLM,4.9923,41.5364
Diffusion Model + LLM,-20.9711,-8.342
Diffusion Model + LLM,-29.4158,-62.4903
Diffusion Model + LLM,-13.1823,-24.522
Diffusion Model + LLM,-21.6339,-29.2137
Diffusion Model + LLM,-78.7755,-5.9274
Diffusion Model + LLM,-7.5376,-28.2557
Diffusion Model + LLM,18.0025,59.5155
Diffusion Model + LLM,-25.5438,64.1989
Diffusion Model + LLM,-70.7434,42.6858
Diffusion Model + LLM,-78.4535,7.2958
Diffusion Model + LLM,-31.3596,78.9383
Diffusion Model + LLM,-42.3321,65.7276
Diffusion Model + LLM,2.594,40.4936
Diffusion Model + LLM,18.3949,46.9977
Diffusion Model + LLM,-11.2146,80.2771
Diffusion Model + LLM,-32.7276,-17.0782
Diffusion Model + LLM,13.1309,1.437
Diffusion Model + LLM,-17.4028,-32.1689
Diffusion Model + LLM,-12.3389,30.3572
Diffusion Model + LLM,-49.8505,42.1394
Diffusion Model + LLM,-2.5327,-92.0809
Diffusion Model + LLM,-1.5837,-49.5286
Diffusion Model + LLM,-57.471,73.7382
Diffusion Model + LLM,-7.2455,-20.0416
Diffusion Model + LLM,-60.4572,68.3387
Diffusion Model + LLM,-66.2542,37.7671
Diffusion Model + LLM,-78.2336,14.1648
Diffusion Model + LLM,-15.1223,72.4499
Diffusion Model + LLM,-28.8193,-24.2667
Diffusion Model + LLM,-51.8381,4.257
Diffusion Model + LLM,-41.435,45.7563
Diffusion Model + LLM,-31.1403,24.6583
Diffusion Model + LLM,-23.9549,65.5798
Diffusion Model + LLM,10.9248,2.5893
Diffusion Model + LLM,4.7288,-94.123
Diffusion Model + LLM,3.4934,-58.5567
Diffusion Model + LLM,0.5984,90.6926
Diffusion Model + LLM,-33.4893,15.5202
Diffusion Model + LLM,-43.0438,-8.5349
Diffusion Model + LLM,-39.017,20.1647
Diffusion Model + LLM,1.6177,10.4943
Diffusion Model + LLM,-65.6714,59.6723
Diffusion Model + LLM,-85.5496,-7.708
Diffusion Model + LLM,-82.8534,12.3712
Diffusion Model + LLM,-17.8139,36.3077
Diffusion Model + LLM,-6.4381,-9.163
Diffusion Model + LLM,-95.1942,21.7794
Diffusion Model + LLM,0.9049,-21.2957
Diffusion Model + LLM,-40.363,19.6967
Diffusion Model + LLM,-50.0523,-62.2972
Diffusion Model + LLM,9.3265,22.2509
Diffusion Model + LLM,-76.5658,36.7637
Diffusion Model + LLM,6.64,69.1645
Diffusion Model + LLM,-3.466,-25.2697
Diffusion Model + LLM,-49.3347,72.4082
Diffusion Model + LLM,1.8207,36.6033
Diffusion Model + LLM,-22.1246,-63.9125
Diffusion Model + LLM,1.1098,-7.4557
Diffusion Model + LLM,-19.8444,37.9327
Diffusion Model + LLM,-81.9964,17.6025
Diffusion Model + LLM,-75.2382,41.8946
Diffusion Model + LLM,-35.0954,-84.2568
Diffusion Model + LLM,-36.766,-67.0414
Diffusion Model + LLM,-6.436,-42.5294
Diffusion Model + LLM,11.9581,42.8118
Diffusion Model + LLM,-53.0989,34.1816
Diffusion Model + LLM,-24.4296,-90.4538
Diffusion Model + LLM,-3.5889,-96.6688
Diffusion Model + LLM,-86.7376,4.1668
Diffusion Model + LLM,-18.5233,23.9153
Diffusion Model + LLM,-37.3291,38.0467
Diffusion Model + LLM,-83.8465,2.4856
Diffusion Model + LLM,20.6586,-87.1477
Diffusion Model + LLM,-52.251,-67.3316
Diffusion Model + LLM,-41.4421,75.0272
Diffusion Model + LLM,4.6259,27.7926
Diffusion Model + LLM,-12.878,-41.4978
Diffusion Model + LLM,-10.6688,28.2602
Diffusion Model + LLM,-42.684,-16.7438
Diffusion Model + LLM,-0.6788,-53.9268
Diffusion Model + LLM,-11.2619,-60.431
Diffusion Model + LLM,-53.4832,74.9878
Diffusion Model + LLM,-8.2434,-69.264
Diffusion Model + LLM,0.0168,-18.4559
Diffusion Model + LLM,5.4538,44.8739
Diffusion Model + LLM,-4.1065,-44.2588
Diffusion Model + LLM,-54.5085,-10.8863
Diffusion Model + LLM,1.5608,84.1292
Diffusion Model + LLM,-2.2138,-73.1287
Diffusion Model + LLM,-42.2522,67.9503
Diffusion Model + LLM,18.1552,0.5421
Diffusion Model + LLM,-13.4035,-83.7148
Diffusion Model + LLM,-68.8754,-34.5439
Diffusion Model + LLM,-0.0201,-90.3287
Diffusion Model + LLM,-33.1774,-75.6995
Diffusion Model + LLM,12.2566,3.5531
Diffusion Model + LLM,-22.0263,70.5506
Diffusion Model + LLM,-61.3067,75.5979
Diffusion Model + LLM,-15.2953,-40.8405
Diffusion Model + LLM,-37.7952,46.6913
Diffusion Model + LLM,-35.1317,-75.1972
Diffusion Model + LLM,8.9975,34.3233
Diffusion Model + LLM,-33.9708,3.2711
Diffusion Model + LLM,-55.7256,-68.9036
Diffusion Model + LLM,-89.7598,-8.9297
Diffusion Model + LLM,-22.627,20.0109
Diffusion Model + LLM,-69.2006,-43.1162
Diffusion Model + LLM,-87.6915,35.1959
Diffusion Model + LLM,0.3363,-52.2452
Diffusion Model + LLM,-83.2823,18.4311
Diffusion Model + LLM,7.4794,-18.4305
Diffusion Model + LLM,-8.8528,14.509
Diffusion Model + LLM,-6.6305,-1.187
Diffusion Model + LLM,8.1711,10.7728
Diffusion Model + LLM,-17.7599,-21.5035
Diffusion Model + LLM,-66.4645,-3.4558
Diffusion Model + LLM,-3.4608,-26.1396
Diffusion Model + LLM,4.4338,-87.8365
Diffusion Model + LLM,-31.4206,31.4994
Diffusion Model + LLM,-16.4953,18.8693
Diffusion Model + LLM,11.9787,-61.2887
Diffusion Model + LLM,-85.9962,-0.8913
Diffusion Model + LLM,-2.5523,-8.1478
Diffusion Model + LLM,-46.4981,22.3731
Diffusion Model + LLM,12.4123,-72.8854
Diffusion Model + LLM,-44.0736,56.5934
Diffusion Model + LLM,-17.803,-18.0264
Diffusion Model + LLM,-10.2191,-27.4846
Diffusion Model + LLM,21.9375,39.9714
Diffusion Model + LLM,-50.8195,43.1049
Diffusion Model + LLM,-42.277,25.3328
Diffusion Model + LLM,-57.7645,75.6101
Diffusion Model + LLM,-41.6797,21.3072
Diffusion Model + LLM,-63.8133,21.2705
Diffusion Model + LLM,-34.5818,18.7928
Diffusion Model + LLM,5.8528,44.9847
Diffusion Model + LLM,22.0838,-86.329
Diffusion Model + LLM,-2.1346,-74.5061
Diffusion Model + LLM,-17.8717,34.985
Diffusion Model + LLM,-65.8455,-36.6347
Diffusion Model + LLM,-13.6205,-76.2259
Diffusion Model + LLM,-5.0234,83.7495
Diffusion Model + LLM,-70.196,44.4434
Diffusion Model + LLM,-61.6402,31.1867
Diffusion Model + LLM,17.0631,-97.301
Diffusion Model + LLM,0.7474,54.5726
Diffusion Model + LLM,-55.6123,-5.2537
Diffusion Model + LLM,-32.0903,-34.5865
Diffusion Model + LLM,-0.2326,-31.7085
Diffusion Model + LLM,-62.9605,-5.3963
Diffusion Model + LLM,-52.1451,53.0989
Diffusion Model + LLM,-10.6611,21.1902
Diffusion Model + LLM,-13.5087,-41.7629
Diffusion Model + LLM,-47.3596,-13.7547
Diffusion Model + LLM,-5.3667,54.3565
Diffusion Model + LLM,-5.8535,43.3622
Diffusion Model + LLM,-7.9776,43.0803
Diffusion Model + LLM,2.3352,26.9298
Diffusion Model + LLM,2.6751,-67.9026
Diffusion Model + LLM,11.2709,-91.9308
Diffusion Model + LLM,5.945,43.8523
Diffusion Model + LLM,19.2814,2.5439
Diffusion Model + LLM,-4.7051,82.7362
Diffusion Model + LLM,20.8057,16.7883
Diffusion Model + LLM,-92.0244,37.3954
Diffusion Model + LLM,-67.6884,16.3803
Diffusion Model + LLM,4.5748,65.8441
Diffusion Model + LLM,19.0319,0.0556
Diffusion Model + LLM,-38.1164,-66.2338
Diffusion Model + LLM,-52.1557,-2.5215
Diffusion Model + LLM,7.9328,77.3256
Diffusion Model + LLM,-38.9401,68.8665
Diffusion Model + LLM,-44.6762,-64.9478
Diffusion Model + LLM,-33.5228,35.2484
Diffusion Model + LLM,-80.009,0.8609
Diffusion Model + LLM,-51.7223,-57.4132
Diffusion Model + LLM,-57.8338,24.0769
Diffusion Model + LLM,6.9733,-28.2677
Diffusion Model + LLM,-6.9417,18.7055
Diffusion Model + LLM,-9.0297,6.4181
Diffusion Model + LLM,-84.8182,16.7368
Diffusion Model + LLM,5.958,-26.6012
Diffusion Model + LLM,-89.1304,36.6944
Diffusion Model + LLM,-76.8002,37.1275
Diffusion Model + LLM,-49.0158,74.4473
Diffusion Model + LLM,-43.2928,40.043
Diffusion Model + LLM,-47.9002,77.2828
Diffusion Model + LLM,-72.9917,35.5485
Diffusion Model + LLM,-72.6552,40.6586
Diffusion Model + LLM,-2.8218,-89.9586
Diffusion Model + LLM,-36.9588,77.0537
Diffusion Model + LLM,14.8778,7.7019
Diffusion Model + LLM,-73.4856,6.7313
Diffusion Model + LLM,-24.721,-45.4148
Diffusion Model + LLM,-49.7244,40.9021
Diffusion Model + LLM,-22.4633,-15.6
Diffusion Model + LLM,-17.3805,-80.7122
Diffusion Model + LLM,7.9245,-72.3308
Diffusion Model + LLM,-30.951,-1.7308
Diffusion Model + LLM,-79.815,9.022
Diffusion Model + LLM,7.0607,-94.2719
Diffusion Model + LLM,-9.6109,5.177
Diffusion Model + LLM,-82.2323,1.357
Diffusion Model + LLM,10.8972,-96.6205
Diffusion Model + LLM,-66.9585,-6.2354
Diffusion Model + LLM,-68.6499,-31.6338
Diffusion Model + LLM,-28.1148,-45.0047
Diffusion Model + LLM,-4.7296,-17.3082
Diffusion Model + LLM,-82.7452,32.8765
Diffusion Model + LLM,-36.4291,84.029
Diffusion Model + LLM,-13.3597,-14.8521
Diffusion Model + LLM,-24.863,29.2112
Diffusion Model + LLM,-32.3289,-84.581
Diffusion Model + LLM,-5.2149,-17.9777
Diffusion Model + LLM,-92.7755,-5.1778
Diffusion Model + LLM,-21.7815,86.9975
Diffusion Model + LLM,24.122,-85.8316
Diffusion Model + LLM,-28.8,76.362
Diffusion Model + LLM,-33.609,-21.4696
Diffusion Model + LLM,4.6792,88.1027
Diffusion Model + LLM,-18.2571,-67.0297
Diffusion Model + LLM,-58.5895,16.326
Diffusion Model + LLM,-51.9875,5.3563
Diffusion Model + LLM,21.0553,-82.5967
Diffusion Model + LLM,-49.5433,-18.9287
Diffusion Model + LLM,-43.6949,39.5583
Diffusion Model + LLM,-46.8708,-11.3541
Diffusion Model + LLM,-19.3394,-6.0383
Diffusion Model + LLM,5.0558,-0.3313
Diffusion Model + LLM,0.4316,9.7026
Diffusion Model + LLM,-2.9735,-48.6133
Diffusion Model + LLM,-6.8566,84.9337
Diffusion Model + LLM,-54.0364,70.588
Diffusion Model + LLM,-30.1391,67.4443
Diffusion Model + LLM,-6.8318,-4.9813
Diffusion Model + LLM,-24.9424,-74.6587
Diffusion Model + LLM,2.5141,71.7023
Diffusion Model + LLM,2.8985,-79.3616
Diffusion Model + LLM,-33.1645,-48.1024
Diffusion Model + LLM,-1.7551,-25.9283
Diffusion Model + LLM,-70.3466,-35.2358
Diffusion Model + LLM,-74.1861,11.5007
Diffusion Model + LLM,-44.4467,-54.4067
Diffusion Model + LLM,-3.1328,24.0956
Diffusion Model + LLM,-6.8756,4.7399
Diffusion Model + LLM,-41.7201,1.4652
Diffusion Model + LLM,-12.3373,15.9621
Diffusion Model + LLM,-46.4769,-36.3336
Diffusion Model + LLM,-46.5537,8.1487
Diffusion Model + LLM,-68.6465,57.1132
Diffusion Model + LLM,-73.7007,38.6066
Diffusion Model + LLM,-29.4336,-62.4681
Diffusion Model + LLM,-52.6627,81.3993
Diffusion Model + LLM,-79.9115,18.417
Diffusion Model + LLM,-15.557,7.7952
Diffusion Model + LLM,11.7409,-62.8439
Diffusion Model + LLM,7.5194,53.0839
Diffusion Model + LLM,0.5769,-43.5495
Diffusion Model + LLM,-47.1741,-60.7222
Diffusion Model + LLM,-15.6431,-40.7288
Diffusion Model + LLM,-63.8817,-47.9684
Diffusion Model + LLM,-60.5125,70.2476
Diffusion Model + LLM,-83.5582,40.0943
Diffusion Model + LLM,5.7809,27.7072
Diffusion Model + LLM,11.4307,31.7572
Diffusion Model + LLM,-48.8017,-55.9819
Diffusion Model + LLM,0.7052,-87.217
Diffusion Model + LLM,-41.7013,-15.3609
Diffusion Model + LLM,-74.5219,41.5613
Diffusion Model + LLM,18.7123,17.2086
Diffusion Model + LLM,-5.8618,-25.2612
Diffusion Model + LLM,-0.9123,-31.3883
Diffusion Model + LLM,-24.1719,16.1058
Diffusion Model + LLM,2.5763,30.5034
Diffusion Model + LLM,-45.9084,-75.5177
Diffusion Model + LLM,-13.1596,61.4093
Diffusion Model + LLM,-26.9536,69.3393
Diffusion Model + LLM,-76.041,9.4601
Diffusion Model + LLM,4.1501,24.9986
Diffusion Model + LLM,-33.8867,15.3275
Diffusion Model + LLM,-45.9069,-75.4592
Diffusion Model + LLM,-92.1625,-3.6872
Diffusion Model + LLM,-1.289,84.2312
Diffusion Model + LLM,-33.1019,-48.1121
Diffusion Model + LLM,-31.4807,23.0822
Diffusion Model + LLM,-4.2737,5.5116
Diffusion Model + LLM,-17.133,-30.8939
Diffusion Model + LLM,-68.5031,52.803
Diffusion Model + LLM,-63.4262,10.9776
Diffusion Model + LLM,-64.1671,-14.2863
Diffusion Model + LLM,-89.7988,22.5121
Diffusion Model + LLM,-49.3306,-9.8938
Diffusion Model + LLM,15.5472,-89.1849
Diffusion Model + LLM,-43.6233,17.4241
Diffusion Model + LLM,5.7378,-61.5694
Diffusion Model + LLM,-4.3026,-0.8917
Diffusion Model + LLM,1.6879,-21.2609
Diffusion Model + LLM,-61.3406,31.45
Diffusion Model + LLM,-50.1582,18.899
Diffusion Model + LLM,6.7838,59.9246
Diffusion Model + LLM,-37.1349,68.2169
Diffusion Model + LLM,-33.6272,-11.1461
Diffusion Model + LLM,5.4976,55.3698
Diffusion Model + LLM,-13.8681,-23.5196
Diffusion Model + LLM,13.5912,-99.5274
Diffusion Model + LLM,-78.156,27.8356
Diffusion Model + LLM,9.8205,19.9491
Diffusion Model + LLM,-77.2164,-20.4329
Diffusion Model + LLM,-4.2403,-66.2132
Diffusion Model + LLM,-6.8499,30.2233
Diffusion Model + LLM,-2.0028,-2.021
Diffusion Model + LLM,-74.9351,-22.2831
Diffusion Model + LLM,-29.7882,23.6431
Diffusion Model + LLM,-37.3895,-5.9228
Diffusion Model + LLM,3.6805,90.8067
Diffusion Model + LLM,-33.0372,-17.3938
Diffusion Model + LLM,-0.2721,60.4098
Diffusion Model + LLM,-23.9652,65.6096
Diffusion Model + LLM,-52.5639,34.4749
Diffusion Model + LLM,-18.39,-58.4139
Diffusion Model + LLM,-17.2336,-77.925
Diffusion Model + LLM,-14.1611,53.8859
Diffusion Model + LLM,7.4961,-74.1711
Diffusion Model + LLM,-70.001,-33.5042
Diffusion Model + LLM,-9.7454,59.7783
Diffusion Model + LLM,-49.0445,13.1401
Diffusion Model + LLM,-1.6891,-47.0125
Diffusion Model + LLM,-15.8963,-63.1395
Diffusion Model + LLM,-65.6624,-2.5166
Diffusion Model + LLM,4.5891,-57.2747
Diffusion Model + LLM,3.9537,19.5281
Diffusion Model + LLM,1.8811,66.8633
Diffusion Model + LLM,-57.2302,81.8219
Diffusion Model + LLM,-20.8531,28.0763
Diffusion Model + LLM,-43.0383,34.2535
Diffusion Model + LLM,-12.5571,57.3028
Diffusion Model + LLM,12.3806,-96.177
Diffusion Model + LLM,-90.7157,-2.5304
Diffusion Model + LLM,-43.7464,-62.5613
Diffusion Model + LLM,-24.579,-8.6256
Diffusion Model + LLM,-87.0207,17.3259
Diffusion Model + LLM,-38.9606,-52.9313
Diffusion Model + LLM,10.8822,-75.4912
Diffusion Model + LLM,-2.317,-22.3339
Diffusion Model + LLM,-51.2659,-15.1132
Diffusion Model + LLM,-57.8042,0.0201
Diffusion Model + LLM,-11.0407,-29.6446
Diffusion Model + LLM,-64.9334,-7.1263
Diffusion Model + LLM,5.4337,76.2992
Diffusion Model + LLM,-25.3116,-67.5215
Diffusion Model + LLM,3.6208,22.662
Diffusion Model + LLM,-81.922,54.4972
Diffusion Model + LLM,-43.9063,53.3838
Diffusion Model + LLM,-57.8275,37.8685
Diffusion Model + LLM,-43.0161,-61.3637
Diffusion Model + LLM,16.6418,27.3116
Diffusion Model + LLM,-43.351,58.4881
Diffusion Model + LLM,-74.5737,10.1531
Diffusion Model + LLM,-49.2532,-36.5231
Diffusion Model + LLM,8.534,-68.3563
Diffusion Model + LLM,20.8281,-50.6289
Diffusion Model + LLM,-23.4754,64.353
Diffusion Model + LLM,-27.7697,72.4871
Diffusion Model + LLM,-43.4184,-13.6813
Diffusion Model + LLM,6.6058,84.4297
Diffusion Model + LLM,-45.2489,11.1227
Diffusion Model + LLM,-24.577,-8.6977
Diffusion Model + LLM,-61.798,2.461
Diffusion Model + LLM,-28.9895,-59.3652
Diffusion Model + LLM,-93.1892,-4.9839
Diffusion Model + LLM,-31.703,3.2152
Diffusion Model + LLM,-4.4053,39.2785
Diffusion Model + LLM,-3.1718,-45.0948
Diffusion Model + LLM,8.2494,-66.539
Diffusion Model + LLM,-72.1482,16.1663
Diffusion Model + LLM,-48.9261,-20.8803
Diffusion Model + LLM,-0.3694,78.7366
Diffusion Model + LLM,-26.8743,42.9312
Diffusion Model + LLM,14.472,-87.0637
Diffusion Model + LLM,-27.1818,-93.7768
Diffusion Model + LLM,-37.2156,15.2442
Diffusion Model + LLM,-26.996,-78.1166
Diffusion Model + LLM,-19.3435,-69.4112
Diffusion Model + LLM,15.0739,5.5342
Diffusion Model + LLM,-54.2124,-67.9575
Diffusion Model + LLM,-37.5518,-15.6082
Diffusion Model + LLM,-15.4011,36.1158
Diffusion Model + LLM,-6.6398,-25.9909
Diffusion Model + LLM,-46.142,78.0494
Diffusion Model + LLM,-47.421,-59.5391
Diffusion Model + LLM,-81.2362,58.6227
Diffusion Model + LLM,-78.7761,34.4928
Diffusion Model + LLM,4.1646,30.9173
Diffusion Model + LLM,-64.9272,-5.8008
Diffusion Model + LLM,22.2866,52.3394
Diffusion Model + LLM,-15.2248,-48.7774
Diffusion Model + LLM,-56.2967,10.9176
Diffusion Model + LLM,5.6788,-7.8069
Diffusion Model + LLM,-36.3314,20.198
Diffusion Model + LLM,-48.5037,76.2649
Diffusion Model + LLM,-36.1348,-57.9223
Diffusion Model + LLM,-4.5039,-48.2652
Diffusion Model + LLM,6.7654,41.4268
Diffusion Model + LLM,-52.7804,15.785
Diffusion Model + LLM,-35.0958,-79.8135
Diffusion Model + LLM,-26.5534,-85.3693
Diffusion Model + LLM,9.1281,63.378
Diffusion Model + LLM,8.4749,-68.3918
Diffusion Model + LLM,6.492,-77.2901
Diffusion Model + LLM,0.3011,-22.7525
Diffusion Model + LLM,-22.0734,87.2415
Diffusion Model + LLM,-29.6578,-6.0956
Diffusion Model + LLM,-9.3317,-27.3002
Diffusion Model + LLM,-23.4522,-67.5192
Diffusion Model + LLM,-72.7269,-35.9722
Diffusion Model + LLM,-14.8873,48.873
Diffusion Model + LLM,-39.4548,-28.748
Diffusion Model + LLM,1.6876,11.1535
Diffusion Model + LLM,-17.1281,31.5621
Diffusion Model + LLM,22.0556,-86.5471
Diffusion Model + LLM,-1.2544,42.9158
Diffusion Model + LLM,-26.7905,-46.2357
Diffusion Model + LLM,-43.1881,38.9397
Diffusion Model + LLM,-65.7604,-1.846
Diffusion Model + LLM,-19.8545,52.3805
Diffusion Model + LLM,-14.4133,61.7264
Diffusion Model + LLM,1.2453,26.3892
Diffusion Model + LLM,-72.4262,27.5247
Diffusion Model + LLM,-55.2411,37.502
Diffusion Model + LLM,-31.6234,-25.8903
Diffusion Model + LLM,-71.6439,-5.5321
Diffusion Model + LLM,-12.9343,12.1144
Diffusion Model + LLM,-50.5595,36.898
Diffusion Model + LLM,11.7496,45.7496
Diffusion Model + LLM,-6.6731,7.865
Diffusion Model + LLM,-91.5118,38.6127
Diffusion Model + LLM,-18.0585,-12.4375
Diffusion Model + LLM,-31.4793,27.8935
Diffusion Model + LLM,-60.8371,-5.4751
Diffusion Model + LLM,-9.9291,-69.6072
Diffusion Model + LLM,-52.9347,26.8794
Diffusion Model + LLM,20.7952,-82.7894
Diffusion Model + LLM,-16.3162,48.739
Diffusion Model + LLM,-11.889,31.2024
Diffusion Model + LLM,-85.1626,33.2115
Diffusion Model + LLM,-5.8876,80.2963
Diffusion Model + LLM,5.2865,-93.684
Diffusion Model + LLM,-62.7367,-41.6153
Diffusion Model + LLM,-92.3284,-2.5069
Diffusion Model + LLM,13.1442,29.2115
Diffusion Model + LLM,-0.7966,-42.0865
Diffusion Model + LLM,-1.5329,-81.2385
Diffusion Model + LLM,-10.4777,12.9045
Diffusion Model + LLM,-70.1596,59.9496
Diffusion Model + LLM,-42.9882,40.1471
Diffusion Model + LLM,-63.8612,-48.1429
Diffusion Model + LLM,-60.5421,-29.9162
Diffusion Model + LLM,-21.565,-44.6541
Diffusion Model + LLM,-55.0966,-66.4939
Diffusion Model + LLM,-45.4543,-4.534
Diffusion Model + LLM,-52.6763,21.7114
Diffusion Model + LLM,-37.1199,31.9216
Diffusion Model + LLM,-30.8699,26.917
Diffusion Model + LLM,-5.3842,-77.3813
Diffusion Model + LLM,-52.6711,70.9666
Diffusion Model + LLM,-50.4832,3.8174
Diffusion Model + LLM,-69.8898,7.63
Diffusion Model + LLM,14.6291,64.0748
Diffusion Model + LLM,-16.4668,7.2526
Diffusion Model + LLM,-41.552,-30.1677
Diffusion Model + LLM,-41.2568,38.6916
Diffusion Model + LLM,-30.1671,-60.3268
Diffusion Model + LLM,-57.7888,75.5734
Diffusion Model + LLM,8.6479,-79.6583
Diffusion Model + LLM,-65.8214,-28.7856
Diffusion Model + LLM,-60.7875,-0.9326
Diffusion Model + LLM,-48.7323,76.9045
Diffusion Model + LLM,-7.3143,-63.9007
Diffusion Model + LLM,-13.1568,-73.6539
Diffusion Model + LLM,6.495,-57.0303
Diffusion Model + LLM,-75.6425,30.885
Diffusion Model + LLM,19.6204,-83.2064
Diffusion Model + LLM,-42.32,35.8777
Diffusion Model + LLM,-22.9938,-77.7616
Diffusion Model + LLM,-88.2592,24.1435
Diffusion Model + LLM,14.7503,31.8876
Diffusion Model + LLM,13.6629,-95.7862
Diffusion Model + LLM,-31.9066,-56.8963
Diffusion Model + LLM,-25.2227,-43.6723
Diffusion Model + LLM,5.8128,68.201
Diffusion Model + LLM,-10.2169,20.9131
Diffusion Model + LLM,-22.9354,-74.2871
Diffusion Model + LLM,-93.388,24.8636
Diffusion Model + LLM,-9.5181,-61.4811
Diffusion Model + LLM,-13.335,44.3976
Diffusion Model + LLM,-45.9462,41.9573
Diffusion Model + LLM,-46.5453,22.3673
Diffusion Model + LLM,-47.7604,23.5082
Diffusion Model + LLM,-72.1327,28.5964
Diffusion Model + LLM,-69.7302,40.4894
Diffusion Model + LLM,-65.3698,37.7518
Diffusion Model + LLM,-8.1538,-61.9138
Diffusion Model + LLM,9.0699,-66.7863
Diffusion Model + LLM,-78.47,19.5585
Diffusion Model + LLM,1.8767,40.3574
Diffusion Model + LLM,-16.6922,-20.9218
Diffusion Model + LLM,-46.4678,9.3684
Diffusion Model + LLM,1.8444,-70.4798
Diffusion Model + LLM,-19.8313,44.997
Diffusion Model + LLM,-91.851,-6.1587
Diffusion Model + LLM,-40.278,27.4593
Diffusion Model + LLM,-13.1191,-64.5938
Diffusion Model + LLM,-82.9343,21.7607
Diffusion Model + LLM,-6.6975,-46.9004
Diffusion Model + LLM,-31.751,-10.4382
Diffusion Model + LLM,-6.4723,-9.8697
Diffusion Model + LLM,-49.7065,11.0502
Diffusion Model + LLM,3.1134,-67.1641
Diffusion Model + LLM,-35.9352,18.6979
Diffusion Model + LLM,-33.4444,-72.9575
Diffusion Model + LLM,-49.9542,-0.2906
Diffusion Model + LLM,-21.3065,-8.1865
Diffusion Model + LLM,4.592,20.4443
Diffusion Model + LLM,-58.3474,-9.7465
Diffusion Model + LLM,-49.6902,-9.1767
Diffusion Model + LLM,18.9216,-2.4426
Diffusion Model + LLM,-41.0488,17.4713
Diffusion Model + LLM,-46.7952,-3.6696
Diffusion Model + LLM,-58.5496,68.4998
Diffusion Model + LLM,-94.2529,2.2838
Diffusion Model + LLM,-47.8621,-8.8335
Diffusion Model + LLM,15.17,7.2616
Diffusion Model + LLM,-14.7102,-24.8224
Diffusion Model + LLM,-6.1888,24.7235
Diffusion Model + LLM,3.3308,90.6213
Diffusion Model + LLM,13.2605,6.7738
Diffusion Model + LLM,-28.1855,-48.7258
Diffusion Model + LLM,-18.4091,8.3259
Diffusion Model + LLM,-16.0446,-93.4358
Diffusion Model + LLM,-68.4092,41.5271
Diffusion Model + LLM,-63.5133,12.419
Diffusion Model + LLM,-24.4818,63.3024
Diffusion Model + LLM,17.8395,53.9332
Diffusion Model + LLM,-10.995,64.431
Diffusion Model + LLM,-70.2659,-17.2755
Diffusion Model + LLM,-53.7054,12.6429
Diffusion Model + LLM,6.063,10.7426
Diffusion Model + LLM,-12.9223,-26.2897
Diffusion Model + LLM,7.8027,4.4936
Diffusion Model + LLM,0.7838,13.079
Diffusion Model + LLM,-28.7674,89.9984
Diffusion Model + LLM,-49.8487,-3.96
Diffusion Model + LLM,-15.8264,-61.7938
Diffusion Model + LLM,-35.9076,-55.5452
Diffusion Model + LLM,-51.344,-15.1422
Diffusion Model + LLM,-91.6923,29.8688
Diffusion Model + LLM,-4.8182,44.7117
Diffusion Model + LLM,-39.4826,26.4748
Diffusion Model + LLM,-56.6345,29.7638
Diffusion Model + LLM,-1.2296,43.0819
Diffusion Model + LLM,-35.8669,18.6506
Diffusion Model + LLM,15.2373,10.2164
Diffusion Model + LLM,-72.8509,-21.5796
Diffusion Model + LLM,-15.8239,-77.5729
Diffusion Model + LLM,-12.4659,30.4548
Diffusion Model + LLM,9.0693,48.9322
Diffusion Model + LLM,-66.0846,-44.8896
Diffusion Model + LLM,7.8434,44.502
Diffusion Model + LLM,-75.99,38.153
Diffusion Model + LLM,-52.0072,74.0398
Diffusion Model + LLM,-33.8736,63.9646
Diffusion Model + LLM,9.4489,-94.0917
Diffusion Model + LLM,-64.9293,8.038
Diffusion Model + LLM,-11.3734,-52.9775
Diffusion Model + LLM,-47.9704,-57.6024
Diffusion Model + LLM,4.6561,-0.9825
Diffusion Model + LLM,-9.5801,14.1972
Diffusion Model + LLM,-51.7723,73.2178
Diffusion Model + LLM,13.1767,65.1094
Diffusion Model + LLM,-15.0009,-0.9319
Diffusion Model + LLM,-69.8702,63.6383
Diffusion Model + LLM,13.2803,44.8682
Diffusion Model + LLM,-62.1584,27.6134
Diffusion Model + LLM,18.9258,7.0363
Diffusion Model + LLM,-64.1645,70.8079
Diffusion Model + LLM,-24.9094,-71.6571
Diffusion Model + LLM,17.3795,6.4576
Diffusion Model + LLM,-62.319,2.7888
Diffusion Model + LLM,-28.4278,24.8884
Diffusion Model + LLM,-38.2266,47.1767
Diffusion Model + LLM,-46.1125,-27.8691
Diffusion Model + LLM,-75.347,-3.8721
Diffusion Model + LLM,-70.6186,-20.1384
Diffusion Model + LLM,-9.4757,-27.1081
Diffusion Model + LLM,-0.4059,-70.4442
Diffusion Model + LLM,-1.8887,-90.5532
Diffusion Model + LLM,-45.0968,-54.9924
Diffusion Model + LLM,-62.4255,76.0196
Diffusion Model + LLM,-8.4198,40.3938
Diffusion Model + LLM,9.3386,-68.9459
Diffusion Model + LLM,-29.8859,-76.6875
Diffusion Model + LLM,-81.4246,23.7589
Diffusion Model + LLM,-55.5886,-68.6163
Diffusion Model + LLM,7.6008,81.0393
Diffusion Model + LLM,-92.8669,14.6561
Diffusion Model + LLM,-39.9626,86.1818
Diffusion Model + LLM,-42.0349,-52.7233
Diffusion Model + LLM,-53.3783,43.5677
Diffusion Model + LLM,-68.1352,42.0273
Diffusion Model + LLM,-13.8723,-26.9846
Diffusion Model + LLM,6.9036,22.4794
Diffusion Model + LLM,62.6529,-34.0632
Diffusion Model + LLM,-5.837,27.0674
Diffusion Model + LLM,-91.0422,21.826
Diffusion Model + LLM,-25.4717,46.8323
Diffusion Model + LLM,-25.7938,52.3931
Diffusion Model + LLM,2.2237,50.6865
Diffusion Model + LLM,-37.9728,-21.5736
Diffusion Model + LLM,16.1707,22.5184
Diffusion Model + LLM,-63.0573,-41.5656
Diffusion Model + LLM,-63.9061,-48.0013
Diffusion Model + LLM,-94.434,0.1894
Diffusion Model + LLM,-49.6956,64.003
Diffusion Model + LLM,-69.952,-18.0202
Diffusion Model + LLM,-95.3935,19.7915
Diffusion Model + LLM,-25.9382,-20.0547
Diffusion Model + LLM,-12.9603,-28.6686
Diffusion Model + LLM,-3.9743,36.6539
Diffusion Model + LLM,-48.7148,-55.9939
Diffusion Model + LLM,-68.1296,-15.7199
Diffusion Model + LLM,-63.1048,17.422
Diffusion Model + LLM,-6.4185,29.8895
Diffusion Model + LLM,-4.5992,-93.4878
Diffusion Model + LLM,-36.5834,-53.0487
Diffusion Model + LLM,-13.0297,45.7443
Diffusion Model + LLM,-85.6592,-7.6323
Diffusion Model + LLM,-26.4162,-89.4406
Diffusion Model + LLM,-84.3153,26.3244
Diffusion Model + LLM,-49.4956,-19.1252
Diffusion Model + LLM,-55.2431,80.8559
Diffusion Model + LLM,-5.0511,-17.9236
Diffusion Model + LLM,-12.4695,-57.0761
Diffusion Model + LLM,-64.4452,57.732
Diffusion Model + LLM,-3.238,-8.6677
Diffusion Model + LLM,-93.3113,0.8938
Diffusion Model + LLM,24.673,-81.9871
Diffusion Model + LLM,-66.3267,36.4906
Diffusion Model + LLM,6.4575,27.3998
Diffusion Model + LLM,14.4141,70.9439
Diffusion Model + LLM,11.5961,-17.8895
Diffusion Model + LLM,-35.1106,22.0259
Diffusion Model + LLM,-48.9661,8.6931
Diffusion Model + LLM,-64.8617,69.7758
Diffusion Model + LLM,-69.9374,-35.1967
Diffusion Model + LLM,-53.8729,42.5863
Diffusion Model + LLM,11.425,-89.1613
Diffusion Model + LLM,-45.1861,25.5828
Diffusion Model + LLM,-20.9977,-29.0487
Diffusion Model + LLM,4.9821,33.6323
Diffusion Model + LLM,5.0722,-28.137
Diffusion Model + LLM,-7.0273,-27.1329
Diffusion Model + LLM,-52.9277,-60.0966
Diffusion Model + LLM,-41.493,-0.5527
Diffusion Model + LLM,-41.6062,56.7536
Diffusion Model + LLM,-50.4098,11.7431
Diffusion Model + LLM,-8.0283,62.0909
Diffusion Model + LLM,-1.6969,-26.05
Diffusion Model + LLM,-26.8178,-74.8006
Diffusion Model + LLM,-22.4266,-16.045
Diffusion Model + LLM,-14.8048,-70.7606
Diffusion Model + LLM,-29.8051,30.3622
Diffusion Model + LLM,-64.8295,-44.1692
Diffusion Model + LLM,-60.3387,13.0934
Diffusion Model + LLM,-52.2093,58.1212
Diffusion Model + LLM,-19.3349,34.0978
Diffusion Model + LLM,-13.9718,15.0965
Diffusion Model + LLM,6.9612,-49.5932
Diffusion Model + LLM,-28.5632,74.1484
Diffusion Model + LLM,-12.5296,-21.9972
Diffusion Model + LLM,17.6885,33.4423
Diffusion Model + LLM,3.0755,11.868
Diffusion Model + LLM,14.9142,33.8855
Diffusion Model + LLM,-48.0194,-7.0228
Diffusion Model + LLM,-68.9752,52.4618
Diffusion Model + LLM,-12.2261,58.6465
Diffusion Model + LLM,-46.1318,26.8551
Diffusion Model + LLM,15.0493,9.3478
Diffusion Model + LLM,-23.9811,65.5719
Diffusion Model + LLM,-16.5279,-20.5966
Diffusion Model + LLM,-93.1366,19.2414
Diffusion Model + LLM,-39.0834,-1.259
Diffusion Model + LLM,0.4034,-18.8009
Diffusion Model + LLM,-3.6198,41.7742
Diffusion Model + LLM,7.927,20.1157
Diffusion Model + LLM,-18.0516,39.5329
Diffusion Model + LLM,1.7605,-49.6935
Diffusion Model + LLM,-43.7051,-65.5291
Diffusion Model + LLM,-96.9737,-0.3794
Diffusion Model + LLM,-72.3878,-8.4796
Diffusion Model + LLM,-39.1002,20.0403
Diffusion Model + LLM,-25.6563,-0.3998
Diffusion Model + LLM,-58.2575,37.5411
Diffusion Model + LLM,20.017,20.3462
Diffusion Model + LLM,11.4103,46.0848
Diffusion Model + LLM,-19.1083,34.5585
Diffusion Model + LLM,13.7404,5.6106
Diffusion Model + LLM,-7.726,-28.0531
Diffusion Model + LLM,-59.379,61.1072
Diffusion Model + LLM,-17.8969,-20.226
Diffusion Model + LLM,-34.6116,-46.0831
Diffusion Model + LLM,1.0297,23.0014
Diffusion Model + LLM,-44.1656,6.0448
Diffusion Model + LLM,17.0003,54.6591
Diffusion Model + LLM,-27.4578,15.116
Diffusion Model + LLM,8.1964,15.4944
Diffusion Model + LLM,-60.1831,62.2483
Diffusion Model + LLM,-59.7052,30.5837
Diffusion Model + LLM,3.0914,21.3871
Diffusion Model + LLM,-48.5516,41.7818
Diffusion Model + LLM,-69.4186,-41.9328
Diffusion Model + LLM,3.1413,7.8543
Diffusion Model + LLM,-19.8131,52.415
Diffusion Model + LLM,-28.7897,-85.6936
Diffusion Model + LLM,-31.6012,-25.663
Diffusion Model + LLM,-77.3612,-12.3773
Diffusion Model + LLM,-49.0825,64.7083
Diffusion Model + LLM,-67.899,-40.9341
Diffusion Model + LLM,-12.5739,-28.5523
Diffusion Model + LLM,-2.7371,-51.3673
Diffusion Model + LLM,-51.8588,-6.2607
Diffusion Model + LLM,-63.4929,10.8518
Diffusion Model + LLM,-49.13,64.755
Diffusion Model + LLM,1.3511,27.7754
Diffusion Model + LLM,-4.4381,61.9578
Diffusion Model + LLM,0.5847,-1.017
Diffusion Model + LLM,-23.3964,73.2815
Diffusion Model + LLM,-4.1109,17.9036
Diffusion Model + LLM,-59.5551,-6.385
Diffusion Model + LLM,-70.0287,-17.7652
Diffusion Model + LLM,-46.5129,53.287
Diffusion Model + LLM,-63.1007,8.065
Diffusion Model + LLM,-56.2376,7.1298
Diffusion Model + LLM,-20.8623,-15.7562
Diffusion Model + LLM,-35.257,56.3463
Diffusion Model + LLM,-18.333,4.5749
Diffusion Model + LLM,-59.1405,-8.4969
Diffusion Model + LLM,18.2562,-89.6544
Diffusion Model + LLM,10.632,-27.9412
Diffusion Model + LLM,-61.0744,2.9423
Diffusion Model + LLM,-30.8983,22.3137
Diffusion Model + LLM,-47.053,-34.2511
Diffusion Model + LLM,21.0255,35.7261
Diffusion Model + LLM,-19.93,-72.7326
Diffusion Model + LLM,-60.5305,-8.5378
Diffusion Model + LLM,-51.9923,-67.3991
Diffusion Model + LLM,-12.1958,76.9747
Diffusion Model + LLM,-81.6668,0.9524
Diffusion Model + LLM,6.603,60.079
Diffusion Model + LLM,-89.3867,21.6321
Diffusion Model + LLM,10.3234,42.2887
Diffusion Model + LLM,-5.4689,77.0101
Diffusion Model + LLM,-75.476,38.7276
Diffusion Model + LLM,-3.1961,-45.2479
Diffusion Model + LLM,-9.8441,49.9559
Diffusion Model + LLM,-83.5493,0.2383
Diffusion Model + LLM,-25.4289,49.1943
Diffusion Model + LLM,-37.0285,87.5455
Diffusion Model + LLM,-37.0191,76.5166
Diffusion Model + LLM,-51.5451,84.5933
Diffusion Model + LLM,16.6667,-3.6718
Diffusion Model + LLM,-25.7258,-72.4836
Diffusion Model + LLM,2.8404,-29.3459
Diffusion Model + LLM,-66.0252,-14.2802
Diffusion Model + LLM,-11.5016,54.3396
Diffusion Model + LLM,1.565,72.4313
Diffusion Model + LLM,-88.2721,3.612
Diffusion Model + LLM,11.9622,85.6913
Diffusion Model + LLM,-28.5849,-93.0908
Diffusion Model + LLM,-62.0971,16.2336
Diffusion Model + LLM,-9.8425,80.7393
Diffusion Model + LLM,-40.7945,20.8653
Diffusion Model + LLM,1.9683,36.5824
Diffusion Model + LLM,-5.7068,5.9925
Diffusion Model + LLM,8.8842,-98.4791
Diffusion Model + LLM,-24.0029,-72.5155
Diffusion Model + LLM,19.9638,34.8191
Diffusion Model + LLM,-48.5304,-63.7445
Diffusion Model + LLM,16.806,-87.9321
Diffusion Model + LLM,-1.2586,32.558
Diffusion Model + LLM,-14.4595,45.353
Diffusion Model + LLM,15.6397,55.4922
Diffusion Model + LLM,-12.2436,-19.9868
Diffusion Model + LLM,-1.0443,-60.0651
Diffusion Model + LLM,13.4516,-96.4368
Diffusion Model + LLM,-72.7249,3.0936
Diffusion Model + LLM,19.8556,-96.1623
Diffusion Model + LLM,-66.0949,61.5961
Diffusion Model + LLM,-32.881,-4.6946
Diffusion Model + LLM,-24.9653,79.0838
Diffusion Model + LLM,17.059,-81.0566
Diffusion Model + LLM,-76.5201,20.7554
Diffusion Model + LLM,-13.4004,-1.9756
Diffusion Model + LLM,-38.0496,16.3231
Diffusion Model + LLM,-0.7889,-53.9966
Diffusion Model + LLM,8.3862,45.5596
Diffusion Model + LLM,-76.7249,14.8417
Diffusion Model + LLM,-22.1595,46.8142
Diffusion Model + LLM,-8.2676,-3.0811
Diffusion Model + LLM,-31.8968,-8.073
Diffusion Model + LLM,-0.1507,-5.6731
Diffusion Model + LLM,0.4658,28.056
Diffusion Model + LLM,-4.4874,-24.4632
Diffusion Model + LLM,-96.5781,-1.267
Diffusion Model + LLM,-54.2191,-72.4952
Diffusion Model + LLM,-6.9944,80.2271
Diffusion Model + LLM,0.6419,77.0235
Diffusion Model + LLM,-60.4673,-29.3434
Diffusion Model + LLM,-4.1986,-49.9548
Diffusion Model + LLM,15.6875,41.4438
Diffusion Model + LLM,-75.0036,39.0798
Diffusion Model + LLM,-1.7046,-5.9348
Diffusion Model + LLM,-83.0521,23.522
Diffusion Model + LLM,-23.4845,46.6055
Diffusion Model + LLM,-56.0759,11.567
Diffusion Model + LLM,-67.7712,-31.2011
Diffusion Model + LLM,8.716,4.7598
Diffusion Model + LLM,-3.454,82.3371
Diffusion Model + LLM,-92.0899,25.2024
Diffusion Model + LLM,-65.555,-32.2649
Diffusion Model + LLM,-67.8433,10.6559
Diffusion Model + LLM,-69.5339,25.9252
Diffusion Model + LLM,-30.4287,80.8011
Diffusion Model + LLM,-20.5795,-60.1377
Diffusion Model + LLM,-57.1229,0.5428
Diffusion Model + LLM,-17.5575,-26.2801
Diffusion Model + LLM,-28.4347,-58.6406
Diffusion Model + LLM,-48.0102,46.9752
Diffusion Model + LLM,-29.2666,37.3131
Diffusion Model + LLM,-69.1742,-44.0568
Diffusion Model + LLM,-17.8945,12.5928
Diffusion Model + LLM,-0.7888,-46.4714
Diffusion Model + LLM,-44.1162,39.9602
Diffusion Model + LLM,5.5576,-95.4596
Diffusion Model + LLM,-30.9106,-70.2573
Diffusion Model + LLM,-9.5975,-67.3763
Diffusion Model + LLM,12.149,-94.3139
Diffusion Model + LLM,-20.8368,38.6965
Diffusion Model + LLM,11.877,63.8817
Diffusion Model + LLM,-19.2977,-72.5227
Diffusion Model + LLM,-14.1278,-46.0228
Diffusion Model + LLM,-5.5322,-42.8142
Diffusion Model + LLM,-9.5332,-67.9124
Diffusion Model + LLM,-13.8259,57.6682
Diffusion Model + LLM,-89.7171,21.2699
Diffusion Model + LLM,-71.2285,22.692
Diffusion Model + LLM,0.7803,-19.612
Diffusion Model + LLM,-1.4019,-8.2537
Diffusion Model + LLM,-14.859,-22.7064
Diffusion Model + LLM,23.4578,-87.0442
Diffusion Model + LLM,4.5358,65.8197
Diffusion Model + LLM,-2.1602,51.4747
Diffusion Model + LLM,-14.1418,49.8989
Diffusion Model + LLM,-30.9882,-53.0013
Diffusion Model + LLM,-36.9682,30.7408
Diffusion Model + LLM,-20.578,15.113
Diffusion Model + LLM,-10.8945,-48.254
Diffusion Model + LLM,-0.1114,8.6753
Diffusion Model + LLM,0.4483,61.6069
Diffusion Model + LLM,-24.941,11.8872
Diffusion Model + LLM,-39.6223,-54.7771
Diffusion Model + LLM,6.592,-93.8892
Diffusion Model + LLM,-22.321,-3.6727
Diffusion Model + LLM,-37.0623,-65.8777
Diffusion Model + LLM,-64.427,17.1257
Diffusion Model + LLM,20.9921,-82.8708
Diffusion Model + LLM,4.4426,44.0333
Diffusion Model + LLM,-96.0607,19.5416
Diffusion Model + LLM,-68.6954,2.0446
Diffusion Model + LLM,-65.4477,56.0917
Diffusion Model + LLM,-4.1216,-6.5695
Diffusion Model + LLM,-21.888,14.1539
Diffusion Model + LLM,-32.4683,82.3421
Diffusion Model + LLM,-59.6309,-8.9306
Diffusion Model + LLM,-13.3772,-19.3677
Diffusion Model + LLM,-94.6084,24.7146
Diffusion Model + LLM,-26.0691,-5.5116
Diffusion Model + LLM,0.8122,-67.2643
Diffusion Model + LLM,-53.2481,66.5725
Diffusion Model + LLM,-69.9042,60.9022
Diffusion Model + LLM,-59.5498,-37.2554
Diffusion Model + LLM,-7.7671,-25.6111
Diffusion Model + LLM,-34.4545,15.1715
Diffusion Model + LLM,-30.7184,10.4191
Diffusion Model + LLM,-22.5155,58.7223
Diffusion Model + LLM,-23.6697,-3.1153
Diffusion Model + LLM,14.424,19.8365
Diffusion Model + LLM,-9.777,50.8144
Diffusion Model + LLM,-27.7615,-9.6453
Diffusion Model + LLM,-76.6277,-0.5062
Diffusion Model + LLM,-70.7898,11.8232
Diffusion Model + LLM,-8.9189,26.3626
Diffusion Model + LLM,-41.1182,37.67
Diffusion Model + LLM,-35.4931,-86.9636
Diffusion Model + LLM,0.1266,44.9916
Diffusion Model + LLM,-26.9135,42.8583
Diffusion Model + LLM,-76.3216,0.9469
Diffusion Model + LLM,-3.6344,17.6467
Diffusion Model + LLM,-29.312,63.4085
Diffusion Model + LLM,-3.2262,-28.0999
Diffusion Model + LLM,-18.805,-65.4951
Diffusion Model + LLM,-13.4333,20.9719
Diffusion Model + LLM,-1.0262,84.3013
Diffusion Model + LLM,-59.8343,18.0916
Diffusion Model + LLM,11.1483,-72.9356
Diffusion Model + LLM,-40.854,-51.7924
Diffusion Model + LLM,-63.3813,-48.0227
Diffusion Model + LLM,-35.3456,57.5491
Diffusion Model + LLM,-30.0779,-20.7483
Diffusion Model + LLM,-48.2876,-1.8618
Diffusion Model + LLM,-83.4216,15.4154
Diffusion Model + LLM,-41.2732,85.1367
Diffusion Model + LLM,-57.1684,40.8999
Diffusion Model + LLM,4.8045,69.748
Diffusion Model + LLM,1.5208,-28.9893
Diffusion Model + LLM,13.0497,20.6967
Diffusion Model + LLM,-46.1476,9.211
Diffusion Model + LLM,1.1807,-50.4031
Diffusion Model + LLM,-83.0509,23.5506
Diffusion Model + LLM,-1.8785,58.8987
Diffusion Model + LLM,-53.0825,79.4217
Diffusion Model + LLM,17.07,-98.2806
Diffusion Model + LLM,-31.5354,-78.7008
Diffusion Model + LLM,-33.4295,-14.3054
Diffusion Model + LLM,-46.7545,35.1737
Diffusion Model + LLM,-63.569,60.3023
Diffusion Model + LLM,-51.2197,38.2136
Diffusion Model + LLM,1.6191,-71.5548
Diffusion Model + LLM,-30.8186,55.8005
Diffusion Model + LLM,-13.9049,-69.6613
Diffusion Model + LLM,-9.4036,80.8939
Diffusion Model + LLM,-54.4997,44.362
Diffusion Model + LLM,-19.9595,20.3122
Diffusion Model + LLM,17.7417,-97.5788
Diffusion Model + LLM,-16.1637,-63.7849
Diffusion Model + LLM,-1.1693,-22.1731
Diffusion Model + LLM,-24.1409,-11.8045
Diffusion Model + LLM,-70.8724,-3.0685
Diffusion Model + LLM,-45.21,35.5349
Diffusion Model + LLM,46.9776,-58.2422
Diffusion Model + LLM,-55.9666,44.4138
Diffusion Model + LLM,6.4402,-96.0768
Diffusion Model + LLM,-20.5981,3.7176
Diffusion Model + LLM,-90.0068,27.1441
Diffusion Model + LLM,16.3095,21.4092
Diffusion Model + LLM,-24.8412,-11.0275
Diffusion Model + LLM,-6.1756,54.1426
Diffusion Model + LLM,-14.2536,86.6725
Diffusion Model + LLM,-48.4967,65.8168
Diffusion Model + LLM,-29.3193,-83.8984
Diffusion Model + LLM,2.6493,68.2205
Diffusion Model + LLM,-44.0085,45.2718
Diffusion Model + LLM,7.8833,-78.7501
Diffusion Model + LLM,1.4558,90.1587
Diffusion Model + LLM,-39.4639,-28.6612
Diffusion Model + LLM,-83.3011,15.3557
Diffusion Model + LLM,-50.0872,42.5892
Diffusion Model + LLM,-29.7774,-54.7087
Diffusion Model + LLM,-57.2323,-2.3499
Diffusion Model + LLM,-29.2864,-83.7471
Diffusion Model + LLM,-2.74,-29.7776
Diffusion Model + LLM,-24.3651,-29.6515
Diffusion Model + LLM,-60.9498,80.9178
Diffusion Model + LLM,-72.1553,-18.525
Diffusion Model + LLM,-8.9605,-27.9266
Diffusion Model + LLM,-24.172,74.6603
Diffusion Model + LLM,6.194,21.9762
Diffusion Model + LLM,-15.1365,-69.7022
Diffusion Model + LLM,9.4692,-67.6039
Diffusion Model + LLM,9.2891,-92.0715
Diffusion Model + LLM,-40.241,27.6547
Diffusion Model + LLM,21.5933,-1.3484
Diffusion Model + LLM,-28.9706,-7.0696
Diffusion Model + LLM,0.4993,-44.0829
Diffusion Model + LLM,-82.9061,23.3424
Diffusion Model + LLM,-66.1066,44.1722
Diffusion Model + LLM,-14.1167,29.996
Diffusion Model + LLM,-11.2044,46.1419
Diffusion Model + LLM,-34.4049,54.6613
Diffusion Model + LLM,-13.7158,44.6535
Diffusion Model + LLM,-5.4856,18.4363
Diffusion Model + LLM,-83.4254,56.486
Diffusion Model + LLM,-4.2734,55.027
Diffusion Model + LLM,-30.7346,77.2406
Diffusion Model + LLM,-51.0059,26.4317
Diffusion Model + LLM,-62.5023,-35.8666
Diffusion Model + LLM,-9.2863,-0.2595
Diffusion Model + LLM,-33.0688,-83.2303
Diffusion Model + LLM,-25.5246,31.3268
Diffusion Model + LLM,-32.5263,76.7769
Diffusion Model + LLM,-9.7264,65.7494
Diffusion Model + LLM,11.9936,4.2886
Diffusion Model + LLM,-4.1925,-74.9052
Diffusion Model + LLM,-91.7511,38.9471
Diffusion Model + LLM,-2.8796,18.0659
Diffusion Model + LLM,-5.7828,47.7057
Diffusion Model + LLM,-4.0911,-92.8065
Diffusion Model + LLM,-5.1991,54.3947
Diffusion Model + LLM,-87.2733,29.885
Diffusion Model + LLM,-55.3838,43.6772
Diffusion Model + LLM,-18.0662,29.1836
Diffusion Model + LLM,-19.6087,-77.0031
Diffusion Model + LLM,-30.0207,-19.9438
Diffusion Model + LLM,-30.0968,-1.4332
Diffusion Model + LLM,-50.1011,33.1633
Diffusion Model + LLM,-46.377,9.3367
Diffusion Model + LLM,-45.9045,65.3388
Diffusion Model + LLM,-30.6851,2.6016
Diffusion Model + LLM,-10.8964,48.9696
Diffusion Model + LLM,0.5543,6.7326
Diffusion Model + LLM,-41.145,-63.3022
Diffusion Model + LLM,-51.848,84.2024
Diffusion Model + LLM,-53.0962,65.8605
Diffusion Model + LLM,-42.1591,45.3495
Diffusion Model + LLM,11.9316,-1.8131
Diffusion Model + LLM,-8.5325,19.1019
Diffusion Model + LLM,-62.9504,-41.4733
Diffusion Model + LLM,-32.9304,89.0236
Diffusion Model + LLM,-33.6696,-6.1841
Diffusion Model + LLM,-32.0477,73.6545
Diffusion Model + LLM,-75.2945,6.9263
Diffusion Model + LLM,-17.6233,53.4531
Diffusion Model + LLM,-31.0708,54.8646
Diffusion Model + LLM,-23.3823,71.6019
Diffusion Model + LLM,-10.2243,46.4784
Diffusion Model + LLM,-4.9321,-16.3048
Diffusion Model + LLM,8.1863,75.5143
Diffusion Model + LLM,-85.2231,32.8275
Diffusion Model + LLM,-63.1773,7.6373
Diffusion Model + LLM,-8.8019,-76.0902
Diffusion Model + LLM,1.3106,66.3843
Diffusion Model + LLM,-34.4407,-64.3772
Diffusion Model + LLM,4.2474,30.5094
Diffusion Model + LLM,-32.8483,90.1702
Diffusion Model + LLM,-44.0156,17.8814
Diffusion Model + LLM,-9.2403,59.9088
Diffusion Model + LLM,18.4236,-1.8501
Diffusion Model + LLM,-64.9133,42.2813
Diffusion Model + LLM,-12.0054,58.1846
Diffusion Model + LLM,-33.1951,-19.9454
Diffusion Model + LLM,-62.0547,-6.7845
Diffusion Model + LLM,-44.7931,-0.5919
Diffusion Model + LLM,-29.4886,20.7756
Diffusion Model + LLM,-14.4848,-42.3665
Diffusion Model + LLM,-3.0799,-41.4921
Diffusion Model + LLM,-12.9791,-41.4007
Diffusion Model + LLM,-25.1365,-44.6849
Diffusion Model + LLM,-38.4701,38.961
Diffusion Model + LLM,-8.2026,75.6503
Diffusion Model + LLM,-25.01,18.1869
Diffusion Model + LLM,9.9723,3.9238
Diffusion Model + LLM,-13.5748,50.7317
Diffusion Model + LLM,5.3561,-55.4839
Diffusion Model + LLM,9.4585,-93.2376
Diffusion Model + LLM,-27.8517,4.1781
Diffusion Model + LLM,-45.7431,-10.6999
Diffusion Model + LLM,8.7951,-56.1921
Diffusion Model + LLM,-47.9179,-10.7656
Diffusion Model + LLM,-4.8872,8.3181
Diffusion Model + LLM,2.8504,-81.7835
Diffusion Model + LLM,-87.1649,-4.743
Diffusion Model + LLM,20.0546,15.5001
Diffusion Model + LLM,-57.4524,8.1255
Diffusion Model + LLM,-13.3246,-74.385
Diffusion Model + LLM,-3.6162,-40.9554
Diffusion Model + LLM,-25.3376,34.5106
Diffusion Model + LLM,-32.465,-4.6481
Diffusion Model + LLM,-41.7293,-1.7818
Diffusion Model + LLM,-14.2952,-90.0976
Diffusion Model + LLM,-3.5507,42.9188
Diffusion Model + LLM,16.0875,29.1652
Diffusion Model + LLM,2.9429,-3.1978
Diffusion Model + LLM,-33.3484,1.9277
Diffusion Model + LLM,-61.1242,2.95
Diffusion Model + LLM,-12.6738,87.2059
Diffusion Model + LLM,8.6952,65.7536
Diffusion Model + LLM,-39.5964,-28.5472
Diffusion Model + LLM,-39.3554,41.3154
Diffusion Model + LLM,1.5015,6.459
Diffusion Model + LLM,6.1508,-96.1641
Diffusion Model + LLM,-67.6611,4.9272
Diffusion Model + LLM,-14.7956,-74.1449
Diffusion Model + LLM,-33.7932,88.0658
Diffusion Model + LLM,-43.1947,-12.8709
Diffusion Model + LLM,6.2096,32.2847
Diffusion Model + LLM,-2.05,79.468
Diffusion Model + LLM,-9.8593,-2.741
Diffusion Model + LLM,16.8772,21.2157
Diffusion Model + LLM,-9.725,57.0075
Diffusion Model + LLM,-30.0001,62.3455
Diffusion Model + LLM,-75.0706,20.5645
Diffusion Model + LLM,9.6781,-75.2722
Diffusion Model + LLM,-45.8772,79.1159
Diffusion Model + LLM,-42.1561,-52.3722
Diffusion Model + LLM,-28.1969,72.4563
Diffusion Model + LLM,-33.036,-80.4477
Diffusion Model + LLM,-85.3132,33.1376
Diffusion Model + LLM,-0.713,-60.0852
Diffusion Model + LLM,16.248,7.5108
Diffusion Model + LLM,-28.1066,70.5739
Diffusion Model + LLM,-16.202,8.0326
Diffusion Model + LLM,-32.4211,82.3559
Diffusion Model + LLM,-17.6457,31.8026
Diffusion Model + LLM,-55.1743,-12.0287
Diffusion Model + LLM,4.2452,44.3429
Diffusion Model + LLM,5.4077,73.8527
Diffusion Model + LLM,-16.0656,24.0552
Diffusion Model + LLM,-49.0545,-60.7678
Diffusion Model + LLM,-71.2977,22.176
Diffusion Model + LLM,-93.7389,20.1303
Diffusion Model + LLM,20.072,34.0505
Diffusion Model + LLM,-69.6852,-41.0236
Diffusion Model + LLM,-20.7879,-14.4366
Diffusion Model + LLM,-73.1297,-36.0162
Diffusion Model + LLM,20.4603,14.7936
Diffusion Model + LLM,-17.8813,-92.8362
Diffusion Model + LLM,-38.9041,-21.3251
Diffusion Model + LLM,-24.6094,53.8509
Diffusion Model + LLM,7.7917,-96.6398
Diffusion Model + LLM,-24.3917,15.3835
Diffusion Model + LLM,7.8189,57.2259
Diffusion Model + LLM,-43.3326,16.7522
Diffusion Model + LLM,-56.3485,15.6387
Diffusion Model + LLM,-38.7899,84.5749
Diffusion Model + LLM,-45.6954,-9.9272
Diffusion Model + LLM,-70.9664,-6.8818
Diffusion Model + LLM,17.8634,49.2929
Diffusion Model + LLM,15.7817,-13.4063
Diffusion Model + LLM,6.4406,88.5915
Diffusion Model + LLM,13.7056,-98.2204
Diffusion Model + LLM,-17.7059,-69.4845
Diffusion Model + LLM,-69.8852,-16.1976
Diffusion Model + LLM,-4.1974,-18.8494
Diffusion Model + LLM,-11.2661,35.3952
Diffusion Model + LLM,-55.4684,33.6869
Diffusion Model + LLM,-57.707,13.0611
Diffusion Model + LLM,-16.7785,-0.0962
Diffusion Model + LLM,-57.3617,0.3789
Diffusion Model + LLM,-44.7371,-6.1694
Diffusion Model + LLM,-23.0756,52.9577
Diffusion Model + LLM,-40.7086,70.7132
Diffusion Model + LLM,3.5733,-29.2932
Diffusion Model + LLM,-9.7684,34.6091
Diffusion Model + LLM,-0.2173,60.988
Diffusion Model + LLM,20.8651,55.2031
Diffusion Model + LLM,1.5429,-20.784
Diffusion Model + LLM,-64.6223,-32.3965
Diffusion Model + LLM,-14.6343,-75.2932
Diffusion Model + LLM,-47.6142,10.3083
Diffusion Model + LLM,-21.3658,10.2445
Diffusion Model + LLM,-25.3773,-67.172
Diffusion Model + LLM,-19.8352,6.93
Diffusion Model + LLM,-30.7098,81.5995
Diffusion Model + LLM,-41.5561,-65.9471
Diffusion Model + LLM,-85.1942,6.4886
Diffusion Model + LLM,-18.4306,17.7535
Diffusion Model + LLM,-65.5044,62.4285
Diffusion Model + LLM,-7.4682,-46.6873
Diffusion Model + LLM,-80.7515,4.6367
Diffusion Model + LLM,-21.8677,45.2293
Diffusion Model + LLM,-2.05,4.4942
Diffusion Model + LLM,-22.4219,-48.3167
Diffusion Model + LLM,-62.0541,54.978
Diffusion Model + LLM,-25.6443,-91.5559
Diffusion Model + LLM,-54.2879,-69.6645
Diffusion Model + LLM,-60.4484,76.4336
Diffusion Model + LLM,-71.0377,19.0833
Diffusion Model + LLM,-1.0586,-4.0026
Diffusion Model + LLM,-18.2638,24.6853
Diffusion Model + LLM,-1.5096,-4.6253
Diffusion Model + LLM,-4.9579,1.3503
Diffusion Model + LLM,-0.9777,-59.9437
Diffusion Model + LLM,-59.1208,35.2374
Diffusion Model + LLM,-12.0913,-14.3208
Diffusion Model + LLM,-52.5315,21.6958
Diffusion Model + LLM,-27.7236,-68.3449
Diffusion Model + LLM,-98.1803,20.4318
Diffusion Model + LLM,2.3002,93.0987
Diffusion Model + LLM,14.8053,8.0416
Diffusion Model + LLM,-51.6954,-0.2867
Diffusion Model + LLM,-51.0289,54.6152
Diffusion Model + LLM,-22.0148,19.1313
Diffusion Model + LLM,-68.5113,-31.5337
Diffusion Model + LLM,-44.7448,66.7671
Diffusion Model + LLM,12.3727,17.8154
Diffusion Model + LLM,-90.7519,24.855
Diffusion Model + LLM,-10.3895,75.5713
Diffusion Model + LLM,-18.6841,47.7833
Diffusion Model + LLM,14.0921,3.6204
Diffusion Model + LLM,-48.4141,-0.8394
Diffusion Model + LLM,-2.0414,-5.3866
Diffusion Model + LLM,-55.2433,-5.8409
Diffusion Model + LLM,2.9255,-67.1138
Diffusion Model + LLM,-5.7936,1.4396
Diffusion Model + LLM,-86.3526,-7.609
Diffusion Model + LLM,-11.8644,48.8521
Diffusion Model + LLM,-4.5035,-26.7055
Diffusion Model + LLM,-20.6663,44.2717
Diffusion Model + LLM,-21.9125,40.5471
Diffusion Model + LLM,-67.0783,34.7382
Diffusion Model + LLM,15.5878,35.1352
Diffusion Model + LLM,1.7565,73.1686
Diffusion Model + LLM,-50.8123,-14.2535
Diffusion Model + LLM,-63.5895,6.2271
Diffusion Model + LLM,22.8939,37.6638
Diffusion Model + LLM,-63.6905,11.095
Diffusion Model + LLM,-14.3401,72.6546
Diffusion Model + LLM,10.2716,-69.9392
Diffusion Model + LLM,9.8662,26.2009
Diffusion Model + LLM,-2.9179,-52.0597
Diffusion Model + LLM,-34.0782,-23.2575
Diffusion Model + LLM,-0.8608,-31.4084
Diffusion Model + LLM,-14.9334,76.4322
Diffusion Model + LLM,-39.4875,-53.2401
Diffusion Model + LLM,-3.4577,40.1497
Diffusion Model + LLM,-28.6108,66.7149
Diffusion Model + LLM,-81.3964,30.3562
Diffusion Model + LLM,6.4462,-49.9771
Diffusion Model + LLM,-88.3847,-1.1229
Diffusion Model + LLM,18.4627,-98.0861
Diffusion Model + LLM,-46.5503,-23.4697
Diffusion Model + LLM,11.0929,83.7391
Diffusion Model + LLM,-50.4539,-20.0638
Diffusion Model + LLM,-20.7236,-54.4137
Diffusion Model + LLM,-14.911,59.1446
Diffusion Model + LLM,-20.0232,64.495
Diffusion Model + LLM,-32.006,-64.0485
Diffusion Model + LLM,-78.2081,8.5951
Diffusion Model + LLM,-3.652,-41.22
Diffusion Model + LLM,-86.9845,28.3032
Diffusion Model + LLM,18.5664,-89.5341
Diffusion Model + LLM,-47.0541,-36.4117
Diffusion Model + LLM,-76.495,-20.2411
Diffusion Model + LLM,-43.6005,61.6813
Diffusion Model + LLM,-37.3811,3.4247
Diffusion Model + LLM,-42.0127,-66.1278
Diffusion Model + LLM,-92.1115,37.6292
Diffusion Model + LLM,-50.0626,60.8562
Diffusion Model + LLM,-55.5719,-4.6391
Diffusion Model + LLM,-90.1117,36.0507
Diffusion Model + LLM,-49.5816,-19.8879
Diffusion Model + LLM,23.1702,-3.1501
Diffusion Model + LLM,-65.5031,-36.523
Diffusion Model + LLM,-62.6279,5.8571
Diffusion Model + LLM,-39.5469,-6.7351
Diffusion Model + LLM,-89.4727,18.6137
Diffusion Model + LLM,-25.4172,16.2228
Diffusion Model + LLM,17.4704,36.2781
Diffusion Model + LLM,0.519,5.1193
Diffusion Model + LLM,-30.1665,-25.8412
Diffusion Model + LLM,-41.354,-2.0524
Diffusion Model + LLM,7.8199,-26.5356
Diffusion Model + LLM,-75.7628,37.8
Diffusion Model + LLM,1.6747,54.0179
Diffusion Model + LLM,-65.3493,41.7042
Diffusion Model + LLM,1.1958,-19.6714
Diffusion Model + LLM,6.0884,81.212
Diffusion Model + LLM,-64.9889,22.0024
Diffusion Model + LLM,10.3748,14.741
Diffusion Model + LLM,-27.3836,24.7062
Diffusion Model + LLM,-37.7391,2.614
Diffusion Model + LLM,-3.4412,42.9233
Diffusion Model + LLM,-28.9347,-90.8985
Diffusion Model + LLM,-47.8053,0.1138
Diffusion Model + LLM,-1.2658,43.2268
Diffusion Model + LLM,10.8171,-75.4356
Diffusion Model + LLM,-52.7032,81.7653
Diffusion Model + LLM,-54.084,-21.1143
Diffusion Model + LLM,-36.8096,85.4066
Diffusion Model + LLM,-4.2368,-66.7837
Diffusion Model + LLM,8.3133,-69.3112
Diffusion Model + LLM,-19.1521,-50.307
Diffusion Model + LLM,6.3175,38.3981
Diffusion Model + LLM,-27.2999,43.5896
Diffusion Model + LLM,-12.5781,-81.5001
Diffusion Model + LLM,-45.5176,60.772
Diffusion Model + LLM,-50.0631,-64.4868
Diffusion Model + LLM,-4.7301,52.7382
Diffusion Model + LLM,-64.5785,35.4861
Diffusion Model + LLM,-20.9785,-5.9124
Diffusion Model + LLM,-52.361,-15.189
Diffusion Model + LLM,-17.9083,-56.1493
Diffusion Model + LLM,9.8399,-56.4847
Diffusion Model + LLM,3.3409,76.2233
Diffusion Model + LLM,19.209,-86.7033
Diffusion Model + LLM,-24.3435,-76.3321
Diffusion Model + LLM,-29.027,-83.4075
Diffusion Model + LLM,-34.615,-60.2431
Diffusion Model + LLM,4.7465,-93.7121
Diffusion Model + LLM,-29.5702,-24.0189
Diffusion Model + LLM,-51.3287,44.061
Diffusion Model + LLM,0.1312,69.6937
Diffusion Model + LLM,-28.7169,-42.3023
Diffusion Model + LLM,-27.6038,-46.8563
Diffusion Model + LLM,-46.3693,-14.9904
Diffusion Model + LLM,-54.6243,-72.5115
Diffusion Model + LLM,-7.0223,-55.8093
Diffusion Model + LLM,-32.7465,15.8721
Diffusion Model + LLM,4.4751,12.349
Diffusion Model + LLM,14.3091,64.0773
Diffusion Model + LLM,-61.4168,-4.4897
Diffusion Model + LLM,9.2957,9.304
Diffusion Model + LLM,-51.3173,66.8106
Diffusion Model + LLM,5.5909,-56.5106
Diffusion Model + LLM,-75.0805,9.7034
Diffusion Model + LLM,-43.913,-58.2711
Diffusion Model + LLM,-33.7373,-53.2842
Diffusion Model + LLM,-33.5452,-72.2253
Diffusion Model + LLM,-43.5992,29.3811
Diffusion Model + LLM,2.5772,0.26
Diffusion Model + LLM,-47.8409,78.9779
Diffusion Model + LLM,17.7993,5.8702
Diffusion Model + LLM,16.5246,34.9863
Diffusion Model + LLM,-33.182,90.083
Diffusion Model + LLM,-35.8571,66.1091
Diffusion Model + LLM,-47.2988,-0.9577
Diffusion Model + LLM,-28.6243,32.0655
Diffusion Model + LLM,-55.2696,79.1697
Diffusion Model + LLM,-32.6461,68.6284
Diffusion Model + LLM,-70.0784,-35.4309
Diffusion Model + LLM,-28.2479,89.625
Diffusion Model + LLM,-19.9206,-48.7581
Diffusion Model + LLM,1.2481,21.1787
Diffusion Model + LLM,-40.613,-58.2419
Diffusion Model + LLM,-32.5916,89.0911
Diffusion Model + LLM,4.3139,-22.2032
Diffusion Model + LLM,-70.8403,40.2888
Diffusion Model + LLM,3.6067,-51.2229
Diffusion Model + LLM,1.4177,27.6703
Diffusion Model + LLM,-60.4737,75.9099
Diffusion Model + LLM,-37.633,54.1401
Diffusion Model + LLM,0.8018,6.6045
Diffusion Model + LLM,9.8163,-59.6613
Diffusion Model + LLM,-24.9983,37.0931
Diffusion Model + LLM,-56.7461,41.7937
Diffusion Model + LLM,-18.8232,36.6182
Diffusion Model + LLM,-54.4452,-70.1965
Diffusion Model + LLM,-71.2446,3.3613
Diffusion Model + LLM,-43.6298,-54.4182
Diffusion Model + LLM,-42.0625,35.5536
Diffusion Model + LLM,-77.8738,21.134
Diffusion Model + LLM,-66.7757,-40.3655
Diffusion Model + LLM,-41.438,-29.2074
Diffusion Model + LLM,-6.0427,-7.1859
Diffusion Model + LLM,-29.5357,20.786
Diffusion Model + LLM,-10.0059,21.2868
Diffusion Model + LLM,-5.5632,37.0332
Diffusion Model + LLM,-70.0407,60.0433
Diffusion Model + LLM,-41.9527,-55.3388
Diffusion Model + LLM,-55.4443,-12.9219
Diffusion Model + LLM,-90.356,-9.5592
Diffusion Model + LLM,6.8506,-26.5631
Diffusion Model + LLM,-53.1981,-65.4581
Diffusion Model + LLM,5.9477,-48.0972
Diffusion Model + LLM,-33.0363,25.7562
Diffusion Model + LLM,-5.6683,-94.1267
Diffusion Model + LLM,-19.0981,3.4632
Diffusion Model + LLM,-7.7575,-91.2055
Diffusion Model + LLM,-52.5363,43.4624
Diffusion Model + LLM,-31.8256,-89.1125
Diffusion Model + LLM,-37.4567,15.1293
Diffusion Model + LLM,11.5691,47.8623
Diffusion Model + LLM,12.125,65.1352
Diffusion Model + LLM,-64.4025,55.5833
Diffusion Model + LLM,-18.2285,-44.9429
Diffusion Model + LLM,-34.2075,77.1068
Diffusion Model + LLM,3.0354,77.7862
Diffusion Model + LLM,-2.2275,-60.6534
Diffusion Model + LLM,-46.0876,-20.1366
Diffusion Model + LLM,-44.4786,5.4265
Diffusion Model + LLM,6.5581,-48.2101
Diffusion Model + LLM,13.0389,-21.0832
Diffusion Model + LLM,-44.7063,-52.2122
Diffusion Model + LLM,-13.8206,8.9202
Diffusion Model + LLM,-30.651,76.2677
Diffusion Model + LLM,-26.0756,15.3628
Diffusion Model + LLM,20.5979,32.8988
Diffusion Model + LLM,-65.7438,57.3866
Diffusion Model + LLM,-44.4633,-51.8383
Diffusion Model + LLM,-54.948,-13.0136
Diffusion Model + LLM,-85.7759,13.3421
Diffusion Model + LLM,-79.0758,8.1445
Diffusion Model + LLM,-6.4433,70.1442
Diffusion Model + LLM,-9.5881,83.9919
Diffusion Model + LLM,5.1586,12.8514
Diffusion Model + LLM,-14.3867,-60.0635
Diffusion Model + LLM,12.3584,44.3826
Diffusion Model + LLM,-23.7233,44.8587
Diffusion Model + LLM,20.3657,4.0591
Diffusion Model + LLM,-4.9801,0.353
Diffusion Model + LLM,-32.497,26.0196
Diffusion Model + LLM,-61.1797,74.4149
Diffusion Model + LLM,-45.3848,28.492
Diffusion Model + LLM,-37.2788,14.4311
Diffusion Model + LLM,-60.9372,56.7607
Diffusion Model + LLM,4.446,-17.1001
Diffusion Model + LLM,-13.0502,-2.1561
Diffusion Model + LLM,1.537,-80.6639
Diffusion Model + LLM,-33.3956,1.6945
Diffusion Model + LLM,-1.4439,84.3058
Diffusion Model + LLM,2.2641,-69.7145
Diffusion Model + LLM,-6.6376,-21.3662
Diffusion Model + LLM,-6.7598,-0.8914
Diffusion Model + LLM,-19.6688,-45.0717
Diffusion Model + LLM,-37.5319,19.979
Diffusion Model + LLM,10.9983,-4.4419
Diffusion Model + LLM,5.7163,74.0661
Diffusion Model + LLM,-97.1615,18.5941
Diffusion Model + LLM,-64.3259,-30.2086
Diffusion Model + LLM,-1.6251,-30.1993
Diffusion Model + LLM,-63.6274,44.0469
Diffusion Model + LLM,0.5342,-1.4412
Diffusion Model + LLM,-23.5437,62.6677
Diffusion Model + LLM,-37.1443,12.0585
Diffusion Model + LLM,-60.8132,-13.8408
Diffusion Model + LLM,3.7438,-4.9303
Diffusion Model + LLM,-71.6537,-15.7259
Diffusion Model + LLM,-21.8266,46.4055
Diffusion Model + LLM,20.1453,-86.7616
Diffusion Model + LLM,3.1601,26.7588
Diffusion Model + LLM,-61.6728,3.6006
Diffusion Model + LLM,-49.6389,-76.9976
Diffusion Model + LLM,-83.4608,1.221
Diffusion Model + LLM,-8.104,64.8841
Diffusion Model + LLM,-35.5019,-19.6198
Diffusion Model + LLM,-65.5046,18.4477
Diffusion Model + LLM,-13.1048,-83.3456
Diffusion Model + LLM,-74.4389,9.0334
Diffusion Model + LLM,-41.4399,-2.4048
Diffusion Model + LLM,-88.6672,2.2241
Diffusion Model + LLM,4.3716,-81.8638
Diffusion Model + LLM,-74.6305,21.2632
Diffusion Model + LLM,-34.3266,-22.5614
Diffusion Model + LLM,-95.515,-4.2358
Diffusion Model + LLM,-28.9209,-68.3135
Diffusion Model + LLM,-8.3003,-26.2169
Diffusion Model + LLM,-30.2864,-58.1555
Diffusion Model + LLM,-40.426,-67.1758
Diffusion Model + LLM,0.5583,6.8213
Diffusion Model + LLM,-35.4477,76.5405
Diffusion Model + LLM,-12.4238,8.9715
Diffusion Model + LLM,6.4282,-77.4418
Diffusion Model + LLM,-53.4506,19.61
Diffusion Model + LLM,-13.3668,1.0882
Diffusion Model + LLM,-90.9914,9.2845
Diffusion Model + LLM,-20.2939,48.4323
Diffusion Model + LLM,-0.8421,30.4763
Diffusion Model + LLM,-31.9999,-43.0861
Diffusion Model + LLM,-46.1028,-1.0877
Diffusion Model + LLM,-8.0592,69.6521
Diffusion Model + LLM,-31.5934,5.0008
Diffusion Model + LLM,-82.9735,-0.129
Diffusion Model + LLM,-0.7484,77.3899
Diffusion Model + LLM,-74.3199,10.583
Diffusion Model + LLM,-35.018,56.5124
Diffusion Model + LLM,-20.9924,55.7386
Diffusion Model + LLM,-16.8691,-59.6833
Diffusion Model + LLM,-63.7018,-18.2194
Diffusion Model + LLM,-93.9819,20.2643
Diffusion Model + LLM,10.8921,-2.8045
Diffusion Model + LLM,-4.3652,-7.9676
Diffusion Model + LLM,-32.6392,65.8907
Diffusion Model + LLM,-97.163,0.3923
Diffusion Model + LLM,12.8992,-91.7871
Diffusion Model + LLM,-56.8485,43.2485
Diffusion Model + LLM,-21.8416,-59.2359
Diffusion Model + LLM,-27.311,-5.0024
Diffusion Model + LLM,2.8868,79.1023
Diffusion Model + LLM,-27.8329,-12.219
Diffusion Model + LLM,-48.1315,48.091
Diffusion Model + LLM,6.5181,1.5733
Diffusion Model + LLM,-58.449,-9.0958
Diffusion Model + LLM,-44.3036,9.2715
Diffusion Model + LLM,-14.5507,21.0493
Diffusion Model + LLM,-31.0207,-62.1766
Diffusion Model + LLM,-79.4078,-5.8161
Diffusion Model + LLM,-47.1121,83.2066
Diffusion Model + LLM,-7.1147,-93.0544
Diffusion Model + LLM,-29.1557,-59.4412
Diffusion Model + LLM,-69.3083,-18.6419
Diffusion Model + LLM,-72.9511,35.337
Diffusion Model + LLM,-6.2412,-10.4289
Diffusion Model + LLM,-18.9254,64.2757
Diffusion Model + LLM,-28.408,56.8471
Diffusion Model + LLM,-31.5937,-46.0352
Diffusion Model + LLM,-29.2534,-22.7753
Diffusion Model + LLM,-5.7435,-86.1225
Diffusion Model + LLM,-23.9242,26.8974
Diffusion Model + LLM,-8.2869,-62.8437
Diffusion Model + LLM,11.8752,-22.703
Diffusion Model + LLM,7.6878,-94.7669
Diffusion Model + LLM,18.0901,-2.1281
Diffusion Model + LLM,-13.0445,-65.7032
Diffusion Model + LLM,7.3235,8.3803
Diffusion Model + LLM,15.4451,35.2017
Diffusion Model + LLM,-66.1235,2.5152
Diffusion Model + LLM,-39.1704,69.4896
Diffusion Model + LLM,-74.6422,5.6849
Diffusion Model + LLM,10.8317,7.975
Diffusion Model + LLM,-9.8767,62.0895
Diffusion Model + LLM,-8.769,-2.8554
Diffusion Model + LLM,-95.9759,0.3471
Diffusion Model + LLM,-67.0888,-13.0824
Diffusion Model + LLM,-70.1725,-33.4957
Diffusion Model + LLM,-27.7741,-22.3124
Diffusion Model + LLM,1.0753,-2.928
Diffusion Model + LLM,-23.3945,-52.1556
Diffusion Model + LLM,-72.1878,60.6837
Diffusion Model + LLM,-15.9716,-17.3109
Diffusion Model + LLM,20.7294,37.7313
Diffusion Model + LLM,-96.0881,20.7915
Diffusion Model + LLM,11.5261,-57.1872
Diffusion Model + LLM,-2.0676,-80.0132
Diffusion Model + LLM,-20.6865,3.7078
Diffusion Model + LLM,-85.2614,18.3477
Diffusion Model + LLM,0.8644,-9.235
Diffusion Model + LLM,-67.0352,53.8055
Diffusion Model + LLM,-61.5489,3.4561
Diffusion Model + LLM,18.1224,39.2851
Diffusion Model + LLM,-49.0315,9.632
Diffusion Model + LLM,-9.6075,5.8959
Diffusion Model + LLM,27.9248,-8.6357
Diffusion Model + LLM,-56.8302,43.3633
Diffusion Model + LLM,-35.4594,-86.9092
Diffusion Model + LLM,-4.9162,-4.4122
Diffusion Model + LLM,-4.8618,9.251
Diffusion Model + LLM,-44.7282,39.2002
Diffusion Model + LLM,4.1168,-70.2591
Diffusion Model + LLM,-17.0574,-69.3753
Diffusion Model + LLM,16.6371,16.5221
Diffusion Model + LLM,-2.4947,-77.0317
Diffusion Model + LLM,-28.7565,-43.8037
Diffusion Model + LLM,-3.4189,-8.4148
Diffusion Model + LLM,-4.4806,52.4981
Diffusion Model + LLM,-24.3583,-94.1691
Diffusion Model + LLM,30.8177,-65.7224
Diffusion Model + LLM,-48.0575,-20.5368
Diffusion Model + LLM,-49.1959,-6.4446
Diffusion Model + LLM,-9.8111,-31.1225
Diffusion Model + LLM,-89.6533,18.6487
Diffusion Model + LLM,-15.9747,-61.868
Diffusion Model + LLM,-83.3468,11.6878
Diffusion Model + LLM,-48.0848,48.1469
Diffusion Model + LLM,4.0928,62.3232
Diffusion Model + LLM,-10.9134,55.3121
Diffusion Model + LLM,-26.1659,-21.6056
Diffusion Model + LLM,-2.7611,-50.6387
Diffusion Model + LLM,-13.2803,-64.6079
Diffusion Model + LLM,10.3405,-0.7079
Diffusion Model + LLM,-12.9022,13.8655
Diffusion Model + LLM,-66.6638,15.4623
Diffusion Model + LLM,-44.6076,-59.7856
Diffusion Model + LLM,3.387,77.0351
Diffusion Model + LLM,-44.3091,27.2865
Diffusion Model + LLM,-18.7995,-49.4582
Diffusion Model + LLM,18.3421,59.1899
Diffusion Model + LLM,-74.0378,-19.3335
Diffusion Model + LLM,-4.604,-45.6851
Diffusion Model + LLM,0.8638,-72.0672
Diffusion Model + LLM,-25.203,-4.6159
Diffusion Model + LLM,-23.2536,69.4016
Diffusion Model + LLM,-29.6355,62.3142
Diffusion Model + LLM,-43.0167,27.8253
Diffusion Model + LLM,-1.7909,-18.8109
Diffusion Model + LLM,1.3832,61.4625
Diffusion Model + LLM,-30.0309,-55.4866
Diffusion Model + LLM,-24.1298,68.5264
Diffusion Model + LLM,20.8416,-85.9134
Diffusion Model + LLM,-16.1282,57.9538
Diffusion Model + LLM,-33.2717,89.949
Diffusion Model + LLM,-19.0038,3.2724
Diffusion Model + LLM,-31.5318,13.6164
Diffusion Model + LLM,15.529,-47.1566
Diffusion Model + LLM,-70.657,11.5189
Diffusion Model + LLM,-11.0273,16.9426
Diffusion Model + LLM,12.6256,22.3279
Diffusion Model + LLM,-20.3829,28.0492
Diffusion Model + LLM,-52.0971,74.4549
Diffusion Model + LLM,-26.5551,-7.3894
Diffusion Model + LLM,-27.2017,61.7735
Diffusion Model + LLM,-57.3135,72.3882
Diffusion Model + LLM,-49.5447,10.943
Diffusion Model + LLM,-74.017,0.9791
Diffusion Model + LLM,-48.0101,-20.5162
Diffusion Model + LLM,-51.7313,-14.2991
Diffusion Model + LLM,16.0646,15.7303
Diffusion Model + LLM,19.0365,4.6341
Diffusion Model + LLM,20.1648,56.9026
Diffusion Model + LLM,-26.6756,-8.8572
Diffusion Model + LLM,-65.701,61.8983
Diffusion Model + LLM,-29.9133,60.7448
Diffusion Model + LLM,-2.2636,-89.3368
Diffusion Model + LLM,-0.2835,-68.9489
Diffusion Model + LLM,-13.8178,9.1903
Diffusion Model + LLM,-4.8339,-16.5584
Diffusion Model + LLM,-74.1478,-14.1955
Diffusion Model + LLM,2.6377,90.5406
Diffusion Model + LLM,-55.3617,40.8674
Diffusion Model + LLM,-57.6131,32.553
Diffusion Model + LLM,-20.1666,67.7729
Diffusion Model + LLM,-63.9334,-29.7123
Diffusion Model + LLM,-9.7175,34.1743
Diffusion Model + LLM,-42.0973,9.7121
Diffusion Model + LLM,-35.1427,68.0015
Diffusion Model + LLM,-9.1027,-55.5578
Diffusion Model + LLM,28.5585,-46.8174
Diffusion Model + LLM,-44.3391,-81.3391
Diffusion Model + LLM,-40.6245,-62.2207
Diffusion Model + LLM,10.8924,30.5052
Diffusion Model + LLM,-68.3893,-39.8152
Diffusion Model + LLM,3.6945,-96.7018
Diffusion Model + LLM,-5.6928,77.0639
Diffusion Model + LLM,-62.3036,1.9375
Diffusion Model + LLM,-13.2757,31.0209
Diffusion Model + LLM,-49.9357,-0.2799
Diffusion Model + LLM,15.3786,54.7351
Diffusion Model + LLM,-0.7559,-58.382
Diffusion Model + LLM,-55.4375,33.6799
Diffusion Model + LLM,-32.204,-58.3608
Diffusion Model + LLM,-23.8747,-73.6192
Diffusion Model + LLM,-0.1649,-40.6776
Diffusion Model + LLM,-11.9063,20.4832
Diffusion Model + LLM,17.813,-97.6485
Diffusion Model + LLM,-37.3883,-73.5849
Diffusion Model + LLM,17.9267,50.0556
Diffusion Model + LLM,-5.6056,9.1552
Diffusion Model + LLM,0.5531,6.7505
Diffusion Model + LLM,-1.6312,76.9701
Diffusion Model + LLM,-59.8834,-31.5699
Diffusion Model + LLM,-92.8818,-9.3597
Diffusion Model + LLM,-81.7182,60.5893
Diffusion Model + LLM,-28.3405,-71.9361
Diffusion Model + LLM,-31.9953,-2.1401
Diffusion Model + LLM,2.8047,-56.7786
Diffusion Model + LLM,-15.2315,-0.5276
Diffusion Model + LLM,-48.8139,47.7095
Diffusion Model + LLM,0.9144,-89.4081
Diffusion Model + LLM,-32.9613,71.3632
Diffusion Model + LLM,8.9722,88.4322
Diffusion Model + LLM,-14.2268,11.8501
Diffusion Model + LLM,-38.5933,84.3165
Diffusion Model + LLM,-9.8228,53.5776
Diffusion Model + LLM,-43.9024,35.7595
Diffusion Model + LLM,-15.5103,83.6531
Diffusion Model + LLM,-78.4211,-18.2468
Diffusion Model + LLM,3.1946,-88.1638
Diffusion Model + LLM,9.3693,63.3908
Diffusion Model + LLM,11.5886,-89.1481
Diffusion Model + LLM,7.3367,7.063
Diffusion Model + LLM,-38.0202,71.7151
Diffusion Model + LLM,-4.8397,-16.7968
Diffusion Model + LLM,-53.997,-69.9855
Diffusion Model + LLM,-33.027,-74.9733
Diffusion Model + LLM,-8.1139,51.8853
Diffusion Model + LLM,-69.4704,39.5146
Diffusion Model + LLM,-18.2958,-57.4078
Diffusion Model + LLM,-15.8474,47.6889
Diffusion Model + LLM,-42.8581,-13.5112
Diffusion Model + LLM,6.5814,22.3934
Diffusion Model + LLM,-45.046,-81.6302
Diffusion Model + LLM,-46.6268,41.4573
Diffusion Model + LLM,10.8423,2.4987
Diffusion Model + LLM,-3.9553,31.3139
Diffusion Model + LLM,-33.8405,22.4401
Diffusion Model + LLM,-7.9082,-29.7126
Diffusion Model + LLM,-52.9364,-3.8542
Diffusion Model + LLM,-62.7367,5.2894
Diffusion Model + LLM,-33.1205,46.5964
Diffusion Model + LLM,-4.8913,12.6419
Diffusion Model + LLM,-81.1227,55.2655
Diffusion Model + LLM,-45.4579,26.5884
Diffusion Model + LLM,-23.1735,-24.5382
Diffusion Model + LLM,-6.0249,-10.7041
Diffusion Model + LLM,-25.3945,-91.247
Diffusion Model + LLM,-74.6391,-15.3812
Diffusion Model + LLM,17.6518,22.4696
Diffusion Model + LLM,12.8258,29.5062
Diffusion Model + LLM,-45.6333,42.0571
Diffusion Model + LLM,-45.5066,11.1565
Diffusion Model + LLM,-8.5328,-3.057
Diffusion Model + LLM,1.7789,-67.6511
Diffusion Model + LLM,-8.5381,77.3473
Diffusion Model + LLM,-82.5926,57.098
Diffusion Model + LLM,-14.3602,-80.039
Diffusion Model + LLM,-92.7433,18.4793
Diffusion Model + LLM,-25.0429,-44.454
Diffusion Model + LLM,1.7603,-80.0219
Diffusion Model + LLM,-28.7632,-75.211
Diffusion Model + LLM,5.1535,-92.5251
Diffusion Model + LLM,-40.3072,21.1249
Diffusion Model + LLM,-31.3474,-26.0888
Diffusion Model + LLM,-40.2555,88.6989
Diffusion Model + LLM,-55.974,64.1125
Diffusion Model + LLM,-71.3769,60.281
Diffusion Model + LLM,-33.2961,-88.5465
Diffusion Model + LLM,9.0145,16.7555
Diffusion Model + LLM,4.7814,-57.7648
Diffusion Model + LLM,-38.2334,73.3472
Diffusion Model + LLM,-24.1753,-90.3049
Diffusion Model + LLM,7.4627,15.9231
Diffusion Model + LLM,-34.3864,-77.6566
Diffusion Model + LLM,-35.0628,44.3219
Diffusion Model + LLM,-82.5984,57.1103
Diffusion Model + LLM,-94.9797,24.9859
Diffusion Model + LLM,9.8455,43.5346
Diffusion Model + LLM,-5.9302,-63.6202
Diffusion Model + LLM,-92.2728,23.8113
Diffusion Model + LLM,-74.6247,-7.8509
Diffusion Model + LLM,-4.2234,53.511
Diffusion Model + LLM,-52.9047,46.9848
Diffusion Model + LLM,10.004,58.5015
Diffusion Model + LLM,-46.6579,72.9525
Diffusion Model + LLM,-52.8955,-66.4182
Diffusion Model + LLM,5.3453,20.7557
Diffusion Model + LLM,1.012,15.056
Diffusion Model + LLM,-59.735,-10.3493
Diffusion Model + LLM,-19.2886,23.4728
Diffusion Model + LLM,-8.8272,-67.6713
Diffusion Model + LLM,8.1453,46.851
Diffusion Model + LLM,-5.3796,9.063
Diffusion Model + LLM,-1.2947,-59.586
Diffusion Model + LLM,-41.4931,-54.5152
Diffusion Model + LLM,-0.8405,-60.3233
Diffusion Model + LLM,17.6304,6.4246
Diffusion Model + LLM,-29.0708,-85.6808
Diffusion Model + LLM,-42.4512,-6.8764
Diffusion Model + LLM,-63.8847,51.5737
Diffusion Model + LLM,-3.6909,85.5524
Diffusion Model + LLM,13.417,-96.3953
Diffusion Model + LLM,-30.8389,84.6567
Diffusion Model + LLM,-29.1515,23.1505
Diffusion Model + LLM,-35.5481,74.0002
Diffusion Model + LLM,-34.3642,58.6341
Diffusion Model + LLM,-5.491,69.7647
Diffusion Model + LLM,-63.7398,-40.3614
Diffusion Model + LLM,-46.5857,-58.938
Diffusion Model + LLM,-7.2384,22.2148
Diffusion Model + LLM,-46.4296,-6.0501
Diffusion Model + LLM,-32.4332,-0.5011
Diffusion Model + LLM,-0.1527,90.3232
Diffusion Model + LLM,-64.5674,-2.595
Diffusion Model + LLM,20.5561,37.1896
Diffusion Model + LLM,-71.6328,-17.2141
Diffusion Model + LLM,-34.2891,36.4676
Diffusion Model + LLM,14.565,-3.143
Diffusion Model + LLM,-21.8902,-69.3726
Diffusion Model + LLM,-25.1906,71.4166
Diffusion Model + LLM,-1.7404,-26.9782
Diffusion Model + LLM,-31.9452,-24.4931
Diffusion Model + LLM,-5.6493,-92.4905
Diffusion Model + LLM,-21.77,-64.5402
Diffusion Model + LLM,-5.0911,29.357
Diffusion Model + LLM,-32.3809,-10.7022
Diffusion Model + LLM,-5.8019,52.9693
Diffusion Model + LLM,-36.7897,-79.0577
Diffusion Model + LLM,-66.5727,-2.1516
Diffusion Model + LLM,-38.167,15.083
Diffusion Model + LLM,-34.8181,89.2845
Diffusion Model + LLM,-79.1373,8.1315
Diffusion Model + LLM,-88.9337,3.6064
Diffusion Model + LLM,-80.2046,6.7409
Diffusion Model + LLM,-14.9286,-63.1618
Diffusion Model + LLM,-23.9682,26.9712
Diffusion Model + LLM,-47.5572,0.9938
Diffusion Model + LLM,-32.9617,12.6667
Diffusion Model + LLM,7.0854,-92.8609
Diffusion Model + LLM,-47.628,-78.3246
Diffusion Model + LLM,15.043,-13.6391
Diffusion Model + LLM,-3.9804,-18.816
Diffusion Model + LLM,19.3419,36.101
Diffusion Model + LLM,1.8555,-79.4174
Diffusion Model + LLM,-85.9458,29.8567
Diffusion Model + LLM,-87.3649,-4.2163
Diffusion Model + LLM,-13.0949,-73.5297
Diffusion Model + LLM,1.6298,78.4534
Diffusion Model + LLM,-48.0266,-35.446
Diffusion Model + LLM,-38.2975,-21.4893
Diffusion Model + LLM,-7.8999,30.3992
Diffusion Model + LLM,-25.4361,-51.5879
Diffusion Model + LLM,14.2913,53.686
Diffusion Model + LLM,16.7805,-5.1942
Diffusion Model + LLM,9.4273,83.7367
Diffusion Model + LLM,-74.6263,4.0604
Diffusion Model + LLM,-56.7131,70.4699
Diffusion Model + LLM,-86.5932,17.5429
Diffusion Model + LLM,-24.8921,53.4358
Diffusion Model + LLM,-39.2972,42.0387
Diffusion Model + LLM,-94.7553,24.379
Diffusion Model + LLM,12.6202,21.5305
Diffusion Model + LLM,-7.8132,42.9213
Diffusion Model + LLM,-69.4742,-7.688
Diffusion Model + LLM,-26.3935,-21.9332
Diffusion Model + LLM,-75.2353,-0.0477
Diffusion Model + LLM,-83.0478,6.9888
Diffusion Model + LLM,-28.1752,-65.341
Diffusion Model + LLM,-66.7005,52.4643
Diffusion Model + LLM,-83.3941,21.4442
Diffusion Model + LLM,-42.838,54.0614
Diffusion Model + LLM,-65.6234,15.7746
Diffusion Model + LLM,-3.672,31.5662
Diffusion Model + LLM,-39.5882,84.9141
Diffusion Model + LLM,-67.3935,4.3483
Diffusion Model + LLM,-67.9595,-14.494
Diffusion Model + LLM,-81.4391,56.6801
Diffusion Model + LLM,8.5608,-68.2897
Diffusion Model + LLM,-82.4347,-0.5588
Diffusion Model + LLM,-15.2042,33.5629
Diffusion Model + LLM,10.1812,-71.423
Diffusion Model + LLM,-55.4958,37.68
Diffusion Model + LLM,-82.8433,32.3616
Diffusion Model + LLM,-46.168,-55.1002
Diffusion Model + LLM,10.0183,2.5897
Diffusion Model + LLM,18.7709,59.0418
Diffusion Model + LLM,-96.2267,21.1591
Diffusion Model + LLM,-31.6136,-24.8755
Diffusion Model + LLM,-46.6417,-7.7918
Diffusion Model + LLM,-19.1038,38.9907
Diffusion Model + LLM,10.2731,43.5723
Diffusion Model + LLM,-4.9757,74.9365
Diffusion Model + LLM,-34.6376,-46.9663
Diffusion Model + LLM,14.2367,47.5004
Diffusion Model + LLM,-86.2244,-7.592
Diffusion Model + LLM,14.7357,7.5076
Diffusion Model + LLM,-21.0694,55.6584
Diffusion Model + LLM,-44.345,-4.1284
Diffusion Model + LLM,15.2495,22.3619
Diffusion Model + LLM,-43.1737,10.8612
Diffusion Model + LLM,-40.054,-28.2945
Diffusion Model + LLM,-23.9944,-3.7165
Diffusion Model + LLM,-11.4675,30.3356
Diffusion Model + LLM,-60.0738,54.1585
Diffusion Model + LLM,-51.4036,66.4032
Diffusion Model + LLM,-66.0528,43.368
Diffusion Model + LLM,-50.6407,78.5532
Diffusion Model + LLM,-19.0113,-91.8373
Diffusion Model + LLM,21.8701,15.9103
Diffusion Model + LLM,-12.1145,-80.5537
Diffusion Model + LLM,12.8241,30.8573
Diffusion Model + LLM,-74.7862,4.208
Diffusion Model + LLM,-44.8851,-81.5508
Diffusion Model + LLM,6.1727,32.2285
Diffusion Model + LLM,16.8994,8.443
Diffusion Model + LLM,-2.4466,23.0095
Diffusion Model + LLM,11.8593,-61.2596
Diffusion Model + LLM,-43.1805,23.8286
Diffusion Model + LLM,4.9242,5.3594
Diffusion Model + LLM,-38.8076,41.7551
Diffusion Model + LLM,6.9055,55.0745
Diffusion Model + LLM,5.1414,-63.2165
Diffusion Model + LLM,-16.4443,45.6199
Diffusion Model + LLM,-24.3736,29.5055
Diffusion Model + LLM,-51.1018,74.2977
Diffusion Model + LLM,-50.6448,-16.0596
Diffusion Model + LLM,-16.9498,-73.5952
Diffusion Model + LLM,-2.7045,-50.5713
Diffusion Model + LLM,-82.6667,19.1561
Diffusion Model + LLM,16.2241,8.7451
Diffusion Model + LLM,-0.5785,-8.8684
Diffusion Model + LLM,0.9251,25.8175
Diffusion Model + LLM,4.465,-1.1142
Diffusion Model + LLM,-13.7078,-63.5301
Diffusion Model + LLM,-11.5674,48.6828
Diffusion Model + LLM,2.5305,-68.5974
Diffusion Model + LLM,-49.9487,43.863
Diffusion Model + LLM,-46.8962,83.2054
Diffusion Model + LLM,-88.2585,25.4421
Diffusion Model + LLM,-47.0015,-11.8905
Diffusion Model + LLM,-76.6188,28.6173
Diffusion Model + LLM,-1.7446,-79.414
Diffusion Model + LLM,-63.5562,73.3242
Diffusion Model + LLM,1.6015,10.5527
Diffusion Model + LLM,14.5862,0.8245
Diffusion Model + LLM,-8.7426,8.5091
Diffusion Model + LLM,-69.0911,-44.331
Diffusion Model + LLM,-17.2663,-74.9452
Diffusion Model + LLM,9.909,34.655
Diffusion Model + LLM,-60.7961,75.8255
Diffusion Model + LLM,-46.1678,-57.9778
Diffusion Model + LLM,-5.0161,30.4178
Diffusion Model + LLM,-84.757,28.3176
Diffusion Model + LLM,-47.7315,84.5773
Diffusion Model + LLM,-42.788,-61.6008
Diffusion Model + LLM,1.9586,-22.0509
Diffusion Model + LLM,5.2415,-62.4267
Diffusion Model + LLM,-6.1034,-26.2876
Diffusion Model + LLM,-25.9822,-76.5573
Diffusion Model + LLM,-1.0744,24.9888
Diffusion Model + LLM,-12.1917,-19.7445
Diffusion Model + LLM,-17.4652,-50.3553
Diffusion Model + LLM,-35.912,12.9065
Diffusion Model + LLM,-19.4336,14.363
Diffusion Model + LLM,-69.8956,41.732
Diffusion Model + LLM,-24.5295,-73.8151
Diffusion Model + LLM,-17.6815,-57.8862
Diffusion Model + LLM,-38.5446,73.8521
Diffusion Model + LLM,-32.3841,21.3134
Diffusion Model + LLM,-21.7809,-74.2621
Diffusion Model + LLM,-9.9511,-59.963
Diffusion Model + LLM,-9.694,-68.0222
Diffusion Model + LLM,-14.3069,33.5661
Diffusion Model + LLM,-32.3419,0.1035
Diffusion Model + LLM,-53.3959,26.6844
Diffusion Model + LLM,-10.9931,57.5433
Diffusion Model + LLM,-21.0033,85.4651
Diffusion Model + LLM,-42.3849,73.9213
Diffusion Model + LLM,-66.0617,14.2738
Diffusion Model + LLM,-24.5593,34.6239
Diffusion Model + LLM,-91.6043,25.2576
Diffusion Model + LLM,-30.074,-3.3728
Diffusion Model + LLM,-6.8691,-25.3804
Diffusion Model + LLM,-47.3749,10.2812
Diffusion Model + LLM,-59.243,-9.5166
Diffusion Model + LLM,4.1638,61.123
Diffusion Model + LLM,-16.6215,48.8046
Diffusion Model + LLM,-19.1186,-40.7066
Diffusion Model + LLM,-33.1105,90.0344
Diffusion Model + LLM,-65.8485,-37.5687
Diffusion Model + LLM,-11.6016,-80.91
Diffusion Model + LLM,1.7449,39.0388
Diffusion Model + LLM,-67.9545,3.9016
Diffusion Model + LLM,1.3614,21.5864
Diffusion Model + LLM,1.8992,-19.642
Diffusion Model + LLM,9.9301,71.4073
Diffusion Model + LLM,-35.9462,-9.271
Diffusion Model + LLM,-36.4411,65.1796
Diffusion Model + LLM,-34.1466,76.9786
Diffusion Model + LLM,-44.0883,-62.8722
Diffusion Model + LLM,-4.7845,8.2518
Diffusion Model + LLM,-30.0875,-55.6564
Diffusion Model + LLM,-29.423,-57.159
Diffusion Model + LLM,-31.9991,12.4787
Diffusion Model + LLM,16.83,9.5109
Diffusion Model + LLM,-10.215,-69.5576
Diffusion Model + LLM,12.9979,30.3419
Diffusion Model + LLM,-9.8028,-2.9468
Diffusion Model + LLM,-60.7674,75.7416
Diffusion Model + LLM,-57.8612,44.5584
Diffusion Model + LLM,0.552,-78.3401
Diffusion Model + LLM,-27.2336,55.9658
Diffusion Model + LLM,-4.1154,-92.2523
Diffusion Model + LLM,-16.6661,73.6951
Diffusion Model + LLM,-95.6326,-1.5029
Diffusion Model + LLM,-26.8952,69.5232
Diffusion Model + LLM,-28.8966,-74.9276
Diffusion Model + LLM,-43.2799,55.9357
Diffusion Model + LLM,-64.1262,-36.7721
Diffusion Model + LLM,-16.5559,-21.6841
Diffusion Model + LLM,-38.6181,14.5242
Diffusion Model + LLM,-28.2776,-65.2982
Diffusion Model + LLM,-52.525,77.6975
Diffusion Model + LLM,-64.3079,60.778
Diffusion Model + LLM,16.654,-87.9652
Diffusion Model + LLM,-31.5751,79.0969
Diffusion Model + LLM,5.6755,67.1524
Diffusion Model + LLM,8.4944,-9.2493
Diffusion Model + LLM,-53.1153,-70.053
Diffusion Model + LLM,-10.7698,19.4064
Diffusion Model + LLM,10.0883,84.1481
Diffusion Model + LLM,-15.8566,-63.1706
Diffusion Model + LLM,18.0755,-89.5304
Diffusion Model + LLM,-31.8298,2.597
Diffusion Model + LLM,-43.7651,-62.9664
Diffusion Model + LLM,-32.3038,28.8219
Diffusion Model + LLM,-91.8893,17.2655
Diffusion Model + LLM,-55.58,14.2879
Diffusion Model + LLM,-53.6578,69.3439
Diffusion Model + LLM,4.9764,-56.9339
Diffusion Model + LLM,7.4413,85.9213
Diffusion Model + LLM,-1.2406,51.9178
Diffusion Model + LLM,-69.8281,-8.383
Diffusion Model + LLM,-35.4987,69.2716
Diffusion Model + LLM,-64.1326,63.0608
Diffusion Model + LLM,-73.2572,39.2746
Diffusion Model + LLM,-10.3604,58.7605
Diffusion Model + LLM,13.748,55.8455
Diffusion Model + LLM,-57.3885,-66.8526
Diffusion Model + LLM,-40.1506,26.4262
Diffusion Model + LLM,7.1384,-8.9177
Diffusion Model + LLM,-28.9333,-8.6686
Diffusion Model + LLM,-29.3008,69.6328
Diffusion Model + LLM,-6.523,-43.7459
Diffusion Model + LLM,-5.8636,-47.8768
Diffusion Model + LLM,-48.3545,9.7287
Diffusion Model + LLM,-24.2633,51.2226
Diffusion Model + LLM,-30.1908,-17.6279
Diffusion Model + LLM,8.5128,88.962
Diffusion Model + LLM,23.3545,-85.5136
Diffusion Model + LLM,13.3809,-73.3207
Diffusion Model + LLM,17.3049,-5.4004
Diffusion Model + LLM,-46.1666,65.5492
Diffusion Model + LLM,-56.6795,29.5159
Diffusion Model + LLM,-76.1802,41.1252
Diffusion Model + LLM,-42.0457,-34.6746
Diffusion Model + LLM,-58.9926,11.0687
Diffusion Model + LLM,8.1536,48.9477
Diffusion Model + LLM,7.7926,-59.635
Diffusion Model + LLM,-5.9831,-84.6196
Diffusion Model + LLM,-23.9143,53.9467
Diffusion Model + LLM,-1.3315,-76.0989
Diffusion Model + LLM,-39.6965,-55.1578
Diffusion Model + LLM,-65.6864,70.5079
Diffusion Model + LLM,12.0163,66.5668
Diffusion Model + LLM,-36.3308,1.4306
Diffusion Model + LLM,-0.7167,-7.5564
Diffusion Model + LLM,-22.9449,-52.6192
Diffusion Model + LLM,-5.6708,24.2839
Diffusion Model + LLM,-13.4491,20.4609
Diffusion Model + LLM,-26.3284,-16.6172
Diffusion Model + LLM,-47.4952,-6.9012
Diffusion Model + LLM,-8.5567,-53.1241
Diffusion Model + LLM,-24.3845,65.3703
Diffusion Model + LLM,-67.4699,-15.8943
Diffusion Model + LLM,22.3875,51.2707
Diffusion Model + LLM,-64.549,43.2991
Diffusion Model + LLM,-58.1635,55.0738
Diffusion Model + LLM,-74.5469,39.4397
Diffusion Model + LLM,-45.0395,-63.5886
Diffusion Model + LLM,2.4094,26.475
Diffusion Model + LLM,-45.1208,-4.7843
Diffusion Model + LLM,-35.3393,-57.0691
Diffusion Model + LLM,18.0055,20.3032
Diffusion Model + LLM,-33.1004,89.3898
Diffusion Model + LLM,-42.4192,-59.6235
Diffusion Model + LLM,-35.7689,88.9822
Diffusion Model + LLM,-90.8681,-7.7134
Diffusion Model + LLM,0.7064,77.7256
Diffusion Model + LLM,-58.2511,73.3279
Diffusion Model + LLM,-46.0547,-10.2193
Diffusion Model + LLM,-38.9496,-31.6477
Diffusion Model + LLM,-93.8616,20.0555
Diffusion Model + LLM,-13.2518,-75.0175
Diffusion Model + LLM,-11.4959,33.8004
Diffusion Model + LLM,-68.1592,-12.1205
Diffusion Model + LLM,-61.2834,32.7002
Diffusion Model + LLM,5.2263,73.2856
Diffusion Model + LLM,-41.8949,86.8838
Diffusion Model + LLM,3.1556,76.582
Diffusion Model + LLM,-44.4801,-30.3103
Diffusion Model + LLM,-9.5221,29.602
Diffusion Model + LLM,23.5263,-85.5351
Diffusion Model + LLM,5.8293,-71.1246
Diffusion Model + LLM,-18.2879,-57.3519
Diffusion Model + LLM,-66.2788,14.6087
Diffusion Model + LLM,-90.4299,35.962
Diffusion Model + LLM,-21.9476,34.0052
Diffusion Model + LLM,-7.4293,4.0028
Diffusion Model + LLM,-47.6082,-15.5249
Diffusion Model + LLM,-42.2077,-54.8408
Diffusion Model + LLM,-21.5412,69.4707
Diffusion Model + LLM,-2.6489,44.727
Diffusion Model + LLM,-57.3137,-6.5718
Diffusion Model + LLM,4.1372,-56.8651
Diffusion Model + LLM,-26.5623,-63.9049
Diffusion Model + LLM,-24.9286,-42.1743
Diffusion Model + LLM,-46.8303,-36.4342
Diffusion Model + LLM,-51.7366,74.2198
Diffusion Model + LLM,12.9506,14.5064
Diffusion Model + LLM,-37.2914,-63.3112
Diffusion Model + LLM,-58.9799,5.7952
Diffusion Model + LLM,-23.837,-73.5057
Diffusion Model + LLM,1.4711,-87.9297
Diffusion Model + LLM,-86.527,13.0682
Diffusion Model + LLM,-43.0329,34.1883
Diffusion Model + LLM,-2.1394,18.773
Diffusion Model + LLM,-67.8801,-35.3468
Diffusion Model + LLM,-56.4196,71.5646
Diffusion Model + LLM,-23.7878,-3.3238
Diffusion Model + LLM,-20.5478,85.9124
Diffusion Model + LLM,-19.1376,38.2454
Diffusion Model + LLM,-31.1636,22.8203
Diffusion Model + LLM,7.3962,-93.6796
Diffusion Model + LLM,17.6836,-66.0942
Diffusion Model + LLM,-30.4222,-22.1003
Diffusion Model + LLM,-15.6784,-67.7591
Diffusion Model + LLM,-74.2082,-16.8369
Diffusion Model + LLM,-20.3693,-15.4474
Diffusion Model + LLM,-12.7576,-79.3208
Diffusion Model + LLM,-7.4821,4.1445
Diffusion Model + LLM,6.5822,-25.3636
Diffusion Model + LLM,-15.7721,7.6792
Diffusion Model + LLM,17.2203,1.4947
Diffusion Model + LLM,11.0281,66.1705
Diffusion Model + LLM,-29.0573,32.3746
Diffusion Model + LLM,2.4976,87.4024
Diffusion Model + LLM,2.4011,44.1718
Diffusion Model + LLM,-13.1561,61.2888
Diffusion Model + LLM,-67.9689,-12.3822
Diffusion Model + LLM,-44.5526,-60.9886
Diffusion Model + LLM,14.2188,14.5882
Diffusion Model + LLM,-49.0033,68.2793
Diffusion Model + LLM,62.819,-41.7084
Diffusion Model + LLM,-57.6962,-69.0256
Diffusion Model + LLM,-25.5548,-12.9119
Diffusion Model + LLM,-66.9225,71.2794
Diffusion Model + LLM,-70.9329,-17.75
Diffusion Model + LLM,-4.4898,-92.0722
Diffusion Model + LLM,4.5953,86.6994
Diffusion Model + LLM,-64.8328,58.8805
Diffusion Model + LLM,-43.0682,23.7463
Diffusion Model + LLM,23.706,56.366
Diffusion Model + LLM,12.7889,-88.7862
Diffusion Model + LLM,11.1645,79.2939
Diffusion Model + LLM,-54.6043,-67.1919
Diffusion Model + LLM,8.8845,-83.8442
Diffusion Model + LLM,-21.9066,-16.4997
Diffusion Model + LLM,11.5253,4.5427
Diffusion Model + LLM,-64.7097,-35.2658
Diffusion Model + LLM,-36.382,54.9336
Diffusion Model + LLM,3.794,69.2433
Diffusion Model + LLM,-38.6698,-64.9273
Diffusion Model + LLM,-65.5358,12.9533
Diffusion Model + LLM,-17.4416,13.6395
Diffusion Model + LLM,-27.9881,0.489
Diffusion Model + LLM,-64.923,-5.8773
Diffusion Model + LLM,-89.7868,1.532
Diffusion Model + LLM,-76.3583,27.6378
Diffusion Model + LLM,-26.0457,-89.2256
Diffusion Model + LLM,-72.3766,28.9207
Diffusion Model + LLM,-27.323,-65.0898
Diffusion Model + LLM,-62.4208,59.7936
Diffusion Model + LLM,5.858,-63.6414
Diffusion Model + LLM,-5.6682,-97.7662
Diffusion Model + LLM,-67.5032,4.9561
Diffusion Model + LLM,11.0951,-5.1255
Diffusion Model + LLM,-22.911,19.9105
Diffusion Model + LLM,-6.4085,19.2794
Diffusion Model + LLM,10.5591,-8.9475
Diffusion Model + LLM,5.0045,27.6018
Diffusion Model + LLM,-43.1356,37.0149
Diffusion Model + LLM,-3.0675,-48.8103
Diffusion Model + LLM,-7.7238,-46.8267
Diffusion Model + LLM,10.2118,26.6131
Diffusion Model + LLM,-47.7562,23.454
Diffusion Model + LLM,-10.2518,74.7037
Diffusion Model + LLM,7.9718,8.6867
Diffusion Model + LLM,5.5565,-47.5705
Diffusion Model + LLM,-44.2544,38.4956
Diffusion Model + LLM,-66.9081,-12.1919
Diffusion Model + LLM,15.5664,-98.2803
Diffusion Model + LLM,-27.2928,74.5275
Diffusion Model + LLM,-21.274,-90.3011
Diffusion Model + LLM,-23.4334,-54.2949
Diffusion Model + LLM,-49.0264,-36.3129
Diffusion Model + LLM,-34.6753,87.8722
Diffusion Model + LLM,14.6533,19.8509
Diffusion Model + LLM,-71.2613,22.6741
Diffusion Model + LLM,-4.963,14.4825
Diffusion Model + LLM,-32.164,-81.8772
Diffusion Model + LLM,-39.2855,17.9971
Diffusion Model + LLM,-60.5462,-8.7191
Diffusion Model + LLM,-2.3974,-25.8813
Diffusion Model + LLM,-40.9774,-30.8041
Diffusion Model + LLM,-22.8234,-29.8626
Diffusion Model + LLM,-31.058,26.8514
Diffusion Model + LLM,14.8515,-4.6696
Diffusion Model + LLM,-39.4537,69.5341
Diffusion Model + LLM,-48.1099,-78.4571
Diffusion Model + LLM,7.7549,65.4506
Diffusion Model + LLM,-73.1698,0.4662
Diffusion Model + LLM,-24.8942,-65.9599
Diffusion Model + LLM,-24.8317,-63.2699
Diffusion Model + LLM,-19.6214,-23.8592
Diffusion Model + LLM,-60.7601,75.726
Diffusion Model + LLM,-65.5786,12.2718
Diffusion Model + LLM,-19.0108,56.5305
Diffusion Model + LLM,-73.5245,16.1373
Diffusion Model + LLM,-64.0058,-43.3139
Diffusion Model + LLM,-3.5743,43.1206
Diffusion Model + LLM,-53.738,20.2791
Diffusion Model + LLM,-1.1424,83.8409
Diffusion Model + LLM,-79.3071,29.59
Diffusion Model + LLM,-78.4131,-20.7988
Diffusion Model + LLM,-47.4946,35.9814
Diffusion Model + LLM,-47.2031,-58.8848
Diffusion Model + LLM,-43.69,-12.2051
Diffusion Model + LLM,-40.5756,14.6352
Diffusion Model + LLM,-10.6588,-23.221
Diffusion Model + LLM,-25.1082,28.8159
Diffusion Model + LLM,-32.0519,89.6306
Diffusion Model + LLM,-34.4716,-64.6793
Diffusion Model + LLM,-32.3932,-15.9618
Diffusion Model + LLM,-32.4158,16.875
Diffusion Model + LLM,-24.7375,38.3567
Diffusion Model + LLM,-17.293,51.2533
Diffusion Model + LLM,-5.0792,-45.273
Diffusion Model + LLM,-6.1478,-26.5367
Diffusion Model + LLM,-15.7477,-48.7925
Diffusion Model + LLM,-96.1139,20.7414
Diffusion Model + LLM,-72.6362,42.3895
Diffusion Model + LLM,-48.745,66.8693
Diffusion Model + LLM,-24.6655,-45.3634
Diffusion Model + LLM,-72.5659,42.857
Diffusion Model + LLM,-37.1638,55.9165
Diffusion Model + LLM,-19.3383,-43.1649
Diffusion Model + LLM,-55.571,40.5689
Diffusion Model + LLM,-13.3458,62.2604
Diffusion Model + LLM,0.4342,-55.3943
Diffusion Model + LLM,-54.2933,-9.1982
Diffusion Model + LLM,12.8832,33.6033
Diffusion Model + LLM,-16.0784,-17.3678
Diffusion Model + LLM,-30.0391,0.9366
Diffusion Model + LLM,-45.7188,19.8518
Diffusion Model + LLM,3.6496,43.862
Diffusion Model + LLM,-30.1764,-67.3765
Diffusion Model + LLM,-23.1217,-29.2894
Diffusion Model + LLM,-10.7388,76.9079
Diffusion Model + LLM,8.832,0.6272
Diffusion Model + LLM,5.8839,81.2941
Diffusion Model + LLM,-39.4867,-55.1948
Diffusion Model + LLM,4.9827,2.9251
Diffusion Model + LLM,17.3345,5.4356
Diffusion Model + LLM,-15.1852,53.056
Diffusion Model + LLM,-26.1059,-12.5742
Diffusion Model + LLM,-92.6483,28.4559
Diffusion Model + LLM,-20.7116,3.6044
Diffusion Model + LLM,-46.1428,8.8754
Diffusion Model + LLM,9.7052,15.6912
Diffusion Model + LLM,10.8194,-75.5487
Diffusion Model + LLM,-20.9653,-47.0026
Diffusion Model + LLM,10.2238,-71.3965
Diffusion Model + LLM,-92.655,13.9841
Diffusion Model + LLM,4.3813,-87.5154
Diffusion Model + LLM,-32.3142,-43.1805
Diffusion Model + LLM,-4.609,35.5554
Diffusion Model + LLM,-92.4561,36.8758
Diffusion Model + LLM,-6.7637,-67.3547
Diffusion Model + LLM,-0.1942,9.6921
Diffusion Model + LLM,-19.6808,-49.6945
Diffusion Model + LLM,-16.0672,-67.7484
Diffusion Model + LLM,17.0204,31.2698
Diffusion Model + LLM,-50.6367,-64.4463
Diffusion Model + LLM,-29.3788,-70.7557
Diffusion Model + LLM,-67.405,36.4924
Diffusion Model + LLM,-53.2038,43.6913
Diffusion Model + LLM,-49.5272,-66.9835
Diffusion Model + LLM,-44.7462,87.7585
Diffusion Model + LLM,-18.8509,-48.035
Diffusion Model + LLM,68.9035,-63.2116
Diffusion Model + LLM,-64.6608,-2.6481
Diffusion Model + LLM,-57.2532,-2.2273
Diffusion Model + LLM,-41.5711,-15.5426
Diffusion Model + LLM,-13.1929,-50.0442
Diffusion Model + LLM,-31.9906,52.8706
Diffusion Model + LLM,-3.6747,41.593
Diffusion Model + LLM,6.7092,-28.3355
Diffusion Model + LLM,1.0989,-0.0835
Diffusion Model + LLM,-19.2013,27.888
Diffusion Model + LLM,-6.0876,-60.5803
Diffusion Model + LLM,14.495,9.354
Diffusion Model + LLM,2.394,-29.7866
Diffusion Model + LLM,-14.0483,53.7082
Diffusion Model + LLM,-17.4014,-80.7601
Diffusion Model + LLM,-17.8581,10.5158
Diffusion Model + LLM,-91.9315,-0.7
Diffusion Model + LLM,-62.6943,-38.3428
Diffusion Model + LLM,15.5259,4.9305
Diffusion Model + LLM,-20.682,-66.1338
Diffusion Model + LLM,4.5854,-93.8671
Diffusion Model + LLM,-19.8861,52.3087
Diffusion Model + LLM,-21.2152,24.4611
Diffusion Model + LLM,21.6658,40.8953
Diffusion Model + LLM,-92.4321,8.099
Diffusion Model + LLM,-8.5103,-28.4181
Diffusion Model + LLM,-12.5058,-52.9539
Diffusion Model + LLM,-29.5917,20.9977
Diffusion Model + LLM,-27.2661,-85.6205
Diffusion Model + LLM,-20.0824,64.3796
Diffusion Model + LLM,12.7691,3.221
Diffusion Model + LLM,11.1273,64.9079
Diffusion Model + LLM,-25.1574,18.4152
Diffusion Model + LLM,-30.9589,84.377
Diffusion Model + LLM,4.6895,-57.3954
Diffusion Model + LLM,-10.0512,75.5714
Diffusion Model + LLM,-40.291,26.1719
Diffusion Model + LLM,1.7084,-20.259
Diffusion Model + LLM,-46.4206,-79.3972
Diffusion Model + LLM,-77.9122,-18.3619
Diffusion Model + LLM,-34.4291,-2.3837
Diffusion Model + LLM,-49.0662,-60.7825
Diffusion Model + LLM,-66.7219,43.1788
Diffusion Model + LLM,-34.6434,71.4362
Diffusion Model + LLM,-43.9365,-54.8184
Diffusion Model + LLM,-4.013,24.2518
Diffusion Model + LLM,-64.8997,-40.0673
Diffusion Model + LLM,7.7613,4.5146
Diffusion Model + LLM,-45.9237,-75.5672
Diffusion Model + LLM,-24.3676,1.5424
Diffusion Model + LLM,-46.4544,-31.8813
Diffusion Model + LLM,7.9817,86.3287
Diffusion Model + LLM,-0.7001,59.821
Diffusion Model + LLM,-42.4761,79.6343
Diffusion Model + LLM,-84.7165,4.0514
Diffusion Model + LLM,-21.3713,-73.7532
Diffusion Model + LLM,2.3901,-96.3281
Diffusion Model + LLM,-24.6128,16.624
Diffusion Model + LLM,-25.7971,1.9637
Diffusion Model + LLM,-15.6838,-30.7916
Diffusion Model + LLM,-68.8273,53.5591
Diffusion Model + LLM,-22.7352,88.6237
Diffusion Model + LLM,-80.7189,4.7094
Diffusion Model + LLM,-26.1086,15.273
Diffusion Model + LLM,-32.2344,17.6431
Diffusion Model + LLM,-27.7366,-89.7782
Diffusion Model + LLM,-27.2919,76.276
Diffusion Model + LLM,-2.9189,6.5547
Diffusion Model + LLM,-54.6138,-69.5427
Diffusion Model + LLM,-65.7888,14.8914
Diffusion Model + LLM,-31.383,61.9527
Diffusion Model + LLM,-43.2605,52.934
Diffusion Model + LLM,-22.8825,89.6763
Diffusion Model + LLM,-6.1193,-27.3042
Diffusion Model + LLM,-27.134,-17.8975
Diffusion Model + LLM,-50.1863,-18.2458
Diffusion Model + LLM,-47.2427,66.3065
Diffusion Model + LLM,-30.5049,23.17
Diffusion Model + LLM,-44.4115,-38.6603
Diffusion Model + LLM,6.2632,59.6325
Diffusion Model + LLM,-53.9552,60.4453
Diffusion Model + LLM,-4.5557,35.757
Diffusion Model + LLM,-9.0363,-63.786
Diffusion Model + LLM,-6.2746,-97.5335
Diffusion Model + LLM,-11.5719,27.3293
Diffusion Model + LLM,-66.6299,-36.96
Diffusion Model + LLM,-9.3939,47.9296
Diffusion Model + LLM,-7.6747,-25.4895
Diffusion Model + LLM,-86.3438,-7.6226
Diffusion Model + LLM,-17.0651,-67.9867
Diffusion Model + LLM,-12.7418,-41.4584
Diffusion Model + LLM,-21.7352,40.5237
Diffusion Model + LLM,5.9949,-95.632
Diffusion Model + LLM,-57.198,20.8256
Diffusion Model + LLM,-36.3713,-63.8666
Diffusion Model + LLM,-88.805,25.398
Diffusion Model + LLM,-23.9158,-5.4141
Diffusion Model + LLM,-26.6745,-20.5632
Diffusion Model + LLM,-84.7067,42.0697
Diffusion Model + LLM,-84.2203,16.67
Diffusion Model + LLM,-36.4103,70.7156
Diffusion Model + LLM,-67.6745,53.4008
Diffusion Model + LLM,-20.6316,48.7591
Diffusion Model + LLM,-62.6842,-35.4976
Diffusion Model + LLM,0.6513,-21.2016
Diffusion Model + LLM,-64.4712,35.404
Diffusion Model + LLM,-14.9152,-24.3311
Diffusion Model + LLM,7.2221,-91.1952
Diffusion Model + LLM,-40.5055,-61.539
Diffusion Model + LLM,-35.9708,3.9758
Diffusion Model + LLM,-19.0269,9.288
Diffusion Model + LLM,-60.6117,-7.5241
Diffusion Model + LLM,-39.2738,-66.423
Diffusion Model + LLM,-19.3406,74.3674
Diffusion Model + LLM,-44.3579,-57.1446
Diffusion Model + LLM,-48.121,10.9699
Diffusion Model + LLM,-5.9961,10.8516
Diffusion Model + LLM,15.693,21.9529
Diffusion Model + LLM,19.2696,2.0284
Diffusion Model + LLM,-19.3185,17.2375
Diffusion Model + LLM,-44.6555,39.9497
Diffusion Model + LLM,-20.8665,13.0006
Diffusion Model + LLM,-17.1321,-74.5332
Diffusion Model + LLM,17.6872,19.0601
Diffusion Model + LLM,-22.5718,-76.6908
Diffusion Model + LLM,-11.4656,-57.0183
Diffusion Model + LLM,-11.7801,33.7249
Diffusion Model + LLM,13.7598,-98.8476
Diffusion Model + LLM,-35.5552,65.085
Diffusion Model + LLM,-6.3499,-67.8323
Diffusion Model + LLM,9.3013,3.1944
Diffusion Model + LLM,-34.1348,58.1166
Diffusion Model + LLM,8.3949,-27.7831
Diffusion Model + LLM,-20.6946,77.3072
Diffusion Model + LLM,-35.2818,54.7984
Diffusion Model + LLM,8.8661,48.8493
Diffusion Model + LLM,-14.9068,-92.3404
Diffusion Model + LLM,1.4713,84.0281
Diffusion Model + LLM,-10.0462,-93.3095
Diffusion Model + LLM,-47.6437,-12.6489
Diffusion Model + LLM,19.7417,-79.5057
Diffusion Model + LLM,3.6589,87.3802
Diffusion Model + LLM,-21.5422,12.3114
Diffusion Model + LLM,-33.4479,-52.1005
Diffusion Model + LLM,-34.1606,37.259
Diffusion Model + LLM,-41.9009,-65.1703
Diffusion Model + LLM,-15.6487,-51.4696
Diffusion Model + LLM,-52.2368,33.3477
Diffusion Model + LLM,4.0447,33.6323
Diffusion Model + LLM,-87.8682,-0.1467
Diffusion Model + LLM,-30.9243,-20.535
Diffusion Model + LLM,-15.4465,16.7003
Diffusion Model + LLM,-65.5282,20.0615
Diffusion Model + LLM,-47.0648,22.5414
Diffusion Model + LLM,-8.7821,41.9519
Diffusion Model + LLM,-43.6264,71.744
Diffusion Model + LLM,-42.3712,-35.0756
Diffusion Model + LLM,-60.1145,10.3053
Diffusion Model + LLM,18.6224,57.9538
Diffusion Model + LLM,-44.2317,-7.8223
Diffusion Model + LLM,-62.4685,70.7079
Diffusion Model + LLM,-8.1865,-4.4897
Diffusion Model + LLM,7.9847,22.1766
Diffusion Model + LLM,-43.6111,73.1778
Diffusion Model + LLM,-21.0341,-75.2127
Diffusion Model + LLM,-83.9345,29.382
Diffusion Model + LLM,-28.9604,-43.0804
Diffusion Model + LLM,-10.8478,-59.3259
Diffusion Model + LLM,2.4259,45.2063
Diffusion Model + LLM,-76.536,4.2383
Diffusion Model + LLM,-46.6072,-7.8098
Diffusion Model + LLM,-72.0931,-8.0951
Diffusion Model + LLM,12.7239,1.2873
Diffusion Model + LLM,-95.0507,-2.1028
Diffusion Model + LLM,-46.6542,73.1855
Diffusion Model + LLM,5.8523,-96.3759
Diffusion Model + LLM,-57.244,-67.7677
Diffusion Model + LLM,0.4797,-1.9851
Diffusion Model + LLM,-69.2262,-2.7948
Diffusion Model + LLM,1.3941,55.507
Diffusion Model + LLM,-72.5164,-36.266
Diffusion Model + LLM,-66.6135,-38.621
Diffusion Model + LLM,-21.31,89.2288
Diffusion Model + LLM,-72.2059,-35.0884
Diffusion Model + LLM,0.4386,2.5348
Diffusion Model + LLM,-9.6761,-17.421
Diffusion Model + LLM,-52.4825,-6.4445
Diffusion Model + LLM,-43.4285,23.6639
Diffusion Model + LLM,0.5564,-8.2287
Diffusion Model + LLM,-14.2765,11.8115
Diffusion Model + LLM,7.5435,39.9927
Diffusion Model + LLM,-23.0193,-73.3221
Diffusion Model + LLM,-33.427,-88.3007
Diffusion Model + LLM,-44.8196,-74.6949
Diffusion Model + LLM,-75.8343,-1.1052
Diffusion Model + LLM,-32.0211,-87.1283
Diffusion Model + LLM,-91.2605,31.3336
Diffusion Model + LLM,-91.0555,20.1257
Diffusion Model + LLM,-9.8445,21.5047
Diffusion Model + LLM,-14.9932,14.5203
Diffusion Model + LLM,-43.6643,39.4472
Diffusion Model + LLM,-5.7113,19.0175
Diffusion Model + LLM,-59.5078,13.4265
Diffusion Model + LLM,-17.9772,10.2537
Diffusion Model + LLM,-13.6833,-52.4113
Diffusion Model + LLM,1.7724,21.5105
Diffusion Model + LLM,14.3128,43.1198
Diffusion Model + LLM,5.4829,-61.3261
Diffusion Model + LLM,9.7063,83.8662
Diffusion Model + LLM,-66.0037,-11.7712
Diffusion Model + LLM,-14.1303,8.9068
Diffusion Model + LLM,-77.1562,14.6538
Diffusion Model + LLM,3.7453,76.8936
Diffusion Model + LLM,-10.2991,75.6641
Diffusion Model + LLM,-14.8588,-79.1216
Diffusion Model + LLM,12.4561,-72.8885
Diffusion Model + LLM,-33.0542,71.4901
Diffusion Model + LLM,-41.7692,-37.9028
Diffusion Model + LLM,-63.2435,76.8285
Diffusion Model + LLM,-55.6272,41.5082
Diffusion Model + LLM,5.2169,-62.5436
Diffusion Model + LLM,-30.258,-43.6835
Diffusion Model + LLM,-8.5072,63.2524
Diffusion Model + LLM,-56.8913,71.5701
Diffusion Model + LLM,-91.3753,20.1699
Diffusion Model + LLM,-3.3363,-49.2238
Diffusion Model + LLM,19.2442,22.804
Diffusion Model + LLM,-16.2276,57.9722
Diffusion Model + LLM,-36.7546,41.0384
Diffusion Model + LLM,-41.2105,17.7118
Diffusion Model + LLM,-32.4524,-44.552
Diffusion Model + LLM,8.8566,0.5933
Diffusion Model + LLM,-16.9176,-59.8517
Diffusion Model + LLM,-23.9878,80.1147
Diffusion Model + LLM,-33.1676,46.6924
Diffusion Model + LLM,-49.4495,75.2133
Diffusion Model + LLM,18.8944,-81.8361
Diffusion Model + LLM,-18.2745,-75.6707
Diffusion Model + LLM,-42.1075,-10.567
Diffusion Model + LLM,7.0315,54.2279
Diffusion Model + LLM,-5.3483,-67.1709
Diffusion Model + LLM,-42.0776,9.7325
Diffusion Model + LLM,-39.0673,-1.6705
Diffusion Model + LLM,-29.6806,55.8627
Diffusion Model + LLM,-69.1875,32.512
Diffusion Model + LLM,-47.8225,-78.777
Diffusion Model + LLM,-93.1581,34.5085
Diffusion Model + LLM,-58.9978,23.1438
Diffusion Model + LLM,-69.6119,-1.7238
Diffusion Model + LLM,-16.0745,-40.0204
Diffusion Model + LLM,-89.0353,31.3732
Diffusion Model + LLM,2.8983,-29.1479
Diffusion Model + LLM,-31.0629,-1.9778
Diffusion Model + LLM,-78.1733,8.4182
Diffusion Model + LLM,-10.3858,-56.6464
Diffusion Model + LLM,-33.9506,3.2713
Diffusion Model + LLM,13.7045,64.9474
Diffusion Model + LLM,3.3622,53.2955
Diffusion Model + LLM,-8.8567,39.6724
Diffusion Model + LLM,17.1732,13.733
Diffusion Model + LLM,-30.0282,56.8238
Diffusion Model + LLM,-22.0951,43.7806
Diffusion Model + LLM,-23.5585,-51.7609
Diffusion Model + LLM,-5.2767,-28.326
Diffusion Model + LLM,-54.762,10.2831
Diffusion Model + LLM,-2.1293,-71.2836
Diffusion Model + LLM,2.7663,-87.9641
Diffusion Model + LLM,-34.9972,-61.3032
Diffusion Model + LLM,-7.1104,39.7347
Diffusion Model + LLM,-44.8621,84.2819
Diffusion Model + LLM,-14.1779,-68.2886
Diffusion Model + LLM,-56.1427,13.0525
Diffusion Model + LLM,-52.7127,-19.5904
Diffusion Model + LLM,-11.0186,55.3862
Diffusion Model + LLM,-24.7922,-66.0365
Diffusion Model + LLM,-33.632,23.1571
Diffusion Model + LLM,-15.1236,88.0445
Diffusion Model + LLM,16.5015,15.5618
Diffusion Model + LLM,-41.1038,-29.3392
Diffusion Model + LLM,-14.5777,45.5106
Diffusion Model + LLM,-19.3857,73.5834
Diffusion Model + LLM,-93.4511,23.9896
Diffusion Model + LLM,-4.5108,-2.0483
Diffusion Model + LLM,-64.4883,73.061
Diffusion Model + LLM,-65.5181,12.8853
Diffusion Model + LLM,-70.2204,-6.044
Diffusion Model + LLM,-13.7955,80.366
Diffusion Model + LLM,10.7768,-75.3714
Diffusion Model + LLM,-30.3569,66.225
Diffusion Model + LLM,-8.6252,-2.1566
Diffusion Model + LLM,-43.5167,35.725
Diffusion Model + LLM,4.7329,-56.3177
Diffusion Model + LLM,-0.4408,-60.2058
Diffusion Model + LLM,8.056,44.9313
Diffusion Model + LLM,7.555,87.8511
Diffusion Model + LLM,-25.629,88.7411
Diffusion Model + LLM,-53.1037,77.2097
Diffusion Model + LLM,11.9647,-92.5405
Diffusion Model + LLM,15.2575,10.3585
Diffusion Model + LLM,-64.4116,-37.5864
Diffusion Model + LLM,-24.0739,53.2015
Diffusion Model + LLM,6.2417,26.3167
Diffusion Model + LLM,-40.4934,31.0647
Diffusion Model + LLM,-57.2909,-5.6859
Diffusion Model + LLM,15.0837,8.5614
Diffusion Model + LLM,-21.5006,21.7081
Diffusion Model + LLM,-61.6813,63.6081
Diffusion Model + LLM,-15.975,-48.5198
Diffusion Model + LLM,-9.8711,-54.7014
Diffusion Model + LLM,-67.9601,2.2749
Diffusion Model + LLM,13.0601,-71.7482
Diffusion Model + LLM,-12.7205,87.2011
Diffusion Model + LLM,-16.4756,-21.6146
Diffusion Model + LLM,-21.4155,34.7715
Diffusion Model + LLM,-47.9785,58.0961
Diffusion Model + LLM,-7.68,-68.8049
Diffusion Model + LLM,-48.7184,61.0844
Diffusion Model + LLM,-31.9675,-10.6089
Diffusion Model + LLM,-52.3389,81.055
Diffusion Model + LLM,10.4991,6.3387
Diffusion Model + LLM,23.1108,-85.951
Diffusion Model + LLM,17.9586,1.7174
Diffusion Model + LLM,-15.3369,-47.4174
Diffusion Model + LLM,-45.7166,-13.9424
Diffusion Model + LLM,-56.743,-70.3976
Diffusion Model + LLM,-3.7944,36.7222
Diffusion Model + LLM,-12.3092,84.1308
Diffusion Model + LLM,64.5362,-45.8047
Diffusion Model + LLM,-4.0268,-6.6313
Diffusion Model + LLM,-80.6867,-0.9908
Diffusion Model + LLM,-5.0837,-21.1292
Diffusion Model + LLM,-5.7705,-22.9763
Diffusion Model + LLM,-10.0307,-72.5806
Diffusion Model + LLM,-67.4513,-35.0782
Diffusion Model + LLM,-57.2568,56.9695
Diffusion Model + LLM,-42.9734,39.9041
Diffusion Model + LLM,-20.9771,-57.9422
Diffusion Model + LLM,-60.073,-37.7455
Diffusion Model + LLM,-42.4627,45.4232
Diffusion Model + LLM,-28.6929,-59.4769
Diffusion Model + LLM,-32.7584,26.4117
Diffusion Model + LLM,-83.1142,17.0275
Diffusion Model + LLM,-5.0448,-26.1495
Diffusion Model + LLM,2.686,-46.2649
Diffusion Model + LLM,-8.1533,53.1525
Diffusion Model + LLM,12.0969,63.8126
Diffusion Model + LLM,-8.457,-3.612
Diffusion Model + LLM,-15.9877,8.012
Diffusion Model + LLM,-3.3866,18.2042
Diffusion Model + LLM,-15.2774,59.0476
Diffusion Model + LLM,-4.44,79.8456
Diffusion Model + LLM,16.3895,29.2408
Diffusion Model + LLM,2.6897,-66.4694
Diffusion Model + LLM,-5.6227,19.9619
Diffusion Model + LLM,-24.1638,26.8307
Diffusion Model + LLM,-34.1568,-83.1871
Diffusion Model + LLM,6.4076,78.1209
Diffusion Model + LLM,-34.6298,-84.9688
Diffusion Model + LLM,-0.3475,-1.2851
Diffusion Model + LLM,-53.9742,70.2674
Diffusion Model + LLM,11.4808,73.1264
Diffusion Model + LLM,-27.5611,-3.3957
Diffusion Model + LLM,-64.7427,69.8914
Diffusion Model + LLM,6.6243,58.0736
Diffusion Model + LLM,-51.2334,66.7425
Diffusion Model + LLM,-6.0039,-23.0164
Diffusion Model + LLM,17.5941,-88.6407
Diffusion Model + LLM,-74.6574,5.7662
Diffusion Model + LLM,-12.1257,-75.9581
Diffusion Model + LLM,-37.0575,74.0469
Diffusion Model + LLM,-34.9799,85.2637
Diffusion Model + LLM,-3.3576,-70.7389
Diffusion Model + LLM,-2.2732,79.345
Diffusion Model + LLM,-51.8075,6.7704
Diffusion Model + LLM,-1.2156,-59.7536
Diffusion Model + LLM,10.2065,86.0121
Diffusion Model + LLM,-40.3801,14.4866
Diffusion Model + LLM,-65.6999,-30.8461
Diffusion Model + LLM,-48.3783,-33.8001
Diffusion Model + LLM,-15.145,7.7526
Diffusion Model + LLM,-38.3213,-0.338
Diffusion Model + LLM,-73.5642,16.0355
Diffusion Model + LLM,12.4249,-89.5505
Diffusion Model + LLM,-58.7389,81.0109
Diffusion Model + LLM,1.3831,-92.1424
Diffusion Model + LLM,-0.7274,79.5
Diffusion Model + LLM,-1.6748,7.6106
Diffusion Model + LLM,-3.151,-49.777
Diffusion Model + LLM,-68.0074,2.8929
Diffusion Model + LLM,-51.2299,58.8458
Diffusion Model + LLM,-17.9968,-5.2435
Diffusion Model + LLM,-42.8035,-31.4409
Diffusion Model + LLM,-17.0924,-93.4719
Diffusion Model + LLM,-65.9016,-2.5348
Diffusion Model + LLM,-36.5493,69.9569
Diffusion Model + LLM,3.2491,-88.9545
Diffusion Model + LLM,-80.5565,15.3536
Diffusion Model + LLM,-0.4734,41.8261
Diffusion Model + LLM,-14.067,12.5417
Diffusion Model + LLM,5.8147,1.4901
Diffusion Model + LLM,5.7431,-61.7544
Diffusion Model + LLM,10.032,28.5676
Diffusion Model + LLM,4.153,30.804
Diffusion Model + LLM,-40.8087,-35.1985
Diffusion Model + LLM,18.5073,58.2839
Diffusion Model + LLM,-71.9942,-6.757
Diffusion Model + LLM,-7.7556,-70.2416
Diffusion Model + LLM,20.2067,-83.584
Diffusion Model + LLM,-8.8587,-77.7188
Diffusion Model + LLM,-80.9028,0.4841
Diffusion Model + LLM,-60.0745,53.5298
Diffusion Model + LLM,-9.7737,-74.4047
Diffusion Model + LLM,-64.2556,-30.5767
Diffusion Model + LLM,-20.6532,-46.0839
Diffusion Model + LLM,-15.0054,72.5857
Diffusion Model + LLM,10.536,-28.0212
Diffusion Model + LLM,-9.0422,-69.3221
Diffusion Model + LLM,-2.2863,-91.6735
Diffusion Model + LLM,-29.5453,22.1794
Diffusion Model + LLM,-12.8644,-46.0184
Diffusion Model + LLM,-6.5587,-94.4321
Diffusion Model + LLM,-43.2534,23.8482
Diffusion Model + LLM,-0.2798,-10.1408
Diffusion Model + LLM,-43.0134,45.5222
Diffusion Model + LLM,8.4663,29.3247
Diffusion Model + LLM,-63.9242,-48.0939
Diffusion Model + LLM,-3.9798,-74.6632
Diffusion Model + LLM,-48.3357,75.2599
Diffusion Model + LLM,13.5756,26.3723
Diffusion Model + LLM,15.3771,44.7503
Diffusion Model + LLM,-89.7627,16.4441
Diffusion Model + LLM,-13.7001,50.5077
Diffusion Model + LLM,-54.1056,12.9458
Diffusion Model + LLM,-15.5183,47.8608
Diffusion Model + LLM,-25.7268,-44.7116
Diffusion Model + LLM,6.4084,27.9756
Diffusion Model + LLM,-33.111,61.5136
Diffusion Model + LLM,9.7535,6.4824
Diffusion Model + LLM,-19.0529,65.4041
Diffusion Model + LLM,-60.6326,80.7863
Diffusion Model + LLM,-19.6484,20.0822
Diffusion Model + LLM,-25.1903,-49.6019
Diffusion Model + LLM,-21.6069,16.4346
Diffusion Model + LLM,-34.4311,-59.2362
Diffusion Model + LLM,-87.0159,23.3735
Diffusion Model + LLM,-22.9997,-85.3413
Diffusion Model + LLM,14.4715,70.9026
Diffusion Model + LLM,-72.8104,-18.585
Diffusion Model + LLM,-38.9883,-14.5015
Diffusion Model + LLM,-75.3382,1.7281
Diffusion Model + LLM,-30.0012,-3.4381
Diffusion Model + LLM,-3.3239,-0.5693
Diffusion Model + LLM,-3.4241,-46.4537
Diffusion Model + LLM,8.0216,29.0136
Diffusion Model + LLM,2.3987,51.911
Diffusion Model + LLM,-20.9818,36.306
Diffusion Model + LLM,-54.45,-11.7461
Diffusion Model + LLM,-31.8058,-74.3991
Diffusion Model + LLM,-20.8844,-67.3362
Diffusion Model + LLM,6.4112,44.5863
Diffusion Model + LLM,-19.4176,62.2278
Diffusion Model + LLM,-33.3393,89.5661
Diffusion Model + LLM,-29.4048,76.4729
Diffusion Model + LLM,-18.5536,8.8894
Diffusion Model + LLM,17.5351,39.189
Diffusion Model + LLM,-86.4868,4.0732
Diffusion Model + LLM,-22.083,15.1953
Diffusion Model + LLM,-16.5406,58.489
Diffusion Model + LLM,-4.8515,-66.1262
Diffusion Model + LLM,-22.1629,-48.0743
Diffusion Model + LLM,-46.9493,57.9875
Diffusion Model + LLM,-9.6929,67.7704
Diffusion Model + LLM,-18.6522,55.3587
Diffusion Model + LLM,17.5814,38.4229
Diffusion Model + LLM,-8.8376,-57.9381
Diffusion Model + LLM,-49.6426,-33.7827
Diffusion Model + LLM,-37.6723,0.3597
Diffusion Model + LLM,-68.6681,5.4662
Diffusion Model + LLM,9.2146,-72.7283
Diffusion Model + LLM,-28.0821,75.5814
Diffusion Model + LLM,-88.5185,2.1643
Diffusion Model + LLM,-73.1949,17.2506
Diffusion Model + LLM,-36.1209,-22.7233
Diffusion Model + LLM,-48.9391,75.6895
Diffusion Model + LLM,-82.1689,52.1088
Diffusion Model + LLM,-82.8887,22.3605
Diffusion Model + LLM,-1.0558,-21.2897
Diffusion Model + LLM,-25.0883,-56.6976
Diffusion Model + LLM,12.043,32.9041
Diffusion Model + LLM,-23.6666,-47.3952
Diffusion Model + LLM,5.8063,80.0196
Diffusion Model + LLM,7.9484,55.0747
Diffusion Model + LLM,-4.8823,2.3201
Diffusion Model + LLM,-2.2922,82.3182
Diffusion Model + LLM,1.5542,-84.1444
Diffusion Model + LLM,-2.2877,-74.5314
Diffusion Model + LLM,-34.6222,-53.6401
Diffusion Model + LLM,-62.179,-39.0424
Diffusion Model + LLM,-29.8234,-9.1652
Diffusion Model + LLM,-47.3055,58.3469
Diffusion Model + LLM,-36.1176,54.4165
Diffusion Model + LLM,6.7113,41.3112
Diffusion Model + LLM,-23.093,-76.2989
Diffusion Model + LLM,14.5227,55.9175
Diffusion Model + LLM,-54.7191,12.5739
Diffusion Model + LLM,-3.8844,41.5105
Diffusion Model + LLM,5.2039,-74.3711
Diffusion Model + LLM,-45.9565,41.9637
Diffusion Model + LLM,-10.0404,-61.8167
Diffusion Model + LLM,13.7725,45.7957
Diffusion Model + LLM,-1.7051,-75.8907
Diffusion Model + LLM,-91.9271,25.4053
Diffusion Model + LLM,-17.629,34.2896
Diffusion Model + LLM,-80.8775,21.7249
Diffusion Model + LLM,10.1259,7.595
Diffusion Model + LLM,-63.0506,-16.7471
Diffusion Model + LLM,-41.3573,59.2605
Diffusion Model + LLM,3.9437,-16.4396
Diffusion Model + LLM,-12.4245,62.5026
Diffusion Model + LLM,-29.5365,-8.3801
Diffusion Model + LLM,6.0421,-8.0751
Diffusion Model + LLM,-19.2786,-47.1213
Diffusion Model + LLM,-23.6893,-34.9228
Diffusion Model + LLM,-47.2679,-60.7429
Diffusion Model + LLM,-17.2475,79.7897
Diffusion Model + LLM,-65.1986,22.2298
Diffusion Model + LLM,-90.027,-8.9662
Diffusion Model + LLM,-5.2507,-57.455
Diffusion Model + LLM,-11.9833,-20.427
Diffusion Model + LLM,-31.8146,-7.7469
Diffusion Model + LLM,-42.1289,-66.0966
Diffusion Model + LLM,10.9589,-92.729
Diffusion Model + LLM,6.4646,-0.4387
Diffusion Model + LLM,17.8368,-89.4485
Diffusion Model + LLM,-28.6962,89.7279
Diffusion Model + LLM,-48.0596,-30.7263
Diffusion Model + LLM,-13.0376,-49.9947
Diffusion Model + LLM,-51.2018,73.0089
Diffusion Model + LLM,-11.5653,-15.5046
Diffusion Model + LLM,-25.3486,48.188
Diffusion Model + LLM,-36.4452,16.2154
Diffusion Model + LLM,-38.6184,45.8655
Diffusion Model + LLM,-44.8489,11.2726
Diffusion Model + LLM,-46.7418,-57.3193
Diffusion Model + LLM,21.5335,53.4168
Diffusion Model + LLM,-49.6636,-4.5613
Diffusion Model + LLM,1.4374,-84.8609
Diffusion Model + LLM,-29.8358,-3.4786
Diffusion Model + LLM,-58.845,81.4399
Diffusion Model + LLM,-50.4095,26.8852
Diffusion Model + LLM,-51.719,54.0987
Diffusion Model + LLM,-76.6788,-13.5954
Diffusion Model + LLM,-50.3576,-61.6173
Diffusion Model + LLM,-12.4707,15.652
Diffusion Model + LLM,-52.9456,67.1869
Diffusion Model + LLM,-21.8923,-30.2079
Diffusion Model + LLM,5.9249,-81.8667
Diffusion Model + LLM,-31.4756,25.0532
Diffusion Model + LLM,-25.1163,-6.9515
Diffusion Model + LLM,8.6622,-26.8958
Diffusion Model + LLM,-58.5396,24.3812
Diffusion Model + LLM,8.3645,57.0409
Diffusion Model + LLM,1.6685,-30.6488
Diffusion Model + LLM,12.913,54.684
Diffusion Model + LLM,-70.9627,11.5655
Diffusion Model + LLM,-53.9693,-67.1189
Diffusion Model + LLM,-20.5316,87.0029
Diffusion Model + LLM,-22.8624,-4.0654
Diffusion Model + LLM,-52.315,-6.2193
Diffusion Model + LLM,-25.3428,0.14
Diffusion Model + LLM,-35.8873,-16.6528
Diffusion Model + LLM,-20.5746,-68.7938
Diffusion Model + LLM,-1.9465,24.7736
Diffusion Model + LLM,-87.9836,3.694
Diffusion Model + LLM,-83.2334,-3.1906
Diffusion Model + LLM,-74.9352,-3.0749
Diffusion Model + LLM,-28.9942,70.3459
Diffusion Model + LLM,-35.3478,-54.633
Diffusion Model + LLM,-21.8391,-17.3566
Diffusion Model + LLM,-19.6957,-6.6401
Diffusion Model + LLM,2.1409,-88.8759
Diffusion Model + LLM,-29.5602,26.1561
Diffusion Model + LLM,13.1653,-21.0017
Diffusion Model + LLM,-51.5891,64.7342
Diffusion Model + LLM,-89.7183,31.6246
Diffusion Model + LLM,5.7826,33.485
Diffusion Model + LLM,1.4677,-21.7595
Diffusion Model + LLM,-50.0703,-7.68
Diffusion Model + LLM,-81.3889,57.6654
Diffusion Model + LLM,5.9453,4.5702
Diffusion Model + LLM,7.1446,-98.3747
Diffusion Model + LLM,-38.9191,2.9811
Diffusion Model + LLM,-9.6756,-16.1878
Diffusion Model + LLM,-42.1051,63.3131
Diffusion Model + LLM,10.2132,7.2911
Diffusion Model + LLM,-10.3014,29.2153
Diffusion Model + LLM,-47.5976,-5.3942
Diffusion Model + LLM,-24.3292,22.9481
Diffusion Model + LLM,-62.4237,-48.5758
Diffusion Model + LLM,-75.0754,29.5884
Diffusion Model + LLM,-32.8818,71.4009
Diffusion Model + LLM,-65.8601,58.7957
Diffusion Model + LLM,-49.4876,83.0418
Diffusion Model + LLM,-58.7233,17.0405
Diffusion Model + LLM,9.8404,-77.4039
Diffusion Model + LLM,-3.3597,-44.126
Diffusion Model + LLM,18.3223,19.8384
Diffusion Model + LLM,22.1155,52.7786
Diffusion Model + LLM,-75.8697,1.969
Diffusion Model + LLM,7.4179,7.3306
Diffusion Model + LLM,-7.6851,-1.0821
Diffusion Model + LLM,7.8035,46.4001
Diffusion Model + LLM,8.7954,-56.0768
Diffusion Model + LLM,20.0438,37.1134
Diffusion Model + LLM,-60.3489,61.9886
Diffusion Model + LLM,-4.6331,-93.4949
Diffusion Model + LLM,-60.4858,13.8973
Diffusion Model + LLM,-90.3269,10.312
Diffusion Model + LLM,-7.7874,43.7623
Diffusion Model + LLM,-63.0344,-48.4382
Diffusion Model + LLM,-63.0465,20.4105
Diffusion Model + LLM,-23.9884,-42.0603
Diffusion Model + LLM,8.5287,8.373
Diffusion Model + LLM,-29.1007,65.3078
Diffusion Model + LLM,9.0276,-93.5989
Diffusion Model + LLM,14.911,-3.4695
Diffusion Model + LLM,5.32,-16.2819
Diffusion Model + LLM,-22.2411,35.0989
Diffusion Model + LLM,0.1197,-25.9298
Diffusion Model + LLM,-50.6299,9.8373
Diffusion Model + LLM,-7.4886,-44.5326
Diffusion Model + LLM,-30.787,16.7725
Diffusion Model + LLM,-74.7926,5.7414
Diffusion Model + LLM,-61.391,15.6538
Diffusion Model + LLM,-14.1704,61.4504
Diffusion Model + LLM,17.6585,-88.6027
Diffusion Model + LLM,3.1199,89.4862
Diffusion Model + LLM,18.987,51.478
Diffusion Model + LLM,18.8476,3.7308
Diffusion Model + LLM,-46.4205,-10.9774
Diffusion Model + LLM,-1.8379,-72.4403
Diffusion Model + LLM,-7.7346,15.1004
Diffusion Model + LLM,-46.5986,-73.3312
Diffusion Model + LLM,-46.3169,12.4744
Diffusion Model + LLM,-2.12,-74.1031
Diffusion Model + LLM,-30.1473,-51.9748
Diffusion Model + LLM,-52.0348,-0.2977
Diffusion Model + LLM,-46.8983,58.4729
Diffusion Model + LLM,-6.3461,-27.4251
Diffusion Model + LLM,-44.8341,-16.2154
Diffusion Model + LLM,-60.9342,2.9618
Diffusion Model + LLM,-19.7616,6.446
Diffusion Model + LLM,-70.0021,-40.0457
Diffusion Model + LLM,-12.5059,51.4539
Diffusion Model + LLM,5.3234,-94.5592
Diffusion Model + LLM,8.7645,4.4834
Diffusion Model + LLM,-32.8823,-88.413
Diffusion Model + LLM,-5.6577,-42.3765
Diffusion Model + LLM,-53.6266,15.2135
Diffusion Model + LLM,-77.9171,2.1134
Diffusion Model + LLM,-87.6367,13.1493
Diffusion Model + LLM,-60.4842,77.0114
Diffusion Model + LLM,-0.3297,9.6523
Diffusion Model + LLM,-81.8759,58.9614
Diffusion Model + LLM,19.0825,-84.036
Diffusion Model + LLM,6.9951,-78.8529
Diffusion Model + LLM,-44.7328,84.4905
Diffusion Model + LLM,-75.9787,27.4869
Diffusion Model + LLM,9.0689,17.8662
Diffusion Model + LLM,5.4483,81.3427
Diffusion Model + LLM,13.4504,44.7152
Diffusion Model + LLM,-43.234,-12.1405
Diffusion Model + LLM,-64.9989,8.8211
Diffusion Model + LLM,-96.3994,-2.0824
Diffusion Model + LLM,15.4278,-89.0832
Diffusion Model + LLM,-8.2161,66.3588
Diffusion Model + LLM,31.164,-23.8509
Diffusion Model + LLM,-35.0607,89.1978
Diffusion Model + LLM,-91.7705,16.8644
Diffusion Model + LLM,9.0622,-64.193
Diffusion Model + LLM,-59.5946,54.5411
Diffusion Model + LLM,-71.8684,-41.3833
Diffusion Model + LLM,-11.2205,22.0645
Diffusion Model + LLM,-0.7866,-80.0051
Diffusion Model + LLM,-34.8117,73.7615
Diffusion Model + LLM,-9.3489,-29.4031
Diffusion Model + LLM,-46.9936,-5.2456
Diffusion Model + LLM,-81.734,-2.9457
Diffusion Model + LLM,9.7711,8.4553
Diffusion Model + LLM,3.7431,-27.7847
Diffusion Model + LLM,-43.6462,71.7024
Diffusion Model + LLM,-47.6115,84.3198
Diffusion Model + LLM,-5.137,-88.9972
Diffusion Model + LLM,-1.5926,-4.6398
Diffusion Model + LLM,-45.2265,-74.6269
Diffusion Model + LLM,-66.9513,-39.2133
Diffusion Model + LLM,-30.4818,-11.4067
Diffusion Model + LLM,-10.9401,58.9197
Diffusion Model + LLM,-55.256,-72.3343
Diffusion Model + LLM,-51.445,-57.7725
Diffusion Model + LLM,-15.343,-77.9261
Diffusion Model + LLM,-35.4614,-75.7442
Diffusion Model + LLM,-34.8563,-74.9092
Diffusion Model + LLM,-46.828,-38.0119
Diffusion Model + LLM,-4.8629,24.4443
Diffusion Model + LLM,-39.585,-61.0515
Diffusion Model + LLM,-32.0586,-56.8525
Diffusion Model + LLM,-31.8121,-24.3636
Diffusion Model + LLM,7.4154,7.1136
Diffusion Model + LLM,-12.226,35.5049
Diffusion Model + LLM,-33.4899,15.5175
Diffusion Model + LLM,7.0068,-75.0919
Diffusion Model + LLM,-40.9533,85.1497
Diffusion Model + LLM,-16.4405,-23.1826
Diffusion Model + LLM,9.5546,-92.9559
Diffusion Model + LLM,3.6309,-95.3851
Diffusion Model + LLM,-1.0342,-10.7895
Diffusion Model + LLM,20.3745,33.9161
Diffusion Model + LLM,-51.3516,-16.0435
Diffusion Model + LLM,7.6072,48.913
Diffusion Model + LLM,12.6504,21.6821
Diffusion Model + LLM,12.7025,-99.1535
Diffusion Model + LLM,-72.5446,43.9895
Diffusion Model + LLM,-51.6109,79.6111
Diffusion Model + LLM,-63.1131,30.4235
Diffusion Model + LLM,-87.8794,0.449
Diffusion Model + LLM,-55.1272,-13.214
Diffusion Model + LLM,-56.7443,70.3284
Diffusion Model + LLM,15.6874,32.566
Diffusion Model + LLM,22.4084,-86.3553
Diffusion Model + LLM,-1.6489,-6.0119
Diffusion Model + LLM,10.6375,-76.9039
Diffusion Model + LLM,-14.3825,-92.0261
Diffusion Model + LLM,25.357,-10.3413
Diffusion Model + LLM,13.562,25.154
Diffusion Model + LLM,5.4631,-16.5626
Diffusion Model + LLM,-25.0993,-1.6342
Diffusion Model + LLM,11.2101,65.274
Diffusion Model + LLM,-28.2261,26.1385
Diffusion Model + LLM,9.8736,58.3033
Diffusion Model + LLM,-58.1561,38.0374
Diffusion Model + LLM,-45.9547,65.9998
Diffusion Model + LLM,9.5387,70.3171
Diffusion Model + LLM,-28.9586,-40.4382
Diffusion Model + LLM,-13.564,-92.855
Diffusion Model + LLM,-39.1725,68.9378
Diffusion Model + LLM,-4.9485,43.8151
Diffusion Model + LLM,-35.1904,31.21
Diffusion Model + LLM,-77.1742,19.0706
Diffusion Model + LLM,-77.0099,-18.3602
Diffusion Model + LLM,-52.4877,45.3243
Diffusion Model + LLM,-31.3297,2.8114
Diffusion Model + LLM,13.606,13.6796
Diffusion Model + LLM,2.4836,-78.89
Diffusion Model + LLM,-53.1957,21.9568
Diffusion Model + LLM,-66.2717,14.2763
Diffusion Model + LLM,-35.0316,-72.2416
Diffusion Model + LLM,-75.1279,19.9472
Diffusion Model + LLM,-52.9667,-67.7178
Diffusion Model + LLM,-58.1456,59.9409
Diffusion Model + LLM,-14.1679,61.9098
Diffusion Model + LLM,-14.0678,7.9064
Diffusion Model + LLM,-3.5959,-44.7771
Diffusion Model + LLM,-51.6151,80.116
Diffusion Model + LLM,-2.132,-16.3392
Diffusion Model + LLM,-31.0304,-70.3173
Diffusion Model + LLM,-55.7743,77.3411
Diffusion Model + LLM,-56.3009,-8.8947
Diffusion Model + LLM,0.8183,-19.0735
Diffusion Model + LLM,-12.1404,49.3872
Diffusion Model + LLM,-51.7626,71.7142
Diffusion Model + LLM,-65.1281,-39.7703
Diffusion Model + LLM,-33.0052,71.5513
Diffusion Model + LLM,-50.7898,-64.5856
Diffusion Model + LLM,6.5859,-73.0783
Diffusion Model + LLM,2.8359,8.8548
Diffusion Model + LLM,-20.783,77.0501
Diffusion Model + LLM,-18.984,-74.4409
Diffusion Model + LLM,0.2249,8.6901
Diffusion Model + LLM,13.4686,-95.6254
Diffusion Model + LLM,0.3246,-60.1236
Diffusion Model + LLM,-27.2509,-4.443
Diffusion Model + LLM,-41.0889,-3.0733
Diffusion Model + LLM,3.2578,-48.1718
Diffusion Model + LLM,-63.5073,-7.2335
Diffusion Model + LLM,-51.9678,79.3639
Diffusion Model + LLM,-33.3422,-26.1147
Diffusion Model + LLM,18.6515,17.2317
Diffusion Model + LLM,-73.9886,11.7228
Diffusion Model + LLM,14.2716,15.3671
Diffusion Model + LLM,-89.4152,30.6168
Diffusion Model + LLM,-54.0014,69.6251
Diffusion Model + LLM,-7.8363,70.0794
Diffusion Model + LLM,7.7512,65.1048
Diffusion Model + LLM,-50.6891,32.7293
Diffusion Model + LLM,-11.6994,35.9656
Diffusion Model + LLM,-3.3426,5.0293
Diffusion Model + LLM,0.9482,-90.3081
Diffusion Model + LLM,-33.2939,-88.1529
Diffusion Model + LLM,2.4022,-20.4842
Diffusion Model + LLM,-56.8101,81.9527
Diffusion Model + LLM,-13.0946,-83.3261
Diffusion Model + LLM,-58.0797,1.2114
Diffusion Model + LLM,-1.1305,38.832
Diffusion Model + LLM,-60.6855,80.7977
Diffusion Model + LLM,-36.1492,-60.2274
Diffusion Model + LLM,-89.4224,26.3794
Diffusion Model + LLM,-21.8954,-43.3162
Diffusion Model + LLM,7.0841,-93.613
Diffusion Model + LLM,-92.0442,-3.8838
Diffusion Model + LLM,-30.139,-43.6458
Diffusion Model + LLM,-13.968,-51.7275
Diffusion Model + LLM,-43.341,-51.994
Diffusion Model + LLM,-40.8924,45.7753
Diffusion Model + LLM,-80.1714,26.87
Diffusion Model + LLM,13.3831,-96.4156
Diffusion Model + LLM,-49.7715,-31.266
Diffusion Model + LLM,-57.7769,24.0457
Diffusion Model + LLM,-8.0924,53.1969
Diffusion Model + LLM,-15.8543,25.9897
Diffusion Model + LLM,-51.5747,60.2919
Diffusion Model + LLM,-19.7368,67.1313
Diffusion Model + LLM,-7.3666,7.5021
Diffusion Model + LLM,-7.6103,19.8979
Diffusion Model + LLM,-38.177,-28.4073
Diffusion Model + LLM,-21.9557,-52.3756
Diffusion Model + LLM,-25.9805,-7.3598
Diffusion Model + LLM,-49.1249,-21.2171
Diffusion Model + LLM,1.8842,12.2026
Diffusion Model + LLM,-2.1019,-94.0233
Diffusion Model + LLM,-91.715,38.9162
Diffusion Model + LLM,-34.9797,85.8153
Diffusion Model + LLM,2.0319,-86.8533
Diffusion Model + LLM,3.8814,90.0869
Diffusion Model + LLM,-65.6198,57.6876
Diffusion Model + LLM,-9.2559,57.884
Diffusion Model + LLM,-68.1107,15.2233
Diffusion Model + LLM,-2.5686,-71.8562
Diffusion Model + LLM,-39.8061,71.7197
Diffusion Model + LLM,-66.1861,63.3436
Diffusion Model + LLM,5.4262,-16.3289
Diffusion Model + LLM,-3.4607,-73.6713
Diffusion Model + LLM,-31.2051,-21.8278
Diffusion Model + LLM,8.0172,-94.7155
Diffusion Model + LLM,-49.6046,44.1065
Diffusion Model + LLM,-79.3441,-1.8186
Diffusion Model + LLM,23.9336,-82.6412
Diffusion Model + LLM,-6.176,-57.5
Diffusion Model + LLM,-26.6902,-89.8781
Diffusion Model + LLM,-31.577,-10.2721
Diffusion Model + LLM,12.6736,62.3179
Diffusion Model + LLM,-48.1311,65.9759
Diffusion Model + LLM,-13.8023,-21.2708
Diffusion Model + LLM,-41.8692,36.0949
Diffusion Model + LLM,-30.2434,57.1388
Diffusion Model + LLM,-68.1887,2.5649
Diffusion Model + LLM,-41.2128,82.7631
Diffusion Model + LLM,-50.5154,67.1686
Diffusion Model + LLM,4.5631,69.4977
Diffusion Model + LLM,-76.9018,8.688
Diffusion Model + LLM,13.9768,0.8526
Diffusion Model + LLM,-11.337,-15.7356
Diffusion Model + LLM,-18.7883,35.6797
Diffusion Model + LLM,-51.1425,74.9961
Diffusion Model + LLM,-65.444,38.0088
Diffusion Model + LLM,2.54,14.1883
Diffusion Model + LLM,-42.4001,3.3393
Diffusion Model + LLM,4.1965,-56.8665
Diffusion Model + LLM,-28.5263,-4.5295
Diffusion Model + LLM,-47.5129,-35.1164
Diffusion Model + LLM,-37.1094,-63.5301
Diffusion Model + LLM,-28.92,-46.4967
Diffusion Model + LLM,-37.1561,1.9864
Diffusion Model + LLM,-23.3415,-3.6141
Diffusion Model + LLM,-71.7723,62.041
Diffusion Model + LLM,8.5491,-94.7359
Diffusion Model + LLM,8.9271,6.8811
Diffusion Model + LLM,-33.8333,-64.1621
Diffusion Model + LLM,8.677,-17.4314
Diffusion Model + LLM,-24.3718,34.5689
Diffusion Model + LLM,1.715,28.4609
Diffusion Model + LLM,-21.0267,-58.0313
Diffusion Model + LLM,-89.3132,-0.49
Diffusion Model + LLM,-42.1756,-10.8285
Diffusion Model + LLM,-59.2744,6.3326
Diffusion Model + LLM,-8.0171,-45.059
Diffusion Model + LLM,-49.1487,-20.5698
Diffusion Model + LLM,-28.6833,-43.3865
Diffusion Model + LLM,-15.7711,-22.2626
Diffusion Model + LLM,-78.8013,24.4391
Diffusion Model + LLM,-17.9996,12.7088
Diffusion Model + LLM,-48.7114,-1.4142
Diffusion Model + LLM,-45.3692,35.6287
Diffusion Model + LLM,-45.4056,-80.2476
Diffusion Model + LLM,-90.5463,25.3853
Diffusion Model + LLM,-88.378,24.6369
Diffusion Model + LLM,-35.6021,18.5224
Diffusion Model + LLM,-16.683,10.7486
Diffusion Model + LLM,-41.3545,-36.3106
Diffusion Model + LLM,12.2867,45.9899
Diffusion Model + LLM,16.1435,-87.8527
Diffusion Model + LLM,-31.3874,2.8194
Diffusion Model + LLM,-20.2378,-40.0726
Diffusion Model + LLM,-46.8914,64.6876
Diffusion Model + LLM,22.1035,20.7044
Diffusion Model + LLM,-45.5696,86.2985
Diffusion Model + LLM,-55.0483,-72.9858
Diffusion Model + LLM,-25.2507,53.8144
Diffusion Model + LLM,-46.8662,36.6414
Diffusion Model + LLM,-16.1843,-78.9819
Diffusion Model + LLM,-36.3797,63.7568
Diffusion Model + LLM,-9.5797,8.5827
Diffusion Model + LLM,1.8293,-83.3046
Diffusion Model + LLM,-2.5928,-42.4154
Diffusion Model + LLM,-29.8668,1.9663
Diffusion Model + LLM,-88.1789,-1.1379
Diffusion Model + LLM,-46.1473,38.5356
Diffusion Model + LLM,-79.7083,29.1952
Diffusion Model + LLM,3.7693,88.5863
Diffusion Model + LLM,-57.5178,-5.5118
Diffusion Model + LLM,-40.7071,26.4275
Diffusion Model + LLM,5.7302,-49.381
Diffusion Model + LLM,-26.7921,-19.8646
Diffusion Model + LLM,-20.0287,-41.6561
Diffusion Model + LLM,-64.2833,19.4628
Diffusion Model + LLM,-49.4799,64.8816
Diffusion Model + LLM,-71.1082,-7.4634
Diffusion Model + LLM,-42.5238,11.8717
Diffusion Model + LLM,-21.6007,-73.4764
Diffusion Model + LLM,-51.5555,-7.3454
Diffusion Model + LLM,2.012,-19.5709
Diffusion Model + LLM,-5.4448,-0.1395
Diffusion Model + LLM,10.2553,-8.8238
Diffusion Model + LLM,2.4126,-29.1518
Diffusion Model + LLM,13.2325,6.5753
Diffusion Model + LLM,12.9625,0.3608
Diffusion Model + LLM,-93.4043,29.8454
Diffusion Model + LLM,-70.2755,-0.9565
Diffusion Model + LLM,8.2687,86.2629
Diffusion Model + LLM,6.1584,15.5725
Diffusion Model + LLM,-66.264,-2.8799
Diffusion Model + LLM,-45.1713,-11.8689
Diffusion Model + LLM,-27.4362,-33.7259
Diffusion Model + LLM,11.102,42.8634
Diffusion Model + LLM,3.2281,-57.6764
Diffusion Model + LLM,-9.8538,-2.6087
Diffusion Model + LLM,-57.8002,0.758
Diffusion Model + LLM,-45.8929,13.6308
Diffusion Model + LLM,16.2397,26.9435
Diffusion Model + LLM,-18.2873,6.4689
Diffusion Model + LLM,-13.1801,57.5873
Diffusion Model + LLM,-70.6479,-18.5326
Diffusion Model + LLM,-55.8275,43.5232
Diffusion Model + LLM,-83.1236,18.6804
Diffusion Model + LLM,-32.0258,52.7009
Diffusion Model + LLM,-75.0933,19.6577
Diffusion Model + LLM,-18.6427,67.4069
Diffusion Model + LLM,-42.7869,25.9022
Diffusion Model + LLM,-10.2574,80.6304
Diffusion Model + LLM,-62.083,13.0537
Diffusion Model + LLM,-16.3142,2.5391
Diffusion Model + LLM,-64.6639,55.8211
Diffusion Model + LLM,-28.0701,-11.904
Diffusion Model + LLM,-18.4957,27.689
Diffusion Model + LLM,-10.9718,-20.1999
Diffusion Model + LLM,-87.2059,17.2399
Diffusion Model + LLM,-21.0929,-75.7626
Diffusion Model + LLM,-63.6003,-30.8527
Diffusion Model + LLM,14.3536,25.2518
Diffusion Model + LLM,8.8994,82.2732
Diffusion Model + LLM,-41.2968,75.3194
Diffusion Model + LLM,9.1006,86.6174
Diffusion Model + LLM,-0.911,7.98
Diffusion Model + LLM,-5.6728,-22.7869
Diffusion Model + LLM,-53.2299,33.6773
Diffusion Model + LLM,-7.1051,7.5896
Diffusion Model + LLM,18.1095,-3.1785
Diffusion Model + LLM,13.3893,2.6156
Diffusion Model + LLM,-40.7067,-6.8173
Diffusion Model + LLM,-42.9762,2.7566
Diffusion Model + LLM,-0.271,42.8112
Diffusion Model + LLM,-37.8451,74.5852
Diffusion Model + LLM,-36.2908,24.7443
Diffusion Model + LLM,-66.9708,-30.2975
Diffusion Model + LLM,16.5988,-4.1382
Diffusion Model + LLM,-62.4604,58.3995
Diffusion Model + LLM,-9.7497,-77.6427
Diffusion Model + LLM,-41.6113,-5.5196
Diffusion Model + LLM,-7.8463,56.3008
Diffusion Model + LLM,-83.7563,17.4345
Diffusion Model + LLM,-12.6375,-25.6871
Diffusion Model + LLM,-9.3888,63.3358
Diffusion Model + LLM,-32.9618,-6.9702
Diffusion Model + LLM,-60.4464,61.3937
Diffusion Model + LLM,-8.9949,-55.4338
Diffusion Model + LLM,-11.2227,-53.6328
Diffusion Model + LLM,12.1974,-2.5185
Diffusion Model + LLM,10.7043,0.7484
Diffusion Model + LLM,-24.6165,-2.6576
Diffusion Model + LLM,-23.9714,-42.5039
Diffusion Model + LLM,-9.9348,-72.5215
Diffusion Model + LLM,-31.7769,18.8551
Diffusion Model + LLM,-14.3843,-92.483
Diffusion Model + LLM,-74.392,23.7363
Diffusion Model + LLM,-23.1548,-49.3029
Diffusion Model + LLM,-6.1172,-66.269
Diffusion Model + LLM,-47.6384,-78.2334
Diffusion Model + LLM,-36.3572,-14.8299
Diffusion Model + LLM,-57.2955,-0.2657
Diffusion Model + LLM,-55.7284,44.1433
Diffusion Model + LLM,-51.522,44.889
Diffusion Model + LLM,-32.179,-76.585
Diffusion Model + LLM,-4.989,37.6313
Diffusion Model + LLM,-31.8248,-24.4152
Diffusion Model + LLM,2.9114,13.7385
Diffusion Model + LLM,-96.8372,19.7457
Diffusion Model + LLM,-17.3103,-46.1062
Diffusion Model + LLM,-61.6886,63.5273
Diffusion Model + LLM,-9.7157,83.9222
Diffusion Model + LLM,-16.2094,-31.086
Diffusion Model + LLM,-74.1727,-14.005
Diffusion Model + LLM,8.6704,4.5491
Diffusion Model + LLM,2.0871,-5.8767
Diffusion Model + LLM,-27.5878,-68.928
Diffusion Model + LLM,6.7944,41.9764
Diffusion Model + LLM,23.4297,20.4257
Diffusion Model + LLM,-88.3561,25.485
Diffusion Model + LLM,-46.0797,33.1667
Diffusion Model + LLM,-8.972,62.974
Diffusion Model + LLM,-23.2936,-29.2542
Diffusion Model + LLM,3.9513,43.8948
Diffusion Model + LLM,-2.737,-27.9048
Diffusion Model + LLM,-40.0755,25.1246
Diffusion Model + LLM,-42.192,-16.4944
Diffusion Model + LLM,19.089,17.3268
Diffusion Model + LLM,-14.6577,-89.902
Diffusion Model + LLM,-16.4981,-25.23
Diffusion Model + LLM,-32.7031,75.9058
Diffusion Model + LLM,-30.7514,-58.9811
Diffusion Model + LLM,-80.7864,5.1089
Diffusion Model + LLM,19.714,-79.5094
Diffusion Model + LLM,10.7265,41.6007
Diffusion Model + LLM,-75.4052,-13.2727
Diffusion Model + LLM,-30.917,-74.1206
Diffusion Model + LLM,-64.444,17.0919
Diffusion Model + LLM,-67.6358,5.0656
Diffusion Model + LLM,11.7968,-63.166
Diffusion Model + LLM,-2.5291,36.5471
Diffusion Model + LLM,-6.5253,18.762
Diffusion Model + LLM,2.3196,67.4968
Diffusion Model + LLM,-23.6379,-9.3387
Diffusion Model + LLM,-5.5698,24.2836
Diffusion Model + LLM,-59.9589,10.4441
Diffusion Model + LLM,-62.0998,18.6322
Diffusion Model + LLM,-59.846,-39.9238
Diffusion Model + LLM,10.128,44.726
Diffusion Model + LLM,-38.1734,-8.2716
Diffusion Model + LLM,-71.3598,-7.256
Diffusion Model + LLM,-22.2236,5.2611
Diffusion Model + LLM,-34.5081,14.0729
Diffusion Model + LLM,6.5899,5.4434
Diffusion Model + LLM,-45.563,-80.3295
Diffusion Model + LLM,-9.888,-54.8327
Diffusion Model + LLM,-82.0487,17.6066
Diffusion Model + LLM,5.0458,77.0864
Diffusion Model + LLM,-7.547,80.3774
Diffusion Model + LLM,6.1153,65.0699
Diffusion Model + LLM,12.4335,10.5212
Diffusion Model + LLM,-11.406,-59.2368
Diffusion Model + LLM,-61.8954,54.9484
Diffusion Model + LLM,-46.2411,33.4256
Diffusion Model + LLM,-49.2675,-20.5174
Diffusion Model + LLM,-46.1688,-4.6181
Diffusion Model + LLM,-54.5749,-7.2084
Diffusion Model + LLM,-3.5236,-1.7338
Diffusion Model + LLM,-8.3969,-70.4166
Diffusion Model + LLM,22.3256,15.8983
Diffusion Model + LLM,13.6564,-90.3653
Diffusion Model + LLM,11.14,85.508
Diffusion Model + LLM,-67.825,2.0657
Diffusion Model + LLM,13.0511,-73.269
Diffusion Model + LLM,-53.6054,26.6964
Diffusion Model + LLM,6.5439,-77.4604
Diffusion Model + LLM,-89.5861,22.1384
Diffusion Model + LLM,2.034,51.4451
Diffusion Model + LLM,4.5983,86.7341
Diffusion Model + LLM,-21.2148,-43.2225
Diffusion Model + LLM,-74.193,30.1053
Diffusion Model + LLM,-2.5032,-20.4807
Diffusion Model + LLM,-84.054,56.601
Diffusion Model + LLM,-28.7149,2.9838
Diffusion Model + LLM,-34.8831,-19.9357
Diffusion Model + LLM,-64.0858,7.9424
Diffusion Model + LLM,-16.3331,-21.6586
Diffusion Model + LLM,-17.2729,31.8686
Diffusion Model + LLM,-41.7833,84.7151
Diffusion Model + LLM,-6.9292,52.8195
Diffusion Model + LLM,-46.5369,36.3545
Diffusion Model + LLM,-69.6452,41.3267
Diffusion Model + LLM,-7.4365,-46.6433
Diffusion Model + LLM,-46.6629,-7.7757
Diffusion Model + LLM,-33.9048,-52.4264
Diffusion Model + LLM,-6.1343,86.6867
Diffusion Model + LLM,-2.3887,-59.8293
Diffusion Model + LLM,3.2354,76.5136
Diffusion Model + LLM,-64.8862,-44.0642
Diffusion Model + LLM,-5.8318,-0.9925
Diffusion Model + LLM,-34.2995,43.4656
Diffusion Model + LLM,-40.9753,37.8077
Diffusion Model + LLM,-47.1264,37.3249
Diffusion Model + LLM,-28.1739,66.8213
Diffusion Model + LLM,-60.5619,68.4606
Diffusion Model + LLM,4.0204,-93.8192
Diffusion Model + LLM,2.317,3.3299
Diffusion Model + LLM,-61.0434,11.4711
Diffusion Model + LLM,-40.4731,87.7215
Diffusion Model + LLM,-36.4801,-62.5342
Diffusion Model + LLM,2.2222,-50.7451
Diffusion Model + LLM,-19.9045,-4.9723
Diffusion Model + LLM,-64.0961,21.779
Diffusion Model + LLM,-63.058,30.1503
Diffusion Model + LLM,4.6741,-62.8523
Diffusion Model + LLM,8.4012,-5.1386
Diffusion Model + LLM,-23.7173,78.8532
Diffusion Model + LLM,-49.4838,13.4554
Diffusion Model + LLM,-88.4736,31.7785
Diffusion Model + LLM,-42.5534,-14.9807
Diffusion Model + LLM,-12.5749,6.0745
Diffusion Model + LLM,-8.8164,-55.8
Diffusion Model + LLM,2.1276,-48.5135
Diffusion Model + LLM,-13.5292,39.986
Diffusion Model + LLM,-9.3599,17.8525
Diffusion Model + LLM,-36.167,84.1231
Diffusion Model + LLM,-33.3628,14.6972
Diffusion Model + LLM,-24.625,-2.6061
Diffusion Model + LLM,-13.8674,80.3679
Diffusion Model + LLM,13.2539,28.7701
Diffusion Model + LLM,-61.2826,61.5286
Diffusion Model + LLM,-20.3831,-46.5916
Diffusion Model + LLM,-40.1626,-13.7711
Diffusion Model + LLM,-20.0724,43.1763
Diffusion Model + LLM,-38.2421,31.6738
Diffusion Model + LLM,-36.7448,-85.7274
Diffusion Model + LLM,-65.7811,-42.1338
Diffusion Model + LLM,-12.6612,-73.0039
Diffusion Model + LLM,-27.3876,-9.4385
Diffusion Model + LLM,-42.9068,59.0744
Diffusion Model + LLM,-23.0306,34.1414
Diffusion Model + LLM,-14.5117,63.8299
Diffusion Model + LLM,-18.6229,22.1584
Diffusion Model + LLM,7.3083,53.449
Diffusion Model + LLM,-25.5192,-12.2736
Diffusion Model + LLM,22.0616,55.3138
Diffusion Model + LLM,15.9637,23.0665
Diffusion Model + LLM,12.3324,45.938
Diffusion Model + LLM,-9.9635,8.3162
Diffusion Model + LLM,-91.4561,-3.9417
Diffusion Model + LLM,-6.2528,-21.4235
Diffusion Model + LLM,-8.4418,14.446
Diffusion Model + LLM,-75.3811,35.6677
Diffusion Model + LLM,-69.2728,-37.1001
Diffusion Model + LLM,18.5619,3.9427
Diffusion Model + LLM,-37.8927,50.3034
Diffusion Model + LLM,-26.0565,-6.9198
Diffusion Model + LLM,-44.2043,27.1905
Diffusion Model + LLM,-62.5735,-5.3324
Diffusion Model + LLM,-65.5569,44.3839
Diffusion Model + LLM,6.0181,-56.761
Diffusion Model + LLM,-45.0779,59.2847
Diffusion Model + LLM,-29.9399,-74.0607
Diffusion Model + LLM,15.1511,-14.5486
Diffusion Model + LLM,-18.8088,22.3942
Diffusion Model + LLM,-10.8895,-28.7712
Diffusion Model + LLM,-12.3902,45.035
Diffusion Model + LLM,-50.0182,-12.9229
Diffusion Model + LLM,-27.0005,12.6849
Diffusion Model + LLM,-28.2341,-85.6277
Diffusion Model + LLM,-3.146,19.603
Diffusion Model + LLM,-8.8786,80.5887
Diffusion Model + LLM,-6.8622,47.2499
Diffusion Model + LLM,-2.0115,-72.6304
Diffusion Model + LLM,-52.1306,73.2833
Diffusion Model + LLM,9.9576,-62.9462
Diffusion Model + LLM,-26.9513,-64.8441
Diffusion Model + LLM,-48.7508,-63.6363
Diffusion Model + LLM,-51.2015,74.1577
Diffusion Model + LLM,-66.7625,-29.0347
Diffusion Model + LLM,-58.5833,80.7394
Diffusion Model + LLM,-10.4459,34.0437
Diffusion Model + LLM,12.9687,66.0249
Diffusion Model + LLM,-80.7949,4.7269
Diffusion Model + LLM,-39.2595,-28.7605
Diffusion Model + LLM,-18.9481,9.2845
Diffusion Model + LLM,-28.1084,-42.4984
Diffusion Model + LLM,-7.1352,16.2993
Diffusion Model + LLM,-14.0549,53.843
Diffusion Model + LLM,-52.8639,-66.532
Diffusion Model + LLM,-25.8107,67.6933
Diffusion Model + LLM,-40.5515,81.5883
Diffusion Model + LLM,-37.982,-16.4229
Diffusion Model + LLM,-60.8106,18.055
Diffusion Model + LLM,-43.1927,72.7825
Diffusion Model + LLM,4.0835,90.2506
Diffusion Model + LLM,11.0675,18.5329
Diffusion Model + LLM,-46.1616,-37.3358
Diffusion Model + LLM,7.2422,36.8122
Diffusion Model + LLM,-21.5717,76.118
Diffusion Model + LLM,-14.5638,21.087
Diffusion Model + LLM,-13.5518,15.3876
Diffusion Model + LLM,0.2563,-0.9821
Diffusion Model + LLM,-5.9184,51.3475
Diffusion Model + LLM,7.2608,-62.8926
Diffusion Model + LLM,7.7891,-72.4568
Diffusion Model + LLM,-27.7919,-77.202
Diffusion Model + LLM,-20.0262,28.2573
Diffusion Model + LLM,-3.3838,15.677
Diffusion Model + LLM,-43.1469,84.4443
Diffusion Model + LLM,12.5605,-72.5752
Diffusion Model + LLM,-72.68,0.6623
Diffusion Model + LLM,16.8769,50.1746
Diffusion Model + LLM,-43.0533,27.9002
Diffusion Model + LLM,-27.9075,67.566
Diffusion Model + LLM,-44.0606,9.3201
Diffusion Model + LLM,-35.5021,-65.9049
Diffusion Model + LLM,19.2949,58.7186
Diffusion Model + LLM,-3.3584,-22.61
Diffusion Model + LLM,10.3737,-77.7622
Diffusion Model + LLM,-41.8116,1.8383
Diffusion Model + LLM,-43.3828,81.8171
Diffusion Model + LLM,-43.0546,36.957
Diffusion Model + LLM,12.3431,43.8048
Diffusion Model + LLM,-43.1382,-8.9336
Diffusion Model + LLM,-47.1431,-78.59
Diffusion Model + LLM,-9.7409,-74.4011
Diffusion Model + LLM,20.1119,57.1054
Diffusion Model + LLM,-29.9108,71.6815
Diffusion Model + LLM,19.0671,7.3165
Diffusion Model + LLM,-19.3396,37.8075
Diffusion Model + LLM,-26.7753,-64.32
Diffusion Model + LLM,-91.4666,-3.5128
Diffusion Model + LLM,-48.1223,-57.8156
Diffusion Model + LLM,-40.6067,-32.3794
Diffusion Model + LLM,-67.4443,70.5023
Diffusion Model + LLM,-60.9917,74.8325
Diffusion Model + LLM,-35.2176,31.1366
Diffusion Model + LLM,-92.3261,2.2463
Diffusion Model + LLM,-41.5451,-49.8281
Diffusion Model + LLM,9.0946,70.3221
Diffusion Model + LLM,-63.0256,44.0374
Diffusion Model + LLM,-10.8276,-28.507
Diffusion Model + LLM,-3.3555,16.2749
Diffusion Model + LLM,-39.5515,-4.3853
Diffusion Model + LLM,-0.467,1.02
Diffusion Model + LLM,6.0818,80.9862
Diffusion Model + LLM,17.5144,1.4971
Diffusion Model + LLM,13.3745,6.4162
Diffusion Model + LLM,-54.6696,62.8652
Diffusion Model + LLM,9.8033,8.6596
Diffusion Model + LLM,-3.6845,-41.8225
Diffusion Model + LLM,-49.9999,60.8529
Diffusion Model + LLM,-5.3346,-29.4525
Diffusion Model + LLM,-40.1484,86.9222
Diffusion Model + LLM,-47.817,10.6116
Diffusion Model + LLM,12.9503,30.4447
Diffusion Model + LLM,-54.6632,62.8827
Diffusion Model + LLM,-36.1358,15.5399
Diffusion Model + LLM,7.3607,22.9918
Diffusion Model + LLM,-14.4596,50.8834
Diffusion Model + LLM,-46.2089,66.7178
Diffusion Model + LLM,-3.4397,15.6316
Diffusion Model + LLM,-33.3533,-89.5105
Diffusion Model + LLM,-42.6263,45.2488
Diffusion Model + LLM,-32.2108,-88.0643
Diffusion Model + LLM,-26.7128,31.3658
Diffusion Model + LLM,-5.8732,-9.1068
Diffusion Model + LLM,5.3897,48.5175
Diffusion Model + LLM,3.5808,-88.9721
Diffusion Model + LLM,-89.2735,6.0913
Diffusion Model + LLM,-36.1643,89.2222
Diffusion Model + LLM,-45.0912,-4.1437
Diffusion Model + LLM,10.2565,-59.0983
Diffusion Model + LLM,-58.0189,72.9681
Diffusion Model + LLM,14.2267,9.3568
Diffusion Model + LLM,-82.048,4.1643
Diffusion Model + LLM,-43.818,72.465
Diffusion Model + LLM,-6.2662,27.0976
Diffusion Model + LLM,19.7786,-79.4085
Diffusion Model + LLM,-55.968,14.8572
Diffusion Model + LLM,-17.4144,58.969
Diffusion Model + LLM,-8.5423,41.8787
Diffusion Model + LLM,-66.5197,65.1162
Diffusion Model + LLM,-45.2132,24.7276
Diffusion Model + LLM,-31.815,0.7966
Diffusion Model + LLM,-4.3619,54.3513
Diffusion Model + LLM,-53.7382,-64.9096
Diffusion Model + LLM,-69.0469,52.6908
Diffusion Model + LLM,-10.7341,1.9724
Diffusion Model + LLM,-5.6689,36.2221
Diffusion Model + LLM,-10.553,21.92
Diffusion Model + LLM,-3.0397,-28.3626
Diffusion Model + LLM,-26.2112,68.9419
Diffusion Model + LLM,12.3072,6.8814
Diffusion Model + LLM,5.5779,-0.8642
Diffusion Model + LLM,-46.5256,62.6386
Diffusion Model + LLM,-65.5564,-49.1973
Diffusion Model + LLM,-36.3756,89.261
Diffusion Model + LLM,-12.1355,-8.1394
Diffusion Model + LLM,-0.2333,-50.7861
Diffusion Model + LLM,-34.9437,-53.2931
Diffusion Model + LLM,17.5891,50.069
Diffusion Model + LLM,-24.1661,65.4218
Diffusion Model + LLM,-70.8551,44.4425
Diffusion Model + LLM,-35.0223,45.9098
Diffusion Model + LLM,-21.8169,-64.0026
Diffusion Model + LLM,-60.0032,-36.5339
Diffusion Model + LLM,-23.4867,62.8911
Diffusion Model + LLM,1.0819,-85.8428
Diffusion Model + LLM,-47.1053,-36.6071
Diffusion Model + LLM,-10.3055,-16.0034
Diffusion Model + LLM,-74.378,51.3007
Diffusion Model + LLM,-24.9805,-11.7046
Diffusion Model + LLM,-35.2171,-54.4821
Diffusion Model + LLM,-5.4356,60.265
Diffusion Model + LLM,-42.4538,82.5471
Diffusion Model + LLM,-43.6531,43.6941
Diffusion Model + LLM,-33.2536,54.3431
Diffusion Model + LLM,-57.9207,-37.2727
Diffusion Model + LLM,-47.4906,-1.9449
Diffusion Model + LLM,-28.9456,73.6743
Diffusion Model + LLM,-25.4258,16.5157
Diffusion Model + LLM,9.1477,82.7194
Diffusion Model + LLM,-57.1229,37.9362
Diffusion Model + LLM,0.9924,13.7991
Diffusion Model + LLM,-47.2418,-1.2425
Diffusion Model + LLM,-66.0197,-30.8323
Diffusion Model + LLM,-38.4878,-84.2857
Diffusion Model + LLM,-4.4366,36.3329
Diffusion Model + LLM,6.5078,76.9949
Diffusion Model + LLM,10.91,24.3895
Diffusion Model + LLM,-77.2797,-20.3944
Diffusion Model + LLM,-16.2963,-19.4846
Diffusion Model + LLM,13.613,14.1815
Diffusion Model + LLM,6.0399,22.7686
Diffusion Model + LLM,-36.4897,12.3779
Diffusion Model + LLM,-95.2886,19.9751
Diffusion Model + LLM,8.7725,87.3764
Diffusion Model + LLM,8.3174,-60.5127
Diffusion Model + LLM,-21.5439,-7.3922
Diffusion Model + LLM,15.4783,28.3604
Diffusion Model + LLM,-1.5041,-48.3317
Diffusion Model + LLM,-60.6489,-6.6244
Diffusion Model + LLM,-19.4737,-55.0801
Diffusion Model + LLM,-9.0677,26.2537
Diffusion Model + LLM,-91.0855,-7.6767
Diffusion Model + LLM,5.196,-76.9869
Diffusion Model + LLM,3.8723,-18.2425
Diffusion Model + LLM,53.2361,51.665
Diffusion Model + LLM,-65.3134,62.4516
Diffusion Model + LLM,-63.1745,-31.0671
Diffusion Model + LLM,-28.3838,-58.517
Diffusion Model + LLM,9.3296,-56.5421
Diffusion Model + LLM,-26.175,73.2325
Diffusion Model + LLM,-15.7668,1.1448
Diffusion Model + LLM,-62.8878,75.5792
Diffusion Model + LLM,-0.4576,-61.1544
Diffusion Model + LLM,-83.9207,12.081
Diffusion Model + LLM,12.5544,31.3658
Diffusion Model + LLM,-14.4487,-25.0306
Diffusion Model + LLM,-41.5477,21.4793
Diffusion Model + LLM,-4.6459,-26.8973
Diffusion Model + LLM,-65.8612,-2.6532
Diffusion Model + LLM,-2.7742,-2.3935
Diffusion Model + LLM,-7.105,51.3237
Diffusion Model + LLM,-70.2987,-6.1776
Diffusion Model + LLM,-4.6388,-65.7651
Diffusion Model + LLM,-81.4838,10.4552
Diffusion Model + LLM,-69.8645,40.9351
Diffusion Model + LLM,-47.1609,-10.2432
Diffusion Model + LLM,-7.2283,0.7437
Diffusion Model + LLM,13.6339,65.2157
Diffusion Model + LLM,-57.2005,-72.0424
Diffusion Model + LLM,-45.8443,-6.4078
Diffusion Model + LLM,-15.8706,-93.4249
Diffusion Model + LLM,-26.5325,-66.0401
Diffusion Model + LLM,4.4341,-5.7845
Diffusion Model + LLM,-91.5468,-9.9436
Diffusion Model + LLM,-81.3408,28.222
Diffusion Model + LLM,-28.1557,-57.7127
Diffusion Model + LLM,-64.9813,42.1091
Diffusion Model + LLM,9.0489,60.8745
Diffusion Model + LLM,4.3762,7.7752
Diffusion Model + LLM,-25.5589,-51.6207
Diffusion Model + LLM,-29.6437,-52.5325
Diffusion Model + LLM,-75.4167,10.7463
Diffusion Model + LLM,-26.4688,-23.1554
Diffusion Model + LLM,-35.3183,85.449
Diffusion Model + LLM,-47.5561,-61.9734
Diffusion Model + LLM,-49.7438,-6.0041
Diffusion Model + LLM,-73.0028,-18.1333
Diffusion Model + LLM,11.6822,46.107
Diffusion Model + LLM,-48.6717,82.0465
Diffusion Model + LLM,-2.427,-48.1731
Diffusion Model + LLM,-8.1016,-9.5082
Diffusion Model + LLM,-9.4054,63.1447
Diffusion Model + LLM,-64.2624,73.2818
Diffusion Model + LLM,-11.4909,48.7175
Diffusion Model + LLM,-81.7661,60.0743
Diffusion Model + LLM,-96.3473,20.9768
Diffusion Model + LLM,-38.7389,24.3894
Diffusion Model + LLM,-37.2622,27.819
Diffusion Model + LLM,2.53,71.8863
Diffusion Model + LLM,-46.2964,72.2548
Diffusion Model + LLM,-54.2659,43.8423
