MOF_name,thermal_decomposition_temp_C,solvent_removal_stability,dataset
qmof-fbe36d5,414.0,0.75,QMOF reference
qmof-93941e0,378.2,0.95,QMOF reference
qmof-e80fd66,,FAILED,QMOF reference
qmof-2b581ba,335.2,0.54,QMOF reference
qmof-7d19f83,291.9,0.68,QMOF reference
qmof-b56841f,328.3,0.17,QMOF reference
qmof-03660e7,352.2,0.83,QMOF reference
qmof-e5a60a8,285.7,0.14,QMOF reference
qmof-5923d4b,324.9,0.6,QMOF reference
qmof-aa98191,330.2,0.71,QMOF reference
qmof-52d48cb,296.3,0.18,QMOF reference
qmof-c09dfd8,287.3,0.83,QMOF reference
qmof-06d4779,450.2,0.05,QMOF reference
qmof-16addb6,261.8,0.19,QMOF reference
qmof-369bb4b,267.7,0.38,QMOF reference
qmof-b7f4229,288.6,0.61,QMOF reference
qmof-3fc1e9c,320.0,0.75,QMOF reference
qmof-76ace93,303.9,0.17,QMOF reference
qmof-702ad28,,FAILED,QMOF reference
qmof-6454b36,305.6,0.3,QMOF reference
qmof-0b45f96,248.0,0.85,QMOF reference
qmof-59c1dc0,,FAILED,QMOF reference
qmof-3a44113,286.1,0.41,QMOF reference
qmof-82f05d3,356.6,0.19,QMOF reference
qmof-98f7fae,,FAILED,QMOF reference
qmof-2e883c9,393.4,0.33,QMOF reference
qmof-4b6fe6e,342.0,0.83,QMOF reference
qmof-4e1f5c1,,FAILED,QMOF reference
qmof-fcf8eb4,391.0,0.51,QMOF reference
qmof-3a5888d,345.0,0.22,QMOF reference
qmof-3254029,,FAILED,QMOF reference
qmof-53b9017,,FAILED,QMOF reference
qmof-e6e8ebf,383.2,0.9,QMOF reference
qmof-98d06b7,241.8,0.81,QMOF reference
qmof-711c472,364.2,0.91,QMOF reference
qmof-92a333a,484.6,0.87,QMOF reference
qmof-182673b,365.9,0.76,QMOF reference
qmof-d159e42,,FAILED,QMOF reference
qmof-bb53896,239.4,0.93,QMOF reference
qmof-a3753d9,,FAILED,QMOF reference
qmof-746261e,359.5,0.22,QMOF reference
qmof-88a7d5a,282.5,0.48,QMOF reference
qmof-89fcca7,361.6,0.79,QMOF reference
qmof-e312568,562.8,0.01,QMOF reference
qmof-f1d2550,,FAILED,QMOF reference
qmof-e3d0456,293.2,0.91,QMOF reference
qmof-ea234a7,401.5,0.96,QMOF reference
qmof-c8f6487,,FAILED,QMOF reference
qmof-301845c,380.9,0.57,QMOF reference
qmof-b2f66ca,252.1,0.3,QMOF reference
qmof-afb86c2,274.3,0.54,QMOF reference
qmof-5cbefb9,409.4,0.8,QMOF reference
qmof-ef07e73,251.1,0.47,QMOF reference
qmof-985a6f6,326.6,0.96,QMOF reference
qmof-faec724,316.1,0.45,QMOF reference
qmof-8aa82f9,463.8,0.51,QMOF reference
qmof-3b556a3,370.1,0.7,QMOF reference
qmof-d6f338e,239.0,0.42,QMOF reference
qmof-2f13274,357.8,0.95,QMOF reference
qmof-751e1a9,,FAILED,QMOF reference
qmof-24f3901,340.3,0.65,QMOF reference
qmof-60db40b,412.5,0.85,QMOF reference
qmof-0208603,443.6,0.12,QMOF reference
qmof-9c92382,384.3,0.46,QMOF reference
qmof-34239b6,219.0,0.74,QMOF reference
qmof-67b2819,,FAILED,QMOF reference
qmof-0162588,311.9,0.2,QMOF reference
qmof-3f821f2,,FAILED,QMOF reference
qmof-b460db9,330.0,0.31,QMOF reference
qmof-90d1dd5,379.7,0.15,QMOF reference
qmof-f45d6cf,426.7,0.85,QMOF reference
qmof-e6bee8a,314.2,0.87,QMOF reference
qmof-a134189,,FAILED,QMOF reference
qmof-2b6d068,470.3,0.9,QMOF reference
qmof-f2ddafc,322.2,0.81,QMOF reference
qmof-fd68665,352.2,0.93,QMOF reference
qmof-72d2bdc,321.2,0.83,QMOF reference
qmof-94979df,295.4,0.87,QMOF reference
qmof-dabb11e,286.8,0.85,QMOF reference
qmof-6c1a7d6,,FAILED,QMOF reference
qmof-8a528fd,380.7,0.48,QMOF reference
qmof-6f77b06,319.9,0.86,QMOF reference
qmof-2f61188,328.0,0.96,QMOF reference
qmof-8bfe542,482.8,0.03,QMOF reference
qmof-a952798,280.0,0.71,QMOF reference
qmof-9c01d33,,FAILED,QMOF reference
qmof-cd0f38e,,FAILED,QMOF reference
qmof-1da6c76,321.7,0.78,QMOF reference
qmof-57de99b,,FAILED,QMOF reference
qmof-e2e7542,222.7,0.32,QMOF reference
qmof-7cb0c4e,415.9,0.75,QMOF reference
qmof-5d93b3e,,FAILED,QMOF reference
qmof-77bd44c,298.6,0.4,QMOF reference
qmof-fd25ada,338.9,0.66,QMOF reference
qmof-d53eb5d,257.7,0.89,QMOF reference
qmof-790523b,,FAILED,QMOF reference
qmof-6e49166,398.7,0.88,QMOF reference
qmof-39b825c,385.0,0.31,QMOF reference
qmof-3fcc991,,FAILED,QMOF reference
qmof-fbe14b0,249.0,0.84,QMOF reference
qmof-17b2b67,311.1,0.23,QMOF reference
qmof-ff8666b,291.5,0.79,QMOF reference
qmof-13cd67d,332.6,0.91,QMOF reference
qmof-eeb61a6,,FAILED,QMOF reference
qmof-0b89f2c,266.3,0.73,QMOF reference
qmof-39c37e1,295.1,0.65,QMOF reference
qmof-24538b7,,FAILED,QMOF reference
qmof-9e4fd83,329.3,0.79,QMOF reference
qmof-54be6c9,377.0,0.78,QMOF reference
qmof-fe08220,286.6,0.9,QMOF reference
qmof-85dd0ae,399.7,0.1,QMOF reference
qmof-be391c1,444.2,0.69,QMOF reference
qmof-563bfea,302.8,0.69,QMOF reference
qmof-ad90d19,266.8,0.57,QMOF reference
qmof-e7ef967,341.3,0.85,QMOF reference
qmof-ed830ef,288.5,0.21,QMOF reference
qmof-ceaa98a,301.5,0.88,QMOF reference
qmof-da2b203,,FAILED,QMOF reference
qmof-76f9a91,358.9,0.71,QMOF reference
qmof-50d7874,334.9,0.67,QMOF reference
qmof-286c11a,446.3,0.23,QMOF reference
qmof-17246e7,420.0,0.94,QMOF reference
qmof-27afebe,394.8,0.85,QMOF reference
qmof-c9ae2a3,304.3,0.94,QMOF reference
qmof-99da696,348.2,0.71,QMOF reference
qmof-add50d6,266.6,0.9,QMOF reference
qmof-222a152,,FAILED,QMOF reference
qmof-f57d767,335.4,0.59,QMOF reference
qmof-330556b,,FAILED,QMOF reference
qmof-902b24f,241.3,0.22,QMOF reference
qmof-3caf24b,291.1,0.21,QMOF reference
qmof-1f7e34d,327.0,0.63,QMOF reference
qmof-2e1f180,360.0,0.79,QMOF reference
qmof-8d22df6,,FAILED,QMOF reference
qmof-22e4ccf,316.1,0.83,QMOF reference
qmof-255a145,264.4,0.82,QMOF reference
qmof-240ebea,333.5,0.32,QMOF reference
qmof-28498f0,318.7,0.31,QMOF reference
qmof-6b4d058,,FAILED,QMOF reference
qmof-b2f4f8a,294.0,0.4,QMOF reference
qmof-d44e9a3,,FAILED,QMOF reference
qmof-9d1bb2b,271.4,0.84,QMOF reference
qmof-0b3a3c5,356.2,0.86,QMOF reference
qmof-59f8ae3,248.5,0.93,QMOF reference
qmof-da188cd,336.2,0.45,QMOF reference
qmof-ec0d951,216.8,0.23,QMOF reference
qmof-667620b,,FAILED,QMOF reference
qmof-04a69eb,415.3,0.85,QMOF reference
qmof-d207424,352.8,0.6,QMOF reference
qmof-4648c4d,339.5,0.62,QMOF reference
qmof-a9d0bad,,FAILED,QMOF reference
qmof-ac5fb8a,351.2,0.53,QMOF reference
qmof-50413d8,320.1,0.2,QMOF reference
qmof-be7d403,317.1,0.12,QMOF reference
qmof-b94a663,299.8,0.86,QMOF reference
qmof-204eab0,267.8,0.86,QMOF reference
qmof-3c02628,433.2,0.03,QMOF reference
qmof-432b63a,313.0,0.93,QMOF reference
qmof-d0263a7,325.2,0.41,QMOF reference
qmof-99d6026,,FAILED,QMOF reference
qmof-906b305,323.8,0.77,QMOF reference
qmof-beb185c,412.6,0.38,QMOF reference
qmof-7465794,376.9,0.75,QMOF reference
qmof-7050bc7,348.4,0.44,QMOF reference
qmof-7e1e181,,FAILED,QMOF reference
qmof-14fa587,290.1,0.29,QMOF reference
qmof-68845f6,,FAILED,QMOF reference
qmof-7f79cf6,346.3,0.44,QMOF reference
qmof-ced477a,,FAILED,QMOF reference
qmof-9a8dcf2,405.4,0.79,QMOF reference
qmof-6aa9d97,353.9,0.56,QMOF reference
qmof-7685f3d,,FAILED,QMOF reference
qmof-39f26c0,327.8,0.28,QMOF reference
qmof-c22f0dd,469.6,0.57,QMOF reference
qmof-95a42fb,412.0,0.37,QMOF reference
qmof-22c4bad,159.7,0.92,QMOF reference
qmof-9c4d48b,,FAILED,QMOF reference
qmof-2556db0,321.8,0.76,QMOF reference
qmof-0358909,202.8,0.06,QMOF reference
qmof-24ebfb1,330.0,0.65,QMOF reference
qmof-b053409,324.2,0.59,QMOF reference
qmof-9aedda6,272.3,0.66,QMOF reference
qmof-737bead,,FAILED,QMOF reference
qmof-6956373,313.7,0.14,QMOF reference
qmof-21933a2,320.8,0.74,QMOF reference
qmof-ec8cd79,328.3,0.43,QMOF reference
qmof-4aa2b93,372.2,0.51,QMOF reference
qmof-7fe12e1,328.7,0.84,QMOF reference
qmof-4b509da,442.2,0.16,QMOF reference
qmof-8185c91,431.1,0.53,QMOF reference
qmof-3eac45e,358.1,0.69,QMOF reference
qmof-a633b21,334.4,0.75,QMOF reference
qmof-882e145,376.8,0.23,QMOF reference
qmof-a7a4796,340.2,0.61,QMOF reference
qmof-688a1df,338.2,0.77,QMOF reference
qmof-68f3526,327.1,0.37,QMOF reference
qmof-db622c5,407.4,0.58,QMOF reference
qmof-2239292,326.2,0.9,QMOF reference
qmof-cd9dd93,381.8,0.38,QMOF reference
qmof-158ec44,312.8,0.14,QMOF reference
qmof-2596182,,FAILED,QMOF reference
qmof-68ba5d7,352.9,0.34,QMOF reference
qmof-4c0ef7e,345.9,0.77,QMOF reference
qmof-9dedbbd,,FAILED,QMOF reference
qmof-071c170,236.9,0.16,QMOF reference
qmof-928425c,329.0,0.24,QMOF reference
qmof-ddec51e,328.2,0.45,QMOF reference
qmof-eb2e363,330.8,0.94,QMOF reference
qmof-4df1b78,,FAILED,QMOF reference
qmof-6a919c5,209.5,0.17,QMOF reference
qmof-f5690c7,316.9,0.33,QMOF reference
qmof-1937b4e,369.7,0.83,QMOF reference
qmof-1b756ab,366.9,0.55,QMOF reference
qmof-a837eb6,299.4,0.37,QMOF reference
qmof-9fc4937,,FAILED,QMOF reference
qmof-adc0e78,,FAILED,QMOF reference
qmof-f69721b,337.4,0.37,QMOF reference
qmof-1710640,344.5,0.93,QMOF reference
qmof-bcb167f,402.9,0.76,QMOF reference
qmof-7b78274,259.4,0.46,QMOF reference
qmof-115bd6e,307.7,0.39,QMOF reference
qmof-bd5ef65,335.9,0.57,QMOF reference
qmof-1fbe13e,301.4,0.19,QMOF reference
qmof-8ea1296,317.7,0.55,QMOF reference
qmof-1638d69,385.2,0.15,QMOF reference
qmof-eb7c07e,262.6,0.08,QMOF reference
qmof-307d2e1,335.9,0.93,QMOF reference
qmof-9a9e64a,393.1,0.37,QMOF reference
qmof-9d147d8,338.9,0.67,QMOF reference
qmof-99503b5,355.5,0.59,QMOF reference
qmof-9cc6ad7,292.5,0.37,QMOF reference
qmof-278bbd2,386.0,0.38,QMOF reference
qmof-1ce6860,290.4,0.96,QMOF reference
qmof-a98810e,305.6,0.75,QMOF reference
qmof-14e7e8b,311.7,0.92,QMOF reference
qmof-e8bce86,369.1,0.9,QMOF reference
qmof-36577c1,232.8,0.6,QMOF reference
qmof-8c7637f,,FAILED,QMOF reference
qmof-75bdb93,353.7,0.39,QMOF reference
qmof-79b3e88,,FAILED,QMOF reference
qmof-00daa63,321.4,0.58,QMOF reference
qmof-a382c1b,424.5,0.76,QMOF reference
qmof-fee1ad3,349.6,0.34,QMOF reference
qmof-480dd0a,318.0,0.71,QMOF reference
qmof-b298211,319.5,0.88,QMOF reference
qmof-86b8399,354.4,0.7,QMOF reference
qmof-d260db4,294.8,0.62,QMOF reference
qmof-56439ce,354.5,0.65,QMOF reference
qmof-42663e9,449.7,0.24,QMOF reference
qmof-1f33604,300.0,0.71,QMOF reference
qmof-ae6b8ab,294.3,0.52,QMOF reference
qmof-3bba393,,FAILED,QMOF reference
qmof-4a7f3f1,341.4,0.26,QMOF reference
qmof-852524d,361.7,0.42,QMOF reference
qmof-2d0ea93,283.3,0.89,QMOF reference
qmof-0691242,348.8,0.66,QMOF reference
qmof-d286c59,366.4,0.37,QMOF reference
qmof-de5d995,422.4,0.56,QMOF reference
qmof-fead38a,310.0,0.34,QMOF reference
qmof-9bef09e,387.8,0.95,QMOF reference
qmof-cad0a5d,280.6,0.85,QMOF reference
qmof-df6c211,345.2,0.76,QMOF reference
qmof-3179146,407.8,0.62,QMOF reference
qmof-dbb4261,332.4,0.72,QMOF reference
qmof-1de8e14,367.8,0.21,QMOF reference
qmof-b22af88,,FAILED,QMOF reference
qmof-3c12109,310.0,0.7,QMOF reference
qmof-300c221,345.1,0.37,QMOF reference
qmof-552976d,351.4,0.95,QMOF reference
qmof-9c0d1a4,237.2,0.52,QMOF reference
qmof-9179878,,FAILED,QMOF reference
qmof-d497239,348.4,0.88,QMOF reference
qmof-14345c5,380.8,0.72,QMOF reference
qmof-b61d76e,,FAILED,QMOF reference
qmof-65e6cf9,406.2,0.91,QMOF reference
qmof-cafe978,348.3,0.82,QMOF reference
qmof-2011a0f,349.1,0.59,QMOF reference
qmof-43bff6e,405.9,0.91,QMOF reference
qmof-a61451b,411.5,0.9,QMOF reference
qmof-cc31ba7,280.9,0.06,QMOF reference
qmof-7af20fe,277.9,0.6,QMOF reference
qmof-589dd74,362.3,0.65,QMOF reference
qmof-46fd06d,,FAILED,QMOF reference
qmof-41412a3,345.1,0.89,QMOF reference
qmof-81946c9,332.2,0.24,QMOF reference
qmof-1c59969,363.7,0.01,QMOF reference
qmof-3763142,366.7,0.25,QMOF reference
qmof-1566e59,292.0,0.31,QMOF reference
qmof-9a1b21d,323.9,0.9,QMOF reference
qmof-d6eb27e,272.0,0.91,QMOF reference
qmof-12fb18b,305.6,0.93,QMOF reference
qmof-4bfccae,,FAILED,QMOF reference
qmof-8242b5b,367.0,0.94,QMOF reference
qmof-a3c4a06,239.3,0.7,QMOF reference
qmof-e697da3,,FAILED,QMOF reference
qmof-dd0e039,337.2,0.89,QMOF reference
qmof-76350eb,366.8,0.86,QMOF reference
qmof-ed45178,420.9,0.56,QMOF reference
qmof-897f0d9,255.1,0.92,QMOF reference
qmof-c02448f,273.0,0.79,QMOF reference
qmof-0d3e46d,332.1,0.24,QMOF reference
qmof-8205831,265.5,0.81,QMOF reference
qmof-2b037bc,,FAILED,QMOF reference
qmof-aaa921d,321.4,0.86,QMOF reference
qmof-ffc9870,,FAILED,QMOF reference
qmof-462a448,345.7,0.84,QMOF reference
qmof-2235ac6,415.8,0.37,QMOF reference
qmof-3b3cb71,286.2,0.31,QMOF reference
qmof-4ee0d95,387.4,0.68,QMOF reference
qmof-b0c9185,322.6,0.21,QMOF reference
qmof-2bff013,313.9,0.85,QMOF reference
qmof-38301b9,146.3,0.91,QMOF reference
qmof-00d09fe,302.7,0.95,QMOF reference
qmof-32c9b25,370.7,0.3,QMOF reference
qmof-6f382a4,345.5,0.66,QMOF reference
qmof-759863e,,FAILED,QMOF reference
qmof-26e33a1,255.1,0.68,QMOF reference
qmof-fec62ce,296.0,0.8,QMOF reference
qmof-ca43af8,,FAILED,QMOF reference
qmof-6469d8b,215.1,0.25,QMOF reference
qmof-4e884d7,297.2,0.48,QMOF reference
qmof-13acee7,339.5,0.95,QMOF reference
qmof-7527a5f,,FAILED,QMOF reference
qmof-ad655ba,364.9,0.18,QMOF reference
qmof-c91ed91,188.0,0.57,QMOF reference
qmof-954f79c,432.3,0.42,QMOF reference
qmof-e78a509,318.4,0.68,QMOF reference
qmof-abd6069,256.3,0.44,QMOF reference
qmof-63a633f,246.2,0.95,QMOF reference
qmof-d9f3f47,353.8,0.52,QMOF reference
qmof-c8b2cfa,410.4,0.79,QMOF reference
qmof-0c10f91,300.2,0.1,QMOF reference
qmof-2d358d1,368.8,0.82,QMOF reference
qmof-89c9846,285.3,0.28,QMOF reference
qmof-fa3fd47,260.0,0.86,QMOF reference
qmof-5b57e19,295.8,0.67,QMOF reference
qmof-84d406d,,FAILED,QMOF reference
qmof-e44c0f4,377.6,0.93,QMOF reference
qmof-54ec179,337.7,0.3,QMOF reference
qmof-9747309,318.5,0.88,QMOF reference
qmof-f8bf70a,265.5,0.8,QMOF reference
qmof-fd1f89a,,FAILED,QMOF reference
qmof-d490fff,286.2,0.49,QMOF reference
qmof-56e34ef,313.6,0.91,QMOF reference
qmof-0fa4d72,292.7,0.61,QMOF reference
qmof-14332ab,358.0,0.86,QMOF reference
qmof-2d48467,306.9,0.4,QMOF reference
qmof-5cb1239,294.7,0.89,QMOF reference
qmof-7cb1107,410.7,0.63,QMOF reference
qmof-f391693,255.6,0.59,QMOF reference
qmof-d7359ca,391.7,0.3,QMOF reference
qmof-f567454,449.7,0.08,QMOF reference
qmof-b5b7724,393.4,0.76,QMOF reference
qmof-5d6af87,242.3,0.53,QMOF reference
qmof-7980106,354.4,0.42,QMOF reference
qmof-ea98c1b,241.5,0.28,QMOF reference
qmof-39429bc,357.8,0.66,QMOF reference
qmof-24832d5,310.2,0.57,QMOF reference
qmof-4a51a86,304.2,0.61,QMOF reference
qmof-e4f98a0,324.5,0.75,QMOF reference
qmof-782ea07,,FAILED,QMOF reference
qmof-fa0fb1d,326.4,0.75,QMOF reference
qmof-2d973a8,,FAILED,QMOF reference
qmof-fe8a0d3,278.6,0.69,QMOF reference
qmof-a0e80c5,302.7,0.79,QMOF reference
qmof-3f1edc7,271.1,0.27,QMOF reference
qmof-85cd36a,,FAILED,QMOF reference
qmof-6993068,333.9,0.44,QMOF reference
qmof-f18d717,362.1,0.8,QMOF reference
qmof-0cad810,318.4,0.6,QMOF reference
qmof-3fb24cf,345.6,0.78,QMOF reference
qmof-7f3ae47,227.2,0.41,QMOF reference
qmof-c14118a,342.3,0.72,QMOF reference
qmof-ddfc64a,322.4,0.82,QMOF reference
qmof-db849d6,302.8,0.46,QMOF reference
qmof-ca25516,326.2,0.84,QMOF reference
qmof-10c5024,236.5,0.94,QMOF reference
qmof-30d0a05,284.1,0.69,QMOF reference
qmof-2e932db,293.3,0.89,QMOF reference
qmof-90710c8,347.3,0.17,QMOF reference
qmof-2bc26d1,,FAILED,QMOF reference
qmof-abf8164,332.4,0.63,QMOF reference
qmof-8c6011b,289.2,0.79,QMOF reference
qmof-16de531,296.4,0.32,QMOF reference
qmof-ba20815,363.7,0.9,QMOF reference
qmof-618d03c,,FAILED,QMOF reference
qmof-1af6ce2,337.6,0.14,QMOF reference
qmof-5ea9819,327.9,0.37,QMOF reference
qmof-a44c398,,FAILED,QMOF reference
qmof-03c6ba9,414.1,0.01,QMOF reference
qmof-89f0067,381.7,0.72,QMOF reference
qmof-7a6145a,356.2,0.71,QMOF reference
qmof-eadf796,,FAILED,QMOF reference
qmof-927d241,426.7,0.75,QMOF reference
qmof-edd39e3,272.4,0.14,QMOF reference
qmof-83d4ba2,312.3,0.3,QMOF reference
qmof-49f5ae1,290.8,0.98,QMOF reference
qmof-5963db4,259.9,0.86,QMOF reference
qmof-606e1e2,356.4,0.21,QMOF reference
qmof-885c941,342.5,0.17,QMOF reference
qmof-c8c6644,,FAILED,QMOF reference
qmof-6d456c1,316.6,0.79,QMOF reference
qmof-815fc2b,304.0,0.77,QMOF reference
qmof-ce154fe,349.7,0.94,QMOF reference
qmof-3d31da5,291.7,0.55,QMOF reference
qmof-559f6f4,557.0,0.01,QMOF reference
qmof-d17983b,407.4,0.42,QMOF reference
qmof-12c7df0,254.4,0.87,QMOF reference
qmof-431f8cc,282.7,0.66,QMOF reference
qmof-698c70f,309.0,0.83,QMOF reference
qmof-14cbe50,324.2,0.84,QMOF reference
qmof-11ed3e0,164.1,0.52,QMOF reference
qmof-668c8ab,229.0,0.43,QMOF reference
qmof-2f238e2,376.1,0.53,QMOF reference
qmof-6f52c47,375.1,0.26,QMOF reference
qmof-e3c6537,314.9,0.18,QMOF reference
qmof-f3d0903,304.4,0.35,QMOF reference
qmof-7d62fb2,152.9,0.99,QMOF reference
qmof-bc64533,406.8,0.6,QMOF reference
qmof-3da8d8e,240.5,0.93,QMOF reference
qmof-5d155f8,346.7,0.54,QMOF reference
qmof-4a7bb80,288.7,0.85,QMOF reference
qmof-e9a4825,,FAILED,QMOF reference
qmof-ecef75e,306.2,0.31,QMOF reference
qmof-226eeb4,,FAILED,QMOF reference
qmof-9f99f89,384.9,0.2,QMOF reference
qmof-a7ffaa5,359.3,0.84,QMOF reference
qmof-50a4b12,319.1,0.93,QMOF reference
qmof-a4d0def,,FAILED,QMOF reference
qmof-5d743e9,234.1,0.7,QMOF reference
qmof-4bae7c0,289.5,0.89,QMOF reference
qmof-0f39fa4,450.5,0.8,QMOF reference
qmof-5deed79,402.9,0.64,QMOF reference
qmof-4d726d4,350.8,0.97,QMOF reference
qmof-04aceb4,318.8,0.88,QMOF reference
qmof-6f20050,250.7,0.8,QMOF reference
qmof-3219dbc,411.6,0.09,QMOF reference
qmof-fa9db14,,FAILED,QMOF reference
qmof-e095792,252.3,0.95,QMOF reference
qmof-ee4bd09,347.3,0.41,QMOF reference
qmof-6da396d,466.3,0.9,QMOF reference
qmof-f77c0e0,330.8,0.67,QMOF reference
qmof-47bbdd7,322.5,0.71,QMOF reference
qmof-3d585a2,177.0,0.98,QMOF reference
qmof-e607de3,281.5,0.56,QMOF reference
qmof-b1a8c0d,344.0,0.93,QMOF reference
qmof-c0844b9,284.4,0.14,QMOF reference
qmof-ea9f5eb,256.6,0.56,QMOF reference
qmof-a2a041a,252.9,0.69,QMOF reference
qmof-a6f3f87,527.5,0.02,QMOF reference
qmof-d856602,278.5,0.86,QMOF reference
qmof-4ae6ad4,321.2,0.38,QMOF reference
qmof-9132b62,378.8,0.78,QMOF reference
qmof-c16648b,336.4,0.57,QMOF reference
qmof-6865832,356.9,0.91,QMOF reference
qmof-c735ed2,389.1,0.87,QMOF reference
qmof-981d15e,305.8,0.44,QMOF reference
qmof-08ea2da,373.2,0.95,QMOF reference
qmof-8082407,,FAILED,QMOF reference
qmof-ed02e1b,318.7,0.95,QMOF reference
qmof-35465ea,328.9,0.51,QMOF reference
qmof-555b3a3,303.4,0.96,QMOF reference
qmof-6097b60,313.9,0.23,QMOF reference
qmof-7d9565e,329.0,0.18,QMOF reference
qmof-b56746c,387.6,0.37,QMOF reference
qmof-896109e,384.1,0.75,QMOF reference
qmof-fec0e15,337.4,0.88,QMOF reference
qmof-255cbe5,347.8,0.73,QMOF reference
qmof-be0b180,387.5,0.82,QMOF reference
qmof-5791351,369.3,0.52,QMOF reference
qmof-4b237d7,273.6,0.85,QMOF reference
qmof-01155fc,317.6,0.79,QMOF reference
qmof-348df13,293.2,0.65,QMOF reference
qmof-e577f8a,333.8,0.92,QMOF reference
qmof-d79a97c,320.5,0.81,QMOF reference
qmof-8376bca,349.2,0.52,QMOF reference
qmof-8b89165,283.1,0.92,QMOF reference
qmof-ee8825a,347.2,0.56,QMOF reference
qmof-09a1847,289.2,0.88,QMOF reference
qmof-bf0b336,,FAILED,QMOF reference
qmof-7b77cf8,,FAILED,QMOF reference
qmof-0fe92ef,,FAILED,QMOF reference
qmof-12edc8c,260.6,0.37,QMOF reference
qmof-796b6a2,359.7,0.85,QMOF reference
qmof-903705c,347.7,0.67,QMOF reference
qmof-3aeb382,359.1,0.55,QMOF reference
qmof-b825a82,354.6,0.93,QMOF reference
qmof-0660e3e,360.5,0.92,QMOF reference
qmof-f3a8143,361.2,0.51,QMOF reference
qmof-0134f52,271.9,0.71,QMOF reference
qmof-52169d5,338.2,0.26,QMOF reference
qmof-598b6ca,,FAILED,QMOF reference
qmof-8b93713,277.9,0.15,QMOF reference
qmof-9cf4f45,300.2,0.52,QMOF reference
qmof-25af73a,363.5,0.32,QMOF reference
qmof-3b51d4f,311.9,0.77,QMOF reference
qmof-c18cdd5,312.5,0.9,QMOF reference
qmof-115de59,382.0,0.8,QMOF reference
qmof-b0b9351,293.2,0.76,QMOF reference
qmof-e78085a,324.8,0.55,QMOF reference
qmof-7409358,378.4,0.69,QMOF reference
qmof-9e6bb9e,326.2,0.79,QMOF reference
qmof-b4beb57,327.9,0.33,QMOF reference
qmof-f3e9eb2,273.6,0.84,QMOF reference
qmof-0b7afa6,375.6,0.91,QMOF reference
qmof-6e77811,347.3,0.32,QMOF reference
qmof-957ace9,319.6,0.36,QMOF reference
qmof-6af7b79,325.1,0.89,QMOF reference
qmof-740e83b,290.9,0.93,QMOF reference
qmof-7a9db19,371.5,0.33,QMOF reference
qmof-26d80f2,449.5,0.86,QMOF reference
qmof-4cdc447,293.7,0.2,QMOF reference
qmof-44477e2,,FAILED,QMOF reference
qmof-965eff6,,FAILED,QMOF reference
qmof-9714d1f,372.2,0.93,QMOF reference
qmof-c8fe486,307.5,0.75,QMOF reference
qmof-a5d6bc4,210.3,0.77,QMOF reference
qmof-de1875e,287.2,0.87,QMOF reference
qmof-531a5b8,321.3,0.15,QMOF reference
qmof-a2e4f06,422.8,0.04,QMOF reference
qmof-bbdb65b,350.5,0.56,QMOF reference
qmof-628ac43,319.3,0.88,QMOF reference
qmof-f0e2ea0,,FAILED,QMOF reference
qmof-b4a0c42,338.9,0.39,QMOF reference
qmof-641e42c,449.8,0.61,QMOF reference
qmof-8389efb,289.8,0.58,QMOF reference
qmof-5a49de7,373.0,0.83,QMOF reference
qmof-807e547,254.6,0.46,QMOF reference
qmof-de67c10,364.8,0.78,QMOF reference
qmof-8f79859,255.2,0.93,QMOF reference
qmof-b4e619a,271.1,0.85,QMOF reference
qmof-4481428,,FAILED,QMOF reference
qmof-9f8e842,397.8,0.9,QMOF reference
qmof-8b3b2f2,254.1,0.91,QMOF reference
qmof-8a8d2e8,,FAILED,QMOF reference
qmof-ffe5987,291.9,0.7,QMOF reference
qmof-97759af,303.5,0.38,QMOF reference
qmof-322e474,,FAILED,QMOF reference
qmof-4b5e7db,,FAILED,QMOF reference
qmof-7b33e90,332.3,0.94,QMOF reference
qmof-437d9f5,365.3,0.91,QMOF reference
qmof-ef64fbc,178.7,0.97,QMOF reference
qmof-2aa55ae,,FAILED,QMOF reference
qmof-5168b8c,334.2,0.4,QMOF reference
qmof-28aae3b,280.9,0.19,QMOF reference
qmof-21587e2,396.1,0.96,QMOF reference
qmof-eccc1db,,FAILED,QMOF reference
qmof-1a6c50b,419.7,0.94,QMOF reference
qmof-2521623,239.8,0.48,QMOF reference
qmof-86b73f0,348.1,0.43,QMOF reference
qmof-8a40c3c,366.2,0.84,QMOF reference
qmof-156cc42,,FAILED,QMOF reference
qmof-911e7f0,359.4,0.24,QMOF reference
qmof-a7453c3,333.1,0.1,QMOF reference
qmof-417cefc,288.5,0.4,QMOF reference
qmof-d383524,319.9,0.35,QMOF reference
qmof-2a8a99e,,FAILED,QMOF reference
qmof-1f4857d,359.6,0.97,QMOF reference
qmof-19fcfb8,282.5,0.77,QMOF reference
qmof-37494c0,350.1,0.2,QMOF reference
qmof-7ee5feb,366.7,0.63,QMOF reference
qmof-c59d8b8,267.4,0.15,QMOF reference
qmof-f7be576,341.4,0.7,QMOF reference
qmof-b7f8729,354.0,0.63,QMOF reference
qmof-9eeead2,374.9,0.94,QMOF reference
qmof-202a1af,362.4,0.81,QMOF reference
qmof-c705783,354.5,0.5,QMOF reference
qmof-e3895a7,,FAILED,QMOF reference
qmof-7e8fa91,446.1,0.55,QMOF reference
qmof-d93f39f,435.1,0.87,QMOF reference
qmof-f3f83dd,324.9,0.33,QMOF reference
qmof-67570c0,343.9,0.35,QMOF reference
qmof-fa669aa,,FAILED,QMOF reference
qmof-f640f33,458.7,0.36,QMOF reference
qmof-a650f9b,309.5,0.42,QMOF reference
qmof-b78c40b,,FAILED,QMOF reference
qmof-55822fa,371.3,0.87,QMOF reference
qmof-87c0fca,338.3,0.22,QMOF reference
qmof-fcd5c86,334.2,0.93,QMOF reference
qmof-8169402,342.0,0.85,QMOF reference
qmof-b51332f,,FAILED,QMOF reference
qmof-57b6935,,FAILED,QMOF reference
qmof-4804357,391.3,0.7,QMOF reference
qmof-b2b9a3a,309.3,0.73,QMOF reference
qmof-97c50c1,337.7,0.91,QMOF reference
qmof-444b94b,243.7,0.91,QMOF reference
qmof-0efcdca,393.8,0.56,QMOF reference
qmof-1d91052,261.3,0.17,QMOF reference
qmof-67a6473,299.1,0.47,QMOF reference
qmof-3ff41fb,,FAILED,QMOF reference
qmof-08021a9,290.8,0.95,QMOF reference
qmof-c11cc76,,FAILED,QMOF reference
qmof-114133e,314.2,0.77,QMOF reference
qmof-6eae3f7,242.3,0.63,QMOF reference
qmof-3602012,385.9,0.9,QMOF reference
qmof-d7633f2,,FAILED,QMOF reference
qmof-9b1866d,297.6,0.85,QMOF reference
qmof-6b8897f,,FAILED,QMOF reference
qmof-75a2dcd,464.3,0.67,QMOF reference
qmof-c483cae,,FAILED,QMOF reference
qmof-de867ae,388.9,0.7,QMOF reference
qmof-0344ac0,,FAILED,QMOF reference
qmof-440e04a,432.7,0.77,QMOF reference
qmof-b19a7c5,356.4,0.3,QMOF reference
qmof-09376af,261.8,0.5,QMOF reference
qmof-bfd9aea,341.9,0.94,QMOF reference
qmof-0bb2748,341.7,0.67,QMOF reference
qmof-e266e2c,,FAILED,QMOF reference
qmof-8dad5f3,406.9,0.93,QMOF reference
qmof-1cc7f79,259.2,0.84,QMOF reference
qmof-69ba23e,363.6,0.86,QMOF reference
qmof-47ad2b5,175.7,0.63,QMOF reference
qmof-f263e45,,FAILED,QMOF reference
qmof-ab449b7,,FAILED,QMOF reference
qmof-0d326c4,326.2,0.79,QMOF reference
qmof-c031960,,FAILED,QMOF reference
qmof-83bc42a,,FAILED,QMOF reference
qmof-51097b4,304.1,0.88,QMOF reference
qmof-e0e24d6,184.1,0.96,QMOF reference
qmof-c7fbe0d,258.7,0.56,QMOF reference
qmof-762c740,319.7,0.94,QMOF reference
qmof-6842f7a,249.7,0.79,QMOF reference
qmof-9938276,,FAILED,QMOF reference
qmof-2ea7167,299.8,0.41,QMOF reference
qmof-c96b0bd,301.5,0.71,QMOF reference
qmof-e5e7f6f,290.4,0.23,QMOF reference
qmof-de45389,344.5,0.69,QMOF reference
qmof-3961e57,320.7,0.59,QMOF reference
qmof-b043741,406.0,0.18,QMOF reference
qmof-4f153a3,326.8,0.86,QMOF reference
qmof-cf2c9b6,280.3,0.41,QMOF reference
qmof-4a54aa8,333.4,0.88,QMOF reference
qmof-4e43c11,250.4,0.92,QMOF reference
qmof-8773583,355.5,0.4,QMOF reference
qmof-145f48b,401.4,0.37,QMOF reference
qmof-70bc81f,341.7,0.06,QMOF reference
qmof-5480f62,261.1,0.93,QMOF reference
qmof-6fc3e2b,361.0,0.69,QMOF reference
qmof-82fe308,350.3,0.93,QMOF reference
qmof-1f51bd7,292.2,0.96,QMOF reference
qmof-f05b03d,388.3,0.88,QMOF reference
qmof-4b2af63,,FAILED,QMOF reference
qmof-f8c1b29,260.8,0.72,QMOF reference
qmof-624a8f0,,FAILED,QMOF reference
qmof-d3de6ba,249.1,0.95,QMOF reference
qmof-7a9afb6,341.9,0.26,QMOF reference
qmof-55ca6c9,369.4,0.88,QMOF reference
qmof-8bf30fc,330.6,0.47,QMOF reference
qmof-77f5506,331.5,0.28,QMOF reference
qmof-5b07106,454.5,0.02,QMOF reference
qmof-180ee5c,315.0,0.86,QMOF reference
qmof-a72679c,345.0,0.78,QMOF reference
qmof-97abf16,431.7,0.1,QMOF reference
qmof-b233d71,359.7,0.78,QMOF reference
qmof-8b5a121,642.6,0.0,QMOF reference
qmof-ee02e1d,357.4,0.83,QMOF reference
qmof-dc995f2,370.2,0.2,QMOF reference
qmof-409a8b7,290.5,0.25,QMOF reference
qmof-365cf98,358.9,0.29,QMOF reference
qmof-91ef893,366.7,0.48,QMOF reference
qmof-73d1377,357.8,0.11,QMOF reference
qmof-b93ab48,355.2,0.31,QMOF reference
qmof-b6a6c14,,FAILED,QMOF reference
qmof-70883fe,362.6,0.93,QMOF reference
qmof-82f8bae,326.6,0.57,QMOF reference
qmof-ec84042,398.8,0.61,QMOF reference
qmof-cf53258,,FAILED,QMOF reference
qmof-006ae15,287.3,0.57,QMOF reference
qmof-104fefd,,FAILED,QMOF reference
qmof-0564294,456.4,0.86,QMOF reference
qmof-c5c4f84,379.5,0.96,QMOF reference
qmof-11b9e62,336.0,0.25,QMOF reference
qmof-8ceaacf,,FAILED,QMOF reference
qmof-1cc623d,429.1,0.92,QMOF reference
qmof-98dead6,390.5,0.83,QMOF reference
qmof-fd1a91f,249.7,0.17,QMOF reference
qmof-5c1c773,147.3,0.98,QMOF reference
qmof-4db34af,358.3,0.19,QMOF reference
qmof-6a9204c,366.3,0.86,QMOF reference
qmof-05191e5,,FAILED,QMOF reference
qmof-c6b9ed2,330.5,0.29,QMOF reference
qmof-f10ba6e,319.5,0.62,QMOF reference
qmof-1356ddc,343.7,0.18,QMOF reference
qmof-190ac36,372.7,0.85,QMOF reference
qmof-005f564,316.6,0.57,QMOF reference
qmof-53cae43,389.6,0.89,QMOF reference
qmof-d571bd8,338.2,0.94,QMOF reference
qmof-5fa0860,280.0,0.9,QMOF reference
qmof-687e4d6,315.4,0.22,QMOF reference
qmof-85a7780,366.7,0.94,QMOF reference
qmof-d4b91fb,286.6,0.23,QMOF reference
qmof-deea64a,385.9,0.86,QMOF reference
qmof-f249620,342.3,0.43,QMOF reference
qmof-c3317f7,346.2,0.82,QMOF reference
qmof-d4ff636,,FAILED,QMOF reference
qmof-44da106,397.9,0.75,QMOF reference
qmof-645a178,382.2,0.65,QMOF reference
qmof-362d57a,367.7,0.77,QMOF reference
qmof-9034501,,FAILED,QMOF reference
qmof-0fef828,384.1,0.8,QMOF reference
qmof-621adc5,337.0,0.43,QMOF reference
qmof-8529691,302.2,0.86,QMOF reference
qmof-2de35b5,429.9,0.69,QMOF reference
qmof-b6fc040,248.2,0.83,QMOF reference
qmof-6810890,,FAILED,QMOF reference
qmof-b941ec6,413.7,0.71,QMOF reference
qmof-bf9ccaf,275.6,0.87,QMOF reference
qmof-75d19c9,,FAILED,QMOF reference
qmof-ad3efe6,284.9,0.26,QMOF reference
qmof-e21e341,,FAILED,QMOF reference
qmof-0b4817e,356.9,0.96,QMOF reference
qmof-40ab8ad,286.5,0.52,QMOF reference
qmof-e0c11b0,322.1,0.59,QMOF reference
qmof-737b1c6,381.2,0.94,QMOF reference
qmof-c101b80,306.5,0.47,QMOF reference
qmof-4c7c3db,376.4,0.31,QMOF reference
qmof-a1cd2cc,328.6,0.79,QMOF reference
qmof-5a6407d,226.2,0.75,QMOF reference
qmof-beed51c,364.2,0.46,QMOF reference
qmof-ef126da,,FAILED,QMOF reference
qmof-4481da3,365.6,0.83,QMOF reference
qmof-a39158b,287.3,0.09,QMOF reference
qmof-0645840,306.7,0.86,QMOF reference
qmof-e458a47,370.9,0.53,QMOF reference
qmof-66615cb,151.6,0.98,QMOF reference
qmof-9269553,235.1,0.38,QMOF reference
qmof-7143528,331.0,0.63,QMOF reference
qmof-3254d7d,378.7,0.41,QMOF reference
qmof-b4ae596,,FAILED,QMOF reference
qmof-52a8795,303.6,0.63,QMOF reference
qmof-c906a20,358.8,0.47,QMOF reference
qmof-8c13777,189.2,0.59,QMOF reference
qmof-8dd89f6,352.2,0.1,QMOF reference
qmof-6236cc7,274.8,0.83,QMOF reference
qmof-cbf9737,,FAILED,QMOF reference
qmof-d198a06,364.2,0.84,QMOF reference
qmof-185d99c,,FAILED,QMOF reference
qmof-eca76af,297.3,0.21,QMOF reference
qmof-f6a2c50,315.5,0.33,QMOF reference
qmof-108a191,322.0,0.7,QMOF reference
qmof-a131202,328.8,0.95,QMOF reference
qmof-6f0a50e,414.9,0.24,QMOF reference
qmof-9d372e0,355.8,0.73,QMOF reference
qmof-2e50f50,,FAILED,QMOF reference
qmof-ac235bb,382.1,0.36,QMOF reference
qmof-8f34360,356.3,0.3,QMOF reference
qmof-79c2418,365.3,0.97,QMOF reference
qmof-209bf3c,288.0,0.35,QMOF reference
qmof-db2cdc7,370.5,0.64,QMOF reference
qmof-0736fd1,385.5,0.34,QMOF reference
qmof-c8f59a6,398.6,0.87,QMOF reference
qmof-0c240a1,369.4,0.36,QMOF reference
qmof-65f6051,209.8,0.18,QMOF reference
qmof-79ed331,257.7,0.54,QMOF reference
qmof-930ace4,,FAILED,QMOF reference
qmof-b25cad2,325.8,0.91,QMOF reference
qmof-a3fad3b,357.6,0.96,QMOF reference
qmof-65e795e,324.6,0.72,QMOF reference
qmof-374f54b,284.5,0.32,QMOF reference
qmof-afd2657,310.8,0.49,QMOF reference
qmof-e26ad1d,367.6,0.29,QMOF reference
qmof-0c88519,438.5,0.81,QMOF reference
qmof-7a92a43,,FAILED,QMOF reference
qmof-ac05bde,359.3,0.69,QMOF reference
qmof-257b072,,FAILED,QMOF reference
qmof-d4b9216,382.0,0.69,QMOF reference
qmof-78cf847,448.8,0.87,QMOF reference
qmof-72c4b23,448.1,0.49,QMOF reference
qmof-a010bc0,,FAILED,QMOF reference
qmof-6b7f9c0,,FAILED,QMOF reference
qmof-5264930,353.5,0.93,QMOF reference
qmof-176c460,265.0,0.15,QMOF reference
qmof-ccd25e1,337.3,0.75,QMOF reference
qmof-4e88a03,275.2,0.57,QMOF reference
qmof-400bbbf,331.6,0.41,QMOF reference
qmof-3bdb7ac,,FAILED,QMOF reference
qmof-8fd6676,345.2,0.33,QMOF reference
qmof-75c4882,,FAILED,QMOF reference
qmof-cc48a59,329.6,0.9,QMOF reference
qmof-fd37ecd,286.6,0.38,QMOF reference
qmof-87f81b7,207.7,0.38,QMOF reference
qmof-223436e,375.6,0.39,QMOF reference
qmof-81ffe5f,312.3,0.07,QMOF reference
qmof-4b563a9,349.6,0.37,QMOF reference
qmof-1ed0c50,399.2,0.89,QMOF reference
qmof-beeedc4,319.2,0.21,QMOF reference
qmof-8f407b6,331.7,0.39,QMOF reference
qmof-57ca61b,317.6,0.13,QMOF reference
qmof-05b0858,344.4,0.63,QMOF reference
qmof-7733b97,408.8,0.11,QMOF reference
qmof-dd62091,336.5,0.73,QMOF reference
qmof-597f45f,240.6,0.4,QMOF reference
qmof-ac12371,267.0,0.89,QMOF reference
qmof-7986c05,376.3,0.75,QMOF reference
qmof-8a38035,320.3,0.13,QMOF reference
qmof-8e0c999,393.6,0.73,QMOF reference
qmof-b14fe4f,312.9,0.73,QMOF reference
qmof-eb0aaee,283.4,0.16,QMOF reference
qmof-b6d938a,378.8,0.96,QMOF reference
qmof-48bcbc2,345.9,0.2,QMOF reference
qmof-ec24f88,402.4,0.19,QMOF reference
qmof-a498ebd,349.3,0.79,QMOF reference
qmof-b10a178,308.7,0.92,QMOF reference
qmof-5edee51,366.0,0.73,QMOF reference
qmof-b05d166,291.5,0.69,QMOF reference
qmof-3f6d858,331.2,0.94,QMOF reference
qmof-caa3f9b,,FAILED,QMOF reference
qmof-1aeca7d,,FAILED,QMOF reference
qmof-29e411b,251.1,0.3,QMOF reference
qmof-815a5a8,429.2,0.78,QMOF reference
qmof-e4ea248,273.7,0.21,QMOF reference
qmof-d206dbf,310.9,0.38,QMOF reference
qmof-9564d97,315.1,0.87,QMOF reference
qmof-868274a,287.7,0.68,QMOF reference
qmof-fdef13d,393.3,0.57,QMOF reference
qmof-3847280,251.6,0.79,QMOF reference
qmof-03bce06,,FAILED,QMOF reference
qmof-041ffc3,306.7,0.67,QMOF reference
qmof-d475ee7,414.9,0.99,QMOF reference
qmof-3cfd336,362.4,0.95,QMOF reference
qmof-e078b5f,,FAILED,QMOF reference
qmof-26ea622,346.1,0.94,QMOF reference
qmof-2d1ab29,529.2,0.04,QMOF reference
qmof-ef6e774,264.9,0.83,QMOF reference
qmof-8ec55e0,331.4,0.84,QMOF reference
qmof-de67092,321.0,0.47,QMOF reference
qmof-c6bf1e2,245.4,0.92,QMOF reference
qmof-28acf7f,341.6,0.97,QMOF reference
qmof-6bf0ec2,305.8,0.93,QMOF reference
qmof-96eb05f,304.6,0.5,QMOF reference
qmof-1e2a4e1,290.0,0.65,QMOF reference
qmof-e4099ea,315.0,0.48,QMOF reference
qmof-700d2d4,333.3,0.93,QMOF reference
qmof-87ee196,495.1,0.88,QMOF reference
qmof-adecf31,364.8,0.87,QMOF reference
qmof-651fdeb,,FAILED,QMOF reference
qmof-d60bb3e,317.7,0.49,QMOF reference
qmof-e71ede6,353.6,0.15,QMOF reference
qmof-5890c4d,353.7,0.76,QMOF reference
qmof-7cd7343,359.7,0.97,QMOF reference
qmof-ff6a634,310.8,0.79,QMOF reference
qmof-b63ba6c,309.6,0.8,QMOF reference
qmof-7e1197e,361.6,0.8,QMOF reference
qmof-db92909,314.2,0.33,QMOF reference
qmof-8a1c381,384.8,0.42,QMOF reference
qmof-5cf14ed,,FAILED,QMOF reference
qmof-1f4f159,400.2,0.05,QMOF reference
qmof-dba8b3a,346.7,0.82,QMOF reference
qmof-d84f27e,378.1,0.87,QMOF reference
qmof-8c44268,267.9,0.75,QMOF reference
qmof-7b48c52,351.1,0.99,QMOF reference
qmof-8b891d0,380.9,0.71,QMOF reference
qmof-0dcd74e,346.1,0.84,QMOF reference
qmof-4c2c9ee,,FAILED,QMOF reference
qmof-09b92f5,302.3,0.73,QMOF reference
qmof-c77937a,350.5,0.44,QMOF reference
qmof-a342218,390.7,0.55,QMOF reference
qmof-0cecd6b,334.0,0.57,QMOF reference
qmof-c9bcdde,353.4,0.58,QMOF reference
qmof-18306a5,331.9,0.59,QMOF reference
qmof-d4f6af2,335.5,0.64,QMOF reference
qmof-e940798,,FAILED,QMOF reference
qmof-f5a950b,331.1,0.49,QMOF reference
qmof-2cf73c1,346.5,0.41,QMOF reference
qmof-9be2d4c,272.0,0.57,QMOF reference
qmof-48504ab,287.5,0.14,QMOF reference
qmof-df558c0,348.8,0.91,QMOF reference
qmof-8d5a08b,246.5,0.89,QMOF reference
qmof-cc3dd63,328.9,0.25,QMOF reference
qmof-769821d,302.5,0.68,QMOF reference
qmof-0280eec,327.2,0.58,QMOF reference
qmof-146d007,286.7,0.8,QMOF reference
qmof-042197c,,FAILED,QMOF reference
qmof-bfa2fbe,316.6,0.71,QMOF reference
qmof-f75536d,331.3,0.9,QMOF reference
qmof-9277d51,398.2,0.67,QMOF reference
qmof-ba5b808,308.6,0.05,QMOF reference
qmof-44f590d,339.3,0.87,QMOF reference
qmof-e731356,351.0,0.14,QMOF reference
qmof-3df82ff,,FAILED,QMOF reference
qmof-49849ba,356.2,0.88,QMOF reference
qmof-4ce68d1,353.1,0.38,QMOF reference
qmof-a0b71cf,319.2,0.27,QMOF reference
qmof-2255387,277.2,0.74,QMOF reference
qmof-7b0a947,365.5,0.25,QMOF reference
qmof-3274cd8,,FAILED,QMOF reference
qmof-eae6c15,,FAILED,QMOF reference
qmof-cd04a40,375.1,0.94,QMOF reference
qmof-22c6575,309.9,0.8,QMOF reference
qmof-d7500c7,301.6,0.8,QMOF reference
qmof-bd93f70,,FAILED,QMOF reference
qmof-b696fc8,460.3,0.81,QMOF reference
qmof-be4f504,250.6,0.57,QMOF reference
qmof-361e7a4,269.3,0.87,QMOF reference
qmof-42062c2,303.6,0.7,QMOF reference
qmof-e3d2466,402.6,0.72,QMOF reference
qmof-824dc63,378.8,0.93,QMOF reference
qmof-b4e2512,309.1,0.77,QMOF reference
qmof-8636073,327.2,0.68,QMOF reference
qmof-7915680,335.8,0.91,QMOF reference
qmof-e987c82,,FAILED,QMOF reference
qmof-f5499a0,,FAILED,QMOF reference
qmof-b0f27f3,-86.6,0.89,QMOF reference
qmof-e9474aa,280.6,0.42,QMOF reference
qmof-38b18d7,390.2,0.79,QMOF reference
qmof-1dcf9c9,322.3,0.94,QMOF reference
qmof-0b31941,146.2,0.33,QMOF reference
qmof-10ea1fe,325.6,0.52,QMOF reference
qmof-be911ac,425.3,0.95,QMOF reference
qmof-7b91383,,FAILED,QMOF reference
qmof-6af941a,293.9,0.41,QMOF reference
qmof-b517439,292.4,0.9,QMOF reference
qmof-7bfb86b,368.8,0.79,QMOF reference
qmof-cb1a094,247.6,0.87,QMOF reference
qmof-f6f5670,314.3,0.5,QMOF reference
qmof-8781cc3,272.8,0.84,QMOF reference
qmof-f293ac8,340.4,0.23,QMOF reference
qmof-b2a7435,342.2,0.74,QMOF reference
qmof-9383360,261.1,0.88,QMOF reference
qmof-f0eceac,318.8,0.83,QMOF reference
qmof-31d950f,262.4,0.88,QMOF reference
qmof-7d6715f,269.6,0.64,QMOF reference
qmof-e843058,,FAILED,QMOF reference
qmof-e28114e,295.9,0.5,QMOF reference
qmof-7c74ed0,345.7,0.1,QMOF reference
qmof-d86c15e,323.9,0.06,QMOF reference
qmof-0526588,394.7,0.79,QMOF reference
qmof-594c034,325.2,0.68,QMOF reference
qmof-5038232,269.4,0.61,QMOF reference
qmof-ac1edc6,269.2,0.26,QMOF reference
qmof-4748592,337.2,0.37,QMOF reference
qmof-013d7be,390.6,0.79,QMOF reference
qmof-6694295,324.9,0.73,QMOF reference
qmof-8cc5219,328.7,0.69,QMOF reference
qmof-ad4a6de,322.3,0.93,QMOF reference
qmof-5cd0603,,FAILED,QMOF reference
qmof-c5d2cf9,414.2,0.37,QMOF reference
qmof-d76cb3a,,FAILED,QMOF reference
qmof-697aabc,353.8,0.5,QMOF reference
qmof-2dfbd1a,226.5,0.3,QMOF reference
qmof-0cf7471,326.1,0.86,QMOF reference
qmof-eb404c8,328.6,0.1,QMOF reference
qmof-65179cb,81.9,0.85,QMOF reference
qmof-e08db99,362.6,0.66,QMOF reference
qmof-03f76d4,409.1,0.72,QMOF reference
qmof-3abfd72,222.9,0.88,QMOF reference
qmof-b6824df,318.5,0.6,QMOF reference
qmof-063efc4,366.7,0.53,QMOF reference
qmof-15bce2e,364.9,0.95,QMOF reference
qmof-1c14d74,418.4,0.75,QMOF reference
qmof-ff9ebb7,332.1,0.3,QMOF reference
qmof-41724f3,211.4,0.88,QMOF reference
qmof-0cfad40,338.8,0.18,QMOF reference
qmof-f3e6404,470.3,0.14,QMOF reference
qmof-f6519c0,243.3,0.43,QMOF reference
qmof-99bd2ff,275.3,0.72,QMOF reference
qmof-d117cca,311.5,0.88,QMOF reference
qmof-7a3ac3d,225.9,0.22,QMOF reference
qmof-2f35f0d,,FAILED,QMOF reference
qmof-69cecc3,431.0,0.91,QMOF reference
qmof-4409f74,324.8,0.61,QMOF reference
qmof-d044302,,FAILED,QMOF reference
qmof-2f828ec,303.3,0.27,QMOF reference
qmof-32bbf6c,371.9,0.84,QMOF reference
qmof-3458e32,342.1,0.23,QMOF reference
qmof-0f2fd5f,412.8,0.66,QMOF reference
qmof-d77d3f0,281.8,0.9,QMOF reference
qmof-275272e,367.7,0.94,QMOF reference
qmof-7072328,319.1,0.21,QMOF reference
qmof-ea1d5fa,352.8,0.67,QMOF reference
qmof-ef62024,360.9,0.68,QMOF reference
qmof-1b83b8b,425.8,0.9,QMOF reference
qmof-6ef2062,,FAILED,QMOF reference
qmof-1fef8a4,359.1,0.18,QMOF reference
qmof-3ad0212,349.9,0.37,QMOF reference
qmof-2313b16,370.6,0.87,QMOF reference
qmof-09bfb35,396.2,0.84,QMOF reference
qmof-e8229f5,,FAILED,QMOF reference
qmof-695c22f,369.4,0.85,QMOF reference
qmof-5587957,374.3,0.91,QMOF reference
qmof-bfe77e8,407.7,0.74,QMOF reference
qmof-8bea158,377.7,0.16,QMOF reference
qmof-22b0cb3,402.0,0.51,QMOF reference
qmof-a0aca25,,FAILED,QMOF reference
qmof-dd494b4,,FAILED,QMOF reference
qmof-fde6499,360.8,0.94,QMOF reference
qmof-4090ad3,193.1,0.93,QMOF reference
qmof-ef027a7,360.7,0.6,QMOF reference
qmof-cccb3cf,347.1,0.68,QMOF reference
qmof-a3577c1,239.4,0.1,QMOF reference
qmof-5224f49,315.8,0.42,QMOF reference
qmof-691b73e,298.1,0.78,QMOF reference
qmof-8bc47d5,322.3,0.59,QMOF reference
qmof-ea67c6a,329.7,0.55,QMOF reference
qmof-a44e9a8,412.6,0.33,QMOF reference
qmof-68a1f3b,,FAILED,QMOF reference
qmof-38516c4,363.3,0.95,QMOF reference
qmof-6da60e8,326.6,0.87,QMOF reference
qmof-01060b4,347.6,0.76,QMOF reference
qmof-ea5c37d,315.9,0.67,QMOF reference
qmof-2657d57,308.2,0.62,QMOF reference
qmof-7571eaa,,FAILED,QMOF reference
qmof-79a7525,323.6,0.37,QMOF reference
qmof-7e7dcc4,354.2,0.29,QMOF reference
qmof-6f290de,324.9,0.37,QMOF reference
qmof-67850b0,316.5,0.74,QMOF reference
qmof-bab2a52,312.6,0.79,QMOF reference
qmof-4a4c3dc,345.3,0.64,QMOF reference
qmof-a2257be,248.3,0.92,QMOF reference
qmof-cf59d6c,373.9,0.85,QMOF reference
qmof-d8e2d5a,354.5,0.93,QMOF reference
qmof-e9ceb52,371.3,0.87,QMOF reference
qmof-648c41f,,FAILED,QMOF reference
qmof-7f0ff56,,FAILED,QMOF reference
qmof-ac756ee,322.7,0.18,QMOF reference
qmof-214cb7e,339.9,0.84,QMOF reference
qmof-09ba5e4,383.1,0.47,QMOF reference
qmof-6f39277,266.7,0.8,QMOF reference
qmof-4e8ed50,319.4,0.77,QMOF reference
qmof-c73e903,272.4,0.68,QMOF reference
qmof-374a046,,FAILED,QMOF reference
qmof-ecfd7a0,,FAILED,QMOF reference
qmof-ed866db,,FAILED,QMOF reference
qmof-0056327,284.9,0.63,QMOF reference
qmof-6efed02,397.3,0.48,QMOF reference
qmof-22518e3,409.3,0.77,QMOF reference
qmof-21ceae6,333.7,0.4,QMOF reference
qmof-516cf1b,274.8,0.41,QMOF reference
qmof-0beae43,357.6,0.76,QMOF reference
qmof-cd0d17e,308.4,0.43,QMOF reference
qmof-2a9daea,326.7,0.29,QMOF reference
qmof-99456ca,297.4,0.24,QMOF reference
qmof-43264a9,226.0,0.39,QMOF reference
qmof-363bce5,326.5,0.53,QMOF reference
qmof-b3adea3,402.5,0.45,QMOF reference
qmof-b5258da,392.4,0.78,QMOF reference
qmof-4d020d6,249.3,0.14,QMOF reference
qmof-c27282a,328.8,0.78,QMOF reference
qmof-a6977a3,,FAILED,QMOF reference
qmof-63bed95,259.8,0.87,QMOF reference
qmof-55c98b9,436.1,0.93,QMOF reference
qmof-51ac6e2,315.3,0.65,QMOF reference
qmof-a95c660,327.5,0.93,QMOF reference
qmof-0411cdf,309.8,0.92,QMOF reference
qmof-c0cf89e,307.6,0.34,QMOF reference
qmof-ab4fc49,292.5,0.5,QMOF reference
qmof-c07a67d,344.2,0.29,QMOF reference
qmof-402d546,282.5,0.93,QMOF reference
qmof-ead1cf2,338.1,0.66,QMOF reference
qmof-9da8e10,,FAILED,QMOF reference
qmof-49c3c03,313.5,0.92,QMOF reference
qmof-7e1795a,297.4,0.64,QMOF reference
qmof-2f5ad9e,355.1,0.19,QMOF reference
qmof-0a86756,388.6,0.93,QMOF reference
qmof-b40d2ab,,FAILED,QMOF reference
qmof-a36eb96,304.3,0.84,QMOF reference
qmof-10b52ba,296.5,0.56,QMOF reference
qmof-a583a54,342.0,0.38,QMOF reference
qmof-4637532,347.1,0.54,QMOF reference
qmof-e494792,267.9,0.78,QMOF reference
qmof-4d6534c,,FAILED,QMOF reference
qmof-2102fc6,264.2,0.72,QMOF reference
qmof-b057164,446.6,0.86,QMOF reference
qmof-1802001,443.7,0.58,QMOF reference
qmof-7e529bd,285.7,0.64,QMOF reference
qmof-01346c1,320.5,0.74,QMOF reference
qmof-c9cfc46,,FAILED,QMOF reference
qmof-2fc7154,339.7,0.85,QMOF reference
qmof-118a864,337.7,0.72,QMOF reference
qmof-4a57b79,407.4,0.18,QMOF reference
qmof-22767fa,330.4,0.92,QMOF reference
qmof-21b9d9a,,FAILED,QMOF reference
qmof-a5a012b,461.6,0.75,QMOF reference
qmof-99cc81d,336.4,0.88,QMOF reference
qmof-3643545,252.6,0.68,QMOF reference
qmof-08e7dd3,298.2,0.46,QMOF reference
qmof-0dc0fe6,260.2,0.48,QMOF reference
qmof-f35d56b,,FAILED,QMOF reference
qmof-3af4239,307.1,0.92,QMOF reference
qmof-44d6faf,174.5,0.49,QMOF reference
qmof-8a22665,,FAILED,QMOF reference
qmof-23c23d8,318.1,0.84,QMOF reference
qmof-5fe8b1d,328.7,0.6,QMOF reference
qmof-9f8ac71,418.8,0.85,QMOF reference
qmof-434aece,,FAILED,QMOF reference
qmof-81016e7,326.4,0.78,QMOF reference
qmof-bedebdd,313.3,0.47,QMOF reference
qmof-136ec9b,361.6,0.76,QMOF reference
qmof-5402e4d,322.4,0.26,QMOF reference
qmof-5f31ac2,267.4,0.77,QMOF reference
qmof-3351730,295.7,0.93,QMOF reference
qmof-8359f4e,,FAILED,QMOF reference
qmof-f22081b,302.0,0.92,QMOF reference
qmof-eddc36b,395.8,0.84,QMOF reference
qmof-866d433,392.2,0.96,QMOF reference
qmof-3bcf29c,307.6,0.84,QMOF reference
qmof-1a0cf71,321.6,0.51,QMOF reference
qmof-eda3909,390.4,0.85,QMOF reference
qmof-aff1642,357.9,0.21,QMOF reference
qmof-eedc47f,353.1,0.45,QMOF reference
qmof-8a95c27,292.2,0.69,QMOF reference
qmof-e1eb1d3,312.1,0.5,QMOF reference
qmof-157692e,366.6,0.65,QMOF reference
qmof-8b50b3f,293.1,0.91,QMOF reference
qmof-1502f04,352.2,0.3,QMOF reference
qmof-a20a60f,325.9,0.4,QMOF reference
qmof-73ded45,233.7,0.94,QMOF reference
qmof-c128664,325.6,0.92,QMOF reference
qmof-fb27fc1,226.6,0.39,QMOF reference
qmof-a3cf233,339.7,0.31,QMOF reference
qmof-167482e,291.8,0.82,QMOF reference
qmof-d972a90,,FAILED,QMOF reference
qmof-c124bc0,,FAILED,QMOF reference
qmof-684fe0f,310.6,0.3,QMOF reference
qmof-33a12c7,318.6,0.85,QMOF reference
qmof-ef5f46f,365.5,0.37,QMOF reference
qmof-bc2a5ca,357.0,0.88,QMOF reference
qmof-e0cb981,358.9,0.8,QMOF reference
qmof-2ee608c,381.9,0.66,QMOF reference
qmof-890c483,347.1,0.79,QMOF reference
qmof-1a74b10,397.3,0.34,QMOF reference
qmof-07e6831,325.8,0.5,QMOF reference
qmof-8e1f1ff,425.4,0.93,QMOF reference
qmof-683545f,256.5,0.83,QMOF reference
qmof-0be35a0,284.4,0.45,QMOF reference
qmof-1f43ca5,370.2,0.76,QMOF reference
qmof-0ca8ad2,346.2,0.69,QMOF reference
qmof-c052686,349.7,0.84,QMOF reference
qmof-6f783df,187.3,0.92,QMOF reference
qmof-5361c4e,288.4,0.7,QMOF reference
qmof-6bb8058,352.5,0.19,QMOF reference
qmof-f2bb795,366.7,0.7,QMOF reference
qmof-376455d,235.9,0.82,QMOF reference
qmof-65631c4,,FAILED,QMOF reference
qmof-02eaa2a,332.1,0.84,QMOF reference
qmof-3689ab2,254.1,0.87,QMOF reference
qmof-3d45a02,285.7,0.79,QMOF reference
qmof-d83a3a6,,FAILED,QMOF reference
qmof-a556c09,280.2,0.25,QMOF reference
qmof-dd825f1,242.9,0.87,QMOF reference
qmof-2c70e68,441.8,0.6,QMOF reference
qmof-6ebfed4,370.4,0.69,QMOF reference
qmof-02d00ee,351.9,0.95,QMOF reference
qmof-9a04c15,333.5,0.95,QMOF reference
qmof-382ab31,349.7,0.68,QMOF reference
qmof-5859d0d,278.1,0.54,QMOF reference
qmof-a8dd8d4,,FAILED,QMOF reference
qmof-455e906,372.3,0.3,QMOF reference
qmof-956de34,300.0,0.9,QMOF reference
qmof-39bab0e,345.4,0.35,QMOF reference
qmof-a933acc,367.7,0.89,QMOF reference
qmof-90bd8c0,350.8,0.73,QMOF reference
qmof-7daa675,320.8,0.43,QMOF reference
qmof-b28980a,305.9,0.6,QMOF reference
qmof-bdbf083,410.1,0.06,QMOF reference
qmof-cdc4bef,,FAILED,QMOF reference
qmof-13bd042,330.5,0.75,QMOF reference
qmof-075218d,352.9,0.8,QMOF reference
qmof-653a4ce,386.1,0.75,QMOF reference
qmof-cd498a4,368.9,0.87,QMOF reference
qmof-4587fb8,318.8,0.85,QMOF reference
qmof-850be7b,373.0,0.84,QMOF reference
qmof-8700bb5,368.3,0.29,QMOF reference
qmof-92702e7,327.0,0.46,QMOF reference
qmof-bc0149c,326.7,0.79,QMOF reference
qmof-5c3e66d,324.7,0.69,QMOF reference
qmof-fc2a8f0,388.1,0.92,QMOF reference
qmof-5766a15,357.1,0.88,QMOF reference
qmof-f921012,391.1,0.83,QMOF reference
qmof-3343744,,FAILED,QMOF reference
qmof-9fdfadb,,FAILED,QMOF reference
qmof-dc01ec5,,FAILED,QMOF reference
qmof-59b1bd6,,FAILED,QMOF reference
qmof-3f84407,277.3,0.77,QMOF reference
qmof-ce2ef43,320.6,0.2,QMOF reference
qmof-b4606cd,382.1,0.92,QMOF reference
qmof-cf8f928,,FAILED,QMOF reference
qmof-31d939d,376.0,0.78,QMOF reference
qmof-f1c5f8a,236.6,0.15,QMOF reference
qmof-e2455e8,343.6,0.74,QMOF reference
qmof-4534e74,288.5,0.82,QMOF reference
qmof-fe5b4e4,325.8,0.92,QMOF reference
qmof-5efa150,412.0,0.81,QMOF reference
qmof-0782391,306.2,0.49,QMOF reference
qmof-eb09743,467.5,0.01,QMOF reference
qmof-f447c7f,,FAILED,QMOF reference
qmof-2b7615b,331.5,0.85,QMOF reference
qmof-6b0ca56,271.5,0.5,QMOF reference
qmof-a483aa3,366.8,0.63,QMOF reference
qmof-36d351c,272.6,0.44,QMOF reference
qmof-0c33be9,307.0,0.85,QMOF reference
qmof-b341428,,FAILED,QMOF reference
qmof-6d2f6ac,464.9,0.82,QMOF reference
qmof-d4b9a86,502.7,0.86,QMOF reference
qmof-62febdf,384.6,0.49,QMOF reference
qmof-74acec1,252.1,0.74,QMOF reference
qmof-136d9fe,,FAILED,QMOF reference
qmof-da87232,280.7,0.54,QMOF reference
qmof-3de6142,,FAILED,QMOF reference
qmof-d529df5,,FAILED,QMOF reference
qmof-eb03a86,,FAILED,QMOF reference
qmof-1e0cc1b,363.0,0.27,QMOF reference
qmof-d3845a9,342.9,0.29,QMOF reference
qmof-a559dcb,389.5,0.87,QMOF reference
qmof-cbfd0bc,,FAILED,QMOF reference
qmof-d995146,322.0,0.79,QMOF reference
qmof-d1250d1,308.6,0.89,QMOF reference
qmof-fbd20d4,397.8,0.5,QMOF reference
qmof-b0775d6,345.2,0.87,QMOF reference
qmof-97fd10d,345.0,0.45,QMOF reference
qmof-f756730,278.1,0.67,QMOF reference
qmof-4f1b040,,FAILED,QMOF reference
qmof-9653578,284.8,0.95,QMOF reference
qmof-5f07dc3,,FAILED,QMOF reference
qmof-04ffa55,,FAILED,QMOF reference
qmof-60eddc5,380.9,0.16,QMOF reference
qmof-beb31d6,,FAILED,QMOF reference
qmof-d0649ba,265.7,0.6,QMOF reference
qmof-46c4388,363.2,0.71,QMOF reference
qmof-3511041,,FAILED,QMOF reference
qmof-82448a7,345.5,0.47,QMOF reference
qmof-3d7f145,403.0,0.18,QMOF reference
qmof-968577c,,FAILED,QMOF reference
qmof-ce5ef9a,369.7,0.89,QMOF reference
qmof-ab42bcd,311.2,0.59,QMOF reference
qmof-cbf3b98,362.1,0.18,QMOF reference
qmof-805d84d,342.0,0.92,QMOF reference
qmof-fbfc28c,,FAILED,QMOF reference
qmof-b6123af,367.5,0.13,QMOF reference
qmof-c0841fd,314.2,0.74,QMOF reference
qmof-1895b57,308.0,0.64,QMOF reference
qmof-a4f16de,373.5,0.88,QMOF reference
qmof-e33dcbe,,FAILED,QMOF reference
qmof-e9454a4,306.5,0.77,QMOF reference
qmof-9ed3ec7,308.8,0.82,QMOF reference
qmof-5a28a47,270.8,0.67,QMOF reference
qmof-0948bf5,312.1,0.89,QMOF reference
qmof-020e5f6,367.1,0.84,QMOF reference
qmof-ef011df,325.2,0.77,QMOF reference
qmof-22695b0,257.6,0.88,QMOF reference
qmof-a8d67c2,351.4,0.64,QMOF reference
qmof-7aa85c3,289.6,0.87,QMOF reference
qmof-f4a1e4c,300.3,0.92,QMOF reference
qmof-d832b38,400.8,0.52,QMOF reference
qmof-9db0389,458.5,0.42,QMOF reference
qmof-42ce45c,285.4,0.2,QMOF reference
qmof-44f9ad0,348.0,0.27,QMOF reference
qmof-92f453c,322.7,0.28,QMOF reference
qmof-d1d6882,,FAILED,QMOF reference
qmof-98fcdd2,,FAILED,QMOF reference
qmof-f598a6c,263.7,0.94,QMOF reference
qmof-d683874,298.4,0.94,QMOF reference
qmof-937be3d,369.3,0.94,QMOF reference
qmof-4c83681,363.7,0.69,QMOF reference
qmof-ca905a4,,FAILED,QMOF reference
qmof-9d6b8f5,330.4,0.89,QMOF reference
qmof-e522407,474.5,0.79,QMOF reference
qmof-bd899c1,387.9,0.94,QMOF reference
qmof-f774737,275.6,0.51,QMOF reference
qmof-8d4d40a,410.0,0.35,QMOF reference
qmof-f05cca2,190.9,0.93,QMOF reference
qmof-2bc6246,,FAILED,QMOF reference
qmof-ba40858,351.7,0.23,QMOF reference
qmof-6005a80,303.8,0.41,QMOF reference
qmof-f43e45a,369.7,0.74,QMOF reference
qmof-bd584a4,,FAILED,QMOF reference
qmof-ea6915e,330.2,0.36,QMOF reference
qmof-a432f8e,,FAILED,QMOF reference
qmof-17dd299,316.8,0.33,QMOF reference
qmof-f69d443,270.0,0.79,QMOF reference
qmof-ae6a4ef,,FAILED,QMOF reference
qmof-59216ed,354.8,0.26,QMOF reference
qmof-626d837,435.7,0.25,QMOF reference
qmof-295613f,267.8,0.91,QMOF reference
qmof-878ee6a,399.4,0.82,QMOF reference
qmof-1753b15,274.5,0.1,QMOF reference
qmof-12fc980,290.7,0.9,QMOF reference
qmof-3a2ce24,291.4,0.86,QMOF reference
qmof-3ce38c4,398.8,0.8,QMOF reference
qmof-cce18b1,354.7,0.94,QMOF reference
qmof-f75c100,389.7,0.75,QMOF reference
qmof-e65ee4a,301.4,0.91,QMOF reference
qmof-f5bf9eb,323.2,0.42,QMOF reference
qmof-2029646,464.2,0.76,QMOF reference
qmof-ebe63e6,308.2,0.23,QMOF reference
qmof-9445ed4,314.8,0.35,QMOF reference
qmof-eacc671,319.2,0.19,QMOF reference
qmof-d6b4784,348.5,0.79,QMOF reference
qmof-271822f,298.9,0.64,QMOF reference
qmof-ea93e69,348.4,0.92,QMOF reference
qmof-0f0c1d0,408.6,0.93,QMOF reference
qmof-0d463af,371.7,0.77,QMOF reference
qmof-50c5905,225.0,0.11,QMOF reference
qmof-ddf635d,,FAILED,QMOF reference
qmof-3db7ad0,290.1,0.88,QMOF reference
qmof-3adcc4f,230.5,0.42,QMOF reference
qmof-c94efcd,273.1,0.16,QMOF reference
qmof-458e0ea,274.9,0.84,QMOF reference
qmof-be643de,167.3,0.74,QMOF reference
qmof-bfa0e06,,FAILED,QMOF reference
qmof-16e1e21,371.8,0.63,QMOF reference
qmof-0c7f9b0,,FAILED,QMOF reference
qmof-18b151e,,FAILED,QMOF reference
qmof-edbe499,271.8,0.84,QMOF reference
qmof-3c42ae2,405.5,0.92,QMOF reference
qmof-22a8304,229.3,0.26,QMOF reference
qmof-6813206,,FAILED,QMOF reference
qmof-b637e32,351.1,0.45,QMOF reference
qmof-2acb35b,,FAILED,QMOF reference
qmof-4021069,346.1,0.81,QMOF reference
qmof-8ce7f32,300.5,0.12,QMOF reference
qmof-2eac6d3,280.4,0.12,QMOF reference
qmof-2cdefaf,383.0,0.27,QMOF reference
qmof-f4a9ba9,278.6,0.65,QMOF reference
qmof-993b0c7,318.2,0.68,QMOF reference
qmof-0cbe617,393.2,0.58,QMOF reference
qmof-f12b5ad,314.0,0.33,QMOF reference
qmof-67a28c5,305.8,0.47,QMOF reference
qmof-0a3a813,333.8,0.68,QMOF reference
qmof-f701ee9,,FAILED,QMOF reference
qmof-e0cfb23,329.8,0.96,QMOF reference
qmof-63ef917,282.3,0.84,QMOF reference
qmof-73beffd,387.3,0.02,QMOF reference
qmof-d8aea9a,380.6,0.72,QMOF reference
qmof-b0ffd45,282.5,0.81,QMOF reference
qmof-745d85c,224.2,0.68,QMOF reference
qmof-a4bb04b,328.4,0.48,QMOF reference
qmof-d4d92f8,408.2,0.86,QMOF reference
qmof-b7be715,490.3,0.07,QMOF reference
qmof-bda7761,308.8,0.58,QMOF reference
qmof-be06dfb,,FAILED,QMOF reference
qmof-c5b5c67,316.6,0.95,QMOF reference
qmof-a8bcd49,268.8,0.72,QMOF reference
qmof-5161923,393.5,0.1,QMOF reference
qmof-e33a82c,316.9,0.95,QMOF reference
qmof-30a8228,403.6,0.11,QMOF reference
qmof-32d32f9,402.7,0.32,QMOF reference
qmof-5f546dd,273.9,0.85,QMOF reference
qmof-f5c1f71,365.1,0.4,QMOF reference
qmof-7f3735a,322.4,0.54,QMOF reference
qmof-ef5f30c,407.5,0.75,QMOF reference
qmof-cdebfa4,310.4,0.75,QMOF reference
qmof-d9d6cca,455.2,0.83,QMOF reference
qmof-708e4d8,372.6,0.06,QMOF reference
qmof-23e711e,338.9,0.29,QMOF reference
qmof-a5d83e7,366.6,0.82,QMOF reference
qmof-1eb9333,403.1,0.64,QMOF reference
qmof-b0bde78,280.1,0.84,QMOF reference
qmof-b39b9e5,235.0,0.16,QMOF reference
qmof-ca04f3f,,FAILED,QMOF reference
qmof-101353a,340.5,0.24,QMOF reference
qmof-6abc890,318.7,0.1,QMOF reference
qmof-5364d1d,319.0,0.61,QMOF reference
qmof-3f99902,348.5,0.88,QMOF reference
qmof-d89832e,388.2,0.44,QMOF reference
qmof-73a5875,439.6,0.1,QMOF reference
qmof-76aa393,468.0,0.69,QMOF reference
qmof-36c0426,338.0,0.46,QMOF reference
qmof-649e944,281.4,0.56,QMOF reference
qmof-3066784,319.0,0.87,QMOF reference
qmof-6f5b20c,345.5,0.84,QMOF reference
qmof-a5cf871,,FAILED,QMOF reference
qmof-8b5797b,339.9,0.95,QMOF reference
qmof-e05a715,323.4,0.91,QMOF reference
qmof-1adadbf,200.6,0.54,QMOF reference
qmof-4a55b32,,FAILED,QMOF reference
qmof-59e4a61,298.6,0.39,QMOF reference
qmof-fc6aa9f,351.2,0.62,QMOF reference
qmof-bbb6f1d,268.6,0.18,QMOF reference
qmof-b0cdfb9,,FAILED,QMOF reference
qmof-940f796,381.4,0.9,QMOF reference
qmof-1eda44c,338.4,0.19,QMOF reference
qmof-c931987,415.0,0.82,QMOF reference
qmof-ecbc8f8,298.7,0.61,QMOF reference
qmof-63e7ce0,333.9,0.89,QMOF reference
qmof-acc6fa7,329.6,0.72,QMOF reference
qmof-0e5c999,430.5,0.89,QMOF reference
qmof-b3bf417,288.7,0.62,QMOF reference
qmof-88ffdd8,263.9,0.06,QMOF reference
qmof-c8863c1,388.2,0.4,QMOF reference
qmof-509bb90,,FAILED,QMOF reference
qmof-edd85aa,,FAILED,QMOF reference
qmof-05279d0,318.5,0.15,QMOF reference
qmof-76932b3,,FAILED,QMOF reference
qmof-f09c00f,298.6,0.84,QMOF reference
qmof-d3c7391,289.6,0.26,QMOF reference
qmof-e221acb,341.5,0.7,QMOF reference
qmof-4c6d857,,FAILED,QMOF reference
qmof-e909fb2,394.3,0.6,QMOF reference
qmof-8f8d1f6,459.5,0.24,QMOF reference
qmof-2875770,203.4,0.95,QMOF reference
qmof-7f951dc,241.0,0.24,QMOF reference
qmof-0ac7a90,286.3,0.81,QMOF reference
qmof-b10b92b,299.5,0.7,QMOF reference
qmof-911a5bf,332.4,0.23,QMOF reference
qmof-a30ea46,302.1,0.78,QMOF reference
qmof-efc274d,303.8,0.1,QMOF reference
qmof-6bd0d59,382.1,0.91,QMOF reference
qmof-eb72bac,320.6,0.38,QMOF reference
qmof-bb23f24,310.6,0.22,QMOF reference
qmof-447061d,246.3,0.73,QMOF reference
qmof-316e022,275.8,0.6,QMOF reference
qmof-525deda,314.2,0.5,QMOF reference
qmof-89e1f79,336.8,0.58,QMOF reference
qmof-1f95408,421.1,0.15,QMOF reference
qmof-6a6ccde,296.1,0.6,QMOF reference
qmof-8bd5dca,377.4,0.7,QMOF reference
qmof-9e2ec4d,399.6,0.1,QMOF reference
qmof-e0a4afc,270.9,0.86,QMOF reference
qmof-8a6a41f,376.0,0.77,QMOF reference
qmof-51ef3ab,236.2,0.44,QMOF reference
qmof-bcf3e10,424.7,0.45,QMOF reference
qmof-a70dc58,427.0,0.72,QMOF reference
qmof-0943bf3,330.7,0.91,QMOF reference
qmof-d419baa,336.6,0.74,QMOF reference
qmof-717d5e9,278.1,0.92,QMOF reference
qmof-357d2c4,306.2,0.59,QMOF reference
qmof-b0214d8,,FAILED,QMOF reference
qmof-5b6b4a8,,FAILED,QMOF reference
qmof-20328e3,349.2,0.84,QMOF reference
qmof-c74254c,277.5,0.92,QMOF reference
qmof-a3d0c86,312.1,0.7,QMOF reference
qmof-60562ae,285.7,0.61,QMOF reference
qmof-ffe6994,338.2,0.95,QMOF reference
qmof-5113051,285.6,0.2,QMOF reference
qmof-cb5b23e,392.2,0.57,QMOF reference
qmof-b8f1e30,,FAILED,QMOF reference
qmof-69add22,308.0,0.49,QMOF reference
qmof-98ca63c,347.8,0.63,QMOF reference
qmof-cd4321a,287.8,0.39,QMOF reference
qmof-e169936,301.6,0.81,QMOF reference
qmof-cdc2b7e,288.5,0.06,QMOF reference
qmof-500d20d,,FAILED,QMOF reference
qmof-deb66d6,426.4,0.47,QMOF reference
qmof-8b97fc8,350.8,0.72,QMOF reference
qmof-be8828b,,FAILED,QMOF reference
qmof-a1fddcc,,FAILED,QMOF reference
qmof-ee71122,288.8,0.8,QMOF reference
qmof-09988a9,,FAILED,QMOF reference
qmof-bfb6a2b,326.1,0.7,QMOF reference
qmof-806f8b5,298.2,0.94,QMOF reference
qmof-aa922ec,429.8,0.72,QMOF reference
qmof-3979ca0,257.3,0.94,QMOF reference
qmof-6bcc359,,FAILED,QMOF reference
qmof-b3d8865,312.2,0.34,QMOF reference
qmof-c66194c,283.6,0.25,QMOF reference
qmof-a0c4c71,399.7,0.19,QMOF reference
qmof-e036ae1,377.4,0.77,QMOF reference
qmof-1d9274b,288.2,0.58,QMOF reference
qmof-74d3352,341.3,0.82,QMOF reference
qmof-67b33e8,252.0,0.77,QMOF reference
qmof-ffeef76,,FAILED,QMOF reference
qmof-17124a7,276.0,0.49,QMOF reference
qmof-7bd6cd4,,FAILED,QMOF reference
qmof-70589ac,236.5,0.23,QMOF reference
qmof-6bcd96c,328.0,0.73,QMOF reference
qmof-0531def,323.1,0.94,QMOF reference
qmof-8797c0d,397.6,0.25,QMOF reference
qmof-c61adfd,239.3,0.63,QMOF reference
qmof-6250e57,,FAILED,QMOF reference
qmof-8ff5155,342.0,0.86,QMOF reference
qmof-1cb7973,339.7,0.5,QMOF reference
qmof-d19e792,370.4,0.74,QMOF reference
qmof-ef3c6e0,258.2,0.51,QMOF reference
qmof-13989ad,394.5,0.12,QMOF reference
qmof-2c0c22d,386.7,0.64,QMOF reference
qmof-9bd8c04,345.7,0.46,QMOF reference
qmof-ccd0017,395.5,0.88,QMOF reference
qmof-4b8c2e3,329.9,0.47,QMOF reference
qmof-fe24ed5,323.1,0.3,QMOF reference
qmof-67bf66d,348.2,0.88,QMOF reference
qmof-d447e9b,368.5,0.89,QMOF reference
qmof-9997f68,308.6,0.57,QMOF reference
qmof-100c07d,413.6,0.12,QMOF reference
qmof-40fadd9,295.8,0.48,QMOF reference
qmof-4ede352,395.5,0.1,QMOF reference
qmof-857381b,272.6,0.21,QMOF reference
qmof-9698236,,FAILED,QMOF reference
qmof-21e2f42,479.6,0.85,QMOF reference
qmof-096fa3d,274.0,0.75,QMOF reference
qmof-38eac89,317.0,0.95,QMOF reference
qmof-f2c3a63,328.5,0.58,QMOF reference
qmof-99eb0be,234.0,0.09,QMOF reference
qmof-f8b6fb6,321.1,0.05,QMOF reference
qmof-9fbdc0b,287.0,0.59,QMOF reference
qmof-4cb8498,327.0,0.66,QMOF reference
qmof-db680f9,216.8,0.84,QMOF reference
qmof-e3ea821,282.1,0.18,QMOF reference
qmof-f9dbc15,363.4,0.92,QMOF reference
qmof-442efa0,,FAILED,QMOF reference
qmof-f5605b4,380.6,0.69,QMOF reference
qmof-d6a7954,299.9,0.48,QMOF reference
qmof-75d2f5f,333.4,0.16,QMOF reference
qmof-5c0d0b5,379.4,0.81,QMOF reference
qmof-79f273c,306.2,0.71,QMOF reference
qmof-780a91f,309.6,0.52,QMOF reference
qmof-d85a85c,312.7,0.7,QMOF reference
qmof-d9b6caf,471.4,0.37,QMOF reference
qmof-21029e1,356.3,0.21,QMOF reference
qmof-e0ecc74,298.6,0.68,QMOF reference
qmof-9c7b613,271.0,0.55,QMOF reference
qmof-9cfc8a3,,FAILED,QMOF reference
qmof-1f296b4,350.9,0.81,QMOF reference
qmof-a7dd0ac,356.1,0.37,QMOF reference
qmof-ed8a8ec,351.3,0.86,QMOF reference
qmof-a85f0c7,328.0,0.29,QMOF reference
qmof-358d837,364.7,0.94,QMOF reference
qmof-2409b7a,286.3,0.77,QMOF reference
qmof-ecb01a1,,FAILED,QMOF reference
qmof-395b5e4,366.8,0.94,QMOF reference
qmof-5b523bb,417.3,0.75,QMOF reference
qmof-b38dbf6,295.2,0.66,QMOF reference
qmof-c8e4b53,288.6,0.68,QMOF reference
qmof-7f7b053,338.6,0.21,QMOF reference
qmof-0de5a3a,327.4,0.48,QMOF reference
qmof-b4d71b5,364.1,0.35,QMOF reference
qmof-a684504,267.7,0.35,QMOF reference
qmof-325d9ba,266.2,0.52,QMOF reference
qmof-e7477a4,,FAILED,QMOF reference
qmof-c0337e5,327.5,0.67,QMOF reference
qmof-8c9690f,344.7,0.45,QMOF reference
qmof-97e3dd9,232.3,0.62,QMOF reference
qmof-ff091c1,358.8,0.14,QMOF reference
qmof-87aed19,377.5,0.32,QMOF reference
qmof-06bf898,,FAILED,QMOF reference
qmof-da8e3de,326.1,0.93,QMOF reference
qmof-1fc6244,,FAILED,QMOF reference
qmof-15d1d11,,FAILED,QMOF reference
qmof-9ff30cc,,FAILED,QMOF reference
qmof-846b87e,277.4,0.15,QMOF reference
qmof-9f737ae,350.9,0.54,QMOF reference
qmof-780219c,283.4,0.34,QMOF reference
qmof-204bfd2,340.3,0.86,QMOF reference
qmof-e4ea8a1,370.9,0.58,QMOF reference
qmof-3417f6c,377.2,0.18,QMOF reference
qmof-a5842a4,,FAILED,QMOF reference
qmof-501b412,241.5,0.81,QMOF reference
qmof-9ef6fed,323.5,0.44,QMOF reference
qmof-3a4af0d,,FAILED,QMOF reference
qmof-af5cf80,368.9,0.65,QMOF reference
qmof-1dad226,443.3,0.89,QMOF reference
qmof-fdc1db0,195.6,0.94,QMOF reference
qmof-c8edfaa,388.0,0.38,QMOF reference
qmof-62629c7,,FAILED,QMOF reference
qmof-e169062,269.4,0.35,QMOF reference
qmof-8992d68,,FAILED,QMOF reference
qmof-02b20ba,369.2,0.72,QMOF reference
qmof-837f84a,289.4,0.47,QMOF reference
qmof-9d51105,,FAILED,QMOF reference
qmof-0ef13af,327.4,0.55,QMOF reference
qmof-8690aad,408.1,0.62,QMOF reference
qmof-938aa79,295.0,0.82,QMOF reference
qmof-3da2ac3,409.5,0.93,QMOF reference
qmof-300be09,322.4,0.8,QMOF reference
qmof-24fb653,275.0,0.82,QMOF reference
qmof-2ae9d62,294.2,0.78,QMOF reference
qmof-37488ee,,FAILED,QMOF reference
qmof-fae0ae2,346.4,0.15,QMOF reference
qmof-6fd0bf3,306.2,0.53,QMOF reference
qmof-b5fc9ed,,FAILED,QMOF reference
qmof-39ac50b,322.6,0.48,QMOF reference
qmof-bdd607c,394.2,0.37,QMOF reference
qmof-6e0dd49,276.7,0.15,QMOF reference
qmof-748d5a0,329.7,0.61,QMOF reference
qmof-b6a1c15,386.8,0.72,QMOF reference
qmof-8287615,388.0,0.76,QMOF reference
qmof-8f3a169,277.4,0.93,QMOF reference
qmof-980b76e,337.2,0.63,QMOF reference
qmof-6026387,349.0,0.94,QMOF reference
qmof-4031fa5,414.0,0.81,QMOF reference
qmof-16f3c20,369.1,0.16,QMOF reference
qmof-aef39ca,,FAILED,QMOF reference
qmof-4c23f2e,382.6,0.96,QMOF reference
qmof-5bf570d,,FAILED,QMOF reference
qmof-8e757ac,,FAILED,QMOF reference
qmof-9a21157,,FAILED,QMOF reference
qmof-650d8e2,456.6,0.09,QMOF reference
qmof-cfeba84,311.6,0.87,QMOF reference
qmof-a740630,,FAILED,QMOF reference
qmof-482fb0c,427.3,0.58,QMOF reference
qmof-f72037b,298.0,0.36,QMOF reference
qmof-1bc82b5,,FAILED,QMOF reference
qmof-8a97397,313.4,0.5,QMOF reference
qmof-c650339,388.3,0.64,QMOF reference
qmof-eaefd4f,287.4,0.3,QMOF reference
qmof-d812e1d,415.9,0.87,QMOF reference
qmof-82ad652,298.5,0.93,QMOF reference
qmof-c4a9fa1,397.8,0.93,QMOF reference
qmof-e151008,452.2,0.84,QMOF reference
qmof-2fe59af,244.4,0.45,QMOF reference
qmof-78e92bb,407.3,0.91,QMOF reference
qmof-951ed7a,339.5,0.83,QMOF reference
qmof-446f371,366.0,0.94,QMOF reference
qmof-39be442,305.2,0.68,QMOF reference
qmof-a1d9b6f,265.6,0.79,QMOF reference
qmof-5b836cb,,FAILED,QMOF reference
qmof-bf4cc57,331.5,0.9,QMOF reference
qmof-28ef1e5,338.8,0.91,QMOF reference
qmof-81f6b94,391.8,0.54,QMOF reference
qmof-a758683,337.1,0.59,QMOF reference
qmof-42b8b59,320.5,0.2,QMOF reference
qmof-5602d5c,300.9,0.08,QMOF reference
qmof-d65353c,388.2,0.89,QMOF reference
qmof-64dd8fc,,FAILED,QMOF reference
qmof-e88ad2b,325.9,0.12,QMOF reference
qmof-c07580b,319.7,0.9,QMOF reference
qmof-b13adc9,252.9,0.93,QMOF reference
qmof-5117bd4,199.5,0.86,QMOF reference
qmof-78b018b,314.5,0.57,QMOF reference
qmof-a77a87b,349.3,0.86,QMOF reference
qmof-c5480ba,339.6,0.81,QMOF reference
qmof-83de5c7,,FAILED,QMOF reference
qmof-ba7c077,292.9,0.68,QMOF reference
qmof-94a67e3,361.5,0.77,QMOF reference
qmof-e660055,310.2,0.29,QMOF reference
qmof-5b43897,,FAILED,QMOF reference
qmof-bfb6d42,351.0,0.83,QMOF reference
qmof-1dca0c6,392.0,0.59,QMOF reference
qmof-44487d9,390.5,0.6,QMOF reference
qmof-974a790,338.8,0.23,QMOF reference
qmof-537f6ec,340.4,0.71,QMOF reference
qmof-07d6987,385.7,0.42,QMOF reference
qmof-04e7ddd,317.0,0.76,QMOF reference
qmof-10609b1,,FAILED,QMOF reference
qmof-5dd5f1f,324.7,0.79,QMOF reference
qmof-991279b,425.9,0.3,QMOF reference
qmof-09f467e,254.5,0.84,QMOF reference
qmof-b2ea3a6,317.6,0.25,QMOF reference
qmof-ba8f2fc,317.5,0.08,QMOF reference
qmof-93707aa,258.8,0.25,QMOF reference
qmof-1b1031a,317.5,0.25,QMOF reference
qmof-f25b28d,366.5,0.71,QMOF reference
qmof-2fbc4be,,FAILED,QMOF reference
qmof-54054b2,710.1,0.0,QMOF reference
qmof-969a9d8,272.3,0.27,QMOF reference
qmof-27ba6e2,377.9,0.84,QMOF reference
qmof-a0b0371,256.8,0.38,QMOF reference
qmof-8b0680e,,FAILED,QMOF reference
qmof-4aa603d,,FAILED,QMOF reference
qmof-5bf8bc9,367.5,0.37,QMOF reference
qmof-01429b0,323.7,0.88,QMOF reference
qmof-ff1a19b,389.2,0.66,QMOF reference
qmof-479e7c3,347.3,0.93,QMOF reference
qmof-ae1b6bd,383.7,0.91,QMOF reference
qmof-bd72da2,359.2,0.89,QMOF reference
qmof-7921fae,352.8,0.93,QMOF reference
qmof-bca8d34,292.5,0.76,QMOF reference
qmof-873a982,,FAILED,QMOF reference
qmof-4913f79,290.5,0.32,QMOF reference
qmof-1d7e777,335.8,0.96,QMOF reference
qmof-b7c1288,404.2,0.91,QMOF reference
qmof-855bf9c,344.3,0.96,QMOF reference
qmof-6840e6b,,FAILED,QMOF reference
qmof-6517b93,319.3,0.27,QMOF reference
qmof-7670773,259.9,0.52,QMOF reference
qmof-d622bf2,311.1,0.54,QMOF reference
qmof-29f7abe,208.1,0.29,QMOF reference
qmof-5ea3d58,321.9,0.5,QMOF reference
qmof-6213255,,FAILED,QMOF reference
qmof-03d0e0b,314.2,0.27,QMOF reference
qmof-542bb58,253.9,0.88,QMOF reference
qmof-f5f23c9,359.2,0.83,QMOF reference
qmof-73865c5,,FAILED,QMOF reference
qmof-54bfc04,351.4,0.08,QMOF reference
qmof-7da852c,293.2,0.05,QMOF reference
qmof-88051ca,383.1,0.14,QMOF reference
qmof-3ff9206,319.9,0.79,QMOF reference
qmof-aca06b1,469.5,0.05,QMOF reference
qmof-774c51c,468.8,0.18,QMOF reference
qmof-48eac80,380.5,0.49,QMOF reference
qmof-422216b,323.7,0.41,QMOF reference
qmof-36654ac,381.1,0.68,QMOF reference
qmof-33892a7,387.8,0.67,QMOF reference
qmof-1254924,325.5,0.5,QMOF reference
qmof-71e4443,341.5,0.29,QMOF reference
qmof-f43bf7e,308.3,0.81,QMOF reference
qmof-1fe6988,207.7,0.3,QMOF reference
qmof-7978af6,370.3,0.84,QMOF reference
qmof-0134889,,FAILED,QMOF reference
qmof-7ef4a0e,317.4,0.75,QMOF reference
qmof-d2b3713,265.3,0.16,QMOF reference
qmof-f0a7d0f,,FAILED,QMOF reference
qmof-694a583,245.0,0.26,QMOF reference
qmof-fd7b178,276.3,0.19,QMOF reference
qmof-f3daf4c,,FAILED,QMOF reference
qmof-9168a6a,,FAILED,QMOF reference
qmof-1766203,234.7,0.94,QMOF reference
qmof-ef13225,307.5,0.95,QMOF reference
qmof-e9f53c2,233.6,0.54,QMOF reference
qmof-f24dae1,330.9,0.9,QMOF reference
qmof-85140dd,500.0,0.89,QMOF reference
qmof-8645d0d,326.0,0.57,QMOF reference
qmof-573e052,386.2,0.48,QMOF reference
qmof-43f07bb,255.6,0.33,QMOF reference
qmof-6a08cb9,327.2,0.59,QMOF reference
qmof-e76d4a3,365.1,0.96,QMOF reference
qmof-151799f,339.1,0.28,QMOF reference
qmof-f269adb,,FAILED,QMOF reference
qmof-9f661a9,,FAILED,QMOF reference
qmof-ce57f55,397.5,0.8,QMOF reference
qmof-597cc0a,371.8,0.67,QMOF reference
qmof-d9d77ef,343.4,0.23,QMOF reference
qmof-9b79393,449.0,0.78,QMOF reference
qmof-dacbde8,334.5,0.49,QMOF reference
qmof-1cfe255,256.1,0.48,QMOF reference
qmof-32e7ef1,,FAILED,QMOF reference
qmof-0f113e8,297.0,0.83,QMOF reference
qmof-d23528f,365.0,0.74,QMOF reference
qmof-9c6ea2c,294.8,0.07,QMOF reference
qmof-14990b5,366.4,0.21,QMOF reference
qmof-46c0e50,286.3,0.28,QMOF reference
qmof-2f0a7d6,353.1,0.95,QMOF reference
qmof-fa69f14,390.3,0.82,QMOF reference
qmof-7c62c84,174.9,0.54,QMOF reference
qmof-c221ada,257.5,0.47,QMOF reference
qmof-642ab74,398.0,0.89,QMOF reference
qmof-e18a048,397.7,0.62,QMOF reference
qmof-a59565c,303.4,0.55,QMOF reference
qmof-aa1f73a,,FAILED,QMOF reference
qmof-2959e3b,,FAILED,QMOF reference
qmof-360dd73,371.7,0.85,QMOF reference
qmof-82162f7,284.8,0.33,QMOF reference
qmof-22ac9aa,,FAILED,QMOF reference
qmof-07ef212,293.5,0.62,QMOF reference
qmof-8332999,306.7,0.92,QMOF reference
qmof-2993b81,342.8,0.91,QMOF reference
qmof-fd349f0,,FAILED,QMOF reference
qmof-ca6a000,255.0,0.23,QMOF reference
qmof-f6e1bf3,394.4,0.7,QMOF reference
qmof-9ba23c7,251.3,0.23,QMOF reference
qmof-ff2ad5a,,FAILED,QMOF reference
qmof-ca60fff,363.9,0.7,QMOF reference
qmof-493f8ed,363.5,0.36,QMOF reference
qmof-ad3b37b,364.3,0.12,QMOF reference
qmof-02d78c0,327.5,0.92,QMOF reference
qmof-01e3d00,372.8,0.81,QMOF reference
qmof-efdf0a7,319.0,0.81,QMOF reference
qmof-a5c3c82,,FAILED,QMOF reference
qmof-e6fc101,300.2,0.07,QMOF reference
qmof-5aeab06,341.2,0.18,QMOF reference
qmof-9f8456f,361.7,0.47,QMOF reference
qmof-3c16fb7,346.3,0.64,QMOF reference
qmof-f2b7fe9,338.0,0.92,QMOF reference
qmof-996950f,,FAILED,QMOF reference
qmof-5763612,359.2,0.82,QMOF reference
qmof-0a35e41,359.1,0.71,QMOF reference
qmof-37a5c0c,332.7,0.96,QMOF reference
qmof-7541f7a,,FAILED,QMOF reference
qmof-477477e,,FAILED,QMOF reference
qmof-c0b261d,379.5,0.2,QMOF reference
qmof-a3cad27,273.0,0.39,QMOF reference
qmof-f6d23ff,,FAILED,QMOF reference
qmof-fd9ee59,330.7,0.23,QMOF reference
qmof-14f9393,314.0,0.31,QMOF reference
qmof-76e7dc6,304.8,0.72,QMOF reference
qmof-b26919c,,FAILED,QMOF reference
qmof-863a165,400.9,0.93,QMOF reference
qmof-d3eb92f,397.3,0.55,QMOF reference
qmof-097389c,239.9,0.93,QMOF reference
qmof-c767d72,342.1,0.61,QMOF reference
qmof-708b292,305.0,0.41,QMOF reference
qmof-d265887,324.5,0.68,QMOF reference
qmof-7d8ca43,299.6,0.95,QMOF reference
qmof-cb3237c,359.4,0.89,QMOF reference
qmof-c158d1f,231.1,0.38,QMOF reference
qmof-f7fc9af,356.2,0.84,QMOF reference
qmof-1f6b65e,298.9,0.89,QMOF reference
qmof-534fef5,311.7,0.91,QMOF reference
qmof-99ff93a,209.2,0.26,QMOF reference
qmof-33a8e8b,338.3,0.25,QMOF reference
qmof-cc493e2,318.3,0.59,QMOF reference
qmof-c799254,,FAILED,QMOF reference
qmof-129e045,291.2,0.81,QMOF reference
qmof-6bda2bd,,FAILED,QMOF reference
qmof-0a59973,337.2,0.64,QMOF reference
qmof-55eb937,,FAILED,QMOF reference
qmof-355c52b,344.1,0.91,QMOF reference
qmof-004ecd7,391.4,0.91,QMOF reference
qmof-c154af6,276.7,0.63,QMOF reference
qmof-4405a01,343.8,0.45,QMOF reference
qmof-6dead95,238.0,0.08,QMOF reference
qmof-88780ef,328.3,0.33,QMOF reference
qmof-d0eca3c,246.3,0.89,QMOF reference
qmof-b2fb769,276.9,0.82,QMOF reference
qmof-b2f2b6c,313.5,0.51,QMOF reference
qmof-aac899c,330.6,0.15,QMOF reference
qmof-ae97b2b,303.7,0.71,QMOF reference
qmof-2c14e85,391.3,0.83,QMOF reference
qmof-8a6175e,312.8,0.36,QMOF reference
qmof-4d34fa8,271.0,0.49,QMOF reference
qmof-f7afbf6,378.5,0.95,QMOF reference
qmof-80aae80,306.6,0.76,QMOF reference
qmof-bb9b649,346.2,0.09,QMOF reference
qmof-432f5fb,366.2,0.81,QMOF reference
qmof-d868ada,451.9,0.9,QMOF reference
qmof-28ff731,,FAILED,QMOF reference
qmof-522f1f3,304.5,0.77,QMOF reference
qmof-41d6067,293.6,0.94,QMOF reference
qmof-74470b6,306.0,0.93,QMOF reference
qmof-87dd24d,362.4,0.72,QMOF reference
qmof-72f4eea,310.1,0.89,QMOF reference
qmof-52b81d3,434.8,0.71,QMOF reference
qmof-1b7824b,424.0,0.64,QMOF reference
qmof-3eeeed6,348.2,0.92,QMOF reference
qmof-ea27d90,303.8,0.92,QMOF reference
qmof-3110c7f,,FAILED,QMOF reference
qmof-0a65495,243.3,0.3,QMOF reference
qmof-c14a8e9,377.8,0.18,QMOF reference
qmof-4d33be9,363.7,0.88,QMOF reference
qmof-a9f66e2,357.8,0.5,QMOF reference
qmof-298c1b2,447.3,0.62,QMOF reference
qmof-fc91dd9,367.5,0.18,QMOF reference
qmof-76ed8fc,255.2,0.73,QMOF reference
qmof-b51f1fa,376.3,0.56,QMOF reference
qmof-5904229,294.1,0.15,QMOF reference
qmof-dcb9192,458.8,0.61,QMOF reference
qmof-e2ff14c,354.0,0.45,QMOF reference
qmof-065c0c3,338.5,0.94,QMOF reference
qmof-ba7121a,321.8,0.63,QMOF reference
qmof-feb162d,364.8,0.93,QMOF reference
qmof-859b832,206.3,0.38,QMOF reference
qmof-c6a63af,350.7,0.85,QMOF reference
qmof-6d3ca8c,228.9,0.88,QMOF reference
qmof-23dc929,337.1,0.9,QMOF reference
qmof-009e30a,,FAILED,QMOF reference
qmof-9c2a24b,523.1,0.95,QMOF reference
qmof-22ee43c,361.3,0.32,QMOF reference
qmof-bb08fda,371.4,0.89,QMOF reference
qmof-b5fd9c2,358.8,0.78,QMOF reference
qmof-e63da3b,314.9,0.4,QMOF reference
qmof-e90a633,330.3,0.85,QMOF reference
qmof-99ec9c2,,FAILED,QMOF reference
qmof-a1ca12c,348.9,0.34,QMOF reference
qmof-73f219a,,FAILED,QMOF reference
qmof-35ba7d8,368.0,0.86,QMOF reference
qmof-03b536c,,FAILED,QMOF reference
qmof-2416924,406.6,0.9,QMOF reference
qmof-350f9ea,304.9,0.69,QMOF reference
qmof-c93885a,405.5,0.94,QMOF reference
qmof-3a34e66,388.1,0.67,QMOF reference
qmof-856a76d,432.6,0.01,QMOF reference
qmof-ab10508,343.7,0.2,QMOF reference
qmof-d337a1f,352.1,0.46,QMOF reference
qmof-2001a62,325.6,0.39,QMOF reference
qmof-d32f614,362.6,0.87,QMOF reference
qmof-4aba664,270.4,0.44,QMOF reference
qmof-a0ff6b5,373.1,0.86,QMOF reference
qmof-237b271,320.3,0.54,QMOF reference
qmof-6dd92a2,337.2,0.11,QMOF reference
qmof-319d81c,269.4,0.58,QMOF reference
qmof-bde75c0,,FAILED,QMOF reference
qmof-4f53a88,363.4,0.76,QMOF reference
qmof-89be353,,FAILED,QMOF reference
qmof-81dfe71,,FAILED,QMOF reference
qmof-9fb92cc,298.3,0.91,QMOF reference
qmof-739a9ad,,FAILED,QMOF reference
qmof-5ceabd4,300.8,0.23,QMOF reference
qmof-3749d3e,276.2,0.24,QMOF reference
qmof-ffa7d7a,347.7,0.94,QMOF reference
qmof-e0d492d,424.2,0.92,QMOF reference
qmof-888f117,,FAILED,QMOF reference
qmof-eddd19a,414.6,0.9,QMOF reference
qmof-8161061,344.9,0.35,QMOF reference
qmof-1a49402,321.1,0.63,QMOF reference
qmof-dfad244,433.6,0.37,QMOF reference
qmof-72d9af1,414.6,0.35,QMOF reference
qmof-03b6f67,373.5,0.67,QMOF reference
qmof-fd9f301,353.8,0.84,QMOF reference
qmof-c304717,369.9,0.9,QMOF reference
qmof-5743680,,FAILED,QMOF reference
qmof-4e457c9,313.6,0.75,QMOF reference
qmof-f0ac387,,FAILED,QMOF reference
qmof-8ce8e0e,353.9,0.11,QMOF reference
qmof-025cbf2,347.9,0.94,QMOF reference
qmof-b3cf747,224.4,0.62,QMOF reference
qmof-06a0289,338.7,0.79,QMOF reference
qmof-a85c892,338.1,0.75,QMOF reference
qmof-b537f4f,303.2,0.58,QMOF reference
qmof-25615fd,306.1,0.94,QMOF reference
qmof-b38f5d3,321.8,0.66,QMOF reference
qmof-f322f66,290.2,0.85,QMOF reference
qmof-6e2e191,,FAILED,QMOF reference
qmof-adf0b90,335.7,0.94,QMOF reference
qmof-cbb978c,398.9,0.89,QMOF reference
qmof-e046486,,FAILED,QMOF reference
qmof-6546f48,311.0,0.88,QMOF reference
qmof-0e83e58,251.7,0.7,QMOF reference
qmof-9c92284,354.1,0.1,QMOF reference
qmof-d33280e,444.4,0.56,QMOF reference
qmof-0ec6421,433.3,0.72,QMOF reference
qmof-7587354,212.0,0.94,QMOF reference
qmof-485839c,356.6,0.73,QMOF reference
qmof-900340c,,FAILED,QMOF reference
qmof-92fee50,342.1,0.7,QMOF reference
qmof-1985e04,291.5,0.84,QMOF reference
qmof-538a1b9,,FAILED,QMOF reference
qmof-1976a36,339.8,0.74,QMOF reference
qmof-4dab847,466.9,0.71,QMOF reference
qmof-d46ee4f,,FAILED,QMOF reference
qmof-6304adf,434.2,0.8,QMOF reference
qmof-2831c65,419.5,0.13,QMOF reference
qmof-16af362,260.1,0.66,QMOF reference
qmof-da91405,418.4,0.69,QMOF reference
qmof-f6ebd2b,305.4,0.72,QMOF reference
qmof-a504f89,392.0,0.78,QMOF reference
qmof-6444ede,253.1,0.2,QMOF reference
qmof-40df442,342.4,0.82,QMOF reference
qmof-4d114b5,288.8,0.93,QMOF reference
qmof-8e251f4,,FAILED,QMOF reference
qmof-6ecacb7,336.3,0.31,QMOF reference
qmof-7940e68,300.1,0.72,QMOF reference
qmof-4703baf,343.9,0.4,QMOF reference
qmof-2aa6596,366.3,0.68,QMOF reference
qmof-9c8a380,,FAILED,QMOF reference
qmof-b5bdb39,314.5,0.9,QMOF reference
qmof-c286619,362.6,0.31,QMOF reference
qmof-7afda5b,370.0,0.67,QMOF reference
qmof-0a1eaf1,258.0,0.85,QMOF reference
qmof-a8a3590,368.1,0.83,QMOF reference
qmof-cbd2f4b,381.2,0.92,QMOF reference
qmof-8c5d275,348.6,0.29,QMOF reference
qmof-5a4605f,350.5,0.18,QMOF reference
qmof-977a187,4.7,0.9,QMOF reference
qmof-dfb9cdf,347.8,0.61,QMOF reference
qmof-69ba10c,,FAILED,QMOF reference
qmof-0bdd243,349.3,0.98,QMOF reference
qmof-abdd3ed,274.6,0.28,QMOF reference
qmof-870f65c,331.1,0.26,QMOF reference
qmof-a4d765b,294.2,0.41,QMOF reference
qmof-76ab95c,295.1,0.53,QMOF reference
qmof-cd020ad,374.0,0.83,QMOF reference
qmof-63cb6eb,,FAILED,QMOF reference
qmof-c77fb00,,FAILED,QMOF reference
qmof-bbecd43,,FAILED,QMOF reference
qmof-0b0f0b1,371.6,0.64,QMOF reference
qmof-263fad6,341.6,0.84,QMOF reference
qmof-008776a,371.0,0.77,QMOF reference
qmof-753c2a3,352.3,0.09,QMOF reference
qmof-369e546,322.1,0.27,QMOF reference
qmof-ee9537a,339.6,0.87,QMOF reference
qmof-55409e0,355.0,0.18,QMOF reference
qmof-ca9f242,405.0,0.17,QMOF reference
qmof-1040c8c,323.5,0.1,QMOF reference
qmof-5c4b8f9,301.4,0.75,QMOF reference
qmof-ee194a3,,FAILED,QMOF reference
qmof-37419af,360.0,0.66,QMOF reference
qmof-00892f2,390.0,0.51,QMOF reference
qmof-dd9c7fb,452.0,0.11,QMOF reference
qmof-6e1baa1,,FAILED,QMOF reference
qmof-c25aa0c,,FAILED,QMOF reference
qmof-e92984e,317.3,0.77,QMOF reference
qmof-e834939,304.8,0.63,QMOF reference
qmof-6318e01,370.2,0.3,QMOF reference
qmof-8883bc6,324.5,0.76,QMOF reference
qmof-8130cc0,,FAILED,QMOF reference
qmof-9b07265,,FAILED,QMOF reference
qmof-171d834,362.4,0.95,QMOF reference
qmof-4f95744,,FAILED,QMOF reference
qmof-af3f09a,200.6,0.88,QMOF reference
qmof-310fe8a,,FAILED,QMOF reference
qmof-6a97c17,257.8,0.14,QMOF reference
qmof-fc46360,309.4,0.35,QMOF reference
qmof-6cf15a6,,FAILED,QMOF reference
qmof-a29f85e,305.4,0.92,QMOF reference
qmof-a67dee3,116.6,0.95,QMOF reference
qmof-afabea3,367.5,0.38,QMOF reference
qmof-093d278,418.2,0.47,QMOF reference
qmof-8c02759,269.7,0.6,QMOF reference
qmof-c8c50e9,325.3,0.32,QMOF reference
qmof-0003ae4,460.4,0.92,QMOF reference
qmof-b202db2,328.7,0.66,QMOF reference
qmof-3179f18,309.9,0.91,QMOF reference
qmof-d0b275d,369.2,0.63,QMOF reference
qmof-2bd2131,,FAILED,QMOF reference
qmof-215dc85,327.8,0.05,QMOF reference
qmof-4107527,328.9,0.18,QMOF reference
qmof-ade80fa,308.5,0.52,QMOF reference
qmof-d0e040f,,FAILED,QMOF reference
qmof-9188690,433.4,0.6,QMOF reference
qmof-c0a3a59,279.5,0.92,QMOF reference
qmof-adcedcb,254.2,0.36,QMOF reference
qmof-bad3ee2,316.4,0.66,QMOF reference
qmof-759df97,318.5,0.9,QMOF reference
qmof-10741df,277.8,0.71,QMOF reference
qmof-8729357,331.9,0.67,QMOF reference
qmof-08e86ed,419.5,0.92,QMOF reference
qmof-ea6f486,354.6,0.67,QMOF reference
qmof-925845d,380.3,0.76,QMOF reference
qmof-0894f45,411.6,0.78,QMOF reference
qmof-1c4a0c9,359.8,0.85,QMOF reference
qmof-8860d10,372.1,0.77,QMOF reference
qmof-e2fcb15,357.5,0.84,QMOF reference
qmof-c26f09c,430.2,0.67,QMOF reference
qmof-2a4e11e,334.9,0.37,QMOF reference
qmof-b2efa13,278.1,0.49,QMOF reference
qmof-1a6432f,,FAILED,QMOF reference
qmof-5fed045,,FAILED,QMOF reference
qmof-4508efb,305.9,0.94,QMOF reference
qmof-67f79ac,375.7,0.25,QMOF reference
qmof-72726e2,412.1,0.49,QMOF reference
qmof-9492dc7,,FAILED,QMOF reference
qmof-e4f1759,295.2,0.33,QMOF reference
qmof-f38caad,299.6,0.73,QMOF reference
qmof-fd5026b,448.0,0.94,QMOF reference
qmof-5279ab6,269.1,0.9,QMOF reference
qmof-df4cc2a,313.3,0.73,QMOF reference
qmof-d652c63,383.3,0.49,QMOF reference
qmof-120421d,308.9,0.14,QMOF reference
qmof-d6539c3,310.8,0.91,QMOF reference
qmof-cb6d9e0,,FAILED,QMOF reference
qmof-5ae829a,451.3,0.18,QMOF reference
qmof-cdf6c87,353.4,0.81,QMOF reference
qmof-7f34f70,384.6,0.78,QMOF reference
qmof-7a9a91d,347.8,0.83,QMOF reference
qmof-2eee4d9,293.6,0.76,QMOF reference
qmof-5b45378,199.0,0.66,QMOF reference
qmof-6fb6dea,257.3,0.66,QMOF reference
qmof-89b2572,,FAILED,QMOF reference
qmof-349c5f1,281.5,0.66,QMOF reference
qmof-c5741d9,338.4,0.64,QMOF reference
qmof-c067488,332.6,0.86,QMOF reference
qmof-1586837,297.5,0.07,QMOF reference
qmof-8aafa02,390.5,0.77,QMOF reference
qmof-8a8743f,324.1,0.92,QMOF reference
qmof-e521cf2,191.4,0.68,QMOF reference
qmof-3b2f138,,FAILED,QMOF reference
qmof-8312100,356.1,0.54,QMOF reference
qmof-a1f0e89,346.2,0.37,QMOF reference
qmof-1ef23f7,291.3,0.95,QMOF reference
qmof-a58103e,426.0,0.92,QMOF reference
qmof-91678e8,260.4,0.15,QMOF reference
qmof-02b8805,283.4,0.69,QMOF reference
qmof-f1b8dbe,364.0,0.51,QMOF reference
qmof-02883dc,354.1,0.42,QMOF reference
qmof-772110c,317.0,0.24,QMOF reference
qmof-0bd5270,,FAILED,QMOF reference
qmof-bae163d,248.5,0.89,QMOF reference
qmof-dee0a1f,264.4,0.18,QMOF reference
qmof-3aea4c9,396.5,0.49,QMOF reference
qmof-7fc2a3c,286.9,0.63,QMOF reference
qmof-8663e62,330.5,0.39,QMOF reference
qmof-a4541ac,354.7,0.85,QMOF reference
qmof-83e4c15,325.9,0.18,QMOF reference
qmof-2ecd9eb,,FAILED,QMOF reference
qmof-1f08cd7,402.5,0.93,QMOF reference
qmof-7b7e338,272.0,0.59,QMOF reference
qmof-ad773d3,359.7,0.29,QMOF reference
qmof-c5651be,383.6,0.72,QMOF reference
qmof-5c1675f,296.2,0.74,QMOF reference
qmof-dbd5be4,377.0,0.76,QMOF reference
qmof-fa983d7,410.1,0.82,QMOF reference
qmof-8b14ecb,311.8,0.94,QMOF reference
qmof-b1d8a63,282.7,0.43,QMOF reference
qmof-8ed0ec6,346.3,0.68,QMOF reference
qmof-65911a2,416.2,0.47,QMOF reference
qmof-2e2b077,306.2,0.6,QMOF reference
qmof-9384b06,369.1,0.35,QMOF reference
qmof-6c85054,366.8,0.69,QMOF reference
qmof-d24ba56,283.2,0.76,QMOF reference
qmof-2eaaadb,343.0,0.72,QMOF reference
qmof-2ba6a09,400.8,0.54,QMOF reference
qmof-ec92eef,264.1,0.25,QMOF reference
qmof-ef6a2f2,454.1,0.89,QMOF reference
qmof-dd66937,,FAILED,QMOF reference
qmof-857c2d1,238.4,0.43,QMOF reference
qmof-dcabab2,,FAILED,QMOF reference
qmof-8ec9531,293.8,0.36,QMOF reference
qmof-b605e3f,,FAILED,QMOF reference
qmof-856de1b,308.0,0.43,QMOF reference
qmof-86ab3d5,330.7,0.66,QMOF reference
qmof-ebab6d6,326.5,0.83,QMOF reference
qmof-4f006f9,272.8,0.16,QMOF reference
qmof-b0410f7,359.9,0.21,QMOF reference
qmof-86a60b4,385.3,0.85,QMOF reference
qmof-1041602,380.0,0.64,QMOF reference
qmof-c4b5b05,414.8,0.22,QMOF reference
qmof-5a5d07c,,FAILED,QMOF reference
qmof-b8bda61,337.9,0.89,QMOF reference
qmof-340dc4f,333.9,0.73,QMOF reference
qmof-d9a2700,,FAILED,QMOF reference
qmof-a45536d,244.3,0.31,QMOF reference
qmof-370b421,355.3,0.77,QMOF reference
qmof-efc4e1c,309.6,0.81,QMOF reference
qmof-355deb1,330.0,0.27,QMOF reference
qmof-bdc5122,335.3,0.59,QMOF reference
qmof-355761e,313.3,0.09,QMOF reference
qmof-9fe0cdb,378.7,0.93,QMOF reference
qmof-4fd6966,337.0,0.93,QMOF reference
qmof-141ad7b,314.3,0.76,QMOF reference
qmof-398c96b,354.8,0.63,QMOF reference
qmof-f9e6ec3,350.4,0.58,QMOF reference
qmof-8d7eb31,359.0,0.13,QMOF reference
qmof-33ecd67,368.1,0.92,QMOF reference
qmof-e387857,288.4,0.4,QMOF reference
qmof-c80c803,374.3,0.67,QMOF reference
qmof-4ae806b,323.7,0.35,QMOF reference
qmof-4bc01fd,,FAILED,QMOF reference
qmof-631fbdf,299.8,0.8,QMOF reference
qmof-5e02b87,360.2,0.15,QMOF reference
qmof-20ae7e2,381.0,0.78,QMOF reference
qmof-8742974,344.9,0.93,QMOF reference
qmof-926eb2f,262.8,0.92,QMOF reference
qmof-a30571c,330.4,0.93,QMOF reference
qmof-94745cd,386.1,0.79,QMOF reference
qmof-f2d47a2,286.9,0.88,QMOF reference
qmof-6500a22,,FAILED,QMOF reference
qmof-1f83181,,FAILED,QMOF reference
qmof-00f0897,438.5,0.24,QMOF reference
qmof-4c82229,,FAILED,QMOF reference
qmof-b2eb06e,394.1,0.68,QMOF reference
qmof-3af7fe3,320.5,0.54,QMOF reference
qmof-bba9cc0,348.3,0.75,QMOF reference
qmof-86884c1,408.8,0.27,QMOF reference
qmof-93fec81,,FAILED,QMOF reference
qmof-11b8fff,428.6,0.08,QMOF reference
qmof-225c8dd,300.7,0.69,QMOF reference
qmof-f7ddf20,390.9,0.6,QMOF reference
qmof-8d4b921,256.6,0.89,QMOF reference
qmof-c51405e,267.0,0.32,QMOF reference
qmof-7d8b8c4,338.2,0.5,QMOF reference
qmof-caea536,304.9,0.42,QMOF reference
qmof-5bbacb7,372.3,0.71,QMOF reference
qmof-f5008e0,347.3,0.72,QMOF reference
qmof-59b517c,370.1,0.76,QMOF reference
qmof-5da988a,309.8,0.33,QMOF reference
qmof-90c218f,324.8,0.58,QMOF reference
qmof-bf8dd4c,423.4,0.75,QMOF reference
qmof-13f2019,359.2,0.57,QMOF reference
qmof-0dcbcaa,283.0,0.13,QMOF reference
qmof-c645675,352.9,0.63,QMOF reference
qmof-48d7590,240.8,0.37,QMOF reference
qmof-e7c85fd,341.7,0.96,QMOF reference
qmof-40b4fc7,439.8,0.61,QMOF reference
qmof-f134027,,FAILED,QMOF reference
qmof-1629dda,368.3,0.3,QMOF reference
qmof-68af577,296.0,0.9,QMOF reference
qmof-213c3a1,323.6,0.24,QMOF reference
qmof-a7f87ce,419.1,0.79,QMOF reference
qmof-84455bc,630.3,0.0,QMOF reference
qmof-b5f19ca,352.3,0.71,QMOF reference
qmof-0c4aea6,258.0,0.42,QMOF reference
qmof-00b7416,411.7,0.53,QMOF reference
qmof-5c3a722,335.1,0.7,QMOF reference
qmof-2e15076,329.5,0.57,QMOF reference
qmof-e184986,281.5,0.73,QMOF reference
qmof-650269a,317.7,0.94,QMOF reference
qmof-b121520,290.9,0.34,QMOF reference
qmof-1b0a1d3,,FAILED,QMOF reference
qmof-07f2261,341.4,0.6,QMOF reference
qmof-29a38ad,348.8,0.57,QMOF reference
qmof-f78f1b9,,FAILED,QMOF reference
qmof-fd5d0f6,281.2,0.38,QMOF reference
qmof-5412a58,,FAILED,QMOF reference
qmof-94898ae,263.0,0.67,QMOF reference
qmof-c885683,368.6,0.36,QMOF reference
qmof-1618ce0,272.4,0.05,QMOF reference
qmof-f621598,365.6,0.88,QMOF reference
qmof-3a9cbbf,432.5,0.2,QMOF reference
qmof-69c9d0b,303.9,0.62,QMOF reference
qmof-07fbe14,345.9,0.08,QMOF reference
qmof-2b88f57,,FAILED,QMOF reference
qmof-8e256bb,,FAILED,QMOF reference
qmof-3d69dee,375.4,0.12,QMOF reference
qmof-04972fd,411.8,0.63,QMOF reference
qmof-01f2716,239.6,0.77,QMOF reference
qmof-aaea2ae,306.4,0.39,QMOF reference
qmof-1269b58,329.6,0.75,QMOF reference
qmof-9f43bb6,347.3,0.22,QMOF reference
qmof-0f76e09,,FAILED,QMOF reference
qmof-a6685ea,390.4,0.69,QMOF reference
qmof-291b6b8,344.7,0.57,QMOF reference
qmof-ddb2d23,,FAILED,QMOF reference
qmof-4438bc6,340.2,0.93,QMOF reference
qmof-a5e3397,,FAILED,QMOF reference
qmof-b6f0cb7,351.1,0.59,QMOF reference
qmof-723a15f,369.4,0.89,QMOF reference
qmof-a90117c,,FAILED,QMOF reference
qmof-aa5a1e3,372.4,0.63,QMOF reference
qmof-aa24aa4,,FAILED,QMOF reference
qmof-230402d,,FAILED,QMOF reference
qmof-01027d7,407.4,0.07,QMOF reference
qmof-c26f0a1,468.7,0.01,QMOF reference
qmof-15f7608,370.2,0.9,QMOF reference
qmof-28949da,421.1,0.85,QMOF reference
qmof-a5eb56b,307.7,0.72,QMOF reference
qmof-dfceed4,258.1,0.8,QMOF reference
qmof-23a9d66,318.0,0.43,QMOF reference
qmof-bf55af2,,FAILED,QMOF reference
qmof-13f1903,352.7,0.82,QMOF reference
qmof-b3a7c11,286.4,0.75,QMOF reference
qmof-89d5815,399.5,0.82,QMOF reference
qmof-e9eae19,352.8,0.96,QMOF reference
qmof-43cb308,172.2,0.88,QMOF reference
qmof-30e47a5,,FAILED,QMOF reference
qmof-2b2292f,319.3,0.37,QMOF reference
qmof-423f816,321.0,0.45,QMOF reference
qmof-05cc789,212.4,0.75,QMOF reference
qmof-462ad7f,360.2,0.14,QMOF reference
qmof-52d6820,413.1,0.15,QMOF reference
qmof-a93afa1,,FAILED,QMOF reference
qmof-0359d3a,420.1,0.9,QMOF reference
qmof-3dfbcbd,267.6,0.65,QMOF reference
qmof-4a96ec6,357.4,0.76,QMOF reference
qmof-7daffde,413.3,0.32,QMOF reference
qmof-9e36c75,342.5,0.82,QMOF reference
qmof-4c0e76e,347.2,0.63,QMOF reference
qmof-ff5ca2c,345.3,0.5,QMOF reference
qmof-33eaa8a,263.6,0.16,QMOF reference
qmof-8bf1ad2,411.4,0.4,QMOF reference
qmof-0dd810c,371.1,0.28,QMOF reference
qmof-531ae10,391.0,0.65,QMOF reference
qmof-1002f30,393.0,0.91,QMOF reference
qmof-121c857,267.2,0.83,QMOF reference
qmof-cf6fe94,326.6,0.93,QMOF reference
qmof-61ad77c,318.6,0.85,QMOF reference
qmof-677cc43,383.1,0.94,QMOF reference
qmof-11ffb01,340.1,0.68,QMOF reference
qmof-87e0534,283.3,0.58,QMOF reference
qmof-dc4d4b4,,FAILED,QMOF reference
qmof-29a7dfa,382.9,0.36,QMOF reference
qmof-5e02587,376.8,0.42,QMOF reference
qmof-011709e,321.7,0.29,QMOF reference
qmof-68b670c,337.7,0.42,QMOF reference
qmof-ba6af8e,451.6,0.44,QMOF reference
qmof-f1c984a,293.7,0.45,QMOF reference
qmof-3fbd724,299.2,0.8,QMOF reference
qmof-cb60298,407.2,0.93,QMOF reference
qmof-54e97e0,325.6,0.77,QMOF reference
qmof-6cb393a,364.6,0.17,QMOF reference
qmof-9b4f999,295.2,0.4,QMOF reference
qmof-516c757,333.3,0.91,QMOF reference
qmof-3a19adf,286.3,0.82,QMOF reference
qmof-a7b69c7,355.3,0.36,QMOF reference
qmof-a04209a,433.3,0.31,QMOF reference
qmof-66d54b3,267.3,0.59,QMOF reference
qmof-07fb9bf,231.5,0.84,QMOF reference
qmof-bad0c1f,365.2,0.62,QMOF reference
qmof-34451ee,442.9,0.29,QMOF reference
qmof-d3a50cb,483.0,0.06,QMOF reference
qmof-c4e8360,260.0,0.8,QMOF reference
qmof-a6cc8b6,416.4,0.8,QMOF reference
qmof-5e76961,,FAILED,QMOF reference
qmof-3afdaa9,,FAILED,QMOF reference
qmof-0e200b6,334.7,0.15,QMOF reference
qmof-561bdcd,397.1,0.64,QMOF reference
qmof-9f6fc7f,404.4,0.69,QMOF reference
qmof-b3c90a3,308.6,0.72,QMOF reference
qmof-ca13f59,,FAILED,QMOF reference
qmof-dc0e96c,301.3,0.93,QMOF reference
qmof-e7019ed,270.1,0.09,QMOF reference
qmof-3b46920,289.3,0.67,QMOF reference
qmof-da71c56,,FAILED,QMOF reference
qmof-5c99aeb,,FAILED,QMOF reference
qmof-ee11f62,365.3,0.92,QMOF reference
qmof-9adcf1a,,FAILED,QMOF reference
qmof-e26dd14,,FAILED,QMOF reference
qmof-540f79a,321.2,0.68,QMOF reference
qmof-7d219c0,347.3,0.75,QMOF reference
qmof-d97f36e,350.2,0.54,QMOF reference
qmof-23e4e4a,305.3,0.82,QMOF reference
qmof-79371d1,374.5,0.36,QMOF reference
qmof-b7a1e1f,363.8,0.95,QMOF reference
qmof-c6f02b4,276.3,0.24,QMOF reference
qmof-ba60a35,,FAILED,QMOF reference
qmof-00be260,,FAILED,QMOF reference
qmof-d65b5bf,312.4,0.67,QMOF reference
qmof-bdb5086,232.2,0.91,QMOF reference
qmof-c63cbd6,306.6,0.56,QMOF reference
qmof-52799e2,365.1,0.95,QMOF reference
qmof-c4b72a4,296.2,0.49,QMOF reference
qmof-ec871b5,377.9,0.82,QMOF reference
qmof-e6da489,353.4,0.89,QMOF reference
qmof-0d15be0,373.0,0.85,QMOF reference
qmof-4c1a060,285.1,0.4,QMOF reference
qmof-c6bc0b3,,FAILED,QMOF reference
qmof-5ef5474,337.1,0.53,QMOF reference
qmof-ebed62f,286.7,0.95,QMOF reference
qmof-b420251,250.7,0.24,QMOF reference
qmof-7edffdc,333.4,0.61,QMOF reference
qmof-069478f,342.5,0.77,QMOF reference
qmof-3a184d1,275.7,0.92,QMOF reference
qmof-74bdf68,156.7,0.87,QMOF reference
qmof-68e1c8f,275.4,0.43,QMOF reference
qmof-47b17d9,441.7,0.32,QMOF reference
qmof-5964493,346.6,0.52,QMOF reference
qmof-8af21c9,287.3,0.6,QMOF reference
qmof-6e482fb,357.4,0.85,QMOF reference
qmof-f491166,332.8,0.21,QMOF reference
qmof-e392a20,261.9,0.94,QMOF reference
qmof-5d4c61c,302.6,0.68,QMOF reference
qmof-308a75f,271.2,0.14,QMOF reference
qmof-1b41ebc,311.5,0.83,QMOF reference
qmof-07042a4,336.2,0.62,QMOF reference
qmof-91dacf6,,FAILED,QMOF reference
qmof-43281e0,,FAILED,QMOF reference
qmof-ce13302,260.6,0.77,QMOF reference
qmof-144f0d1,245.8,0.76,QMOF reference
qmof-178fc48,291.9,0.77,QMOF reference
qmof-aa90826,258.6,0.45,QMOF reference
qmof-e789f6e,312.0,0.49,QMOF reference
qmof-06933eb,383.2,0.8,QMOF reference
qmof-8236b17,,FAILED,QMOF reference
qmof-e18f67b,368.6,0.67,QMOF reference
qmof-95ecaaa,304.9,0.71,QMOF reference
qmof-b5fc143,392.2,0.19,QMOF reference
qmof-2bf3de2,390.0,0.95,QMOF reference
qmof-f6c7d9d,314.8,0.3,QMOF reference
qmof-ca73b53,425.8,0.69,QMOF reference
qmof-9afa0ab,301.5,0.15,QMOF reference
qmof-d2b80ff,,FAILED,QMOF reference
qmof-28770b1,270.1,0.29,QMOF reference
qmof-10301bb,,FAILED,QMOF reference
qmof-2855399,364.6,0.72,QMOF reference
qmof-d7e755d,343.8,0.13,QMOF reference
qmof-8b9c6cf,360.2,0.71,QMOF reference
qmof-7b9dc87,,FAILED,QMOF reference
qmof-bd86391,269.1,0.3,QMOF reference
qmof-e5ef618,290.3,0.24,QMOF reference
qmof-84b6920,406.2,0.54,QMOF reference
qmof-6e32feb,386.7,0.71,QMOF reference
qmof-99760ed,232.6,0.37,QMOF reference
qmof-585d5f6,333.2,0.9,QMOF reference
qmof-3bfab64,261.1,0.7,QMOF reference
qmof-26d6869,275.9,0.81,QMOF reference
qmof-ba27671,389.6,0.68,QMOF reference
qmof-c7a8622,231.6,0.16,QMOF reference
qmof-af2bbe9,320.5,0.8,QMOF reference
qmof-13fcfdd,350.8,0.34,QMOF reference
qmof-48a32b2,344.2,0.83,QMOF reference
qmof-4e450ae,348.6,0.27,QMOF reference
qmof-528ec1c,350.1,0.52,QMOF reference
qmof-fa1d0ec,350.0,0.73,QMOF reference
qmof-cd5c084,,FAILED,QMOF reference
qmof-d024be2,332.4,0.9,QMOF reference
qmof-0f56a20,241.0,0.91,QMOF reference
qmof-b78d43f,335.8,0.96,QMOF reference
qmof-b050ede,358.3,0.41,QMOF reference
qmof-db81b8a,309.9,0.22,QMOF reference
qmof-925e0fd,358.6,0.92,QMOF reference
qmof-71235fd,389.5,0.9,QMOF reference
qmof-a62568c,287.0,0.54,QMOF reference
qmof-0cfa193,397.0,0.69,QMOF reference
qmof-3a005e0,199.2,0.98,QMOF reference
qmof-938bb0c,,FAILED,QMOF reference
qmof-adba110,325.4,0.22,QMOF reference
qmof-dca24c7,297.9,0.81,QMOF reference
qmof-a99a409,297.8,0.92,QMOF reference
qmof-8fe6d7b,325.7,0.92,QMOF reference
qmof-6eefd42,403.4,0.95,QMOF reference
qmof-a48e6cb,,FAILED,QMOF reference
qmof-e3a9c54,287.8,0.57,QMOF reference
qmof-02592f2,375.1,0.78,QMOF reference
qmof-a1e8177,286.9,0.39,QMOF reference
qmof-150781e,348.7,0.74,QMOF reference
qmof-e911ecb,451.6,0.1,QMOF reference
qmof-5f8824d,299.1,0.65,QMOF reference
qmof-6d1763b,,FAILED,QMOF reference
qmof-9e3b867,356.0,0.64,QMOF reference
qmof-3d37893,343.5,0.14,QMOF reference
qmof-1b9417a,291.4,0.26,QMOF reference
qmof-1658787,,FAILED,QMOF reference
qmof-4d9f4e8,214.3,0.6,QMOF reference
qmof-b0911d3,268.4,0.78,QMOF reference
qmof-7f3b860,322.4,0.35,QMOF reference
qmof-8a65441,340.7,0.73,QMOF reference
qmof-99b5526,291.6,0.9,QMOF reference
qmof-f434e5a,302.8,0.62,QMOF reference
qmof-fa851e5,525.5,0.0,QMOF reference
qmof-c44dbdf,389.6,0.86,QMOF reference
qmof-476a5b8,250.9,0.48,QMOF reference
qmof-f16daa1,362.0,0.77,QMOF reference
qmof-83713ea,,FAILED,QMOF reference
qmof-6c1d234,307.0,0.47,QMOF reference
qmof-2dab706,371.9,0.6,QMOF reference
qmof-9513924,331.6,0.49,QMOF reference
qmof-7e0b219,,FAILED,QMOF reference
qmof-78b28bd,,FAILED,QMOF reference
qmof-9e4d3cd,,FAILED,QMOF reference
qmof-b7abf3d,-139.3,0.94,QMOF reference
qmof-0d837fe,339.3,0.74,QMOF reference
qmof-942cfbd,326.3,0.82,QMOF reference
qmof-cbd885d,424.4,0.91,QMOF reference
qmof-9b11723,198.7,0.56,QMOF reference
qmof-3966050,214.9,0.94,QMOF reference
qmof-7b8ba4b,244.2,0.2,QMOF reference
qmof-0a37810,405.1,0.3,QMOF reference
qmof-c89474b,261.3,0.79,QMOF reference
qmof-37ec311,398.3,0.92,QMOF reference
qmof-0811e53,247.9,0.92,QMOF reference
qmof-09d0b35,279.4,0.93,QMOF reference
qmof-3b672a9,276.0,0.78,QMOF reference
qmof-4c98c16,270.1,0.22,QMOF reference
qmof-b5a2c09,324.5,0.58,QMOF reference
qmof-450cfae,356.7,0.23,QMOF reference
qmof-4cbf5c8,312.6,0.71,QMOF reference
qmof-8423fa6,388.4,0.94,QMOF reference
qmof-b3dffb5,290.1,0.8,QMOF reference
qmof-3dab219,346.7,0.94,QMOF reference
qmof-2d86fa0,259.3,0.55,QMOF reference
qmof-8491c7f,254.0,0.15,QMOF reference
qmof-3f4a719,,FAILED,QMOF reference
qmof-2e63a4b,345.2,0.89,QMOF reference
qmof-55d409b,374.1,0.42,QMOF reference
qmof-be41de7,,FAILED,QMOF reference
qmof-ab539ca,,FAILED,QMOF reference
qmof-d35855c,280.4,0.06,QMOF reference
qmof-1d6c648,376.7,0.57,QMOF reference
qmof-a2d74ff,325.1,0.71,QMOF reference
qmof-b324a8c,311.7,0.61,QMOF reference
qmof-4d635ee,287.0,0.81,QMOF reference
qmof-c16a609,383.5,0.95,QMOF reference
qmof-2bf7319,280.7,0.85,QMOF reference
qmof-ea739d8,279.6,0.92,QMOF reference
qmof-7044cf9,332.7,0.14,QMOF reference
qmof-0f656a9,319.7,0.64,QMOF reference
qmof-1fcb8db,358.1,0.51,QMOF reference
qmof-9ef6119,,FAILED,QMOF reference
qmof-91c9eea,314.8,0.81,QMOF reference
qmof-981431f,322.2,0.15,QMOF reference
qmof-4485660,277.3,0.59,QMOF reference
qmof-7e3ab62,,FAILED,QMOF reference
qmof-1f660e3,332.7,0.43,QMOF reference
qmof-93caad9,321.8,0.19,QMOF reference
qmof-efdc343,,FAILED,QMOF reference
qmof-43a7c42,448.5,0.83,QMOF reference
qmof-928ae0f,335.5,0.96,QMOF reference
qmof-31bbc88,,FAILED,QMOF reference
qmof-9bcf7b3,385.4,0.19,QMOF reference
qmof-3de33e8,414.5,0.04,QMOF reference
qmof-f3cbf20,,FAILED,QMOF reference
qmof-af95382,290.6,0.65,QMOF reference
qmof-3d6f298,375.1,0.35,QMOF reference
qmof-b50d054,432.2,0.92,QMOF reference
qmof-6071ce7,307.5,0.24,QMOF reference
qmof-e9a012f,387.1,0.91,QMOF reference
qmof-9c2153d,557.5,0.0,QMOF reference
qmof-a14eac3,358.9,0.41,QMOF reference
qmof-9d2fe7e,360.2,0.33,QMOF reference
qmof-3adcede,402.1,0.54,QMOF reference
qmof-7a9164a,272.8,0.46,QMOF reference
qmof-27ec0f6,368.4,0.5,QMOF reference
qmof-f9d8935,247.9,0.49,QMOF reference
qmof-275dcce,258.0,0.16,QMOF reference
qmof-f4dec33,383.3,0.88,QMOF reference
qmof-16137ec,341.0,0.29,QMOF reference
qmof-921b996,221.9,0.51,QMOF reference
qmof-761ed66,406.8,0.13,QMOF reference
qmof-ed20cf9,304.8,0.78,QMOF reference
qmof-8ebb5d3,,FAILED,QMOF reference
qmof-9471807,,FAILED,QMOF reference
qmof-02875e0,,FAILED,QMOF reference
qmof-8f9b8e4,272.4,0.88,QMOF reference
qmof-8ed130f,319.8,0.18,QMOF reference
qmof-addd68a,265.0,0.85,QMOF reference
qmof-08b8104,371.3,0.38,QMOF reference
qmof-e7c7b47,371.6,0.22,QMOF reference
qmof-3d27d1f,424.7,0.91,QMOF reference
qmof-e4ab65a,393.1,0.39,QMOF reference
qmof-7c6cbbc,327.0,0.56,QMOF reference
qmof-0c12dcf,402.6,0.94,QMOF reference
qmof-438b1da,,FAILED,QMOF reference
qmof-87b704c,328.9,0.65,QMOF reference
qmof-c7761f6,320.6,0.67,QMOF reference
qmof-2c2f45b,340.2,0.71,QMOF reference
qmof-9ad95f0,465.6,0.04,QMOF reference
qmof-050c9e8,335.6,0.2,QMOF reference
qmof-59f3590,204.1,0.55,QMOF reference
qmof-801fb35,330.0,0.81,QMOF reference
qmof-5a9cc08,318.1,0.61,QMOF reference
qmof-c81cb2d,358.6,0.44,QMOF reference
qmof-f7de712,249.3,0.5,QMOF reference
qmof-b203da2,403.2,0.95,QMOF reference
qmof-320f7c5,364.3,0.37,QMOF reference
qmof-0993d90,418.5,0.89,QMOF reference
qmof-836779c,386.5,0.62,QMOF reference
qmof-cb69483,217.3,0.12,QMOF reference
qmof-ff8c73e,312.8,0.55,QMOF reference
qmof-a9b8618,404.2,0.95,QMOF reference
qmof-b217014,441.1,0.68,QMOF reference
qmof-08c7677,,FAILED,QMOF reference
qmof-9774d0c,,FAILED,QMOF reference
qmof-7c0089b,325.4,0.88,QMOF reference
qmof-b6b6508,,FAILED,QMOF reference
qmof-e21bd0e,236.7,0.75,QMOF reference
qmof-afada67,55.3,0.84,QMOF reference
qmof-13ca6e3,332.2,0.94,QMOF reference
qmof-019ba28,,FAILED,QMOF reference
qmof-6fabf2c,365.8,0.88,QMOF reference
qmof-dbfdcac,,FAILED,QMOF reference
qmof-92f7595,308.3,0.73,QMOF reference
qmof-bd5ae88,397.7,0.23,QMOF reference
qmof-71287ea,,FAILED,QMOF reference
qmof-197ad3f,293.3,0.97,QMOF reference
qmof-e6f2443,363.0,0.78,QMOF reference
qmof-89f6056,320.3,0.42,QMOF reference
qmof-9797a23,316.9,0.73,QMOF reference
qmof-09a123f,303.3,0.09,QMOF reference
qmof-7661853,348.1,0.93,QMOF reference
qmof-f64021c,278.6,0.23,QMOF reference
qmof-44aa83b,304.6,0.2,QMOF reference
qmof-dd6e687,318.1,0.83,QMOF reference
qmof-3471e82,313.6,0.22,QMOF reference
qmof-344ed8d,316.6,0.52,QMOF reference
qmof-f931226,301.1,0.96,QMOF reference
qmof-775264c,401.8,0.56,QMOF reference
qmof-8a574ac,248.6,0.91,QMOF reference
qmof-169ee8c,364.9,0.72,QMOF reference
qmof-003f026,323.2,0.75,QMOF reference
qmof-d42f4f3,301.5,0.61,QMOF reference
qmof-b7eac83,329.0,0.73,QMOF reference
qmof-c04b7b9,368.1,0.18,QMOF reference
qmof-acc11bc,318.5,0.81,QMOF reference
qmof-e14a88c,352.8,0.35,QMOF reference
qmof-2e9916d,344.4,0.69,QMOF reference
qmof-c7403de,,FAILED,QMOF reference
qmof-55cc832,344.3,0.93,QMOF reference
qmof-69d7c75,312.3,0.79,QMOF reference
qmof-9752ef1,,FAILED,QMOF reference
qmof-ffa5058,394.7,0.49,QMOF reference
qmof-1eadbf5,227.9,0.86,QMOF reference
qmof-32a3837,307.1,0.84,QMOF reference
qmof-2c27f61,378.0,0.36,QMOF reference
qmof-dc5bf96,321.4,0.3,QMOF reference
qmof-cd1c2f7,331.7,0.28,QMOF reference
qmof-a25e5d0,368.5,0.67,QMOF reference
qmof-b99f6b2,307.9,0.79,QMOF reference
qmof-6eb895d,,FAILED,QMOF reference
qmof-66e07d3,363.4,0.9,QMOF reference
qmof-a3d97dc,289.4,0.11,QMOF reference
qmof-043d57a,265.0,0.97,QMOF reference
qmof-453d314,338.0,0.19,QMOF reference
qmof-567a5c4,352.5,0.77,QMOF reference
qmof-4060ec8,362.9,0.37,QMOF reference
qmof-b762ca7,339.2,0.32,QMOF reference
qmof-e7a2bb1,350.2,0.69,QMOF reference
qmof-73f5b2a,429.6,0.58,QMOF reference
qmof-6c6014c,406.5,0.76,QMOF reference
qmof-f9d75da,342.6,0.67,QMOF reference
qmof-bca829e,319.6,0.33,QMOF reference
qmof-0e187ca,402.9,0.43,QMOF reference
qmof-dfef5fe,,FAILED,QMOF reference
qmof-6e9bf49,355.1,0.9,QMOF reference
qmof-86b8af1,322.4,0.42,QMOF reference
qmof-f2e78b9,327.6,0.19,QMOF reference
qmof-0ad5dc5,,FAILED,QMOF reference
qmof-067c272,312.0,0.94,QMOF reference
qmof-b46a7a6,319.7,0.91,QMOF reference
qmof-2810a4f,361.8,0.53,QMOF reference
qmof-64eac3c,350.7,0.96,QMOF reference
qmof-c5c5d13,312.4,0.28,QMOF reference
qmof-0006638,287.3,0.49,QMOF reference
qmof-1f59aa4,315.7,0.24,QMOF reference
qmof-a1f7295,419.5,0.19,QMOF reference
qmof-f2ae0a5,333.6,0.44,QMOF reference
qmof-dcce49b,,FAILED,QMOF reference
qmof-e98b77f,306.9,0.07,QMOF reference
qmof-f842c12,,FAILED,QMOF reference
qmof-09412cc,433.7,0.13,QMOF reference
qmof-17afa88,215.9,0.59,QMOF reference
qmof-7adaa8f,302.1,0.23,QMOF reference
qmof-d1115ca,233.6,0.85,QMOF reference
qmof-d3a4dfb,346.2,0.85,QMOF reference
qmof-d9772e5,270.3,0.79,QMOF reference
qmof-c3e4ec7,381.7,0.9,QMOF reference
qmof-c4e25b7,302.2,0.14,QMOF reference
qmof-dbb0552,354.8,0.96,QMOF reference
qmof-5f110f6,413.1,0.81,QMOF reference
qmof-3974d91,,FAILED,QMOF reference
qmof-ab232ec,383.8,0.71,QMOF reference
qmof-03c87d7,378.6,0.58,QMOF reference
qmof-c152043,,FAILED,QMOF reference
qmof-7c7b32d,370.7,0.38,QMOF reference
qmof-61f9572,242.6,0.72,QMOF reference
qmof-0d028a0,326.6,0.2,QMOF reference
qmof-741a807,336.0,0.34,QMOF reference
qmof-ffc7372,,FAILED,QMOF reference
qmof-c08af26,301.9,0.89,QMOF reference
qmof-4c3897e,296.2,0.64,QMOF reference
qmof-09f32f8,395.2,0.59,QMOF reference
qmof-1637dfc,345.7,0.42,QMOF reference
qmof-02d2059,,FAILED,QMOF reference
qmof-dc281d9,249.4,0.23,QMOF reference
qmof-debb278,140.8,0.43,QMOF reference
qmof-fc6f521,,FAILED,QMOF reference
qmof-51a5518,261.1,0.56,QMOF reference
qmof-3376567,,FAILED,QMOF reference
qmof-e734cfa,300.5,0.58,QMOF reference
qmof-01f1640,301.3,0.2,QMOF reference
qmof-b21c6f8,,FAILED,QMOF reference
qmof-c0a61f9,,FAILED,QMOF reference
qmof-e1901f7,398.2,0.96,QMOF reference
qmof-c533c0e,273.9,0.22,QMOF reference
qmof-3458460,501.3,0.91,QMOF reference
qmof-9571604,233.0,0.72,QMOF reference
qmof-2caee4b,351.7,0.19,QMOF reference
qmof-1fdc7b8,335.6,0.97,QMOF reference
qmof-3470a15,,FAILED,QMOF reference
qmof-3f1f67b,314.9,0.24,QMOF reference
qmof-9d7e189,,FAILED,QMOF reference
qmof-6ed7fec,398.4,0.91,QMOF reference
qmof-348cf26,374.8,0.61,QMOF reference
qmof-2453893,380.7,0.7,QMOF reference
qmof-f2d2091,,FAILED,QMOF reference
qmof-cb8b35f,405.4,0.49,QMOF reference
qmof-acda6c2,322.9,0.89,QMOF reference
qmof-2b4073d,337.6,0.46,QMOF reference
qmof-a4a4669,440.5,0.05,QMOF reference
qmof-35fb0ca,281.9,0.33,QMOF reference
qmof-94124d1,372.4,0.45,QMOF reference
qmof-e8bc912,315.5,0.94,QMOF reference
qmof-9443aaf,264.8,0.76,QMOF reference
qmof-918cd0a,,FAILED,QMOF reference
qmof-f5b3fd7,414.2,0.85,QMOF reference
qmof-9963630,289.7,0.95,QMOF reference
qmof-c13ca50,494.8,0.89,QMOF reference
qmof-554fc14,406.7,0.97,QMOF reference
qmof-cafa193,347.9,0.38,QMOF reference
qmof-3be3004,212.2,0.93,QMOF reference
qmof-732dc1a,287.0,0.93,QMOF reference
qmof-020f390,254.1,0.67,QMOF reference
qmof-884095d,340.9,0.83,QMOF reference
qmof-cabf074,377.6,0.9,QMOF reference
qmof-bd66dee,296.7,0.81,QMOF reference
qmof-37c9629,,FAILED,QMOF reference
qmof-4159cf9,360.6,0.74,QMOF reference
qmof-35ae1e6,224.5,0.11,QMOF reference
qmof-fa3f7f4,295.7,0.47,QMOF reference
qmof-6ae3b12,356.6,0.03,QMOF reference
qmof-5bdd458,308.4,0.43,QMOF reference
qmof-ba7bac6,400.7,0.62,QMOF reference
qmof-028a08c,254.5,0.95,QMOF reference
qmof-b0a286a,299.2,0.94,QMOF reference
qmof-ecf4801,358.7,0.3,QMOF reference
qmof-c9b00e0,343.8,0.92,QMOF reference
qmof-232bc23,344.9,0.57,QMOF reference
qmof-e57e5bf,376.0,0.83,QMOF reference
qmof-6dd93a8,290.7,0.46,QMOF reference
qmof-3b9998a,428.7,0.8,QMOF reference
qmof-93f5d32,284.8,0.43,QMOF reference
qmof-057afa8,320.6,0.3,QMOF reference
qmof-c888728,,FAILED,QMOF reference
qmof-dfd9a82,406.5,0.53,QMOF reference
qmof-b0fc2d5,393.4,0.25,QMOF reference
qmof-aa9c063,297.1,0.85,QMOF reference
qmof-f44a0df,,FAILED,QMOF reference
qmof-0990647,299.5,0.93,QMOF reference
qmof-8ba1449,237.9,0.32,QMOF reference
qmof-17de1ea,273.4,0.46,QMOF reference
qmof-3ae6dad,423.5,0.89,QMOF reference
qmof-51977f3,476.6,0.04,QMOF reference
qmof-45ac749,357.7,0.74,QMOF reference
qmof-76cf28c,377.1,0.21,QMOF reference
qmof-0aa4198,,FAILED,QMOF reference
qmof-d44d9b1,324.5,0.48,QMOF reference
qmof-5167c78,,FAILED,QMOF reference
qmof-09ca76c,367.9,0.84,QMOF reference
qmof-d9c2d65,,FAILED,QMOF reference
qmof-f146869,332.0,0.08,QMOF reference
qmof-232d4ab,354.6,0.31,QMOF reference
qmof-bfac7fa,267.0,0.24,QMOF reference
qmof-e4d40d7,398.1,0.85,QMOF reference
qmof-9df1bb0,467.9,0.9,QMOF reference
qmof-35f4c59,390.1,0.65,QMOF reference
qmof-12930dd,356.2,0.25,QMOF reference
qmof-03894a2,327.8,0.95,QMOF reference
qmof-ed04df4,,FAILED,QMOF reference
qmof-ec58109,341.7,0.97,QMOF reference
qmof-b6953dc,307.4,0.87,QMOF reference
qmof-c3298fb,367.3,0.21,QMOF reference
qmof-b75066b,314.0,0.48,QMOF reference
qmof-b48a0a9,240.0,0.64,QMOF reference
qmof-90f37ad,358.0,0.52,QMOF reference
qmof-f02d68c,,FAILED,QMOF reference
qmof-48b2ade,325.3,0.93,QMOF reference
qmof-7e46631,,FAILED,QMOF reference
qmof-5ce863d,321.8,0.68,QMOF reference
qmof-458a962,339.5,0.66,QMOF reference
qmof-cced18d,342.0,0.9,QMOF reference
qmof-c60bf32,316.8,0.91,QMOF reference
qmof-85c3410,340.3,0.42,QMOF reference
qmof-d2fb81a,426.7,0.95,QMOF reference
qmof-a3da55b,380.0,0.47,QMOF reference
qmof-cc6b28f,,FAILED,QMOF reference
qmof-b893edd,340.7,0.71,QMOF reference
qmof-af0b1e5,,FAILED,QMOF reference
qmof-98b863e,259.1,0.51,QMOF reference
qmof-8bdb6a2,312.3,0.66,QMOF reference
qmof-0156bfa,275.2,0.57,QMOF reference
qmof-5bd1c51,327.9,0.17,QMOF reference
qmof-6b5f1a5,,FAILED,QMOF reference
qmof-42b55bb,,FAILED,QMOF reference
qmof-04fca8c,309.5,0.48,QMOF reference
qmof-355e9d2,313.0,0.95,QMOF reference
qmof-bdb9583,294.4,0.95,QMOF reference
qmof-36f1e77,261.7,0.81,QMOF reference
qmof-a6dea53,384.3,0.15,QMOF reference
qmof-6cf1bb5,417.9,0.74,QMOF reference
qmof-c26be66,352.5,0.22,QMOF reference
qmof-5ad197c,305.6,0.47,QMOF reference
qmof-6204da9,,FAILED,QMOF reference
qmof-6fb95e8,,FAILED,QMOF reference
qmof-af3d545,,FAILED,QMOF reference
qmof-21a8353,351.6,0.41,QMOF reference
qmof-bf979d0,,FAILED,QMOF reference
qmof-8121bd5,414.5,0.62,QMOF reference
qmof-c41e9e1,383.1,0.71,QMOF reference
qmof-739453e,,FAILED,QMOF reference
qmof-137f122,251.8,0.7,QMOF reference
qmof-8dcabcf,347.9,0.79,QMOF reference
qmof-bffc6bd,292.3,0.21,QMOF reference
qmof-f28d7b0,342.2,0.13,QMOF reference
qmof-a9f9fb1,303.2,0.93,QMOF reference
qmof-a6894e8,306.9,0.87,QMOF reference
qmof-a04911c,381.4,0.93,QMOF reference
qmof-9c0bd55,241.4,0.94,QMOF reference
qmof-2e022d9,408.3,0.87,QMOF reference
qmof-f78ad77,387.6,0.5,QMOF reference
qmof-e72c3e9,380.3,0.19,QMOF reference
qmof-bf35637,,FAILED,QMOF reference
qmof-cdee87c,270.7,0.91,QMOF reference
qmof-cf916d7,505.4,0.96,QMOF reference
qmof-cf57844,,FAILED,QMOF reference
qmof-2a29927,,FAILED,QMOF reference
qmof-9f1e6d5,296.0,0.22,QMOF reference
qmof-f3f8bc5,251.5,0.93,QMOF reference
qmof-05c65f8,363.6,0.95,QMOF reference
qmof-dd9715b,303.7,0.46,QMOF reference
qmof-cec6153,308.4,0.56,QMOF reference
qmof-85f4639,343.8,0.51,QMOF reference
qmof-832a1ad,295.8,0.85,QMOF reference
qmof-7c33b5f,,FAILED,QMOF reference
qmof-72bcd8e,319.7,0.91,QMOF reference
qmof-b0402ac,439.5,0.13,QMOF reference
qmof-a93d8c6,350.8,0.95,QMOF reference
qmof-c926dc5,319.8,0.87,QMOF reference
qmof-6ef94ec,,FAILED,QMOF reference
qmof-7718a1f,337.6,0.21,QMOF reference
qmof-7bff871,295.3,0.58,QMOF reference
qmof-cf0736f,358.2,0.69,QMOF reference
qmof-1665525,253.9,0.75,QMOF reference
qmof-458f21b,275.0,0.74,QMOF reference
qmof-b95f9af,389.2,0.42,QMOF reference
qmof-1c5e8ac,319.1,0.21,QMOF reference
qmof-42e8bf9,329.4,0.55,QMOF reference
qmof-33553b3,319.0,0.51,QMOF reference
qmof-553120e,403.1,0.93,QMOF reference
qmof-48b7ac1,337.9,0.3,QMOF reference
qmof-064c285,,FAILED,QMOF reference
qmof-a2d0d1c,255.7,0.15,QMOF reference
qmof-5893d8f,351.8,0.07,QMOF reference
qmof-740afef,324.2,0.33,QMOF reference
qmof-2367406,292.3,0.67,QMOF reference
qmof-155cb35,426.9,0.1,QMOF reference
qmof-ce182d3,356.4,0.17,QMOF reference
qmof-1c68c64,298.6,0.68,QMOF reference
qmof-5d36d6c,,FAILED,QMOF reference
qmof-88bd988,373.5,0.91,QMOF reference
qmof-675f95d,304.5,0.36,QMOF reference
qmof-e8f2313,345.4,0.51,QMOF reference
qmof-a8c7976,267.9,0.68,QMOF reference
qmof-cafe9dc,380.7,0.76,QMOF reference
qmof-99810c8,392.5,0.79,QMOF reference
qmof-0220440,250.0,0.43,QMOF reference
qmof-7e995b0,336.7,0.53,QMOF reference
qmof-def34ed,355.1,0.41,QMOF reference
qmof-ac134b6,239.4,0.44,QMOF reference
qmof-fc68b48,364.3,0.79,QMOF reference
qmof-3195183,344.6,0.93,QMOF reference
qmof-b01b0cf,255.2,0.68,QMOF reference
qmof-b488bac,272.3,0.25,QMOF reference
qmof-04e23fc,274.8,0.86,QMOF reference
qmof-c33f925,,FAILED,QMOF reference
qmof-857f34a,342.4,0.7,QMOF reference
qmof-22d2330,294.0,0.29,QMOF reference
qmof-64fe339,456.5,0.06,QMOF reference
qmof-15bcb48,299.8,0.93,QMOF reference
qmof-99ac7ac,398.8,0.87,QMOF reference
qmof-3f1b655,,FAILED,QMOF reference
qmof-db33b5e,343.9,0.17,QMOF reference
qmof-a38c2fe,313.4,0.74,QMOF reference
qmof-f85239d,,FAILED,QMOF reference
qmof-1722ad7,267.7,0.73,QMOF reference
qmof-75e4931,308.2,0.74,QMOF reference
qmof-c631f72,314.5,0.89,QMOF reference
qmof-f38562c,322.2,0.2,QMOF reference
qmof-42d7698,265.3,0.85,QMOF reference
qmof-7f3b99d,316.4,0.44,QMOF reference
qmof-0c6caee,267.4,0.45,QMOF reference
qmof-e62d92a,263.1,0.91,QMOF reference
qmof-50f40ea,329.3,0.33,QMOF reference
qmof-4917b6a,,FAILED,QMOF reference
qmof-0519a50,347.8,0.86,QMOF reference
qmof-3cf9abb,277.6,0.27,QMOF reference
qmof-3d489e4,325.4,0.69,QMOF reference
qmof-9507439,349.3,0.57,QMOF reference
qmof-b8457d7,368.0,0.54,QMOF reference
qmof-ddd0056,297.8,0.91,QMOF reference
qmof-fdbbab3,325.5,0.41,QMOF reference
qmof-bc95055,247.9,0.95,QMOF reference
qmof-0b0dbff,351.9,0.36,QMOF reference
qmof-60119ba,316.3,0.61,QMOF reference
qmof-9a3d004,337.1,0.19,QMOF reference
qmof-1547839,375.2,0.64,QMOF reference
qmof-8414733,332.7,0.93,QMOF reference
qmof-8cd108f,312.6,0.91,QMOF reference
qmof-eb6f49c,326.9,0.51,QMOF reference
qmof-804ba67,,FAILED,QMOF reference
qmof-73c8924,230.0,0.45,QMOF reference
qmof-ea7c781,,FAILED,QMOF reference
qmof-e454c8c,379.8,0.34,QMOF reference
qmof-3318002,360.1,0.81,QMOF reference
qmof-cf2b93a,386.8,0.38,QMOF reference
qmof-f030a85,311.5,0.33,QMOF reference
qmof-b7c4e4f,343.6,0.48,QMOF reference
qmof-8d7f856,342.1,0.9,QMOF reference
qmof-4f2c6e1,318.5,0.72,QMOF reference
qmof-c8df599,289.3,0.64,QMOF reference
qmof-0467156,419.7,0.7,QMOF reference
qmof-cd3310b,,FAILED,QMOF reference
qmof-eb99b49,315.5,0.39,QMOF reference
qmof-50252e9,331.4,0.94,QMOF reference
qmof-734131e,323.0,0.8,QMOF reference
qmof-b2fc047,376.0,0.88,QMOF reference
qmof-0a6d01c,446.8,0.78,QMOF reference
qmof-3b5c6a2,444.0,0.86,QMOF reference
qmof-8a007d6,285.4,0.73,QMOF reference
qmof-df94b6b,284.5,0.86,QMOF reference
qmof-23c6559,,FAILED,QMOF reference
qmof-92d67c2,291.4,0.79,QMOF reference
qmof-db61142,210.9,0.76,QMOF reference
qmof-0ee370f,243.9,0.63,QMOF reference
qmof-5e57dd5,297.0,0.35,QMOF reference
qmof-fe2bc2d,370.1,0.44,QMOF reference
qmof-0bc984a,325.9,0.54,QMOF reference
qmof-2636c37,331.0,0.17,QMOF reference
qmof-243bd48,,FAILED,QMOF reference
qmof-6884d48,355.6,0.88,QMOF reference
qmof-86e7693,308.8,0.58,QMOF reference
qmof-c566277,311.3,0.35,QMOF reference
qmof-a2d95c3,412.4,0.92,QMOF reference
qmof-9f5070f,345.4,0.66,QMOF reference
qmof-d992032,396.1,0.41,QMOF reference
qmof-7ff20e1,363.7,0.83,QMOF reference
qmof-4280630,,FAILED,QMOF reference
qmof-7a1356c,403.1,0.53,QMOF reference
qmof-f17dd8e,264.3,0.67,QMOF reference
qmof-5c8c5aa,344.5,0.84,QMOF reference
qmof-7fccc1f,416.1,0.95,QMOF reference
qmof-4a2dcce,293.4,0.81,QMOF reference
qmof-84941c7,380.6,0.54,QMOF reference
qmof-2bbcfe2,384.8,0.58,QMOF reference
qmof-92f0814,259.5,0.91,QMOF reference
qmof-bf8310b,260.1,0.81,QMOF reference
qmof-4d08885,350.6,0.95,QMOF reference
qmof-854b146,,FAILED,QMOF reference
qmof-caa8e2a,148.4,0.84,QMOF reference
qmof-bd95f3f,271.1,0.47,QMOF reference
qmof-7f5ffb4,438.2,0.31,QMOF reference
qmof-14210e6,325.3,0.55,QMOF reference
qmof-dbca09a,252.6,0.21,QMOF reference
qmof-5b89e7e,341.1,0.86,QMOF reference
qmof-0e5d254,342.9,0.63,QMOF reference
qmof-b980c37,354.1,0.23,QMOF reference
qmof-86f93b5,235.0,0.89,QMOF reference
qmof-9f865ef,,FAILED,QMOF reference
qmof-ab89669,344.4,0.49,QMOF reference
qmof-e95be2c,366.3,0.93,QMOF reference
qmof-a69430d,,FAILED,QMOF reference
qmof-f8e2658,471.7,0.77,QMOF reference
qmof-a911b2f,340.5,0.68,QMOF reference
qmof-ad11f37,300.0,0.7,QMOF reference
qmof-a7c79f1,325.0,0.72,QMOF reference
qmof-fd09389,335.2,0.66,QMOF reference
qmof-3636e77,319.3,0.91,QMOF reference
qmof-7d8aedf,346.4,0.37,QMOF reference
qmof-93cbc2c,330.9,0.39,QMOF reference
qmof-953d07d,248.3,0.07,QMOF reference
qmof-54b13b3,314.8,0.47,QMOF reference
qmof-e4df938,,FAILED,QMOF reference
qmof-edd7431,348.2,0.31,QMOF reference
qmof-9f2eb68,,FAILED,QMOF reference
qmof-f609513,283.8,0.86,QMOF reference
qmof-44dd757,330.2,0.97,QMOF reference
qmof-0d73cc2,417.1,0.91,QMOF reference
qmof-35b6774,264.9,0.24,QMOF reference
qmof-bcc47f4,328.5,0.95,QMOF reference
qmof-4dc2cd0,425.7,0.78,QMOF reference
qmof-9cb7ecc,301.5,0.22,QMOF reference
qmof-f9807e1,343.7,0.72,QMOF reference
qmof-c701205,290.0,0.75,QMOF reference
qmof-56adeb8,438.6,0.36,QMOF reference
qmof-81a163c,239.3,0.44,QMOF reference
qmof-ad8b425,296.5,0.4,QMOF reference
qmof-62d743e,301.0,0.53,QMOF reference
qmof-858bc51,344.9,0.67,QMOF reference
qmof-4aab35a,298.0,0.91,QMOF reference
qmof-de01c79,349.6,0.88,QMOF reference
qmof-c3b0116,244.2,0.69,QMOF reference
qmof-4279f07,,FAILED,QMOF reference
qmof-c716cfc,369.3,0.1,QMOF reference
qmof-5885ba6,,FAILED,QMOF reference
qmof-58a8aed,367.0,0.89,QMOF reference
qmof-01ae350,237.4,0.44,QMOF reference
qmof-1a060e4,,FAILED,QMOF reference
qmof-ad346fd,261.3,0.6,QMOF reference
qmof-bf585e3,361.4,0.91,QMOF reference
qmof-29c0bd6,299.5,0.42,QMOF reference
qmof-ab4113e,,FAILED,QMOF reference
qmof-725b2c3,,FAILED,QMOF reference
qmof-3ee197c,359.6,0.68,QMOF reference
qmof-026f191,310.1,0.89,QMOF reference
qmof-1e3de68,339.3,0.95,QMOF reference
qmof-054541d,350.6,0.19,QMOF reference
qmof-b8b4172,268.5,0.72,QMOF reference
qmof-aa5700f,400.0,0.48,QMOF reference
qmof-fb3f045,364.0,0.69,QMOF reference
qmof-6250e1f,351.2,0.83,QMOF reference
qmof-61e9a8c,340.3,0.78,QMOF reference
qmof-1405b67,333.9,0.84,QMOF reference
qmof-df880b8,311.6,0.67,QMOF reference
qmof-6f5ab21,289.4,0.79,QMOF reference
qmof-573e45d,386.6,0.82,QMOF reference
qmof-ad7adbe,,FAILED,QMOF reference
qmof-ebfa7c9,346.7,0.94,QMOF reference
qmof-09ce13e,,FAILED,QMOF reference
qmof-9a67fd7,,FAILED,QMOF reference
qmof-e5d2d48,347.2,0.8,QMOF reference
qmof-ad0c625,322.9,0.47,QMOF reference
qmof-3787d32,,FAILED,QMOF reference
qmof-36a096b,291.5,0.38,QMOF reference
qmof-5a2471d,387.9,0.93,QMOF reference
qmof-51faf5d,,FAILED,QMOF reference
qmof-bcad1ac,,FAILED,QMOF reference
qmof-d752b66,362.1,0.83,QMOF reference
qmof-e460522,,FAILED,QMOF reference
qmof-92fd333,378.4,0.9,QMOF reference
qmof-9f20c48,293.1,0.9,QMOF reference
qmof-e19beef,357.1,0.94,QMOF reference
qmof-e54c960,306.0,0.95,QMOF reference
qmof-8ef3f6d,475.6,0.88,QMOF reference
qmof-ec9d083,260.6,0.73,QMOF reference
qmof-0a24818,268.3,0.09,QMOF reference
qmof-46c80ba,376.2,0.32,QMOF reference
qmof-c97a367,391.1,0.57,QMOF reference
qmof-105eb30,,FAILED,QMOF reference
qmof-94c1285,,FAILED,QMOF reference
qmof-b57b2b7,381.2,0.33,QMOF reference
qmof-65cfa24,300.3,0.56,QMOF reference
qmof-735264a,354.2,0.24,QMOF reference
qmof-b3b9d5b,384.7,0.72,QMOF reference
qmof-2b96e8a,349.0,0.24,QMOF reference
qmof-eab8e84,347.3,0.66,QMOF reference
qmof-284c5cf,,FAILED,QMOF reference
qmof-e6a1be3,325.7,0.38,QMOF reference
qmof-a8b48f9,294.7,0.32,QMOF reference
qmof-f6b0a89,339.7,0.74,QMOF reference
qmof-1a2e603,317.5,0.68,QMOF reference
qmof-2f11ba8,282.3,0.93,QMOF reference
qmof-0147aef,334.9,0.82,QMOF reference
qmof-e312e94,345.0,0.13,QMOF reference
qmof-ca5a1e7,291.3,0.11,QMOF reference
qmof-54114ac,265.1,0.5,QMOF reference
qmof-484e169,431.7,0.93,QMOF reference
qmof-e5b5d92,353.2,0.68,QMOF reference
qmof-dda9113,713.0,0.0,QMOF reference
qmof-f3faf90,374.1,0.77,QMOF reference
qmof-b32d46b,214.0,0.26,QMOF reference
qmof-57f07d6,,FAILED,QMOF reference
qmof-22084e3,353.8,0.57,QMOF reference
qmof-76127a9,464.6,0.09,QMOF reference
qmof-708b1a8,305.4,0.26,QMOF reference
qmof-633e487,402.9,0.51,QMOF reference
qmof-f4e255d,,FAILED,QMOF reference
qmof-683accb,373.3,0.95,QMOF reference
qmof-81022c0,405.7,0.94,QMOF reference
qmof-357d3b0,312.7,0.21,QMOF reference
qmof-fec6974,333.5,0.11,QMOF reference
qmof-6c4f676,332.8,0.5,QMOF reference
qmof-831256a,298.9,0.61,QMOF reference
qmof-1071e49,291.2,0.13,QMOF reference
qmof-bc391bc,403.1,0.59,QMOF reference
qmof-870af3e,280.1,0.47,QMOF reference
qmof-5e0e2eb,332.5,0.2,QMOF reference
qmof-12c6f7b,,FAILED,QMOF reference
qmof-b1a98b4,337.8,0.46,QMOF reference
qmof-bd6dc8e,335.7,0.94,QMOF reference
qmof-1f74dfd,324.3,0.89,QMOF reference
qmof-45499da,329.1,0.24,QMOF reference
qmof-cf8f441,252.6,0.13,QMOF reference
qmof-4de2601,,FAILED,QMOF reference
qmof-c2974b7,376.3,0.06,QMOF reference
qmof-dbfc0f0,367.9,0.89,QMOF reference
qmof-45a5d71,,FAILED,QMOF reference
qmof-ed04002,309.4,0.36,QMOF reference
qmof-935da74,288.0,0.64,QMOF reference
qmof-55ae928,213.1,0.75,QMOF reference
qmof-a7d7957,308.6,0.7,QMOF reference
qmof-630e8b0,238.1,0.91,QMOF reference
qmof-d6e31ae,336.8,0.62,QMOF reference
qmof-17462aa,342.9,0.83,QMOF reference
qmof-78a302a,,FAILED,QMOF reference
qmof-919c532,319.7,0.91,QMOF reference
qmof-5ba77d8,,FAILED,QMOF reference
qmof-541c7e3,397.2,0.89,QMOF reference
qmof-69eec2b,257.7,0.84,QMOF reference
qmof-63717fa,377.3,0.27,QMOF reference
qmof-080c4dc,404.6,0.36,QMOF reference
qmof-cf9e297,283.0,0.88,QMOF reference
qmof-a7a93aa,174.3,0.08,QMOF reference
qmof-457d039,354.9,0.56,QMOF reference
qmof-d4f1c96,334.4,0.82,QMOF reference
qmof-68178b9,398.8,0.51,QMOF reference
qmof-48a9b54,308.0,0.22,QMOF reference
qmof-62af439,341.5,0.67,QMOF reference
qmof-7d03b0b,404.3,0.59,QMOF reference
qmof-3f53bbd,261.4,0.31,QMOF reference
qmof-9b3fce6,276.8,0.91,QMOF reference
qmof-9c7eeb1,,FAILED,QMOF reference
qmof-67389c3,272.9,0.76,QMOF reference
qmof-be52285,301.8,0.58,QMOF reference
qmof-f27e4c8,325.1,0.56,QMOF reference
qmof-a1cd150,393.2,0.83,QMOF reference
qmof-5313422,354.2,0.79,QMOF reference
qmof-0c6dba4,354.6,0.95,QMOF reference
qmof-5024817,,FAILED,QMOF reference
qmof-8d81886,277.9,0.94,QMOF reference
qmof-47ef021,,FAILED,QMOF reference
qmof-68e1336,391.0,0.95,QMOF reference
qmof-948ab1b,274.7,0.96,QMOF reference
qmof-3e56926,327.8,0.42,QMOF reference
qmof-a3dbed5,342.8,0.47,QMOF reference
qmof-e48a7ff,268.3,0.82,QMOF reference
qmof-113f870,413.5,0.16,QMOF reference
qmof-2449d69,244.0,0.84,QMOF reference
qmof-b7ca6ca,368.1,0.38,QMOF reference
qmof-4857358,357.5,0.83,QMOF reference
qmof-08ad004,318.9,0.85,QMOF reference
qmof-79f0fab,424.7,0.9,QMOF reference
qmof-922a70e,,FAILED,QMOF reference
qmof-10d5eb8,232.5,0.39,QMOF reference
qmof-3fb0086,281.7,0.96,QMOF reference
qmof-2138589,293.5,0.85,QMOF reference
qmof-1646be5,385.9,0.81,QMOF reference
qmof-6518f6f,388.2,0.92,QMOF reference
qmof-27f7861,288.8,0.37,QMOF reference
qmof-72620ad,,FAILED,QMOF reference
qmof-8336dc4,418.2,0.69,QMOF reference
qmof-15a075e,298.7,0.88,QMOF reference
qmof-e27ef5d,300.0,0.85,QMOF reference
qmof-86d8f05,271.9,0.54,QMOF reference
qmof-8728af8,,FAILED,QMOF reference
qmof-38dfb7a,326.7,0.45,QMOF reference
qmof-24d6f98,387.7,0.92,QMOF reference
qmof-7b5d65b,386.6,0.46,QMOF reference
qmof-cfb5a35,,FAILED,QMOF reference
qmof-a770d67,342.9,0.16,QMOF reference
qmof-cc8d7ae,,FAILED,QMOF reference
qmof-da8af82,284.7,0.79,QMOF reference
qmof-57495f6,385.5,0.4,QMOF reference
qmof-533212c,304.3,0.78,QMOF reference
qmof-aa3e438,356.1,0.14,QMOF reference
qmof-e268c52,385.2,0.48,QMOF reference
qmof-bc0218e,336.3,0.74,QMOF reference
qmof-45d40cb,266.3,0.86,QMOF reference
qmof-8de0c10,374.4,0.57,QMOF reference
qmof-9e7a580,,FAILED,QMOF reference
qmof-d2f8c7e,328.6,0.95,QMOF reference
qmof-82aeeb7,363.6,0.28,QMOF reference
qmof-bf12e76,244.1,0.53,QMOF reference
qmof-7368acd,304.0,0.59,QMOF reference
qmof-d314647,293.4,0.14,QMOF reference
qmof-1ca400c,,FAILED,QMOF reference
qmof-2d80bfd,381.6,0.82,QMOF reference
qmof-fbe2618,397.5,0.08,QMOF reference
qmof-578f815,,FAILED,QMOF reference
qmof-dde499b,351.1,0.21,QMOF reference
qmof-1a20b4f,366.8,0.93,QMOF reference
qmof-308fadd,318.5,0.25,QMOF reference
qmof-cee6232,342.9,0.51,QMOF reference
qmof-0bbd918,234.1,0.21,QMOF reference
qmof-bd5e7e0,,FAILED,QMOF reference
qmof-74c207b,242.0,0.54,QMOF reference
qmof-01fd9b9,,FAILED,QMOF reference
qmof-365e8e1,,FAILED,QMOF reference
qmof-ddcb09f,200.3,0.47,QMOF reference
qmof-bd8bc35,272.3,0.16,QMOF reference
qmof-7e0c32f,373.7,0.5,QMOF reference
qmof-185aa17,297.1,0.19,QMOF reference
qmof-e77426e,319.4,0.29,QMOF reference
qmof-39e6de1,306.6,0.32,QMOF reference
qmof-905c032,378.0,0.5,QMOF reference
qmof-e010c6c,339.7,0.81,QMOF reference
qmof-afddd6f,340.3,0.16,QMOF reference
qmof-9e9806d,283.7,0.77,QMOF reference
qmof-02e0fb2,286.3,0.94,QMOF reference
qmof-dd618ab,408.4,0.12,QMOF reference
qmof-904b4fd,354.9,0.75,QMOF reference
qmof-330637a,317.4,0.95,QMOF reference
qmof-d54006f,303.5,0.5,QMOF reference
qmof-f59c9c1,276.5,0.7,QMOF reference
qmof-6203b43,317.5,0.2,QMOF reference
qmof-d3efcef,,FAILED,QMOF reference
qmof-b46d9f5,,FAILED,QMOF reference
qmof-8f360ff,,FAILED,QMOF reference
qmof-78b016a,299.9,0.83,QMOF reference
qmof-6846fdb,295.0,0.34,QMOF reference
qmof-dbb3d5e,260.4,0.87,QMOF reference
qmof-b4eb1a1,302.6,0.87,QMOF reference
qmof-0054a8a,,FAILED,QMOF reference
qmof-57d9046,322.4,0.82,QMOF reference
qmof-1c732af,363.1,0.51,QMOF reference
qmof-819df1b,410.2,0.73,QMOF reference
qmof-1c6182a,,FAILED,QMOF reference
qmof-ef87001,350.4,0.2,QMOF reference
qmof-a33e313,267.0,0.93,QMOF reference
qmof-f0bdd71,305.0,0.63,QMOF reference
qmof-1bef540,,FAILED,QMOF reference
qmof-7749ab4,,FAILED,QMOF reference
qmof-6e76548,,FAILED,QMOF reference
qmof-afd3d78,346.7,0.78,QMOF reference
qmof-eed9b73,192.8,0.26,QMOF reference
qmof-ef0fc9a,325.5,0.66,QMOF reference
qmof-d8b8533,,FAILED,QMOF reference
qmof-30641d6,297.0,0.64,QMOF reference
qmof-e927672,266.3,0.74,QMOF reference
qmof-ae76967,388.9,0.8,QMOF reference
qmof-b1fae08,246.2,0.38,QMOF reference
qmof-a5a3523,213.0,0.75,QMOF reference
qmof-a52b53c,373.5,0.49,QMOF reference
qmof-8555126,335.7,0.96,QMOF reference
qmof-2b45577,,FAILED,QMOF reference
qmof-92a58b4,328.4,0.36,QMOF reference
qmof-dba0d38,405.7,0.7,QMOF reference
qmof-361fd6f,,FAILED,QMOF reference
qmof-263b2dd,346.6,0.77,QMOF reference
qmof-5d05c82,382.2,0.71,QMOF reference
qmof-fb31e12,317.4,0.53,QMOF reference
qmof-938bfee,327.5,0.6,QMOF reference
qmof-49cfe51,390.1,0.48,QMOF reference
qmof-10c5d89,334.0,0.5,QMOF reference
qmof-f05406c,455.5,0.01,QMOF reference
qmof-4024cca,253.8,0.96,QMOF reference
qmof-936651b,,FAILED,QMOF reference
qmof-fd6d700,,FAILED,QMOF reference
qmof-00ff964,409.0,0.7,QMOF reference
qmof-fbc4c36,349.2,0.75,QMOF reference
qmof-ace4b80,312.3,0.88,QMOF reference
qmof-104309e,297.9,0.65,QMOF reference
qmof-152c5b0,313.6,0.84,QMOF reference
qmof-4ad12c3,306.4,0.42,QMOF reference
qmof-f599da8,314.9,0.78,QMOF reference
qmof-c2f9dad,290.6,0.31,QMOF reference
qmof-5680067,,FAILED,QMOF reference
qmof-fd8693d,386.0,0.65,QMOF reference
qmof-b94dde1,87.1,0.67,QMOF reference
qmof-d7f9a50,247.3,0.74,QMOF reference
qmof-b22f748,,FAILED,QMOF reference
qmof-f513610,266.3,0.66,QMOF reference
qmof-e74dbd8,432.2,0.77,QMOF reference
qmof-b65b9bc,,FAILED,QMOF reference
qmof-5e7e509,275.8,0.88,QMOF reference
qmof-fe6d194,336.9,0.31,QMOF reference
qmof-187ab3a,,FAILED,QMOF reference
qmof-f6f314a,319.0,0.77,QMOF reference
qmof-099dbbd,191.2,0.42,QMOF reference
qmof-e613dd1,283.8,0.9,QMOF reference
qmof-de03148,363.1,0.61,QMOF reference
qmof-b8f9178,339.9,0.66,QMOF reference
qmof-bc99d40,310.5,0.37,QMOF reference
qmof-cc6fd4d,344.6,0.49,QMOF reference
qmof-6fc5c1b,256.6,0.33,QMOF reference
qmof-d12d16b,304.8,0.32,QMOF reference
qmof-0600de4,270.0,0.74,QMOF reference
qmof-7caab1d,320.9,0.63,QMOF reference
qmof-0c1d1fc,381.4,0.14,QMOF reference
qmof-886aa55,453.0,0.31,QMOF reference
qmof-ee8c30a,385.2,0.93,QMOF reference
qmof-920e89b,200.9,0.94,QMOF reference
qmof-607a484,297.8,0.91,QMOF reference
qmof-66d7aed,349.1,0.87,QMOF reference
qmof-b127925,420.9,0.94,QMOF reference
qmof-75c7638,342.9,0.84,QMOF reference
qmof-ba9234b,372.1,0.88,QMOF reference
qmof-111a832,324.1,0.81,QMOF reference
qmof-c326e40,,FAILED,QMOF reference
qmof-9060c8b,397.4,0.93,QMOF reference
qmof-0cc0d1a,464.0,0.11,QMOF reference
qmof-9fc2ee4,,FAILED,QMOF reference
qmof-e49ee2a,,FAILED,QMOF reference
qmof-bdfc499,,FAILED,QMOF reference
qmof-1c3833a,257.8,0.89,QMOF reference
qmof-95529aa,276.2,0.67,QMOF reference
qmof-a5bc4fb,,FAILED,QMOF reference
qmof-b7e5ebc,326.2,0.51,QMOF reference
qmof-8f39415,273.1,0.42,QMOF reference
qmof-ff17c8e,,FAILED,QMOF reference
qmof-34f7631,,FAILED,QMOF reference
qmof-e1625e5,364.7,0.51,QMOF reference
qmof-21760ea,374.3,0.81,QMOF reference
qmof-ae38f9c,423.2,0.69,QMOF reference
qmof-170efc8,371.7,0.92,QMOF reference
qmof-9a7a515,310.3,0.68,QMOF reference
qmof-5fcd937,397.0,0.07,QMOF reference
qmof-3356268,313.2,0.89,QMOF reference
qmof-2b27977,281.0,0.14,QMOF reference
qmof-287b33e,298.3,0.59,QMOF reference
qmof-baa76cb,257.1,0.76,QMOF reference
qmof-90cd704,362.7,0.81,QMOF reference
qmof-6aa6e0d,315.6,0.14,QMOF reference
qmof-d9391ee,248.0,0.48,QMOF reference
qmof-a3a73b2,293.6,0.36,QMOF reference
qmof-3948834,376.4,0.87,QMOF reference
qmof-5c23399,283.5,0.77,QMOF reference
qmof-e49dfd4,288.6,0.82,QMOF reference
qmof-2902fa0,349.1,0.85,QMOF reference
qmof-53516e2,,FAILED,QMOF reference
qmof-c97f3de,359.3,0.26,QMOF reference
qmof-46fd92a,,FAILED,QMOF reference
qmof-aa83aa8,284.1,0.2,QMOF reference
qmof-f28dffd,384.8,0.85,QMOF reference
qmof-e0e4dbd,280.0,0.58,QMOF reference
qmof-845a215,,FAILED,QMOF reference
qmof-2fa122f,389.5,0.27,QMOF reference
qmof-36e99dc,467.0,0.15,QMOF reference
qmof-3a36b27,252.9,0.54,QMOF reference
qmof-221bac5,369.9,0.69,QMOF reference
qmof-601b6ce,330.6,0.65,QMOF reference
qmof-319da91,355.7,0.85,QMOF reference
qmof-15ff994,370.3,0.43,QMOF reference
qmof-b30a68e,355.5,0.64,QMOF reference
qmof-5817741,363.3,0.83,QMOF reference
qmof-d2b7ca9,,FAILED,QMOF reference
qmof-5b72dfa,355.0,0.29,QMOF reference
qmof-2d22a35,300.1,0.49,QMOF reference
qmof-ba67bb7,253.2,0.7,QMOF reference
qmof-4ac688c,357.3,0.92,QMOF reference
qmof-30b0765,,FAILED,QMOF reference
qmof-f0542d4,387.8,0.68,QMOF reference
qmof-943fcb0,,FAILED,QMOF reference
qmof-669b945,,FAILED,QMOF reference
qmof-a745d46,,FAILED,QMOF reference
qmof-1ba69f6,373.7,0.5,QMOF reference
qmof-b711bf6,309.2,0.4,QMOF reference
qmof-f78bdeb,195.5,0.68,QMOF reference
qmof-4597bbd,262.5,0.77,QMOF reference
qmof-311d7de,359.8,0.56,QMOF reference
qmof-f810659,347.3,0.78,QMOF reference
qmof-f8ea459,,FAILED,QMOF reference
qmof-3bc8c5b,304.0,0.67,QMOF reference
qmof-e631bf0,312.1,0.9,QMOF reference
qmof-7d0eb4e,,FAILED,QMOF reference
qmof-9286298,564.9,0.93,QMOF reference
qmof-2341845,,FAILED,QMOF reference
qmof-2f09f08,265.9,0.78,QMOF reference
qmof-06f3c88,483.3,0.9,QMOF reference
qmof-c580ed9,309.4,0.71,QMOF reference
qmof-1ad458e,,FAILED,QMOF reference
qmof-f1af4d5,,FAILED,QMOF reference
qmof-7bc1e4e,323.6,0.07,QMOF reference
qmof-65586ab,276.7,0.47,QMOF reference
qmof-d9f0c2b,260.0,0.91,QMOF reference
qmof-1a8e535,418.4,0.54,QMOF reference
qmof-ffcaabe,,FAILED,QMOF reference
qmof-7993762,265.6,0.88,QMOF reference
qmof-8ac5157,298.0,0.23,QMOF reference
qmof-7338e21,401.6,0.93,QMOF reference
qmof-3895a30,279.1,0.26,QMOF reference
qmof-bf5c084,331.2,0.27,QMOF reference
qmof-614141f,354.8,0.61,QMOF reference
qmof-99be33b,,FAILED,QMOF reference
qmof-0db1e73,,FAILED,QMOF reference
qmof-97bca44,406.6,0.48,QMOF reference
qmof-225aa0b,417.4,0.84,QMOF reference
qmof-ace921d,346.7,0.26,QMOF reference
qmof-8d0f063,398.5,0.1,QMOF reference
qmof-67a59c5,312.8,0.84,QMOF reference
qmof-d5ed185,237.8,0.83,QMOF reference
qmof-1c2aa47,358.6,0.74,QMOF reference
qmof-2d84c77,367.6,0.84,QMOF reference
qmof-2cfc395,351.9,0.92,QMOF reference
qmof-a008d61,,FAILED,QMOF reference
qmof-ee1a4a9,209.2,0.83,QMOF reference
qmof-3f17550,,FAILED,QMOF reference
qmof-bdc345a,294.6,0.37,QMOF reference
qmof-cd363bf,359.4,0.62,QMOF reference
qmof-51d65d4,362.4,0.87,QMOF reference
qmof-0e86d2f,247.1,0.17,QMOF reference
qmof-2c16169,360.8,0.83,QMOF reference
qmof-c63dd25,266.9,0.84,QMOF reference
qmof-73b0d64,,FAILED,QMOF reference
qmof-6e5f0d6,339.3,0.5,QMOF reference
qmof-358ca87,265.8,0.31,QMOF reference
qmof-fec286c,316.2,0.8,QMOF reference
qmof-4d60806,,FAILED,QMOF reference
qmof-d17ad2a,318.7,0.28,QMOF reference
qmof-0db5672,391.9,0.78,QMOF reference
qmof-512d582,336.1,0.95,QMOF reference
qmof-755604a,,FAILED,QMOF reference
qmof-10947da,356.8,0.85,QMOF reference
qmof-33cc193,370.3,0.82,QMOF reference
qmof-6809250,,FAILED,QMOF reference
qmof-f9380a0,,FAILED,QMOF reference
qmof-63d4309,311.7,0.09,QMOF reference
qmof-48d242f,215.0,0.71,QMOF reference
qmof-be7c662,258.1,0.12,QMOF reference
qmof-caf7459,330.3,0.92,QMOF reference
qmof-3ba6efd,290.7,0.37,QMOF reference
qmof-55dca9b,337.5,0.85,QMOF reference
qmof-7c380dd,378.1,0.43,QMOF reference
qmof-11ee556,323.7,0.88,QMOF reference
qmof-7fad017,473.2,0.2,QMOF reference
qmof-1b23c32,283.4,0.23,QMOF reference
qmof-9a204c1,319.4,0.58,QMOF reference
qmof-62bce71,,FAILED,QMOF reference
qmof-96b13a0,323.9,0.93,QMOF reference
qmof-7e65115,189.7,0.99,QMOF reference
qmof-523147b,330.3,0.8,QMOF reference
qmof-f8e9ee1,337.4,0.92,QMOF reference
qmof-7d2acb9,339.3,0.96,QMOF reference
qmof-fbbaa9a,256.4,0.15,QMOF reference
qmof-d441feb,351.4,0.76,QMOF reference
qmof-20e8389,,FAILED,QMOF reference
qmof-268b6d8,188.7,0.92,QMOF reference
qmof-50169e9,,FAILED,QMOF reference
qmof-40ff1c5,349.7,0.85,QMOF reference
qmof-53dd35e,328.8,0.56,QMOF reference
qmof-76e034b,342.6,0.94,QMOF reference
qmof-81072bf,454.4,0.95,QMOF reference
qmof-bdfa60b,353.2,0.2,QMOF reference
qmof-22b8050,320.1,0.96,QMOF reference
qmof-304d957,363.5,0.39,QMOF reference
qmof-28ff07b,288.3,0.72,QMOF reference
qmof-3328a0c,,FAILED,QMOF reference
qmof-dc4925e,351.8,0.67,QMOF reference
qmof-a99c70a,404.6,0.81,QMOF reference
qmof-cc2f06a,,FAILED,QMOF reference
qmof-5d8aca4,301.7,0.79,QMOF reference
qmof-96c10f1,278.6,0.87,QMOF reference
qmof-3dbfef1,279.9,0.75,QMOF reference
qmof-866f41f,,FAILED,QMOF reference
qmof-e5ab8d0,280.4,0.91,QMOF reference
qmof-727c7c1,350.5,0.57,QMOF reference
qmof-5e0cc90,344.5,0.42,QMOF reference
qmof-646df48,387.9,0.73,QMOF reference
qmof-1c7dc6d,,FAILED,QMOF reference
qmof-ae43cc7,222.1,0.86,QMOF reference
qmof-c05a1d4,,FAILED,QMOF reference
qmof-6f21a6f,279.6,0.59,QMOF reference
qmof-8fd4a33,393.5,0.07,QMOF reference
qmof-1bbf0a2,,FAILED,QMOF reference
qmof-73b7fe4,,FAILED,QMOF reference
qmof-1742993,397.0,0.64,QMOF reference
qmof-7f07a21,338.1,0.25,QMOF reference
qmof-9fa0563,272.6,0.61,QMOF reference
qmof-8e9e492,285.4,0.8,QMOF reference
qmof-27b7e03,471.6,0.66,QMOF reference
qmof-2659ae5,,FAILED,QMOF reference
qmof-69552f5,324.2,0.95,QMOF reference
qmof-05e4efb,358.8,0.94,QMOF reference
qmof-f9cc0e4,309.0,0.5,QMOF reference
qmof-af8d1a9,379.8,0.73,QMOF reference
qmof-ecf7500,,FAILED,QMOF reference
qmof-f839aa6,,FAILED,QMOF reference
qmof-4c0d455,404.8,0.79,QMOF reference
qmof-c259721,299.7,0.94,QMOF reference
qmof-f0e967a,228.5,0.88,QMOF reference
qmof-f957853,389.7,0.55,QMOF reference
qmof-bb65d94,317.2,0.87,QMOF reference
qmof-119dee0,329.6,0.37,QMOF reference
qmof-66e180a,383.8,0.83,QMOF reference
qmof-dc165ea,388.0,0.94,QMOF reference
qmof-98c31c9,352.4,0.31,QMOF reference
qmof-1110e32,240.7,0.88,QMOF reference
qmof-1f5009f,307.7,0.86,QMOF reference
qmof-05c2fce,356.3,0.8,QMOF reference
qmof-8a56cb4,,FAILED,QMOF reference
qmof-c3c6d8e,356.8,0.61,QMOF reference
qmof-ebe89ba,258.6,0.07,QMOF reference
qmof-9576ffc,378.8,0.67,QMOF reference
qmof-8097d72,,FAILED,QMOF reference
qmof-a32a727,362.8,0.76,QMOF reference
qmof-c82cbb7,,FAILED,QMOF reference
qmof-77d7928,468.3,0.69,QMOF reference
qmof-7b18880,353.2,0.86,QMOF reference
qmof-be60601,349.3,0.87,QMOF reference
qmof-fdd7150,368.4,0.89,QMOF reference
qmof-1f2de8f,394.7,0.42,QMOF reference
qmof-2d7eb5a,450.8,0.98,QMOF reference
qmof-96d4798,289.9,0.48,QMOF reference
qmof-16a389f,317.1,0.57,QMOF reference
qmof-f9d3d84,227.3,0.68,QMOF reference
qmof-05a56bc,357.0,0.09,QMOF reference
qmof-aaacd70,272.9,0.25,QMOF reference
qmof-3ab012a,307.4,0.83,QMOF reference
qmof-882de91,,FAILED,QMOF reference
qmof-6a5d3af,296.0,0.43,QMOF reference
qmof-179b653,329.5,0.67,QMOF reference
qmof-6c87d0c,331.0,0.93,QMOF reference
qmof-ade9957,319.2,0.28,QMOF reference
qmof-1ad21a1,342.8,0.79,QMOF reference
qmof-ff241bd,252.7,0.54,QMOF reference
qmof-d461695,304.9,0.59,QMOF reference
qmof-ef48139,327.0,0.89,QMOF reference
qmof-d178e9b,304.8,0.65,QMOF reference
qmof-c109a09,361.6,0.82,QMOF reference
qmof-949579f,307.2,0.83,QMOF reference
qmof-0d69406,277.8,0.71,QMOF reference
qmof-50d8de5,260.1,0.87,QMOF reference
qmof-d4d3d1f,360.5,0.55,QMOF reference
qmof-d21be4e,269.2,0.14,QMOF reference
qmof-0138985,409.6,0.3,QMOF reference
qmof-e0f1076,319.0,0.13,QMOF reference
qmof-d417dab,422.6,0.11,QMOF reference
qmof-4a07d68,363.2,0.23,QMOF reference
qmof-4973626,283.8,0.22,QMOF reference
qmof-eb646da,330.2,0.9,QMOF reference
qmof-ecd9526,,FAILED,QMOF reference
qmof-15b209e,447.1,0.38,QMOF reference
qmof-107ed0f,307.9,0.95,QMOF reference
qmof-a00d7e9,198.1,0.63,QMOF reference
qmof-9350ae6,308.4,0.83,QMOF reference
qmof-6d7fe34,301.4,0.92,QMOF reference
qmof-91b0817,407.1,0.93,QMOF reference
qmof-296e43b,366.6,0.73,QMOF reference
qmof-8e2852e,,FAILED,QMOF reference
qmof-0d8afa2,295.6,0.86,QMOF reference
qmof-4af6c02,318.1,0.29,QMOF reference
qmof-acb9b4e,312.4,0.68,QMOF reference
qmof-7615abf,373.6,0.63,QMOF reference
qmof-5c0f1a7,,FAILED,QMOF reference
qmof-9269a92,379.1,0.88,QMOF reference
qmof-cfee2db,345.1,0.71,QMOF reference
qmof-d57ce36,235.4,0.42,QMOF reference
qmof-e651072,353.9,0.79,QMOF reference
qmof-6bed31f,335.5,0.43,QMOF reference
qmof-2967134,,FAILED,QMOF reference
qmof-f8f63d1,389.9,0.19,QMOF reference
qmof-2a1c512,362.1,0.45,QMOF reference
qmof-82a2fe0,,FAILED,QMOF reference
qmof-7aae4df,246.6,0.92,QMOF reference
qmof-4b072ee,,FAILED,QMOF reference
qmof-4745e52,346.9,0.7,QMOF reference
qmof-8138810,232.9,0.67,QMOF reference
qmof-1068e1a,358.2,0.91,QMOF reference
qmof-6210d13,292.3,0.59,QMOF reference
qmof-4483808,306.8,0.31,QMOF reference
qmof-ecac71f,,FAILED,QMOF reference
qmof-99749e3,427.3,0.71,QMOF reference
qmof-fad40f9,359.1,0.85,QMOF reference
qmof-3843ed6,371.0,0.88,QMOF reference
qmof-993a419,284.8,0.65,QMOF reference
qmof-5ef8b71,,FAILED,QMOF reference
qmof-7a4601d,297.4,0.85,QMOF reference
qmof-3bd7f7d,362.5,0.24,QMOF reference
qmof-68a8246,295.5,0.36,QMOF reference
qmof-480bd21,,FAILED,QMOF reference
qmof-e2bc1bc,390.4,0.09,QMOF reference
qmof-d73dedf,328.6,0.82,QMOF reference
qmof-9a5cf00,335.8,0.81,QMOF reference
qmof-6b9c221,511.0,0.88,QMOF reference
qmof-49c86f7,293.5,0.78,QMOF reference
qmof-4e93a90,425.8,0.86,QMOF reference
qmof-d09b8b3,336.5,0.83,QMOF reference
qmof-f967a86,,FAILED,QMOF reference
qmof-2a3e035,,FAILED,QMOF reference
qmof-a1dfcbf,349.2,0.93,QMOF reference
qmof-7d23e4a,345.8,0.38,QMOF reference
qmof-f06a869,,FAILED,QMOF reference
qmof-9dd4510,311.3,0.85,QMOF reference
qmof-b2c9241,312.6,0.82,QMOF reference
qmof-70ccc93,309.8,0.88,QMOF reference
qmof-69e96ed,334.2,0.17,QMOF reference
qmof-36d05de,335.8,0.14,QMOF reference
qmof-4569029,,FAILED,QMOF reference
qmof-ee3dca8,340.2,0.22,QMOF reference
qmof-516e1ae,343.8,0.15,QMOF reference
qmof-419320c,,FAILED,QMOF reference
qmof-1b4a4af,323.1,0.48,QMOF reference
qmof-b024a31,245.7,0.06,QMOF reference
qmof-28f26b6,218.7,0.14,QMOF reference
qmof-3091256,318.6,0.27,QMOF reference
qmof-3e982c9,315.9,0.86,QMOF reference
qmof-96a5399,353.9,0.94,QMOF reference
qmof-da144a7,394.0,0.94,QMOF reference
qmof-0ebbd43,350.9,0.67,QMOF reference
qmof-8192480,,FAILED,QMOF reference
qmof-74b7695,352.3,0.66,QMOF reference
qmof-013e062,302.7,0.75,QMOF reference
qmof-e6d34bf,267.9,0.87,QMOF reference
qmof-3a04018,314.7,0.79,QMOF reference
qmof-edf0a1b,442.3,0.88,QMOF reference
qmof-23096ab,310.6,0.8,QMOF reference
qmof-1debcad,364.7,0.94,QMOF reference
qmof-d4b0dbe,420.2,0.8,QMOF reference
qmof-1c923ff,,FAILED,QMOF reference
qmof-d556b68,247.9,0.76,QMOF reference
qmof-4a20393,414.7,0.32,QMOF reference
qmof-75c9ad5,,FAILED,QMOF reference
qmof-04b3122,385.3,0.76,QMOF reference
qmof-5c4a211,294.8,0.35,QMOF reference
qmof-d6e0710,365.3,0.79,QMOF reference
qmof-a0090fa,267.3,0.9,QMOF reference
qmof-28454c2,,FAILED,QMOF reference
qmof-9932be2,281.3,0.84,QMOF reference
qmof-d1be428,302.5,0.13,QMOF reference
qmof-25d399e,407.6,0.94,QMOF reference
qmof-3d10c56,,FAILED,QMOF reference
qmof-75ec3f5,281.4,0.88,QMOF reference
qmof-e5f2ec1,369.8,0.79,QMOF reference
qmof-c2e7f00,351.4,0.73,QMOF reference
qmof-26d536e,381.8,0.73,QMOF reference
qmof-cd01b25,299.3,0.75,QMOF reference
qmof-e6c9e36,344.3,0.58,QMOF reference
qmof-054db11,288.3,0.58,QMOF reference
qmof-c8c5913,423.7,0.91,QMOF reference
qmof-3a7c51f,290.5,0.37,QMOF reference
qmof-14ea159,347.6,0.94,QMOF reference
qmof-bc26dea,496.5,0.21,QMOF reference
qmof-5f0bbf2,280.0,0.87,QMOF reference
qmof-76db34b,272.5,0.55,QMOF reference
qmof-9d2e66b,,FAILED,QMOF reference
qmof-1f5d6ec,361.6,0.83,QMOF reference
qmof-57bbdbb,335.9,0.62,QMOF reference
qmof-4432ff1,363.2,0.67,QMOF reference
qmof-e53aaff,,FAILED,QMOF reference
qmof-95cbc22,279.2,0.76,QMOF reference
qmof-c328407,,FAILED,QMOF reference
qmof-8ce3f11,372.9,0.89,QMOF reference
qmof-fb69c56,398.8,0.91,QMOF reference
qmof-646c173,413.0,0.53,QMOF reference
qmof-9f56ed6,327.5,0.72,QMOF reference
qmof-2f4eb2a,359.7,0.88,QMOF reference
qmof-a3e1ee9,358.0,0.84,QMOF reference
qmof-cedf3f2,350.7,0.76,QMOF reference
qmof-a1f63f6,300.7,0.74,QMOF reference
qmof-66e805a,,FAILED,QMOF reference
qmof-aa8159f,210.9,0.75,QMOF reference
qmof-8b79c84,404.8,0.72,QMOF reference
qmof-235f291,351.6,0.34,QMOF reference
qmof-fe4a7b4,369.7,0.85,QMOF reference
qmof-b1eac6f,427.7,0.8,QMOF reference
qmof-83aa673,425.1,0.15,QMOF reference
qmof-6a180ff,320.3,0.62,QMOF reference
qmof-7fbe17e,276.5,0.16,QMOF reference
qmof-2285864,387.0,0.35,QMOF reference
qmof-11f5df1,292.6,0.51,QMOF reference
qmof-77765c8,270.0,0.58,QMOF reference
qmof-7ffe660,232.9,0.87,QMOF reference
qmof-4040470,,FAILED,QMOF reference
qmof-cb55880,370.2,0.04,QMOF reference
qmof-d867a6e,300.8,0.89,QMOF reference
qmof-3c96780,271.1,0.51,QMOF reference
qmof-b023388,363.6,0.78,QMOF reference
qmof-6656fa3,383.5,0.43,QMOF reference
qmof-1e466b4,302.7,0.49,QMOF reference
qmof-d377610,,FAILED,QMOF reference
qmof-ad473d2,253.1,0.99,QMOF reference
qmof-b0d6ab2,,FAILED,QMOF reference
qmof-d5c8737,310.6,0.71,QMOF reference
qmof-fc713a7,351.4,0.94,QMOF reference
qmof-6f6898f,346.9,0.52,QMOF reference
qmof-22e67b2,235.8,0.16,QMOF reference
qmof-914580c,410.4,0.91,QMOF reference
qmof-8d258c7,347.9,0.37,QMOF reference
qmof-90ba237,,FAILED,QMOF reference
qmof-1031d24,371.7,0.22,QMOF reference
qmof-6968d61,290.8,0.5,QMOF reference
qmof-c4f5d69,274.4,0.94,QMOF reference
qmof-f6a19fa,,FAILED,QMOF reference
qmof-2160282,291.0,0.85,QMOF reference
qmof-dd93e1c,338.0,0.67,QMOF reference
qmof-12532fe,321.8,0.22,QMOF reference
qmof-c72f180,377.2,0.95,QMOF reference
qmof-cc51504,248.2,0.62,QMOF reference
qmof-f848b6b,402.4,0.66,QMOF reference
qmof-f7be768,228.8,0.09,QMOF reference
qmof-fb68689,301.9,0.55,QMOF reference
qmof-013919a,304.4,0.81,QMOF reference
qmof-c0a33f9,,FAILED,QMOF reference
qmof-ea8c58f,365.1,0.24,QMOF reference
qmof-2a9c089,,FAILED,QMOF reference
qmof-891da5e,,FAILED,QMOF reference
qmof-c8b355e,391.4,0.58,QMOF reference
qmof-ca0f1bb,373.3,0.83,QMOF reference
qmof-9a3d32f,301.2,0.92,QMOF reference
qmof-3736d07,424.9,0.75,QMOF reference
qmof-ec3f86f,,FAILED,QMOF reference
qmof-e48f824,373.5,0.86,QMOF reference
qmof-8b93db2,285.5,0.6,QMOF reference
qmof-969433e,352.4,0.64,QMOF reference
qmof-f8e0017,271.7,0.81,QMOF reference
qmof-1b1c158,,FAILED,QMOF reference
qmof-5044200,373.3,0.95,QMOF reference
qmof-a10e584,303.8,0.82,QMOF reference
qmof-506c4a9,,FAILED,QMOF reference
qmof-9b7f599,355.5,0.72,QMOF reference
qmof-482a38c,345.1,0.35,QMOF reference
qmof-642b86d,363.9,0.71,QMOF reference
qmof-3ea6b66,394.7,0.89,QMOF reference
qmof-9c977f5,351.6,0.17,QMOF reference
qmof-1d6569c,320.7,0.29,QMOF reference
qmof-9a5440e,416.8,0.21,QMOF reference
qmof-eaab7b8,281.7,0.64,QMOF reference
qmof-c22ea94,439.8,0.3,QMOF reference
qmof-4fa1780,316.5,0.69,QMOF reference
qmof-31027ae,350.4,0.79,QMOF reference
qmof-c098fd3,,FAILED,QMOF reference
qmof-d5867c2,386.6,0.15,QMOF reference
qmof-0f3bfc7,269.2,0.95,QMOF reference
qmof-6c8936d,357.8,0.41,QMOF reference
qmof-8e3629b,333.6,0.56,QMOF reference
qmof-4d8929f,313.6,0.7,QMOF reference
qmof-a374762,282.1,0.26,QMOF reference
qmof-1bbc4ba,292.7,0.66,QMOF reference
qmof-e7484a9,,FAILED,QMOF reference
qmof-b6b211e,254.4,0.2,QMOF reference
qmof-23e95ee,358.4,0.96,QMOF reference
qmof-c8cc2d5,372.9,0.65,QMOF reference
qmof-3298011,230.9,0.88,QMOF reference
qmof-7953340,347.4,0.75,QMOF reference
qmof-44bb29e,358.1,0.44,QMOF reference
qmof-d3f640f,366.0,0.92,QMOF reference
qmof-115d09d,269.0,0.75,QMOF reference
qmof-350f7da,,FAILED,QMOF reference
qmof-66b8c2b,288.0,0.8,QMOF reference
qmof-b3361a6,364.7,0.54,QMOF reference
qmof-ae3974c,326.4,0.88,QMOF reference
qmof-450a9da,334.9,0.93,QMOF reference
qmof-90cfb6b,,FAILED,QMOF reference
qmof-5bce2a7,320.5,0.82,QMOF reference
qmof-07ff184,383.8,0.35,QMOF reference
qmof-4628b51,400.4,0.59,QMOF reference
qmof-d611084,359.3,0.47,QMOF reference
qmof-0d83a18,354.5,0.81,QMOF reference
qmof-3ecc302,260.2,0.37,QMOF reference
qmof-ca3f908,394.9,0.7,QMOF reference
qmof-e5bc0b8,,FAILED,QMOF reference
qmof-1b54ceb,,FAILED,QMOF reference
qmof-9b3fc80,361.1,0.95,QMOF reference
qmof-b0cfefa,342.8,0.7,QMOF reference
qmof-e012e63,353.4,0.21,QMOF reference
qmof-b660371,429.2,0.79,QMOF reference
qmof-623366c,306.8,0.73,QMOF reference
qmof-88fce3b,403.8,0.95,QMOF reference
qmof-46fc54f,337.7,0.5,QMOF reference
qmof-3854840,377.1,0.38,QMOF reference
qmof-91fe978,268.9,0.24,QMOF reference
qmof-ab8d090,,FAILED,QMOF reference
qmof-e8835b8,,FAILED,QMOF reference
qmof-a5a2ea2,359.8,0.96,QMOF reference
qmof-611c6bf,,FAILED,QMOF reference
qmof-167d2f5,360.6,0.2,QMOF reference
qmof-6ff2850,,FAILED,QMOF reference
qmof-ff3d2c1,255.2,0.49,QMOF reference
qmof-70309b4,308.2,0.79,QMOF reference
qmof-b12f4f9,313.2,0.87,QMOF reference
qmof-3a33f7e,332.0,0.43,QMOF reference
qmof-fe6118d,323.5,0.57,QMOF reference
qmof-9ca5469,304.9,0.32,QMOF reference
qmof-290b93c,295.1,0.11,QMOF reference
qmof-1b95eee,415.1,0.02,QMOF reference
qmof-2a66433,480.4,0.06,QMOF reference
qmof-522809d,332.5,0.88,QMOF reference
qmof-b4156cd,344.6,0.33,QMOF reference
qmof-90ad635,378.6,0.13,QMOF reference
qmof-417c826,396.6,0.47,QMOF reference
qmof-bcc1269,307.2,0.32,QMOF reference
qmof-74b0bf9,304.4,0.8,QMOF reference
qmof-ed41d38,331.9,0.59,QMOF reference
qmof-be35ab2,415.5,0.48,QMOF reference
qmof-41291dd,,FAILED,QMOF reference
qmof-ed6d2e9,,FAILED,QMOF reference
qmof-46659d2,392.0,0.78,QMOF reference
qmof-d73861b,300.5,0.33,QMOF reference
qmof-2e034c5,260.4,0.55,QMOF reference
qmof-871da53,322.5,0.72,QMOF reference
qmof-5e989c6,354.8,0.63,QMOF reference
qmof-89a5c57,385.3,0.94,QMOF reference
qmof-41eae12,420.4,0.81,QMOF reference
qmof-4d203e9,306.2,0.93,QMOF reference
qmof-195c4a9,,FAILED,QMOF reference
qmof-7b2faab,443.5,0.06,QMOF reference
qmof-c7a31b7,368.2,0.43,QMOF reference
qmof-f27819b,378.4,0.62,QMOF reference
qmof-270e6b4,244.4,0.21,QMOF reference
qmof-92074bc,,FAILED,QMOF reference
qmof-af37bf7,347.7,0.83,QMOF reference
qmof-13b25d9,338.9,0.64,QMOF reference
qmof-0e1dfe7,408.1,0.93,QMOF reference
qmof-d0bf550,,FAILED,QMOF reference
qmof-fdeb493,279.2,0.97,QMOF reference
qmof-a4aea7c,236.8,0.21,QMOF reference
qmof-6e5272e,242.6,0.08,QMOF reference
qmof-9fbf872,293.3,0.91,QMOF reference
qmof-a569078,267.7,0.77,QMOF reference
qmof-c741f1b,298.5,0.82,QMOF reference
qmof-39f92ad,341.0,0.86,QMOF reference
qmof-ecbc6ec,380.1,0.46,QMOF reference
qmof-ef79ebc,322.5,0.7,QMOF reference
qmof-65807e0,385.2,0.85,QMOF reference
qmof-f655648,359.3,0.52,QMOF reference
qmof-1db968d,374.5,0.13,QMOF reference
qmof-6219623,282.6,0.09,QMOF reference
qmof-7e2180f,374.7,0.43,QMOF reference
qmof-546d219,325.7,0.43,QMOF reference
qmof-5607eea,,FAILED,QMOF reference
qmof-fd0958d,476.7,0.67,QMOF reference
qmof-7616aac,313.3,0.48,QMOF reference
qmof-3347fe4,387.1,0.18,QMOF reference
qmof-4387803,296.0,0.59,QMOF reference
qmof-7d96501,297.4,0.32,QMOF reference
qmof-05d6902,282.7,0.59,QMOF reference
qmof-26dc3b8,330.6,0.36,QMOF reference
qmof-6ef802e,435.7,0.87,QMOF reference
qmof-314722e,290.8,0.19,QMOF reference
qmof-5636da1,362.7,0.2,QMOF reference
qmof-ca29387,386.6,0.19,QMOF reference
qmof-749e21d,337.3,0.41,QMOF reference
qmof-108b337,,FAILED,QMOF reference
qmof-ed2aaa7,,FAILED,QMOF reference
qmof-b66ea07,345.7,0.37,QMOF reference
qmof-c42d76c,262.0,0.18,QMOF reference
qmof-9956c49,233.5,0.38,QMOF reference
qmof-b993fee,209.7,0.44,QMOF reference
qmof-e5ce6a3,313.4,0.88,QMOF reference
qmof-4541d4f,,FAILED,QMOF reference
qmof-045c524,324.8,0.74,QMOF reference
qmof-5b36cd1,233.3,0.52,QMOF reference
qmof-0dfada7,255.6,0.77,QMOF reference
qmof-40c4e6c,389.5,0.57,QMOF reference
qmof-b35eaba,300.5,0.6,QMOF reference
qmof-b96a6b3,320.3,0.82,QMOF reference
qmof-0afaf89,307.4,0.47,QMOF reference
qmof-b310fab,269.6,0.38,QMOF reference
qmof-8b9d04c,,FAILED,QMOF reference
qmof-2566545,286.1,0.38,QMOF reference
qmof-efedb54,379.6,0.77,QMOF reference
qmof-6cd3373,338.5,0.87,QMOF reference
qmof-f8a29f1,,FAILED,QMOF reference
qmof-229f5b9,369.6,0.47,QMOF reference
qmof-23ef146,334.6,0.69,QMOF reference
qmof-e273077,339.2,0.48,QMOF reference
qmof-9e4819b,355.7,0.65,QMOF reference
qmof-fd35c17,,FAILED,QMOF reference
qmof-7559c55,413.5,0.06,QMOF reference
qmof-3a8aeef,259.6,0.57,QMOF reference
qmof-771b75b,357.6,0.82,QMOF reference
qmof-49de14c,,FAILED,QMOF reference
qmof-587db4e,390.3,0.65,QMOF reference
qmof-697b32a,347.0,0.2,QMOF reference
qmof-878c6f5,262.2,0.25,QMOF reference
qmof-65a932c,321.9,0.74,QMOF reference
qmof-3855e24,241.4,0.62,QMOF reference
qmof-0ab5c05,300.1,0.92,QMOF reference
qmof-4c838aa,286.6,0.75,QMOF reference
qmof-6a1b02d,339.7,0.76,QMOF reference
qmof-c6174ca,380.0,0.77,QMOF reference
qmof-d210d1a,416.9,0.9,QMOF reference
qmof-98a95a8,325.0,0.25,QMOF reference
qmof-a55c82c,250.5,0.6,QMOF reference
qmof-2ab39f5,312.7,0.6,QMOF reference
qmof-a24e826,319.5,0.57,QMOF reference
qmof-23163b9,366.8,0.87,QMOF reference
qmof-280956a,280.0,0.89,QMOF reference
qmof-061695a,364.8,0.15,QMOF reference
qmof-9dc0829,359.3,0.35,QMOF reference
qmof-9114e4f,312.5,0.73,QMOF reference
qmof-9b36cf2,311.7,0.9,QMOF reference
qmof-b326b48,321.7,0.88,QMOF reference
qmof-fffa2d9,442.3,0.81,QMOF reference
qmof-881eff2,337.9,0.82,QMOF reference
qmof-db3f511,357.1,0.96,QMOF reference
qmof-98d5ff0,291.3,0.85,QMOF reference
qmof-36cc11d,,FAILED,QMOF reference
qmof-dae1036,403.2,0.49,QMOF reference
qmof-c679c80,231.2,0.75,QMOF reference
qmof-8c20c8f,324.1,0.75,QMOF reference
qmof-7cb4bdf,326.2,0.26,QMOF reference
qmof-3b397bb,421.3,0.7,QMOF reference
qmof-4134e8a,,FAILED,QMOF reference
qmof-d0cb775,,FAILED,QMOF reference
qmof-5f0b53c,407.4,0.78,QMOF reference
qmof-1231f0a,345.8,0.84,QMOF reference
qmof-e256739,358.1,0.59,QMOF reference
qmof-b1ab823,391.1,0.32,QMOF reference
qmof-5dcd85d,302.1,0.28,QMOF reference
qmof-87274e3,393.2,0.02,QMOF reference
qmof-2308de6,300.0,0.8,QMOF reference
qmof-ff169e1,282.1,0.08,QMOF reference
qmof-4db285d,414.6,0.4,QMOF reference
qmof-dbb377e,346.4,0.98,QMOF reference
qmof-b6f1487,377.1,0.37,QMOF reference
qmof-ee9551c,310.3,0.45,QMOF reference
qmof-4caa2e3,364.6,0.89,QMOF reference
qmof-5ba9b76,314.8,0.37,QMOF reference
qmof-df5b996,339.4,0.9,QMOF reference
qmof-e6b8f12,320.8,0.68,QMOF reference
qmof-da50262,,FAILED,QMOF reference
qmof-5779e02,317.9,0.46,QMOF reference
qmof-261de76,339.9,0.28,QMOF reference
qmof-5bbcd9f,369.1,0.72,QMOF reference
qmof-0d1f757,327.5,0.79,QMOF reference
qmof-4d5bb8c,401.8,0.93,QMOF reference
qmof-4949753,315.3,0.31,QMOF reference
qmof-504370a,,FAILED,QMOF reference
qmof-8f835a4,352.1,0.23,QMOF reference
qmof-29aba0a,,FAILED,QMOF reference
qmof-9a970ac,284.4,0.68,QMOF reference
qmof-408a8f3,,FAILED,QMOF reference
qmof-f311c6d,,FAILED,QMOF reference
qmof-fe0b063,321.3,0.16,QMOF reference
qmof-5e06567,,FAILED,QMOF reference
qmof-ece7ed8,237.6,0.07,QMOF reference
qmof-02c7846,,FAILED,QMOF reference
qmof-20e559b,300.5,0.62,QMOF reference
qmof-2adaa41,288.8,0.79,QMOF reference
qmof-e29b30f,314.2,0.87,QMOF reference
qmof-9b2e2e4,370.2,0.76,QMOF reference
qmof-4296a72,437.6,0.9,QMOF reference
qmof-bd97004,316.2,0.78,QMOF reference
qmof-e10b73b,340.8,0.95,QMOF reference
qmof-5019d12,252.2,0.89,QMOF reference
qmof-b97ea32,391.6,0.63,QMOF reference
qmof-388d9d9,375.2,0.76,QMOF reference
qmof-4d2a8cb,334.9,0.61,QMOF reference
qmof-c1e8e4d,277.8,0.21,QMOF reference
qmof-1205501,265.8,0.59,QMOF reference
qmof-f529638,,FAILED,QMOF reference
qmof-26b963b,330.4,0.9,QMOF reference
qmof-24e316a,326.9,0.2,QMOF reference
qmof-f522cce,341.5,0.67,QMOF reference
qmof-b030441,295.4,0.23,QMOF reference
qmof-a196ea1,370.8,0.74,QMOF reference
qmof-ce64565,336.9,0.7,QMOF reference
qmof-5ce2533,317.3,0.82,QMOF reference
qmof-870a873,354.5,0.75,QMOF reference
qmof-c6ff445,405.6,0.92,QMOF reference
qmof-2f2b6f8,-210.2,0.72,QMOF reference
qmof-8c4b003,400.8,0.31,QMOF reference
qmof-b936542,277.4,0.35,QMOF reference
qmof-f0d9701,358.6,0.74,QMOF reference
qmof-8de943d,405.5,0.88,QMOF reference
qmof-513e1bb,340.0,0.36,QMOF reference
qmof-5692fe2,250.9,0.9,QMOF reference
qmof-8aa53db,,FAILED,QMOF reference
qmof-df9cac4,252.4,0.6,QMOF reference
qmof-40eecfd,386.6,0.52,QMOF reference
qmof-b75a6f2,331.2,0.49,QMOF reference
qmof-c9f20d8,355.8,0.9,QMOF reference
qmof-0ec2ee1,310.5,0.16,QMOF reference
qmof-db7b433,319.2,0.82,QMOF reference
qmof-0116630,341.8,0.07,QMOF reference
qmof-2338a98,309.3,0.56,QMOF reference
qmof-caec8ef,267.2,0.05,QMOF reference
qmof-f936989,390.9,0.49,QMOF reference
qmof-267f8b8,370.3,0.76,QMOF reference
qmof-71a9211,310.5,0.63,QMOF reference
qmof-155c782,360.3,0.24,QMOF reference
qmof-c8854ce,303.1,0.42,QMOF reference
qmof-debef81,273.5,0.43,QMOF reference
qmof-02909bf,319.3,0.86,QMOF reference
qmof-e29f3d6,321.0,0.77,QMOF reference
qmof-9ceb223,306.4,0.46,QMOF reference
qmof-86def04,383.6,0.89,QMOF reference
qmof-4178b92,404.3,0.96,QMOF reference
qmof-b890eba,391.2,0.36,QMOF reference
qmof-45da32e,330.0,0.51,QMOF reference
qmof-f3c2ff6,,FAILED,QMOF reference
qmof-9b20de3,353.4,0.65,QMOF reference
qmof-1db5694,291.5,0.79,QMOF reference
qmof-a357037,369.9,0.78,QMOF reference
qmof-d76fd42,328.2,0.86,QMOF reference
qmof-f0c0ed2,313.0,0.86,QMOF reference
qmof-9ffadde,389.0,0.55,QMOF reference
qmof-90996c9,245.8,0.66,QMOF reference
qmof-b37eb52,239.8,0.77,QMOF reference
qmof-82c1116,306.2,0.31,QMOF reference
qmof-22d73d6,307.2,0.78,QMOF reference
qmof-4721a8e,,FAILED,QMOF reference
qmof-2202f09,280.0,0.49,QMOF reference
qmof-f0345dc,336.8,0.76,QMOF reference
qmof-23a2940,397.8,0.38,QMOF reference
qmof-fa42a94,477.4,0.8,QMOF reference
qmof-b8dd1c7,323.5,0.31,QMOF reference
qmof-c0a7dd7,234.7,0.92,QMOF reference
qmof-dfd0917,260.3,0.92,QMOF reference
qmof-55d1b21,445.4,0.88,QMOF reference
qmof-533823c,350.3,0.8,QMOF reference
qmof-f0dd762,287.6,0.11,QMOF reference
qmof-8a65b8e,290.3,0.27,QMOF reference
qmof-f5d380a,299.1,0.12,QMOF reference
qmof-26f482f,214.4,0.81,QMOF reference
qmof-d2bf9c3,293.1,0.45,QMOF reference
qmof-52ef7e9,247.7,0.93,QMOF reference
qmof-25d5a89,,FAILED,QMOF reference
qmof-c9158bc,246.8,0.92,QMOF reference
qmof-580676b,332.5,0.12,QMOF reference
qmof-4c021c6,405.1,0.62,QMOF reference
qmof-3043836,334.6,0.45,QMOF reference
qmof-7000e4d,368.8,0.95,QMOF reference
qmof-518d206,197.9,0.94,QMOF reference
qmof-f5240e6,313.9,0.51,QMOF reference
qmof-1d6527e,399.5,0.9,QMOF reference
qmof-2a42bc4,348.6,0.47,QMOF reference
qmof-e73025e,443.8,0.95,QMOF reference
qmof-324f46d,,FAILED,QMOF reference
qmof-2eb4f02,329.4,0.86,QMOF reference
qmof-6c014ac,317.4,0.43,QMOF reference
qmof-620a952,,FAILED,QMOF reference
qmof-0f66221,315.8,0.69,QMOF reference
qmof-def59b5,371.9,0.9,QMOF reference
qmof-e8386b2,334.9,0.75,QMOF reference
qmof-792ee15,332.4,0.93,QMOF reference
qmof-6e8fd48,408.0,0.65,QMOF reference
qmof-6172dac,371.5,0.19,QMOF reference
qmof-74f41a5,,FAILED,QMOF reference
qmof-a028058,270.8,0.94,QMOF reference
qmof-7331c8e,319.7,0.2,QMOF reference
qmof-6288836,364.0,0.15,QMOF reference
qmof-379b14c,394.0,0.34,QMOF reference
qmof-6d53500,272.4,0.38,QMOF reference
qmof-52b8268,331.3,0.75,QMOF reference
qmof-1592e39,356.0,0.66,QMOF reference
qmof-5be9d77,362.8,0.23,QMOF reference
qmof-4abf394,256.5,0.9,QMOF reference
qmof-0e5e7e0,312.3,0.53,QMOF reference
qmof-00da3cc,291.3,0.79,QMOF reference
qmof-11481bd,278.1,0.99,QMOF reference
qmof-a962785,417.8,0.88,QMOF reference
qmof-6b03e0d,316.4,0.37,QMOF reference
qmof-86bca57,258.3,0.96,QMOF reference
qmof-2250196,198.8,0.8,QMOF reference
qmof-f70fff5,,FAILED,QMOF reference
qmof-0f4d4bb,299.7,0.59,QMOF reference
qmof-ae67161,313.3,0.92,QMOF reference
qmof-bdec829,356.0,0.66,QMOF reference
qmof-2b29f90,324.5,0.72,QMOF reference
qmof-e7748f7,304.6,0.51,QMOF reference
qmof-673fc7f,302.4,0.81,QMOF reference
qmof-df601dd,321.3,0.96,QMOF reference
qmof-cfc442e,341.3,0.34,QMOF reference
qmof-6f191b9,367.2,0.29,QMOF reference
qmof-d9daa8e,431.9,0.04,QMOF reference
qmof-de60048,272.0,0.88,QMOF reference
qmof-e20ebfa,353.1,0.94,QMOF reference
qmof-c605c0a,249.2,0.87,QMOF reference
qmof-fe40eaa,321.2,0.94,QMOF reference
qmof-97fb071,358.8,0.88,QMOF reference
qmof-c9d5e47,,FAILED,QMOF reference
qmof-c7fd3ee,451.4,0.04,QMOF reference
qmof-e24fcbb,,FAILED,QMOF reference
qmof-8d2aecd,357.2,0.91,QMOF reference
qmof-74b2b06,309.3,0.36,QMOF reference
qmof-94c7318,349.1,0.91,QMOF reference
qmof-23669af,375.4,0.39,QMOF reference
qmof-34cda6e,370.6,0.55,QMOF reference
qmof-734d26b,387.2,0.88,QMOF reference
qmof-a487143,,FAILED,QMOF reference
qmof-baf7972,312.4,0.92,QMOF reference
qmof-8b9a8e7,372.1,0.84,QMOF reference
qmof-fbc8a6c,339.4,0.61,QMOF reference
qmof-877d368,347.2,0.33,QMOF reference
qmof-e8fab14,333.4,0.17,QMOF reference
qmof-c086345,328.1,0.93,QMOF reference
qmof-e11d70a,,FAILED,QMOF reference
qmof-d014068,336.9,0.28,QMOF reference
qmof-fdf1f3a,,FAILED,QMOF reference
qmof-de6e290,391.2,0.3,QMOF reference
qmof-b5ddfc5,319.9,0.32,QMOF reference
qmof-d7f84cc,312.7,0.9,QMOF reference
qmof-7b7886a,418.3,0.17,QMOF reference
qmof-a838610,346.6,0.76,QMOF reference
qmof-edbbc16,395.8,0.92,QMOF reference
qmof-ad015e6,312.8,0.39,QMOF reference
qmof-ab32015,390.8,0.78,QMOF reference
qmof-e74298d,259.7,0.3,QMOF reference
qmof-ed8b1fc,319.9,0.91,QMOF reference
qmof-f5537d8,324.8,0.96,QMOF reference
qmof-338698f,311.5,0.3,QMOF reference
qmof-bc2bf53,303.0,0.93,QMOF reference
qmof-711bba5,,FAILED,QMOF reference
qmof-948d748,341.3,0.72,QMOF reference
qmof-66f44d8,358.1,0.51,QMOF reference
qmof-28d5f98,357.2,0.92,QMOF reference
qmof-3442091,325.6,0.76,QMOF reference
qmof-296785d,384.1,0.5,QMOF reference
qmof-b505ebc,352.6,0.73,QMOF reference
qmof-39217f4,364.6,0.73,QMOF reference
qmof-d133979,349.1,0.24,QMOF reference
qmof-f02d3e0,265.7,0.52,QMOF reference
qmof-8372ff0,324.2,0.86,QMOF reference
qmof-9abc2d6,,FAILED,QMOF reference
qmof-39a14c2,289.0,0.52,QMOF reference
qmof-b59eb8f,319.0,0.61,QMOF reference
qmof-771c050,,FAILED,QMOF reference
qmof-d3d45c4,322.2,0.75,QMOF reference
qmof-c318faf,379.5,0.36,QMOF reference
qmof-99ad091,349.9,0.61,QMOF reference
qmof-02d6206,299.0,0.92,QMOF reference
qmof-b9a1228,411.8,0.93,QMOF reference
qmof-cdb38eb,,FAILED,QMOF reference
qmof-2e54a3e,334.5,0.41,QMOF reference
qmof-7b3cc9c,322.9,0.69,QMOF reference
qmof-da6fcce,345.9,0.96,QMOF reference
qmof-6b45ff6,321.0,0.12,QMOF reference
qmof-376ea57,320.8,0.24,QMOF reference
qmof-15c314b,306.6,0.86,QMOF reference
qmof-9df2e53,337.3,0.13,QMOF reference
qmof-57c12cc,336.7,0.45,QMOF reference
qmof-4e9433e,340.8,0.74,QMOF reference
qmof-a4114e9,246.0,0.6,QMOF reference
qmof-14d9a90,317.7,0.36,QMOF reference
qmof-ab953dd,264.6,0.94,QMOF reference
qmof-95c22b4,320.3,0.78,QMOF reference
qmof-f4c1ca7,295.9,0.44,QMOF reference
qmof-82cbfbf,352.3,0.82,QMOF reference
qmof-486f508,311.9,0.79,QMOF reference
qmof-87bcdf8,,FAILED,QMOF reference
qmof-64c64cc,287.6,0.19,QMOF reference
qmof-d9eb571,293.0,0.4,QMOF reference
qmof-ae328c6,393.3,0.26,QMOF reference
qmof-a1859cf,,FAILED,QMOF reference
qmof-259c3ab,,FAILED,QMOF reference
qmof-c3fb5ce,310.7,0.36,QMOF reference
qmof-cae2bc1,398.7,0.5,QMOF reference
qmof-8b9a773,282.0,0.42,QMOF reference
qmof-18ceb78,277.4,0.84,QMOF reference
qmof-75dfe5f,293.9,0.51,QMOF reference
qmof-6b426b2,269.7,0.83,QMOF reference
qmof-5a3945a,348.2,0.94,QMOF reference
qmof-725cabf,322.4,0.97,QMOF reference
qmof-eb261b9,343.6,0.72,QMOF reference
qmof-510e27f,274.2,0.58,QMOF reference
qmof-d2bab30,345.4,0.46,QMOF reference
qmof-f153d82,396.1,0.83,QMOF reference
qmof-585345f,,FAILED,QMOF reference
qmof-f47bb14,242.2,0.61,QMOF reference
qmof-264ad8f,327.9,0.88,QMOF reference
qmof-e612e8b,286.0,0.73,QMOF reference
qmof-83d5543,349.1,0.8,QMOF reference
qmof-68abb54,253.8,0.23,QMOF reference
qmof-a4a2556,335.4,0.6,QMOF reference
qmof-b4bad2f,364.5,0.58,QMOF reference
qmof-2abab09,317.8,0.75,QMOF reference
qmof-311d91b,379.6,0.92,QMOF reference
qmof-51d44f0,397.6,0.8,QMOF reference
qmof-22103d2,309.8,0.62,QMOF reference
qmof-46bffd8,328.6,0.42,QMOF reference
qmof-0be7420,338.0,0.09,QMOF reference
qmof-cbbcaee,293.6,0.9,QMOF reference
qmof-55e2cda,307.4,0.92,QMOF reference
qmof-bc3962c,327.4,0.94,QMOF reference
qmof-a8bfcf3,385.8,0.83,QMOF reference
qmof-e2670cd,332.1,0.57,QMOF reference
qmof-705c734,285.2,0.74,QMOF reference
qmof-720efb8,,FAILED,QMOF reference
qmof-e02e5c6,,FAILED,QMOF reference
qmof-17cb93f,380.1,0.75,QMOF reference
qmof-a1aff6a,209.3,0.82,QMOF reference
qmof-fb77b5b,,FAILED,QMOF reference
qmof-38c74f5,365.8,0.8,QMOF reference
qmof-a2b6d91,383.3,0.32,QMOF reference
qmof-ba7df44,370.7,0.25,QMOF reference
qmof-647f2f7,307.7,0.48,QMOF reference
qmof-d7d4799,288.7,0.9,QMOF reference
qmof-ccbcf36,283.3,0.97,QMOF reference
qmof-c2c7421,373.4,0.51,QMOF reference
qmof-04208be,374.9,0.81,QMOF reference
qmof-45a18aa,517.7,0.91,QMOF reference
qmof-97ae29f,391.5,0.91,QMOF reference
qmof-dffa3d8,398.8,0.9,QMOF reference
qmof-08b67ba,,FAILED,QMOF reference
qmof-e894f98,,FAILED,QMOF reference
qmof-1c6930e,384.1,0.57,QMOF reference
qmof-065e982,331.0,0.46,QMOF reference
qmof-fa1a447,238.6,0.92,QMOF reference
qmof-b2d2ac6,311.5,0.89,QMOF reference
qmof-17bfa44,348.6,0.72,QMOF reference
qmof-2b0af1b,362.1,0.53,QMOF reference
qmof-87c1bd2,333.0,0.77,QMOF reference
qmof-1150e7f,346.7,0.51,QMOF reference
qmof-cd9bc22,,FAILED,QMOF reference
qmof-ae10753,301.3,0.24,QMOF reference
qmof-dcbfb65,,FAILED,QMOF reference
qmof-4369f46,275.2,0.36,QMOF reference
qmof-7810936,254.6,0.16,QMOF reference
qmof-54d276d,314.7,0.75,QMOF reference
qmof-ae283f2,383.3,0.91,QMOF reference
qmof-d610942,323.4,0.55,QMOF reference
qmof-bedb824,380.8,0.96,QMOF reference
qmof-2033acd,412.2,0.9,QMOF reference
qmof-637ad2f,349.0,0.63,QMOF reference
qmof-1492ba7,273.6,0.37,QMOF reference
qmof-a4c4cee,310.3,0.9,QMOF reference
qmof-71d4b85,324.8,0.86,QMOF reference
qmof-5741ef6,372.0,0.28,QMOF reference
qmof-b7b79de,,FAILED,QMOF reference
qmof-4a8b72e,348.2,0.84,QMOF reference
qmof-540bb65,326.2,0.86,QMOF reference
qmof-801f41b,335.1,0.53,QMOF reference
qmof-d5ed188,,FAILED,QMOF reference
qmof-f8a32e3,333.7,0.37,QMOF reference
qmof-46a169e,,FAILED,QMOF reference
qmof-cbfd530,320.3,0.36,QMOF reference
qmof-849b838,338.7,0.65,QMOF reference
qmof-bde286b,328.5,0.84,QMOF reference
qmof-cd9a14c,313.7,0.89,QMOF reference
qmof-1f9df20,,FAILED,QMOF reference
qmof-b678688,,FAILED,QMOF reference
qmof-d724ac4,374.1,0.52,QMOF reference
qmof-a457b47,299.6,0.76,QMOF reference
qmof-8b6c81e,273.5,0.42,QMOF reference
qmof-56a07fd,354.2,0.35,QMOF reference
qmof-cafbd5e,383.5,0.86,QMOF reference
qmof-6785782,307.4,0.13,QMOF reference
qmof-bcebc11,315.9,0.87,QMOF reference
qmof-49d20c6,324.3,0.46,QMOF reference
qmof-f6f698d,,FAILED,QMOF reference
qmof-cf77c88,,FAILED,QMOF reference
qmof-0caf630,333.1,0.32,QMOF reference
qmof-8a61e8f,322.1,0.84,QMOF reference
qmof-89fb1f3,337.1,0.49,QMOF reference
qmof-3e37e5a,379.9,0.87,QMOF reference
qmof-3c4fdf0,295.4,0.85,QMOF reference
qmof-433f472,,FAILED,QMOF reference
qmof-1bf7afd,415.2,0.82,QMOF reference
qmof-b89e191,324.5,0.39,QMOF reference
qmof-ccc0f18,298.0,0.86,QMOF reference
qmof-07ca298,269.7,0.52,QMOF reference
qmof-8a2bc73,421.3,0.23,QMOF reference
qmof-1278662,409.4,0.82,QMOF reference
qmof-0618e72,322.3,0.92,QMOF reference
qmof-35f76d8,324.6,0.79,QMOF reference
qmof-3f97eed,376.9,0.31,QMOF reference
qmof-8b3aceb,287.3,0.62,QMOF reference
qmof-c8756ec,202.7,0.91,QMOF reference
qmof-47a6fdf,327.3,0.21,QMOF reference
qmof-c288dff,358.2,0.75,QMOF reference
qmof-2b54738,362.7,0.43,QMOF reference
qmof-fb69b28,183.3,0.6,QMOF reference
qmof-c8860bc,389.2,0.37,QMOF reference
qmof-9c9f0ca,368.5,0.91,QMOF reference
qmof-01a5958,324.5,0.8,QMOF reference
qmof-4b1ef88,422.8,0.16,QMOF reference
qmof-9ab4e0a,380.8,0.7,QMOF reference
qmof-4010ec2,347.6,0.74,QMOF reference
qmof-dcca335,409.7,0.49,QMOF reference
qmof-b65f961,347.2,0.29,QMOF reference
qmof-258a220,322.8,0.81,QMOF reference
qmof-082c84f,286.1,0.43,QMOF reference
qmof-9e6c541,364.1,0.23,QMOF reference
qmof-10ff507,328.3,0.7,QMOF reference
qmof-42570c2,,FAILED,QMOF reference
qmof-3300f6d,376.6,0.28,QMOF reference
qmof-9c15737,319.2,0.85,QMOF reference
qmof-276e333,330.7,0.75,QMOF reference
qmof-c3b4381,445.2,0.68,QMOF reference
qmof-4315d6e,305.7,0.37,QMOF reference
qmof-4d45fdb,,FAILED,QMOF reference
qmof-fe238e7,319.5,0.68,QMOF reference
qmof-4a0f1fc,338.8,0.56,QMOF reference
qmof-1e0e02e,,FAILED,QMOF reference
qmof-5b2a0f0,,FAILED,QMOF reference
qmof-f5289d1,282.1,0.79,QMOF reference
qmof-d6632db,,FAILED,QMOF reference
qmof-f6a044d,330.3,0.7,QMOF reference
qmof-cd26d9d,299.6,0.79,QMOF reference
qmof-77ebf11,206.1,0.81,QMOF reference
qmof-2ea3b1f,,FAILED,QMOF reference
qmof-31c08d9,357.1,0.71,QMOF reference
qmof-cd51998,,FAILED,QMOF reference
qmof-ba54277,366.2,0.26,QMOF reference
qmof-fddda69,351.5,0.2,QMOF reference
qmof-425fd89,242.5,0.74,QMOF reference
qmof-ba7b967,437.3,0.75,QMOF reference
qmof-fa45775,295.3,0.62,QMOF reference
qmof-8e732a8,319.0,0.67,QMOF reference
qmof-796fd5c,295.6,0.91,QMOF reference
qmof-e252678,308.1,0.84,QMOF reference
qmof-9256da0,,FAILED,QMOF reference
qmof-33535cf,,FAILED,QMOF reference
qmof-103bf19,300.1,0.53,QMOF reference
qmof-a2d8489,344.1,0.7,QMOF reference
qmof-b8ca403,325.2,0.93,QMOF reference
qmof-026e9ca,316.1,0.95,QMOF reference
qmof-d4cfb65,362.1,0.69,QMOF reference
qmof-ec0241b,309.0,0.85,QMOF reference
qmof-55b32f8,355.1,0.83,QMOF reference
qmof-f53f02a,354.4,0.63,QMOF reference
qmof-b16fea6,369.5,0.93,QMOF reference
qmof-eadd46d,363.7,0.94,QMOF reference
qmof-52cac05,228.8,0.85,QMOF reference
qmof-a1d95f7,,FAILED,QMOF reference
qmof-a09abf4,329.2,0.63,QMOF reference
qmof-e5121a9,336.2,0.59,QMOF reference
qmof-ce09a20,391.0,0.33,QMOF reference
qmof-8f67479,341.0,0.35,QMOF reference
qmof-2fd45b1,,FAILED,QMOF reference
qmof-8499bb2,,FAILED,QMOF reference
qmof-c855c74,348.0,0.96,QMOF reference
qmof-fbb73f7,299.2,0.92,QMOF reference
qmof-dab305c,259.6,0.45,QMOF reference
qmof-91692c9,376.7,0.86,QMOF reference
qmof-f5afc17,377.7,0.49,QMOF reference
qmof-a19fb5f,308.9,0.74,QMOF reference
qmof-00a1a50,227.1,0.21,QMOF reference
qmof-e33c32c,326.4,0.47,QMOF reference
qmof-5941efd,336.8,0.45,QMOF reference
qmof-0e2fb56,350.7,0.87,QMOF reference
qmof-f0008e4,311.3,0.91,QMOF reference
qmof-9ae450b,376.7,0.87,QMOF reference
qmof-8030fac,,FAILED,QMOF reference
qmof-44435b0,217.9,0.53,QMOF reference
qmof-a5f444a,281.0,0.81,QMOF reference
qmof-8893f42,427.9,0.93,QMOF reference
qmof-0aec630,407.6,0.4,QMOF reference
qmof-a4b48c8,335.6,0.76,QMOF reference
qmof-adb6bae,269.1,0.85,QMOF reference
qmof-fe4db64,,FAILED,QMOF reference
qmof-c2bbdc5,,FAILED,QMOF reference
qmof-13e75c9,365.2,0.61,QMOF reference
qmof-0f63bda,332.0,0.89,QMOF reference
qmof-3467823,277.6,0.62,QMOF reference
qmof-cbd795c,295.2,0.77,QMOF reference
qmof-d38923a,362.7,0.82,QMOF reference
qmof-cc8a4be,293.0,0.9,QMOF reference
qmof-e5e6b69,325.1,0.91,QMOF reference
qmof-66283ef,220.8,0.05,QMOF reference
qmof-3546d7f,350.2,0.77,QMOF reference
qmof-d2fe6bc,352.9,0.73,QMOF reference
qmof-22ca4f8,464.3,0.74,QMOF reference
qmof-7972915,353.8,0.66,QMOF reference
qmof-65f8632,,FAILED,QMOF reference
qmof-b1156fe,321.7,0.81,QMOF reference
qmof-6519b6a,437.1,0.36,QMOF reference
qmof-6d6cff3,449.8,0.47,QMOF reference
qmof-b9e9c9e,273.0,0.57,QMOF reference
qmof-d933760,262.8,0.8,QMOF reference
qmof-4813714,,FAILED,QMOF reference
qmof-ff306b5,351.0,0.92,QMOF reference
qmof-cef04ed,193.3,0.89,QMOF reference
qmof-938e4e7,298.5,0.52,QMOF reference
qmof-f78bef1,253.8,0.9,QMOF reference
qmof-a33f06a,295.3,0.81,QMOF reference
qmof-14c725f,338.2,0.92,QMOF reference
qmof-0267c10,404.6,0.64,QMOF reference
qmof-c5ff6a1,433.3,0.34,QMOF reference
qmof-d209d87,372.2,0.83,QMOF reference
qmof-98a7b30,344.4,0.94,QMOF reference
qmof-af44312,245.4,0.72,QMOF reference
qmof-58e98df,383.3,0.88,QMOF reference
qmof-623cc29,254.1,0.18,QMOF reference
qmof-a5390e1,414.3,0.88,QMOF reference
qmof-9d96a3f,314.4,0.76,QMOF reference
qmof-51a592d,390.6,0.22,QMOF reference
qmof-ab815f3,,FAILED,QMOF reference
qmof-ac9f387,363.8,0.88,QMOF reference
qmof-635b883,288.9,0.58,QMOF reference
qmof-d6bcb97,343.0,0.43,QMOF reference
qmof-a2e17c9,306.5,0.87,QMOF reference
qmof-e65b4c0,393.3,0.69,QMOF reference
qmof-eba2132,278.9,0.3,QMOF reference
qmof-611de0b,,FAILED,QMOF reference
qmof-2774aad,,FAILED,QMOF reference
qmof-85c997c,332.0,0.26,QMOF reference
qmof-5eeb6a4,373.5,0.65,QMOF reference
qmof-5b5dadb,375.3,0.89,QMOF reference
qmof-5fc7c77,375.1,0.93,QMOF reference
qmof-62c2018,293.6,0.71,QMOF reference
qmof-73caebb,172.4,0.86,QMOF reference
qmof-64b57c5,,FAILED,QMOF reference
qmof-c149be5,,FAILED,QMOF reference
qmof-39aa242,349.6,0.74,QMOF reference
qmof-79684a4,343.5,0.39,QMOF reference
qmof-e5b7187,254.1,0.38,QMOF reference
qmof-981a4dc,305.5,0.78,QMOF reference
qmof-887a10f,311.0,0.61,QMOF reference
qmof-abe36c3,338.2,0.65,QMOF reference
qmof-639db33,348.6,0.83,QMOF reference
qmof-3dfec94,327.4,0.9,QMOF reference
qmof-fe80f7d,260.5,0.78,QMOF reference
qmof-6593af7,243.7,0.77,QMOF reference
qmof-4972f5c,687.7,0.0,QMOF reference
qmof-90458ae,290.0,0.67,QMOF reference
qmof-2155e19,321.1,0.9,QMOF reference
qmof-cc7bad5,239.8,0.75,QMOF reference
qmof-aa014ee,296.0,0.92,QMOF reference
qmof-7bab797,435.8,0.92,QMOF reference
qmof-e86fcce,294.9,0.75,QMOF reference
qmof-71f9121,300.5,0.25,QMOF reference
qmof-554f103,358.8,0.78,QMOF reference
qmof-a6c81dd,353.0,0.63,QMOF reference
qmof-e67856c,366.7,0.45,QMOF reference
qmof-7a6767f,275.1,0.9,QMOF reference
qmof-84cf692,270.0,0.2,QMOF reference
qmof-8e887a1,387.6,0.92,QMOF reference
qmof-11afcfb,,FAILED,QMOF reference
qmof-67c66b9,,FAILED,QMOF reference
qmof-357aaf4,229.8,0.19,QMOF reference
qmof-745467b,359.1,0.89,QMOF reference
qmof-569fecc,,FAILED,QMOF reference
qmof-66dc50d,243.0,0.55,QMOF reference
qmof-9659d87,236.2,0.9,QMOF reference
qmof-b9fbd8b,372.7,0.51,QMOF reference
qmof-e049710,263.8,0.37,QMOF reference
qmof-bfea88e,351.4,0.53,QMOF reference
qmof-e8122f2,417.9,0.13,QMOF reference
qmof-e49e28c,356.0,0.63,QMOF reference
qmof-1b76fc2,343.8,0.77,QMOF reference
qmof-8c5eb85,,FAILED,QMOF reference
qmof-aa8413e,280.5,0.92,QMOF reference
qmof-c49f067,,FAILED,QMOF reference
qmof-2ac5c65,298.1,0.21,QMOF reference
qmof-288d36e,473.3,0.02,QMOF reference
qmof-fb04ded,308.2,0.43,QMOF reference
qmof-357add0,421.3,0.3,QMOF reference
qmof-1f5b82b,257.0,0.73,QMOF reference
qmof-0c2c714,,FAILED,QMOF reference
qmof-b65868c,276.6,0.93,QMOF reference
qmof-5500d18,378.4,0.8,QMOF reference
qmof-564af28,432.4,0.85,QMOF reference
qmof-d52b137,376.6,0.51,QMOF reference
qmof-25fee54,253.7,0.65,QMOF reference
qmof-83a025d,316.9,0.91,QMOF reference
qmof-3a11c2e,214.8,0.96,QMOF reference
qmof-4366366,347.5,0.29,QMOF reference
qmof-d689892,,FAILED,QMOF reference
qmof-61d5b72,311.1,0.88,QMOF reference
qmof-18c3f95,314.3,0.71,QMOF reference
qmof-a12006c,318.6,0.45,QMOF reference
qmof-7885ed1,346.5,0.62,QMOF reference
qmof-2cc2ecf,344.4,0.47,QMOF reference
qmof-fb4e82f,338.7,0.83,QMOF reference
qmof-3567378,364.6,0.51,QMOF reference
qmof-9fe4370,337.7,0.82,QMOF reference
qmof-dffc51c,360.0,0.88,QMOF reference
qmof-4f499e6,,FAILED,QMOF reference
qmof-0111861,340.8,0.16,QMOF reference
qmof-abb33dd,,FAILED,QMOF reference
qmof-c054f0b,236.9,0.97,QMOF reference
qmof-eaf8acb,343.9,0.68,QMOF reference
qmof-b8ef003,381.0,0.74,QMOF reference
qmof-fac48cb,,FAILED,QMOF reference
qmof-76257fc,323.8,0.78,QMOF reference
qmof-0b65042,324.7,0.6,QMOF reference
qmof-b89c7e3,,FAILED,QMOF reference
qmof-a52e439,314.6,0.84,QMOF reference
qmof-303c74f,317.2,0.94,QMOF reference
qmof-f57add2,338.3,0.5,QMOF reference
qmof-6903e0b,240.9,0.48,QMOF reference
qmof-52d763a,347.7,0.9,QMOF reference
qmof-11a8c8c,246.0,0.65,QMOF reference
qmof-e100550,266.4,0.72,QMOF reference
qmof-f0cca85,355.1,0.92,QMOF reference
qmof-6519b1b,-12.2,0.88,QMOF reference
qmof-71adb34,381.3,0.84,QMOF reference
qmof-461359c,266.5,0.5,QMOF reference
qmof-7833495,290.1,0.69,QMOF reference
qmof-d655f8d,378.1,0.38,QMOF reference
qmof-8612b3f,218.6,0.42,QMOF reference
qmof-2aadb21,271.4,0.34,QMOF reference
qmof-89f83b7,,FAILED,QMOF reference
qmof-cab5309,,FAILED,QMOF reference
qmof-28fe175,233.9,0.07,QMOF reference
qmof-4fac276,203.8,0.88,QMOF reference
qmof-2bd5e0f,377.1,0.79,QMOF reference
qmof-7222f44,266.1,0.82,QMOF reference
qmof-86f8b0e,330.6,0.76,QMOF reference
qmof-aa9cbff,460.5,0.69,QMOF reference
qmof-71d890d,395.8,0.21,QMOF reference
qmof-84e2164,339.6,0.93,QMOF reference
qmof-dbfd491,474.8,0.88,QMOF reference
qmof-b2c1954,287.6,0.7,QMOF reference
qmof-c49d30b,369.1,0.36,QMOF reference
qmof-6e83af2,388.6,0.77,QMOF reference
qmof-3a95f6e,409.8,0.23,QMOF reference
qmof-1a922d4,343.3,0.91,QMOF reference
qmof-c66ec2f,283.1,0.81,QMOF reference
qmof-361c645,355.9,0.93,QMOF reference
qmof-424ce8c,319.8,0.21,QMOF reference
qmof-f53cf45,266.4,0.33,QMOF reference
qmof-6b82733,212.6,0.46,QMOF reference
qmof-f3cb633,375.1,0.83,QMOF reference
qmof-983793a,334.4,0.23,QMOF reference
qmof-62b8604,322.5,0.57,QMOF reference
qmof-8533641,332.4,0.74,QMOF reference
qmof-d8bde53,,FAILED,QMOF reference
qmof-996e911,440.3,0.92,QMOF reference
qmof-55463ed,409.9,0.27,QMOF reference
qmof-d6d6f9f,339.1,0.82,QMOF reference
qmof-a421ddb,334.3,0.43,QMOF reference
qmof-e09709f,326.9,0.34,QMOF reference
qmof-dc72240,371.3,0.27,QMOF reference
qmof-f151cd3,276.2,0.61,QMOF reference
qmof-ad5034e,311.0,0.87,QMOF reference
qmof-f002901,535.0,0.82,QMOF reference
qmof-0516e18,437.5,0.52,QMOF reference
qmof-8f41817,417.1,0.25,QMOF reference
qmof-6154c70,314.5,0.84,QMOF reference
qmof-de0a417,301.0,0.92,QMOF reference
qmof-1478a84,347.6,0.75,QMOF reference
qmof-e2cb396,403.9,0.32,QMOF reference
qmof-f0f7453,319.4,0.47,QMOF reference
qmof-861877e,,FAILED,QMOF reference
qmof-34904e2,324.7,0.97,QMOF reference
qmof-824883b,348.2,0.42,QMOF reference
qmof-8ccaa8e,429.1,0.12,QMOF reference
qmof-ca0b14c,396.4,0.82,QMOF reference
qmof-a0daa8f,,FAILED,QMOF reference
qmof-f4e3be2,342.4,0.69,QMOF reference
qmof-2f6f56b,382.9,0.61,QMOF reference
qmof-1c4f825,289.4,0.49,QMOF reference
qmof-8064b1f,275.6,0.82,QMOF reference
qmof-b38655c,261.3,0.31,QMOF reference
qmof-e374ad7,250.1,0.17,QMOF reference
qmof-606ca52,281.7,0.59,QMOF reference
qmof-929b067,,FAILED,QMOF reference
qmof-e218f10,316.4,0.61,QMOF reference
qmof-f15e054,,FAILED,QMOF reference
qmof-a884796,369.5,0.58,QMOF reference
qmof-b7c34ea,362.3,0.25,QMOF reference
qmof-13c6706,304.4,0.84,QMOF reference
qmof-76bef6e,486.0,0.82,QMOF reference
qmof-a9e5638,,FAILED,QMOF reference
qmof-26ae89d,,FAILED,QMOF reference
qmof-12aa8fe,323.6,0.53,QMOF reference
qmof-b59ec06,218.2,0.43,QMOF reference
qmof-a83960a,327.6,0.89,QMOF reference
qmof-01cfceb,257.1,0.34,QMOF reference
qmof-c0ab952,313.9,0.85,QMOF reference
qmof-bf96a9f,,FAILED,QMOF reference
qmof-30fc825,368.6,0.3,QMOF reference
qmof-2fabd00,394.4,0.47,QMOF reference
qmof-7f7d040,321.7,0.89,QMOF reference
qmof-b5f9bbe,388.4,0.68,QMOF reference
qmof-aa8f56c,324.3,0.83,QMOF reference
qmof-a1fb394,,FAILED,QMOF reference
qmof-9489acc,330.0,0.38,QMOF reference
qmof-353020b,359.2,0.95,QMOF reference
qmof-5f5f2dc,,FAILED,QMOF reference
qmof-f5d6474,301.4,0.95,QMOF reference
qmof-bd7e00b,390.5,0.43,QMOF reference
qmof-6634b3e,389.7,0.44,QMOF reference
qmof-a8b8a3c,186.2,0.38,QMOF reference
qmof-2a66c48,328.4,0.16,QMOF reference
qmof-597a458,406.5,0.23,QMOF reference
qmof-4d4c102,259.4,0.15,QMOF reference
qmof-688ee41,307.3,0.73,QMOF reference
qmof-ddb13bd,342.6,0.64,QMOF reference
qmof-19e8f60,287.4,0.74,QMOF reference
qmof-269e2b1,377.5,0.64,QMOF reference
qmof-887bca5,,FAILED,QMOF reference
qmof-a03d729,,FAILED,QMOF reference
qmof-9dbd104,327.0,0.91,QMOF reference
qmof-9a34843,318.9,0.24,QMOF reference
qmof-9d735a6,258.9,0.52,QMOF reference
qmof-7d2ad78,252.6,0.13,QMOF reference
qmof-17566c2,415.6,0.83,QMOF reference
qmof-4a5df1e,,FAILED,QMOF reference
qmof-0b55938,268.7,0.95,QMOF reference
qmof-bf974d2,323.1,0.83,QMOF reference
qmof-65a0048,372.4,0.78,QMOF reference
qmof-ff78bea,364.7,0.82,QMOF reference
qmof-8010674,370.0,0.94,QMOF reference
qmof-c674a2d,,FAILED,QMOF reference
qmof-5d5b5cf,258.4,0.72,QMOF reference
qmof-cb56c2e,389.8,0.32,QMOF reference
qmof-8a7f6ff,279.5,0.29,QMOF reference
qmof-26df13b,233.4,0.93,QMOF reference
qmof-01ddc61,402.2,0.67,QMOF reference
qmof-3870e19,,FAILED,QMOF reference
qmof-53701e5,346.5,0.84,QMOF reference
qmof-4445a96,333.0,0.89,QMOF reference
qmof-a0a3af5,277.7,0.57,QMOF reference
qmof-29aefb0,359.0,0.75,QMOF reference
qmof-8d24977,,FAILED,QMOF reference
qmof-e5a1d44,346.4,0.84,QMOF reference
qmof-12f0ca2,,FAILED,QMOF reference
qmof-fb15c25,317.8,0.43,QMOF reference
qmof-6429819,361.4,0.21,QMOF reference
qmof-f5af2da,342.8,0.19,QMOF reference
qmof-d4dc82f,392.5,0.87,QMOF reference
qmof-5e652e3,401.8,0.56,QMOF reference
qmof-d4093bf,,FAILED,QMOF reference
qmof-4b552f4,304.6,0.29,QMOF reference
qmof-d12d0a0,347.1,0.72,QMOF reference
qmof-1a77da5,388.8,0.82,QMOF reference
qmof-83ae4f5,382.7,0.39,QMOF reference
qmof-4a03983,362.0,0.26,QMOF reference
qmof-baa1c34,303.4,0.77,QMOF reference
qmof-07585fa,340.0,0.9,QMOF reference
qmof-5a37225,477.7,0.08,QMOF reference
qmof-16e1497,277.8,0.89,QMOF reference
qmof-2d365d4,368.9,0.89,QMOF reference
qmof-e37213a,402.9,0.2,QMOF reference
qmof-d9218c8,,FAILED,QMOF reference
qmof-c95d01f,298.9,0.49,QMOF reference
qmof-c8aa86a,368.6,0.8,QMOF reference
qmof-8e4a100,367.7,0.87,QMOF reference
qmof-32c8f96,,FAILED,QMOF reference
qmof-9e34535,290.8,0.8,QMOF reference
qmof-80d3bc6,279.1,0.63,QMOF reference
qmof-92cdfe5,336.7,0.5,QMOF reference
qmof-a36b5af,384.9,0.94,QMOF reference
qmof-26888fa,412.8,0.84,QMOF reference
qmof-75041b5,337.7,0.88,QMOF reference
qmof-5c5f15c,,FAILED,QMOF reference
qmof-c8c0b58,298.5,0.84,QMOF reference
qmof-b2cebad,340.0,0.93,QMOF reference
qmof-dbc50ec,402.0,0.62,QMOF reference
qmof-c620f0b,396.4,0.24,QMOF reference
qmof-793e2f8,388.4,0.63,QMOF reference
qmof-dd5eb41,393.7,0.8,QMOF reference
qmof-82c907a,262.4,0.86,QMOF reference
qmof-a6d9dca,351.8,0.59,QMOF reference
qmof-6905494,451.2,0.4,QMOF reference
qmof-2f1b443,345.4,0.87,QMOF reference
qmof-2695251,398.2,0.47,QMOF reference
qmof-b5945a6,478.4,0.55,QMOF reference
qmof-24f6661,291.7,0.21,QMOF reference
qmof-ddad97c,334.4,0.78,QMOF reference
qmof-976a1e2,296.4,0.42,QMOF reference
qmof-b4d8dac,357.6,0.91,QMOF reference
qmof-f0c8c79,261.2,0.3,QMOF reference
qmof-a43e5fc,418.8,0.78,QMOF reference
qmof-d0d6fd2,275.0,0.8,QMOF reference
qmof-679e2ca,364.4,0.91,QMOF reference
qmof-733d89d,285.3,0.25,QMOF reference
qmof-75c6f95,315.9,0.73,QMOF reference
qmof-862ede4,357.4,0.88,QMOF reference
qmof-33dcd2c,349.7,0.74,QMOF reference
qmof-42b2d04,214.0,0.33,QMOF reference
qmof-d4520a2,289.3,0.2,QMOF reference
qmof-e8ede7f,357.5,0.16,QMOF reference
qmof-bebcb31,404.5,0.93,QMOF reference
qmof-92deae3,289.7,0.88,QMOF reference
qmof-697c6bc,363.4,0.57,QMOF reference
qmof-3c5676c,310.1,0.42,QMOF reference
qmof-5c418c0,406.4,0.79,QMOF reference
qmof-33e82fb,301.9,0.91,QMOF reference
qmof-4513e39,384.5,0.83,QMOF reference
qmof-8dc113d,,FAILED,QMOF reference
qmof-591b39d,319.7,0.94,QMOF reference
qmof-6043186,,FAILED,QMOF reference
qmof-9c045d9,402.8,0.27,QMOF reference
qmof-e51b7be,293.5,0.82,QMOF reference
qmof-e866848,379.8,0.92,QMOF reference
qmof-ba35036,321.6,0.44,QMOF reference
qmof-9df80d1,297.9,0.85,QMOF reference
qmof-c39ae4b,319.1,0.77,QMOF reference
qmof-c74db95,327.6,0.86,QMOF reference
qmof-d08e59b,,FAILED,QMOF reference
qmof-1da7afa,374.5,0.16,QMOF reference
qmof-859b831,,FAILED,QMOF reference
qmof-746d85f,304.7,0.5,QMOF reference
qmof-9f3340e,116.9,0.89,QMOF reference
qmof-b7a3995,391.5,0.88,QMOF reference
qmof-c6cf282,298.2,0.65,QMOF reference
qmof-726ab18,,FAILED,QMOF reference
qmof-ea2e5ae,351.0,0.1,QMOF reference
qmof-ed10ad3,361.9,0.8,QMOF reference
qmof-93008c0,318.3,0.73,QMOF reference
qmof-e678090,311.1,0.28,QMOF reference
qmof-cbc1066,381.8,0.24,QMOF reference
qmof-ec1cb58,306.4,0.11,QMOF reference
qmof-c70e8ee,307.2,0.86,QMOF reference
qmof-52f94b5,280.3,0.92,QMOF reference
qmof-078ee16,332.4,0.36,QMOF reference
qmof-8e7c7a1,,FAILED,QMOF reference
qmof-1c95cc8,345.0,0.99,QMOF reference
qmof-0d5ee20,297.5,0.89,QMOF reference
qmof-c63d32a,348.1,0.27,QMOF reference
qmof-d8b6b8f,,FAILED,QMOF reference
qmof-f5f84d4,361.9,0.83,QMOF reference
qmof-2b508d4,326.2,0.74,QMOF reference
qmof-7ab1fd8,314.8,0.8,QMOF reference
qmof-4e6762d,,FAILED,QMOF reference
qmof-1ca4ac2,204.1,0.68,QMOF reference
qmof-36d73a2,349.4,0.31,QMOF reference
qmof-fe766fb,377.4,0.74,QMOF reference
qmof-63e0a61,,FAILED,QMOF reference
qmof-38ae05d,263.2,0.14,QMOF reference
qmof-1f8e39f,367.5,0.9,QMOF reference
qmof-c3750eb,349.8,0.51,QMOF reference
qmof-87101b9,,FAILED,QMOF reference
qmof-8c255b0,341.8,0.44,QMOF reference
qmof-4070708,381.6,0.46,QMOF reference
qmof-b808abd,303.3,0.86,QMOF reference
qmof-68c173d,285.0,0.88,QMOF reference
qmof-96a7437,351.6,0.83,QMOF reference
qmof-aba9c6c,350.2,0.95,QMOF reference
qmof-6da46e0,,FAILED,QMOF reference
qmof-708b5df,328.0,0.1,QMOF reference
qmof-d0d26c4,,FAILED,QMOF reference
qmof-8626bd6,,FAILED,QMOF reference
qmof-b71cc86,298.5,0.94,QMOF reference
qmof-d7c1b0f,308.6,0.71,QMOF reference
qmof-970159e,,FAILED,QMOF reference
qmof-4bdff9f,314.9,0.39,QMOF reference
qmof-3104826,345.2,0.89,QMOF reference
qmof-dad89de,401.3,0.89,QMOF reference
qmof-8e00017,317.9,0.78,QMOF reference
qmof-db02aaa,302.1,0.93,QMOF reference
qmof-c628210,330.1,0.72,QMOF reference
qmof-16257f4,328.4,0.43,QMOF reference
qmof-6b7c621,398.6,0.9,QMOF reference
qmof-559f9cd,,FAILED,QMOF reference
qmof-14872a0,,FAILED,QMOF reference
qmof-4788445,398.2,0.9,QMOF reference
qmof-f0b79f0,372.7,0.83,QMOF reference
qmof-842f424,,FAILED,QMOF reference
qmof-ba3d0ce,299.2,0.8,QMOF reference
qmof-43a70d7,331.9,0.62,QMOF reference
qmof-7e13f90,,FAILED,QMOF reference
qmof-c330eaf,298.9,0.76,QMOF reference
qmof-600cefe,327.8,0.96,QMOF reference
qmof-ccf9031,258.0,0.96,QMOF reference
qmof-cb9b390,334.3,0.57,QMOF reference
qmof-3fe24b2,377.6,0.26,QMOF reference
qmof-15bd34b,374.2,0.24,QMOF reference
qmof-8bc481b,249.6,0.48,QMOF reference
qmof-2384a20,384.1,0.25,QMOF reference
qmof-c5c5ac9,290.1,0.93,QMOF reference
qmof-dd69f1d,419.3,0.79,QMOF reference
qmof-653a443,374.2,0.85,QMOF reference
qmof-91a9c47,333.6,0.94,QMOF reference
qmof-194f61a,350.1,0.13,QMOF reference
qmof-6068c8d,309.6,0.45,QMOF reference
qmof-854ff98,,FAILED,QMOF reference
qmof-c69c808,292.1,0.81,QMOF reference
qmof-1779479,,FAILED,QMOF reference
qmof-461e88d,329.4,0.77,QMOF reference
qmof-0618231,357.3,0.73,QMOF reference
qmof-757e44b,,FAILED,QMOF reference
qmof-2d65e89,331.3,0.76,QMOF reference
qmof-9685c13,271.7,0.27,QMOF reference
qmof-3e4c924,304.2,0.4,QMOF reference
qmof-63f5b1c,,FAILED,QMOF reference
qmof-a3dadbc,312.8,0.36,QMOF reference
qmof-4d13400,364.9,0.87,QMOF reference
qmof-60f2715,402.0,0.13,QMOF reference
qmof-07d3562,357.8,0.9,QMOF reference
qmof-50b429d,,FAILED,QMOF reference
qmof-22baac9,455.5,0.04,QMOF reference
qmof-78f271f,324.4,0.87,QMOF reference
qmof-4c8a2eb,384.5,0.41,QMOF reference
qmof-6a32398,261.7,0.44,QMOF reference
qmof-37ffde5,,FAILED,QMOF reference
qmof-ed82416,285.2,0.45,QMOF reference
qmof-69186ff,290.4,0.38,QMOF reference
qmof-a353c59,345.4,0.33,QMOF reference
qmof-803dd45,322.9,0.8,QMOF reference
qmof-24053e1,200.9,0.83,QMOF reference
qmof-09bb09e,254.7,0.92,QMOF reference
qmof-f9350da,298.8,0.79,QMOF reference
qmof-ff2f085,304.7,0.78,QMOF reference
qmof-6898d8a,326.0,0.45,QMOF reference
qmof-1ff90d0,287.0,0.59,QMOF reference
qmof-9cb371f,373.7,0.77,QMOF reference
qmof-91f3692,332.7,0.53,QMOF reference
qmof-43aa38c,326.8,0.93,QMOF reference
qmof-cbc9d23,332.5,0.21,QMOF reference
qmof-957913b,269.6,0.61,QMOF reference
qmof-9dce9f9,380.4,0.82,QMOF reference
qmof-3b6404c,341.7,0.47,QMOF reference
qmof-2c386c3,385.5,0.26,QMOF reference
qmof-6fe5a19,,FAILED,QMOF reference
qmof-8e03f25,,FAILED,QMOF reference
qmof-da484b1,,FAILED,QMOF reference
qmof-2fb3ec3,318.2,0.62,QMOF reference
qmof-7311839,367.6,0.07,QMOF reference
qmof-b10bfd5,357.5,0.96,QMOF reference
qmof-4d41937,,FAILED,QMOF reference
qmof-42a3e7f,,FAILED,QMOF reference
qmof-e71626c,,FAILED,QMOF reference
qmof-5b6c8de,345.6,0.87,QMOF reference
qmof-053dc27,,FAILED,QMOF reference
qmof-b3dc886,292.8,0.94,QMOF reference
qmof-c8c75f1,221.4,0.85,QMOF reference
qmof-072e137,,FAILED,QMOF reference
qmof-00a8f3e,295.7,0.87,QMOF reference
qmof-6e0c71a,,FAILED,QMOF reference
qmof-3bfaa7a,354.5,0.5,QMOF reference
qmof-3ef068e,402.3,0.5,QMOF reference
qmof-eca8b2e,237.3,0.13,QMOF reference
qmof-e8b1a76,329.7,0.75,QMOF reference
qmof-8289b9b,,FAILED,QMOF reference
qmof-34d7c8a,423.1,0.36,QMOF reference
qmof-36d19a8,240.4,0.67,QMOF reference
qmof-5c01049,277.7,0.53,QMOF reference
qmof-ddef0e3,277.8,0.67,QMOF reference
qmof-0ea9711,,FAILED,QMOF reference
qmof-110e680,269.7,0.3,QMOF reference
qmof-52dc6d7,,FAILED,QMOF reference
qmof-6cea7d6,362.3,0.94,QMOF reference
qmof-620b5d5,498.5,0.12,QMOF reference
qmof-7fb17cb,,FAILED,QMOF reference
qmof-6524f20,309.6,0.7,QMOF reference
qmof-d0c7189,303.3,0.69,QMOF reference
qmof-d61e46c,420.7,0.85,QMOF reference
qmof-41551cc,273.3,0.8,QMOF reference
qmof-e603508,377.5,0.82,QMOF reference
qmof-fefcf27,344.8,0.78,QMOF reference
qmof-222fb1a,,FAILED,QMOF reference
qmof-6898ab9,265.3,0.84,QMOF reference
qmof-86890b0,265.4,0.71,QMOF reference
qmof-ece521b,320.8,0.92,QMOF reference
qmof-d520b05,,FAILED,QMOF reference
qmof-bd837da,217.5,0.89,QMOF reference
qmof-e890bc7,372.7,0.83,QMOF reference
qmof-8d4ca90,279.7,0.81,QMOF reference
qmof-e1b4a42,402.2,0.69,QMOF reference
qmof-0bf120c,398.2,0.27,QMOF reference
qmof-632d8e4,293.0,0.31,QMOF reference
qmof-343cdba,325.3,0.07,QMOF reference
qmof-5acc8b3,376.7,0.56,QMOF reference
qmof-8fa9c85,297.2,0.7,QMOF reference
qmof-39b29a5,388.6,0.64,QMOF reference
qmof-d58bd48,,FAILED,QMOF reference
qmof-9cb1e2c,,FAILED,QMOF reference
qmof-785f2a9,326.1,0.86,QMOF reference
qmof-7e4dbb6,,FAILED,QMOF reference
qmof-78bdc8c,315.6,0.87,QMOF reference
qmof-d7d1a09,414.9,0.43,QMOF reference
qmof-d8b40b5,313.6,0.89,QMOF reference
qmof-44ab466,343.1,0.15,QMOF reference
qmof-a42e31c,377.0,0.06,QMOF reference
qmof-0b31a84,291.6,0.91,QMOF reference
qmof-26fbb22,366.3,0.18,QMOF reference
qmof-36e6f89,334.9,0.45,QMOF reference
qmof-ee4de36,,FAILED,QMOF reference
qmof-4cff130,375.6,0.79,QMOF reference
qmof-22f5c5c,,FAILED,QMOF reference
qmof-9cace33,284.6,0.64,QMOF reference
qmof-6f3a9f6,302.7,0.54,QMOF reference
qmof-4b57e43,361.3,0.52,QMOF reference
qmof-cadb719,290.0,0.1,QMOF reference
qmof-34855af,,FAILED,QMOF reference
qmof-98b30ec,374.5,0.44,QMOF reference
qmof-253a66b,206.1,0.77,QMOF reference
qmof-11a42ea,383.1,0.7,QMOF reference
qmof-030e486,311.2,0.14,QMOF reference
qmof-95a18a7,301.0,0.86,QMOF reference
qmof-8aec2ae,291.7,0.52,QMOF reference
qmof-9fc8069,260.6,0.29,QMOF reference
qmof-ebba8f4,320.8,0.9,QMOF reference
qmof-86433db,283.0,0.13,QMOF reference
qmof-c0462ed,284.8,0.45,QMOF reference
qmof-b89807d,309.0,0.3,QMOF reference
qmof-3576bff,,FAILED,QMOF reference
qmof-b604c6b,399.0,0.35,QMOF reference
qmof-1406ccc,171.9,0.7,QMOF reference
qmof-f38e1d0,293.0,0.28,QMOF reference
qmof-b0527f5,,FAILED,QMOF reference
qmof-bc8db61,281.5,0.17,QMOF reference
qmof-ab2c780,334.7,0.55,QMOF reference
qmof-4b35a9e,268.2,0.12,QMOF reference
qmof-984892e,,FAILED,QMOF reference
qmof-1171565,332.5,0.41,QMOF reference
qmof-cc4910d,240.4,0.28,QMOF reference
qmof-09cf381,320.9,0.26,QMOF reference
qmof-f5e607c,,FAILED,QMOF reference
qmof-32c4af4,299.3,0.77,QMOF reference
qmof-4fb74dd,301.3,0.46,QMOF reference
qmof-bcf7225,,FAILED,QMOF reference
qmof-fa3ac58,249.8,0.82,QMOF reference
qmof-0bdc70c,333.3,0.73,QMOF reference
qmof-8fe4b3e,306.3,0.78,QMOF reference
qmof-fe96a80,340.5,0.84,QMOF reference
qmof-5d28c85,380.4,0.54,QMOF reference
qmof-7505ece,383.5,0.24,QMOF reference
qmof-f9326c1,,FAILED,QMOF reference
qmof-82d61bd,400.3,0.42,QMOF reference
qmof-87ddac8,317.6,0.68,QMOF reference
qmof-1580705,285.7,0.25,QMOF reference
qmof-f43fd4a,378.9,0.71,QMOF reference
qmof-12a0bfd,395.2,0.46,QMOF reference
qmof-965dcb2,339.7,0.83,QMOF reference
qmof-3825fe9,262.2,0.53,QMOF reference
qmof-0caf677,348.1,0.83,QMOF reference
qmof-8c62c61,344.9,0.91,QMOF reference
qmof-5d60111,269.0,0.95,QMOF reference
qmof-8f9ddb5,371.9,0.53,QMOF reference
qmof-61cbd6c,368.9,0.44,QMOF reference
qmof-eab35b3,423.2,0.7,QMOF reference
qmof-e81754b,295.4,0.88,QMOF reference
qmof-b0faa59,364.0,0.34,QMOF reference
qmof-3447be9,,FAILED,QMOF reference
qmof-f85760f,354.9,0.91,QMOF reference
qmof-d7fa9b6,392.0,0.72,QMOF reference
qmof-7ab3b8f,249.6,0.53,QMOF reference
qmof-4c8ae11,383.6,0.26,QMOF reference
qmof-bc69252,320.3,0.88,QMOF reference
qmof-8041d1f,330.4,0.54,QMOF reference
qmof-03d81cc,346.7,0.43,QMOF reference
qmof-7492a1f,433.2,0.69,QMOF reference
qmof-829d6eb,338.7,0.9,QMOF reference
qmof-a6d1765,334.1,0.84,QMOF reference
qmof-b6f7af6,323.5,0.89,QMOF reference
qmof-e7b6156,,FAILED,QMOF reference
qmof-9f9d39c,145.5,0.98,QMOF reference
qmof-e6f8d75,312.3,0.57,QMOF reference
qmof-f27022b,351.3,0.89,QMOF reference
qmof-edbc9dd,199.9,0.85,QMOF reference
qmof-e3accad,389.1,0.84,QMOF reference
qmof-79864df,343.3,0.89,QMOF reference
qmof-6d579f1,426.3,0.15,QMOF reference
qmof-f3b3f44,351.0,0.93,QMOF reference
qmof-74c3c27,,FAILED,QMOF reference
qmof-0520d3c,404.6,0.92,QMOF reference
qmof-d8b08f7,281.5,0.57,QMOF reference
qmof-6e98dc7,271.3,0.46,QMOF reference
qmof-f40863b,348.1,0.81,QMOF reference
qmof-318281a,346.4,0.93,QMOF reference
qmof-1749614,358.2,0.75,QMOF reference
qmof-ae3c113,396.2,0.17,QMOF reference
qmof-c237857,303.5,0.85,QMOF reference
qmof-b9c921d,317.4,0.87,QMOF reference
qmof-3d26180,304.0,0.24,QMOF reference
qmof-ac1272b,,FAILED,QMOF reference
qmof-651a0e2,346.5,0.72,QMOF reference
qmof-9c5f912,346.0,0.4,QMOF reference
qmof-a74ac6d,315.2,0.83,QMOF reference
qmof-cfc22da,355.8,0.4,QMOF reference
qmof-e6aabf7,,FAILED,QMOF reference
qmof-03f7272,271.7,0.74,QMOF reference
qmof-a0704ae,351.5,0.27,QMOF reference
qmof-65e6355,347.5,0.86,QMOF reference
qmof-f398916,349.1,0.78,QMOF reference
qmof-9c58af6,352.6,0.94,QMOF reference
qmof-573c2f3,344.1,0.95,QMOF reference
qmof-f911a4f,324.9,0.44,QMOF reference
qmof-8e3bc8d,448.3,0.74,QMOF reference
qmof-38837c6,323.7,0.79,QMOF reference
qmof-de28178,307.9,0.75,QMOF reference
qmof-9857976,377.5,0.45,QMOF reference
qmof-b52c6c5,288.3,0.74,QMOF reference
qmof-dd74e9c,369.0,0.9,QMOF reference
qmof-e7b4875,302.2,0.88,QMOF reference
qmof-09611e2,363.9,0.6,QMOF reference
qmof-151b128,366.5,0.17,QMOF reference
qmof-4d83581,309.9,0.36,QMOF reference
qmof-3f9372d,191.7,0.4,QMOF reference
qmof-16501b0,-284.8,0.87,QMOF reference
qmof-510d507,329.6,0.89,QMOF reference
qmof-6dc78ec,285.4,0.6,QMOF reference
qmof-d9c6d97,395.5,0.54,QMOF reference
qmof-3beea42,341.5,0.4,QMOF reference
qmof-6e31a87,334.3,0.56,QMOF reference
qmof-da83f4c,344.4,0.95,QMOF reference
qmof-0d1ec57,380.3,0.74,QMOF reference
qmof-3fe445a,372.4,0.32,QMOF reference
qmof-baceef3,,FAILED,QMOF reference
qmof-6db6f37,377.6,0.84,QMOF reference
qmof-d0086fd,242.9,0.41,QMOF reference
qmof-78c366c,321.5,0.85,QMOF reference
qmof-b78043f,279.9,0.93,QMOF reference
qmof-f2b2497,350.6,0.82,QMOF reference
qmof-9e7a2ea,354.8,0.7,QMOF reference
qmof-42e91b2,282.6,0.55,QMOF reference
qmof-fdac092,330.1,0.24,QMOF reference
qmof-680f89c,361.2,0.17,QMOF reference
qmof-ffb1310,311.7,0.79,QMOF reference
qmof-56ddcb3,393.7,0.81,QMOF reference
qmof-d3efd84,303.8,0.84,QMOF reference
qmof-46c77c7,301.5,0.71,QMOF reference
qmof-d0a1c03,344.5,0.21,QMOF reference
qmof-7708ea4,322.6,0.46,QMOF reference
qmof-02f9568,358.9,0.85,QMOF reference
qmof-9b63600,,FAILED,QMOF reference
qmof-427595d,321.2,0.36,QMOF reference
qmof-82d634f,284.6,0.79,QMOF reference
qmof-b06a90c,314.2,0.25,QMOF reference
qmof-dd74d6f,,FAILED,QMOF reference
qmof-ce87519,375.0,0.93,QMOF reference
qmof-20103c4,216.4,0.49,QMOF reference
qmof-b5586a3,323.2,0.44,QMOF reference
qmof-99155ad,321.6,0.38,QMOF reference
qmof-3d0d93c,271.8,0.42,QMOF reference
qmof-141e1b5,325.5,0.82,QMOF reference
qmof-e2e9e5f,303.9,0.32,QMOF reference
qmof-95853a9,,FAILED,QMOF reference
qmof-1fd83bc,384.7,0.83,QMOF reference
qmof-cd25778,,FAILED,QMOF reference
qmof-132acf7,,FAILED,QMOF reference
qmof-b727e60,367.3,0.96,QMOF reference
qmof-e7e20c9,344.2,0.96,QMOF reference
qmof-adb1dab,397.4,0.8,QMOF reference
qmof-4f99ccc,,FAILED,QMOF reference
qmof-6882a18,369.6,0.55,QMOF reference
qmof-ef32174,292.1,0.45,QMOF reference
qmof-283a998,280.4,0.85,QMOF reference
qmof-99a5f07,,FAILED,QMOF reference
qmof-54ac1c4,340.5,0.57,QMOF reference
qmof-6edf29f,349.3,0.73,QMOF reference
qmof-70f56f3,383.5,0.86,QMOF reference
qmof-cc0c005,342.8,0.94,QMOF reference
qmof-89f21dc,373.6,0.8,QMOF reference
qmof-c634231,391.2,0.59,QMOF reference
qmof-e7ba782,327.4,0.87,QMOF reference
qmof-72d2060,338.1,0.38,QMOF reference
qmof-8a9ad79,318.3,0.17,QMOF reference
qmof-fa27ad4,347.0,0.65,QMOF reference
qmof-86555b1,,FAILED,QMOF reference
qmof-bff8c89,307.3,0.76,QMOF reference
qmof-75af3c3,477.8,0.81,QMOF reference
qmof-ba5cb75,341.7,0.96,QMOF reference
qmof-e7e4053,302.2,0.71,QMOF reference
qmof-53f0808,404.2,0.65,QMOF reference
qmof-60cc485,403.1,0.08,QMOF reference
qmof-5fd0b66,384.1,0.92,QMOF reference
qmof-8bbd7b4,357.7,0.95,QMOF reference
qmof-7c88828,320.7,0.4,QMOF reference
qmof-b8e36f9,211.1,0.78,QMOF reference
qmof-91dccb1,299.4,0.63,QMOF reference
qmof-9a5badd,331.8,0.66,QMOF reference
qmof-9e477b5,241.5,0.08,QMOF reference
qmof-8d37439,366.0,0.51,QMOF reference
qmof-b7d23c8,364.3,0.46,QMOF reference
qmof-26670ca,367.0,0.62,QMOF reference
qmof-f23f12a,348.0,0.2,QMOF reference
qmof-20ecd02,289.4,0.96,QMOF reference
qmof-86f9355,296.2,0.81,QMOF reference
qmof-fe786c1,336.5,0.84,QMOF reference
qmof-27db329,,FAILED,QMOF reference
qmof-e0a1a1a,434.0,0.89,QMOF reference
qmof-413599e,360.5,0.42,QMOF reference
qmof-220370b,,FAILED,QMOF reference
qmof-db698b9,335.0,0.68,QMOF reference
qmof-ad5949e,,FAILED,QMOF reference
qmof-3f39a03,311.6,0.81,QMOF reference
qmof-d0af2b8,222.9,0.73,QMOF reference
qmof-5431036,,FAILED,QMOF reference
qmof-87e33d0,225.6,0.72,QMOF reference
qmof-9118ee0,328.5,0.7,QMOF reference
qmof-f3e009b,337.8,0.52,QMOF reference
qmof-f817326,301.2,0.16,QMOF reference
qmof-ade859b,346.5,0.73,QMOF reference
qmof-df074a0,442.7,0.13,QMOF reference
qmof-203b252,,FAILED,QMOF reference
qmof-7662a1e,269.5,0.33,QMOF reference
qmof-fceba70,356.3,0.54,QMOF reference
qmof-738d0ce,359.6,0.1,QMOF reference
qmof-a96bee3,330.4,0.93,QMOF reference
qmof-6c18b0c,422.6,0.09,QMOF reference
qmof-d798ea0,350.6,0.74,QMOF reference
qmof-ccb2028,313.7,0.74,QMOF reference
qmof-df97c94,274.2,0.78,QMOF reference
qmof-b461389,370.2,0.24,QMOF reference
qmof-ab504c7,372.3,0.68,QMOF reference
qmof-41acdfe,357.9,0.87,QMOF reference
qmof-90e62eb,324.5,0.89,QMOF reference
qmof-66998fd,411.2,0.42,QMOF reference
qmof-8228f8b,319.8,0.28,QMOF reference
qmof-bb4d5bb,312.5,0.69,QMOF reference
qmof-8a5df04,396.4,0.72,QMOF reference
qmof-97bc069,248.7,0.62,QMOF reference
qmof-7ad5511,324.4,0.78,QMOF reference
qmof-d43cf41,150.5,0.74,QMOF reference
qmof-7e2adaf,319.3,0.89,QMOF reference
qmof-70a6a84,299.6,0.76,QMOF reference
qmof-81999f9,350.6,0.14,QMOF reference
qmof-fd22223,354.6,0.47,QMOF reference
qmof-713f435,326.6,0.74,QMOF reference
qmof-bda4bd3,333.4,0.96,QMOF reference
qmof-3ada75c,288.6,0.13,QMOF reference
qmof-c8e9475,550.2,0.86,QMOF reference
qmof-af4297c,277.5,0.39,QMOF reference
qmof-e5bc580,295.8,0.68,QMOF reference
qmof-94199a7,357.3,0.15,QMOF reference
qmof-9d46a1c,378.9,0.47,QMOF reference
qmof-57086c9,448.3,0.85,QMOF reference
qmof-918ee50,315.6,0.87,QMOF reference
qmof-4b85944,285.5,0.9,QMOF reference
qmof-4dd7878,,FAILED,QMOF reference
qmof-697208e,375.6,0.11,QMOF reference
qmof-16c4dd5,316.6,0.91,QMOF reference
qmof-a433d62,,FAILED,QMOF reference
qmof-ce19bbe,348.9,0.27,QMOF reference
qmof-00744ff,390.9,0.85,QMOF reference
qmof-6aa3015,,FAILED,QMOF reference
qmof-861ea4a,353.5,0.79,QMOF reference
qmof-fb859e4,349.5,0.91,QMOF reference
qmof-c713d6e,346.2,0.78,QMOF reference
qmof-4f2c9aa,390.6,0.81,QMOF reference
qmof-afb9195,297.4,0.86,QMOF reference
qmof-df94cde,357.8,0.37,QMOF reference
qmof-10c7c3c,,FAILED,QMOF reference
qmof-d7035ae,251.8,0.49,QMOF reference
qmof-7c5f404,301.1,0.13,QMOF reference
qmof-254955f,304.9,0.77,QMOF reference
qmof-be3b6cf,375.8,0.85,QMOF reference
qmof-b7b8b62,389.2,0.85,QMOF reference
qmof-f38d274,289.7,0.11,QMOF reference
qmof-d45c96f,254.0,0.77,QMOF reference
qmof-70563b9,385.9,0.5,QMOF reference
qmof-02f3753,275.6,0.84,QMOF reference
qmof-4eadc5e,324.0,0.12,QMOF reference
qmof-f0cfb06,329.2,0.49,QMOF reference
qmof-d7860d3,339.3,0.84,QMOF reference
qmof-bbcf6c2,,FAILED,QMOF reference
qmof-8ed0fbc,,FAILED,QMOF reference
qmof-c1efe7d,320.2,0.19,QMOF reference
qmof-80e680b,,FAILED,QMOF reference
qmof-11881b6,,FAILED,QMOF reference
qmof-8bbb54c,338.9,0.61,QMOF reference
qmof-c54ce08,335.5,0.92,QMOF reference
qmof-dbbcff4,319.9,0.85,QMOF reference
qmof-efb1a27,,FAILED,QMOF reference
qmof-7a182f0,231.4,0.27,QMOF reference
qmof-eab6b7c,321.5,0.91,QMOF reference
qmof-6f636df,280.4,0.93,QMOF reference
qmof-f524161,328.2,0.76,QMOF reference
qmof-96fb808,235.5,0.2,QMOF reference
qmof-a54ae56,309.0,0.14,QMOF reference
qmof-219f39d,362.1,0.57,QMOF reference
qmof-8c18e27,317.0,0.33,QMOF reference
qmof-1ae080e,326.1,0.57,QMOF reference
qmof-b36de89,,FAILED,QMOF reference
qmof-e603f7e,279.7,0.59,QMOF reference
qmof-ef538ec,273.0,0.78,QMOF reference
qmof-7894e7a,285.0,0.45,QMOF reference
qmof-d2f0d63,307.1,0.83,QMOF reference
qmof-2e121b8,330.7,0.85,QMOF reference
qmof-581e903,,FAILED,QMOF reference
qmof-65ff99b,393.0,0.94,QMOF reference
qmof-df4caa3,398.4,0.95,QMOF reference
qmof-e4e6540,217.0,0.38,QMOF reference
qmof-09cb905,401.4,0.46,QMOF reference
qmof-a6c2dc0,271.3,0.07,QMOF reference
qmof-e6a0327,,FAILED,QMOF reference
qmof-d14fd27,303.4,0.69,QMOF reference
qmof-b14e8d2,385.4,0.53,QMOF reference
qmof-c32b599,295.2,0.31,QMOF reference
qmof-48637bb,255.5,0.96,QMOF reference
qmof-6ddfb5e,356.1,0.71,QMOF reference
qmof-836d3b4,377.5,0.86,QMOF reference
qmof-6c38eb4,242.6,0.71,QMOF reference
qmof-1959230,270.4,0.34,QMOF reference
qmof-a47217e,358.2,0.94,QMOF reference
qmof-04b37b6,320.6,0.3,QMOF reference
qmof-92d0d93,260.1,0.5,QMOF reference
qmof-25d67cf,338.6,0.43,QMOF reference
qmof-14d7a6e,363.9,0.91,QMOF reference
qmof-4e76516,,FAILED,QMOF reference
qmof-904fd21,511.4,0.7,QMOF reference
qmof-389b9da,342.3,0.2,QMOF reference
qmof-025281e,334.6,0.76,QMOF reference
qmof-54bab96,353.3,0.93,QMOF reference
qmof-2cc3abc,,FAILED,QMOF reference
qmof-6b3eab2,300.6,0.27,QMOF reference
qmof-deb5a1f,330.1,0.74,QMOF reference
qmof-69e32e3,,FAILED,QMOF reference
qmof-a08abd2,255.4,0.88,QMOF reference
qmof-93ecc7d,341.3,0.34,QMOF reference
qmof-eacda82,299.0,0.48,QMOF reference
qmof-054fe48,324.2,0.74,QMOF reference
qmof-0db880c,261.0,0.92,QMOF reference
qmof-3d33384,384.0,0.37,QMOF reference
qmof-05c1e93,255.1,0.94,QMOF reference
qmof-c95d8f1,279.6,0.48,QMOF reference
qmof-61fb59a,322.6,0.93,QMOF reference
qmof-1830dec,353.8,0.92,QMOF reference
qmof-978d756,,FAILED,QMOF reference
qmof-af907bf,370.0,0.73,QMOF reference
qmof-40992cf,321.0,0.89,QMOF reference
qmof-a3aedc5,373.7,0.8,QMOF reference
qmof-5779945,369.7,0.82,QMOF reference
qmof-07bf8f2,,FAILED,QMOF reference
qmof-ab1b823,449.0,0.23,QMOF reference
qmof-f75eb5a,301.9,0.93,QMOF reference
qmof-d690c9a,374.0,0.81,QMOF reference
qmof-35e2d08,362.5,0.37,QMOF reference
qmof-5af8d99,341.5,0.96,QMOF reference
qmof-7ac41d1,409.4,0.51,QMOF reference
qmof-4e5eb48,305.0,0.69,QMOF reference
qmof-4321050,410.1,0.1,QMOF reference
qmof-2d64b34,,FAILED,QMOF reference
qmof-34adcfb,334.6,0.78,QMOF reference
qmof-7570f80,400.9,0.56,QMOF reference
qmof-b0f3adb,403.3,0.82,QMOF reference
qmof-42a0d4f,264.7,0.41,QMOF reference
qmof-be02dba,428.7,0.58,QMOF reference
qmof-efd24b7,339.7,0.99,QMOF reference
qmof-23be8ef,,FAILED,QMOF reference
qmof-eeaea8a,341.6,0.92,QMOF reference
qmof-346883b,,FAILED,QMOF reference
qmof-c870fb3,337.8,0.77,QMOF reference
qmof-736e605,,FAILED,QMOF reference
qmof-ad5daef,260.8,0.88,QMOF reference
qmof-1de31d5,255.8,0.96,QMOF reference
qmof-574737f,329.8,0.96,QMOF reference
qmof-e378426,274.8,0.26,QMOF reference
qmof-4033975,338.7,0.62,QMOF reference
qmof-3ecaab7,284.0,0.15,QMOF reference
qmof-0234a03,286.9,0.71,QMOF reference
qmof-3faf53c,368.6,0.87,QMOF reference
qmof-1c95e68,354.0,0.36,QMOF reference
qmof-35b83fb,311.2,0.37,QMOF reference
qmof-6a27bf1,,FAILED,QMOF reference
qmof-002f097,393.9,0.62,QMOF reference
qmof-fdde254,300.2,0.92,QMOF reference
qmof-32c821b,334.6,0.42,QMOF reference
qmof-0470d6b,365.9,0.58,QMOF reference
qmof-e9be20c,392.5,0.87,QMOF reference
qmof-f99335e,303.2,0.68,QMOF reference
qmof-30ee940,337.5,0.79,QMOF reference
qmof-32307df,463.8,0.9,QMOF reference
qmof-3f56361,302.5,0.75,QMOF reference
qmof-f02b7e5,333.4,0.8,QMOF reference
qmof-947fb3e,311.4,0.78,QMOF reference
qmof-8214361,357.5,0.46,QMOF reference
qmof-7203761,513.5,0.89,QMOF reference
qmof-cbb63eb,,FAILED,QMOF reference
qmof-ff4f709,261.4,0.15,QMOF reference
qmof-788d319,327.2,0.68,QMOF reference
qmof-0bcba24,339.6,0.92,QMOF reference
qmof-7b0b569,348.1,0.79,QMOF reference
qmof-953f377,424.6,0.55,QMOF reference
qmof-00dfd91,294.7,0.87,QMOF reference
qmof-40d5d11,320.3,0.79,QMOF reference
qmof-bcd71bd,430.6,0.76,QMOF reference
qmof-357e9e5,425.9,0.78,QMOF reference
qmof-3f10a21,274.7,0.44,QMOF reference
qmof-50395c8,310.8,0.13,QMOF reference
qmof-c29c8aa,346.1,0.82,QMOF reference
qmof-3a578f8,388.4,0.29,QMOF reference
qmof-10dd4ae,,FAILED,QMOF reference
qmof-51703bc,244.4,0.94,QMOF reference
qmof-58c4b5f,353.6,0.63,QMOF reference
qmof-83b2e7a,340.8,0.73,QMOF reference
qmof-81565fb,320.2,0.73,QMOF reference
qmof-77d0e7b,381.2,0.62,QMOF reference
qmof-6136401,328.5,0.11,QMOF reference
qmof-03b9788,341.4,0.25,QMOF reference
qmof-897b9d2,,FAILED,QMOF reference
qmof-9781eac,344.2,0.93,QMOF reference
qmof-a93bb80,391.0,0.66,QMOF reference
qmof-3c2c204,411.2,0.88,QMOF reference
qmof-e8a2023,,FAILED,QMOF reference
qmof-39dbc08,384.9,0.63,QMOF reference
qmof-ecfba3d,314.3,0.38,QMOF reference
qmof-ba27e2c,,FAILED,QMOF reference
qmof-767b522,318.2,0.84,QMOF reference
qmof-19ccc4f,343.1,0.93,QMOF reference
qmof-b5fe3cc,380.0,0.87,QMOF reference
qmof-9b8979a,320.1,0.83,QMOF reference
qmof-9a9d4a3,216.6,0.49,QMOF reference
qmof-abe1837,431.6,0.84,QMOF reference
qmof-cdec426,347.1,0.92,QMOF reference
qmof-44fa197,319.9,0.82,QMOF reference
qmof-fe5c928,,FAILED,QMOF reference
qmof-62dbb8e,294.5,0.05,QMOF reference
qmof-f6ba89b,361.6,0.85,QMOF reference
qmof-34c6dd2,328.8,0.91,QMOF reference
qmof-e6ecf01,,FAILED,QMOF reference
qmof-be7ee98,349.7,0.93,QMOF reference
qmof-63ec0a7,313.4,0.62,QMOF reference
qmof-5523c6a,352.2,0.95,QMOF reference
qmof-7f871cd,321.5,0.84,QMOF reference
qmof-b5538fe,370.3,0.48,QMOF reference
qmof-0ada7fa,365.6,0.37,QMOF reference
qmof-ac415a0,387.1,0.73,QMOF reference
qmof-358aa19,,FAILED,QMOF reference
qmof-a2f692c,,FAILED,QMOF reference
qmof-307ad32,283.7,0.92,QMOF reference
qmof-fab2f1a,317.0,0.18,QMOF reference
qmof-b133873,,FAILED,QMOF reference
qmof-9cb58fb,320.0,0.68,QMOF reference
qmof-cd92ad7,391.1,0.59,QMOF reference
qmof-a5c1558,278.2,0.48,QMOF reference
qmof-a7b40bb,179.4,0.95,QMOF reference
qmof-7522244,296.6,0.75,QMOF reference
qmof-7de4c1e,342.6,0.94,QMOF reference
qmof-5bf0c2a,331.8,0.78,QMOF reference
qmof-6bef8c5,292.9,0.38,QMOF reference
qmof-4bac9de,,FAILED,QMOF reference
qmof-6c57850,338.3,0.76,QMOF reference
qmof-9444f70,332.8,0.97,QMOF reference
qmof-749c66a,,FAILED,QMOF reference
qmof-04ef21f,437.2,0.83,QMOF reference
qmof-8146e49,323.1,0.91,QMOF reference
qmof-d82fb09,321.2,0.27,QMOF reference
qmof-21fb774,344.5,0.8,QMOF reference
qmof-da0a751,258.3,0.51,QMOF reference
qmof-32a2afb,316.2,0.1,QMOF reference
qmof-229c7a4,,FAILED,QMOF reference
qmof-39c9aa4,339.3,0.93,QMOF reference
qmof-40d82a8,,FAILED,QMOF reference
qmof-f007d80,337.0,0.85,QMOF reference
qmof-4fbba74,349.0,0.54,QMOF reference
qmof-fec4114,274.3,0.75,QMOF reference
qmof-e0e1070,336.8,0.94,QMOF reference
qmof-556e3bc,321.1,0.88,QMOF reference
qmof-df6a8cc,348.4,0.43,QMOF reference
qmof-779c5e3,325.6,0.92,QMOF reference
qmof-3de1c82,383.7,0.54,QMOF reference
qmof-08db645,254.3,0.17,QMOF reference
qmof-af5679f,,FAILED,QMOF reference
qmof-1a7963c,345.8,0.93,QMOF reference
qmof-b27a057,328.5,0.81,QMOF reference
qmof-3ec17f9,305.4,0.12,QMOF reference
qmof-74dd4b3,286.4,0.35,QMOF reference
qmof-3343d76,367.1,0.88,QMOF reference
qmof-90a5ed0,334.7,0.25,QMOF reference
qmof-dd9198d,346.6,0.74,QMOF reference
qmof-5200ba4,381.6,0.93,QMOF reference
qmof-659ba72,356.7,0.43,QMOF reference
qmof-68d7c2d,443.9,0.12,QMOF reference
qmof-ebe52cf,391.7,0.52,QMOF reference
qmof-640eeb6,340.1,0.46,QMOF reference
qmof-fb59727,330.5,0.82,QMOF reference
qmof-b949ab6,391.5,0.54,QMOF reference
qmof-d08dcb5,374.2,0.33,QMOF reference
qmof-9c01853,220.2,0.71,QMOF reference
qmof-0b7af5b,321.5,0.55,QMOF reference
qmof-79bb52e,403.7,0.11,QMOF reference
qmof-53fb8fc,299.0,0.31,QMOF reference
qmof-1c377f5,363.5,0.93,QMOF reference
qmof-fb60f2a,341.5,0.88,QMOF reference
qmof-2684b38,-350.2,0.31,QMOF reference
qmof-8e61c5b,,FAILED,QMOF reference
qmof-2d0fa88,305.8,0.93,QMOF reference
qmof-63270e1,329.9,0.9,QMOF reference
qmof-094c879,308.9,0.26,QMOF reference
qmof-58cb521,405.4,0.9,QMOF reference
qmof-55c6fce,145.1,0.56,QMOF reference
qmof-8a16860,336.7,0.17,QMOF reference
qmof-98cdd63,394.4,0.88,QMOF reference
qmof-d6ff719,321.9,0.26,QMOF reference
qmof-b76665a,,FAILED,QMOF reference
qmof-d280801,363.4,0.8,QMOF reference
qmof-6b29b88,373.2,0.87,QMOF reference
qmof-98ee946,272.7,0.72,QMOF reference
qmof-317320a,314.9,0.94,QMOF reference
qmof-1b6e4f0,,FAILED,QMOF reference
qmof-2ac9dab,291.9,0.35,QMOF reference
qmof-4dfba06,328.1,0.68,QMOF reference
qmof-8f318ef,,FAILED,QMOF reference
qmof-a5fc466,321.8,0.21,QMOF reference
qmof-8366080,318.1,0.28,QMOF reference
qmof-c42d864,,FAILED,QMOF reference
qmof-cae19ba,,FAILED,QMOF reference
qmof-b446b2d,368.1,0.91,QMOF reference
qmof-84f1ff5,283.2,0.91,QMOF reference
qmof-d0fe151,350.6,0.72,QMOF reference
qmof-46eeb9f,,FAILED,QMOF reference
qmof-d192e8d,329.7,0.84,QMOF reference
qmof-b027a49,406.2,0.8,QMOF reference
qmof-b50e343,,FAILED,QMOF reference
qmof-270f527,313.4,0.78,QMOF reference
qmof-d7fd1e2,320.0,0.47,QMOF reference
qmof-8c91698,355.8,0.49,QMOF reference
qmof-4846b1b,412.9,0.77,QMOF reference
qmof-d4a767d,331.4,0.44,QMOF reference
qmof-f124941,393.4,0.91,QMOF reference
qmof-0ffb4d8,,FAILED,QMOF reference
qmof-37eedc4,,FAILED,QMOF reference
qmof-ff3b25a,,FAILED,QMOF reference
qmof-7082d2d,248.3,0.53,QMOF reference
qmof-7ad6610,363.6,0.83,QMOF reference
qmof-940ed95,,FAILED,QMOF reference
qmof-26056e4,391.2,0.85,QMOF reference
qmof-033f4ac,367.7,0.24,QMOF reference
qmof-557e64a,323.5,0.91,QMOF reference
qmof-b1020c2,283.0,0.42,QMOF reference
qmof-96dbdd3,329.4,0.37,QMOF reference
qmof-8057166,390.3,0.75,QMOF reference
qmof-eef0fa0,199.4,0.72,QMOF reference
qmof-566c8f2,231.9,0.11,QMOF reference
qmof-0b98df9,317.0,0.5,QMOF reference
qmof-8e6a68f,295.2,0.74,QMOF reference
qmof-573a6eb,325.4,0.41,QMOF reference
qmof-4472634,152.1,0.4,QMOF reference
qmof-d0d269c,285.1,0.86,QMOF reference
qmof-8563e80,338.4,0.8,QMOF reference
qmof-551cacc,354.2,0.93,QMOF reference
qmof-cd664ad,298.4,0.87,QMOF reference
qmof-bc986a5,263.7,0.25,QMOF reference
qmof-7f0e1cd,305.9,0.88,QMOF reference
qmof-26c54ef,308.2,0.96,QMOF reference
qmof-c0fea9d,369.5,0.83,QMOF reference
qmof-33c5b15,416.3,0.79,QMOF reference
qmof-8d088c8,290.5,0.94,QMOF reference
qmof-11bde68,401.1,0.61,QMOF reference
qmof-7601c86,271.1,0.36,QMOF reference
qmof-8516e22,288.6,0.89,QMOF reference
qmof-372bc82,285.0,0.79,QMOF reference
qmof-ccb2fa3,,FAILED,QMOF reference
qmof-f9117e4,,FAILED,QMOF reference
qmof-2369672,312.0,0.68,QMOF reference
qmof-1cd0928,238.0,0.41,QMOF reference
qmof-a0af1a4,327.8,0.27,QMOF reference
qmof-22ff87f,450.8,0.3,QMOF reference
qmof-e6b3552,,FAILED,QMOF reference
qmof-a80a28a,360.8,0.7,QMOF reference
qmof-bb33e4d,359.3,0.62,QMOF reference
qmof-6d98f40,,FAILED,QMOF reference
qmof-395987f,320.8,0.68,QMOF reference
qmof-a4946ba,263.7,0.59,QMOF reference
qmof-d66d109,398.5,0.3,QMOF reference
qmof-6667c00,,FAILED,QMOF reference
qmof-2a004e6,,FAILED,QMOF reference
qmof-51c2b67,352.2,0.69,QMOF reference
qmof-a2aa4aa,348.1,0.68,QMOF reference
qmof-75cf53c,333.1,0.94,QMOF reference
qmof-510b6b9,296.8,0.95,QMOF reference
qmof-410f77a,418.1,0.83,QMOF reference
qmof-a8f402a,389.4,0.88,QMOF reference
qmof-cdc8395,410.8,0.89,QMOF reference
qmof-e1c9cee,325.1,0.8,QMOF reference
qmof-0908118,330.4,0.31,QMOF reference
qmof-b9907e9,283.1,0.75,QMOF reference
qmof-65ef97b,296.3,0.28,QMOF reference
qmof-02a8243,296.7,0.71,QMOF reference
qmof-18b9578,207.5,0.2,QMOF reference
qmof-bc01827,337.5,0.8,QMOF reference
qmof-361e7d5,299.2,0.72,QMOF reference
qmof-82f44d0,181.0,0.89,QMOF reference
qmof-4ac7df5,,FAILED,QMOF reference
qmof-39f8d6c,306.4,0.53,QMOF reference
qmof-c885572,368.4,0.9,QMOF reference
qmof-bb2d32e,,FAILED,QMOF reference
qmof-4e43b18,332.7,0.81,QMOF reference
qmof-0218bc4,291.1,0.7,QMOF reference
qmof-c7465d6,455.4,0.62,QMOF reference
qmof-0b59814,319.5,0.15,QMOF reference
qmof-a79fff3,300.3,0.88,QMOF reference
qmof-389345a,342.8,0.06,QMOF reference
qmof-ad64f0d,329.6,0.33,QMOF reference
qmof-9bfa4a2,362.3,0.71,QMOF reference
qmof-61450a6,298.8,0.66,QMOF reference
qmof-e0c3176,303.1,0.9,QMOF reference
qmof-4c7d737,403.9,0.9,QMOF reference
qmof-5bedea2,278.8,0.38,QMOF reference
qmof-69adfc8,347.4,0.4,QMOF reference
qmof-c41e374,326.4,0.33,QMOF reference
qmof-14d0875,441.4,0.06,QMOF reference
qmof-35562f1,514.6,0.93,QMOF reference
qmof-d301802,281.7,0.77,QMOF reference
qmof-ef4e692,240.8,0.25,QMOF reference
qmof-a412d83,443.2,0.52,QMOF reference
qmof-b2f7f89,308.4,0.96,QMOF reference
qmof-74d6dbe,404.6,0.55,QMOF reference
qmof-301715f,307.4,0.69,QMOF reference
qmof-d2f7e58,432.7,0.53,QMOF reference
qmof-535bd24,402.9,0.26,QMOF reference
qmof-c6cf80e,235.5,0.49,QMOF reference
qmof-887e94f,314.1,0.53,QMOF reference
qmof-27a6787,324.2,0.86,QMOF reference
qmof-a30aa75,341.9,0.49,QMOF reference
qmof-7a5b1ce,391.9,0.58,QMOF reference
qmof-9e69850,323.4,0.61,QMOF reference
qmof-35fc9d0,270.1,0.75,QMOF reference
qmof-34bf84f,,FAILED,QMOF reference
qmof-0138fe3,278.4,0.81,QMOF reference
qmof-e2065ab,381.1,0.48,QMOF reference
qmof-943ba5c,,FAILED,QMOF reference
qmof-211f33e,340.4,0.09,QMOF reference
qmof-6849271,377.2,0.52,QMOF reference
qmof-a17e0c8,266.6,0.2,QMOF reference
qmof-400a4d4,313.0,0.15,QMOF reference
qmof-60ed3b0,203.3,0.91,QMOF reference
qmof-aec43f9,341.0,0.79,QMOF reference
qmof-503c861,322.3,0.33,QMOF reference
qmof-389e6cf,379.1,0.11,QMOF reference
qmof-d972c84,,FAILED,QMOF reference
qmof-deef83c,331.7,0.06,QMOF reference
qmof-c1579af,374.9,0.49,QMOF reference
qmof-3ea18fa,340.8,0.96,QMOF reference
qmof-37be428,328.5,0.93,QMOF reference
qmof-ce0602b,356.7,0.48,QMOF reference
qmof-acbcce6,291.9,0.35,QMOF reference
qmof-f313ae0,288.6,0.67,QMOF reference
qmof-d382d2b,276.9,0.3,QMOF reference
qmof-3926452,285.6,0.5,QMOF reference
qmof-753b41f,397.1,0.78,QMOF reference
qmof-f876822,-137.7,0.9,QMOF reference
qmof-38ed426,271.7,0.67,QMOF reference
qmof-cda7b48,292.6,0.76,QMOF reference
qmof-f8c9995,,FAILED,QMOF reference
qmof-d79b3e3,281.0,0.75,QMOF reference
qmof-0200810,324.8,0.95,QMOF reference
qmof-6f65d13,319.0,0.47,QMOF reference
qmof-6cc9d61,307.8,0.29,QMOF reference
qmof-ad844af,374.2,0.19,QMOF reference
qmof-00717e8,328.0,0.7,QMOF reference
qmof-dad3c8f,364.7,0.35,QMOF reference
qmof-cabbf40,245.1,0.66,QMOF reference
qmof-8421750,439.8,0.03,QMOF reference
qmof-6b50a2e,384.1,0.88,QMOF reference
qmof-615a56b,346.4,0.93,QMOF reference
qmof-6f67857,,FAILED,QMOF reference
qmof-a02ab20,383.5,0.97,QMOF reference
qmof-baa8c3c,334.1,0.71,QMOF reference
qmof-fb361ae,,FAILED,QMOF reference
qmof-47dde23,,FAILED,QMOF reference
qmof-d0ad78c,318.7,0.25,QMOF reference
qmof-06ddc1e,257.2,0.79,QMOF reference
qmof-ce677e5,,FAILED,QMOF reference
qmof-201a793,334.2,0.87,QMOF reference
qmof-665e243,,FAILED,QMOF reference
qmof-e13923f,344.3,0.74,QMOF reference
qmof-b1626c0,242.7,0.38,QMOF reference
qmof-5f85fca,343.7,0.9,QMOF reference
qmof-99e415f,171.1,0.94,QMOF reference
qmof-bd27e7d,346.1,0.82,QMOF reference
qmof-345c111,261.0,0.6,QMOF reference
qmof-b6828e3,,FAILED,QMOF reference
qmof-5bc7a5e,393.7,0.75,QMOF reference
qmof-ae3c48b,527.7,0.89,QMOF reference
qmof-623be6c,290.1,0.14,QMOF reference
qmof-7591011,309.9,0.14,QMOF reference
qmof-18aa959,245.5,0.22,QMOF reference
qmof-ea93f5d,341.2,0.21,QMOF reference
qmof-3d2b999,328.1,0.8,QMOF reference
qmof-b85094e,352.2,0.36,QMOF reference
qmof-c6b05ae,331.4,0.51,QMOF reference
qmof-74c9eee,,FAILED,QMOF reference
qmof-91c931c,321.8,0.31,QMOF reference
qmof-aff9124,295.4,0.79,QMOF reference
qmof-7c6b60e,375.1,0.81,QMOF reference
qmof-1e236f9,303.9,0.41,QMOF reference
qmof-8617563,295.5,0.79,QMOF reference
qmof-43c7f6d,284.8,0.88,QMOF reference
qmof-1cfb0f0,412.1,0.87,QMOF reference
qmof-d8336ab,,FAILED,QMOF reference
qmof-69fd34d,335.3,0.17,QMOF reference
qmof-f103f24,,FAILED,QMOF reference
qmof-4ef21f3,334.7,0.58,QMOF reference
qmof-380a2f6,302.0,0.87,QMOF reference
qmof-850b075,,FAILED,QMOF reference
qmof-f121f0b,373.5,0.21,QMOF reference
qmof-b8aebf0,309.3,0.27,QMOF reference
qmof-8cfc29d,339.6,0.95,QMOF reference
qmof-3cfd9d8,349.4,0.16,QMOF reference
qmof-017c7fa,226.2,0.1,QMOF reference
qmof-69c8ab1,283.2,0.47,QMOF reference
qmof-63d3a2d,312.3,0.92,QMOF reference
qmof-0a9f80a,411.7,0.81,QMOF reference
qmof-5fa4c3a,275.0,0.54,QMOF reference
qmof-a8ae4f0,349.7,0.69,QMOF reference
qmof-eac3337,355.3,0.78,QMOF reference
qmof-1eee5dc,394.8,0.07,QMOF reference
qmof-021884d,310.2,0.62,QMOF reference
qmof-fe46813,313.8,0.69,QMOF reference
qmof-e39e485,,FAILED,QMOF reference
qmof-9909f44,388.9,0.7,QMOF reference
qmof-6f41f72,,FAILED,QMOF reference
qmof-ab20ef3,379.5,0.93,QMOF reference
qmof-e266949,310.9,0.93,QMOF reference
qmof-3c0b718,377.1,0.91,QMOF reference
qmof-3db4dff,385.6,0.88,QMOF reference
qmof-f79b8b9,290.6,0.34,QMOF reference
qmof-e17884e,309.7,0.62,QMOF reference
qmof-ea6eb95,319.3,0.39,QMOF reference
qmof-c27e251,257.0,0.84,QMOF reference
qmof-ad42031,,FAILED,QMOF reference
qmof-af04ce5,333.0,0.13,QMOF reference
qmof-6363485,334.0,0.27,QMOF reference
qmof-db28f77,280.9,0.61,QMOF reference
qmof-19172d5,283.0,0.84,QMOF reference
qmof-3de7905,425.6,0.78,QMOF reference
qmof-41074b5,299.1,0.22,QMOF reference
qmof-989c153,327.1,0.9,QMOF reference
qmof-22a8f48,275.5,0.93,QMOF reference
qmof-8752e4d,405.8,0.48,QMOF reference
qmof-5684c2b,,FAILED,QMOF reference
qmof-51d789e,207.1,0.34,QMOF reference
qmof-f4d0642,393.2,0.24,QMOF reference
qmof-acf1aaf,414.0,0.67,QMOF reference
qmof-4d20956,332.6,0.94,QMOF reference
qmof-c6a46ca,353.5,0.61,QMOF reference
qmof-26ca78e,383.3,0.65,QMOF reference
qmof-2ba0cce,,FAILED,QMOF reference
qmof-42d64f0,310.0,0.88,QMOF reference
qmof-e52fce8,,FAILED,QMOF reference
qmof-cd491a0,382.7,0.88,QMOF reference
qmof-03acc57,301.0,0.87,QMOF reference
qmof-32ac742,354.5,0.86,QMOF reference
qmof-9b0bbdf,356.6,0.24,QMOF reference
qmof-34d7993,,FAILED,QMOF reference
qmof-93ed13d,,FAILED,QMOF reference
qmof-0b18255,335.2,0.15,QMOF reference
qmof-cb3b518,,FAILED,QMOF reference
qmof-c3733f1,276.2,0.92,QMOF reference
qmof-a579bcf,331.9,0.11,QMOF reference
qmof-b54a192,252.8,0.83,QMOF reference
qmof-19f4a86,319.8,0.15,QMOF reference
qmof-0685926,351.9,0.33,QMOF reference
qmof-16d3134,,FAILED,QMOF reference
qmof-3eee18d,360.8,0.89,QMOF reference
qmof-1ecad92,309.7,0.89,QMOF reference
qmof-921c853,251.6,0.15,QMOF reference
qmof-48426ba,313.9,0.86,QMOF reference
qmof-dcf8019,352.4,0.94,QMOF reference
qmof-f481616,343.3,0.55,QMOF reference
qmof-705ad5b,315.6,0.26,QMOF reference
qmof-161f011,298.4,0.28,QMOF reference
qmof-22994eb,373.9,0.96,QMOF reference
qmof-4a7a5ba,420.9,0.76,QMOF reference
qmof-6007fac,337.8,0.88,QMOF reference
qmof-e4c305d,356.7,0.53,QMOF reference
qmof-beeff21,306.1,0.8,QMOF reference
qmof-6a667dc,405.6,0.31,QMOF reference
qmof-ff5eefe,331.4,0.93,QMOF reference
qmof-a1e2a57,277.3,0.94,QMOF reference
qmof-4aba8b0,306.8,0.9,QMOF reference
qmof-be6c3f5,291.4,0.94,QMOF reference
qmof-222f47b,371.7,0.18,QMOF reference
qmof-7e9c77b,323.4,0.8,QMOF reference
qmof-20abef6,376.4,0.87,QMOF reference
qmof-c59c1d6,436.3,0.68,QMOF reference
qmof-4df7a58,340.1,0.06,QMOF reference
qmof-c129e97,311.3,0.82,QMOF reference
qmof-9e59867,350.4,0.13,QMOF reference
qmof-686888c,351.1,0.95,QMOF reference
qmof-15d237d,255.0,0.41,QMOF reference
qmof-eeec9eb,316.5,0.29,QMOF reference
qmof-37f3872,387.2,0.43,QMOF reference
qmof-8c0f5e2,419.2,0.47,QMOF reference
qmof-9f90a7e,294.9,0.62,QMOF reference
qmof-d1f08b0,,FAILED,QMOF reference
qmof-028b150,307.5,0.93,QMOF reference
qmof-baa1785,363.3,0.68,QMOF reference
qmof-1dffe27,343.3,0.11,QMOF reference
qmof-3311ce4,402.7,0.63,QMOF reference
qmof-0f8fad1,384.9,0.27,QMOF reference
qmof-0f8af41,350.3,0.94,QMOF reference
qmof-1dad8b9,316.8,0.42,QMOF reference
qmof-391b266,303.3,0.9,QMOF reference
qmof-6d5bf88,320.9,0.8,QMOF reference
qmof-f12edcf,347.5,0.09,QMOF reference
qmof-b1309d1,381.7,0.73,QMOF reference
qmof-a8cfc39,,FAILED,QMOF reference
qmof-6241b50,413.4,0.71,QMOF reference
qmof-495436a,369.7,0.76,QMOF reference
qmof-e7f4b5f,294.3,0.68,QMOF reference
qmof-ec26a3f,,FAILED,QMOF reference
qmof-e521dd0,313.9,0.48,QMOF reference
qmof-a7e3a59,381.2,0.94,QMOF reference
qmof-260d7d1,370.0,0.91,QMOF reference
qmof-bfaae9e,,FAILED,QMOF reference
qmof-e25ed12,272.6,0.25,QMOF reference
qmof-1e13a77,,FAILED,QMOF reference
qmof-e9fbf5f,322.1,0.72,QMOF reference
qmof-c631df2,339.5,0.3,QMOF reference
qmof-88f6b3e,316.3,0.11,QMOF reference
qmof-14c3c38,518.2,0.69,QMOF reference
qmof-c81b80b,,FAILED,QMOF reference
qmof-06f319d,341.7,0.72,QMOF reference
qmof-5e04df0,,FAILED,QMOF reference
qmof-d2eb739,309.9,0.17,QMOF reference
qmof-2f3c712,329.4,0.87,QMOF reference
qmof-a3be4b1,235.1,0.91,QMOF reference
qmof-d4d4dbf,376.4,0.92,QMOF reference
qmof-1dccb88,363.7,0.66,QMOF reference
qmof-73ebe68,360.8,0.83,QMOF reference
qmof-a6524a9,,FAILED,QMOF reference
qmof-6d59eab,369.8,0.74,QMOF reference
qmof-a51b2a6,334.0,0.46,QMOF reference
qmof-5c1b397,325.5,0.87,QMOF reference
qmof-c147f6d,,FAILED,QMOF reference
qmof-0eff6c4,311.9,0.33,QMOF reference
qmof-20628ef,312.5,0.94,QMOF reference
qmof-50eb695,372.1,0.91,QMOF reference
qmof-b788d3d,266.7,0.19,QMOF reference
qmof-8c5c19b,363.6,0.87,QMOF reference
qmof-50c40e5,241.3,0.4,QMOF reference
qmof-e6dada5,424.0,0.62,QMOF reference
qmof-d1f2113,451.4,0.27,QMOF reference
qmof-c777fbc,337.6,0.7,QMOF reference
qmof-badd34a,260.5,0.26,QMOF reference
qmof-fcaa8ec,278.0,0.53,QMOF reference
qmof-6beca2a,263.1,0.59,QMOF reference
qmof-5d785bc,308.7,0.86,QMOF reference
qmof-29cb630,309.6,0.67,QMOF reference
qmof-470514c,292.2,0.68,QMOF reference
qmof-b34bf6d,346.0,0.8,QMOF reference
qmof-8ef372e,364.3,0.82,QMOF reference
qmof-6ae8a62,344.9,0.76,QMOF reference
qmof-71a7346,280.5,0.71,QMOF reference
qmof-293bef6,292.8,0.62,QMOF reference
qmof-e36d1f8,335.9,0.23,QMOF reference
qmof-35e3fcd,400.2,0.71,QMOF reference
qmof-f624613,321.6,0.17,QMOF reference
qmof-844af13,397.2,0.85,QMOF reference
qmof-9041b1f,332.5,0.84,QMOF reference
qmof-d2bacb1,349.5,0.68,QMOF reference
qmof-1115f41,276.1,0.52,QMOF reference
qmof-04459f0,351.4,0.87,QMOF reference
qmof-15083de,322.4,0.93,QMOF reference
qmof-e135c8c,284.2,0.19,QMOF reference
qmof-4ea4482,281.4,0.66,QMOF reference
qmof-b76c0ba,218.5,0.42,QMOF reference
qmof-926904e,301.9,0.4,QMOF reference
qmof-2c4be8d,342.7,0.88,QMOF reference
qmof-3adaa65,394.0,0.27,QMOF reference
qmof-b78a98a,368.4,0.6,QMOF reference
qmof-fcedb74,445.9,0.61,QMOF reference
qmof-fedf897,251.6,0.89,QMOF reference
qmof-0de3389,394.8,0.54,QMOF reference
qmof-04a6cff,369.7,0.74,QMOF reference
qmof-af4c0b7,,FAILED,QMOF reference
qmof-0ee6243,390.7,0.17,QMOF reference
qmof-f754d4b,296.3,0.8,QMOF reference
qmof-3e2c2de,292.4,0.81,QMOF reference
qmof-5195997,,FAILED,QMOF reference
qmof-4e32c46,172.2,0.97,QMOF reference
qmof-0eb3aaf,440.3,0.29,QMOF reference
qmof-0ec4fb0,331.8,0.78,QMOF reference
qmof-12dfe13,347.3,0.75,QMOF reference
qmof-c2378eb,424.6,0.34,QMOF reference
qmof-5bdf40a,294.6,0.95,QMOF reference
qmof-7b9e8d1,354.6,0.58,QMOF reference
qmof-64af24e,,FAILED,QMOF reference
qmof-06ba8af,316.2,0.64,QMOF reference
qmof-a45ca63,,FAILED,QMOF reference
qmof-b01ae77,286.7,0.51,QMOF reference
qmof-48f26c5,347.3,0.31,QMOF reference
qmof-3367507,,FAILED,QMOF reference
qmof-f837f30,,FAILED,QMOF reference
qmof-66ff3d3,334.7,0.93,QMOF reference
qmof-4a4cead,364.8,0.88,QMOF reference
qmof-63d089a,325.5,0.83,QMOF reference
qmof-75a4330,345.5,0.82,QMOF reference
qmof-ce9191f,305.3,0.87,QMOF reference
qmof-d02ff27,301.8,0.46,QMOF reference
qmof-ca12032,257.8,0.83,QMOF reference
qmof-9cd8266,304.1,0.68,QMOF reference
qmof-85e4271,385.3,0.02,QMOF reference
qmof-905288f,326.6,0.88,QMOF reference
qmof-d7fd6b7,288.2,0.91,QMOF reference
qmof-1912143,401.3,0.63,QMOF reference
qmof-4fd00dc,248.2,0.48,QMOF reference
qmof-7209f04,305.4,0.73,QMOF reference
qmof-23596df,399.0,0.83,QMOF reference
qmof-5cf67b8,,FAILED,QMOF reference
qmof-ea46652,348.6,0.15,QMOF reference
qmof-d9f5423,424.9,0.89,QMOF reference
qmof-7ccc745,354.4,0.7,QMOF reference
qmof-79f4fee,360.8,0.57,QMOF reference
qmof-e1aeb8c,380.2,0.58,QMOF reference
qmof-d53409f,450.0,0.96,QMOF reference
qmof-0125ba9,304.0,0.31,QMOF reference
qmof-53f9751,312.9,0.6,QMOF reference
qmof-633c6b8,268.3,0.1,QMOF reference
qmof-0036445,,FAILED,QMOF reference
qmof-25323e3,303.4,0.35,QMOF reference
qmof-07c0f40,356.9,0.78,QMOF reference
qmof-b16b8c8,193.2,0.51,QMOF reference
qmof-b262dd5,292.8,0.91,QMOF reference
qmof-33a1180,401.2,0.44,QMOF reference
qmof-8f7bf53,347.4,0.06,QMOF reference
qmof-c494037,330.5,0.22,QMOF reference
qmof-4b84870,,FAILED,QMOF reference
qmof-cc574ac,352.1,0.06,QMOF reference
qmof-18ee42c,,FAILED,QMOF reference
qmof-b5d33ff,361.9,0.88,QMOF reference
qmof-5486f8c,330.4,0.94,QMOF reference
qmof-d843630,265.3,0.67,QMOF reference
qmof-a6e5426,250.4,0.66,QMOF reference
qmof-1be347b,,FAILED,QMOF reference
qmof-55717d4,198.7,0.84,QMOF reference
qmof-d7908a1,382.2,0.43,QMOF reference
qmof-fee2e35,221.1,0.28,QMOF reference
qmof-1d52e5c,,FAILED,QMOF reference
qmof-5be3f38,319.5,0.25,QMOF reference
qmof-6d36b89,286.7,0.64,QMOF reference
qmof-eb06803,328.2,0.39,QMOF reference
qmof-923ce21,345.5,0.7,QMOF reference
qmof-fcdc93e,341.4,0.29,QMOF reference
qmof-f7a818d,298.9,0.75,QMOF reference
qmof-76d8db1,285.4,0.94,QMOF reference
qmof-d545337,260.5,0.44,QMOF reference
qmof-2742f35,199.5,0.68,QMOF reference
qmof-d480554,348.4,0.97,QMOF reference
qmof-0519b22,381.2,0.96,QMOF reference
qmof-26406d0,383.8,0.19,QMOF reference
qmof-f1c0599,339.5,0.37,QMOF reference
qmof-6f208d3,338.2,0.88,QMOF reference
qmof-7212f9b,336.0,0.94,QMOF reference
qmof-27a9cc4,314.4,0.37,QMOF reference
qmof-dd788d7,390.6,0.74,QMOF reference
qmof-fa0b4a5,325.8,0.62,QMOF reference
qmof-4be80e4,377.9,0.75,QMOF reference
qmof-70f891b,372.3,0.36,QMOF reference
qmof-15d20be,442.8,0.54,QMOF reference
qmof-14b170b,293.4,0.1,QMOF reference
qmof-f7bdc4d,280.7,0.37,QMOF reference
qmof-c5e27ca,299.4,0.75,QMOF reference
qmof-4d037f7,256.4,0.06,QMOF reference
qmof-4f9fefd,328.2,0.73,QMOF reference
qmof-13fa4bc,,FAILED,QMOF reference
qmof-40eaaed,374.1,0.51,QMOF reference
qmof-ec57339,,FAILED,QMOF reference
qmof-d45bd61,277.2,0.59,QMOF reference
qmof-284eadc,361.9,0.91,QMOF reference
qmof-bc1a8ec,310.6,0.76,QMOF reference
qmof-1b08f15,362.4,0.87,QMOF reference
qmof-3b8c7b6,249.2,0.93,QMOF reference
qmof-32cddef,299.2,0.21,QMOF reference
qmof-e1b53db,306.7,0.46,QMOF reference
qmof-589b4db,340.2,0.9,QMOF reference
qmof-d8d2250,363.1,0.94,QMOF reference
qmof-d2ddfa4,194.1,0.04,QMOF reference
qmof-3fac439,,FAILED,QMOF reference
qmof-ef61bbc,260.3,0.8,QMOF reference
qmof-837df85,415.1,0.75,QMOF reference
qmof-0644d90,412.1,0.56,QMOF reference
qmof-4d978c3,361.0,0.83,QMOF reference
qmof-62820e8,298.5,0.78,QMOF reference
qmof-785d2dd,373.6,0.96,QMOF reference
qmof-5ab2ae6,326.4,0.7,QMOF reference
qmof-e0cbc06,403.7,0.69,QMOF reference
qmof-fd1f953,246.3,0.51,QMOF reference
qmof-74662f0,373.8,0.95,QMOF reference
qmof-f07cb9e,299.7,0.89,QMOF reference
qmof-545160f,285.1,0.78,QMOF reference
qmof-7a9521c,234.1,0.94,QMOF reference
qmof-e1ae1a6,327.7,0.13,QMOF reference
qmof-c0d6ba5,560.2,0.92,QMOF reference
qmof-31b5401,,FAILED,QMOF reference
qmof-5ded542,368.5,0.37,QMOF reference
qmof-8bc7424,414.4,0.63,QMOF reference
qmof-fa2e3de,371.5,0.89,QMOF reference
qmof-0da3623,294.9,0.91,QMOF reference
qmof-285b2ff,,FAILED,QMOF reference
qmof-3ef90f5,249.1,0.91,QMOF reference
qmof-684e478,388.9,0.96,QMOF reference
qmof-12b0750,289.0,0.37,QMOF reference
qmof-3473fc0,,FAILED,QMOF reference
qmof-814ffa4,306.4,0.51,QMOF reference
qmof-8535569,303.3,0.44,QMOF reference
qmof-8b12648,251.7,0.43,QMOF reference
qmof-77efddb,327.7,0.91,QMOF reference
qmof-40dcc0d,394.2,0.9,QMOF reference
qmof-7f57c73,280.5,0.38,QMOF reference
qmof-97ab01d,272.7,0.91,QMOF reference
qmof-9897045,402.8,0.14,QMOF reference
qmof-ebc5d97,304.8,0.27,QMOF reference
qmof-b9ccb01,355.9,0.46,QMOF reference
qmof-467a98a,379.0,0.71,QMOF reference
qmof-db2adbb,325.7,0.22,QMOF reference
qmof-d007203,285.2,0.57,QMOF reference
qmof-e2e5a46,243.2,0.9,QMOF reference
qmof-cae97a0,,FAILED,QMOF reference
qmof-9184c9f,,FAILED,QMOF reference
qmof-5019f95,394.4,0.86,QMOF reference
qmof-2c06bb8,400.3,0.82,QMOF reference
qmof-44db121,306.2,0.88,QMOF reference
qmof-7a521f7,378.7,0.21,QMOF reference
qmof-b2d0d8a,357.9,0.23,QMOF reference
qmof-3a9ad54,296.6,0.22,QMOF reference
qmof-f26f35e,305.0,0.8,QMOF reference
qmof-a1a0c4a,373.1,0.9,QMOF reference
qmof-98d2d65,339.6,0.06,QMOF reference
qmof-ccfe780,348.7,0.8,QMOF reference
qmof-e8ca785,324.9,0.87,QMOF reference
qmof-2fb75c8,322.3,0.86,QMOF reference
qmof-43b5c02,313.8,0.45,QMOF reference
qmof-fb4e736,275.3,0.41,QMOF reference
qmof-68d8b85,288.4,0.87,QMOF reference
qmof-7d02795,308.0,0.75,QMOF reference
qmof-9430108,400.9,0.88,QMOF reference
qmof-28c91b7,,FAILED,QMOF reference
qmof-768e0c7,359.3,0.95,QMOF reference
qmof-7abfe60,295.3,0.14,QMOF reference
qmof-733d7ee,,FAILED,QMOF reference
qmof-8b6fd08,,FAILED,QMOF reference
qmof-e87e545,,FAILED,QMOF reference
qmof-3650048,307.9,0.33,QMOF reference
qmof-311e4d4,270.8,0.44,QMOF reference
qmof-4625e3c,379.8,0.52,QMOF reference
qmof-6cb09f0,310.7,0.86,QMOF reference
qmof-066cd86,303.8,0.41,QMOF reference
qmof-55c83e8,,FAILED,QMOF reference
qmof-55da0a7,346.5,0.43,QMOF reference
qmof-cb12c69,327.5,0.89,QMOF reference
qmof-ce7e22c,313.0,0.46,QMOF reference
qmof-8b88ed3,,FAILED,QMOF reference
qmof-d38b97e,306.6,0.96,QMOF reference
qmof-f93c790,269.0,0.85,QMOF reference
qmof-66e3860,311.3,0.65,QMOF reference
qmof-8bec27b,310.8,0.72,QMOF reference
qmof-a3307e0,,FAILED,QMOF reference
qmof-002a6da,222.5,0.49,QMOF reference
qmof-8126366,318.0,0.32,QMOF reference
qmof-ad4b0d7,340.5,0.67,QMOF reference
qmof-c3de041,282.4,0.66,QMOF reference
qmof-aed4c70,,FAILED,QMOF reference
qmof-2cfe6c0,239.6,0.94,QMOF reference
qmof-73c479b,,FAILED,QMOF reference
qmof-cd1f5fd,,FAILED,QMOF reference
qmof-494ec46,323.1,0.92,QMOF reference
qmof-20e404f,361.4,0.9,QMOF reference
qmof-d8a055c,287.1,0.39,QMOF reference
qmof-f0fd7ea,,FAILED,QMOF reference
qmof-d1d9677,246.5,0.52,QMOF reference
qmof-e65a1c5,348.3,0.62,QMOF reference
qmof-fe832cc,372.5,0.2,QMOF reference
qmof-8019572,375.8,0.88,QMOF reference
qmof-996e2da,291.6,0.57,QMOF reference
qmof-b7f7543,,FAILED,QMOF reference
qmof-504e891,366.3,0.25,QMOF reference
qmof-97e3855,293.7,0.84,QMOF reference
qmof-a11ead1,288.4,0.85,QMOF reference
qmof-6b9f186,330.4,0.57,QMOF reference
qmof-3f6db6f,316.7,0.58,QMOF reference
qmof-a9f2188,370.6,0.77,QMOF reference
qmof-c4c2419,246.0,0.73,QMOF reference
qmof-e257709,336.7,0.2,QMOF reference
qmof-f1d2d60,344.5,0.12,QMOF reference
qmof-ab54701,,FAILED,QMOF reference
qmof-9d35285,360.8,0.97,QMOF reference
qmof-a08bc23,281.5,0.35,QMOF reference
qmof-351499c,462.3,0.51,QMOF reference
qmof-091c24a,280.4,0.94,QMOF reference
qmof-4b23a6b,369.1,0.77,QMOF reference
qmof-5ee8a95,325.9,0.85,QMOF reference
qmof-1e89fbc,355.5,0.65,QMOF reference
qmof-f11cf88,366.5,0.35,QMOF reference
qmof-0929129,265.7,0.18,QMOF reference
qmof-c304ffc,286.6,0.42,QMOF reference
qmof-ef0bed5,359.5,0.63,QMOF reference
qmof-43cd502,,FAILED,QMOF reference
qmof-fd9f0a1,341.4,0.53,QMOF reference
qmof-c8da207,299.7,0.21,QMOF reference
qmof-a0b7ecf,,FAILED,QMOF reference
qmof-53f3394,332.9,0.9,QMOF reference
qmof-eb10122,283.7,0.76,QMOF reference
qmof-a42e6fd,253.6,0.37,QMOF reference
qmof-5948a73,283.4,0.88,QMOF reference
qmof-477aba3,310.0,0.54,QMOF reference
qmof-ae9181c,,FAILED,QMOF reference
qmof-30dd431,221.4,0.9,QMOF reference
qmof-cbcc1e5,283.4,0.71,QMOF reference
qmof-15415b4,370.1,0.92,QMOF reference
qmof-e5ce578,373.6,0.83,QMOF reference
qmof-6dd300b,353.3,0.75,QMOF reference
qmof-f7fe4be,,FAILED,QMOF reference
qmof-1df1f71,273.9,0.79,QMOF reference
qmof-b62ac2d,396.1,0.66,QMOF reference
qmof-f67379e,327.4,0.96,QMOF reference
qmof-8ba3a23,402.9,0.77,QMOF reference
qmof-f81b336,,FAILED,QMOF reference
qmof-986df6a,261.3,0.42,QMOF reference
qmof-f2d60f2,354.7,0.88,QMOF reference
qmof-52782af,353.3,0.69,QMOF reference
qmof-605d233,308.2,0.66,QMOF reference
qmof-1aa1ca3,312.8,0.88,QMOF reference
qmof-c7c434d,,FAILED,QMOF reference
qmof-df01160,,FAILED,QMOF reference
qmof-a7c578d,311.8,0.81,QMOF reference
qmof-104e204,370.9,0.93,QMOF reference
qmof-4a944d6,,FAILED,QMOF reference
qmof-a5592dd,,FAILED,QMOF reference
qmof-4f4c777,328.4,0.91,QMOF reference
qmof-bbebea0,321.7,0.66,QMOF reference
qmof-66c5af5,370.0,0.61,QMOF reference
qmof-7875743,328.3,0.17,QMOF reference
qmof-ea9f3d3,328.5,0.96,QMOF reference
qmof-46fadab,267.0,0.06,QMOF reference
qmof-ce17f39,305.6,0.84,QMOF reference
qmof-93977b0,356.9,0.37,QMOF reference
qmof-8ce5833,,FAILED,QMOF reference
qmof-cd476a1,368.0,0.75,QMOF reference
qmof-5a0d893,400.0,0.45,QMOF reference
qmof-964b2ed,332.9,0.86,QMOF reference
qmof-1b01e7d,286.1,0.93,QMOF reference
qmof-801a6e7,352.6,0.65,QMOF reference
qmof-5cb01c3,324.4,0.91,QMOF reference
qmof-606a263,278.9,0.9,QMOF reference
qmof-49d6640,347.8,0.76,QMOF reference
qmof-c80cf5d,312.8,0.8,QMOF reference
qmof-ba5af2f,367.9,0.85,QMOF reference
qmof-b78412e,311.0,0.92,QMOF reference
qmof-6903ec5,355.3,0.28,QMOF reference
qmof-21b5725,474.0,0.01,QMOF reference
qmof-c808f5c,,FAILED,QMOF reference
qmof-04b4379,261.0,0.87,QMOF reference
qmof-70d5ada,321.1,0.58,QMOF reference
qmof-43add4e,290.7,0.66,QMOF reference
qmof-99b2b18,357.5,0.11,QMOF reference
qmof-dd2349b,401.4,0.16,QMOF reference
qmof-c584ea0,292.7,0.8,QMOF reference
qmof-6cb27a7,,FAILED,QMOF reference
qmof-99a28de,348.3,0.83,QMOF reference
qmof-8f052bd,284.3,0.47,QMOF reference
qmof-d51d399,457.3,0.9,QMOF reference
qmof-31b1596,424.8,0.77,QMOF reference
qmof-a058edc,347.7,0.35,QMOF reference
qmof-ac56f37,388.4,0.88,QMOF reference
qmof-9c5c154,267.9,0.51,QMOF reference
qmof-4063c99,277.6,0.58,QMOF reference
qmof-005d71c,282.7,0.93,QMOF reference
qmof-c9bb6d6,331.1,0.77,QMOF reference
qmof-19f5483,329.7,0.7,QMOF reference
qmof-280a103,415.8,0.91,QMOF reference
qmof-1b6b7d3,381.9,0.45,QMOF reference
qmof-84bae9f,277.8,0.46,QMOF reference
qmof-f9c3fbb,252.8,0.75,QMOF reference
qmof-5a82cd3,356.1,0.71,QMOF reference
qmof-564a4e1,357.1,0.65,QMOF reference
qmof-c06b2a6,355.2,0.16,QMOF reference
qmof-dee632b,387.8,0.52,QMOF reference
qmof-077d8d1,381.1,0.9,QMOF reference
qmof-92bf85f,375.2,0.76,QMOF reference
qmof-ee0dc19,365.3,0.82,QMOF reference
qmof-6dd9a5a,334.5,0.69,QMOF reference
qmof-e9201ea,,FAILED,QMOF reference
qmof-aa022aa,325.9,0.96,QMOF reference
qmof-d2c5028,361.0,0.11,QMOF reference
qmof-dbf0b69,289.6,0.9,QMOF reference
qmof-ec84fcf,257.8,0.06,QMOF reference
qmof-5bebd76,205.5,0.12,QMOF reference
qmof-f4d66e3,321.9,0.94,QMOF reference
qmof-d105fa0,334.8,0.87,QMOF reference
qmof-4cb438f,367.2,0.82,QMOF reference
qmof-04009cb,485.6,0.94,QMOF reference
qmof-bc655cb,365.6,0.59,QMOF reference
qmof-d08b9c2,,FAILED,QMOF reference
qmof-67dd780,,FAILED,QMOF reference
qmof-88b9c29,405.5,0.69,QMOF reference
qmof-d419bf6,,FAILED,QMOF reference
qmof-9b25d13,,FAILED,QMOF reference
qmof-44fe25a,,FAILED,QMOF reference
qmof-3c60a84,307.4,0.66,QMOF reference
qmof-9914ceb,311.3,0.59,QMOF reference
qmof-a653a76,316.2,0.66,QMOF reference
qmof-08a8079,,FAILED,QMOF reference
qmof-f4464ff,332.5,0.41,QMOF reference
qmof-c4f5db2,311.0,0.49,QMOF reference
qmof-d128027,330.0,0.83,QMOF reference
qmof-ecea9da,370.7,0.9,QMOF reference
qmof-82a10be,356.2,0.41,QMOF reference
qmof-932c046,317.7,0.79,QMOF reference
qmof-b65a2da,362.7,0.71,QMOF reference
qmof-1cdac4b,324.3,0.81,QMOF reference
qmof-154e6f7,347.1,0.89,QMOF reference
qmof-9619575,344.7,0.87,QMOF reference
qmof-6801527,389.3,0.12,QMOF reference
qmof-5b13ca9,317.1,0.78,QMOF reference
qmof-a2b803b,342.0,0.9,QMOF reference
qmof-4cc3c71,298.0,0.41,QMOF reference
qmof-bb7bee0,,FAILED,QMOF reference
qmof-c376f20,312.7,0.44,QMOF reference
qmof-e220ad6,,FAILED,QMOF reference
qmof-ccdbd1a,317.0,0.78,QMOF reference
qmof-48ecb3b,,FAILED,QMOF reference
qmof-1773abb,330.3,0.62,QMOF reference
qmof-84f0656,357.0,0.78,QMOF reference
qmof-f5464fc,383.4,0.69,QMOF reference
qmof-67879cc,357.7,0.55,QMOF reference
qmof-7cd572e,,FAILED,QMOF reference
qmof-754256e,,FAILED,QMOF reference
qmof-d234b42,,FAILED,QMOF reference
qmof-a862aee,277.9,0.71,QMOF reference
qmof-b8f7e2b,378.0,0.44,QMOF reference
qmof-10e0b8f,295.8,0.9,QMOF reference
qmof-5017b88,338.9,0.33,QMOF reference
qmof-535286a,475.0,0.21,QMOF reference
qmof-9002232,302.9,0.65,QMOF reference
qmof-41bc44e,324.1,0.75,QMOF reference
qmof-5ce13e6,,FAILED,QMOF reference
qmof-1138683,442.2,0.72,QMOF reference
qmof-ac2095e,330.5,0.66,QMOF reference
qmof-23bff93,309.7,0.8,QMOF reference
qmof-b04cfde,261.8,0.06,QMOF reference
qmof-3c64d87,404.7,0.91,QMOF reference
qmof-492d2a5,310.2,0.86,QMOF reference
qmof-79beb3b,,FAILED,QMOF reference
qmof-8908571,250.8,0.49,QMOF reference
qmof-92a9fd3,288.6,0.84,QMOF reference
qmof-49dab8b,277.0,0.68,QMOF reference
qmof-8144aa6,395.2,0.88,QMOF reference
qmof-3b2068c,,FAILED,QMOF reference
qmof-be63846,300.2,0.34,QMOF reference
qmof-a178a65,271.6,0.19,QMOF reference
qmof-fea8031,311.3,0.25,QMOF reference
qmof-40b4826,345.7,0.84,QMOF reference
qmof-db56513,303.0,0.77,QMOF reference
qmof-c9f98ce,351.1,0.71,QMOF reference
qmof-c4d906e,255.4,0.82,QMOF reference
qmof-9911345,,FAILED,QMOF reference
qmof-dd5ed6d,341.2,0.95,QMOF reference
qmof-0fc9e65,,FAILED,QMOF reference
qmof-ad34906,294.5,0.54,QMOF reference
qmof-e4cd671,248.2,0.64,QMOF reference
qmof-620c993,465.9,0.9,QMOF reference
qmof-bd1d69c,280.4,0.83,QMOF reference
qmof-4566a23,357.3,0.9,QMOF reference
qmof-9977307,269.4,0.39,QMOF reference
qmof-c067576,337.2,0.09,QMOF reference
qmof-c07ad59,306.5,0.4,QMOF reference
qmof-f224151,398.3,0.86,QMOF reference
qmof-c78d46a,353.1,0.83,QMOF reference
qmof-ea9dec3,354.3,0.41,QMOF reference
qmof-8c5d5bd,336.6,0.83,QMOF reference
qmof-e063fd7,,FAILED,QMOF reference
qmof-dfc0e67,287.5,0.56,QMOF reference
qmof-ca938fe,312.3,0.59,QMOF reference
qmof-c2c0d1c,316.6,0.85,QMOF reference
qmof-037d5ed,404.7,0.67,QMOF reference
qmof-97343a4,307.3,0.77,QMOF reference
qmof-185eeb8,331.0,0.55,QMOF reference
qmof-bf1e290,,FAILED,QMOF reference
qmof-4d2d076,339.5,0.59,QMOF reference
qmof-3ae8344,360.8,0.88,QMOF reference
qmof-3230917,363.2,0.59,QMOF reference
qmof-c34d529,334.3,0.62,QMOF reference
qmof-132ce90,329.4,0.94,QMOF reference
qmof-649b3f2,287.6,0.48,QMOF reference
qmof-c2c8e5e,423.5,0.92,QMOF reference
qmof-63d5759,325.4,0.72,QMOF reference
qmof-b874271,299.5,0.79,QMOF reference
qmof-fc7ce55,252.7,0.25,QMOF reference
qmof-cae0a18,401.2,0.54,QMOF reference
qmof-6bf5ba1,302.1,0.85,QMOF reference
qmof-0836a64,288.0,0.93,QMOF reference
qmof-3d5971c,346.9,0.95,QMOF reference
qmof-0af2d05,,FAILED,QMOF reference
qmof-3e43357,245.1,0.2,QMOF reference
qmof-ed6b003,349.1,0.84,QMOF reference
qmof-105bba5,368.9,0.82,QMOF reference
qmof-68ccdc0,403.4,0.34,QMOF reference
qmof-f3922f0,349.0,0.92,QMOF reference
qmof-0c70758,,FAILED,QMOF reference
qmof-01817c6,154.7,0.66,QMOF reference
qmof-56a38e5,408.1,0.85,QMOF reference
qmof-d3ac615,460.4,0.57,QMOF reference
qmof-9446f9c,207.8,0.51,QMOF reference
qmof-414f2c4,321.7,0.32,QMOF reference
qmof-65e5c0d,,FAILED,QMOF reference
qmof-243715f,288.4,0.32,QMOF reference
qmof-c5532d8,332.8,0.55,QMOF reference
qmof-cf5df73,291.6,0.31,QMOF reference
qmof-c970470,305.5,0.88,QMOF reference
qmof-7024199,279.0,0.75,QMOF reference
qmof-9e3b2f6,,FAILED,QMOF reference
qmof-735cade,205.4,0.35,QMOF reference
qmof-6804926,389.4,0.56,QMOF reference
qmof-b181ab8,373.2,0.84,QMOF reference
qmof-dca107d,310.9,0.81,QMOF reference
qmof-f20b4d7,,FAILED,QMOF reference
qmof-cbb7574,339.9,0.9,QMOF reference
qmof-a40483e,352.7,0.59,QMOF reference
qmof-800900a,357.1,0.07,QMOF reference
qmof-d619909,363.7,0.66,QMOF reference
qmof-d08673d,,FAILED,QMOF reference
qmof-7edf2e5,328.1,0.28,QMOF reference
qmof-bb8f123,,FAILED,QMOF reference
qmof-d816f85,287.4,0.49,QMOF reference
qmof-22d5639,375.7,0.69,QMOF reference
qmof-a956203,295.7,0.08,QMOF reference
qmof-47df5b7,385.1,0.24,QMOF reference
qmof-68cbbe0,307.6,0.59,QMOF reference
qmof-df9f33a,406.9,0.05,QMOF reference
qmof-30b4df3,360.3,0.8,QMOF reference
qmof-a76ffad,314.4,0.31,QMOF reference
qmof-7131987,327.6,0.52,QMOF reference
qmof-14733c4,329.2,0.53,QMOF reference
qmof-8281b85,272.6,0.4,QMOF reference
qmof-46137d9,257.9,0.43,QMOF reference
qmof-c031e4d,314.2,0.83,QMOF reference
qmof-48fe306,383.0,0.87,QMOF reference
qmof-5610288,407.1,0.6,QMOF reference
qmof-7c7ec88,318.5,0.62,QMOF reference
qmof-8e10b7f,373.5,0.29,QMOF reference
qmof-6a77bab,322.8,0.81,QMOF reference
qmof-a170fdf,204.0,0.87,QMOF reference
qmof-6e1e8c2,350.6,0.43,QMOF reference
qmof-99a2b9f,265.4,0.95,QMOF reference
qmof-2030d07,303.7,0.56,QMOF reference
qmof-9d4ba9c,450.6,0.03,QMOF reference
qmof-061fb4f,,FAILED,QMOF reference
qmof-a1744fb,383.4,0.81,QMOF reference
qmof-8995d9d,414.4,0.84,QMOF reference
qmof-5704a73,,FAILED,QMOF reference
qmof-22f1463,261.2,0.94,QMOF reference
qmof-f128020,291.5,0.27,QMOF reference
qmof-b5a0ed9,,FAILED,QMOF reference
qmof-6d5bf51,298.2,0.56,QMOF reference
qmof-5822fdf,,FAILED,QMOF reference
qmof-1c3a44c,294.6,0.73,QMOF reference
qmof-42b991c,406.8,0.8,QMOF reference
qmof-10b2259,456.0,0.03,QMOF reference
qmof-72050a0,354.0,0.38,QMOF reference
qmof-8cc38c9,336.2,0.85,QMOF reference
qmof-76c4851,298.0,0.91,QMOF reference
qmof-1eada0b,323.0,0.5,QMOF reference
qmof-ae25101,309.8,0.79,QMOF reference
qmof-fcdce3e,302.3,0.49,QMOF reference
qmof-f89f9b8,304.3,0.59,QMOF reference
qmof-ff83ea3,,FAILED,QMOF reference
qmof-56a3cc3,329.0,0.66,QMOF reference
qmof-a3b45b1,286.4,0.56,QMOF reference
qmof-8442576,405.2,0.29,QMOF reference
qmof-d4c1cf1,298.5,0.51,QMOF reference
qmof-dff191b,310.5,0.43,QMOF reference
qmof-1246441,303.7,0.87,QMOF reference
qmof-df79c2c,362.9,0.69,QMOF reference
qmof-9784985,344.1,0.27,QMOF reference
qmof-c8b91c4,324.2,0.77,QMOF reference
qmof-677bee0,320.8,0.28,QMOF reference
qmof-eb3a63a,,FAILED,QMOF reference
qmof-25b0904,,FAILED,QMOF reference
qmof-272dfc1,345.0,0.81,QMOF reference
qmof-629f821,373.2,0.25,QMOF reference
qmof-6fcc064,,FAILED,QMOF reference
qmof-3438d5e,416.6,0.22,QMOF reference
qmof-b0e2c87,346.2,0.59,QMOF reference
qmof-ecd87e5,529.6,0.01,QMOF reference
qmof-0e8e396,255.9,0.47,QMOF reference
qmof-72ca0f5,238.7,0.51,QMOF reference
qmof-d943a25,320.9,0.68,QMOF reference
qmof-f9f8c29,334.2,0.65,QMOF reference
qmof-c7c2c9c,331.4,0.29,QMOF reference
qmof-24cd035,329.5,0.04,QMOF reference
qmof-3e1c72a,269.3,0.19,QMOF reference
qmof-5dd6ad5,277.9,0.3,QMOF reference
qmof-6e0400c,270.8,0.22,QMOF reference
qmof-c3167f9,,FAILED,QMOF reference
qmof-fe36d0e,,FAILED,QMOF reference
qmof-80e68a3,346.1,0.87,QMOF reference
qmof-d1453d9,,FAILED,QMOF reference
qmof-7db4ed0,260.7,0.2,QMOF reference
qmof-f7e01af,365.4,0.6,QMOF reference
qmof-3acfc49,300.7,0.96,QMOF reference
qmof-67845a0,359.1,0.78,QMOF reference
qmof-413fe22,294.0,0.45,QMOF reference
qmof-82e7be4,355.6,0.18,QMOF reference
qmof-dfceca3,307.0,0.94,QMOF reference
qmof-afcfed2,262.8,0.15,QMOF reference
qmof-98f643f,,FAILED,QMOF reference
qmof-c98eadd,360.5,0.23,QMOF reference
qmof-146e551,289.4,0.74,QMOF reference
qmof-c590924,,FAILED,QMOF reference
qmof-d4dbf80,365.0,0.67,QMOF reference
qmof-8ab5525,423.8,0.9,QMOF reference
qmof-2ce69a2,270.9,0.91,QMOF reference
qmof-86777db,369.3,0.18,QMOF reference
qmof-9d2522c,238.8,0.79,QMOF reference
qmof-9e009cd,361.9,0.46,QMOF reference
qmof-6b0284c,336.4,0.45,QMOF reference
qmof-2972f3b,334.5,0.36,QMOF reference
qmof-91cf2d0,170.7,0.52,QMOF reference
qmof-fa9f508,279.6,0.48,QMOF reference
qmof-2de4c15,256.2,0.16,QMOF reference
qmof-0f4c4fd,311.0,0.7,QMOF reference
qmof-19ecdb0,290.1,0.34,QMOF reference
qmof-a0717aa,246.2,0.86,QMOF reference
qmof-05d5336,249.6,0.77,QMOF reference
qmof-aa83c13,255.6,0.56,QMOF reference
qmof-c8ae741,292.2,0.82,QMOF reference
qmof-a687e6e,366.7,0.77,QMOF reference
qmof-31db037,372.6,0.08,QMOF reference
qmof-eaed70a,343.3,0.33,QMOF reference
qmof-beb7ad4,281.2,0.34,QMOF reference
qmof-860ab15,265.8,0.25,QMOF reference
qmof-b71af70,232.7,0.07,QMOF reference
qmof-eab8919,417.1,0.86,QMOF reference
qmof-b7f9162,365.1,0.88,QMOF reference
qmof-4512619,326.3,0.56,QMOF reference
qmof-c67450f,315.0,0.44,QMOF reference
qmof-cbc2d33,,FAILED,QMOF reference
qmof-3865138,300.3,0.89,QMOF reference
qmof-009a8f3,263.8,0.93,QMOF reference
qmof-44a4cb1,,FAILED,QMOF reference
qmof-2353005,386.0,0.43,QMOF reference
qmof-a6f287b,240.4,0.49,QMOF reference
qmof-221b692,356.0,0.53,QMOF reference
qmof-e4f97d4,393.6,0.51,QMOF reference
qmof-e209021,291.3,0.54,QMOF reference
qmof-40d9081,337.1,0.45,QMOF reference
qmof-2593255,352.6,0.94,QMOF reference
qmof-702a0a9,,FAILED,QMOF reference
qmof-d72f498,,FAILED,QMOF reference
qmof-29c1a31,,FAILED,QMOF reference
qmof-14d74fb,336.9,0.84,QMOF reference
qmof-44399ca,302.3,0.75,QMOF reference
qmof-fc70d86,299.5,0.56,QMOF reference
qmof-ce0d778,,FAILED,QMOF reference
qmof-96a0495,,FAILED,QMOF reference
qmof-6d43fc9,448.8,0.19,QMOF reference
qmof-b46c098,238.0,0.94,QMOF reference
qmof-6c434d5,282.6,0.88,QMOF reference
qmof-da67d2d,361.4,0.95,QMOF reference
qmof-7245894,432.3,0.14,QMOF reference
qmof-c98c976,281.7,0.86,QMOF reference
qmof-1594a7d,369.6,0.68,QMOF reference
qmof-d44edd6,,FAILED,QMOF reference
qmof-340ce1d,335.8,0.4,QMOF reference
qmof-c22a135,277.9,0.42,QMOF reference
qmof-7ff9d4f,337.8,0.81,QMOF reference
qmof-a53daff,371.5,0.86,QMOF reference
qmof-04fb851,283.8,0.88,QMOF reference
qmof-97c430f,316.5,0.53,QMOF reference
qmof-1a5f532,342.9,0.63,QMOF reference
qmof-524b152,302.8,0.88,QMOF reference
qmof-136c064,313.0,0.75,QMOF reference
qmof-4216ae0,353.2,0.63,QMOF reference
qmof-4239c21,405.1,0.95,QMOF reference
qmof-963fe22,354.7,0.67,QMOF reference
qmof-cbf7280,289.7,0.25,QMOF reference
qmof-05aec6d,440.6,0.9,QMOF reference
qmof-75ed9bb,385.7,0.92,QMOF reference
qmof-6d2b4bc,402.3,0.91,QMOF reference
qmof-25baf67,320.0,0.78,QMOF reference
qmof-4774c35,,FAILED,QMOF reference
qmof-e79329c,313.2,0.75,QMOF reference
qmof-649c1c3,388.1,0.81,QMOF reference
qmof-eeac529,456.0,0.92,QMOF reference
qmof-64fd5f3,321.0,0.94,QMOF reference
qmof-5797324,333.8,0.77,QMOF reference
qmof-e7c9e5e,,FAILED,QMOF reference
qmof-964299d,295.9,0.56,QMOF reference
qmof-726afcd,343.2,0.58,QMOF reference
qmof-de86b8a,262.1,0.82,QMOF reference
qmof-c831035,316.0,0.96,QMOF reference
qmof-90b10ec,,FAILED,QMOF reference
qmof-5785856,312.3,0.84,QMOF reference
qmof-c6f066c,299.3,0.19,QMOF reference
qmof-44c9442,370.3,0.94,QMOF reference
qmof-2b58edc,309.4,0.72,QMOF reference
qmof-fad850c,308.6,0.54,QMOF reference
qmof-82f67c4,,FAILED,QMOF reference
qmof-2f75408,301.7,0.77,QMOF reference
qmof-b3afc61,382.7,0.73,QMOF reference
qmof-cbb3b86,346.5,0.77,QMOF reference
qmof-d441ad0,314.9,0.82,QMOF reference
qmof-c214461,242.9,0.9,QMOF reference
qmof-6b5da26,441.8,0.83,QMOF reference
qmof-64004a0,,FAILED,QMOF reference
qmof-7c3b12f,,FAILED,QMOF reference
qmof-a80578f,350.6,0.41,QMOF reference
qmof-120a229,320.6,0.2,QMOF reference
qmof-88c8be3,379.2,0.71,QMOF reference
qmof-e9d7079,334.4,0.47,QMOF reference
qmof-d6fed85,423.2,0.07,QMOF reference
qmof-610a5df,317.9,0.75,QMOF reference
qmof-d81f26e,298.4,0.52,QMOF reference
qmof-fb21497,503.6,0.9,QMOF reference
qmof-1e80f26,311.6,0.89,QMOF reference
qmof-1aec1d8,278.7,0.8,QMOF reference
qmof-8760b7a,417.0,0.32,QMOF reference
qmof-3480067,310.4,0.62,QMOF reference
qmof-c2422d6,332.7,0.83,QMOF reference
qmof-f58baa7,321.0,0.31,QMOF reference
qmof-f172a75,285.9,0.89,QMOF reference
qmof-02303e3,,FAILED,QMOF reference
qmof-b831156,432.7,0.96,QMOF reference
qmof-5bcdd74,326.5,0.96,QMOF reference
qmof-caacf39,,FAILED,QMOF reference
qmof-b618011,,FAILED,QMOF reference
qmof-e534471,221.7,0.62,QMOF reference
qmof-ca4b8ca,349.8,0.74,QMOF reference
qmof-f2ed1a3,324.4,0.78,QMOF reference
qmof-31ce794,317.0,0.24,QMOF reference
qmof-dfcf058,412.9,0.74,QMOF reference
qmof-3a3b856,366.2,0.42,QMOF reference
qmof-4bb80ea,291.4,0.15,QMOF reference
qmof-4f93555,342.7,0.39,QMOF reference
qmof-129e0cb,311.2,0.87,QMOF reference
qmof-67c12e6,,FAILED,QMOF reference
qmof-0fb4857,329.1,0.53,QMOF reference
qmof-4f9c014,,FAILED,QMOF reference
qmof-c992d6c,343.8,0.54,QMOF reference
qmof-6d11fd4,254.2,0.84,QMOF reference
qmof-2ff6bbd,360.1,0.87,QMOF reference
qmof-2a4c288,301.4,0.86,QMOF reference
qmof-54a5576,385.2,0.93,QMOF reference
qmof-e0986d0,390.7,0.65,QMOF reference
qmof-aeff75b,394.8,0.81,QMOF reference
qmof-265b56c,255.0,0.09,QMOF reference
qmof-880a9d7,298.4,0.9,QMOF reference
qmof-b1f19f1,349.9,0.7,QMOF reference
qmof-be62b7d,332.5,0.27,QMOF reference
qmof-88bea54,,FAILED,QMOF reference
qmof-13bee8a,335.8,0.96,QMOF reference
qmof-6536a93,330.2,0.92,QMOF reference
qmof-1ba259a,374.5,0.75,QMOF reference
qmof-1dc8075,351.0,0.75,QMOF reference
qmof-ed34559,251.6,0.62,QMOF reference
qmof-ba9830b,377.6,0.83,QMOF reference
qmof-da78929,,FAILED,QMOF reference
qmof-eebc213,332.3,0.66,QMOF reference
qmof-b876da4,,FAILED,QMOF reference
qmof-4d736f8,448.5,0.17,QMOF reference
qmof-dd5a73e,322.8,0.82,QMOF reference
qmof-0906587,,FAILED,QMOF reference
qmof-9cc3331,282.0,0.55,QMOF reference
qmof-50a10db,325.5,0.7,QMOF reference
qmof-40ed74e,342.4,0.88,QMOF reference
qmof-1e4f7f4,331.8,0.81,QMOF reference
qmof-01324e2,372.8,0.25,QMOF reference
qmof-dc36a7d,479.0,0.93,QMOF reference
qmof-b41eac4,429.6,0.71,QMOF reference
qmof-6560f89,406.2,0.81,QMOF reference
qmof-2bd31fe,287.2,0.77,QMOF reference
qmof-9e74cf8,331.9,0.67,QMOF reference
qmof-0b8fec1,456.6,0.06,QMOF reference
qmof-165aee3,291.2,0.82,QMOF reference
qmof-65a318d,,FAILED,QMOF reference
qmof-b03916f,368.1,0.23,QMOF reference
qmof-e6ff6a8,,FAILED,QMOF reference
qmof-c1189cc,378.6,0.55,QMOF reference
qmof-20119ca,341.2,0.2,QMOF reference
qmof-3a1f7d3,297.8,0.94,QMOF reference
qmof-7003032,316.6,0.57,QMOF reference
qmof-db10139,305.8,0.82,QMOF reference
qmof-2cfeca5,283.6,0.83,QMOF reference
qmof-a149d95,408.5,0.87,QMOF reference
qmof-074d5dc,331.8,0.52,QMOF reference
qmof-7d0fb3f,255.1,0.85,QMOF reference
qmof-ec81e8a,350.8,0.96,QMOF reference
qmof-6b33ff9,-48.0,0.6,QMOF reference
qmof-6d1205f,,FAILED,QMOF reference
qmof-083a454,,FAILED,QMOF reference
qmof-480b093,,FAILED,QMOF reference
qmof-9bda469,292.7,0.66,QMOF reference
qmof-a7dad4f,,FAILED,QMOF reference
qmof-c0f392b,296.2,0.76,QMOF reference
qmof-9650908,246.5,0.94,QMOF reference
qmof-029d2b0,329.7,0.64,QMOF reference
qmof-46e2f92,308.1,0.42,QMOF reference
qmof-6ab2c9d,372.9,0.81,QMOF reference
qmof-b86fd8c,415.3,0.35,QMOF reference
qmof-260d2c2,445.2,0.03,QMOF reference
qmof-5a93d85,,FAILED,QMOF reference
qmof-88adb93,398.5,0.72,QMOF reference
qmof-6f89314,400.0,0.84,QMOF reference
qmof-69c76a6,,FAILED,QMOF reference
qmof-db703b3,351.8,0.71,QMOF reference
qmof-67def0f,369.7,0.62,QMOF reference
qmof-0c9867d,299.1,0.54,QMOF reference
qmof-caa947a,396.5,0.28,QMOF reference
qmof-aea0932,374.5,0.85,QMOF reference
qmof-f790024,383.9,0.83,QMOF reference
qmof-9d86f1e,,FAILED,QMOF reference
qmof-f82b5e3,348.0,0.09,QMOF reference
qmof-0549081,254.3,0.81,QMOF reference
qmof-f9d7350,318.1,0.94,QMOF reference
qmof-439bd40,263.6,0.74,QMOF reference
qmof-55b0928,,FAILED,QMOF reference
qmof-59647cc,307.4,0.24,QMOF reference
qmof-a5ebf1c,364.7,0.87,QMOF reference
qmof-81da3e7,358.0,0.87,QMOF reference
qmof-c565572,347.8,0.4,QMOF reference
qmof-8870d8c,315.1,0.72,QMOF reference
qmof-b2c2ca4,345.7,0.28,QMOF reference
qmof-68e5457,307.9,0.34,QMOF reference
qmof-6afa476,263.8,0.92,QMOF reference
qmof-fff4e91,373.4,0.94,QMOF reference
qmof-7ef70f6,324.2,0.58,QMOF reference
qmof-e098d8f,390.3,0.44,QMOF reference
qmof-9821670,266.8,0.17,QMOF reference
qmof-1c5ef47,297.2,0.51,QMOF reference
qmof-3b83143,363.1,0.51,QMOF reference
qmof-b8022fd,367.1,0.78,QMOF reference
qmof-f6329bc,287.9,0.32,QMOF reference
qmof-a37c7c3,389.0,0.73,QMOF reference
qmof-ea6c0f9,278.1,0.56,QMOF reference
qmof-0f322ba,410.3,0.69,QMOF reference
qmof-fa5769f,367.2,0.94,QMOF reference
qmof-5ae8b7a,409.9,0.47,QMOF reference
qmof-2f29597,436.8,0.36,QMOF reference
qmof-ba7e598,286.5,0.13,QMOF reference
qmof-99c6d96,,FAILED,QMOF reference
qmof-f3458d7,,FAILED,QMOF reference
qmof-de50972,341.6,0.85,QMOF reference
qmof-4920099,250.5,0.75,QMOF reference
qmof-f7aa66a,330.2,0.75,QMOF reference
qmof-fcceb2e,,FAILED,QMOF reference
qmof-ffe1312,334.5,0.73,QMOF reference
qmof-3121e49,287.8,0.47,QMOF reference
qmof-f3823e0,389.3,0.38,QMOF reference
qmof-9783d02,294.8,0.13,QMOF reference
qmof-b792eba,309.1,0.91,QMOF reference
qmof-5797937,385.3,0.25,QMOF reference
qmof-3ed54a7,,FAILED,QMOF reference
qmof-6b7db42,380.0,0.25,QMOF reference
qmof-41ba790,339.2,0.77,QMOF reference
qmof-099bbbc,312.2,0.91,QMOF reference
qmof-55e600e,302.8,0.94,QMOF reference
qmof-2c5eeb2,382.6,0.87,QMOF reference
qmof-a4a3887,250.9,0.72,QMOF reference
qmof-1ffeb2b,359.2,0.83,QMOF reference
qmof-0cb0659,300.5,0.95,QMOF reference
qmof-c39c398,218.3,0.38,QMOF reference
qmof-810dc2c,280.8,0.82,QMOF reference
qmof-bba4ac2,401.2,0.94,QMOF reference
qmof-1355ac2,374.3,0.95,QMOF reference
qmof-e8f2cbb,296.7,0.6,QMOF reference
qmof-a50b67b,374.1,0.57,QMOF reference
qmof-9e65bc4,323.1,0.83,QMOF reference
qmof-8912cf1,325.5,0.92,QMOF reference
qmof-5c10c69,385.9,0.1,QMOF reference
qmof-5b4883b,334.3,0.85,QMOF reference
qmof-638e1d5,,FAILED,QMOF reference
qmof-324fde1,258.9,0.25,QMOF reference
qmof-798dedc,361.7,0.43,QMOF reference
qmof-13dfbe2,328.1,0.89,QMOF reference
qmof-66698de,329.9,0.95,QMOF reference
qmof-ef4b2a7,242.6,0.51,QMOF reference
qmof-e106856,353.4,0.69,QMOF reference
qmof-6bab288,327.1,0.82,QMOF reference
qmof-06fdc4b,307.3,0.92,QMOF reference
qmof-4994fff,348.6,0.72,QMOF reference
qmof-9c78145,279.9,0.64,QMOF reference
qmof-6bdb3b0,426.2,0.32,QMOF reference
qmof-6cdd83e,399.7,0.91,QMOF reference
qmof-56168eb,,FAILED,QMOF reference
qmof-8469bbb,232.2,0.82,QMOF reference
qmof-8c9e787,349.7,0.52,QMOF reference
qmof-25eb644,303.0,0.61,QMOF reference
qmof-03dbef3,336.1,0.8,QMOF reference
qmof-6b00943,339.7,0.52,QMOF reference
qmof-99aa4cb,,FAILED,QMOF reference
qmof-394c590,283.6,0.93,QMOF reference
qmof-a67f501,345.1,0.77,QMOF reference
qmof-5b34637,408.5,0.72,QMOF reference
qmof-0fac6c2,321.1,0.34,QMOF reference
qmof-8f9170f,317.2,0.61,QMOF reference
qmof-d9f6091,398.9,0.26,QMOF reference
qmof-b2849dd,,FAILED,QMOF reference
qmof-cadcc0c,405.8,0.41,QMOF reference
qmof-3691386,,FAILED,QMOF reference
qmof-a032a19,410.6,0.62,QMOF reference
qmof-8ce647a,,FAILED,QMOF reference
qmof-0bae887,422.9,0.88,QMOF reference
qmof-ecf9ede,,FAILED,QMOF reference
qmof-3173783,,FAILED,QMOF reference
qmof-31a720c,,FAILED,QMOF reference
qmof-7817ae0,392.8,0.72,QMOF reference
qmof-65bb65d,329.0,0.84,QMOF reference
qmof-938e807,390.3,0.68,QMOF reference
qmof-e85b2e9,419.1,0.75,QMOF reference
qmof-ac2a5eb,288.3,0.56,QMOF reference
qmof-145a0bf,343.6,0.59,QMOF reference
qmof-28b48d0,463.8,0.15,QMOF reference
qmof-0154f42,,FAILED,QMOF reference
qmof-0f15801,325.9,0.81,QMOF reference
qmof-4912f4f,375.9,0.76,QMOF reference
qmof-1a0195d,323.1,0.58,QMOF reference
qmof-d1565a5,,FAILED,QMOF reference
qmof-fed56cc,352.9,0.65,QMOF reference
qmof-67c43cd,320.5,0.86,QMOF reference
qmof-a3d9f1e,319.0,0.76,QMOF reference
qmof-ab576dc,373.2,0.96,QMOF reference
qmof-ed92b64,,FAILED,QMOF reference
qmof-7a701d8,,FAILED,QMOF reference
qmof-83d0f4f,291.6,0.12,QMOF reference
qmof-1ff5688,440.2,0.26,QMOF reference
qmof-c6eef3b,298.6,0.35,QMOF reference
qmof-4cc46fe,287.4,0.62,QMOF reference
qmof-59cc8f1,395.6,0.87,QMOF reference
qmof-10c6410,223.6,0.82,QMOF reference
qmof-f053fb2,343.4,0.76,QMOF reference
qmof-48b0e97,,FAILED,QMOF reference
qmof-cc550ed,271.4,0.68,QMOF reference
qmof-ed31a4e,398.9,0.64,QMOF reference
qmof-209cb4f,,FAILED,QMOF reference
qmof-c801804,436.9,0.72,QMOF reference
qmof-bde20a7,312.3,0.58,QMOF reference
qmof-dbfd3f6,294.1,0.45,QMOF reference
qmof-6e939e4,396.5,0.96,QMOF reference
qmof-79237e4,374.1,0.22,QMOF reference
qmof-235140d,396.1,0.88,QMOF reference
qmof-e4d678d,293.6,0.73,QMOF reference
qmof-edddea1,300.1,0.14,QMOF reference
qmof-bb6d616,257.5,0.66,QMOF reference
qmof-f681f30,329.3,0.1,QMOF reference
qmof-a5ad549,353.3,0.8,QMOF reference
qmof-4e25873,370.2,0.75,QMOF reference
qmof-4f3510c,235.4,0.26,QMOF reference
qmof-f19ab74,397.2,0.95,QMOF reference
qmof-e3afbd2,358.9,0.26,QMOF reference
qmof-18add0a,255.1,0.53,QMOF reference
qmof-b9019be,247.3,0.57,QMOF reference
qmof-2d57373,,FAILED,QMOF reference
qmof-b923499,392.2,0.56,QMOF reference
qmof-aad07bd,295.3,0.72,QMOF reference
qmof-c9ad215,357.3,0.87,QMOF reference
qmof-a7cd6ff,321.0,0.84,QMOF reference
qmof-628adc7,273.7,0.66,QMOF reference
qmof-c0f8b53,322.8,0.5,QMOF reference
qmof-2522b56,321.7,0.24,QMOF reference
qmof-d96997b,410.6,0.64,QMOF reference
qmof-592d33d,264.6,0.78,QMOF reference
qmof-f204bbf,377.9,0.42,QMOF reference
qmof-6d4cad7,429.7,0.24,QMOF reference
qmof-64499d3,331.1,0.88,QMOF reference
qmof-63babd7,409.8,0.71,QMOF reference
qmof-11ca141,307.1,0.62,QMOF reference
qmof-0e45b30,276.7,0.07,QMOF reference
qmof-e8bfbcc,225.0,0.68,QMOF reference
qmof-9f43508,400.8,0.86,QMOF reference
qmof-2f226ec,393.0,0.91,QMOF reference
qmof-2549388,341.0,0.74,QMOF reference
qmof-4d62153,,FAILED,QMOF reference
qmof-ab01344,368.3,0.21,QMOF reference
qmof-f2dfd22,222.1,0.2,QMOF reference
qmof-4624c90,269.0,0.79,QMOF reference
qmof-04ab17d,,FAILED,QMOF reference
qmof-b63d622,293.8,0.94,QMOF reference
qmof-45d96c5,,FAILED,QMOF reference
qmof-8a28a78,316.3,0.28,QMOF reference
qmof-dca4eee,315.7,0.8,QMOF reference
qmof-2c5cf65,343.2,0.6,QMOF reference
qmof-5acf2ab,354.3,0.71,QMOF reference
qmof-d552231,374.1,0.84,QMOF reference
qmof-a9bd3f7,335.8,0.77,QMOF reference
qmof-c2a0d63,385.2,0.92,QMOF reference
qmof-173a8d7,,FAILED,QMOF reference
qmof-277f9e3,337.2,0.19,QMOF reference
qmof-edf109c,448.4,0.96,QMOF reference
qmof-0e1ca5d,317.5,0.14,QMOF reference
qmof-a155c71,352.6,0.35,QMOF reference
qmof-9cb2899,339.0,0.74,QMOF reference
qmof-8b31c3e,343.1,0.88,QMOF reference
qmof-c93d7b2,,FAILED,QMOF reference
qmof-d766859,,FAILED,QMOF reference
qmof-ec8a9b7,351.5,0.78,QMOF reference
qmof-c522b2f,307.1,0.33,QMOF reference
qmof-071aca9,,FAILED,QMOF reference
qmof-71c9e40,314.1,0.35,QMOF reference
qmof-90e1089,335.2,0.33,QMOF reference
qmof-7b32e35,246.2,0.26,QMOF reference
qmof-e583b8f,,FAILED,QMOF reference
qmof-593eb07,274.5,0.55,QMOF reference
qmof-1d4f4cd,333.8,0.18,QMOF reference
qmof-76724f2,300.3,0.9,QMOF reference
qmof-a5d4659,204.8,0.92,QMOF reference
qmof-2b95566,238.4,0.9,QMOF reference
qmof-fca87d6,349.6,0.39,QMOF reference
qmof-c74e6fb,,FAILED,QMOF reference
qmof-59cc2cc,302.1,0.48,QMOF reference
qmof-0b835b0,241.2,0.83,QMOF reference
qmof-bf74329,,FAILED,QMOF reference
qmof-e2e4331,381.0,0.77,QMOF reference
qmof-6852054,289.4,0.33,QMOF reference
qmof-538ac2e,298.8,0.83,QMOF reference
qmof-cec6418,340.7,0.68,QMOF reference
qmof-092f35f,279.9,0.28,QMOF reference
qmof-05c81b9,349.2,0.66,QMOF reference
qmof-7ec1ffb,360.8,0.81,QMOF reference
qmof-fbd118f,354.1,0.88,QMOF reference
qmof-ea0f641,235.3,0.73,QMOF reference
qmof-013ec70,255.9,0.7,QMOF reference
qmof-7ffb302,,FAILED,QMOF reference
qmof-6199c6e,,FAILED,QMOF reference
qmof-1ddbf02,422.1,0.87,QMOF reference
qmof-aa9688f,,FAILED,QMOF reference
qmof-cdc8443,395.6,0.96,QMOF reference
qmof-385daac,,FAILED,QMOF reference
qmof-ff3e7ef,374.0,0.66,QMOF reference
qmof-4b62488,281.6,0.57,QMOF reference
qmof-1088b38,391.2,0.73,QMOF reference
qmof-65d1b27,404.1,0.58,QMOF reference
qmof-a2d53f7,308.5,0.58,QMOF reference
qmof-e29169f,332.9,0.18,QMOF reference
qmof-e8a62f9,325.1,0.88,QMOF reference
qmof-216904a,383.3,0.26,QMOF reference
qmof-208d642,278.6,0.78,QMOF reference
qmof-0142f6b,377.0,0.79,QMOF reference
qmof-1b058a2,,FAILED,QMOF reference
qmof-09f59ca,-498.3,0.85,QMOF reference
qmof-824f9fd,330.7,0.24,QMOF reference
qmof-4c5a21f,337.8,0.85,QMOF reference
qmof-16f859b,328.6,0.6,QMOF reference
qmof-a2e38a3,310.1,0.65,QMOF reference
qmof-b1b2117,338.1,0.93,QMOF reference
qmof-40df476,275.5,0.95,QMOF reference
qmof-42b6f78,300.8,0.62,QMOF reference
qmof-1b3859b,288.3,0.37,QMOF reference
qmof-13e3530,,FAILED,QMOF reference
qmof-1f78c54,289.0,0.09,QMOF reference
qmof-ab5d6dc,319.4,0.14,QMOF reference
qmof-d6ff6f7,250.5,0.83,QMOF reference
qmof-10dcb6e,389.0,0.9,QMOF reference
qmof-093528a,,FAILED,QMOF reference
qmof-b0dea53,170.4,0.85,QMOF reference
qmof-07ecb86,340.2,0.41,QMOF reference
qmof-366b70d,,FAILED,QMOF reference
qmof-6729ffe,294.2,0.61,QMOF reference
qmof-768b4df,170.4,0.88,QMOF reference
qmof-2c7948e,317.6,0.92,QMOF reference
qmof-37e47d6,336.9,0.95,QMOF reference
qmof-fa02d60,322.8,0.68,QMOF reference
qmof-f4a5f09,341.1,0.92,QMOF reference
qmof-0088633,524.2,0.9,QMOF reference
qmof-cde9aa1,383.9,0.91,QMOF reference
qmof-6d509b7,,FAILED,QMOF reference
qmof-ae898ee,225.3,0.85,QMOF reference
qmof-dbdc93d,417.0,0.92,QMOF reference
qmof-e2185c7,271.1,0.76,QMOF reference
qmof-2c669f5,436.0,0.69,QMOF reference
qmof-9168a42,384.4,0.53,QMOF reference
qmof-c71dee9,218.3,0.66,QMOF reference
qmof-32ad761,384.9,0.69,QMOF reference
qmof-09f6927,311.1,0.94,QMOF reference
qmof-d6ed24c,,FAILED,QMOF reference
qmof-f563388,357.5,0.41,QMOF reference
qmof-deab150,325.5,0.9,QMOF reference
qmof-904178f,339.8,0.74,QMOF reference
qmof-e6fa2a2,402.8,0.14,QMOF reference
qmof-68afeea,376.5,0.91,QMOF reference
qmof-b02e343,342.2,0.5,QMOF reference
qmof-710b24d,360.5,0.89,QMOF reference
qmof-37e0784,263.6,0.75,QMOF reference
qmof-f309089,346.6,0.25,QMOF reference
qmof-c5e40a9,331.7,0.49,QMOF reference
qmof-0556e4a,286.5,0.74,QMOF reference
qmof-b3af55f,321.7,0.48,QMOF reference
qmof-06d5557,322.0,0.66,QMOF reference
qmof-9fd6fe0,297.3,0.84,QMOF reference
qmof-bb23621,296.7,0.9,QMOF reference
qmof-0158018,324.9,0.67,QMOF reference
qmof-cebd596,,FAILED,QMOF reference
qmof-cfe9c1c,396.1,0.83,QMOF reference
qmof-d130b00,337.0,0.91,QMOF reference
qmof-11f7d05,476.3,0.81,QMOF reference
qmof-a7ea515,,FAILED,QMOF reference
qmof-72168ad,316.5,0.17,QMOF reference
qmof-4a03d2c,,FAILED,QMOF reference
qmof-dfe29e5,265.9,0.32,QMOF reference
qmof-3a332f2,372.4,0.81,QMOF reference
qmof-555ae53,312.5,0.62,QMOF reference
qmof-999a11d,,FAILED,QMOF reference
qmof-e13fb49,296.3,0.74,QMOF reference
qmof-b4350be,275.9,0.92,QMOF reference
qmof-5a58afb,273.5,0.16,QMOF reference
qmof-f667b4f,342.0,0.96,QMOF reference
qmof-8205680,343.4,0.49,QMOF reference
qmof-5c4e179,311.6,0.61,QMOF reference
qmof-bf69fe8,423.9,0.82,QMOF reference
qmof-6abd578,,FAILED,QMOF reference
qmof-f07eae0,370.6,0.66,QMOF reference
qmof-1a3fdff,372.2,0.22,QMOF reference
qmof-3600621,329.9,0.34,QMOF reference
qmof-d5af4d6,174.5,0.07,QMOF reference
qmof-9ccd37c,456.1,0.57,QMOF reference
qmof-6bad5cd,399.7,0.13,QMOF reference
qmof-ef7d4be,,FAILED,QMOF reference
qmof-9a9eea2,306.8,0.31,QMOF reference
qmof-8d1a68a,388.8,0.7,QMOF reference
qmof-389bdbd,289.5,0.09,QMOF reference
qmof-5a15f19,282.0,0.1,QMOF reference
qmof-7211a38,293.5,0.68,QMOF reference
qmof-bec2181,268.9,0.63,QMOF reference
qmof-1f66d12,333.3,0.53,QMOF reference
qmof-178416a,,FAILED,QMOF reference
qmof-e8d1a8e,378.4,0.89,QMOF reference
qmof-251851e,340.6,0.93,QMOF reference
qmof-c018ace,368.7,0.62,QMOF reference
qmof-d11b670,301.3,0.23,QMOF reference
qmof-9d5ce83,,FAILED,QMOF reference
qmof-d1efdeb,272.4,0.84,QMOF reference
qmof-0bbdca4,311.1,0.78,QMOF reference
qmof-cc5aaaf,331.9,0.66,QMOF reference
qmof-78f6bfc,,FAILED,QMOF reference
qmof-57b3cba,394.6,0.51,QMOF reference
qmof-c4d5761,,FAILED,QMOF reference
qmof-2023fc9,351.2,0.76,QMOF reference
qmof-b071271,251.9,0.68,QMOF reference
qmof-1d94c8a,421.1,0.94,QMOF reference
qmof-da4d665,350.9,0.42,QMOF reference
qmof-9706669,317.1,0.88,QMOF reference
qmof-ec8945e,388.7,0.57,QMOF reference
qmof-f2abc85,248.5,0.31,QMOF reference
qmof-377088f,329.3,0.91,QMOF reference
qmof-75317e2,307.4,0.93,QMOF reference
qmof-6f4c7e7,,FAILED,QMOF reference
qmof-2ade6c7,351.2,0.38,QMOF reference
qmof-1b22f23,,FAILED,QMOF reference
qmof-1ca4551,430.8,0.49,QMOF reference
qmof-b2a0a76,298.5,0.82,QMOF reference
qmof-b5f02ff,353.7,0.35,QMOF reference
qmof-344d33b,407.5,0.33,QMOF reference
qmof-7fcab56,343.1,0.88,QMOF reference
qmof-ed9d2e0,425.8,0.84,QMOF reference
qmof-0952061,385.5,0.84,QMOF reference
qmof-35da657,314.8,0.14,QMOF reference
qmof-3b6a809,337.3,0.94,QMOF reference
qmof-ba4e414,317.8,0.72,QMOF reference
qmof-b66eff0,345.7,0.32,QMOF reference
qmof-64fa6b1,286.8,0.86,QMOF reference
qmof-86ce618,,FAILED,QMOF reference
qmof-fbac6ec,310.7,0.22,QMOF reference
qmof-25da5b8,318.2,0.36,QMOF reference
qmof-5ad132b,350.0,0.66,QMOF reference
qmof-064a075,303.5,0.36,QMOF reference
qmof-74ec878,280.1,0.77,QMOF reference
qmof-4786fd0,349.1,0.09,QMOF reference
qmof-d5e2472,345.0,0.83,QMOF reference
qmof-6c7b95e,311.7,0.8,QMOF reference
qmof-5d8a76d,260.6,0.62,QMOF reference
qmof-c7fd3ba,307.9,0.88,QMOF reference
qmof-c46c71e,283.9,0.8,QMOF reference
qmof-3aef9ac,294.4,0.92,QMOF reference
qmof-37d5c1e,428.7,0.82,QMOF reference
qmof-70e9f69,295.2,0.82,QMOF reference
qmof-2b19e65,262.0,0.26,QMOF reference
qmof-80cbbdb,,FAILED,QMOF reference
qmof-83e07e9,,FAILED,QMOF reference
qmof-5f03ac6,303.7,0.66,QMOF reference
qmof-a130e54,,FAILED,QMOF reference
qmof-e23f050,,FAILED,QMOF reference
qmof-63714ea,287.0,0.48,QMOF reference
qmof-a0fecb5,360.6,0.53,QMOF reference
qmof-a1deee8,429.3,0.43,QMOF reference
qmof-681ca50,372.6,0.82,QMOF reference
qmof-7e18d4e,394.9,0.62,QMOF reference
qmof-0a05af4,344.7,0.94,QMOF reference
qmof-cadc28b,287.7,0.57,QMOF reference
qmof-d1f7039,403.7,0.41,QMOF reference
qmof-e98d047,317.7,0.54,QMOF reference
qmof-266e56b,315.7,0.81,QMOF reference
qmof-260f300,262.3,0.88,QMOF reference
qmof-f4aa4ea,357.8,0.75,QMOF reference
qmof-cd3e104,,FAILED,QMOF reference
qmof-28beae4,319.9,0.15,QMOF reference
qmof-63e34f0,280.8,0.35,QMOF reference
qmof-8b9a87d,324.4,0.8,QMOF reference
qmof-d6a5524,255.5,0.15,QMOF reference
qmof-f84aee3,318.0,0.84,QMOF reference
qmof-55d44ac,357.5,0.82,QMOF reference
qmof-b6754fb,385.2,0.69,QMOF reference
qmof-bd41929,275.2,0.65,QMOF reference
qmof-3998694,283.3,0.26,QMOF reference
qmof-cce97c8,308.7,0.89,QMOF reference
qmof-6115da4,,FAILED,QMOF reference
qmof-14731b5,295.1,0.34,QMOF reference
qmof-e172a22,227.7,0.51,QMOF reference
qmof-4455e80,332.9,0.4,QMOF reference
qmof-f9bb5d3,402.6,0.71,QMOF reference
qmof-571d405,282.5,0.67,QMOF reference
qmof-f80a98e,325.1,0.07,QMOF reference
qmof-d689f74,,FAILED,QMOF reference
qmof-419f734,378.6,0.76,QMOF reference
qmof-e37cd72,367.8,0.67,QMOF reference
qmof-169f356,406.6,0.92,QMOF reference
qmof-be091d4,367.6,0.95,QMOF reference
qmof-91c2978,328.8,0.19,QMOF reference
qmof-81886cf,315.0,0.75,QMOF reference
qmof-4619124,256.8,0.58,QMOF reference
qmof-0b6ef72,,FAILED,QMOF reference
qmof-c18c33c,,FAILED,QMOF reference
qmof-a3633ca,405.0,0.77,QMOF reference
qmof-f8b10e5,387.3,0.87,QMOF reference
qmof-dcc97c0,300.1,0.77,QMOF reference
qmof-87204b7,378.0,0.23,QMOF reference
qmof-af22f59,281.8,0.92,QMOF reference
qmof-150491a,273.9,0.93,QMOF reference
qmof-e471501,331.1,0.84,QMOF reference
qmof-cb0ed13,308.5,0.96,QMOF reference
qmof-c493de2,286.5,0.65,QMOF reference
qmof-21516a5,363.0,0.49,QMOF reference
qmof-7f7d8dd,,FAILED,QMOF reference
qmof-e647ae3,354.5,0.9,QMOF reference
qmof-4410553,297.0,0.49,QMOF reference
qmof-aac42c8,307.0,0.8,QMOF reference
qmof-b53448c,298.5,0.61,QMOF reference
qmof-903f756,336.2,0.17,QMOF reference
qmof-f19872f,304.1,0.89,QMOF reference
qmof-08ad999,290.9,0.76,QMOF reference
qmof-7b5e892,294.6,0.37,QMOF reference
qmof-ec4f755,250.9,0.16,QMOF reference
qmof-24f41f3,348.4,0.67,QMOF reference
qmof-0cd4232,374.2,0.61,QMOF reference
qmof-8469b3a,287.8,0.69,QMOF reference
qmof-2665f66,312.3,0.5,QMOF reference
qmof-d51ae11,322.7,0.19,QMOF reference
qmof-d9a0694,266.5,0.64,QMOF reference
qmof-56bffcf,259.2,0.26,QMOF reference
qmof-4fbebc6,354.4,0.75,QMOF reference
qmof-13e7961,310.2,0.95,QMOF reference
qmof-ca052a2,380.3,0.71,QMOF reference
qmof-10f4743,354.7,0.91,QMOF reference
qmof-6a1476a,,FAILED,QMOF reference
qmof-fc99c94,355.6,0.66,QMOF reference
qmof-391a076,,FAILED,QMOF reference
qmof-b46c893,341.4,0.86,QMOF reference
qmof-874e961,,FAILED,QMOF reference
qmof-da6d7b3,,FAILED,QMOF reference
qmof-b7c4144,,FAILED,QMOF reference
qmof-9fbe71b,304.1,0.69,QMOF reference
qmof-1a19916,325.6,0.68,QMOF reference
qmof-83480f0,,FAILED,QMOF reference
qmof-bc6e9ad,380.9,0.94,QMOF reference
qmof-7d3f49d,353.2,0.93,QMOF reference
qmof-4c96c0d,,FAILED,QMOF reference
qmof-651fd87,309.0,0.92,QMOF reference
qmof-106ff45,444.8,0.91,QMOF reference
qmof-f4b9067,238.7,0.34,QMOF reference
qmof-94eb142,325.1,0.65,QMOF reference
qmof-dbbe195,279.8,0.61,QMOF reference
qmof-d844aae,321.2,0.83,QMOF reference
qmof-acb7f1c,344.3,0.89,QMOF reference
qmof-57c627b,307.7,0.64,QMOF reference
qmof-58dac03,298.8,0.76,QMOF reference
qmof-88da678,330.9,0.23,QMOF reference
qmof-80cb026,320.2,0.33,QMOF reference
qmof-f83cbe5,198.2,0.86,QMOF reference
qmof-8991dba,,0.8,QMOF reference
qmof-c6652e8,294.0,0.88,QMOF reference
qmof-eb9b4b0,,0.7,QMOF reference
qmof-62c9574,294.2,FAILED,QMOF reference
qmof-4995df0,,FAILED,QMOF reference
qmof-87efe0c,350.6,0.75,QMOF reference
qmof-721171e,,0.66,QMOF reference
qmof-a92da8c,406.8,0.89,QMOF reference
qmof-e2276ee,,0.31,QMOF reference
qmof-fe78703,,0.91,QMOF reference
qmof-59b3ba5,344.7,0.49,QMOF reference
qmof-9cc5e2e,,0.81,QMOF reference
qmof-4dd4ac0,,0.96,QMOF reference
qmof-808b97f,289.6,0.77,QMOF reference
qmof-72dbbff,,0.85,QMOF reference
qmof-dc8c200,293.1,0.93,QMOF reference
qmof-72dc736,,0.69,QMOF reference
qmof-213cb46,,0.94,QMOF reference
qmof-c2746f0,328.6,0.82,QMOF reference
qmof-6b4d50c,,0.65,QMOF reference
qmof-76aed81,316.1,0.84,QMOF reference
qmof-c4350d4,,0.45,QMOF reference
qmof-b532d2c,360.4,0.88,QMOF reference
qmof-7c26331,,0.87,QMOF reference
qmof-dce5b26,,0.83,QMOF reference
qmof-ca88ff8,,FAILED,QMOF reference
qmof-1babb8f,,FAILED,QMOF reference
qmof-94c8e57,398.4,0.92,QMOF reference
qmof-66e741b,310.7,0.1,QMOF reference
qmof-9247cfe,,0.47,QMOF reference
qmof-1117cd8,,0.31,QMOF reference
qmof-106093e,,0.55,QMOF reference
qmof-7c2ca98,338.3,0.62,QMOF reference
qmof-6f4079e,386.4,0.77,QMOF reference
qmof-5f86bf9,,0.36,QMOF reference
qmof-91bb1a1,337.3,0.22,QMOF reference
qmof-528c187,,0.83,QMOF reference
qmof-76b31aa,,0.25,QMOF reference
qmof-25b107a,397.3,0.81,QMOF reference
qmof-efc86e6,,0.93,QMOF reference
qmof-ae4d8c6,,0.73,QMOF reference
qmof-eb7a5da,,FAILED,QMOF reference
qmof-051e081,,0.8,QMOF reference
qmof-02fc147,209.5,FAILED,QMOF reference
qmof-b971c64,,FAILED,QMOF reference
qmof-4f78903,442.3,FAILED,QMOF reference
qmof-2b9beae,,FAILED,QMOF reference
qmof-1681ab3,358.4,0.62,QMOF reference
qmof-3e9aab7,286.1,0.57,QMOF reference
qmof-2a2f8c7,324.3,0.45,QMOF reference
qmof-428779a,,0.02,QMOF reference
qmof-cd92f99,,0.71,QMOF reference
qmof-7943fa6,285.5,0.55,QMOF reference
qmof-b9c6168,,0.28,QMOF reference
qmof-e40b980,,0.76,QMOF reference
qmof-a42d965,365.7,0.68,QMOF reference
qmof-0943ce0,,FAILED,QMOF reference
qmof-45e1a1c,382.0,FAILED,QMOF reference
qmof-792ff35,,FAILED,QMOF reference
qmof-f4ad3f6,359.5,0.76,QMOF reference
qmof-0e62149,368.1,0.18,QMOF reference
qmof-7f8c48f,397.8,0.86,QMOF reference
qmof-076fd13,,0.95,QMOF reference
qmof-3c4d0fc,,0.91,QMOF reference
qmof-dc456e9,319.8,0.91,QMOF reference
qmof-90e8464,,FAILED,QMOF reference
qmof-dc75d9b,342.7,0.83,QMOF reference
qmof-32c2447,,0.45,QMOF reference
qmof-75cd97a,,0.79,QMOF reference
qmof-13bab77,,FAILED,QMOF reference
qmof-8802a19,,0.91,QMOF reference
qmof-094542b,344.3,0.7,QMOF reference
qmof-8e42f2f,,0.52,QMOF reference
qmof-324dab2,,0.68,QMOF reference
qmof-21ec5d0,,0.1,QMOF reference
qmof-338291d,297.5,0.65,QMOF reference
qmof-8aecaef,,0.48,QMOF reference
qmof-0a873bd,285.6,0.41,QMOF reference
qmof-d8224dc,,0.62,QMOF reference
qmof-8342c5f,,0.88,QMOF reference
qmof-3d63cef,,0.94,QMOF reference
qmof-770f91b,229.2,0.84,QMOF reference
qmof-b6a2fc3,,0.94,QMOF reference
qmof-d038f1b,,0.67,QMOF reference
qmof-ae58b33,,0.38,QMOF reference
qmof-38de43e,380.5,0.88,QMOF reference
qmof-bea7cab,,0.84,QMOF reference
qmof-2846d73,,0.54,QMOF reference
qmof-3404b3b,,0.74,QMOF reference
qmof-3e88d01,469.1,0.7,QMOF reference
qmof-c660d46,,0.78,QMOF reference
qmof-e641abe,,0.5,QMOF reference
qmof-9adf032,,0.93,QMOF reference
qmof-cc77759,,0.91,QMOF reference
qmof-4cbb664,,0.39,QMOF reference
qmof-baf72be,,0.49,QMOF reference
qmof-1c6ad32,,0.55,QMOF reference
qmof-49f7b74,,FAILED,QMOF reference
qmof-ef93a15,,0.44,QMOF reference
qmof-9d5a46c,,0.82,QMOF reference
qmof-8bd360f,,0.85,QMOF reference
qmof-55781e8,,0.29,QMOF reference
qmof-dcd237a,,0.33,QMOF reference
qmof-0bf3a66,,0.44,QMOF reference
qmof-35e46f1,,0.19,QMOF reference
qmof-e89f5ce,,0.63,QMOF reference
qmof-670fdd3,,0.74,QMOF reference
qmof-23397f7,,0.09,QMOF reference
qmof-b5487b6,,FAILED,QMOF reference
qmof-6044be9,,FAILED,QMOF reference
qmof-cd8d6d2,,0.8,QMOF reference
qmof-e3eba30,,FAILED,QMOF reference
qmof-2b3602d,,0.93,QMOF reference
qmof-d08e9e3,,FAILED,QMOF reference
qmof-810ee9a,,0.62,QMOF reference
qmof-de8c338,,FAILED,QMOF reference
qmof-8f38e7a,,0.83,QMOF reference
qmof-9d4eb95,,0.47,QMOF reference
qmof-0371cf3,,0.91,QMOF reference
qmof-ed6a1d6,,0.87,QMOF reference
qmof-90ea100,,0.19,QMOF reference
qmof-f4ccf24,,0.47,QMOF reference
qmof-fd1d516,,FAILED,QMOF reference
qmof-aada0e2,,FAILED,QMOF reference
qmof-8804440,243.2,0.75,QMOF reference
qmof-9393f87,141.3,0.67,QMOF reference
qmof-78fa3cf,323.8,0.36,QMOF reference
qmof-eb46ddd,,0.88,QMOF reference
qmof-406ecbb,275.4,0.43,QMOF reference
qmof-7b2dc36,,0.1,QMOF reference
qmof-3a4aed5,302.7,0.64,QMOF reference
qmof-2001b2e,301.8,0.82,QMOF reference
qmof-8d45e3e,308.4,0.92,QMOF reference
qmof-e581c0e,,0.29,QMOF reference
qmof-d726164,,0.92,QMOF reference
qmof-f0db0ad,257.2,0.15,QMOF reference
qmof-47b762f,410.9,0.69,QMOF reference
qmof-009916a,,0.4,QMOF reference
qmof-1a4cca3,375.8,FAILED,QMOF reference
qmof-29c6477,341.6,0.8,QMOF reference
qmof-8f48272,,0.79,QMOF reference
qmof-70ea512,,0.3,QMOF reference
qmof-b544b11,,0.06,QMOF reference
qmof-0bc936c,343.3,FAILED,QMOF reference
qmof-090a52a,,0.57,QMOF reference
qmof-2acdb6d,344.3,0.48,QMOF reference
qmof-d5868e4,,FAILED,QMOF reference
qmof-566a33c,402.0,0.35,QMOF reference
qmof-8a54112,300.2,0.56,QMOF reference
qmof-d604c9c,,0.09,QMOF reference
qmof-88c0dcd,,0.33,QMOF reference
qmof-27a5321,318.7,0.35,QMOF reference
qmof-0f178f1,,0.94,QMOF reference
qmof-31b43f4,,0.91,QMOF reference
qmof-b90158f,,0.92,QMOF reference
qmof-5ca2d92,,0.89,QMOF reference
qmof-916c1c5,287.9,0.81,QMOF reference
qmof-ec4b488,,0.86,QMOF reference
qmof-fb124e3,,0.53,QMOF reference
qmof-c304df9,,0.68,QMOF reference
qmof-d6024b8,,0.21,QMOF reference
qmof-fa6733c,,0.69,QMOF reference
qmof-b5a4fdc,,0.06,QMOF reference
qmof-8b6e0cd,,FAILED,QMOF reference
qmof-f6f1359,,0.76,QMOF reference
qmof-090a16a,,0.66,QMOF reference
qmof-0385604,,FAILED,QMOF reference
qmof-e9bf6d4,,0.81,QMOF reference
qmof-b6897ab,,0.3,QMOF reference
qmof-fc1e938,,0.23,QMOF reference
qmof-1274274,,FAILED,QMOF reference
qmof-7538884,,0.5,QMOF reference
qmof-48c7a7e,,0.85,QMOF reference
qmof-e31c890,,0.64,QMOF reference
qmof-be50f36,,0.25,QMOF reference
qmof-5eac041,,0.23,QMOF reference
qmof-816a24e,,0.67,QMOF reference
qmof-267b04e,,0.39,QMOF reference
qmof-07c07d3,,0.93,QMOF reference
qmof-edc50fe,,0.77,QMOF reference
qmof-f37b4ac,,0.54,QMOF reference
qmof-73f5dbf,,0.59,QMOF reference
qmof-583b75f,,0.92,QMOF reference
qmof-2dbac39,,0.34,QMOF reference
qmof-3bfcb01,,0.83,QMOF reference
qmof-a99c7d0,,0.54,QMOF reference
qmof-5c82433,,FAILED,QMOF reference
qmof-9a39004,,FAILED,QMOF reference
qmof-4695aa0,,0.52,QMOF reference
qmof-c650078,,0.92,QMOF reference
qmof-b23bc95,,0.52,QMOF reference
qmof-2dea218,,FAILED,QMOF reference
qmof-7a9d846,,FAILED,QMOF reference
qmof-7c567fa,,0.32,QMOF reference
qmof-4c4f35c,,0.35,QMOF reference
qmof-d57af13,,0.7,QMOF reference
qmof-33d69c8,,FAILED,QMOF reference
qmof-ddefcd4,,0.21,QMOF reference
qmof-142b7e4,336.1,0.9,QMOF reference
qmof-3b418e4,,0.74,QMOF reference
qmof-a2b2c64,,0.68,QMOF reference
qmof-8ae4999,,FAILED,QMOF reference
qmof-d1f96a7,,0.95,QMOF reference
qmof-4b14a04,282.1,0.09,QMOF reference
qmof-fd009d5,,0.75,QMOF reference
qmof-efaa9ca,,0.06,QMOF reference
qmof-6581895,292.0,0.68,QMOF reference
qmof-3c52004,,0.79,QMOF reference
qmof-760037b,289.0,0.87,QMOF reference
qmof-f57bb3b,,FAILED,QMOF reference
qmof-bbeeb23,,0.86,QMOF reference
qmof-3ae46b1,,FAILED,QMOF reference
qmof-12e1518,,0.81,QMOF reference
qmof-15285c1,,FAILED,QMOF reference
qmof-4615dbd,,0.43,QMOF reference
qmof-7dfea43,,FAILED,QMOF reference
qmof-9f9f3a1,,0.49,QMOF reference
qmof-905149a,,0.81,QMOF reference
qmof-7974618,385.2,0.49,QMOF reference
qmof-6bbd0c6,,0.74,QMOF reference
qmof-d40bf2f,,FAILED,QMOF reference
qmof-981de6a,,0.9,QMOF reference
qmof-db7535d,,0.97,QMOF reference
qmof-f39f138,,0.87,QMOF reference
qmof-f38685c,,0.0,QMOF reference
qmof-cbd47e6,,0.53,QMOF reference
qmof-db32ee7,,0.95,QMOF reference
qmof-1cfa94a,357.7,0.72,QMOF reference
qmof-b4f1709,,0.66,QMOF reference
qmof-c96d53b,,0.56,QMOF reference
qmof-24e5993,,0.91,QMOF reference
qmof-14dd1bb,290.5,0.71,QMOF reference
qmof-27fd119,,0.5,QMOF reference
qmof-7b5d609,281.2,FAILED,QMOF reference
qmof-49b3901,,0.89,QMOF reference
qmof-8828925,,0.79,QMOF reference
qmof-2a38a87,,0.26,QMOF reference
qmof-b4fc207,328.1,0.95,QMOF reference
qmof-a157e00,,0.38,QMOF reference
qmof-e8efc9d,,0.41,QMOF reference
qmof-6d020d0,,0.52,QMOF reference
qmof-f3bdfdf,,0.93,QMOF reference
qmof-10dd694,,0.41,QMOF reference
qmof-57ccf52,,0.73,QMOF reference
qmof-c24c5a7,311.3,0.05,QMOF reference
qmof-48b04d8,,FAILED,QMOF reference
qmof-4b075ae,,0.11,QMOF reference
qmof-05dd4c4,,0.83,QMOF reference
qmof-a12f9c6,,0.35,QMOF reference
qmof-cd46002,,0.94,QMOF reference
qmof-6d42025,,0.93,QMOF reference
qmof-e8f57aa,301.0,0.15,QMOF reference
qmof-af2d73f,,FAILED,QMOF reference
qmof-459830d,,FAILED,QMOF reference
qmof-2b5cb3e,,0.79,QMOF reference
qmof-64e197b,,0.6,QMOF reference
qmof-e6dcf60,345.8,0.73,QMOF reference
qmof-18925a4,328.7,0.17,QMOF reference
qmof-15701ff,349.5,FAILED,QMOF reference
qmof-a2a9bf5,,0.91,QMOF reference
qmof-134958c,397.4,0.51,QMOF reference
qmof-ce14def,,0.77,QMOF reference
qmof-bb55658,,0.45,QMOF reference
qmof-9feb37c,,0.2,QMOF reference
qmof-89d52dd,196.7,FAILED,QMOF reference
qmof-a18c01f,,0.83,QMOF reference
qmof-9f01ad2,,0.59,QMOF reference
qmof-b86321e,,0.67,QMOF reference
qmof-c49f101,,0.58,QMOF reference
qmof-fd8c6e6,,0.55,QMOF reference
qmof-ce52fe3,381.6,0.53,QMOF reference
qmof-d2327ea,327.6,0.31,QMOF reference
qmof-1c91623,363.4,0.88,QMOF reference
qmof-d8e78b2,,0.1,QMOF reference
qmof-20db4c0,,0.59,QMOF reference
qmof-cb7fcfc,,0.17,QMOF reference
qmof-9f49103,,0.88,QMOF reference
qmof-73c6760,,FAILED,QMOF reference
qmof-067a484,,0.87,QMOF reference
qmof-37e791c,268.1,0.89,QMOF reference
qmof-9b52dea,,0.43,QMOF reference
qmof-804149f,,0.87,QMOF reference
qmof-b439f25,301.4,0.71,QMOF reference
qmof-a6188b2,529.0,FAILED,QMOF reference
qmof-600884a,,0.4,QMOF reference
qmof-13eb8e0,266.6,FAILED,QMOF reference
qmof-9a2ffb6,,0.72,QMOF reference
qmof-9b1be38,,0.95,QMOF reference
qmof-7563546,,FAILED,QMOF reference
qmof-7fca3ad,,0.89,QMOF reference
qmof-100b445,347.2,FAILED,QMOF reference
qmof-cbde705,,0.8,QMOF reference
qmof-fced5a2,,0.77,QMOF reference
qmof-c1fbc1a,,0.69,QMOF reference
qmof-d73a212,,0.27,QMOF reference
qmof-bc8f74e,,0.94,QMOF reference
qmof-5414a07,272.4,FAILED,QMOF reference
qmof-99746c8,,0.03,QMOF reference
qmof-fe8e022,297.0,0.76,QMOF reference
qmof-eb82347,386.0,0.08,QMOF reference
qmof-13e3f36,,0.85,QMOF reference
qmof-6f72687,374.7,0.28,QMOF reference
qmof-350ecfc,,0.23,QMOF reference
qmof-c12e218,,FAILED,QMOF reference
qmof-7e2c431,297.7,0.42,QMOF reference
qmof-e0ad82f,,0.49,QMOF reference
qmof-242d06c,,0.27,QMOF reference
qmof-067d9ef,,0.18,QMOF reference
qmof-683ccdc,,0.52,QMOF reference
qmof-a668ff8,,0.95,QMOF reference
qmof-65d5eb5,,0.95,QMOF reference
qmof-e2e3deb,379.5,0.85,QMOF reference
qmof-cc16b60,,FAILED,QMOF reference
qmof-0852462,,0.92,QMOF reference
qmof-679bb6b,376.3,0.26,QMOF reference
qmof-4702167,,0.33,QMOF reference
qmof-b1ca8d1,209.9,0.44,QMOF reference
qmof-753447a,,0.92,QMOF reference
qmof-835ab05,288.3,0.84,QMOF reference
qmof-1ebe47b,,0.04,QMOF reference
qmof-c6553b1,,0.28,QMOF reference
qmof-e7d8fc2,373.9,0.88,QMOF reference
qmof-cd372a1,,0.85,QMOF reference
qmof-04c1c24,,0.88,QMOF reference
qmof-ceadfbb,,0.8,QMOF reference
qmof-b46f474,,0.58,QMOF reference
qmof-fa3fd9f,334.5,FAILED,QMOF reference
qmof-1382eec,381.2,0.92,QMOF reference
qmof-f498a6b,,0.91,QMOF reference
qmof-0a1ab08,307.2,FAILED,QMOF reference
qmof-d0bd86a,317.6,0.92,QMOF reference
qmof-b09a392,,FAILED,QMOF reference
qmof-46d960b,333.6,FAILED,QMOF reference
qmof-3029056,,0.87,QMOF reference
qmof-5bc1857,,0.52,QMOF reference
qmof-516dce6,,0.15,QMOF reference
qmof-84a1c20,,0.54,QMOF reference
qmof-20ebe36,275.9,0.13,QMOF reference
qmof-89b9880,296.6,0.82,QMOF reference
qmof-5bef8de,,0.9,QMOF reference
qmof-87f9fa2,,0.89,QMOF reference
qmof-30293ad,,0.27,QMOF reference
qmof-4f4c03d,,FAILED,QMOF reference
qmof-3862c80,,0.61,QMOF reference
qmof-4dcea3e,,0.62,QMOF reference
qmof-5592882,,0.84,QMOF reference
qmof-f35365c,,0.82,QMOF reference
qmof-a0490fe,,0.54,QMOF reference
qmof-043c0a6,352.9,0.33,QMOF reference
qmof-60a108c,,0.2,QMOF reference
qmof-1e1a97a,,0.44,QMOF reference
qmof-db8d843,384.1,FAILED,QMOF reference
qmof-b77db05,,0.85,QMOF reference
qmof-516c93f,,0.24,QMOF reference
qmof-7a30575,359.1,FAILED,QMOF reference
qmof-13cca29,,0.12,QMOF reference
qmof-aa82d3e,,FAILED,QMOF reference
qmof-e2b4bb5,,0.99,QMOF reference
qmof-920d36d,,0.57,QMOF reference
qmof-adf0d46,,0.17,QMOF reference
qmof-6f53f75,,0.04,QMOF reference
qmof-92cd046,,FAILED,QMOF reference
qmof-07ae0e9,,0.76,QMOF reference
qmof-4e113a2,,FAILED,QMOF reference
qmof-3435b39,,0.73,QMOF reference
qmof-2ff52f1,,0.89,QMOF reference
qmof-95455ac,,FAILED,QMOF reference
qmof-892f04c,,0.9,QMOF reference
qmof-e9a379a,,0.14,QMOF reference
qmof-e9e594e,,0.23,QMOF reference
qmof-ef42d2a,,0.44,QMOF reference
qmof-4975eb9,,0.82,QMOF reference
qmof-17ff8b1,,0.14,QMOF reference
qmof-c576985,,0.45,QMOF reference
qmof-01ebcd2,,0.31,QMOF reference
qmof-688828e,,0.93,QMOF reference
qmof-3cf8e56,,0.96,QMOF reference
qmof-c5c7aaf,,0.09,QMOF reference
qmof-8ddb84d,,FAILED,QMOF reference
qmof-706b6c0,,0.56,QMOF reference
qmof-85a47a8,,0.53,QMOF reference
qmof-3f348f5,,0.77,QMOF reference
qmof-0b54781,,FAILED,QMOF reference
qmof-03a0b22,,FAILED,QMOF reference
qmof-94200c0,,0.89,QMOF reference
qmof-5947f65,,0.91,QMOF reference
qmof-ae9caec,,0.23,QMOF reference
qmof-719983e,,FAILED,QMOF reference
qmof-d47560b,,0.14,QMOF reference
qmof-38d79d7,,0.71,QMOF reference
qmof-dbb3d3c,,0.62,QMOF reference
qmof-ae94ce0,,0.69,QMOF reference
qmof-72594f7,,0.11,QMOF reference
qmof-391d6b2,,0.81,QMOF reference
qmof-d950595,,0.86,QMOF reference
qmof-a577407,,0.78,QMOF reference
qmof-fbf431a,,0.48,QMOF reference
qmof-89b132d,,0.83,QMOF reference
qmof-46598be,,FAILED,QMOF reference
qmof-37d4c1f,,0.52,QMOF reference
qmof-f0f5faa,,0.73,QMOF reference
qmof-fbb7ac3,,0.95,QMOF reference
qmof-bfc63fc,,0.75,QMOF reference
qmof-a7f487c,,0.03,QMOF reference
qmof-292e1e6,,0.93,QMOF reference
qmof-509fede,,0.71,QMOF reference
qmof-c67764c,,0.24,QMOF reference
qmof-ac07b32,,0.92,QMOF reference
qmof-94a4870,,FAILED,QMOF reference
qmof-8efa557,,0.89,QMOF reference
qmof-a84f36c,,0.92,QMOF reference
qmof-2a46038,,FAILED,QMOF reference
qmof-3b54739,,0.56,QMOF reference
qmof-3a44c4b,,0.26,QMOF reference
qmof-2315a54,,0.56,QMOF reference
qmof-8e24f41,,0.05,QMOF reference
qmof-efd4739,,0.25,QMOF reference
qmof-b602563,,0.29,QMOF reference
qmof-954c057,,0.78,QMOF reference
qmof-73b729a,303.0,0.92,QMOF reference
qmof-bc60ce9,,0.69,QMOF reference
qmof-4104663,,FAILED,QMOF reference
qmof-4b764bf,,0.87,QMOF reference
qmof-c48387a,,0.87,QMOF reference
qmof-d8a1caf,306.4,0.84,QMOF reference
qmof-19d7f26,289.4,0.2,QMOF reference
qmof-c00d6a1,,0.54,QMOF reference
qmof-8637eeb,388.2,0.94,QMOF reference
qmof-791f6be,,0.86,QMOF reference
qmof-807cee7,377.0,0.16,QMOF reference
qmof-10fca95,,FAILED,QMOF reference
qmof-0b09ca3,,0.37,QMOF reference
qmof-c9e3c56,282.8,0.96,QMOF reference
qmof-4eebaae,,0.91,QMOF reference
qmof-a939f36,,0.39,QMOF reference
qmof-944634c,,0.92,QMOF reference
qmof-6c32ceb,,0.86,QMOF reference
qmof-ab4de6d,,0.68,QMOF reference
qmof-f6ae064,,0.34,QMOF reference
qmof-de0077f,,0.83,QMOF reference
qmof-72750b2,,FAILED,QMOF reference
qmof-cfa8e24,,0.55,QMOF reference
qmof-2b9efc6,,0.27,QMOF reference
qmof-e319962,,0.91,QMOF reference
qmof-66735fe,,0.5,QMOF reference
qmof-b28c140,,0.85,QMOF reference
qmof-8c7fa0e,,0.9,QMOF reference
qmof-fc9b6fb,,0.93,QMOF reference
qmof-d21e6d3,,0.74,QMOF reference
qmof-83816cc,,0.02,QMOF reference
qmof-a9b0e38,,0.74,QMOF reference
qmof-4e8726d,,0.44,QMOF reference
qmof-8ac4d87,,FAILED,QMOF reference
qmof-ec69c82,,0.87,QMOF reference
qmof-2d5798d,,0.38,QMOF reference
qmof-fea5997,,0.19,QMOF reference
qmof-ee70fde,,0.1,QMOF reference
qmof-9c61283,,0.52,QMOF reference
qmof-c62f819,,0.95,QMOF reference
qmof-5e85f9b,,0.87,QMOF reference
qmof-a5a42fa,,0.62,QMOF reference
qmof-c0d0c37,,0.09,QMOF reference
qmof-efe570d,,FAILED,QMOF reference
qmof-831c36b,,0.59,QMOF reference
qmof-5bd7e70,,0.54,QMOF reference
qmof-52d60d3,,0.19,QMOF reference
qmof-fd9d828,,0.34,QMOF reference
qmof-74c5a19,,0.62,QMOF reference
qmof-14a67d5,,FAILED,QMOF reference
qmof-1b6c849,,0.94,QMOF reference
qmof-1f6f7e3,,0.94,QMOF reference
qmof-81462ef,,FAILED,QMOF reference
qmof-5e8f45c,,0.46,QMOF reference
qmof-28743d5,,0.41,QMOF reference
qmof-234f87e,,0.64,QMOF reference
qmof-2d067ad,,0.8,QMOF reference
qmof-755582e,,0.56,QMOF reference
qmof-5df454d,,FAILED,QMOF reference
qmof-0771f58,,0.86,QMOF reference
qmof-096bf27,,0.79,QMOF reference
qmof-00e611b,,FAILED,QMOF reference
qmof-bc1ce5c,,0.84,QMOF reference
qmof-d6563eb,,FAILED,QMOF reference
qmof-9d28a0a,,0.73,QMOF reference
qmof-ef49c96,,0.64,QMOF reference
qmof-74ace65,,0.82,QMOF reference
qmof-1d903a7,,FAILED,QMOF reference
qmof-e62ff7c,,0.93,QMOF reference
qmof-825bab0,,0.31,QMOF reference
qmof-0ab76f3,,0.92,QMOF reference
qmof-186fc57,,0.87,QMOF reference
qmof-db64b14,,0.56,QMOF reference
qmof-decffa9,,0.52,QMOF reference
qmof-7886b6c,,0.47,QMOF reference
qmof-df18093,357.8,0.25,QMOF reference
qmof-28c043c,308.6,0.87,QMOF reference
qmof-41b1cc8,,FAILED,QMOF reference
qmof-d2f08f6,,0.68,QMOF reference
qmof-91128f9,412.7,0.69,QMOF reference
qmof-76a7642,376.0,0.86,QMOF reference
qmof-9c173b5,,FAILED,QMOF reference
qmof-c0771c3,,0.86,QMOF reference
qmof-93444eb,,0.62,QMOF reference
qmof-5f3ad60,,0.9,QMOF reference
qmof-1275915,342.5,0.75,QMOF reference
qmof-5ddf0cb,,FAILED,QMOF reference
qmof-b78b0ad,243.4,0.16,QMOF reference
qmof-2ae295c,,FAILED,QMOF reference
qmof-c223541,,0.38,QMOF reference
qmof-c5d164d,356.1,0.79,QMOF reference
qmof-47144b2,,0.85,QMOF reference
qmof-f346b8b,,0.75,QMOF reference
qmof-d53e130,,0.84,QMOF reference
qmof-1ca8fd0,,0.36,QMOF reference
qmof-240c244,,0.46,QMOF reference
qmof-675adb3,,0.84,QMOF reference
qmof-693b656,,0.84,QMOF reference
qmof-ddefcdc,,0.28,QMOF reference
qmof-4601994,335.0,0.79,QMOF reference
qmof-12c6f50,,0.88,QMOF reference
qmof-0cced71,,0.78,QMOF reference
qmof-8d610b4,335.5,0.25,QMOF reference
qmof-976eddf,,0.26,QMOF reference
qmof-aa0ecf6,,FAILED,QMOF reference
qmof-a2a082e,462.1,0.41,QMOF reference
qmof-2a7135e,,FAILED,QMOF reference
qmof-ecfd269,,FAILED,QMOF reference
qmof-b199359,,0.93,QMOF reference
qmof-1a947f4,395.5,0.92,QMOF reference
qmof-b769691,,0.5,QMOF reference
qmof-45eb13a,,0.48,QMOF reference
qmof-b0602aa,,0.35,QMOF reference
qmof-12615e2,289.1,0.69,QMOF reference
qmof-bbbaa5a,302.3,0.96,QMOF reference
qmof-042f0d5,,0.75,QMOF reference
qmof-3f60c96,,0.62,QMOF reference
qmof-140478c,,FAILED,QMOF reference
qmof-dc3b39d,285.1,0.3,QMOF reference
qmof-d47a2d7,,0.95,QMOF reference
qmof-5250d6e,286.2,0.95,QMOF reference
qmof-f31f65c,,0.81,QMOF reference
qmof-557afbb,,0.27,QMOF reference
qmof-a86f85c,385.6,FAILED,QMOF reference
qmof-9057165,,FAILED,QMOF reference
qmof-82b4d64,,0.51,QMOF reference
qmof-29823dd,393.0,0.54,QMOF reference
qmof-3de2d70,375.4,0.92,QMOF reference
qmof-3384f34,,0.81,QMOF reference
qmof-d6d1915,,0.5,QMOF reference
qmof-61d14dd,,0.75,QMOF reference
qmof-ab789fc,,0.35,QMOF reference
qmof-07c2760,,FAILED,QMOF reference
qmof-a281019,330.4,FAILED,QMOF reference
qmof-65714b1,,FAILED,QMOF reference
qmof-edb3d86,,0.89,QMOF reference
qmof-f077716,280.6,FAILED,QMOF reference
qmof-c15c80e,,FAILED,QMOF reference
qmof-acb668d,,0.66,QMOF reference
qmof-7a13182,,0.41,QMOF reference
qmof-3c11d26,382.3,FAILED,QMOF reference
qmof-a1e0b3b,,0.22,QMOF reference
qmof-a2f200e,424.0,0.83,QMOF reference
qmof-250bcfe,,0.48,QMOF reference
qmof-58ccd6f,,0.3,QMOF reference
qmof-7b3c745,,0.94,QMOF reference
qmof-cbc7288,,0.14,QMOF reference
qmof-bd32375,,0.51,QMOF reference
qmof-6ebc141,,0.22,QMOF reference
qmof-3433e2e,,0.2,QMOF reference
qmof-2bae975,,0.79,QMOF reference
qmof-a621406,338.1,0.81,QMOF reference
qmof-d47a6e2,,0.69,QMOF reference
qmof-424af1a,,FAILED,QMOF reference
qmof-d826ea1,,0.76,QMOF reference
qmof-cbf6511,373.1,0.96,QMOF reference
qmof-ed13cd9,259.3,FAILED,QMOF reference
qmof-a335887,,0.72,QMOF reference
qmof-6276b6d,,0.94,QMOF reference
qmof-fe49acf,,0.87,QMOF reference
qmof-e0af624,,0.47,QMOF reference
qmof-7644c77,,0.79,QMOF reference
qmof-7e3b4a2,,FAILED,QMOF reference
qmof-aec6703,,0.57,QMOF reference
qmof-30e8867,,0.93,QMOF reference
qmof-3195aeb,443.4,0.79,QMOF reference
qmof-4a90c3e,,0.68,QMOF reference
qmof-3c63b34,,0.97,QMOF reference
qmof-e02c627,,0.91,QMOF reference
qmof-eebdff7,342.3,0.5,QMOF reference
qmof-dc694ac,,0.82,QMOF reference
qmof-79ae55e,369.0,0.87,QMOF reference
qmof-810fb5d,,0.96,QMOF reference
qmof-45da722,,0.3,QMOF reference
qmof-4028dc6,,0.69,QMOF reference
qmof-d3530bc,,0.8,QMOF reference
qmof-6f05745,,0.74,QMOF reference
qmof-f021373,,0.66,QMOF reference
qmof-f545609,,FAILED,QMOF reference
qmof-5d3a22f,,0.23,QMOF reference
qmof-34577d3,330.7,0.7,QMOF reference
qmof-907545a,244.1,0.3,QMOF reference
qmof-c45f4aa,,0.03,QMOF reference
qmof-30c8ca9,,FAILED,QMOF reference
qmof-0dddab9,,0.79,QMOF reference
qmof-fbdcd4f,,0.16,QMOF reference
qmof-c717f0f,,0.1,QMOF reference
qmof-e1c0fed,273.9,0.89,QMOF reference
qmof-3fd032f,,0.35,QMOF reference
qmof-c1cca62,299.4,0.36,QMOF reference
qmof-f342182,,0.89,QMOF reference
qmof-f814e4c,,0.18,QMOF reference
qmof-f4a8e6b,330.1,0.37,QMOF reference
qmof-a960f82,,0.92,QMOF reference
qmof-aa20a4b,,FAILED,QMOF reference
qmof-da7a7b4,,0.64,QMOF reference
qmof-ca948cb,,0.55,QMOF reference
qmof-95e993b,320.0,FAILED,QMOF reference
qmof-b3d726d,,0.36,QMOF reference
qmof-dba8b7f,,0.28,QMOF reference
qmof-d71e4e0,,0.35,QMOF reference
qmof-1044bb0,,FAILED,QMOF reference
qmof-5f4316d,,0.39,QMOF reference
qmof-ec3c0e8,,0.77,QMOF reference
qmof-f730251,,0.87,QMOF reference
qmof-18273eb,,0.85,QMOF reference
qmof-b0f0d29,,0.92,QMOF reference
qmof-277d806,,0.68,QMOF reference
qmof-66db564,,0.26,QMOF reference
qmof-3e06937,,0.76,QMOF reference
qmof-7b06c57,,0.67,QMOF reference
qmof-feeca2a,,0.36,QMOF reference
qmof-177f279,,0.86,QMOF reference
qmof-2084a97,,0.66,QMOF reference
qmof-287a882,,0.42,QMOF reference
qmof-26b1f32,,0.25,QMOF reference
qmof-27cac2c,,0.62,QMOF reference
qmof-e2457bc,,0.91,QMOF reference
qmof-198219a,,0.61,QMOF reference
qmof-5091dcd,,0.09,QMOF reference
qmof-27c2f69,,0.17,QMOF reference
qmof-37d0bc7,,0.45,QMOF reference
qmof-e9531be,,0.91,QMOF reference
qmof-1ff9412,,0.02,QMOF reference
qmof-253ef86,,FAILED,QMOF reference
qmof-2016868,,0.51,QMOF reference
qmof-b41788a,,0.8,QMOF reference
qmof-2e1bdda,,0.88,QMOF reference
qmof-b41b038,,0.77,QMOF reference
qmof-5f966d0,,0.74,QMOF reference
qmof-85c92d4,,0.86,QMOF reference
qmof-0d3e953,,0.21,QMOF reference
qmof-e682639,,0.7,QMOF reference
qmof-3648a5c,,0.28,QMOF reference
qmof-65fb3dc,,0.69,QMOF reference
qmof-ba111bf,,0.26,QMOF reference
qmof-dab2758,,0.77,QMOF reference
qmof-c93c7ae,,0.49,QMOF reference
qmof-6815760,,FAILED,QMOF reference
qmof-d1097c8,,0.86,QMOF reference
qmof-8104eb0,317.6,0.87,QMOF reference
qmof-c0b8aad,,FAILED,QMOF reference
qmof-c0abd19,,0.67,QMOF reference
qmof-9022510,,0.22,QMOF reference
qmof-02e2726,405.5,0.7,QMOF reference
qmof-e58468d,,0.06,QMOF reference
qmof-b5a7513,,0.51,QMOF reference
qmof-e9351eb,345.4,0.64,QMOF reference
qmof-9d8a6b2,,0.77,QMOF reference
qmof-57f3005,,FAILED,QMOF reference
qmof-3ed8faf,432.1,FAILED,QMOF reference
qmof-1a78d9c,,0.82,QMOF reference
qmof-450aa23,,0.94,QMOF reference
qmof-ab57f22,,0.95,QMOF reference
qmof-e3e53e5,,0.44,QMOF reference
qmof-4cf211c,,0.73,QMOF reference
qmof-13f00c5,,0.85,QMOF reference
qmof-633815b,,FAILED,QMOF reference
qmof-9204cbe,,0.64,QMOF reference
qmof-ad52eb9,,0.51,QMOF reference
qmof-bdc796a,,0.37,QMOF reference
qmof-f330af1,,0.4,QMOF reference
qmof-eccfaa9,268.9,0.86,QMOF reference
qmof-18e62e8,,0.49,QMOF reference
qmof-76d5af4,,0.61,QMOF reference
qmof-1f3610c,,0.78,QMOF reference
qmof-fc21fa2,,0.83,QMOF reference
qmof-78bceac,338.7,FAILED,QMOF reference
qmof-d17a645,,0.32,QMOF reference
qmof-8ebb004,,0.29,QMOF reference
qmof-605077f,,0.8,QMOF reference
qmof-347c03b,,0.27,QMOF reference
qmof-65a0364,,0.69,QMOF reference
qmof-6805b55,,0.82,QMOF reference
qmof-31e129f,,0.7,QMOF reference
qmof-0993e19,,0.58,QMOF reference
qmof-13f5324,266.7,0.5,QMOF reference
qmof-981876f,,0.19,QMOF reference
qmof-2323e49,,0.33,QMOF reference
qmof-3d10714,401.3,0.84,QMOF reference
qmof-977f98a,,0.85,QMOF reference
qmof-b193d49,,0.54,QMOF reference
qmof-3486c54,318.8,0.49,QMOF reference
qmof-9ddb717,,FAILED,QMOF reference
qmof-c7d2f8a,,0.17,QMOF reference
qmof-7370962,,FAILED,QMOF reference
qmof-ddada0e,360.9,0.83,QMOF reference
qmof-6f631c0,,0.55,QMOF reference
qmof-acb9f64,286.0,0.36,QMOF reference
qmof-1a88188,,0.52,QMOF reference
qmof-96eb4ec,,0.1,QMOF reference
qmof-17a47b2,,0.84,QMOF reference
qmof-3b7796c,,0.5,QMOF reference
qmof-a72cd02,320.4,0.5,QMOF reference
qmof-69314a9,,0.95,QMOF reference
qmof-b34b96a,353.9,0.09,QMOF reference
qmof-db355d4,,FAILED,QMOF reference
qmof-be40ee3,266.4,0.85,QMOF reference
qmof-acddbab,,0.88,QMOF reference
qmof-f662240,453.9,0.78,QMOF reference
qmof-ef06895,,0.29,QMOF reference
qmof-6b743f6,309.2,0.47,QMOF reference
qmof-2a1c663,,0.63,QMOF reference
qmof-2c2b9da,,0.8,QMOF reference
qmof-0b0666d,322.3,0.81,QMOF reference
qmof-f7b6ddc,,0.27,QMOF reference
qmof-99a78f3,347.3,0.94,QMOF reference
qmof-aed82d8,,0.95,QMOF reference
qmof-0858cc1,312.0,0.59,QMOF reference
qmof-c4a69d9,,0.45,QMOF reference
qmof-cee1857,315.2,0.92,QMOF reference
qmof-ec7bd74,,0.86,QMOF reference
qmof-2ee4f8f,,0.92,QMOF reference
qmof-fe94e1d,321.2,0.27,QMOF reference
qmof-134a580,,0.87,QMOF reference
qmof-3d17539,,0.82,QMOF reference
qmof-92fd99a,314.7,0.74,QMOF reference
qmof-9b4c00f,,0.52,QMOF reference
qmof-d53511c,392.7,0.92,QMOF reference
qmof-995cbe7,291.4,0.78,QMOF reference
qmof-e09a65a,254.5,0.54,QMOF reference
qmof-41cd4ee,338.5,0.68,QMOF reference
qmof-bfddfcd,384.1,0.41,QMOF reference
qmof-2c4a8be,345.7,0.87,QMOF reference
qmof-2f708fd,,FAILED,QMOF reference
qmof-9289c6f,,0.1,QMOF reference
qmof-0a8f2d8,,0.28,QMOF reference
qmof-95ef7fc,,0.86,QMOF reference
qmof-96ce711,,0.64,QMOF reference
qmof-e89cb56,,0.78,QMOF reference
qmof-b3457f4,341.2,0.56,QMOF reference
qmof-3a50fd2,,0.56,QMOF reference
qmof-fc8dd71,318.2,0.82,QMOF reference
qmof-4ffcb6d,,FAILED,QMOF reference
qmof-17096cd,321.0,0.96,QMOF reference
qmof-def2d98,,0.51,QMOF reference
qmof-a62b5e5,,FAILED,QMOF reference
qmof-291d3e3,369.8,0.38,QMOF reference
qmof-16b9ac8,293.1,0.76,QMOF reference
qmof-6480f30,,0.81,QMOF reference
qmof-781d4d1,,0.54,QMOF reference
qmof-09d5a30,340.4,0.22,QMOF reference
qmof-0abe557,,0.1,QMOF reference
qmof-7737967,,0.8,QMOF reference
qmof-c97afc4,,0.81,QMOF reference
qmof-3b46c12,,FAILED,QMOF reference
qmof-9cbfa3c,445.1,0.8,QMOF reference
qmof-99d7983,,0.74,QMOF reference
qmof-296feb8,,0.87,QMOF reference
qmof-548e234,316.8,0.83,QMOF reference
qmof-b03493e,,0.74,QMOF reference
qmof-58f98d9,278.3,0.15,QMOF reference
qmof-ba1bd18,,0.89,QMOF reference
qmof-1ae3a52,,0.37,QMOF reference
qmof-4260ac8,,0.83,QMOF reference
qmof-a0db6b2,,0.19,QMOF reference
qmof-e4f16d1,389.7,0.17,QMOF reference
qmof-b9e4194,,0.26,QMOF reference
qmof-6cac3d1,,0.37,QMOF reference
qmof-c7f89c6,,0.84,QMOF reference
qmof-af43c12,284.5,0.65,QMOF reference
qmof-e5a036c,,0.7,QMOF reference
qmof-17e43c6,,0.75,QMOF reference
qmof-e6d1b8e,,0.11,QMOF reference
qmof-b53096c,,0.91,QMOF reference
qmof-b311e90,425.8,FAILED,QMOF reference
qmof-62bc1af,,0.66,QMOF reference
qmof-ab031ec,,0.59,QMOF reference
qmof-cdfdc6f,,FAILED,QMOF reference
qmof-b3f1619,281.4,0.32,QMOF reference
qmof-3d7169c,,0.62,QMOF reference
qmof-a7b0d73,347.0,0.97,QMOF reference
qmof-2590e01,400.9,0.85,QMOF reference
qmof-9cec9af,,0.23,QMOF reference
qmof-c7baecd,,0.62,QMOF reference
qmof-86c6bbb,,0.32,QMOF reference
qmof-868bfa7,297.6,FAILED,QMOF reference
qmof-74a1ef7,,0.87,QMOF reference
qmof-89334e6,,0.27,QMOF reference
qmof-0bc3629,,0.37,QMOF reference
qmof-88501dc,335.2,0.5,QMOF reference
qmof-fc25de6,,0.26,QMOF reference
qmof-cd01241,,0.17,QMOF reference
qmof-5ba42c6,232.2,0.2,QMOF reference
qmof-4ef2bab,,0.93,QMOF reference
qmof-175655f,,0.7,QMOF reference
qmof-bced2e6,,0.51,QMOF reference
qmof-7b347ed,,0.62,QMOF reference
qmof-5aa7bf3,362.7,0.32,QMOF reference
qmof-ae1386e,,0.26,QMOF reference
qmof-61db27b,,0.35,QMOF reference
qmof-51990f7,,0.59,QMOF reference
qmof-e58608a,335.2,0.82,QMOF reference
qmof-ec80935,,0.8,QMOF reference
qmof-ce719c0,365.4,FAILED,QMOF reference
qmof-02d0b18,315.3,0.2,QMOF reference
qmof-9383c98,,0.93,QMOF reference
qmof-43db536,,0.43,QMOF reference
qmof-d4a8601,,0.56,QMOF reference
qmof-b664edc,288.6,0.76,QMOF reference
qmof-f96785a,351.4,0.93,QMOF reference
qmof-0e7dcd2,,FAILED,QMOF reference
qmof-4c18ced,,0.63,QMOF reference
qmof-a8920a9,,0.25,QMOF reference
qmof-1123eb9,,0.58,QMOF reference
qmof-f17bfa5,322.2,0.23,QMOF reference
qmof-d492646,,0.87,QMOF reference
qmof-550a9e1,,0.91,QMOF reference
qmof-a933ee1,,0.86,QMOF reference
qmof-c3bfa40,,0.68,QMOF reference
qmof-7b81e21,,FAILED,QMOF reference
qmof-3c2a00c,,0.43,QMOF reference
qmof-a6c7492,,0.95,QMOF reference
qmof-90fd6f6,,FAILED,QMOF reference
qmof-2b0e27b,,0.36,QMOF reference
qmof-1607c78,,0.41,QMOF reference
qmof-f063710,,0.28,QMOF reference
qmof-1e7ef25,,0.63,QMOF reference
qmof-72f9f6f,320.0,0.86,QMOF reference
qmof-f264bce,,0.83,QMOF reference
qmof-aff572c,,FAILED,QMOF reference
qmof-5a7d030,303.7,0.91,QMOF reference
qmof-46038af,,0.28,QMOF reference
qmof-c0e26cb,,0.72,QMOF reference
qmof-1b95eaa,,0.92,QMOF reference
qmof-42dbbc2,,0.65,QMOF reference
qmof-2ccb488,347.5,0.67,QMOF reference
qmof-93a3ebc,,0.47,QMOF reference
qmof-d5f9805,,0.28,QMOF reference
qmof-49ed0bc,,0.12,QMOF reference
qmof-e093ead,,0.57,QMOF reference
qmof-ad75812,,0.49,QMOF reference
qmof-c902643,289.6,0.41,QMOF reference
qmof-17ac010,,0.95,QMOF reference
qmof-445a47d,,0.9,QMOF reference
qmof-ba7ba27,,0.94,QMOF reference
qmof-7a40f71,,0.79,QMOF reference
qmof-62fdd4c,,FAILED,QMOF reference
qmof-bf19a2f,,0.89,QMOF reference
qmof-56c40ef,,0.42,QMOF reference
qmof-87a0280,,0.83,QMOF reference
qmof-485c8c2,,0.25,QMOF reference
qmof-e758e02,328.8,0.49,QMOF reference
qmof-00e18cb,,FAILED,QMOF reference
qmof-afb0a94,346.3,0.96,QMOF reference
qmof-59bcf46,,0.66,QMOF reference
qmof-d9b8f2a,410.6,FAILED,QMOF reference
qmof-bdde873,,0.87,QMOF reference
qmof-3e925fc,,0.43,QMOF reference
qmof-b4a544a,,0.7,QMOF reference
qmof-863a9f2,272.4,0.74,QMOF reference
qmof-63c5667,,0.92,QMOF reference
qmof-96c06cd,,0.44,QMOF reference
qmof-345d728,,0.82,QMOF reference
qmof-b5fc2ca,361.5,0.93,QMOF reference
qmof-576f203,,0.98,QMOF reference
qmof-83fd3d2,284.5,0.17,QMOF reference
qmof-4c3f2da,,0.96,QMOF reference
qmof-4ca6257,359.7,0.27,QMOF reference
qmof-26ddf3f,326.8,0.67,QMOF reference
qmof-49d94c9,,0.31,QMOF reference
qmof-5f6a50d,,0.52,QMOF reference
qmof-5c369eb,330.0,0.66,QMOF reference
qmof-8254c0e,364.5,0.74,QMOF reference
qmof-9aa4a8f,,0.62,QMOF reference
qmof-063b0ce,298.2,0.23,QMOF reference
qmof-f24b82c,293.3,0.89,QMOF reference
qmof-23b082a,,0.82,QMOF reference
qmof-8ca775a,,0.43,QMOF reference
qmof-3bf57c7,,0.15,QMOF reference
qmof-1e0ce81,,0.71,QMOF reference
qmof-a95a0d6,,FAILED,QMOF reference
qmof-717573d,204.2,0.99,QMOF reference
qmof-64da900,,0.63,QMOF reference
qmof-1eb97da,,0.56,QMOF reference
qmof-58c45b1,,0.56,QMOF reference
qmof-3839bb1,,0.51,QMOF reference
qmof-8072339,,0.89,QMOF reference
qmof-444e801,,0.54,QMOF reference
qmof-cb9e7d7,,0.74,QMOF reference
qmof-97f5963,,FAILED,QMOF reference
qmof-a81793c,,FAILED,QMOF reference
qmof-a13b727,,0.82,QMOF reference
qmof-30ffa5b,,0.23,QMOF reference
qmof-c86ad7c,,0.71,QMOF reference
qmof-77e8a1f,,FAILED,QMOF reference
qmof-772a696,,0.94,QMOF reference
qmof-2cfb1a9,,0.26,QMOF reference
qmof-fd13d81,,0.18,QMOF reference
qmof-a80386d,,0.21,QMOF reference
qmof-51b86a2,,0.75,QMOF reference
qmof-9f111f7,,0.25,QMOF reference
qmof-f10cb85,,0.7,QMOF reference
qmof-c1381a2,,0.86,QMOF reference
qmof-a2f1b66,,0.65,QMOF reference
qmof-255b822,,FAILED,QMOF reference
qmof-9ee6b62,,0.61,QMOF reference
qmof-6312a87,367.6,0.92,QMOF reference
qmof-20fc58e,328.2,0.84,QMOF reference
qmof-859616a,301.1,0.71,QMOF reference
qmof-56d364d,,0.67,QMOF reference
qmof-a4482ac,,FAILED,QMOF reference
qmof-214ad37,,0.95,QMOF reference
qmof-1fb5146,,0.49,QMOF reference
qmof-9e71b8e,,0.92,QMOF reference
qmof-845e57e,,0.88,QMOF reference
qmof-071a36b,331.2,0.66,QMOF reference
qmof-ed07c17,,0.81,QMOF reference
qmof-61502b5,,0.95,QMOF reference
qmof-6b221a4,347.1,0.72,QMOF reference
qmof-cb7e2e5,367.8,0.64,QMOF reference
qmof-25e06cf,,0.96,QMOF reference
qmof-734b468,,FAILED,QMOF reference
qmof-9c41a26,,FAILED,QMOF reference
qmof-105dea1,,0.68,QMOF reference
qmof-8bcd749,,0.29,QMOF reference
qmof-508f964,,0.67,QMOF reference
qmof-ff0313d,,0.85,QMOF reference
qmof-da85500,,0.81,QMOF reference
qmof-ae979f1,,0.96,QMOF reference
qmof-8f56928,321.5,0.38,QMOF reference
qmof-83ccceb,395.1,0.68,QMOF reference
qmof-e7522cf,,0.06,QMOF reference
qmof-fb7f2ef,,0.9,QMOF reference
qmof-1b788d8,,0.64,QMOF reference
qmof-56f4308,281.5,0.86,QMOF reference
qmof-4a30927,,0.94,QMOF reference
qmof-222c44e,,FAILED,QMOF reference
qmof-9213bc0,,0.39,QMOF reference
qmof-cd31982,337.1,0.93,QMOF reference
qmof-fcfab15,385.9,0.66,QMOF reference
qmof-ed8ee1f,317.8,FAILED,QMOF reference
qmof-e09b77b,,0.74,QMOF reference
qmof-a2d4b80,,0.61,QMOF reference
qmof-290194d,,0.89,QMOF reference
qmof-8c5cb3b,,0.86,QMOF reference
qmof-bba7eac,,0.31,QMOF reference
qmof-64b7989,166.8,0.65,QMOF reference
qmof-3c665b8,,FAILED,QMOF reference
qmof-8fe9690,,0.62,QMOF reference
qmof-4605ac8,,0.46,QMOF reference
qmof-576cfe5,,0.73,QMOF reference
qmof-132bbae,,0.6,QMOF reference
qmof-9aae61a,418.2,FAILED,QMOF reference
qmof-bcd5f34,,0.23,QMOF reference
qmof-2edacf2,,0.91,QMOF reference
qmof-bdba6fb,323.0,FAILED,QMOF reference
qmof-b2fcead,,0.16,QMOF reference
qmof-dc0cbac,,0.89,QMOF reference
qmof-9372acf,,0.39,QMOF reference
qmof-0c80dbf,,0.8,QMOF reference
qmof-741d408,,0.89,QMOF reference
qmof-dbe97aa,,FAILED,QMOF reference
qmof-bb340c4,,0.63,QMOF reference
qmof-380313c,370.3,0.74,QMOF reference
qmof-6be3a15,,0.96,QMOF reference
qmof-589eb2a,,0.96,QMOF reference
qmof-e128553,,0.9,QMOF reference
qmof-aa0100a,363.3,0.56,QMOF reference
qmof-7bfb29d,,FAILED,QMOF reference
qmof-e0ec160,401.0,0.89,QMOF reference
qmof-4c590f1,,0.63,QMOF reference
qmof-c706859,379.1,0.52,QMOF reference
qmof-e0d0d89,331.0,0.89,QMOF reference
qmof-a1b4d06,274.4,0.15,QMOF reference
qmof-b86e0e7,,0.75,QMOF reference
qmof-14291f8,,0.92,QMOF reference
qmof-489edf7,,0.33,QMOF reference
qmof-d35f64f,,0.19,QMOF reference
qmof-12e9727,,0.75,QMOF reference
qmof-f61c150,,0.88,QMOF reference
qmof-e212836,,0.04,QMOF reference
qmof-28cf744,,0.94,QMOF reference
qmof-2bb9974,,FAILED,QMOF reference
qmof-dc490ca,,0.41,QMOF reference
qmof-9d9119c,,0.83,QMOF reference
qmof-b71b6ca,,0.92,QMOF reference
qmof-644aab4,,0.8,QMOF reference
qmof-60793b4,,0.18,QMOF reference
qmof-3a234ae,,0.54,QMOF reference
qmof-bc2478d,,0.76,QMOF reference
qmof-9314df5,,FAILED,QMOF reference
qmof-7916e8d,,0.74,QMOF reference
qmof-2134a1d,,0.11,QMOF reference
qmof-c376a8c,358.4,0.71,QMOF reference
qmof-c2b9c85,,0.8,QMOF reference
qmof-2da37e8,,0.56,QMOF reference
qmof-31e0669,,0.8,QMOF reference
qmof-6fa1fe9,,0.11,QMOF reference
qmof-d6cb039,,0.89,QMOF reference
qmof-e088694,,FAILED,QMOF reference
qmof-21f4e09,,FAILED,QMOF reference
qmof-d08b940,,0.6,QMOF reference
qmof-22501f6,332.4,0.92,QMOF reference
qmof-e77916f,,0.87,QMOF reference
qmof-9e3044c,382.1,FAILED,QMOF reference
qmof-e3e57da,,FAILED,QMOF reference
qmof-b13bcc9,,0.72,QMOF reference
qmof-94d2396,,FAILED,QMOF reference
qmof-af9c10f,241.4,0.38,QMOF reference
qmof-f427d6b,,FAILED,QMOF reference
qmof-4af0f7c,245.8,0.36,QMOF reference
qmof-80be546,496.1,0.79,QMOF reference
qmof-87d4896,,0.44,QMOF reference
qmof-faa99ba,373.0,0.24,QMOF reference
qmof-0f5fd80,343.7,0.21,QMOF reference
qmof-b3f8839,,0.61,QMOF reference
qmof-8c2860b,307.2,0.4,QMOF reference
qmof-a5abc50,,0.78,QMOF reference
qmof-68edf8e,,0.13,QMOF reference
qmof-bcdc0ff,,0.74,QMOF reference
qmof-f005fae,328.9,0.69,QMOF reference
qmof-cf5e7be,,0.95,QMOF reference
qmof-93bad37,,0.36,QMOF reference
qmof-65f536b,331.6,0.51,QMOF reference
qmof-f314ce7,214.5,0.72,QMOF reference
qmof-5e3d4b5,,FAILED,QMOF reference
qmof-dc6062c,,0.91,QMOF reference
qmof-a54b66a,,FAILED,QMOF reference
qmof-c8979c7,,0.28,QMOF reference
qmof-bdb64dd,,FAILED,QMOF reference
qmof-14ba95c,,0.48,QMOF reference
qmof-671a0bb,,FAILED,QMOF reference
qmof-6aff677,,0.15,QMOF reference
qmof-bf91379,,0.76,QMOF reference
qmof-c6fa1c1,,0.95,QMOF reference
qmof-012ca8a,,0.13,QMOF reference
qmof-ef89d0e,,0.8,QMOF reference
qmof-6be1165,,0.18,QMOF reference
qmof-d12960f,,0.6,QMOF reference
qmof-3a8ae72,344.5,0.85,QMOF reference
qmof-b15083e,,0.31,QMOF reference
qmof-fb04384,,FAILED,QMOF reference
qmof-3d70d00,,0.96,QMOF reference
qmof-cb52709,,0.72,QMOF reference
qmof-ee77db8,,0.8,QMOF reference
qmof-f5a3544,411.9,0.06,QMOF reference
qmof-da6b9c1,,0.97,QMOF reference
qmof-ceeb95d,,0.93,QMOF reference
qmof-54b8baf,408.5,0.92,QMOF reference
qmof-5a0bd7c,,FAILED,QMOF reference
qmof-f2c4016,,0.22,QMOF reference
qmof-e84e6e1,,0.78,QMOF reference
qmof-64fdb56,,0.7,QMOF reference
qmof-fa0e5b1,,0.59,QMOF reference
qmof-8e441aa,379.2,0.12,QMOF reference
qmof-f7eae0a,,0.21,QMOF reference
qmof-be776e0,395.9,FAILED,QMOF reference
qmof-634042f,,0.89,QMOF reference
qmof-44f9a2e,,0.76,QMOF reference
qmof-976b7ca,,0.7,QMOF reference
qmof-d83e85c,,FAILED,QMOF reference
qmof-29040b3,360.0,0.4,QMOF reference
qmof-151eb43,374.5,FAILED,QMOF reference
qmof-2b3c904,,0.86,QMOF reference
qmof-6663119,,0.4,QMOF reference
qmof-d4b95e5,,0.81,QMOF reference
qmof-877774d,405.0,0.11,QMOF reference
qmof-0505344,,0.7,QMOF reference
qmof-7acd702,,0.62,QMOF reference
qmof-87f5303,,0.84,QMOF reference
qmof-faf4b45,,0.71,QMOF reference
qmof-1784f7b,,0.9,QMOF reference
qmof-20d767e,,0.68,QMOF reference
qmof-eefbba1,,0.58,QMOF reference
qmof-2e1a19d,,0.35,QMOF reference
qmof-3acbc0c,,0.9,QMOF reference
qmof-baf873c,,0.39,QMOF reference
qmof-674fd65,,0.88,QMOF reference
qmof-7ee5fa4,,0.72,QMOF reference
qmof-94cbfb4,,0.64,QMOF reference
qmof-18c691a,,0.47,QMOF reference
qmof-f53594c,,0.8,QMOF reference
qmof-c7df685,,0.88,QMOF reference
qmof-84f7c19,,0.33,QMOF reference
qmof-84de0d3,327.6,0.13,QMOF reference
qmof-8e8a76a,,0.69,QMOF reference
qmof-ac208a4,,0.81,QMOF reference
qmof-2d4accf,,0.72,QMOF reference
qmof-5d52dfb,282.6,0.23,QMOF reference
qmof-7a72222,,0.52,QMOF reference
qmof-72d1dd4,,0.3,QMOF reference
qmof-aa92de8,,0.85,QMOF reference
qmof-5be25c8,290.9,0.08,QMOF reference
qmof-542a344,,0.79,QMOF reference
qmof-7ecc855,319.6,0.65,QMOF reference
qmof-0fa2384,,FAILED,QMOF reference
qmof-cc59fa2,,0.94,QMOF reference
qmof-a9002ca,,0.53,QMOF reference
qmof-0b3aaa4,351.3,0.06,QMOF reference
qmof-c47521e,,FAILED,QMOF reference
qmof-f6b20e5,315.6,FAILED,QMOF reference
qmof-ec55375,,0.16,QMOF reference
qmof-b4f3ed0,,0.52,QMOF reference
qmof-6cfdcbd,409.0,FAILED,QMOF reference
qmof-ac1dbd3,,0.87,QMOF reference
qmof-8e0ab66,,0.26,QMOF reference
qmof-8333f8b,,0.78,QMOF reference
qmof-fe36449,306.0,0.55,QMOF reference
qmof-233496c,,0.88,QMOF reference
qmof-92bf34f,324.5,0.91,QMOF reference
qmof-5dbca24,216.4,0.33,QMOF reference
qmof-f39795c,285.8,0.26,QMOF reference
qmof-fdcea31,,0.94,QMOF reference
qmof-3d08513,,0.82,QMOF reference
qmof-53413bd,,0.49,QMOF reference
qmof-2819d4e,,0.25,QMOF reference
qmof-231dae7,,0.04,QMOF reference
qmof-00c8700,,0.41,QMOF reference
qmof-efd8c2a,,0.95,QMOF reference
qmof-1034731,,0.76,QMOF reference
qmof-334c891,312.9,0.47,QMOF reference
qmof-a98e632,336.8,0.69,QMOF reference
qmof-365a308,,0.72,QMOF reference
qmof-9c2bfdc,,0.6,QMOF reference
qmof-0fb4c2f,,0.06,QMOF reference
qmof-c45dcc3,,0.31,QMOF reference
qmof-ba6a246,,0.54,QMOF reference
qmof-b3fa58d,,0.19,QMOF reference
qmof-6a0abd0,279.8,0.81,QMOF reference
qmof-276c5e9,271.3,0.93,QMOF reference
qmof-9f71903,,0.94,QMOF reference
qmof-154f4dd,,0.88,QMOF reference
qmof-3b1bdfe,,0.89,QMOF reference
qmof-3e684e0,,0.76,QMOF reference
qmof-8529597,276.0,0.93,QMOF reference
qmof-d1ec783,325.6,0.76,QMOF reference
qmof-25b216b,,0.52,QMOF reference
qmof-f8b1ac0,,0.34,QMOF reference
qmof-dc2251f,,0.04,QMOF reference
qmof-a8a00f1,,FAILED,QMOF reference
qmof-1a90743,,0.57,QMOF reference
qmof-f6132be,,0.46,QMOF reference
qmof-03e1732,320.2,0.33,QMOF reference
qmof-3765c1c,,0.95,QMOF reference
qmof-60cb60d,,0.92,QMOF reference
qmof-25b0591,408.9,0.64,QMOF reference
qmof-4b64f51,,FAILED,QMOF reference
qmof-c3c40c6,,FAILED,QMOF reference
qmof-d9c1c6b,,0.93,QMOF reference
qmof-5dfc500,,0.28,QMOF reference
qmof-e05c142,,FAILED,QMOF reference
qmof-f3bfe99,,0.8,QMOF reference
qmof-efb2482,,0.32,QMOF reference
qmof-da53b42,297.3,FAILED,QMOF reference
qmof-1b7741c,,0.72,QMOF reference
qmof-dbac19f,,0.49,QMOF reference
qmof-afbf6ca,,0.84,QMOF reference
qmof-4090ce1,,0.13,QMOF reference
qmof-b001a65,,0.71,QMOF reference
qmof-3a1e8d9,351.8,0.63,QMOF reference
qmof-2d4b95d,,0.84,QMOF reference
qmof-2fb0f21,,0.11,QMOF reference
qmof-a59ed25,,0.52,QMOF reference
qmof-dd89c20,,0.69,QMOF reference
qmof-a3be11a,,0.62,QMOF reference
qmof-c775c6c,,0.81,QMOF reference
qmof-bbfd88d,,0.12,QMOF reference
qmof-d203083,,0.85,QMOF reference
qmof-8f40bf6,,FAILED,QMOF reference
qmof-039ecdf,,0.93,QMOF reference
qmof-fd22e48,,0.69,QMOF reference
qmof-cbb6c08,,0.72,QMOF reference
qmof-dfa9a2b,,0.72,QMOF reference
qmof-f5e0bce,,0.7,QMOF reference
qmof-eeccd6b,,0.04,QMOF reference
qmof-c3c786f,,0.57,QMOF reference
qmof-e9c7f92,,0.6,QMOF reference
qmof-a7c590f,,0.89,QMOF reference
qmof-a78d31b,,0.32,QMOF reference
qmof-da84265,,FAILED,QMOF reference
qmof-a96fe42,,0.86,QMOF reference
qmof-eeabd2e,,0.52,QMOF reference
qmof-b5e016a,,0.89,QMOF reference
qmof-4fc3049,,0.22,QMOF reference
qmof-0af7444,,0.97,QMOF reference
qmof-cb9ea13,,0.21,QMOF reference
qmof-20a983a,,0.56,QMOF reference
qmof-cb22207,,FAILED,QMOF reference
qmof-b6cbefa,,0.71,QMOF reference
qmof-88cb1c8,301.5,0.77,QMOF reference
qmof-3c464fc,,FAILED,QMOF reference
qmof-c7db4a4,,FAILED,QMOF reference
qmof-435476c,,0.1,QMOF reference
qmof-a020491,294.2,0.94,QMOF reference
qmof-0bbbcb5,255.6,0.98,QMOF reference
qmof-eb5e701,,0.98,QMOF reference
qmof-a46c6f8,,0.77,QMOF reference
qmof-ef677d6,377.5,0.78,QMOF reference
qmof-d43a3be,,0.37,QMOF reference
qmof-655a596,,0.41,QMOF reference
qmof-2c03c26,,0.26,QMOF reference
qmof-32874d9,,0.32,QMOF reference
qmof-f199ab9,343.1,0.8,QMOF reference
qmof-6038f07,,0.26,QMOF reference
qmof-0c8b198,323.9,0.89,QMOF reference
qmof-ff989c9,,FAILED,QMOF reference
qmof-241c567,230.2,0.84,QMOF reference
qmof-e0a90af,,0.46,QMOF reference
qmof-da7f6d0,,0.62,QMOF reference
qmof-8aa40cd,331.3,0.85,QMOF reference
qmof-73b30fd,,0.92,QMOF reference
qmof-089b013,,0.39,QMOF reference
qmof-b0024a4,320.0,0.24,QMOF reference
qmof-e03dbd5,278.8,FAILED,QMOF reference
qmof-51dc808,,0.54,QMOF reference
qmof-7377a9b,389.1,0.5,QMOF reference
qmof-15e8a31,,0.14,QMOF reference
qmof-38f895c,378.1,0.97,QMOF reference
qmof-8b2104f,,0.94,QMOF reference
qmof-7b3f604,277.8,0.32,QMOF reference
qmof-d65a785,,0.59,QMOF reference
qmof-0bbddb3,,0.93,QMOF reference
qmof-1a45ce8,,0.83,QMOF reference
qmof-8cf4e29,,0.96,QMOF reference
qmof-64eca6f,461.7,0.7,QMOF reference
qmof-415187e,,0.29,QMOF reference
qmof-9e4a54b,,0.65,QMOF reference
qmof-66a1aec,,FAILED,QMOF reference
qmof-a5309c0,,0.87,QMOF reference
qmof-93f3467,,0.88,QMOF reference
qmof-8921493,,0.72,QMOF reference
qmof-7df17a2,316.7,0.28,QMOF reference
qmof-5adffdd,367.2,0.63,QMOF reference
qmof-bd45ea2,,0.85,QMOF reference
qmof-e34a57f,,0.48,QMOF reference
qmof-84de781,115.2,0.96,QMOF reference
qmof-2b24084,,0.17,QMOF reference
qmof-faf312c,,0.74,QMOF reference
qmof-9a80eba,,0.1,QMOF reference
qmof-ba345d3,,0.73,QMOF reference
qmof-ce3d638,,FAILED,QMOF reference
qmof-d34fc02,345.3,FAILED,QMOF reference
qmof-ff2f9c6,,0.49,QMOF reference
qmof-530af98,,0.47,QMOF reference
qmof-f39aeea,,0.93,QMOF reference
qmof-87a7ada,,FAILED,QMOF reference
qmof-d0835c2,276.5,0.56,QMOF reference
qmof-6fd1381,,0.78,QMOF reference
qmof-a2e5c9f,,FAILED,QMOF reference
qmof-75dd8f6,,0.69,QMOF reference
qmof-1fd65b5,,FAILED,QMOF reference
qmof-597c872,,0.47,QMOF reference
qmof-5440933,,FAILED,QMOF reference
qmof-da66f66,,0.52,QMOF reference
qmof-16eada2,,0.23,QMOF reference
qmof-f543252,,FAILED,QMOF reference
qmof-5991f0e,,0.56,QMOF reference
qmof-a0ce352,,0.45,QMOF reference
qmof-e98dec3,,FAILED,QMOF reference
qmof-33b0cbe,,0.72,QMOF reference
qmof-558281a,,0.28,QMOF reference
qmof-55c871d,,0.86,QMOF reference
qmof-230a690,,FAILED,QMOF reference
qmof-0567912,,0.05,QMOF reference
qmof-ad7ba6d,,0.27,QMOF reference
qmof-d08242d,,0.91,QMOF reference
qmof-2b7dbda,,0.89,QMOF reference
qmof-0f00c40,,FAILED,QMOF reference
qmof-71b2c0d,,0.94,QMOF reference
qmof-9bd849f,,0.21,QMOF reference
qmof-fc8917e,,0.85,QMOF reference
qmof-cea3393,,0.66,QMOF reference
qmof-31ff996,,0.69,QMOF reference
qmof-4a926f9,,FAILED,QMOF reference
qmof-edd4ef0,,0.84,QMOF reference
qmof-e55c544,,0.91,QMOF reference
qmof-2e9f64b,,FAILED,QMOF reference
qmof-4dbedd6,,0.64,QMOF reference
qmof-f6041a7,,0.83,QMOF reference
qmof-fb7aab9,,FAILED,QMOF reference
qmof-0275f1b,,FAILED,QMOF reference
qmof-9fd01d7,,0.86,QMOF reference
qmof-d5c670c,,FAILED,QMOF reference
qmof-9c45fa9,,0.54,QMOF reference
qmof-c441e76,,FAILED,QMOF reference
qmof-e9eb4e9,,0.92,QMOF reference
qmof-c9316bd,,0.93,QMOF reference
qmof-c43329d,,0.55,QMOF reference
qmof-7c78d8b,,0.65,QMOF reference
qmof-7508c2e,,0.94,QMOF reference
qmof-a8784c9,,0.95,QMOF reference
qmof-25d93fb,,0.84,QMOF reference
qmof-fa00f07,,0.86,QMOF reference
qmof-9df0051,,FAILED,QMOF reference
qmof-19ac3b5,,0.44,QMOF reference
qmof-f3defa1,,FAILED,QMOF reference
qmof-87b86ca,,0.71,QMOF reference
qmof-d40fe67,,0.82,QMOF reference
qmof-727436c,,0.9,QMOF reference
qmof-ce72413,,0.44,QMOF reference
qmof-40f2e0c,,FAILED,QMOF reference
qmof-d10d70c,,0.95,QMOF reference
qmof-4836d6c,,FAILED,QMOF reference
qmof-6beb689,,0.87,QMOF reference
qmof-abf5294,,0.73,QMOF reference
qmof-a7f9c95,,0.14,QMOF reference
qmof-6651c5d,,0.49,QMOF reference
qmof-febffd8,,0.95,QMOF reference
qmof-850f45a,,FAILED,QMOF reference
qmof-04a422b,,0.96,QMOF reference
qmof-d698e20,,0.77,QMOF reference
qmof-fb52feb,,0.41,QMOF reference
qmof-e89799e,,FAILED,QMOF reference
qmof-b73b657,,0.37,QMOF reference
qmof-d53fad7,,0.89,QMOF reference
qmof-f8266a0,,0.87,QMOF reference
qmof-803f80f,,FAILED,QMOF reference
qmof-e5198b3,,0.93,QMOF reference
qmof-3f10db1,,0.84,QMOF reference
qmof-e2ec095,,0.56,QMOF reference
qmof-a9606d5,,FAILED,QMOF reference
qmof-c915515,,0.64,QMOF reference
qmof-94699eb,,0.26,QMOF reference
qmof-c488679,,0.14,QMOF reference
qmof-e98c409,,0.77,QMOF reference
qmof-2cf4df0,,0.24,QMOF reference
qmof-b16a2c3,,FAILED,QMOF reference
qmof-bdb54d3,,0.63,QMOF reference
qmof-6504d94,,0.63,QMOF reference
qmof-c2d9ec9,,0.65,QMOF reference
qmof-263af46,,0.09,QMOF reference
qmof-7ee5c89,,0.89,QMOF reference
qmof-056d026,,0.86,QMOF reference
qmof-80e112a,,0.88,QMOF reference
qmof-30f908c,,0.43,QMOF reference
qmof-2bd5eb8,,0.82,QMOF reference
qmof-0984968,,0.79,QMOF reference
qmof-59b7a9f,,0.78,QMOF reference
qmof-d3204be,326.1,0.2,QMOF reference
qmof-aea802e,,0.77,QMOF reference
qmof-aac02f7,359.6,0.7,QMOF reference
qmof-ee19259,,0.89,QMOF reference
qmof-1b24ff0,,FAILED,QMOF reference
qmof-a2e49ee,319.9,0.59,QMOF reference
qmof-ea58ba0,,0.37,QMOF reference
qmof-87af48e,,0.7,QMOF reference
qmof-62058f7,,0.62,QMOF reference
qmof-17a4115,,0.12,QMOF reference
qmof-3aa5315,350.8,0.3,QMOF reference
qmof-b078db5,,0.71,QMOF reference
qmof-ab4c89d,,0.57,QMOF reference
qmof-d90261d,354.3,0.64,QMOF reference
qmof-a6968c4,,0.56,QMOF reference
qmof-0eda30d,,0.29,QMOF reference
qmof-af4be9c,,0.23,QMOF reference
qmof-6df82d9,,FAILED,QMOF reference
qmof-3f26b0e,,0.74,QMOF reference
qmof-95355e3,,0.81,QMOF reference
qmof-6313ccd,,0.91,QMOF reference
qmof-d1e1b87,341.9,0.91,QMOF reference
qmof-e717cad,,0.19,QMOF reference
qmof-7501cda,,0.73,QMOF reference
qmof-2d04c0a,,0.82,QMOF reference
qmof-9e38c97,335.5,0.74,QMOF reference
qmof-aabccf4,,0.08,QMOF reference
qmof-456d4d5,311.4,0.33,QMOF reference
qmof-3bf43db,,0.98,QMOF reference
qmof-ea3d030,369.8,0.4,QMOF reference
qmof-fe0c306,333.4,0.79,QMOF reference
qmof-7f68609,,0.27,QMOF reference
qmof-293c249,292.9,0.59,QMOF reference
qmof-96931f7,337.8,0.39,QMOF reference
qmof-3c74de3,,0.62,QMOF reference
qmof-728c062,349.6,0.87,QMOF reference
qmof-f06e64f,,0.86,QMOF reference
qmof-c45b2d5,364.4,0.78,QMOF reference
qmof-c2fa921,,0.48,QMOF reference
qmof-1b8f727,326.5,0.9,QMOF reference
qmof-a0304d6,,0.69,QMOF reference
qmof-8ddce79,347.4,0.62,QMOF reference
qmof-0a12f7f,,0.69,QMOF reference
qmof-b205a95,343.0,0.5,QMOF reference
qmof-adde5e1,,0.77,QMOF reference
qmof-0acccbc,,0.88,QMOF reference
qmof-904c7c6,,FAILED,QMOF reference
qmof-51bdd62,,0.68,QMOF reference
qmof-ac5b80e,423.7,0.75,QMOF reference
qmof-c110ca9,,0.58,QMOF reference
qmof-bb0212d,,0.21,QMOF reference
qmof-2b4c687,,0.57,QMOF reference
qmof-17d81df,,0.56,QMOF reference
qmof-23961e5,,0.37,QMOF reference
qmof-6990f85,408.1,0.69,QMOF reference
qmof-ae934b7,,0.49,QMOF reference
qmof-6fcc83e,,0.79,QMOF reference
qmof-520ebea,385.7,FAILED,QMOF reference
qmof-932bf8b,,0.9,QMOF reference
qmof-94ef826,384.5,0.57,QMOF reference
qmof-16ba929,,0.85,QMOF reference
qmof-7f974b8,,0.09,QMOF reference
qmof-69fc545,341.7,0.35,QMOF reference
qmof-b2a2ee0,,0.81,QMOF reference
qmof-c00e9c8,,FAILED,QMOF reference
qmof-5c6b152,,0.35,QMOF reference
qmof-136e736,333.0,0.83,QMOF reference
qmof-2753192,,0.93,QMOF reference
qmof-52246fc,349.9,0.85,QMOF reference
qmof-20f906c,,0.59,QMOF reference
qmof-88d81f2,,FAILED,QMOF reference
qmof-44dcbfb,,0.85,QMOF reference
qmof-9443441,,0.59,QMOF reference
qmof-ed03ca8,365.2,0.86,QMOF reference
qmof-48262eb,,0.91,QMOF reference
qmof-3ce92c0,381.5,FAILED,QMOF reference
qmof-11e1ff2,365.0,0.52,QMOF reference
qmof-3cb39d1,,0.5,QMOF reference
qmof-8d056ff,405.5,FAILED,QMOF reference
qmof-ad44d4e,,0.09,QMOF reference
qmof-7406b61,,0.81,QMOF reference
qmof-ddf978d,,0.66,QMOF reference
qmof-b8d9911,328.8,0.18,QMOF reference
qmof-c47cf99,,0.88,QMOF reference
qmof-1dddd27,321.4,0.67,QMOF reference
qmof-362bef5,,0.78,QMOF reference
qmof-7cacd01,351.1,0.66,QMOF reference
qmof-db13ee3,287.3,0.94,QMOF reference
qmof-a46901a,,0.32,QMOF reference
qmof-b20c78b,308.2,0.23,QMOF reference
qmof-14c9367,,0.34,QMOF reference
qmof-028a878,,0.29,QMOF reference
qmof-fc2d571,371.2,0.97,QMOF reference
qmof-65e44a3,,FAILED,QMOF reference
qmof-a8bee64,,0.92,QMOF reference
qmof-db4af19,430.2,0.59,QMOF reference
qmof-60b7753,,0.56,QMOF reference
qmof-182d6dc,,0.19,QMOF reference
qmof-9bfb63d,,0.8,QMOF reference
qmof-b87071b,280.8,0.67,QMOF reference
qmof-3d9a749,286.4,0.9,QMOF reference
qmof-89ecd19,305.0,0.72,QMOF reference
qmof-f4da9da,,0.95,QMOF reference
qmof-7961300,322.9,0.67,QMOF reference
qmof-afcc0ad,,0.89,QMOF reference
qmof-cc15248,,0.59,QMOF reference
qmof-f004b42,297.4,FAILED,QMOF reference
qmof-2aae36a,,FAILED,QMOF reference
qmof-2a526c0,,0.07,QMOF reference
qmof-582048a,317.7,0.21,QMOF reference
qmof-cee74ee,,0.46,QMOF reference
qmof-4148b62,336.3,0.63,QMOF reference
qmof-2b46da3,,0.23,QMOF reference
qmof-1cf625b,,0.37,QMOF reference
qmof-20f768b,306.2,0.85,QMOF reference
qmof-01ecb5c,,0.92,QMOF reference
qmof-b983a20,,FAILED,QMOF reference
qmof-fd83467,,0.07,QMOF reference
qmof-f16edf9,,0.7,QMOF reference
qmof-12bec5a,,0.93,QMOF reference
qmof-302ff98,,0.41,QMOF reference
qmof-1fbe7ca,,0.39,QMOF reference
qmof-48a3ecd,,0.36,QMOF reference
qmof-ac615b9,,0.46,QMOF reference
qmof-eaee57b,,0.94,QMOF reference
qmof-1510275,,0.85,QMOF reference
qmof-b527d66,289.9,0.1,QMOF reference
qmof-20ce10c,330.5,0.69,QMOF reference
qmof-844ba33,258.7,0.79,QMOF reference
qmof-15a2fa5,,0.94,QMOF reference
qmof-2fde3f7,,0.22,QMOF reference
qmof-9410a8e,,0.6,QMOF reference
qmof-19c3857,,FAILED,QMOF reference
qmof-9711c38,,0.83,QMOF reference
qmof-a75c84c,,0.47,QMOF reference
qmof-5dbcf37,,0.71,QMOF reference
qmof-b3e0651,,0.31,QMOF reference
qmof-5b25fa3,,0.37,QMOF reference
qmof-dc7e5a3,298.2,0.91,QMOF reference
qmof-429c0de,318.1,0.5,QMOF reference
qmof-2fa85e9,355.6,0.58,QMOF reference
qmof-cf68a4b,,0.3,QMOF reference
qmof-396c838,,0.57,QMOF reference
qmof-c468324,361.8,0.78,QMOF reference
qmof-d484021,,0.81,QMOF reference
qmof-12eec1c,,0.62,QMOF reference
qmof-65bd4b6,,0.57,QMOF reference
qmof-2e8198f,,0.23,QMOF reference
qmof-acea064,,0.81,QMOF reference
qmof-41984f8,229.5,0.09,QMOF reference
qmof-431b93f,,0.02,QMOF reference
qmof-bdde1f9,,0.78,QMOF reference
qmof-0de4f8c,243.9,0.78,QMOF reference
qmof-0fcc169,,0.48,QMOF reference
qmof-ee9cb10,,0.84,QMOF reference
qmof-cc2b923,,FAILED,QMOF reference
qmof-77f73c0,,0.54,QMOF reference
qmof-6694d04,,0.17,QMOF reference
qmof-6a62f82,314.3,0.8,QMOF reference
qmof-3d36cba,304.8,0.69,QMOF reference
qmof-cf9c61e,,0.84,QMOF reference
qmof-93bb2c9,369.9,0.97,QMOF reference
qmof-8aef2c6,,FAILED,QMOF reference
qmof-ca4d273,,0.47,QMOF reference
qmof-be7f13b,,0.12,QMOF reference
qmof-b46b341,,0.5,QMOF reference
qmof-2a8957f,,0.22,QMOF reference
qmof-f6990bf,319.9,0.72,QMOF reference
qmof-cfab418,,0.16,QMOF reference
qmof-df89737,,0.85,QMOF reference
qmof-918ced2,,FAILED,QMOF reference
qmof-3ba2386,,0.6,QMOF reference
qmof-f3f002d,,0.94,QMOF reference
qmof-73bb58e,,0.26,QMOF reference
qmof-405b604,337.9,0.63,QMOF reference
qmof-6417424,,0.24,QMOF reference
qmof-5277d51,,0.52,QMOF reference
qmof-cb7bfe3,,0.96,QMOF reference
qmof-8549a5b,,0.93,QMOF reference
qmof-5c72d1f,,0.8,QMOF reference
qmof-59a550a,,0.6,QMOF reference
qmof-af52ec1,,0.61,QMOF reference
qmof-c218ed4,,0.89,QMOF reference
qmof-62c3d21,345.5,0.24,QMOF reference
qmof-83e2c80,365.0,0.79,QMOF reference
qmof-15b6747,353.6,0.77,QMOF reference
qmof-fe2b515,,0.31,QMOF reference
qmof-c6a024f,,0.82,QMOF reference
qmof-5754d27,,0.96,QMOF reference
qmof-7e67998,336.1,0.92,QMOF reference
qmof-6977d9d,318.6,FAILED,QMOF reference
qmof-1b24ed6,,0.87,QMOF reference
qmof-37c4e91,,0.74,QMOF reference
qmof-7b10042,,0.77,QMOF reference
qmof-2f358d2,,0.39,QMOF reference
qmof-b6395f5,,0.89,QMOF reference
qmof-d33b04e,,0.74,QMOF reference
qmof-8d9e0fb,,0.67,QMOF reference
qmof-2131538,,0.54,QMOF reference
qmof-17be6a5,,0.88,QMOF reference
qmof-e1b18f7,,0.92,QMOF reference
qmof-fda4509,330.3,0.48,QMOF reference
qmof-2d9f3da,,0.52,QMOF reference
qmof-8ca8e56,,FAILED,QMOF reference
qmof-10d8e94,384.7,0.73,QMOF reference
qmof-4cd5f97,323.7,0.88,QMOF reference
qmof-62678da,,FAILED,QMOF reference
qmof-4f0af97,,0.87,QMOF reference
qmof-94a3110,,0.93,QMOF reference
qmof-263fe94,,0.51,QMOF reference
qmof-c20a6d8,347.5,0.76,QMOF reference
qmof-a8e03e4,,0.88,QMOF reference
qmof-8ee5683,375.3,FAILED,QMOF reference
qmof-cac4d89,,0.84,QMOF reference
qmof-fd921b0,286.7,0.74,QMOF reference
qmof-d5145e0,395.2,0.95,QMOF reference
qmof-580761f,361.7,FAILED,QMOF reference
qmof-68bc391,,0.21,QMOF reference
qmof-1c3e47f,,0.23,QMOF reference
qmof-15b3a70,347.5,0.47,QMOF reference
qmof-557b940,,FAILED,QMOF reference
qmof-416b2de,,0.82,QMOF reference
qmof-46e5a60,,FAILED,QMOF reference
qmof-a27f33e,,0.82,QMOF reference
qmof-ce8d87f,,0.18,QMOF reference
qmof-5d3ef84,,0.47,QMOF reference
qmof-bf36eb9,,0.87,QMOF reference
qmof-59219a7,,0.81,QMOF reference
qmof-dc95e92,360.2,0.19,QMOF reference
qmof-e057c66,,0.73,QMOF reference
qmof-61b30af,,0.24,QMOF reference
qmof-216ba86,352.3,0.54,QMOF reference
qmof-17cd56b,,FAILED,QMOF reference
qmof-2a10237,,0.86,QMOF reference
qmof-a4aabcf,,FAILED,QMOF reference
qmof-285f830,,0.49,QMOF reference
qmof-d5e9981,,0.59,QMOF reference
qmof-dd44956,,0.31,QMOF reference
qmof-7101119,363.3,FAILED,QMOF reference
qmof-6e5e86e,,FAILED,QMOF reference
qmof-38d84a5,303.0,0.67,QMOF reference
qmof-42ad75b,,0.12,QMOF reference
qmof-215da5f,,0.29,QMOF reference
qmof-91c04d1,,0.18,QMOF reference
qmof-85cce1c,,FAILED,QMOF reference
qmof-7c5af7f,,0.96,QMOF reference
qmof-ebb5bae,,0.93,QMOF reference
qmof-25c89ed,,0.94,QMOF reference
qmof-107c642,,0.46,QMOF reference
qmof-9ba61f0,,0.3,QMOF reference
qmof-bedaaa6,,0.78,QMOF reference
qmof-4a4f095,,0.82,QMOF reference
qmof-dc3b732,,0.21,QMOF reference
qmof-ff9ba6c,,0.85,QMOF reference
qmof-379cac0,,FAILED,QMOF reference
qmof-694381f,,0.22,QMOF reference
qmof-e6b4f28,,0.91,QMOF reference
qmof-8746932,,0.46,QMOF reference
qmof-349a88c,,0.64,QMOF reference
qmof-7b88b10,,0.16,QMOF reference
qmof-56ace0f,,FAILED,QMOF reference
qmof-ac78c2d,,0.81,QMOF reference
qmof-ba17068,,0.17,QMOF reference
qmof-5f50532,,FAILED,QMOF reference
qmof-3d403e9,,0.9,QMOF reference
qmof-27d460e,,0.48,QMOF reference
qmof-5f57dd4,,FAILED,QMOF reference
qmof-05d5e8e,,0.93,QMOF reference
qmof-1ddc72d,,0.93,QMOF reference
qmof-23c04a5,,0.41,QMOF reference
qmof-dd80992,,0.81,QMOF reference
qmof-02aac8c,,0.67,QMOF reference
qmof-4acd25f,,0.91,QMOF reference
qmof-15271a7,,0.95,QMOF reference
qmof-5f35170,,0.73,QMOF reference
qmof-d3129ea,,0.47,QMOF reference
qmof-78a11f4,,0.38,QMOF reference
qmof-311f3ba,,0.73,QMOF reference
qmof-0b9c9b5,,0.44,QMOF reference
qmof-4f6760e,,0.87,QMOF reference
qmof-7a1337f,,0.79,QMOF reference
qmof-514f310,,0.62,QMOF reference
qmof-13a2472,,0.93,QMOF reference
qmof-28d73ee,,0.24,QMOF reference
qmof-cbe9910,,0.45,QMOF reference
qmof-340c4bd,,0.92,QMOF reference
qmof-cd42f10,,FAILED,QMOF reference
qmof-75db304,,0.37,QMOF reference
qmof-ff00347,,0.92,QMOF reference
qmof-a1c84c4,,0.2,QMOF reference
qmof-384cd6b,,0.88,QMOF reference
qmof-5658f69,,0.54,QMOF reference
qmof-8f721fc,,0.32,QMOF reference
qmof-d67cf85,,0.82,QMOF reference
qmof-f1f9075,,0.16,QMOF reference
qmof-66c3285,,0.12,QMOF reference
qmof-309dedf,,0.32,QMOF reference
qmof-ea4ee42,,0.73,QMOF reference
qmof-a01a4d4,,FAILED,QMOF reference
qmof-925a580,,0.88,QMOF reference
qmof-78f079f,,FAILED,QMOF reference
qmof-17d2d80,,0.85,QMOF reference
qmof-b1bca8e,,FAILED,QMOF reference
qmof-7dfd503,,0.9,QMOF reference
qmof-b733275,,0.29,QMOF reference
qmof-1d7abc8,,0.01,QMOF reference
qmof-386ffdd,,0.9,QMOF reference
qmof-b740762,,0.77,QMOF reference
qmof-40f78ce,,0.66,QMOF reference
qmof-1379d15,287.7,0.75,QMOF reference
qmof-2beddb4,,0.84,QMOF reference
qmof-e686033,403.5,0.48,QMOF reference
qmof-2594c1c,-105.7,0.48,QMOF reference
qmof-1123a6c,,0.9,QMOF reference
qmof-739cca6,374.5,0.86,QMOF reference
qmof-c8cd84e,310.1,0.75,QMOF reference
qmof-54e3d77,,0.94,QMOF reference
qmof-20d3804,,0.86,QMOF reference
qmof-43f35d6,,0.67,QMOF reference
qmof-80be73f,317.3,0.17,QMOF reference
qmof-7d07354,,FAILED,QMOF reference
qmof-e09c476,,0.9,QMOF reference
qmof-6c3a161,,0.83,QMOF reference
qmof-f784df1,304.6,0.14,QMOF reference
qmof-c895b41,,FAILED,QMOF reference
qmof-f54855a,347.8,0.5,QMOF reference
qmof-a8304b6,,0.91,QMOF reference
qmof-9f220e6,387.4,0.9,QMOF reference
qmof-32f04aa,,0.82,QMOF reference
qmof-14d6317,290.8,0.64,QMOF reference
qmof-131c306,287.5,0.74,QMOF reference
qmof-6c0ffdd,,0.79,QMOF reference
qmof-5057bcc,,0.45,QMOF reference
qmof-0e73e01,321.0,0.91,QMOF reference
qmof-5ec17b1,385.4,0.39,QMOF reference
qmof-f2110a2,237.2,0.44,QMOF reference
qmof-828e765,,FAILED,QMOF reference
qmof-0e116bf,,0.05,QMOF reference
qmof-37e4d9d,,0.87,QMOF reference
qmof-2c659a7,321.5,0.61,QMOF reference
qmof-011f2cc,,0.07,QMOF reference
qmof-bad4c4a,,0.92,QMOF reference
qmof-113b9c6,,0.11,QMOF reference
qmof-60168f8,,0.81,QMOF reference
qmof-de79bef,,0.77,QMOF reference
qmof-13a3ac6,,FAILED,QMOF reference
qmof-7351afb,,0.86,QMOF reference
qmof-95229d9,,FAILED,QMOF reference
qmof-0001b0d,,0.25,QMOF reference
qmof-88ad698,,0.38,QMOF reference
qmof-6438955,,FAILED,QMOF reference
qmof-bfc8950,,0.93,QMOF reference
qmof-04907e4,,0.75,QMOF reference
qmof-942e53d,295.0,0.55,QMOF reference
qmof-1105864,,0.97,QMOF reference
qmof-305af65,,0.93,QMOF reference
qmof-d248652,312.7,FAILED,QMOF reference
qmof-4363f56,,0.63,QMOF reference
qmof-7489767,389.0,0.67,QMOF reference
qmof-b93f934,,0.9,QMOF reference
qmof-1565c63,,0.46,QMOF reference
qmof-ddf0ee0,,0.88,QMOF reference
qmof-315acfe,,0.77,QMOF reference
qmof-c700982,,FAILED,QMOF reference
qmof-e482ff6,394.3,FAILED,QMOF reference
qmof-e4e7c8a,,0.85,QMOF reference
qmof-88dbbc6,,0.06,QMOF reference
qmof-5927609,,0.83,QMOF reference
qmof-aa19f13,,0.7,QMOF reference
qmof-e74af87,,FAILED,QMOF reference
qmof-93db7fd,318.8,0.86,QMOF reference
qmof-c2a6c60,,0.92,QMOF reference
qmof-28d9278,,FAILED,QMOF reference
qmof-862167f,450.2,0.71,QMOF reference
qmof-32ba73a,,0.84,QMOF reference
qmof-e4d3ca9,,0.66,QMOF reference
qmof-8c5f14e,,0.17,QMOF reference
qmof-bd502de,,0.31,QMOF reference
qmof-705ecf9,,0.93,QMOF reference
qmof-95951f3,,0.97,QMOF reference
qmof-47c8976,,0.78,QMOF reference
qmof-53400dc,,0.87,QMOF reference
qmof-7193001,,0.77,QMOF reference
qmof-24c9098,,0.95,QMOF reference
qmof-f54e59c,408.9,0.69,QMOF reference
qmof-308beb7,,0.85,QMOF reference
qmof-2188f7f,,0.25,QMOF reference
qmof-f66185a,,0.61,QMOF reference
qmof-54d6b26,,0.85,QMOF reference
qmof-50481d7,,0.68,QMOF reference
qmof-0e9f38c,357.0,0.46,QMOF reference
qmof-2ca16aa,329.7,0.68,QMOF reference
qmof-ba25365,,0.94,QMOF reference
qmof-248b9a0,349.0,0.36,QMOF reference
qmof-f07e55e,278.1,0.77,QMOF reference
qmof-77116df,,FAILED,QMOF reference
qmof-659d5f8,,0.21,QMOF reference
qmof-f0ed3d6,,0.21,QMOF reference
qmof-74552cd,386.3,0.58,QMOF reference
qmof-7ff8dd7,,0.9,QMOF reference
qmof-25e44c3,325.7,0.82,QMOF reference
qmof-e6e911b,,0.32,QMOF reference
qmof-253efac,291.7,0.28,QMOF reference
qmof-089940d,,0.38,QMOF reference
qmof-142f4ab,455.3,0.26,QMOF reference
qmof-86aace2,,0.94,QMOF reference
qmof-4e55397,277.8,0.21,QMOF reference
qmof-180a643,,0.26,QMOF reference
qmof-f441841,420.8,0.91,QMOF reference
qmof-4a1e114,,0.86,QMOF reference
qmof-250c0b6,,0.94,QMOF reference
qmof-8ab3345,,0.69,QMOF reference
qmof-0efeac7,,0.12,QMOF reference
qmof-00980e4,,0.23,QMOF reference
qmof-863fb61,397.7,0.87,QMOF reference
qmof-15a9ba1,,0.88,QMOF reference
qmof-da3b4fb,,0.9,QMOF reference
qmof-a36c542,,0.92,QMOF reference
qmof-8edbca3,296.9,0.83,QMOF reference
qmof-60a16fa,,0.74,QMOF reference
qmof-409e539,303.0,0.79,QMOF reference
qmof-11dbcc3,,FAILED,QMOF reference
qmof-80fed89,,0.69,QMOF reference
qmof-49ca3f7,361.5,0.91,QMOF reference
qmof-8191e6e,,0.48,QMOF reference
qmof-b2c1af9,,0.63,QMOF reference
qmof-3751e61,,0.97,QMOF reference
qmof-3f11966,,0.83,QMOF reference
qmof-12e8c32,,0.85,QMOF reference
qmof-56a4d8e,307.1,0.25,QMOF reference
qmof-517524d,343.3,0.17,QMOF reference
qmof-0d4641a,,FAILED,QMOF reference
qmof-f429f3b,340.6,FAILED,QMOF reference
qmof-0db4fb5,,0.9,QMOF reference
qmof-2349dac,,0.92,QMOF reference
qmof-ab96019,,0.37,QMOF reference
qmof-bef4c02,,0.73,QMOF reference
qmof-80e781b,,0.89,QMOF reference
qmof-9d3a481,,FAILED,QMOF reference
qmof-60208cd,,0.85,QMOF reference
qmof-f26e1fa,,0.45,QMOF reference
qmof-2a2cbf3,,0.93,QMOF reference
qmof-7d3020a,,0.13,QMOF reference
qmof-6a44e73,,0.37,QMOF reference
qmof-2c111ae,,0.35,QMOF reference
qmof-8a4f36f,,0.46,QMOF reference
qmof-e265db6,,0.84,QMOF reference
qmof-2740627,,0.67,QMOF reference
qmof-f5277dd,,0.91,QMOF reference
qmof-8f07c3f,,0.91,QMOF reference
qmof-e5b1de8,,0.56,QMOF reference
qmof-f10c991,,0.63,QMOF reference
qmof-222ea6e,,0.88,QMOF reference
qmof-015ecfe,,0.84,QMOF reference
qmof-34822c6,,FAILED,QMOF reference
qmof-63b633e,,0.92,QMOF reference
qmof-e66b91f,,0.62,QMOF reference
qmof-b821c26,,FAILED,QMOF reference
qmof-79f12b9,,0.64,QMOF reference
qmof-0c68249,,0.51,QMOF reference
qmof-6ebffae,,FAILED,QMOF reference
qmof-8d1aa73,,0.86,QMOF reference
qmof-5eee5ab,,0.62,QMOF reference
qmof-ec1edf9,,0.87,QMOF reference
qmof-a0931f4,,0.94,QMOF reference
qmof-ca7c71a,,0.99,QMOF reference
qmof-4543fa9,,0.8,QMOF reference
qmof-0d83e98,,0.86,QMOF reference
qmof-3e0685e,,0.2,QMOF reference
qmof-8fd706f,,0.48,QMOF reference
qmof-921bc5e,,0.91,QMOF reference
qmof-6734bdc,,0.84,QMOF reference
qmof-6bd4e14,285.3,FAILED,QMOF reference
qmof-b5f87de,,0.93,QMOF reference
qmof-b8e4039,,0.79,QMOF reference
qmof-5ed3f1f,,FAILED,QMOF reference
qmof-724492a,319.6,0.88,QMOF reference
qmof-7bc0eec,,FAILED,QMOF reference
qmof-6a5147b,191.3,0.87,QMOF reference
qmof-6279a4d,,0.93,QMOF reference
qmof-0ca2c74,,0.82,QMOF reference
qmof-17ff882,296.3,0.17,QMOF reference
qmof-231ce7d,,0.23,QMOF reference
qmof-7e03401,,FAILED,QMOF reference
qmof-642431e,482.1,0.18,QMOF reference
qmof-eb442dd,,0.55,QMOF reference
qmof-ff9a007,,0.48,QMOF reference
qmof-c0ad203,420.1,0.52,QMOF reference
qmof-f07f203,,0.4,QMOF reference
qmof-036187d,,0.13,QMOF reference
qmof-f46187c,275.5,0.95,QMOF reference
qmof-18059b1,,0.91,QMOF reference
qmof-0aea5e3,,0.77,QMOF reference
qmof-94e212d,,0.52,QMOF reference
qmof-c31564c,,0.94,QMOF reference
qmof-529911c,,FAILED,QMOF reference
qmof-b155f2f,,0.11,QMOF reference
qmof-6649712,,0.84,QMOF reference
qmof-10d06b5,,0.94,QMOF reference
qmof-e989a0b,407.1,0.14,QMOF reference
qmof-1452981,,0.93,QMOF reference
qmof-ef7a4cd,,FAILED,QMOF reference
qmof-00aa9a9,310.6,0.03,QMOF reference
qmof-b9302b0,364.3,0.82,QMOF reference
qmof-c1aa50a,327.9,FAILED,QMOF reference
qmof-de2c05f,275.1,FAILED,QMOF reference
qmof-09e46be,350.5,0.5,QMOF reference
qmof-57c58e8,,0.93,QMOF reference
qmof-8bfc542,223.6,0.16,QMOF reference
qmof-85110e8,,0.9,QMOF reference
qmof-afc8143,380.4,0.71,QMOF reference
qmof-bd9a33a,289.5,0.95,QMOF reference
qmof-9ba12e9,,0.59,QMOF reference
qmof-0a5acd7,331.8,0.6,QMOF reference
qmof-feea44b,,0.87,QMOF reference
qmof-5d1b432,,0.55,QMOF reference
qmof-6b15eae,350.6,FAILED,QMOF reference
qmof-f295c03,,0.16,QMOF reference
qmof-c5e9ea3,,0.97,QMOF reference
qmof-a29d976,,0.47,QMOF reference
qmof-707b969,,0.83,QMOF reference
qmof-59c79f4,,0.25,QMOF reference
qmof-2e69ac2,,FAILED,QMOF reference
qmof-fa46fe8,,0.35,QMOF reference
qmof-d73f9b2,328.9,0.89,QMOF reference
qmof-d04e7ab,,0.17,QMOF reference
qmof-8fd5f30,,FAILED,QMOF reference
qmof-0ba6264,,FAILED,QMOF reference
qmof-dfdcb3c,,0.78,QMOF reference
qmof-f995bd9,,0.53,QMOF reference
qmof-86482a0,,0.93,QMOF reference
qmof-2e2ea03,,0.44,QMOF reference
qmof-ff76421,,0.95,QMOF reference
qmof-69d6aa4,,0.34,QMOF reference
qmof-ac18ff1,,0.98,QMOF reference
qmof-e05c6ec,321.6,0.89,QMOF reference
qmof-a883af6,,0.56,QMOF reference
qmof-627639b,380.0,0.72,QMOF reference
qmof-d486ca7,,0.93,QMOF reference
qmof-3df4536,379.4,0.47,QMOF reference
qmof-88c8b46,,0.14,QMOF reference
qmof-b2529fd,,0.21,QMOF reference
qmof-68f6f0b,368.4,0.68,QMOF reference
qmof-a86cafd,,FAILED,QMOF reference
qmof-0b33bc0,,FAILED,QMOF reference
qmof-94ee8a1,,0.63,QMOF reference
qmof-de728cd,,0.27,QMOF reference
qmof-72a2f93,,FAILED,QMOF reference
qmof-bf184e0,337.1,0.8,QMOF reference
qmof-7c6e22e,,0.27,QMOF reference
qmof-8325046,,0.46,QMOF reference
qmof-1791cbc,,0.56,QMOF reference
qmof-0cd6df8,,0.6,QMOF reference
qmof-a7528b2,346.5,0.88,QMOF reference
qmof-561ba01,,0.67,QMOF reference
qmof-a099a7e,,0.0,QMOF reference
qmof-d6ec333,,0.15,QMOF reference
qmof-debf6ac,,0.52,QMOF reference
qmof-7dd9b74,,0.95,QMOF reference
qmof-237be03,,0.2,QMOF reference
qmof-75d6a44,,FAILED,QMOF reference
qmof-45d422a,335.5,0.91,QMOF reference
qmof-7d881b1,,0.74,QMOF reference
qmof-44f1f3a,,0.26,QMOF reference
qmof-e99ae25,,0.17,QMOF reference
qmof-75551f3,,0.69,QMOF reference
qmof-ac050b9,,0.84,QMOF reference
qmof-0a464a7,,0.57,QMOF reference
qmof-8c04c0e,289.8,0.9,QMOF reference
qmof-ced3286,364.0,0.61,QMOF reference
qmof-d28d5ec,,0.78,QMOF reference
qmof-69fcbdc,309.1,0.86,QMOF reference
qmof-f10aa00,,FAILED,QMOF reference
qmof-cb14b92,,0.54,QMOF reference
qmof-060e1c4,,FAILED,QMOF reference
qmof-9308b8e,,FAILED,QMOF reference
qmof-408afd7,,0.91,QMOF reference
qmof-6270723,,0.22,QMOF reference
qmof-77a0b3f,,0.12,QMOF reference
qmof-882e6a8,,0.3,QMOF reference
qmof-09030cb,299.1,FAILED,QMOF reference
qmof-1339194,,0.13,QMOF reference
qmof-ff2b2ac,,FAILED,QMOF reference
qmof-6914ac9,78.6,0.94,QMOF reference
qmof-ccc24a6,,0.18,QMOF reference
qmof-92b7fcd,,0.91,QMOF reference
qmof-2311e13,,0.51,QMOF reference
qmof-aec8d16,301.3,0.74,QMOF reference
qmof-2f9f102,,0.49,QMOF reference
qmof-655b2a3,,0.87,QMOF reference
qmof-dd7e83f,363.3,FAILED,QMOF reference
qmof-9c7dfa6,372.3,0.9,QMOF reference
qmof-73e172a,,0.51,QMOF reference
qmof-a14235b,,0.74,QMOF reference
qmof-d6b75cb,,0.75,QMOF reference
qmof-cfb7d09,,0.74,QMOF reference
qmof-de9ead6,333.5,0.17,QMOF reference
qmof-5cfb629,,FAILED,QMOF reference
qmof-75781b5,336.8,0.25,QMOF reference
qmof-da788a2,,0.11,QMOF reference
qmof-5692e6a,236.3,0.68,QMOF reference
qmof-fd6b778,,0.19,QMOF reference
qmof-dfef72a,,0.3,QMOF reference
qmof-e80e344,,0.64,QMOF reference
qmof-5d39206,,0.61,QMOF reference
qmof-65cd6af,404.4,0.8,QMOF reference
qmof-1abfaf9,,0.95,QMOF reference
qmof-b81612d,,FAILED,QMOF reference
qmof-5cb137b,,0.8,QMOF reference
qmof-59aa942,,0.44,QMOF reference
qmof-81035b4,,0.18,QMOF reference
qmof-3663888,,0.27,QMOF reference
qmof-0e4f65c,,0.81,QMOF reference
qmof-2adaa4e,,FAILED,QMOF reference
qmof-f832a93,,0.88,QMOF reference
qmof-39003fc,,0.88,QMOF reference
qmof-925aafd,,0.66,QMOF reference
qmof-ec0eaf2,,0.85,QMOF reference
qmof-68146ae,,0.85,QMOF reference
qmof-4577c03,,0.85,QMOF reference
qmof-62e81dc,247.3,0.81,QMOF reference
qmof-addb7e5,,0.45,QMOF reference
qmof-c861c48,,0.15,QMOF reference
qmof-7192ec8,,0.87,QMOF reference
qmof-de95770,,0.71,QMOF reference
qmof-68c61b5,291.6,FAILED,QMOF reference
qmof-255c456,,0.32,QMOF reference
qmof-52d91e0,,FAILED,QMOF reference
qmof-077f6af,,0.65,QMOF reference
qmof-b3d9e07,,0.82,QMOF reference
qmof-ffeae31,,0.04,QMOF reference
qmof-317089d,,FAILED,QMOF reference
qmof-116061c,,FAILED,QMOF reference
qmof-51966a1,435.9,FAILED,QMOF reference
qmof-387c271,,0.77,QMOF reference
qmof-83a9586,315.8,0.41,QMOF reference
qmof-aa333f5,267.3,0.87,QMOF reference
qmof-266fd01,,0.75,QMOF reference
qmof-ef3bfd6,,0.2,QMOF reference
qmof-7f04d5c,,0.28,QMOF reference
qmof-40c1e03,,0.82,QMOF reference
qmof-68d0826,303.7,0.09,QMOF reference
qmof-4f2905b,289.8,0.19,QMOF reference
qmof-cd300b3,,0.56,QMOF reference
qmof-d3192ac,262.4,0.69,QMOF reference
qmof-bb2839a,,0.25,QMOF reference
qmof-b116057,,0.19,QMOF reference
qmof-bf5d627,,0.93,QMOF reference
qmof-e50120c,,0.41,QMOF reference
qmof-d0d4f76,,0.73,QMOF reference
qmof-3465f36,,0.9,QMOF reference
qmof-c7e180e,,0.37,QMOF reference
qmof-b7dda1b,,0.5,QMOF reference
qmof-afc3059,311.0,0.9,QMOF reference
qmof-0f2bdcf,,0.62,QMOF reference
qmof-5220fc5,392.6,0.85,QMOF reference
qmof-8e86693,,0.69,QMOF reference
qmof-a996d0c,,FAILED,QMOF reference
qmof-96468f2,,0.89,QMOF reference
qmof-1d2b1b9,,0.71,QMOF reference
qmof-14d27f9,,0.12,QMOF reference
qmof-8e66c1e,306.8,FAILED,QMOF reference
qmof-77349f4,,0.87,QMOF reference
qmof-28f98c4,,0.3,QMOF reference
qmof-f57d4ed,,0.77,QMOF reference
qmof-88dd1d6,,0.87,QMOF reference
qmof-13ec2a4,,0.84,QMOF reference
qmof-0ca8e5c,250.7,0.92,QMOF reference
qmof-2b1aba1,362.3,0.77,QMOF reference
qmof-50b2007,276.6,0.52,QMOF reference
qmof-7b4aac2,,0.25,QMOF reference
qmof-b9c611d,,0.87,QMOF reference
qmof-12789b6,306.6,0.56,QMOF reference
qmof-14eb177,,0.45,QMOF reference
qmof-0150f2b,266.1,0.55,QMOF reference
qmof-658c0fd,,0.89,QMOF reference
qmof-7126934,,0.91,QMOF reference
qmof-264d2ec,388.8,0.65,QMOF reference
qmof-5f4dceb,369.0,FAILED,QMOF reference
qmof-45804f7,371.5,0.29,QMOF reference
qmof-a89e4a8,,0.71,QMOF reference
qmof-c53c937,,FAILED,QMOF reference
qmof-953887b,,FAILED,QMOF reference
qmof-8219312,,0.24,QMOF reference
qmof-68a8f48,,0.37,QMOF reference
qmof-7c5270b,,0.61,QMOF reference
qmof-725dc49,,0.87,QMOF reference
qmof-5b797c5,,0.47,QMOF reference
qmof-14f3975,322.3,0.44,QMOF reference
qmof-1ccde9c,,0.25,QMOF reference
qmof-62da585,,0.23,QMOF reference
qmof-289df5f,,FAILED,QMOF reference
qmof-b09c469,,0.35,QMOF reference
qmof-052455d,,0.5,QMOF reference
qmof-a50d865,,0.66,QMOF reference
qmof-f850962,,0.91,QMOF reference
qmof-4fdb6ef,,0.29,QMOF reference
qmof-19945d1,329.7,0.95,QMOF reference
qmof-29d5123,,0.22,QMOF reference
qmof-f0c1c90,,0.82,QMOF reference
qmof-643a687,303.9,0.88,QMOF reference
qmof-1faa948,,0.78,QMOF reference
qmof-3e11821,,0.15,QMOF reference
qmof-e54494c,507.8,0.91,QMOF reference
qmof-5afef8e,343.7,0.44,QMOF reference
qmof-e0aad2e,,0.51,QMOF reference
qmof-3f264ce,372.3,0.28,QMOF reference
qmof-2e27258,,0.44,QMOF reference
qmof-8d3781c,368.8,0.31,QMOF reference
qmof-a193a02,,0.91,QMOF reference
qmof-968da45,267.3,0.98,QMOF reference
qmof-77dada2,,0.13,QMOF reference
qmof-7d744c9,,0.2,QMOF reference
qmof-175a5d9,,0.87,QMOF reference
qmof-2ae67fa,,FAILED,QMOF reference
qmof-d4ba604,343.9,0.32,QMOF reference
qmof-7aa2739,,0.68,QMOF reference
qmof-55fa4d1,,0.32,QMOF reference
qmof-4956d5d,,0.52,QMOF reference
qmof-dcc86e5,,0.77,QMOF reference
qmof-642a3e1,,0.77,QMOF reference
qmof-3830979,,0.34,QMOF reference
qmof-a22c08f,,0.71,QMOF reference
qmof-608a1d6,258.6,0.86,QMOF reference
qmof-c8783dd,,0.8,QMOF reference
qmof-7c78d2a,,FAILED,QMOF reference
qmof-fc03278,,0.34,QMOF reference
qmof-cc05cf2,,0.18,QMOF reference
qmof-8f2f198,,FAILED,QMOF reference
qmof-305c717,,0.56,QMOF reference
qmof-3af99cd,416.8,0.75,QMOF reference
qmof-64ce5e9,310.6,0.66,QMOF reference
qmof-2ebec34,,0.81,QMOF reference
qmof-cf0c844,373.5,FAILED,QMOF reference
qmof-fb8788b,,0.79,QMOF reference
qmof-5fe5f33,,0.07,QMOF reference
qmof-d5b7dd9,,0.52,QMOF reference
qmof-ec121f4,309.8,0.83,QMOF reference
qmof-20f3edb,240.4,0.1,QMOF reference
qmof-9753f6c,,FAILED,QMOF reference
qmof-0a13fbf,319.1,0.64,QMOF reference
qmof-6615630,,0.89,QMOF reference
qmof-d14d764,,0.28,QMOF reference
qmof-57e4499,,0.83,QMOF reference
qmof-efe91a9,,0.37,QMOF reference
qmof-22b6794,,0.91,QMOF reference
qmof-59f3c10,,0.52,QMOF reference
qmof-09b285a,,0.06,QMOF reference
qmof-9828c87,,0.54,QMOF reference
qmof-3788637,,0.87,QMOF reference
qmof-848fedb,,0.61,QMOF reference
qmof-6bee764,,0.26,QMOF reference
qmof-6f5fabe,,0.17,QMOF reference
qmof-222bdec,,0.79,QMOF reference
qmof-3a0899f,,0.47,QMOF reference
qmof-f280ab7,,0.9,QMOF reference
qmof-f5b36f7,,FAILED,QMOF reference
qmof-3816edb,,0.81,QMOF reference
qmof-2915b01,,0.8,QMOF reference
qmof-380c3ba,,0.74,QMOF reference
qmof-748e762,,0.35,QMOF reference
qmof-144d405,,0.89,QMOF reference
qmof-88f93c8,,FAILED,QMOF reference
qmof-02c0106,,0.81,QMOF reference
qmof-91374f9,,0.18,QMOF reference
qmof-ea9f3ea,,0.93,QMOF reference
qmof-dc505ad,,0.45,QMOF reference
qmof-98be2f1,,0.46,QMOF reference
qmof-6736052,,0.32,QMOF reference
qmof-d3fa2a6,,FAILED,QMOF reference
qmof-b1f611b,,0.28,QMOF reference
qmof-25172f2,,0.63,QMOF reference
qmof-1b99f64,,0.75,QMOF reference
qmof-fe2b16d,,0.03,QMOF reference
qmof-db8e77b,,0.91,QMOF reference
qmof-2397f35,,0.92,QMOF reference
qmof-0933b7a,,FAILED,QMOF reference
qmof-6dd2b9b,,0.83,QMOF reference
qmof-860810d,,0.26,QMOF reference
qmof-9a8cfcb,,0.91,QMOF reference
qmof-e5d09ca,,0.77,QMOF reference
qmof-a1057f3,,0.52,QMOF reference
qmof-f621a85,,0.81,QMOF reference
qmof-84c7abb,,0.92,QMOF reference
qmof-b8d6e0a,,0.86,QMOF reference
qmof-38fda8a,,0.68,QMOF reference
qmof-17096b3,,0.73,QMOF reference
qmof-e052331,,0.79,QMOF reference
qmof-7ae1c7d,,0.78,QMOF reference
qmof-041dd8f,,0.72,QMOF reference
qmof-2517368,,0.63,QMOF reference
qmof-6fe62e0,,0.65,QMOF reference
qmof-e76f316,,0.88,QMOF reference
qmof-26d7f43,,0.3,QMOF reference
qmof-a36a736,,0.85,QMOF reference
qmof-bcce8c9,,0.29,QMOF reference
qmof-8e29d5d,,0.54,QMOF reference
qmof-d1cceaa,,0.64,QMOF reference
qmof-e682f17,,0.6,QMOF reference
qmof-c00a6c1,,0.84,QMOF reference
qmof-ab04fd5,,FAILED,QMOF reference
qmof-419f835,277.2,0.26,QMOF reference
qmof-331f98a,262.2,0.47,QMOF reference
qmof-e4196d0,,0.29,QMOF reference
qmof-be80aaf,,0.81,QMOF reference
qmof-efde02c,,FAILED,QMOF reference
qmof-60d19c2,,0.13,QMOF reference
qmof-083aea0,,0.53,QMOF reference
qmof-6079269,288.6,0.59,QMOF reference
qmof-643cc44,,FAILED,QMOF reference
qmof-effdd4d,,0.23,QMOF reference
qmof-73863ec,,FAILED,QMOF reference
qmof-63a1c88,,0.48,QMOF reference
qmof-7662f0b,,0.69,QMOF reference
qmof-010c828,,0.64,QMOF reference
qmof-d01864e,483.7,FAILED,QMOF reference
qmof-553d89c,,0.71,QMOF reference
qmof-50fed09,,0.57,QMOF reference
qmof-cea07ef,278.8,0.92,QMOF reference
qmof-44525cd,305.3,0.71,QMOF reference
qmof-7bda122,,0.25,QMOF reference
qmof-7633c4b,,0.22,QMOF reference
qmof-5275c6d,231.5,0.62,QMOF reference
qmof-5529763,,FAILED,QMOF reference
qmof-b07ce39,,0.85,QMOF reference
qmof-c924489,,0.66,QMOF reference
qmof-7de7cfe,276.9,0.77,QMOF reference
qmof-959fc3d,,0.41,QMOF reference
qmof-602a53e,,0.94,QMOF reference
qmof-23a6e43,,0.47,QMOF reference
qmof-9f73619,,0.72,QMOF reference
qmof-d6cf7a2,,0.69,QMOF reference
qmof-a372b4b,,0.73,QMOF reference
qmof-362033d,,0.91,QMOF reference
qmof-bbea870,,0.93,QMOF reference
qmof-7ce0736,,0.87,QMOF reference
qmof-9d46947,,0.36,QMOF reference
qmof-e019673,,0.64,QMOF reference
qmof-1b71fff,,0.38,QMOF reference
qmof-4141366,,0.36,QMOF reference
qmof-d56234f,,FAILED,QMOF reference
qmof-849d7dc,,FAILED,QMOF reference
qmof-fe81804,,0.85,QMOF reference
qmof-77f477c,,FAILED,QMOF reference
qmof-43001f3,,0.55,QMOF reference
qmof-26a179f,,FAILED,QMOF reference
qmof-9c3b35e,,0.32,QMOF reference
qmof-e34c562,,0.26,QMOF reference
qmof-7346c1b,,0.35,QMOF reference
qmof-3dafa19,,0.79,QMOF reference
qmof-3ede64b,,0.17,QMOF reference
qmof-6798637,,FAILED,QMOF reference
qmof-aca3770,,FAILED,QMOF reference
qmof-38b0baa,,0.35,QMOF reference
qmof-22cf513,,0.22,QMOF reference
qmof-1a54c0d,,0.89,QMOF reference
qmof-549999a,,0.91,QMOF reference
qmof-0c64ba3,,0.82,QMOF reference
qmof-9f3f1aa,,0.84,QMOF reference
qmof-9ab9d41,,0.48,QMOF reference
qmof-e42499c,,0.92,QMOF reference
qmof-aa48b68,,0.52,QMOF reference
qmof-ce1173f,,0.88,QMOF reference
qmof-bdca995,,0.76,QMOF reference
qmof-d701b9b,,0.43,QMOF reference
qmof-05d14ae,,0.33,QMOF reference
qmof-7649be8,,0.57,QMOF reference
qmof-290f2ce,,0.28,QMOF reference
qmof-ab1627d,,0.76,QMOF reference
qmof-b207e1f,,0.6,QMOF reference
qmof-f917bec,,0.78,QMOF reference
qmof-4ee4a4a,,0.87,QMOF reference
qmof-f4e3aa0,,0.91,QMOF reference
qmof-d14d086,,0.76,QMOF reference
qmof-295bfb2,,0.52,QMOF reference
qmof-d21a0d9,,0.88,QMOF reference
qmof-4d25d4f,,0.77,QMOF reference
qmof-6dfba5c,,0.91,QMOF reference
qmof-d1061d7,,0.34,QMOF reference
qmof-64828d7,,FAILED,QMOF reference
qmof-067b82c,,0.63,QMOF reference
qmof-07d6aa8,,0.52,QMOF reference
qmof-8d35173,,0.48,QMOF reference
qmof-48c7af3,,0.91,QMOF reference
qmof-0e5bc0c,,0.61,QMOF reference
qmof-a36f9a4,,0.66,QMOF reference
qmof-efbec56,,FAILED,QMOF reference
qmof-f05d7d8,,FAILED,QMOF reference
qmof-e81a6b0,,0.1,QMOF reference
qmof-76212a0,,0.61,QMOF reference
qmof-f260694,339.0,0.17,QMOF reference
qmof-89ff3ab,,0.93,QMOF reference
qmof-62e8561,367.3,0.74,QMOF reference
qmof-19d3c65,,0.49,QMOF reference
qmof-5e115f0,,0.65,QMOF reference
qmof-c0f13ca,,FAILED,QMOF reference
qmof-97d5d0e,,0.43,QMOF reference
qmof-d292655,362.1,0.33,QMOF reference
qmof-27c07bc,289.2,0.71,QMOF reference
qmof-966c83c,,0.87,QMOF reference
qmof-4418d7f,,0.24,QMOF reference
qmof-188f4cb,,FAILED,QMOF reference
qmof-c7b5538,,FAILED,QMOF reference
qmof-ab6b13f,,0.31,QMOF reference
qmof-299e646,350.4,0.94,QMOF reference
qmof-0ae241a,,0.09,QMOF reference
qmof-71f390e,203.8,0.26,QMOF reference
qmof-257e499,,0.59,QMOF reference
qmof-0b51679,,0.38,QMOF reference
qmof-86c865b,,0.76,QMOF reference
qmof-f3ec926,262.7,0.09,QMOF reference
qmof-70cf801,,0.21,QMOF reference
qmof-ffcb23f,383.6,0.91,QMOF reference
qmof-008aa12,,0.92,QMOF reference
qmof-a1ea762,,0.32,QMOF reference
qmof-b6d48a4,301.6,0.36,QMOF reference
qmof-9b166b1,,0.9,QMOF reference
qmof-37ff53b,,0.08,QMOF reference
qmof-3f83d89,331.5,0.32,QMOF reference
qmof-ba3fcc0,,FAILED,QMOF reference
qmof-0b5d3a8,,0.92,QMOF reference
qmof-156367b,,0.14,QMOF reference
qmof-796ed67,,0.07,QMOF reference
qmof-3710948,,FAILED,QMOF reference
qmof-cd05b75,,0.8,QMOF reference
qmof-d95cdc9,,0.71,QMOF reference
qmof-f5e3913,,0.94,QMOF reference
qmof-775dcac,357.1,0.88,QMOF reference
qmof-9c36ca3,,0.48,QMOF reference
qmof-76001d5,,0.33,QMOF reference
qmof-a219073,,0.61,QMOF reference
qmof-b477ed1,,FAILED,QMOF reference
qmof-06bdce4,,0.71,QMOF reference
qmof-64496fb,,0.7,QMOF reference
qmof-01f8adf,,0.74,QMOF reference
qmof-88aef81,,0.95,QMOF reference
qmof-d9d4912,,0.34,QMOF reference
qmof-7979b73,373.2,0.94,QMOF reference
qmof-9c2642b,,0.66,QMOF reference
qmof-327b773,,0.38,QMOF reference
qmof-d9d32cd,325.0,0.93,QMOF reference
qmof-12d18bf,319.3,FAILED,QMOF reference
qmof-bb81f22,,FAILED,QMOF reference
qmof-4a6e2c5,,0.8,QMOF reference
qmof-3bba40c,451.5,0.86,QMOF reference
qmof-8544627,,0.65,QMOF reference
qmof-a5364ad,,0.44,QMOF reference
qmof-4a5984e,389.4,0.97,QMOF reference
qmof-2f8901b,387.0,0.41,QMOF reference
qmof-1a369ba,,0.37,QMOF reference
qmof-10bab48,301.6,0.45,QMOF reference
qmof-a6c6942,280.1,0.88,QMOF reference
qmof-a5e17b9,,0.83,QMOF reference
qmof-29c01e6,,0.68,QMOF reference
qmof-855c443,282.5,0.57,QMOF reference
qmof-11c14b0,,0.77,QMOF reference
qmof-0091bbc,,FAILED,QMOF reference
qmof-c213e54,,0.87,QMOF reference
qmof-4d5d4c3,362.4,0.44,QMOF reference
qmof-1b5f81b,,0.56,QMOF reference
qmof-9e8906f,,0.64,QMOF reference
qmof-9c3f141,,0.91,QMOF reference
qmof-b5634c4,,0.95,QMOF reference
qmof-da0d411,,0.34,QMOF reference
qmof-b6c421a,,0.28,QMOF reference
qmof-a2d4eaa,315.9,0.8,QMOF reference
qmof-528fde0,,0.25,QMOF reference
qmof-bec91df,,0.33,QMOF reference
qmof-76e5572,,0.07,QMOF reference
qmof-bacc828,,FAILED,QMOF reference
qmof-3168ba7,321.4,0.04,QMOF reference
qmof-4d9a98c,,0.24,QMOF reference
qmof-5512eaf,263.1,0.81,QMOF reference
qmof-84d1a97,275.5,FAILED,QMOF reference
qmof-79335f7,,0.52,QMOF reference
qmof-b1e068b,,0.18,QMOF reference
qmof-71fc45e,,0.96,QMOF reference
qmof-cb134eb,289.8,0.84,QMOF reference
qmof-ac16c28,,0.39,QMOF reference
qmof-88f4e11,365.2,0.45,QMOF reference
qmof-0ff1453,,0.88,QMOF reference
qmof-bfeaa60,,0.84,QMOF reference
qmof-bec6538,,0.75,QMOF reference
qmof-a7bbb67,426.8,0.75,QMOF reference
qmof-a9114c3,,0.21,QMOF reference
qmof-56c641d,,0.21,QMOF reference
qmof-379f83f,,0.83,QMOF reference
qmof-3a22435,,0.12,QMOF reference
qmof-1847c21,,0.93,QMOF reference
qmof-0e57266,,0.77,QMOF reference
qmof-e99706f,,0.95,QMOF reference
qmof-15fdf79,,0.85,QMOF reference
qmof-590cb2b,,0.9,QMOF reference
qmof-04c7783,332.3,0.9,QMOF reference
qmof-12c09c4,,FAILED,QMOF reference
qmof-6cff79d,,0.76,QMOF reference
qmof-bcaf3c3,306.6,0.88,QMOF reference
qmof-d01663e,,FAILED,QMOF reference
qmof-5a9f816,,0.69,QMOF reference
qmof-86031cd,,0.56,QMOF reference
qmof-04a5b53,325.6,FAILED,QMOF reference
qmof-20529db,,0.28,QMOF reference
qmof-c930811,,FAILED,QMOF reference
qmof-e917997,,0.09,QMOF reference
qmof-9c943e1,289.5,0.52,QMOF reference
qmof-0e63894,,0.91,QMOF reference
qmof-9642661,,0.21,QMOF reference
qmof-6815e74,,FAILED,QMOF reference
qmof-3035579,,0.93,QMOF reference
qmof-cbf2d89,,0.58,QMOF reference
qmof-754a74e,,0.84,QMOF reference
qmof-7786a16,,0.94,QMOF reference
qmof-045f7a6,,0.63,QMOF reference
qmof-1e5a3fa,,0.07,QMOF reference
qmof-0d9c8f1,,0.79,QMOF reference
qmof-a0bc446,,0.83,QMOF reference
qmof-c1f9cd1,,0.49,QMOF reference
qmof-2a2be5c,,0.85,QMOF reference
qmof-e3283fb,,0.7,QMOF reference
qmof-429d887,,0.08,QMOF reference
qmof-fd25727,,FAILED,QMOF reference
qmof-2c52fd4,,0.38,QMOF reference
qmof-f9d1025,,0.65,QMOF reference
qmof-14f024a,,0.87,QMOF reference
qmof-ec61e66,,0.73,QMOF reference
qmof-2e8aceb,,0.57,QMOF reference
qmof-5b8501f,,0.09,QMOF reference
qmof-ebea65a,319.8,0.41,QMOF reference
qmof-5db7a83,,0.44,QMOF reference
qmof-1910e29,260.7,0.77,QMOF reference
qmof-305d51c,,0.99,QMOF reference
qmof-9be8b35,349.0,FAILED,QMOF reference
qmof-0caf0c5,,0.95,QMOF reference
qmof-dc6f906,,0.66,QMOF reference
qmof-ce1aea4,246.1,0.83,QMOF reference
qmof-b7ce8aa,337.9,0.56,QMOF reference
qmof-70a9ffb,,0.41,QMOF reference
qmof-2784e60,,0.27,QMOF reference
qmof-3913683,,0.97,QMOF reference
qmof-f8fdd94,,0.94,QMOF reference
qmof-275e0ea,,0.73,QMOF reference
qmof-238574b,400.3,FAILED,QMOF reference
qmof-ccef97a,,0.77,QMOF reference
qmof-be99418,353.1,0.5,QMOF reference
qmof-29bbb41,,0.94,QMOF reference
qmof-ee3611d,,0.89,QMOF reference
qmof-4a83905,,0.61,QMOF reference
qmof-3742f27,340.3,0.47,QMOF reference
qmof-7e159a3,309.8,0.82,QMOF reference
qmof-268888c,,0.42,QMOF reference
qmof-4995cf5,,0.78,QMOF reference
qmof-e9c75ec,339.3,0.91,QMOF reference
qmof-836a415,,0.65,QMOF reference
qmof-e39683b,,0.94,QMOF reference
qmof-748d4ab,,0.45,QMOF reference
qmof-80ae316,,0.82,QMOF reference
qmof-6b4b6aa,367.6,0.93,QMOF reference
qmof-4d614ec,,0.35,QMOF reference
qmof-bf18e45,446.4,0.61,QMOF reference
qmof-85f265d,,0.95,QMOF reference
qmof-9faa0fb,,0.36,QMOF reference
qmof-0e5bf14,,0.7,QMOF reference
qmof-09865e1,,0.95,QMOF reference
qmof-68233bd,312.8,0.3,QMOF reference
qmof-f2b9c90,,0.58,QMOF reference
qmof-ca08021,249.3,0.77,QMOF reference
qmof-36aebf6,375.1,FAILED,QMOF reference
qmof-6868cb6,328.4,0.82,QMOF reference
qmof-056750f,,0.93,QMOF reference
qmof-0ae2a1b,,0.56,QMOF reference
qmof-b03edbf,385.6,FAILED,QMOF reference
qmof-41ca5a1,,0.78,QMOF reference
qmof-355afa1,,FAILED,QMOF reference
qmof-edc5795,309.5,0.54,QMOF reference
qmof-9a46c91,,0.81,QMOF reference
qmof-fe2e2aa,,0.88,QMOF reference
qmof-b82bfcb,296.1,0.71,QMOF reference
qmof-41d1d42,,FAILED,QMOF reference
qmof-78e449b,,0.2,QMOF reference
qmof-a880c0d,295.4,0.89,QMOF reference
qmof-2b1d7b8,,0.88,QMOF reference
qmof-ccf5c0f,,0.88,QMOF reference
qmof-9eb7ef8,413.7,0.92,QMOF reference
qmof-597b5a3,,FAILED,QMOF reference
qmof-923d007,297.3,0.39,QMOF reference
qmof-b61d3a1,,0.46,QMOF reference
qmof-eb34482,356.3,0.83,QMOF reference
qmof-53df169,,0.84,QMOF reference
qmof-dcfb961,,0.63,QMOF reference
qmof-f535eda,336.7,0.24,QMOF reference
qmof-00f7b5b,353.4,0.42,QMOF reference
qmof-33414d4,,0.77,QMOF reference
qmof-41e78d0,329.4,0.21,QMOF reference
qmof-5d392be,,0.95,QMOF reference
qmof-6a95fdb,,0.86,QMOF reference
qmof-28be62a,411.6,0.15,QMOF reference
qmof-2a5ad82,348.2,0.96,QMOF reference
qmof-60e5f9b,,FAILED,QMOF reference
qmof-3391747,315.2,0.72,QMOF reference
qmof-c7f9786,,0.83,QMOF reference
qmof-cad88a0,267.5,FAILED,QMOF reference
qmof-bcbd585,,0.86,QMOF reference
qmof-17c6faa,,0.75,QMOF reference
qmof-1c2a03e,302.5,0.74,QMOF reference
qmof-9e3cf39,284.4,0.83,QMOF reference
qmof-68ec4be,263.0,0.82,QMOF reference
qmof-5de5775,,0.93,QMOF reference
qmof-ffe63dd,273.4,0.81,QMOF reference
qmof-9eca0ee,350.6,0.41,QMOF reference
qmof-00cae02,,FAILED,QMOF reference
qmof-2fffa21,293.3,0.35,QMOF reference
qmof-f4eeaf7,,0.82,QMOF reference
qmof-39f7c30,,FAILED,QMOF reference
qmof-1b02e29,,0.64,QMOF reference
qmof-dbd6833,312.7,0.62,QMOF reference
qmof-a0b0c6b,,FAILED,QMOF reference
qmof-5724417,,0.92,QMOF reference
qmof-779ce9c,306.6,0.94,QMOF reference
qmof-d0ed08c,,0.86,QMOF reference
qmof-1196d66,,0.8,QMOF reference
qmof-f7232de,304.8,0.61,QMOF reference
qmof-1c152b7,,0.86,QMOF reference
qmof-0a253bb,408.9,0.78,QMOF reference
qmof-b1f48a1,,0.16,QMOF reference
qmof-792627f,303.0,0.44,QMOF reference
qmof-508b13f,355.3,0.79,QMOF reference
qmof-79e46ad,,0.89,QMOF reference
qmof-fe916fb,318.8,0.11,QMOF reference
qmof-f6826dd,315.0,0.71,QMOF reference
qmof-df25b54,,0.0,QMOF reference
qmof-a822e67,342.5,0.72,QMOF reference
qmof-faf6244,,0.91,QMOF reference
qmof-637e6e5,,0.47,QMOF reference
qmof-3f0e645,366.3,0.73,QMOF reference
qmof-8cadfa4,,0.39,QMOF reference
qmof-673bd4c,347.3,0.78,QMOF reference
qmof-2547c0c,,0.87,QMOF reference
qmof-b978417,321.9,0.33,QMOF reference
qmof-fa87b9a,,0.5,QMOF reference
qmof-2f987c8,251.7,0.82,QMOF reference
qmof-5b4423d,,0.69,QMOF reference
qmof-59256e9,,0.74,QMOF reference
qmof-cd58281,355.6,0.66,QMOF reference
qmof-0b7dc93,,0.89,QMOF reference
qmof-5b98878,288.1,0.58,QMOF reference
qmof-a3a6bff,387.5,FAILED,QMOF reference
qmof-0922e10,,0.37,QMOF reference
qmof-6adf485,,0.59,QMOF reference
qmof-534e40b,,0.43,QMOF reference
qmof-2499b88,308.2,0.9,QMOF reference
qmof-1dedbf9,,0.61,QMOF reference
qmof-c65a3b9,,0.81,QMOF reference
qmof-71b6144,369.7,FAILED,QMOF reference
qmof-dd61915,,0.94,QMOF reference
qmof-e444654,,FAILED,QMOF reference
qmof-e2e9016,332.9,0.86,QMOF reference
qmof-6f17d1f,,0.92,QMOF reference
qmof-ca1bbc9,,0.14,QMOF reference
qmof-daed87b,292.5,0.13,QMOF reference
qmof-8f1ddfa,317.5,0.22,QMOF reference
qmof-6494c32,,0.91,QMOF reference
qmof-784eb1d,395.2,0.14,QMOF reference
qmof-4b12f48,,FAILED,QMOF reference
qmof-772af30,,0.84,QMOF reference
qmof-a077695,350.3,0.83,QMOF reference
qmof-e6c4516,,0.91,QMOF reference
qmof-5d03e27,,0.3,QMOF reference
qmof-bbe0c07,,0.95,QMOF reference
qmof-d8112f8,,FAILED,QMOF reference
qmof-27041f1,,0.48,QMOF reference
qmof-202750c,,0.42,QMOF reference
qmof-6723029,516.2,0.82,QMOF reference
qmof-f645d00,,FAILED,QMOF reference
qmof-4d6bad6,,0.98,QMOF reference
qmof-ac0835b,,0.28,QMOF reference
qmof-4eaa3ff,,0.35,QMOF reference
qmof-da04278,,0.14,QMOF reference
qmof-fdf21ae,432.3,0.59,QMOF reference
qmof-b8f1825,,0.53,QMOF reference
qmof-67a660f,,0.78,QMOF reference
qmof-b9e6452,,0.95,QMOF reference
qmof-2593f7a,,FAILED,QMOF reference
qmof-81581d3,284.4,FAILED,QMOF reference
qmof-bce1fb6,,FAILED,QMOF reference
qmof-a37670b,400.5,0.86,QMOF reference
qmof-9b43c00,,0.79,QMOF reference
qmof-a0b4bb0,,0.77,QMOF reference
qmof-36a49d4,,0.96,QMOF reference
qmof-a6c3e4f,,0.74,QMOF reference
qmof-678f27b,,0.56,QMOF reference
qmof-5a5a67f,,0.16,QMOF reference
qmof-7f1a187,,0.21,QMOF reference
qmof-0c3a6da,,0.66,QMOF reference
qmof-8dd5b92,192.3,0.81,QMOF reference
qmof-a9e26ed,,FAILED,QMOF reference
qmof-9753081,,0.48,QMOF reference
qmof-ecf163d,,0.76,QMOF reference
qmof-1af2219,403.4,0.5,QMOF reference
qmof-2d90005,,0.89,QMOF reference
qmof-b84e7ef,351.4,0.36,QMOF reference
qmof-7abe260,,0.91,QMOF reference
qmof-eeefa67,358.3,FAILED,QMOF reference
qmof-f5309bb,,0.39,QMOF reference
qmof-fe38504,340.9,0.77,QMOF reference
qmof-d5dcdb2,,0.8,QMOF reference
qmof-1d9bb36,326.7,0.88,QMOF reference
qmof-f59ae17,,0.61,QMOF reference
qmof-f275516,,0.94,QMOF reference
qmof-6011be7,,FAILED,QMOF reference
qmof-efa5caa,,0.23,QMOF reference
qmof-0c4972e,,0.44,QMOF reference
qmof-dbb129d,351.9,0.96,QMOF reference
qmof-f198a27,,0.22,QMOF reference
qmof-97ced67,,0.75,QMOF reference
qmof-2b65e1f,,0.78,QMOF reference
qmof-ef51e3b,,0.86,QMOF reference
qmof-8fdd4e6,,0.91,QMOF reference
qmof-75d666e,,0.51,QMOF reference
qmof-e38806a,,0.94,QMOF reference
qmof-4759164,,0.84,QMOF reference
qmof-549488d,,0.11,QMOF reference
qmof-4dc80e6,,0.17,QMOF reference
qmof-8edd41c,,FAILED,QMOF reference
qmof-e79e847,,0.25,QMOF reference
qmof-d30da48,,0.64,QMOF reference
qmof-fd73264,,0.53,QMOF reference
qmof-4d370e9,,0.65,QMOF reference
qmof-bf54995,,0.92,QMOF reference
qmof-7f16a04,,0.84,QMOF reference
qmof-4366c64,,0.13,QMOF reference
qmof-8d86a35,,0.19,QMOF reference
qmof-f7fd5b1,,FAILED,QMOF reference
qmof-1d420f0,,FAILED,QMOF reference
qmof-8977f91,,0.15,QMOF reference
qmof-596e2b4,,0.19,QMOF reference
qmof-3f0a2ed,,0.78,QMOF reference
qmof-fd9adfa,,FAILED,QMOF reference
qmof-68234b7,,0.89,QMOF reference
qmof-df50092,,0.89,QMOF reference
qmof-cc4894a,,FAILED,QMOF reference
qmof-8ed907c,,FAILED,QMOF reference
qmof-db6fde8,,0.78,QMOF reference
qmof-6941c22,,FAILED,QMOF reference
qmof-7847c76,,0.93,QMOF reference
qmof-c776af3,,0.92,QMOF reference
qmof-1b62c0a,,0.08,QMOF reference
qmof-58ce40e,,0.72,QMOF reference
qmof-bb8d268,,0.71,QMOF reference
qmof-c43ce88,,0.61,QMOF reference
qmof-65356da,,FAILED,QMOF reference
qmof-da71b94,,FAILED,QMOF reference
qmof-1072fba,,0.86,QMOF reference
qmof-db57196,,FAILED,QMOF reference
qmof-16757dd,,0.57,QMOF reference
qmof-778c29c,,0.74,QMOF reference
qmof-9c487ce,,0.14,QMOF reference
qmof-d01066a,,0.82,QMOF reference
qmof-76e817e,,0.88,QMOF reference
qmof-fcd9e5c,,0.4,QMOF reference
qmof-211a3ec,,0.35,QMOF reference
qmof-2762336,,0.81,QMOF reference
qmof-fd541d7,,FAILED,QMOF reference
qmof-7185c72,,0.95,QMOF reference
qmof-85ff590,,0.67,QMOF reference
qmof-073a0d6,,0.89,QMOF reference
qmof-0e25fad,,0.53,QMOF reference
qmof-47efcfb,,0.57,QMOF reference
qmof-2c1bb43,,0.24,QMOF reference
qmof-8f9a581,,0.21,QMOF reference
qmof-909d17d,,0.91,QMOF reference
qmof-aa812e3,,FAILED,QMOF reference
qmof-ffed86d,,0.76,QMOF reference
qmof-88c21f5,,0.76,QMOF reference
qmof-3f46332,,0.92,QMOF reference
qmof-12b9530,,0.57,QMOF reference
qmof-1e81b2d,,0.94,QMOF reference
qmof-291c11a,,0.88,QMOF reference
qmof-be19282,,0.09,QMOF reference
qmof-2de6209,,0.22,QMOF reference
qmof-81894a6,,0.8,QMOF reference
qmof-81ce5ac,,FAILED,QMOF reference
qmof-477bf52,,0.49,QMOF reference
qmof-5fa242c,,0.74,QMOF reference
qmof-c7d5864,,0.9,QMOF reference
qmof-fe1b0fe,,0.92,QMOF reference
qmof-f191a19,,0.89,QMOF reference
qmof-38bb2e6,,0.72,QMOF reference
qmof-c1a99db,,FAILED,QMOF reference
qmof-ec02694,,FAILED,QMOF reference
qmof-90c3233,,0.16,QMOF reference
qmof-fd2113b,,0.88,QMOF reference
qmof-d3f2126,,0.49,QMOF reference
qmof-05cdfed,,0.39,QMOF reference
qmof-11ec06f,,0.47,QMOF reference
qmof-d9a708b,,0.53,QMOF reference
qmof-835e4e4,,0.1,QMOF reference
qmof-a4041be,353.9,0.2,QMOF reference
qmof-27e2c83,,0.91,QMOF reference
qmof-3f72143,298.1,0.88,QMOF reference
qmof-d03b683,,0.91,QMOF reference
qmof-e3dcc4d,,0.91,QMOF reference
qmof-130d8c4,,0.6,QMOF reference
qmof-c19b211,,0.92,QMOF reference
qmof-7b525e0,402.2,0.51,QMOF reference
qmof-2531f43,,0.66,QMOF reference
qmof-eaa4957,,0.68,QMOF reference
qmof-e64eb2b,283.4,0.64,QMOF reference
qmof-5e98a79,328.7,FAILED,QMOF reference
qmof-d7af147,,0.14,QMOF reference
qmof-0f66924,309.6,0.77,QMOF reference
qmof-185bbaf,,0.85,QMOF reference
qmof-790e2d4,,0.41,QMOF reference
qmof-bdc4c33,292.7,0.84,QMOF reference
qmof-5fbf730,304.0,0.83,QMOF reference
qmof-b7041f4,,0.69,QMOF reference
qmof-f212589,,0.88,QMOF reference
qmof-82fb334,304.5,0.79,QMOF reference
qmof-ae0f40c,,FAILED,QMOF reference
qmof-b60c035,338.0,0.62,QMOF reference
qmof-6a6c7b4,,0.66,QMOF reference
qmof-64280ff,,0.78,QMOF reference
qmof-9cc5266,352.8,0.89,QMOF reference
qmof-7e553ed,,FAILED,QMOF reference
qmof-3f72d8d,,0.78,QMOF reference
qmof-b12c68c,,0.8,QMOF reference
qmof-0ed4bf6,297.1,FAILED,QMOF reference
qmof-7808950,327.2,0.88,QMOF reference
qmof-381c535,,FAILED,QMOF reference
qmof-f8c7a01,244.2,FAILED,QMOF reference
qmof-d4fb316,,FAILED,QMOF reference
qmof-f59c253,384.7,0.23,QMOF reference
qmof-839f4a1,,FAILED,QMOF reference
qmof-da6f5e7,,0.85,QMOF reference
qmof-eae2192,,0.96,QMOF reference
qmof-1c7a916,379.2,0.72,QMOF reference
qmof-6c9cd43,359.3,0.6,QMOF reference
qmof-67822fb,,0.38,QMOF reference
qmof-3e7690a,320.2,0.69,QMOF reference
qmof-6e6b22b,293.3,FAILED,QMOF reference
qmof-8decf5b,,0.27,QMOF reference
qmof-61b7fa5,441.0,0.89,QMOF reference
qmof-ed024a5,,0.87,QMOF reference
qmof-b2c9f1f,,0.59,QMOF reference
qmof-4e205dc,,0.79,QMOF reference
qmof-1741e10,,FAILED,QMOF reference
qmof-d277af2,,0.32,QMOF reference
qmof-572f35a,,0.91,QMOF reference
qmof-d1a13c7,,0.6,QMOF reference
qmof-624638b,,0.8,QMOF reference
qmof-f982c5a,273.2,0.64,QMOF reference
qmof-36dafb7,342.4,0.39,QMOF reference
qmof-5bd4a24,,0.94,QMOF reference
qmof-4024415,,0.44,QMOF reference
qmof-8615dad,319.3,0.86,QMOF reference
qmof-66a37f1,,0.36,QMOF reference
qmof-04bf78f,,0.78,QMOF reference
qmof-5990a30,,FAILED,QMOF reference
qmof-6df3cab,,0.71,QMOF reference
qmof-6b7b775,,FAILED,QMOF reference
qmof-c4c5c23,,0.44,QMOF reference
qmof-cfcdbd2,,0.47,QMOF reference
qmof-3b123f8,,0.88,QMOF reference
qmof-2a12314,,FAILED,QMOF reference
qmof-a51c5af,,0.72,QMOF reference
qmof-1026675,,0.93,QMOF reference
qmof-f747cbc,,0.74,QMOF reference
qmof-d1420b5,,FAILED,QMOF reference
qmof-73e0d48,,0.55,QMOF reference
qmof-8782178,,0.72,QMOF reference
qmof-22abcf3,,0.79,QMOF reference
qmof-b976080,,0.66,QMOF reference
qmof-32c39f9,,0.92,QMOF reference
qmof-2c3b167,,0.94,QMOF reference
qmof-c3ee816,,FAILED,QMOF reference
qmof-d544575,,0.66,QMOF reference
qmof-461e21e,,FAILED,QMOF reference
qmof-ce59b58,,0.91,QMOF reference
qmof-0589a80,,0.86,QMOF reference
qmof-63fddcc,,FAILED,QMOF reference
qmof-72d3a49,,0.31,QMOF reference
qmof-a71c5cf,,0.18,QMOF reference
qmof-e8169c3,270.6,FAILED,QMOF reference
qmof-a3ce047,371.2,0.88,QMOF reference
qmof-314b33f,,0.96,QMOF reference
qmof-61def2f,,0.47,QMOF reference
qmof-52e7267,442.4,0.77,QMOF reference
qmof-c6e12dd,,0.91,QMOF reference
qmof-195d002,,FAILED,QMOF reference
qmof-47bb195,,0.4,QMOF reference
qmof-b42c7fb,348.0,0.16,QMOF reference
qmof-5b082ad,,0.86,QMOF reference
qmof-f838323,300.7,0.44,QMOF reference
qmof-470a8bb,,0.1,QMOF reference
qmof-46c6f8b,,0.69,QMOF reference
qmof-51e910f,,0.9,QMOF reference
qmof-cf063a9,,0.17,QMOF reference
qmof-6f907db,367.4,0.75,QMOF reference
qmof-c555174,432.2,0.67,QMOF reference
qmof-45e3866,,0.71,QMOF reference
qmof-e6adc28,,0.91,QMOF reference
qmof-7a6a1bc,,0.1,QMOF reference
qmof-44bd001,331.0,0.4,QMOF reference
qmof-c07a718,,0.58,QMOF reference
qmof-a6a5732,,0.78,QMOF reference
qmof-d5a245c,,0.75,QMOF reference
qmof-df44cd7,312.4,0.85,QMOF reference
qmof-cdf64b8,,0.93,QMOF reference
qmof-3bd64b4,,0.88,QMOF reference
qmof-162aabd,370.1,0.89,QMOF reference
qmof-d29bb99,,0.54,QMOF reference
qmof-d450a60,317.8,0.32,QMOF reference
qmof-681c140,,0.77,QMOF reference
qmof-2aec50f,302.0,0.87,QMOF reference
qmof-6513f43,95.7,0.83,QMOF reference
qmof-1814167,,0.39,QMOF reference
qmof-204daad,,0.89,QMOF reference
qmof-eb4d8ca,321.5,0.95,QMOF reference
qmof-f36f74c,,0.86,QMOF reference
qmof-2f9261f,,0.19,QMOF reference
qmof-a1d1c28,,FAILED,QMOF reference
qmof-39e9da1,,0.69,QMOF reference
qmof-b9fe2c9,316.5,0.94,QMOF reference
qmof-07f47c8,337.0,0.61,QMOF reference
qmof-4ffb71f,334.9,0.06,QMOF reference
qmof-4d89bb9,,FAILED,QMOF reference
qmof-74256d1,392.4,0.88,QMOF reference
qmof-1a00b4b,,FAILED,QMOF reference
qmof-2cc1b33,,0.78,QMOF reference
qmof-c4cca42,336.5,0.73,QMOF reference
qmof-692476b,,0.72,QMOF reference
qmof-3b52b38,333.1,0.16,QMOF reference
qmof-eaf7a5c,,0.85,QMOF reference
qmof-236db9d,,0.56,QMOF reference
qmof-be069f9,,0.25,QMOF reference
qmof-e0ee68e,,0.3,QMOF reference
qmof-0880913,,0.13,QMOF reference
qmof-7698e93,304.2,0.97,QMOF reference
qmof-53c6dbb,,0.8,QMOF reference
qmof-130af1f,,0.6,QMOF reference
qmof-69ee5ab,320.0,0.52,QMOF reference
qmof-9941a66,271.4,0.83,QMOF reference
qmof-8cdbc5f,276.5,0.78,QMOF reference
qmof-cf6e5de,,0.76,QMOF reference
qmof-4a53e06,335.7,0.78,QMOF reference
qmof-a433ce3,,0.81,QMOF reference
qmof-902290d,,0.72,QMOF reference
qmof-4d3ba60,,0.96,QMOF reference
qmof-098de98,,0.71,QMOF reference
qmof-f681436,,0.76,QMOF reference
qmof-225a152,364.1,FAILED,QMOF reference
qmof-defff0e,391.4,0.97,QMOF reference
qmof-2f0cdb2,,0.24,QMOF reference
qmof-96928dc,,FAILED,QMOF reference
qmof-9570dfb,328.2,0.91,QMOF reference
qmof-e16acde,,0.32,QMOF reference
qmof-d5bb0a6,,0.5,QMOF reference
qmof-eee1f70,,0.45,QMOF reference
qmof-b85d555,264.1,0.43,QMOF reference
qmof-264c381,,0.07,QMOF reference
qmof-fa8d0c5,325.2,0.9,QMOF reference
qmof-65cbaf5,280.1,0.67,QMOF reference
qmof-0cd5578,,FAILED,QMOF reference
qmof-249932b,325.5,0.26,QMOF reference
qmof-cfb4f79,,0.62,QMOF reference
qmof-de78dd0,,0.87,QMOF reference
qmof-2a36f96,252.7,FAILED,QMOF reference
qmof-70ee38e,,0.78,QMOF reference
qmof-810b64d,,0.71,QMOF reference
qmof-f09f760,,FAILED,QMOF reference
qmof-c530710,280.3,0.9,QMOF reference
qmof-6fd4328,,FAILED,QMOF reference
qmof-68010e6,270.6,0.56,QMOF reference
qmof-27e3cca,339.0,0.82,QMOF reference
qmof-4b3dce4,315.4,0.43,QMOF reference
qmof-7aca348,,0.94,QMOF reference
qmof-29a7d04,327.2,FAILED,QMOF reference
qmof-95e5d95,,0.9,QMOF reference
qmof-a0936dc,286.5,0.83,QMOF reference
qmof-b4f57d6,,0.62,QMOF reference
qmof-9d1ad9e,405.3,0.41,QMOF reference
qmof-7efb78c,,0.75,QMOF reference
qmof-7269376,,0.61,QMOF reference
qmof-9694e67,325.5,FAILED,QMOF reference
qmof-2418d4d,,FAILED,QMOF reference
qmof-7556fd5,342.3,0.6,QMOF reference
qmof-2f9a271,,FAILED,QMOF reference
qmof-ac9eb6b,,0.49,QMOF reference
qmof-3657264,383.6,0.85,QMOF reference
qmof-b596173,,0.92,QMOF reference
qmof-dc34a8d,351.4,0.57,QMOF reference
qmof-cd994e3,,0.66,QMOF reference
qmof-6262763,,0.15,QMOF reference
qmof-3597a65,,FAILED,QMOF reference
qmof-558431c,302.7,0.78,QMOF reference
qmof-15eff87,,0.86,QMOF reference
qmof-0c2559f,,0.52,QMOF reference
qmof-20e5839,303.4,0.83,QMOF reference
qmof-01be70a,,0.92,QMOF reference
qmof-79a21b4,175.2,0.9,QMOF reference
qmof-b211b3d,337.6,0.27,QMOF reference
qmof-7d1948c,418.7,0.33,QMOF reference
qmof-3876daa,316.0,0.22,QMOF reference
qmof-8d44302,,FAILED,QMOF reference
qmof-8fbc5fe,,0.18,QMOF reference
qmof-8363535,,0.09,QMOF reference
qmof-d6d8373,,0.8,QMOF reference
qmof-e45b793,285.7,0.94,QMOF reference
qmof-91482b3,305.3,0.3,QMOF reference
qmof-ff37c01,,0.92,QMOF reference
qmof-9df353e,,0.82,QMOF reference
qmof-445834a,,0.4,QMOF reference
qmof-c2bd3f5,,0.88,QMOF reference
qmof-06c8264,,0.69,QMOF reference
qmof-3b4f59b,,0.14,QMOF reference
qmof-2d5d814,,0.18,QMOF reference
qmof-312525c,,0.7,QMOF reference
qmof-920db9a,,FAILED,QMOF reference
qmof-d4582ac,,0.12,QMOF reference
qmof-10f2b04,,0.7,QMOF reference
qmof-54296f8,,0.63,QMOF reference
qmof-330d191,,0.09,QMOF reference
qmof-84db2cd,,FAILED,QMOF reference
qmof-ae70be0,,0.3,QMOF reference
qmof-c906ab4,,FAILED,QMOF reference
qmof-1fe2c67,,0.55,QMOF reference
qmof-774a757,,0.69,QMOF reference
qmof-48b7d44,,0.45,QMOF reference
qmof-8d40aab,,0.88,QMOF reference
qmof-fcb408b,,FAILED,QMOF reference
qmof-61e9800,,0.92,QMOF reference
qmof-49c233f,,0.94,QMOF reference
qmof-8ee832a,,FAILED,QMOF reference
qmof-e4a5ede,,0.13,QMOF reference
qmof-7f1491f,,0.26,QMOF reference
qmof-6761fd3,,0.21,QMOF reference
qmof-b921f17,,FAILED,QMOF reference
qmof-4c5e636,,0.84,QMOF reference
qmof-6b038a5,,0.89,QMOF reference
qmof-ba1edaa,,0.91,QMOF reference
qmof-7a361fd,,0.5,QMOF reference
qmof-75920df,,0.92,QMOF reference
qmof-cb0c828,,0.93,QMOF reference
qmof-9593a59,,0.82,QMOF reference
qmof-3e749fa,,0.87,QMOF reference
qmof-319e5df,,FAILED,QMOF reference
qmof-e6be400,,0.66,QMOF reference
qmof-1c25053,,0.72,QMOF reference
qmof-4fe6fe2,,0.73,QMOF reference
qmof-9ed028e,,0.42,QMOF reference
qmof-191c415,,0.58,QMOF reference
qmof-8713184,,0.61,QMOF reference
qmof-9c49b78,,0.99,QMOF reference
qmof-918c8d1,,0.09,QMOF reference
qmof-0f5c9ec,,0.92,QMOF reference
qmof-15486a3,,0.9,QMOF reference
qmof-2d83ac3,,0.39,QMOF reference
qmof-cd16e60,,0.7,QMOF reference
qmof-da83b42,,0.8,QMOF reference
qmof-2461a2e,,FAILED,QMOF reference
qmof-5e34c74,,0.65,QMOF reference
qmof-cfe9104,,0.95,QMOF reference
qmof-4c113e7,,0.55,QMOF reference
qmof-576fe59,,0.22,QMOF reference
qmof-08c1883,,0.82,QMOF reference
qmof-4fdbbf3,,0.97,QMOF reference
qmof-5bf7e0d,,0.46,QMOF reference
qmof-3adbe2b,,0.84,QMOF reference
qmof-a80bb05,,0.92,QMOF reference
qmof-e0c423e,,0.3,QMOF reference
qmof-f5560a3,,0.76,QMOF reference
qmof-6347cc3,,0.64,QMOF reference
qmof-4c88fab,,0.91,QMOF reference
qmof-a2f7834,,0.38,QMOF reference
qmof-46ebf41,,FAILED,QMOF reference
qmof-a6fc90c,,0.46,QMOF reference
qmof-0b08cba,,0.43,QMOF reference
qmof-ee232e2,,0.01,QMOF reference
qmof-8707b97,,0.78,QMOF reference
qmof-280792c,,0.8,QMOF reference
qmof-e0c96d6,,0.71,QMOF reference
qmof-6d06fe8,,0.89,QMOF reference
qmof-1af804d,,0.88,QMOF reference
qmof-2f4a13b,,0.38,QMOF reference
qmof-bfd7979,,FAILED,QMOF reference
qmof-3769d75,,0.62,QMOF reference
qmof-3b8baba,,0.33,QMOF reference
qmof-edbe407,,0.94,QMOF reference
qmof-eeec44f,,0.92,QMOF reference
qmof-84773bf,,0.87,QMOF reference
qmof-78ccc0f,,0.67,QMOF reference
qmof-08db044,,0.65,QMOF reference
qmof-65294ad,,0.45,QMOF reference
qmof-27a2b4b,,0.94,QMOF reference
qmof-32f203f,,FAILED,QMOF reference
qmof-f1c514f,,0.95,QMOF reference
qmof-536b701,,0.41,QMOF reference
qmof-5811114,,0.44,QMOF reference
qmof-868b2eb,,0.66,QMOF reference
qmof-f7052f3,,0.14,QMOF reference
qmof-d72a836,318.1,0.37,QMOF reference
qmof-1f7045e,,0.84,QMOF reference
qmof-3836f9d,245.5,0.22,QMOF reference
qmof-95ac571,,0.37,QMOF reference
qmof-7867d26,356.0,0.96,QMOF reference
qmof-25349dc,336.5,0.63,QMOF reference
qmof-fa3a819,,0.92,QMOF reference
qmof-58c51cc,,0.86,QMOF reference
qmof-db5d1ed,,0.13,QMOF reference
qmof-4e2f215,,0.91,QMOF reference
qmof-4b51d4c,,FAILED,QMOF reference
qmof-afb7457,,0.9,QMOF reference
qmof-d1ed4a4,358.8,0.28,QMOF reference
qmof-fe7db0d,342.1,0.93,QMOF reference
qmof-43ea8c2,,0.82,QMOF reference
qmof-69fe45b,,0.85,QMOF reference
qmof-6e293a1,,0.44,QMOF reference
qmof-c1f4bcc,,0.74,QMOF reference
qmof-c579bff,,0.86,QMOF reference
qmof-d80b118,,0.42,QMOF reference
qmof-fe778dc,327.7,0.72,QMOF reference
qmof-2e692fd,,0.33,QMOF reference
qmof-79da80b,,0.77,QMOF reference
qmof-87b09b6,,FAILED,QMOF reference
qmof-6b20b7a,,0.75,QMOF reference
qmof-2208d52,295.5,0.81,QMOF reference
qmof-67716b0,376.9,0.46,QMOF reference
qmof-12380d1,357.6,0.8,QMOF reference
qmof-6db2252,,0.88,QMOF reference
qmof-2246e1d,,0.12,QMOF reference
qmof-e59b3bd,,0.88,QMOF reference
qmof-8161acf,,0.88,QMOF reference
qmof-1bc3291,,FAILED,QMOF reference
qmof-1135fc0,,0.75,QMOF reference
qmof-5747ad3,,FAILED,QMOF reference
qmof-f527291,,0.98,QMOF reference
qmof-8bbce0c,,0.74,QMOF reference
qmof-33386bb,386.7,0.88,QMOF reference
qmof-ac06537,265.5,0.29,QMOF reference
qmof-401a2c2,317.4,0.92,QMOF reference
qmof-12d3e65,,0.69,QMOF reference
qmof-417545d,,0.57,QMOF reference
qmof-25c9c0b,285.5,0.69,QMOF reference
qmof-308748b,,FAILED,QMOF reference
qmof-abe34ab,,0.23,QMOF reference
qmof-1a60246,,0.86,QMOF reference
qmof-d72ac4d,,0.79,QMOF reference
qmof-c430d7c,,0.56,QMOF reference
qmof-455827c,,0.86,QMOF reference
qmof-a471706,,0.37,QMOF reference
qmof-45a48df,,FAILED,QMOF reference
qmof-150730f,,0.73,QMOF reference
qmof-f22f6f8,,0.66,QMOF reference
qmof-1a6cb27,,0.96,QMOF reference
qmof-ae1a5ff,,0.72,QMOF reference
qmof-20f92bb,,0.65,QMOF reference
qmof-84a2641,,0.85,QMOF reference
qmof-3480edd,,0.82,QMOF reference
qmof-1302ca9,,FAILED,QMOF reference
qmof-c570ff7,,FAILED,QMOF reference
qmof-c406647,,0.92,QMOF reference
qmof-8405f87,,0.84,QMOF reference
qmof-48a8af6,,0.87,QMOF reference
qmof-8185826,,0.88,QMOF reference
qmof-4fb11b1,,0.85,QMOF reference
qmof-6b21d44,,0.42,QMOF reference
qmof-aeafa12,,0.31,QMOF reference
qmof-2a6bcbd,,0.54,QMOF reference
qmof-38471da,,0.43,QMOF reference
qmof-f7c71f2,,0.83,QMOF reference
qmof-ebddde8,,0.9,QMOF reference
qmof-6332593,,0.76,QMOF reference
qmof-508007f,,0.67,QMOF reference
qmof-16a2c6d,,0.92,QMOF reference
qmof-d126681,,0.17,QMOF reference
qmof-29e0c99,,0.93,QMOF reference
qmof-d08ace3,,FAILED,QMOF reference
qmof-40b1636,,0.49,QMOF reference
qmof-2f9c233,,FAILED,QMOF reference
qmof-40899bb,,0.83,QMOF reference
qmof-6b5664e,,0.21,QMOF reference
qmof-1106f49,,0.73,QMOF reference
qmof-3f9e962,,0.27,QMOF reference
qmof-6ddf0f7,,0.47,QMOF reference
qmof-3ce4a78,,0.84,QMOF reference
qmof-2ab8c3c,,FAILED,QMOF reference
qmof-6058f17,351.7,0.75,QMOF reference
qmof-af84707,,0.15,QMOF reference
qmof-235700c,329.6,0.82,QMOF reference
qmof-8645539,,0.78,QMOF reference
qmof-a998e68,,0.59,QMOF reference
qmof-bc9ad02,369.9,0.15,QMOF reference
qmof-7e5ab0e,221.0,0.48,QMOF reference
qmof-4d40fa6,,0.77,QMOF reference
qmof-a153565,273.2,0.42,QMOF reference
qmof-ba95831,,0.91,QMOF reference
qmof-c9afd47,,0.09,QMOF reference
qmof-92814dc,,0.73,QMOF reference
qmof-c7ff037,,0.48,QMOF reference
qmof-34417cf,,0.89,QMOF reference
qmof-069e51d,344.8,0.76,QMOF reference
qmof-20020d6,370.0,0.88,QMOF reference
qmof-6f2accd,,0.74,QMOF reference
qmof-c07765b,,0.22,QMOF reference
qmof-c060980,307.4,0.49,QMOF reference
qmof-e167932,,FAILED,QMOF reference
qmof-6f04f48,,0.91,QMOF reference
qmof-5fa42a7,290.8,0.77,QMOF reference
qmof-b74246f,,FAILED,QMOF reference
qmof-2095c92,333.7,0.91,QMOF reference
qmof-1801a47,,0.65,QMOF reference
qmof-a98044e,366.4,0.89,QMOF reference
qmof-c9b3d14,295.9,0.59,QMOF reference
qmof-4f2bf7e,,0.96,QMOF reference
qmof-7022a65,,0.92,QMOF reference
qmof-2286cb0,374.3,0.95,QMOF reference
qmof-90bddf0,,0.43,QMOF reference
qmof-7d82fc9,,0.5,QMOF reference
qmof-862bdf1,,0.78,QMOF reference
qmof-d219c19,,FAILED,QMOF reference
qmof-bb51b6f,,0.83,QMOF reference
qmof-979f57c,,0.93,QMOF reference
qmof-8a79b08,202.4,0.54,QMOF reference
qmof-11c9682,,FAILED,QMOF reference
qmof-d9d0b10,306.9,0.73,QMOF reference
qmof-8dc568d,,FAILED,QMOF reference
qmof-c12cbdc,326.7,0.9,QMOF reference
qmof-ee72547,251.2,0.25,QMOF reference
qmof-555bddc,287.5,0.66,QMOF reference
qmof-f361ef2,,0.72,QMOF reference
qmof-0684a95,,0.94,QMOF reference
qmof-2186c5e,333.0,0.71,QMOF reference
qmof-3a1b292,,FAILED,QMOF reference
qmof-0133865,,0.86,QMOF reference
qmof-4fff940,,FAILED,QMOF reference
qmof-43bcc64,,0.75,QMOF reference
qmof-eecfc17,387.9,0.53,QMOF reference
qmof-9576b30,,0.09,QMOF reference
qmof-91a02c3,,0.85,QMOF reference
qmof-90d872c,,0.47,QMOF reference
qmof-1aa6c4c,345.8,0.63,QMOF reference
qmof-7015fdd,,0.79,QMOF reference
qmof-e48c38e,,0.83,QMOF reference
qmof-ff588b7,,FAILED,QMOF reference
qmof-e411eea,,FAILED,QMOF reference
qmof-50c8fb2,306.3,0.4,QMOF reference
qmof-c43eb20,,0.15,QMOF reference
qmof-c9af32c,,0.27,QMOF reference
qmof-56b47d4,218.2,0.48,QMOF reference
qmof-6d2fc7d,,0.76,QMOF reference
qmof-2d6d0e3,,0.89,QMOF reference
qmof-0300d77,,0.14,QMOF reference
qmof-0cc51b8,372.1,0.08,QMOF reference
qmof-c5e9015,,0.3,QMOF reference
qmof-9bb222f,,0.86,QMOF reference
qmof-06b7b00,,FAILED,QMOF reference
qmof-92554a4,,0.92,QMOF reference
qmof-327888f,,0.41,QMOF reference
qmof-0b15fc2,372.3,0.84,QMOF reference
qmof-ac0374e,,0.82,QMOF reference
qmof-a2d1221,290.3,0.96,QMOF reference
qmof-0813a12,,0.88,QMOF reference
qmof-edf8a77,361.7,0.62,QMOF reference
qmof-45aee87,,FAILED,QMOF reference
qmof-44525ba,,0.78,QMOF reference
qmof-d1e9881,,0.82,QMOF reference
qmof-aaf6969,234.5,0.48,QMOF reference
qmof-8e3fb92,,0.87,QMOF reference
qmof-8e63579,253.7,0.26,QMOF reference
qmof-8fddab8,337.4,0.23,QMOF reference
qmof-d049b42,,0.46,QMOF reference
qmof-2337586,,0.74,QMOF reference
qmof-e03e344,323.1,0.71,QMOF reference
qmof-7aa6be5,,0.95,QMOF reference
qmof-483be7f,,FAILED,QMOF reference
qmof-dc2dcc2,,0.39,QMOF reference
qmof-bb7d185,414.0,FAILED,QMOF reference
qmof-9c8ecba,,0.51,QMOF reference
qmof-86f0092,339.0,FAILED,QMOF reference
qmof-1f14edb,,0.94,QMOF reference
qmof-5030fff,,0.47,QMOF reference
qmof-320e8c9,395.4,0.84,QMOF reference
qmof-42205a7,,0.84,QMOF reference
qmof-89da764,,FAILED,QMOF reference
qmof-a95989e,,0.94,QMOF reference
qmof-9b4c654,342.3,0.51,QMOF reference
qmof-e993e6b,,0.51,QMOF reference
qmof-bf02ae6,361.9,0.81,QMOF reference
qmof-c89a5ff,,0.36,QMOF reference
qmof-58640c4,398.2,0.83,QMOF reference
qmof-fb8704e,,0.9,QMOF reference
qmof-7592d77,,0.86,QMOF reference
qmof-187461d,,0.77,QMOF reference
qmof-df82873,,0.51,QMOF reference
qmof-9facb2e,,0.8,QMOF reference
qmof-51b139b,278.4,0.89,QMOF reference
qmof-c6160cd,,0.76,QMOF reference
qmof-042f5d3,314.5,0.72,QMOF reference
qmof-70b9348,310.7,0.8,QMOF reference
qmof-cdb5ed9,366.9,0.63,QMOF reference
qmof-d776b6f,,0.89,QMOF reference
qmof-08f8729,427.2,FAILED,QMOF reference
qmof-fe8ea01,392.2,0.9,QMOF reference
qmof-d29b685,,FAILED,QMOF reference
qmof-cd4e737,335.6,0.75,QMOF reference
qmof-52796c9,,FAILED,QMOF reference
qmof-c9f9a46,,0.57,QMOF reference
qmof-0c9cb8c,,0.81,QMOF reference
qmof-209afa4,,0.15,QMOF reference
qmof-14869a5,,0.5,QMOF reference
qmof-d30ae56,,0.78,QMOF reference
qmof-7903c7a,,FAILED,QMOF reference
qmof-55c6596,,0.85,QMOF reference
qmof-7386122,,0.91,QMOF reference
qmof-0ee8b01,303.3,0.13,QMOF reference
qmof-d33d1b0,,0.0,QMOF reference
qmof-a4d3297,400.7,0.1,QMOF reference
qmof-d94dea9,,FAILED,QMOF reference
qmof-4234b3d,,0.4,QMOF reference
qmof-18c6d13,,0.89,QMOF reference
qmof-3b386b9,301.5,0.75,QMOF reference
qmof-658d64a,,FAILED,QMOF reference
qmof-1518089,418.5,0.74,QMOF reference
qmof-b7a2d03,,0.16,QMOF reference
qmof-0c75beb,,0.68,QMOF reference
qmof-fa3b974,,FAILED,QMOF reference
qmof-600b915,,0.85,QMOF reference
qmof-23d282f,,0.12,QMOF reference
qmof-f3ce9b5,283.5,0.43,QMOF reference
qmof-a3bdd9f,,FAILED,QMOF reference
qmof-e2c816e,,0.93,QMOF reference
qmof-8d68d51,,0.54,QMOF reference
qmof-aa3bc0e,,0.86,QMOF reference
qmof-fff0df1,388.9,0.72,QMOF reference
qmof-e9eab2e,329.2,0.43,QMOF reference
qmof-b4c22c7,,0.9,QMOF reference
qmof-b679e3a,,0.9,QMOF reference
qmof-742aaba,377.7,0.38,QMOF reference
qmof-1339fce,317.6,0.64,QMOF reference
qmof-d57448c,,0.91,QMOF reference
qmof-f0e6617,,0.13,QMOF reference
qmof-71a4d07,,FAILED,QMOF reference
qmof-579321e,,FAILED,QMOF reference
qmof-2a3833a,,0.68,QMOF reference
qmof-a0ed1a6,,0.76,QMOF reference
qmof-10aa8d9,,0.69,QMOF reference
qmof-ea2f7b2,326.8,0.9,QMOF reference
qmof-a8728d7,,0.84,QMOF reference
qmof-ba1d37d,,FAILED,QMOF reference
qmof-46cb25f,332.6,0.12,QMOF reference
qmof-937f336,297.9,0.72,QMOF reference
qmof-27acf12,348.6,0.96,QMOF reference
qmof-1879cfe,377.2,0.18,QMOF reference
qmof-2c4892a,268.9,0.73,QMOF reference
qmof-38c1bdc,295.9,0.07,QMOF reference
qmof-bf9cc36,264.5,0.29,QMOF reference
qmof-b9e1a1b,,FAILED,QMOF reference
qmof-5263db8,439.7,0.36,QMOF reference
qmof-4071219,245.6,0.93,QMOF reference
qmof-bd158a6,288.7,0.43,QMOF reference
qmof-e4f0b6f,498.1,0.27,QMOF reference
qmof-9f230b5,377.0,0.94,QMOF reference
qmof-8ce9fa1,373.2,0.31,QMOF reference
qmof-9caf6ea,357.6,0.39,QMOF reference
qmof-b6ee5ae,264.5,0.66,QMOF reference
qmof-d901bbc,269.2,0.77,QMOF reference
qmof-e91bdca,342.2,0.89,QMOF reference
qmof-77a1d56,321.8,0.43,QMOF reference
qmof-1b4a7d4,379.7,0.79,QMOF reference
qmof-4a4833a,351.8,0.89,QMOF reference
qmof-087c398,218.0,0.89,QMOF reference
qmof-cd300fd,299.4,0.86,QMOF reference
qmof-8c50340,,FAILED,QMOF reference
qmof-7e2d241,338.4,0.3,QMOF reference
qmof-659dd1c,331.6,0.82,QMOF reference
qmof-817fdc2,299.9,0.72,QMOF reference
qmof-72a3c74,356.0,0.67,QMOF reference
qmof-467f2a8,346.8,0.9,QMOF reference
qmof-ff1d9b8,378.7,0.61,QMOF reference
qmof-940010e,293.3,0.85,QMOF reference
qmof-bd3e848,268.3,0.46,QMOF reference
qmof-2baa420,391.0,0.35,QMOF reference
qmof-29b2925,315.6,0.96,QMOF reference
qmof-d9247b5,,FAILED,QMOF reference
qmof-b4f2a15,276.6,0.65,QMOF reference
qmof-a6ec3b8,361.3,0.84,QMOF reference
qmof-d78bf59,236.7,0.56,QMOF reference
qmof-c041b36,280.6,0.53,QMOF reference
qmof-6270ffb,,FAILED,QMOF reference
qmof-01bd71a,348.4,0.64,QMOF reference
qmof-ca14cc9,,FAILED,QMOF reference
qmof-c7b7a90,231.5,0.64,QMOF reference
qmof-ef4a02d,271.6,0.88,QMOF reference
qmof-cd7c886,372.2,0.11,QMOF reference
qmof-1a531e9,359.1,0.9,QMOF reference
qmof-725368c,379.6,0.79,QMOF reference
qmof-cb06477,295.6,0.9,QMOF reference
qmof-57d8d0a,277.5,0.79,QMOF reference
qmof-a2a22e2,,FAILED,QMOF reference
qmof-f4c4d54,,FAILED,QMOF reference
qmof-ab58af7,347.3,0.91,QMOF reference
qmof-ad070be,,FAILED,QMOF reference
qmof-917b7ee,342.9,0.48,QMOF reference
qmof-abc0aa1,248.9,0.86,QMOF reference
qmof-896e1e1,,FAILED,QMOF reference
qmof-3ed2303,361.4,0.22,QMOF reference
qmof-71e5f47,,FAILED,QMOF reference
qmof-e1e431a,,FAILED,QMOF reference
qmof-8c157d2,277.9,0.27,QMOF reference
qmof-e62185c,336.9,0.48,QMOF reference
qmof-ab3cb93,292.7,0.05,QMOF reference
qmof-4dd157d,,FAILED,QMOF reference
qmof-ae0a299,283.8,0.12,QMOF reference
qmof-5c05a68,,FAILED,QMOF reference
qmof-36f4a70,,FAILED,QMOF reference
qmof-8771d16,295.6,0.65,QMOF reference
qmof-0c858c4,314.6,0.17,QMOF reference
qmof-c8f9598,290.0,0.26,QMOF reference
qmof-588da82,354.7,0.88,QMOF reference
qmof-b9862f3,318.8,0.9,QMOF reference
qmof-28a86f8,256.6,0.2,QMOF reference
qmof-c02979d,260.1,0.4,QMOF reference
qmof-2ecf8bd,336.4,0.31,QMOF reference
qmof-05dc5b6,382.4,0.93,QMOF reference
qmof-1bf321e,342.5,0.85,QMOF reference
qmof-32b966b,331.5,0.32,QMOF reference
qmof-d4507f6,204.0,0.8,QMOF reference
qmof-c3289bb,320.6,0.31,QMOF reference
qmof-bfbbb54,343.0,0.79,QMOF reference
qmof-5af3aeb,312.7,0.55,QMOF reference
qmof-d826b2c,371.2,0.41,QMOF reference
qmof-b9e8ae6,355.2,0.45,QMOF reference
qmof-dadfc08,393.1,0.76,QMOF reference
qmof-0d4a8eb,306.1,0.84,QMOF reference
qmof-5a099b5,219.9,0.55,QMOF reference
qmof-0bcdb78,268.4,0.13,QMOF reference
qmof-bafaf9d,367.6,0.29,QMOF reference
qmof-03558fb,,FAILED,QMOF reference
qmof-dd2c6cc,333.5,0.94,QMOF reference
qmof-7eaf2a6,244.8,0.9,QMOF reference
qmof-43b4e29,349.1,0.68,QMOF reference
qmof-40ec03b,317.0,0.83,QMOF reference
qmof-cf43113,346.8,0.89,QMOF reference
qmof-70d4834,394.2,0.89,QMOF reference
qmof-3dcb1ed,293.1,0.53,QMOF reference
qmof-b7213aa,,FAILED,QMOF reference
qmof-5910f14,301.7,0.94,QMOF reference
qmof-083b0f1,,FAILED,QMOF reference
qmof-d45d958,220.8,0.91,QMOF reference
qmof-63c6797,,FAILED,QMOF reference
qmof-bed947e,385.6,0.79,QMOF reference
qmof-75b0794,305.8,0.32,QMOF reference
qmof-fd71224,331.2,0.76,QMOF reference
qmof-b8bcf6c,353.8,0.48,QMOF reference
qmof-a911695,303.2,0.39,QMOF reference
qmof-44b1658,340.9,0.55,QMOF reference
qmof-62539f9,278.2,0.93,QMOF reference
qmof-9883216,379.9,0.83,QMOF reference
qmof-230167f,280.2,0.1,QMOF reference
qmof-cccbac5,352.4,0.94,QMOF reference
qmof-eb6295d,353.0,0.85,QMOF reference
qmof-33eb7e6,,FAILED,QMOF reference
qmof-b983218,356.0,0.88,QMOF reference
qmof-88883f2,319.3,0.97,QMOF reference
qmof-44e748a,374.3,0.23,QMOF reference
qmof-dc59205,228.6,0.9,QMOF reference
qmof-5a8d3cc,265.7,0.82,QMOF reference
qmof-b265206,,FAILED,QMOF reference
qmof-c2b0f64,377.5,0.78,QMOF reference
qmof-d0fbccd,94.5,0.99,QMOF reference
qmof-6d29b75,280.5,0.44,QMOF reference
qmof-f103d96,366.3,0.13,QMOF reference
qmof-aa90302,321.2,0.82,QMOF reference
qmof-2810e3c,319.7,0.76,QMOF reference
qmof-b5d466b,354.2,0.45,QMOF reference
qmof-c41123e,315.5,0.16,QMOF reference
qmof-9a71d60,347.1,0.57,QMOF reference
qmof-bcbd03e,343.0,0.4,QMOF reference
qmof-54963fa,348.1,0.73,QMOF reference
qmof-913038d,278.6,0.66,QMOF reference
qmof-9747028,323.3,0.46,QMOF reference
qmof-362afdb,212.6,0.82,QMOF reference
qmof-272c907,,FAILED,QMOF reference
qmof-fa0f884,311.6,0.92,QMOF reference
qmof-475ad16,,FAILED,QMOF reference
qmof-47ddc3f,351.4,0.3,QMOF reference
qmof-b8f1b55,268.8,0.6,QMOF reference
qmof-08f6834,,FAILED,QMOF reference
qmof-8a4c3d2,,FAILED,QMOF reference
qmof-60a69f9,296.8,0.37,QMOF reference
qmof-a730e22,375.2,0.7,QMOF reference
qmof-4ffffba,318.7,0.75,QMOF reference
qmof-343c776,355.4,0.92,QMOF reference
qmof-e1d3c58,,FAILED,QMOF reference
qmof-102839a,336.3,0.93,QMOF reference
qmof-b1cbe7a,321.4,0.12,QMOF reference
qmof-091d15e,338.9,0.92,QMOF reference
qmof-97ba46c,254.1,0.19,QMOF reference
qmof-bb763b5,343.6,0.48,QMOF reference
qmof-9bc797a,284.4,0.84,QMOF reference
qmof-1db97cf,,FAILED,QMOF reference
qmof-763d52f,290.2,0.65,QMOF reference
qmof-a84ee09,,FAILED,QMOF reference
qmof-b448093,,FAILED,QMOF reference
qmof-87eb0e6,351.5,0.54,QMOF reference
qmof-1d729c7,276.2,0.24,QMOF reference
qmof-df1934c,313.7,0.87,QMOF reference
qmof-33b7d3d,,FAILED,QMOF reference
qmof-5dacd0b,402.0,0.34,QMOF reference
qmof-38fac1e,231.5,0.21,QMOF reference
qmof-2b351d2,349.1,0.95,QMOF reference
qmof-c7f2375,308.4,0.86,QMOF reference
qmof-412a896,,FAILED,QMOF reference
qmof-75e182b,306.0,0.58,QMOF reference
qmof-a0e5516,260.0,0.93,QMOF reference
qmof-9723edf,,FAILED,QMOF reference
qmof-de13d28,360.0,0.78,QMOF reference
qmof-540738e,366.7,0.58,QMOF reference
qmof-f38c9a1,429.3,0.92,QMOF reference
qmof-3c9f875,408.9,0.72,QMOF reference
qmof-89d2f92,256.2,0.66,QMOF reference
qmof-957e074,,FAILED,QMOF reference
qmof-8f4644b,,FAILED,QMOF reference
qmof-b748dbf,201.3,0.94,QMOF reference
qmof-f5a08c4,301.6,0.86,QMOF reference
qmof-763f861,375.6,0.53,QMOF reference
qmof-b6b91b1,446.8,0.9,QMOF reference
qmof-0df8088,269.0,0.55,QMOF reference
qmof-18fb46a,313.8,0.59,QMOF reference
qmof-3a0ed8b,339.5,0.86,QMOF reference
qmof-c4528f3,392.8,0.88,QMOF reference
qmof-13f45fd,280.7,0.53,QMOF reference
qmof-ca7cf12,387.4,0.74,QMOF reference
qmof-4d1b04c,287.1,0.93,QMOF reference
qmof-b2b6f0e,365.8,0.89,QMOF reference
qmof-fa621a6,345.9,0.85,QMOF reference
qmof-5cb2fe5,391.9,0.23,QMOF reference
qmof-1a11e28,335.0,0.45,QMOF reference
qmof-ad9b461,190.1,0.92,QMOF reference
qmof-3848331,484.4,0.85,QMOF reference
qmof-93ddfc6,383.8,0.73,QMOF reference
qmof-6b02bb3,315.6,0.42,QMOF reference
qmof-65b04b3,352.4,0.85,QMOF reference
qmof-537f47f,386.6,0.41,QMOF reference
qmof-ce2d153,,FAILED,QMOF reference
qmof-4e4b76a,310.8,0.63,QMOF reference
qmof-58a8f42,365.8,0.8,QMOF reference
qmof-d851c65,306.7,0.65,QMOF reference
qmof-bc96401,,FAILED,QMOF reference
qmof-68a1a29,356.9,0.91,QMOF reference
qmof-d3f04f5,353.0,0.45,QMOF reference
qmof-068bc8e,337.4,0.53,QMOF reference
qmof-ee1da8c,283.7,0.41,QMOF reference
qmof-a7e269f,306.9,0.47,QMOF reference
qmof-b11bf9e,,FAILED,QMOF reference
qmof-a89c5d6,283.7,0.68,QMOF reference
qmof-87acc07,430.0,0.7,QMOF reference
qmof-583fba3,381.1,0.92,QMOF reference
qmof-ec5caac,342.1,0.9,QMOF reference
qmof-7ae1dee,366.7,0.29,QMOF reference
qmof-3cf1a61,330.5,0.86,QMOF reference
qmof-261bca4,320.5,0.65,QMOF reference
qmof-48ec37d,281.7,0.66,QMOF reference
qmof-f91eaa7,334.7,0.86,QMOF reference
qmof-7c8be25,325.3,0.78,QMOF reference
qmof-aae4521,268.2,0.84,QMOF reference
qmof-c624998,298.5,0.69,QMOF reference
qmof-20b1e21,283.9,0.58,QMOF reference
qmof-2563b1d,333.8,0.9,QMOF reference
qmof-15463ec,334.4,0.67,QMOF reference
qmof-82cb581,356.4,0.37,QMOF reference
qmof-d6992f4,292.9,0.68,QMOF reference
qmof-da538df,290.7,0.28,QMOF reference
qmof-5bab3c6,,FAILED,QMOF reference
qmof-2cb8e34,325.2,0.78,QMOF reference
qmof-3deb783,306.4,0.84,QMOF reference
qmof-e5dde7a,205.2,0.86,QMOF reference
qmof-2454337,,FAILED,QMOF reference
qmof-9949aa2,,FAILED,QMOF reference
qmof-079672c,346.4,0.82,QMOF reference
qmof-00aefa9,336.8,0.91,QMOF reference
qmof-12aaae7,371.4,0.93,QMOF reference
qmof-1743e6b,324.4,0.94,QMOF reference
qmof-f872600,372.4,0.68,QMOF reference
qmof-5be9b7e,356.0,0.77,QMOF reference
qmof-9074759,,FAILED,QMOF reference
qmof-0c04920,335.6,0.84,QMOF reference
qmof-bd5b750,306.4,0.74,QMOF reference
qmof-8c3516d,377.9,0.92,QMOF reference
qmof-bc76ca2,327.4,0.66,QMOF reference
qmof-97c6429,351.6,0.72,QMOF reference
qmof-741f030,334.5,0.6,QMOF reference
qmof-2c4080f,284.3,0.94,QMOF reference
qmof-572b289,378.0,0.91,QMOF reference
qmof-d589613,315.0,0.67,QMOF reference
qmof-c28f3c5,311.8,0.77,QMOF reference
qmof-94cba77,434.7,0.82,QMOF reference
qmof-17eb28a,331.7,0.95,QMOF reference
qmof-c8e0d0c,324.6,0.64,QMOF reference
qmof-00052d0,298.3,0.27,QMOF reference
qmof-a0774e6,349.3,0.95,QMOF reference
qmof-73362fd,293.4,0.35,QMOF reference
qmof-caca351,,FAILED,QMOF reference
qmof-0c41100,343.6,0.28,QMOF reference
qmof-35bc54f,344.1,0.81,QMOF reference
qmof-f031ad1,423.1,0.54,QMOF reference
qmof-af71c28,413.8,0.19,QMOF reference
qmof-dd47331,,FAILED,QMOF reference
qmof-9067258,349.3,0.96,QMOF reference
qmof-2b5499a,300.6,0.7,QMOF reference
qmof-621f980,297.3,0.62,QMOF reference
qmof-c8e8eb6,384.3,0.9,QMOF reference
qmof-8c4d2f0,392.7,0.15,QMOF reference
qmof-1f8643a,390.9,0.58,QMOF reference
qmof-46909aa,317.2,0.89,QMOF reference
qmof-5465dee,411.8,0.07,QMOF reference
qmof-b58de2b,252.1,0.62,QMOF reference
qmof-dda6765,395.1,0.72,QMOF reference
qmof-d29181f,222.1,0.89,QMOF reference
qmof-73820e5,294.2,0.87,QMOF reference
qmof-6800a56,395.2,0.48,QMOF reference
qmof-098601a,336.4,0.74,QMOF reference
qmof-dc65042,447.8,0.86,QMOF reference
qmof-20923d9,278.5,0.7,QMOF reference
qmof-309cef3,339.6,0.68,QMOF reference
qmof-dccc442,328.1,0.54,QMOF reference
qmof-14b3a73,385.3,0.54,QMOF reference
qmof-a87a11c,308.0,0.08,QMOF reference
qmof-235238b,459.0,0.02,QMOF reference
qmof-fb7e6ef,273.5,0.88,QMOF reference
qmof-f5af0e8,,FAILED,QMOF reference
qmof-fcf9e4e,375.5,0.67,QMOF reference
qmof-6c9e6ff,401.6,0.79,QMOF reference
qmof-516b44e,287.1,0.78,QMOF reference
qmof-d062e47,278.5,0.2,QMOF reference
qmof-6fe63c6,316.6,0.33,QMOF reference
qmof-0410c7c,318.5,0.84,QMOF reference
qmof-e33fab4,,FAILED,QMOF reference
qmof-92555ed,419.9,0.3,QMOF reference
qmof-4c6c409,362.8,0.77,QMOF reference
qmof-1eac763,341.7,0.4,QMOF reference
qmof-c7afe13,,FAILED,QMOF reference
qmof-177ecfa,362.1,0.22,QMOF reference
qmof-a6a11b6,397.0,0.56,QMOF reference
qmof-d932d4d,355.9,0.93,QMOF reference
qmof-6855b0e,242.1,0.74,QMOF reference
qmof-b2b8096,,FAILED,QMOF reference
qmof-4e4607a,350.9,0.06,QMOF reference
qmof-27e06c0,363.4,0.84,QMOF reference
qmof-4cc90a1,,FAILED,QMOF reference
qmof-64386ed,321.3,0.61,QMOF reference
qmof-e8abe31,,FAILED,QMOF reference
qmof-1d99f5f,420.5,0.93,QMOF reference
qmof-3b1e56c,325.8,0.57,QMOF reference
qmof-65b0473,346.7,0.44,QMOF reference
qmof-235245e,275.1,0.9,QMOF reference
qmof-a442a79,283.1,0.32,QMOF reference
qmof-9f4492d,287.8,0.57,QMOF reference
qmof-57ee22e,,FAILED,QMOF reference
qmof-61a8e50,,FAILED,QMOF reference
qmof-f943c7b,256.2,0.42,QMOF reference
qmof-0192eb2,339.1,0.94,QMOF reference
qmof-439555b,261.4,0.81,QMOF reference
qmof-c921899,381.1,0.47,QMOF reference
qmof-9902b33,,FAILED,QMOF reference
qmof-a7f15a5,310.4,0.83,QMOF reference
qmof-7b63907,326.4,0.94,QMOF reference
qmof-bd9f797,468.7,0.56,QMOF reference
qmof-ec6f717,461.6,0.04,QMOF reference
qmof-82ec815,399.3,0.39,QMOF reference
qmof-2d00fd3,311.1,0.96,QMOF reference
qmof-d8487fa,341.8,0.72,QMOF reference
qmof-b7dbb38,,FAILED,QMOF reference
qmof-e6edb02,361.1,0.84,QMOF reference
qmof-b697d31,379.7,0.67,QMOF reference
qmof-14fbfb7,372.6,0.9,QMOF reference
qmof-f85c4e7,253.0,0.71,QMOF reference
qmof-aa46702,446.5,0.86,QMOF reference
qmof-2482286,257.0,0.7,QMOF reference
qmof-fc79d47,390.7,0.85,QMOF reference
qmof-258ea8e,269.7,0.32,QMOF reference
qmof-dd8163e,278.4,0.78,QMOF reference
qmof-0fcda30,289.5,0.63,QMOF reference
qmof-3b44779,269.3,0.58,QMOF reference
qmof-91d3cdc,401.2,0.21,QMOF reference
qmof-5288dc1,358.3,0.56,QMOF reference
qmof-0725f08,,FAILED,QMOF reference
qmof-7e65c9f,412.7,0.38,QMOF reference
qmof-9a7a487,308.7,0.18,QMOF reference
qmof-94e2360,,FAILED,QMOF reference
qmof-201af6e,368.6,0.87,QMOF reference
qmof-412f4b0,367.8,0.74,QMOF reference
qmof-a879a21,274.4,0.93,QMOF reference
qmof-58ece63,374.0,0.77,QMOF reference
qmof-2e3199e,318.5,0.4,QMOF reference
qmof-a2ed5ec,267.3,0.33,QMOF reference
qmof-13889cb,419.3,0.24,QMOF reference
qmof-41c61b0,300.4,0.89,QMOF reference
qmof-77d3bda,330.3,0.84,QMOF reference
qmof-f6fab28,275.5,0.92,QMOF reference
qmof-7f7a9e4,301.4,0.59,QMOF reference
qmof-484bcbe,304.5,0.1,QMOF reference
qmof-e555160,,FAILED,QMOF reference
qmof-dcf8193,246.8,0.1,QMOF reference
qmof-90ec5b5,288.1,0.54,QMOF reference
qmof-585047f,328.7,0.55,QMOF reference
qmof-e5b6a13,205.4,0.18,QMOF reference
qmof-9cac9d3,340.6,0.83,QMOF reference
qmof-f23d0c7,,FAILED,QMOF reference
qmof-23daf81,326.2,0.25,QMOF reference
qmof-fe0852c,339.5,0.94,QMOF reference
qmof-32c9222,339.4,0.64,QMOF reference
qmof-9f78012,354.3,0.82,QMOF reference
qmof-8d71a0b,313.2,0.74,QMOF reference
qmof-30885c7,,FAILED,QMOF reference
qmof-8456d8c,342.7,0.77,QMOF reference
qmof-42ef884,260.2,0.18,QMOF reference
qmof-c32a137,238.6,0.79,QMOF reference
qmof-b405c94,298.3,0.37,QMOF reference
qmof-cbf7bfe,324.9,0.78,QMOF reference
qmof-f70c543,401.3,0.17,QMOF reference
qmof-d215bed,390.2,0.53,QMOF reference
qmof-8573227,388.3,0.47,QMOF reference
qmof-6dddf51,,FAILED,QMOF reference
qmof-3da84ce,324.0,0.77,QMOF reference
qmof-95ca2a6,330.0,0.31,QMOF reference
qmof-d9678a4,372.2,0.85,QMOF reference
qmof-a94a47b,395.3,0.85,QMOF reference
qmof-fe3c849,391.5,0.29,QMOF reference
qmof-3d9c6c0,397.3,0.78,QMOF reference
qmof-23746fb,323.8,0.08,QMOF reference
qmof-0164af1,268.1,0.15,QMOF reference
qmof-56067b5,308.4,0.59,QMOF reference
qmof-821f27d,367.9,0.92,QMOF reference
qmof-a29c6bd,247.3,0.43,QMOF reference
qmof-ad3c4dd,306.5,0.89,QMOF reference
qmof-eacfd9b,356.9,0.15,QMOF reference
qmof-a40de84,360.0,0.74,QMOF reference
qmof-df02179,239.3,0.27,QMOF reference
qmof-099b964,346.2,0.13,QMOF reference
qmof-b8a0299,335.5,0.86,QMOF reference
qmof-a7bfd90,288.8,0.32,QMOF reference
qmof-de7a3ce,359.7,0.64,QMOF reference
qmof-27bbb6a,352.6,0.94,QMOF reference
qmof-8411c83,,FAILED,QMOF reference
qmof-826d4fe,292.9,0.87,QMOF reference
qmof-3e2d080,404.4,0.59,QMOF reference
qmof-41c8b63,338.4,0.78,QMOF reference
qmof-480d9ca,231.6,0.6,QMOF reference
qmof-bce674b,317.6,0.71,QMOF reference
qmof-46ab5ba,278.5,0.91,QMOF reference
qmof-57e829d,313.2,0.7,QMOF reference
qmof-c14baa5,316.5,0.91,QMOF reference
qmof-ef2e56c,336.5,0.86,QMOF reference
qmof-adb2c4d,427.4,0.48,QMOF reference
qmof-a57e16b,,FAILED,QMOF reference
qmof-e5a7ed2,332.6,0.91,QMOF reference
qmof-f80de30,312.8,0.38,QMOF reference
qmof-dcd8104,343.4,0.89,QMOF reference
qmof-0f33589,380.5,0.85,QMOF reference
qmof-4b70fb1,429.4,0.87,QMOF reference
qmof-d8f54c1,264.3,0.53,QMOF reference
qmof-c2c5615,379.3,0.37,QMOF reference
qmof-a36b34a,328.9,0.15,QMOF reference
qmof-96226c0,,FAILED,QMOF reference
qmof-9a10dde,149.5,0.95,QMOF reference
qmof-86dacbb,538.2,0.0,QMOF reference
qmof-1e90576,438.6,0.9,QMOF reference
qmof-9bfdab6,414.8,0.68,QMOF reference
qmof-40bbb80,292.4,0.34,QMOF reference
qmof-cfc7cec,298.5,0.68,QMOF reference
qmof-5d56423,372.7,0.12,QMOF reference
qmof-03090a5,,FAILED,QMOF reference
qmof-4c97440,399.1,0.93,QMOF reference
qmof-4b5a943,306.0,0.8,QMOF reference
qmof-dbc27ec,352.5,0.83,QMOF reference
qmof-afb6535,379.1,0.77,QMOF reference
qmof-29106ae,303.5,0.73,QMOF reference
qmof-e4a01cc,341.0,0.11,QMOF reference
qmof-1023a71,338.2,0.88,QMOF reference
qmof-4ddd98f,309.7,0.94,QMOF reference
qmof-67cdba3,360.6,0.86,QMOF reference
qmof-70d7b7f,265.3,0.69,QMOF reference
qmof-83d797a,382.5,0.82,QMOF reference
qmof-5517ab7,263.2,0.24,QMOF reference
qmof-33c6e83,287.7,0.26,QMOF reference
qmof-c7cd3cd,383.0,0.45,QMOF reference
qmof-356e37b,284.3,0.73,QMOF reference
qmof-f32d2f0,269.8,0.66,QMOF reference
qmof-f7d5cc6,296.5,0.14,QMOF reference
qmof-5f619ed,306.6,0.64,QMOF reference
qmof-a023ef5,251.1,0.69,QMOF reference
qmof-d50fc3b,273.7,0.32,QMOF reference
qmof-ca06e6f,297.6,0.71,QMOF reference
qmof-b4f938f,481.7,0.24,QMOF reference
qmof-ff5cabd,400.5,0.21,QMOF reference
qmof-a746544,367.0,0.77,QMOF reference
qmof-d8a722f,,FAILED,QMOF reference
qmof-fa9814f,397.0,0.92,QMOF reference
qmof-70db22b,,FAILED,QMOF reference
qmof-5b325c1,376.5,0.41,QMOF reference
qmof-e819917,345.1,0.58,QMOF reference
qmof-5564e79,,FAILED,QMOF reference
qmof-5448086,321.2,0.88,QMOF reference
qmof-c7e5f8e,308.2,0.53,QMOF reference
qmof-9cd754e,305.1,0.65,QMOF reference
qmof-abd1ccd,333.4,0.25,QMOF reference
qmof-0749ed8,414.2,0.33,QMOF reference
qmof-0307198,299.0,0.85,QMOF reference
qmof-e93811c,359.8,0.94,QMOF reference
qmof-2a30c18,237.4,0.91,QMOF reference
qmof-fa70d03,219.3,0.87,QMOF reference
qmof-df4f7aa,325.1,0.59,QMOF reference
qmof-270bfcd,392.7,0.4,QMOF reference
qmof-b2dbb73,354.2,0.32,QMOF reference
qmof-ceeff8a,,FAILED,QMOF reference
qmof-60a5345,314.9,0.89,QMOF reference
qmof-76e5a3a,,FAILED,QMOF reference
qmof-b7e8d07,537.9,0.68,QMOF reference
qmof-f7d0925,268.9,0.1,QMOF reference
qmof-a7cf6af,304.9,0.28,QMOF reference
qmof-31bf571,290.9,0.41,QMOF reference
qmof-e17b289,377.9,0.88,QMOF reference
qmof-0aed152,,FAILED,QMOF reference
qmof-6c58181,359.4,0.92,QMOF reference
qmof-c6f6604,370.6,0.24,QMOF reference
qmof-3eafdbb,337.4,0.59,QMOF reference
qmof-547262c,388.5,0.72,QMOF reference
qmof-694fd6c,215.0,0.64,QMOF reference
qmof-3e18738,322.3,0.57,QMOF reference
qmof-160bc38,275.2,0.74,QMOF reference
qmof-16cda91,251.5,0.54,QMOF reference
qmof-e197e2d,308.6,0.87,QMOF reference
qmof-798e431,332.2,0.82,QMOF reference
qmof-8ed2feb,251.5,0.91,QMOF reference
qmof-a7d01cd,332.0,0.7,QMOF reference
qmof-ce3c507,310.4,0.61,QMOF reference
qmof-71d1118,338.4,0.79,QMOF reference
qmof-44ac7ae,337.3,0.27,QMOF reference
qmof-c2b42fd,,FAILED,QMOF reference
qmof-eb80ee4,,FAILED,QMOF reference
qmof-db0876a,357.4,0.77,QMOF reference
qmof-2370a00,322.4,0.11,QMOF reference
qmof-599e3b3,359.5,0.76,QMOF reference
qmof-68d449d,356.4,0.11,QMOF reference
qmof-2956a93,326.9,0.46,QMOF reference
qmof-93db7c2,333.3,0.32,QMOF reference
qmof-11869b4,387.3,0.93,QMOF reference
qmof-4918b41,277.0,0.88,QMOF reference
qmof-2737c15,362.8,0.59,QMOF reference
qmof-b0b952a,284.6,0.91,QMOF reference
qmof-4389c27,347.1,0.43,QMOF reference
qmof-7a605d8,,FAILED,QMOF reference
qmof-5e08493,360.3,0.96,QMOF reference
qmof-b0a3596,295.7,0.64,QMOF reference
qmof-f575927,320.4,0.53,QMOF reference
qmof-6128aea,338.8,0.5,QMOF reference
qmof-ed90b66,354.7,0.63,QMOF reference
qmof-f6f7cfa,441.9,0.3,QMOF reference
qmof-56775e8,361.4,0.87,QMOF reference
qmof-15f1bb8,355.0,0.78,QMOF reference
qmof-6f98772,,FAILED,QMOF reference
qmof-d5e6031,322.2,0.94,QMOF reference
qmof-2c46e16,350.9,0.69,QMOF reference
qmof-dd779e9,267.4,0.58,QMOF reference
qmof-fcedf2b,323.5,0.2,QMOF reference
qmof-7790ae0,331.9,0.6,QMOF reference
qmof-02485bd,279.3,0.3,QMOF reference
qmof-72d353f,272.9,0.33,QMOF reference
qmof-75309dd,369.5,0.93,QMOF reference
qmof-2b2a726,316.4,0.61,QMOF reference
qmof-7acb5f9,323.9,0.28,QMOF reference
qmof-c8f72fc,320.5,0.92,QMOF reference
qmof-2cdc589,316.1,0.89,QMOF reference
qmof-90849c1,206.6,0.9,QMOF reference
qmof-781236f,356.8,0.95,QMOF reference
qmof-1fe264b,334.5,0.91,QMOF reference
qmof-85b14f2,409.1,0.41,QMOF reference
qmof-20e5849,363.2,0.93,QMOF reference
qmof-1db67f1,452.5,0.7,QMOF reference
qmof-67719b6,343.1,0.42,QMOF reference
qmof-f38eaf4,301.5,0.19,QMOF reference
qmof-b8a853e,317.8,0.47,QMOF reference
qmof-8542c76,288.5,0.81,QMOF reference
qmof-7d4712b,358.7,0.93,QMOF reference
qmof-15e7bac,441.9,0.7,QMOF reference
qmof-497807e,353.1,0.15,QMOF reference
qmof-a756e86,334.2,0.9,QMOF reference
qmof-b06367f,336.1,0.59,QMOF reference
qmof-ce0e7d6,299.7,0.92,QMOF reference
qmof-5a70274,324.4,0.25,QMOF reference
qmof-eb15a37,412.6,0.7,QMOF reference
qmof-76dc26a,309.7,0.13,QMOF reference
qmof-6761eca,351.5,0.84,QMOF reference
qmof-7981e56,,FAILED,QMOF reference
qmof-69a8a24,,FAILED,QMOF reference
qmof-e790c38,345.6,0.88,QMOF reference
qmof-c0b86a6,321.9,0.8,QMOF reference
qmof-d1ca0dc,250.3,0.9,QMOF reference
qmof-656c2ee,304.0,0.19,QMOF reference
qmof-fa074f8,432.3,0.47,QMOF reference
qmof-ccf3de7,307.0,0.44,QMOF reference
qmof-3bf9a94,445.7,0.88,QMOF reference
qmof-bff6e3a,325.5,0.26,QMOF reference
qmof-6f1b1c6,304.3,0.43,QMOF reference
qmof-9fa0d98,342.5,0.67,QMOF reference
qmof-6ea7dbb,220.9,0.31,QMOF reference
qmof-5c67a6f,310.1,0.24,QMOF reference
qmof-e2d7d1f,361.4,0.27,QMOF reference
qmof-52875a0,73.1,0.9,QMOF reference
qmof-c4714cc,336.7,0.94,QMOF reference
qmof-3a8fabc,270.4,0.1,QMOF reference
qmof-c12b0bf,,FAILED,QMOF reference
qmof-7c50f50,317.7,0.5,QMOF reference
qmof-c1d9375,264.3,0.21,QMOF reference
qmof-b806efd,375.9,0.54,QMOF reference
qmof-09319e1,314.8,0.62,QMOF reference
qmof-6aaf0fe,313.1,0.87,QMOF reference
qmof-656e696,397.0,0.61,QMOF reference
qmof-f74de6e,351.6,0.19,QMOF reference
qmof-2f0e858,242.2,0.66,QMOF reference
qmof-dc18263,352.1,0.88,QMOF reference
qmof-02f6c6b,282.1,0.23,QMOF reference
qmof-53b05c6,356.8,0.94,QMOF reference
qmof-7df997f,294.3,0.74,QMOF reference
qmof-77442e8,312.4,0.85,QMOF reference
qmof-b59597a,268.3,0.21,QMOF reference
qmof-e8ce4cf,300.1,0.64,QMOF reference
qmof-b9a48b3,281.3,0.87,QMOF reference
qmof-85aea29,,FAILED,QMOF reference
qmof-59052d3,311.5,0.92,QMOF reference
qmof-ba61a7e,367.8,0.88,QMOF reference
qmof-64812b7,345.0,0.69,QMOF reference
qmof-5742e24,,FAILED,QMOF reference
qmof-8e31c0c,299.4,0.38,QMOF reference
qmof-456d03e,416.4,0.12,QMOF reference
qmof-38716ea,363.6,0.7,QMOF reference
qmof-801065d,,FAILED,QMOF reference
qmof-c0c714d,259.6,0.66,QMOF reference
qmof-508fff5,210.3,0.69,QMOF reference
qmof-0182c67,292.8,0.52,QMOF reference
qmof-646eff5,282.4,0.38,QMOF reference
qmof-0e4e8d5,330.6,0.28,QMOF reference
qmof-0b70aa6,389.8,0.51,QMOF reference
qmof-9a65528,395.1,0.85,QMOF reference
qmof-7003637,376.3,0.84,QMOF reference
qmof-4a50fa6,200.8,0.78,QMOF reference
qmof-26483dd,271.8,0.92,QMOF reference
qmof-4048940,332.6,0.18,QMOF reference
qmof-a559fff,266.4,0.25,QMOF reference
qmof-05f902b,,FAILED,QMOF reference
qmof-5feac13,,FAILED,QMOF reference
qmof-3ed90b5,,FAILED,QMOF reference
qmof-04f3a5d,353.7,0.49,QMOF reference
qmof-2c173c2,318.8,0.7,QMOF reference
qmof-8648a69,345.4,0.94,QMOF reference
qmof-32894ad,264.7,0.88,QMOF reference
qmof-08b5558,332.8,0.82,QMOF reference
qmof-b09e1e0,,FAILED,QMOF reference
qmof-0ca5226,332.8,0.77,QMOF reference
qmof-646d39f,288.1,0.97,QMOF reference
qmof-a97dbc4,,FAILED,QMOF reference
qmof-9cd9fbd,280.3,0.92,QMOF reference
qmof-0f89a96,322.2,0.79,QMOF reference
qmof-a3c0179,339.0,0.94,QMOF reference
qmof-4df225e,356.9,0.23,QMOF reference
qmof-0488f20,296.8,0.22,QMOF reference
qmof-dc77ffa,372.1,0.95,QMOF reference
qmof-b607432,346.5,0.65,QMOF reference
qmof-e467583,296.2,0.18,QMOF reference
qmof-7b915ca,350.2,0.87,QMOF reference
qmof-48b4ad4,443.1,0.88,QMOF reference
qmof-51eaa24,354.8,0.57,QMOF reference
qmof-d197604,257.7,0.12,QMOF reference
qmof-fb49a32,380.2,0.53,QMOF reference
qmof-3e52596,360.5,0.94,QMOF reference
qmof-edd221d,297.8,0.88,QMOF reference
qmof-0543584,330.4,0.54,QMOF reference
qmof-483810b,254.7,0.88,QMOF reference
qmof-c8d8074,233.4,0.91,QMOF reference
qmof-6c8f362,328.3,0.35,QMOF reference
qmof-13595d5,324.7,0.2,QMOF reference
qmof-2fa0c87,351.6,0.32,QMOF reference
qmof-46a6a93,344.8,0.74,QMOF reference
qmof-370639b,276.9,0.08,QMOF reference
qmof-a81b7c9,278.7,0.84,QMOF reference
qmof-66f177a,373.0,0.91,QMOF reference
qmof-d8f57b6,331.5,0.81,QMOF reference
qmof-2b207a3,237.5,0.3,QMOF reference
qmof-f174ce4,364.8,0.87,QMOF reference
qmof-09a4b27,,FAILED,QMOF reference
qmof-3d87106,190.1,0.92,QMOF reference
qmof-7770304,344.3,0.87,QMOF reference
qmof-72acbf0,295.7,0.75,QMOF reference
qmof-b27390f,292.0,0.88,QMOF reference
qmof-7597961,237.8,0.92,QMOF reference
qmof-c9a1282,386.4,0.76,QMOF reference
qmof-81cfe25,335.8,0.11,QMOF reference
qmof-b5ec64a,,FAILED,QMOF reference
qmof-5bcb068,356.2,0.78,QMOF reference
qmof-2383028,,FAILED,QMOF reference
qmof-c755896,357.3,0.24,QMOF reference
qmof-7d8ce0e,,FAILED,QMOF reference
qmof-313a3a9,115.1,0.86,QMOF reference
qmof-07498ac,292.4,0.87,QMOF reference
qmof-7aeed39,326.1,0.26,QMOF reference
qmof-62cf3da,311.7,0.5,QMOF reference
qmof-cd6b0e0,363.8,0.51,QMOF reference
qmof-4c7dfe2,350.5,0.93,QMOF reference
qmof-0b496b6,319.8,0.58,QMOF reference
qmof-6d89826,331.5,0.29,QMOF reference
qmof-8994818,412.6,0.48,QMOF reference
qmof-ea880db,396.9,0.89,QMOF reference
qmof-5e9a520,,FAILED,QMOF reference
qmof-5e0ed29,,FAILED,QMOF reference
qmof-12d0800,395.6,0.78,QMOF reference
qmof-d8acd47,226.8,0.22,QMOF reference
qmof-606fada,,FAILED,QMOF reference
qmof-c11d02f,311.4,0.78,QMOF reference
qmof-a9be0f4,,FAILED,QMOF reference
qmof-1d483e8,,FAILED,QMOF reference
qmof-268d1d4,447.6,0.92,QMOF reference
qmof-b858d4e,381.1,0.76,QMOF reference
qmof-0625810,325.0,0.79,QMOF reference
qmof-131f36e,364.6,0.76,QMOF reference
qmof-0e9a127,296.4,0.55,QMOF reference
qmof-b243d26,347.7,0.96,QMOF reference
qmof-7b65be8,327.9,0.62,QMOF reference
qmof-de2dc2d,309.8,0.67,QMOF reference
qmof-c4e0f79,347.5,0.58,QMOF reference
qmof-0e43c3e,369.4,0.85,QMOF reference
qmof-19a8d62,,FAILED,QMOF reference
qmof-1ebe09b,369.6,0.31,QMOF reference
qmof-b5c2834,340.4,0.85,QMOF reference
qmof-66cc35f,374.6,0.96,QMOF reference
qmof-c7c3bac,375.9,0.93,QMOF reference
qmof-d7ece7a,286.2,0.79,QMOF reference
qmof-6346309,291.9,0.49,QMOF reference
qmof-0f25712,331.0,0.76,QMOF reference
qmof-d0a2c75,304.5,0.73,QMOF reference
qmof-60da571,328.8,0.87,QMOF reference
qmof-5350baf,301.4,0.9,QMOF reference
qmof-f5a6492,350.3,0.82,QMOF reference
qmof-c5fae90,,FAILED,QMOF reference
qmof-1035838,361.1,0.84,QMOF reference
qmof-9d5b9ef,258.3,0.34,QMOF reference
qmof-c946ba5,326.7,0.78,QMOF reference
qmof-bd0f18d,302.8,0.33,QMOF reference
qmof-531f3cc,269.0,0.6,QMOF reference
qmof-818031e,,FAILED,QMOF reference
qmof-3a7368c,332.8,0.79,QMOF reference
qmof-14fcdee,374.5,0.79,QMOF reference
qmof-ab2218a,314.1,0.24,QMOF reference
qmof-7d59b75,,FAILED,QMOF reference
qmof-581f867,305.6,0.68,QMOF reference
qmof-3f041c4,282.9,0.26,QMOF reference
qmof-cf5a8b5,419.0,0.56,QMOF reference
qmof-ff7ddd3,208.2,0.47,QMOF reference
qmof-075d3eb,393.0,0.84,QMOF reference
qmof-7901ba3,351.8,0.08,QMOF reference
qmof-e3a2152,322.4,0.17,QMOF reference
qmof-157e47f,371.4,0.45,QMOF reference
qmof-7ef0e18,153.9,0.86,QMOF reference
qmof-ebbe2a3,281.7,0.24,QMOF reference
qmof-25a8aa5,463.7,0.12,QMOF reference
qmof-e25f3a3,,FAILED,QMOF reference
qmof-d007551,391.0,0.85,QMOF reference
qmof-0a8808d,321.4,0.71,QMOF reference
qmof-d079e7b,252.5,0.77,QMOF reference
qmof-aceaa1d,355.7,0.77,QMOF reference
qmof-73a2a48,324.9,0.31,QMOF reference
qmof-a132e45,308.8,0.4,QMOF reference
qmof-deee83f,389.1,0.77,QMOF reference
qmof-625c1df,406.1,0.79,QMOF reference
qmof-8451c71,285.6,0.3,QMOF reference
qmof-5bcf1a0,322.5,0.15,QMOF reference
qmof-6e337c3,,FAILED,QMOF reference
qmof-4a4b090,355.9,0.52,QMOF reference
qmof-a56cd2c,,FAILED,QMOF reference
qmof-164026e,389.4,0.33,QMOF reference
qmof-7ef4bb3,290.7,0.22,QMOF reference
qmof-e08c39f,314.2,0.93,QMOF reference
qmof-09ad581,282.4,0.91,QMOF reference
qmof-efcd351,338.7,0.63,QMOF reference
qmof-61fe6ed,373.3,0.86,QMOF reference
qmof-981df2d,312.9,0.21,QMOF reference
qmof-e821b66,,FAILED,QMOF reference
qmof-bc0f149,392.3,0.86,QMOF reference
qmof-05e1da7,424.2,0.82,QMOF reference
qmof-24c9b47,397.5,0.7,QMOF reference
qmof-f528aef,343.0,0.78,QMOF reference
qmof-02d74bc,344.7,0.22,QMOF reference
qmof-163215a,313.8,0.34,QMOF reference
qmof-4fd1b6f,377.9,0.67,QMOF reference
qmof-c7bed75,,FAILED,QMOF reference
qmof-c215e9b,299.1,0.37,QMOF reference
qmof-fe8fa3d,346.7,0.77,QMOF reference
qmof-c736fe1,277.1,0.5,QMOF reference
qmof-5c7b718,286.7,0.89,QMOF reference
qmof-493416b,344.7,0.71,QMOF reference
qmof-993b30b,351.0,0.84,QMOF reference
qmof-47607dd,,FAILED,QMOF reference
qmof-cde196e,317.0,0.82,QMOF reference
qmof-16a358a,380.0,0.23,QMOF reference
qmof-2f10c76,,FAILED,QMOF reference
qmof-6328652,288.3,0.82,QMOF reference
qmof-313ba41,394.3,0.84,QMOF reference
qmof-4156823,307.0,0.72,QMOF reference
qmof-83e8959,345.3,0.96,QMOF reference
qmof-bb66e0f,276.0,0.48,QMOF reference
qmof-5011269,,FAILED,QMOF reference
qmof-6a10907,338.6,0.82,QMOF reference
qmof-df62e59,,FAILED,QMOF reference
qmof-c8fcd0a,406.4,0.93,QMOF reference
qmof-902d62b,321.6,0.77,QMOF reference
qmof-d6e7e79,375.5,0.54,QMOF reference
qmof-df70e6a,325.6,0.53,QMOF reference
qmof-206e25b,297.0,0.86,QMOF reference
qmof-9fa77bd,358.5,0.81,QMOF reference
qmof-94de1ca,306.1,0.75,QMOF reference
qmof-95efdd8,383.1,0.6,QMOF reference
qmof-f247770,328.1,0.77,QMOF reference
qmof-7337787,371.6,0.78,QMOF reference
qmof-6226ce6,292.0,0.83,QMOF reference
qmof-be1b43d,289.0,0.17,QMOF reference
qmof-f61c02a,332.0,0.67,QMOF reference
qmof-4e0e15f,,FAILED,QMOF reference
qmof-add8947,259.0,0.35,QMOF reference
qmof-582b871,227.7,0.71,QMOF reference
qmof-149c367,328.0,0.94,QMOF reference
qmof-378e70d,336.5,0.29,QMOF reference
qmof-52b9076,358.1,0.56,QMOF reference
qmof-078bfb2,405.3,0.43,QMOF reference
qmof-85bf949,218.7,0.9,QMOF reference
qmof-6cef4d2,366.1,0.29,QMOF reference
qmof-469b6f3,370.8,0.58,QMOF reference
qmof-7a117a2,262.2,0.82,QMOF reference
qmof-03e3842,344.8,0.8,QMOF reference
qmof-1f21a3f,393.7,0.84,QMOF reference
qmof-2edb599,381.2,0.86,QMOF reference
qmof-c3ed545,273.0,0.93,QMOF reference
qmof-acf445e,317.9,0.29,QMOF reference
qmof-523a324,314.1,0.93,QMOF reference
qmof-edcf7ff,280.4,0.88,QMOF reference
qmof-3095be4,319.8,0.57,QMOF reference
qmof-1b50519,363.4,0.69,QMOF reference
qmof-f9c5c28,285.0,0.69,QMOF reference
qmof-4667835,353.0,0.77,QMOF reference
qmof-809c853,405.5,0.94,QMOF reference
qmof-d071ed8,377.7,0.88,QMOF reference
qmof-215f36e,367.6,0.52,QMOF reference
qmof-15dc2c1,280.8,0.73,QMOF reference
qmof-9798592,359.7,0.81,QMOF reference
qmof-dcfa5de,317.8,0.4,QMOF reference
qmof-e024f70,,FAILED,QMOF reference
qmof-85841e2,380.2,0.79,QMOF reference
qmof-e9af69c,248.5,0.6,QMOF reference
qmof-e7c726e,,FAILED,QMOF reference
qmof-2a0aeea,362.2,0.11,QMOF reference
qmof-1470db1,,FAILED,QMOF reference
qmof-c386b14,248.5,0.07,QMOF reference
qmof-363ec40,342.5,0.93,QMOF reference
qmof-44c814a,304.6,0.75,QMOF reference
qmof-a8ed505,,FAILED,QMOF reference
qmof-b7c1266,,FAILED,QMOF reference
qmof-cc33e17,,FAILED,QMOF reference
qmof-c9351f5,390.7,0.75,QMOF reference
qmof-9a1ecbc,380.3,0.44,QMOF reference
qmof-14fb11d,292.0,0.57,QMOF reference
qmof-151448f,324.4,0.77,QMOF reference
qmof-68c64b9,362.1,0.59,QMOF reference
qmof-9af5a43,329.9,0.91,QMOF reference
qmof-7473900,249.8,0.34,QMOF reference
qmof-1bae494,,FAILED,QMOF reference
qmof-2b54192,351.6,0.59,QMOF reference
qmof-0fd78a4,,FAILED,QMOF reference
qmof-b9c5c8c,357.0,0.76,QMOF reference
qmof-053afd6,264.0,0.14,QMOF reference
qmof-0159028,372.7,0.6,QMOF reference
qmof-1656ec0,281.6,0.59,QMOF reference
qmof-a4003e1,319.2,0.62,QMOF reference
qmof-59df15e,383.4,0.91,QMOF reference
qmof-996eba1,307.4,0.58,QMOF reference
qmof-2520893,376.8,0.9,QMOF reference
qmof-118c062,384.7,0.81,QMOF reference
qmof-7fc8f2f,411.2,0.43,QMOF reference
qmof-1acd4a1,280.7,0.77,QMOF reference
qmof-c24d289,367.6,0.36,QMOF reference
qmof-042db04,346.3,0.94,QMOF reference
qmof-f0d2335,283.5,0.22,QMOF reference
qmof-3fccae8,272.7,0.39,QMOF reference
qmof-8470cd1,349.8,0.78,QMOF reference
qmof-276fc31,316.3,0.24,QMOF reference
qmof-f8b8d72,346.6,0.89,QMOF reference
qmof-8ec9f3b,383.5,0.82,QMOF reference
qmof-1dda4b8,,FAILED,QMOF reference
qmof-e6829af,395.1,0.75,QMOF reference
qmof-b3a116c,303.8,0.46,QMOF reference
qmof-f351ef7,312.1,0.93,QMOF reference
qmof-3181e8c,,FAILED,QMOF reference
qmof-a5724e4,330.6,0.71,QMOF reference
qmof-c9ee732,244.7,0.87,QMOF reference
qmof-8c6a88a,316.3,0.06,QMOF reference
qmof-43048f4,304.1,0.83,QMOF reference
qmof-7c9951b,346.0,0.56,QMOF reference
qmof-60b8e98,349.3,0.81,QMOF reference
qmof-126e41c,335.4,0.84,QMOF reference
qmof-3a4eae0,,FAILED,QMOF reference
qmof-87f002a,,FAILED,QMOF reference
qmof-237cfe7,428.6,0.92,QMOF reference
qmof-f14214b,432.3,0.93,QMOF reference
qmof-d31d63d,272.5,0.94,QMOF reference
qmof-f4f5664,,FAILED,QMOF reference
qmof-044ea75,379.0,0.84,QMOF reference
qmof-4379992,,FAILED,QMOF reference
qmof-6614087,380.4,0.56,QMOF reference
qmof-457ecf0,323.9,0.9,QMOF reference
qmof-248f738,283.4,0.69,QMOF reference
qmof-c246a61,328.3,0.44,QMOF reference
qmof-9d7aabd,244.4,0.38,QMOF reference
qmof-814bcff,364.7,0.13,QMOF reference
qmof-ff54923,250.4,0.6,QMOF reference
qmof-aeb27bc,355.1,0.09,QMOF reference
qmof-2034ad8,353.0,0.14,QMOF reference
qmof-40c1cc0,421.1,0.91,QMOF reference
qmof-bb9be5b,,FAILED,QMOF reference
qmof-a7901c6,,FAILED,QMOF reference
qmof-e0a081e,276.1,0.59,QMOF reference
qmof-8be3f19,398.0,0.63,QMOF reference
qmof-e78c690,313.7,0.6,QMOF reference
qmof-f484ec8,296.6,0.51,QMOF reference
qmof-986f968,301.5,0.87,QMOF reference
qmof-b999777,263.4,0.18,QMOF reference
qmof-906d76c,390.7,0.68,QMOF reference
qmof-f21d595,401.2,0.29,QMOF reference
qmof-8696daa,343.6,0.82,QMOF reference
qmof-e428070,272.4,0.11,QMOF reference
qmof-23c3b45,387.7,0.21,QMOF reference
qmof-81c0af0,277.1,0.49,QMOF reference
qmof-0fde3f5,404.7,0.89,QMOF reference
qmof-9581ef1,296.6,0.19,QMOF reference
qmof-0dbbd86,,FAILED,QMOF reference
qmof-264023f,296.0,0.38,QMOF reference
qmof-741b28f,388.1,0.51,QMOF reference
qmof-c7da013,342.4,0.64,QMOF reference
qmof-bc64fc7,361.9,0.74,QMOF reference
qmof-5d34c5a,453.5,0.82,QMOF reference
qmof-befacb1,344.7,0.92,QMOF reference
qmof-6771069,357.1,0.91,QMOF reference
qmof-c4088f1,296.4,0.8,QMOF reference
qmof-cfb9f4b,459.4,0.87,QMOF reference
qmof-622dc6a,355.3,0.67,QMOF reference
qmof-78518e6,408.2,0.85,QMOF reference
qmof-e372899,315.6,0.9,QMOF reference
qmof-9fa4d8b,268.8,0.71,QMOF reference
qmof-3e6f207,424.6,0.95,QMOF reference
qmof-558fe26,328.2,0.23,QMOF reference
qmof-20b3e24,355.9,0.77,QMOF reference
qmof-ec24300,322.0,0.25,QMOF reference
qmof-1ac9244,312.3,0.29,QMOF reference
qmof-11627b4,351.7,0.78,QMOF reference
qmof-ec16514,,FAILED,QMOF reference
qmof-ae5c729,151.4,0.84,QMOF reference
qmof-84bfd82,286.2,0.51,QMOF reference
qmof-b8576dc,316.9,0.9,QMOF reference
qmof-e0800cd,293.5,0.06,QMOF reference
qmof-a377fcc,384.7,0.7,QMOF reference
qmof-63be4cf,284.6,0.45,QMOF reference
qmof-8bcdd4b,327.1,0.76,QMOF reference
qmof-e12c654,295.0,0.26,QMOF reference
qmof-27e7e43,375.1,0.91,QMOF reference
qmof-fcf8f5a,,FAILED,QMOF reference
qmof-544348b,244.7,0.88,QMOF reference
qmof-5c15ba0,337.1,0.65,QMOF reference
qmof-bbfcf6b,326.7,0.57,QMOF reference
qmof-f9f0858,442.8,0.95,QMOF reference
qmof-9be628a,297.5,0.28,QMOF reference
qmof-8bc3941,216.9,0.31,QMOF reference
qmof-05ee549,280.7,0.31,QMOF reference
qmof-82a64b1,272.5,0.75,QMOF reference
qmof-8442243,348.7,0.89,QMOF reference
qmof-639084b,264.0,0.57,QMOF reference
qmof-32b39ac,341.3,0.53,QMOF reference
qmof-0e91fcd,257.9,0.9,QMOF reference
qmof-fdb520d,,FAILED,QMOF reference
qmof-a44751f,299.1,0.31,QMOF reference
qmof-4213381,326.0,0.25,QMOF reference
qmof-ddd91fd,300.1,0.58,QMOF reference
qmof-d46f640,383.5,0.24,QMOF reference
qmof-ec7e515,327.4,0.45,QMOF reference
qmof-5433888,299.1,0.72,QMOF reference
qmof-eb58538,403.8,0.33,QMOF reference
qmof-ec51380,400.8,0.18,QMOF reference
qmof-e103ffb,315.7,0.72,QMOF reference
qmof-3445b85,354.0,0.74,QMOF reference
qmof-9314947,331.9,0.87,QMOF reference
qmof-7e5c22f,298.3,0.55,QMOF reference
qmof-e90f532,323.0,0.56,QMOF reference
qmof-4164771,286.9,0.89,QMOF reference
qmof-a93a8a2,263.1,0.8,QMOF reference
qmof-35c6fe6,,FAILED,QMOF reference
qmof-bfa7cd1,290.7,0.83,QMOF reference
qmof-2eac1e9,179.5,0.83,QMOF reference
qmof-c4620a9,345.9,0.9,QMOF reference
qmof-64401e3,450.1,0.87,QMOF reference
qmof-321595e,,FAILED,QMOF reference
qmof-277fc99,402.3,0.75,QMOF reference
qmof-a74572e,421.6,0.17,QMOF reference
qmof-4484e42,314.7,0.9,QMOF reference
qmof-cd1b08b,321.3,0.18,QMOF reference
qmof-850847e,358.2,0.88,QMOF reference
qmof-a5f7f52,353.9,0.9,QMOF reference
qmof-07562e7,372.1,0.96,QMOF reference
qmof-5b5d1a2,269.6,0.25,QMOF reference
qmof-69df9e5,,FAILED,QMOF reference
qmof-6b0c002,,FAILED,QMOF reference
qmof-8781484,333.7,0.82,QMOF reference
qmof-4d4b101,360.1,0.8,QMOF reference
qmof-77c64e0,,FAILED,QMOF reference
qmof-9dd2a8a,293.3,0.81,QMOF reference
qmof-67b0e05,382.9,0.64,QMOF reference
qmof-24cd0f8,365.8,0.8,QMOF reference
qmof-291d96d,298.5,0.69,QMOF reference
qmof-19b5170,427.1,0.95,QMOF reference
qmof-c00ae29,303.5,0.76,QMOF reference
qmof-7321cb2,358.5,0.52,QMOF reference
qmof-eefaad8,279.3,0.53,QMOF reference
qmof-0d73d70,419.8,0.64,QMOF reference
qmof-5f7c6d5,358.5,0.27,QMOF reference
qmof-f63bc3c,319.6,0.91,QMOF reference
qmof-3ffe183,263.7,0.46,QMOF reference
qmof-c5f3d0d,346.8,0.96,QMOF reference
qmof-8482176,222.4,0.36,QMOF reference
qmof-f1ca35f,408.6,0.21,QMOF reference
qmof-0eb9cc3,314.8,0.37,QMOF reference
qmof-48a177e,277.8,0.68,QMOF reference
qmof-1b305ca,365.9,0.93,QMOF reference
qmof-be050d1,394.4,0.34,QMOF reference
qmof-2a537d2,337.9,0.86,QMOF reference
qmof-a8de798,307.2,0.84,QMOF reference
qmof-ab61efa,357.5,0.82,QMOF reference
qmof-a775660,391.2,0.72,QMOF reference
qmof-9fb39d7,314.7,0.95,QMOF reference
qmof-680cf33,,FAILED,QMOF reference
qmof-84b496e,284.4,0.84,QMOF reference
qmof-c5e28ee,266.7,0.5,QMOF reference
qmof-b3f9c40,367.9,0.88,QMOF reference
qmof-7e56bcd,334.3,0.68,QMOF reference
qmof-117d0ee,280.0,0.29,QMOF reference
qmof-78c9de3,205.2,0.82,QMOF reference
qmof-99cef49,342.9,0.83,QMOF reference
qmof-8b975ac,373.9,0.62,QMOF reference
qmof-e59791b,373.9,0.62,QMOF reference
qmof-fa61018,331.3,0.34,QMOF reference
qmof-636fe16,310.6,0.13,QMOF reference
qmof-722de6a,,FAILED,QMOF reference
qmof-24a3cea,494.0,0.83,QMOF reference
qmof-cb91326,316.1,0.95,QMOF reference
qmof-1ed1341,431.1,0.46,QMOF reference
qmof-1c8cb7c,284.2,0.66,QMOF reference
qmof-2a38bcc,328.2,0.5,QMOF reference
qmof-9791d0d,,FAILED,QMOF reference
qmof-aff929b,282.6,0.32,QMOF reference
qmof-f19982c,283.4,0.49,QMOF reference
qmof-165fbc5,390.8,0.36,QMOF reference
qmof-8276221,248.7,0.18,QMOF reference
qmof-418ae62,303.7,0.37,QMOF reference
qmof-91c48af,364.0,0.71,QMOF reference
qmof-b155426,271.9,0.9,QMOF reference
qmof-9090b93,278.4,0.53,QMOF reference
qmof-0baeff6,323.0,0.47,QMOF reference
qmof-808d81c,206.6,0.89,QMOF reference
qmof-8aa3a8e,289.4,0.22,QMOF reference
qmof-23d6bfc,425.3,0.09,QMOF reference
qmof-c237471,320.8,0.58,QMOF reference
qmof-ba852ff,377.4,0.92,QMOF reference
qmof-2c0cdf7,304.3,0.85,QMOF reference
qmof-023c9e6,314.2,0.5,QMOF reference
qmof-bf40b4e,257.7,0.83,QMOF reference
qmof-e4993a6,293.8,0.89,QMOF reference
qmof-aebe28e,198.6,0.7,QMOF reference
qmof-148947f,253.5,0.88,QMOF reference
qmof-f83c6ad,336.0,0.31,QMOF reference
qmof-eaef6dd,193.3,0.69,QMOF reference
qmof-57e6787,350.0,0.6,QMOF reference
qmof-8792b44,296.2,0.38,QMOF reference
qmof-6ad2d37,365.0,0.88,QMOF reference
qmof-f38a124,,FAILED,QMOF reference
qmof-016d080,297.2,0.78,QMOF reference
qmof-d3080f6,411.3,0.37,QMOF reference
qmof-d4fdde7,350.6,0.88,QMOF reference
qmof-9fd50d5,404.4,0.96,QMOF reference
qmof-0aad8d2,298.7,0.14,QMOF reference
qmof-f4bb5b3,307.5,0.13,QMOF reference
qmof-73112fe,,FAILED,QMOF reference
qmof-7e9d037,328.0,0.77,QMOF reference
qmof-d23c199,,FAILED,QMOF reference
qmof-206f428,398.6,0.78,QMOF reference
qmof-5aa115e,348.7,0.15,QMOF reference
qmof-38415c5,,FAILED,QMOF reference
qmof-f51bd53,349.9,0.44,QMOF reference
qmof-4697823,301.0,0.29,QMOF reference
qmof-fa3dfd9,441.1,0.85,QMOF reference
qmof-26b1eed,315.4,0.95,QMOF reference
qmof-ed5f29b,,FAILED,QMOF reference
qmof-59fd38f,313.5,0.46,QMOF reference
qmof-0e90765,314.8,0.92,QMOF reference
qmof-9ef10eb,297.0,0.73,QMOF reference
qmof-31d6986,313.3,0.88,QMOF reference
qmof-0457eae,375.3,0.82,QMOF reference
qmof-23d6b4a,346.1,0.4,QMOF reference
qmof-163ccaa,326.7,0.6,QMOF reference
qmof-7e75e9d,384.4,0.88,QMOF reference
qmof-7e6b6cb,,FAILED,QMOF reference
qmof-adff872,281.9,0.27,QMOF reference
qmof-5ee1a56,300.9,0.38,QMOF reference
qmof-cc65277,362.5,0.7,QMOF reference
qmof-6890c21,345.7,0.55,QMOF reference
qmof-3c043b0,333.3,0.34,QMOF reference
qmof-3b48e5d,345.8,0.76,QMOF reference
qmof-86929da,429.7,0.34,QMOF reference
qmof-045344d,283.2,0.66,QMOF reference
qmof-d95feec,300.0,0.89,QMOF reference
qmof-75577f5,279.1,0.51,QMOF reference
qmof-126585f,,FAILED,QMOF reference
qmof-525bc94,317.5,0.17,QMOF reference
qmof-c27a91a,307.4,0.83,QMOF reference
qmof-5075011,338.3,0.75,QMOF reference
qmof-85fbc0d,272.9,0.53,QMOF reference
qmof-0571636,364.2,0.38,QMOF reference
qmof-3a15a51,291.4,0.67,QMOF reference
qmof-63f40f9,256.9,0.29,QMOF reference
qmof-99811c4,446.3,0.72,QMOF reference
qmof-43d60ca,318.7,0.75,QMOF reference
qmof-f405a54,292.3,0.48,QMOF reference
qmof-5ce36bf,,FAILED,QMOF reference
qmof-852039c,352.4,0.34,QMOF reference
qmof-9852a98,,FAILED,QMOF reference
qmof-19cc4c8,273.3,0.52,QMOF reference
qmof-f2d872e,229.5,0.79,QMOF reference
qmof-326f778,259.7,0.26,QMOF reference
qmof-a2987bf,55.7,0.89,QMOF reference
qmof-705b6ab,436.1,0.03,QMOF reference
qmof-1817e88,391.6,0.39,QMOF reference
qmof-46e0444,322.6,0.43,QMOF reference
qmof-2b2e2fd,393.0,0.84,QMOF reference
qmof-bcd74e7,440.3,0.9,QMOF reference
qmof-71e491b,331.0,0.92,QMOF reference
qmof-acaab75,273.5,0.21,QMOF reference
qmof-32cde2f,239.6,0.61,QMOF reference
qmof-9702053,361.5,0.04,QMOF reference
qmof-7d1abbc,210.3,0.3,QMOF reference
qmof-e07505a,346.5,0.93,QMOF reference
qmof-b06e757,410.7,0.8,QMOF reference
qmof-149aeaf,,FAILED,QMOF reference
qmof-b779d72,299.2,0.86,QMOF reference
qmof-e36da1e,302.8,0.67,QMOF reference
qmof-b115514,325.3,0.83,QMOF reference
qmof-c975bbc,341.6,0.81,QMOF reference
qmof-d108947,,FAILED,QMOF reference
qmof-edec6e9,291.9,0.36,QMOF reference
qmof-fc0e787,457.6,0.91,QMOF reference
qmof-eccb8aa,401.1,0.88,QMOF reference
qmof-b8b8984,,FAILED,QMOF reference
qmof-121154f,344.7,0.93,QMOF reference
qmof-f47c6af,312.4,0.69,QMOF reference
qmof-75a8e8d,346.8,0.43,QMOF reference
qmof-19caac2,302.1,0.85,QMOF reference
qmof-4f35422,,FAILED,QMOF reference
qmof-26420fb,426.4,0.72,QMOF reference
qmof-9ef088f,,FAILED,QMOF reference
qmof-cfe42f1,388.2,0.87,QMOF reference
qmof-9b8ff46,297.3,0.69,QMOF reference
qmof-68fafb3,,FAILED,QMOF reference
qmof-a1de534,313.8,0.21,QMOF reference
qmof-b273f7c,,FAILED,QMOF reference
qmof-80959e0,352.6,0.16,QMOF reference
qmof-e0d16c1,318.1,0.19,QMOF reference
qmof-320bc35,325.6,0.58,QMOF reference
qmof-6068fe2,353.4,0.61,QMOF reference
qmof-538e5ff,,FAILED,QMOF reference
qmof-d6239ff,305.7,0.41,QMOF reference
qmof-298eb52,339.6,0.22,QMOF reference
qmof-ad7387b,359.4,0.73,QMOF reference
qmof-2e6cac6,375.2,0.47,QMOF reference
qmof-d76bd38,357.8,0.78,QMOF reference
qmof-c7c1ae9,315.6,0.77,QMOF reference
qmof-579aeee,,FAILED,QMOF reference
qmof-9c07461,314.6,0.42,QMOF reference
qmof-041a99d,439.3,0.64,QMOF reference
qmof-9e88ad4,157.1,0.98,QMOF reference
qmof-7a15af1,310.4,0.81,QMOF reference
qmof-c70fd52,336.7,0.52,QMOF reference
qmof-4687641,367.8,0.54,QMOF reference
qmof-e278422,392.6,0.93,QMOF reference
qmof-f1284a0,326.3,0.77,QMOF reference
qmof-0dde705,279.3,0.47,QMOF reference
qmof-521f649,258.6,0.66,QMOF reference
qmof-63ecc9e,302.6,0.18,QMOF reference
qmof-23a1556,438.2,0.9,QMOF reference
qmof-3d831dd,392.7,0.53,QMOF reference
qmof-4ecfa48,332.3,0.85,QMOF reference
qmof-a9b5598,377.0,0.41,QMOF reference
qmof-53443b2,267.2,0.33,QMOF reference
qmof-f287d1e,325.3,0.91,QMOF reference
qmof-148f760,289.8,0.38,QMOF reference
qmof-56e2ef4,317.1,0.78,QMOF reference
qmof-677882a,339.4,0.63,QMOF reference
qmof-4c046ed,364.4,0.68,QMOF reference
qmof-b6c95ec,341.7,0.27,QMOF reference
qmof-cb9b730,348.9,0.83,QMOF reference
qmof-4383a46,,FAILED,QMOF reference
qmof-340b60d,368.9,0.56,QMOF reference
qmof-b9193c4,348.5,0.23,QMOF reference
qmof-ed3b382,334.8,0.11,QMOF reference
qmof-4716b44,,FAILED,QMOF reference
qmof-954922b,327.2,0.69,QMOF reference
qmof-1b498b6,338.2,0.91,QMOF reference
qmof-ad02239,306.1,0.56,QMOF reference
qmof-5a932f7,306.2,0.83,QMOF reference
qmof-546b738,386.1,0.45,QMOF reference
qmof-63c7101,,FAILED,QMOF reference
qmof-b1d7587,264.1,0.95,QMOF reference
qmof-5e17bde,360.8,0.9,QMOF reference
qmof-7375a78,262.2,0.67,QMOF reference
qmof-a63c711,343.6,0.59,QMOF reference
qmof-671d1a2,394.3,0.76,QMOF reference
qmof-06aee44,,FAILED,QMOF reference
qmof-16df4e4,401.4,0.62,QMOF reference
qmof-4324443,361.0,0.76,QMOF reference
qmof-57e97e1,320.8,0.38,QMOF reference
qmof-4d61b4b,287.8,0.31,QMOF reference
qmof-0ea4b27,338.0,0.48,QMOF reference
qmof-3d6d180,309.4,0.45,QMOF reference
qmof-9fb6152,289.6,0.61,QMOF reference
qmof-64088a1,338.6,0.38,QMOF reference
qmof-d9b204d,317.4,0.87,QMOF reference
qmof-3754b4e,,FAILED,QMOF reference
qmof-637d863,252.3,0.9,QMOF reference
qmof-3a344c4,248.3,0.27,QMOF reference
qmof-0936459,319.3,0.52,QMOF reference
qmof-e9437e6,464.7,0.41,QMOF reference
qmof-0ef4ccf,,FAILED,QMOF reference
qmof-63c56ae,332.7,0.71,QMOF reference
qmof-d7d047e,387.7,0.89,QMOF reference
qmof-ac3c21a,364.0,0.27,QMOF reference
qmof-8990774,254.8,0.87,QMOF reference
qmof-836d0fb,413.8,0.79,QMOF reference
qmof-5d122a4,309.3,0.45,QMOF reference
qmof-4db0d17,265.9,0.1,QMOF reference
qmof-6ee279e,394.5,0.29,QMOF reference
qmof-11fc392,292.7,0.88,QMOF reference
qmof-e2b2f6a,380.0,0.91,QMOF reference
qmof-19f76d2,324.5,0.74,QMOF reference
qmof-be001bf,255.8,0.6,QMOF reference
qmof-40bd696,294.8,0.47,QMOF reference
qmof-ce90295,306.7,0.21,QMOF reference
qmof-3d077ff,349.2,0.15,QMOF reference
qmof-1507a40,,FAILED,QMOF reference
qmof-fb82295,271.6,0.95,QMOF reference
qmof-a410c93,271.7,0.91,QMOF reference
qmof-6d69c36,362.0,0.78,QMOF reference
qmof-c3e7be8,286.2,0.86,QMOF reference
qmof-7d31912,,FAILED,QMOF reference
qmof-fd44160,326.9,0.7,QMOF reference
qmof-694ec8a,,FAILED,QMOF reference
qmof-d01976c,343.8,0.5,QMOF reference
qmof-8a18c1a,403.8,0.73,QMOF reference
qmof-3038374,,FAILED,QMOF reference
qmof-6111c69,288.0,0.78,QMOF reference
qmof-23eba6f,326.9,0.94,QMOF reference
qmof-5ec3d0d,245.7,0.89,QMOF reference
qmof-39e2c38,319.8,0.92,QMOF reference
qmof-3d42878,351.2,0.38,QMOF reference
qmof-4e4871b,304.7,0.94,QMOF reference
qmof-e6cf94f,284.5,0.62,QMOF reference
qmof-201ddfa,,FAILED,QMOF reference
qmof-21b3989,289.2,0.27,QMOF reference
qmof-36637a2,419.8,0.76,QMOF reference
qmof-50671ea,371.4,0.29,QMOF reference
qmof-9e5c1e4,318.1,0.58,QMOF reference
qmof-6e1b2a5,552.4,0.9,QMOF reference
qmof-f53ca26,,FAILED,QMOF reference
qmof-12e5fd9,265.3,0.86,QMOF reference
qmof-f9f153c,359.9,0.73,QMOF reference
qmof-bc63522,366.3,0.71,QMOF reference
qmof-7809ccb,395.2,0.15,QMOF reference
qmof-3a27c11,316.7,0.92,QMOF reference
qmof-46c15b7,371.4,0.25,QMOF reference
qmof-8034830,336.6,0.58,QMOF reference
qmof-9f8865f,263.7,0.15,QMOF reference
qmof-e560b2b,307.5,0.15,QMOF reference
qmof-43ba689,235.7,0.98,QMOF reference
qmof-3cc0d7f,290.6,0.54,QMOF reference
qmof-494e653,,FAILED,QMOF reference
qmof-16502f8,305.4,0.44,QMOF reference
qmof-3074f36,311.7,0.65,QMOF reference
qmof-dae0988,394.8,0.67,QMOF reference
qmof-2d4f3d7,271.8,0.31,QMOF reference
qmof-da23b47,227.0,0.1,QMOF reference
qmof-78cf9c6,355.9,0.27,QMOF reference
qmof-74f0957,,FAILED,QMOF reference
qmof-9e14afc,386.7,0.73,QMOF reference
qmof-c0bc30d,326.7,0.75,QMOF reference
qmof-3b967da,333.6,0.73,QMOF reference
qmof-1597cd2,140.4,0.36,QMOF reference
qmof-9931f8f,316.7,0.74,QMOF reference
qmof-450de13,397.2,0.7,QMOF reference
qmof-545e186,316.5,0.64,QMOF reference
qmof-5961f99,332.7,0.79,QMOF reference
qmof-5fa46bb,,FAILED,QMOF reference
qmof-dd2c786,422.3,0.89,QMOF reference
qmof-dc83d41,374.8,0.93,QMOF reference
qmof-166fde6,341.8,0.1,QMOF reference
qmof-829dfe7,386.5,0.45,QMOF reference
qmof-ad16282,316.0,0.77,QMOF reference
qmof-918b373,,FAILED,QMOF reference
qmof-68534d9,337.6,0.55,QMOF reference
qmof-1938adc,356.5,0.95,QMOF reference
qmof-5572326,246.5,0.93,QMOF reference
qmof-4ae51cc,342.9,0.8,QMOF reference
qmof-ecb95db,222.4,0.85,QMOF reference
qmof-a9862f3,294.3,0.92,QMOF reference
qmof-f063351,360.8,0.88,QMOF reference
qmof-8a18b5d,362.3,0.48,QMOF reference
qmof-809fc5e,341.5,0.81,QMOF reference
qmof-6dfba5b,,FAILED,QMOF reference
qmof-9f9b665,,FAILED,QMOF reference
qmof-3133aaf,378.4,0.74,QMOF reference
qmof-0954b37,387.1,0.65,QMOF reference
qmof-2c242e5,,FAILED,QMOF reference
qmof-3f33bff,,FAILED,QMOF reference
qmof-fac7320,256.5,0.34,QMOF reference
qmof-71d2ae5,293.4,0.91,QMOF reference
qmof-0c8f66a,464.6,0.91,QMOF reference
qmof-9fc2616,314.7,0.9,QMOF reference
qmof-d1d4e1b,309.7,0.77,QMOF reference
qmof-d09389e,411.8,0.38,QMOF reference
qmof-711b7d9,,FAILED,QMOF reference
qmof-c51a724,306.3,0.58,QMOF reference
qmof-3c4efcd,246.0,0.15,QMOF reference
qmof-9352463,360.1,0.29,QMOF reference
qmof-5674ed3,274.0,0.74,QMOF reference
qmof-e1c5e01,355.7,0.96,QMOF reference
qmof-9dedff2,409.6,0.93,QMOF reference
qmof-60450dd,280.1,0.44,QMOF reference
qmof-d92d16a,,FAILED,QMOF reference
qmof-5d1aafb,357.3,0.6,QMOF reference
qmof-33a3e83,326.4,0.94,QMOF reference
qmof-5217587,273.0,0.23,QMOF reference
qmof-340d0d4,334.3,0.91,QMOF reference
qmof-4bb4e21,350.3,0.62,QMOF reference
qmof-5670f96,338.1,0.24,QMOF reference
qmof-958509e,294.1,0.51,QMOF reference
qmof-9b6e28a,453.5,0.94,QMOF reference
qmof-d2a32bb,245.2,0.29,QMOF reference
qmof-3f76144,302.3,0.83,QMOF reference
qmof-4f5e770,345.9,0.62,QMOF reference
qmof-b24bd16,,FAILED,QMOF reference
qmof-9533602,348.2,0.89,QMOF reference
qmof-9ab47e7,341.5,0.49,QMOF reference
qmof-de1cc3f,366.7,0.29,QMOF reference
qmof-04e078a,302.5,0.9,QMOF reference
qmof-06bc0e5,353.4,0.77,QMOF reference
qmof-8ec91c2,214.1,0.55,QMOF reference
qmof-b053c87,362.5,0.39,QMOF reference
qmof-023607b,449.7,0.85,QMOF reference
qmof-730d513,300.4,0.9,QMOF reference
qmof-1560746,346.2,0.32,QMOF reference
qmof-1ad2593,420.1,0.8,QMOF reference
qmof-d2ed0fc,348.0,0.86,QMOF reference
qmof-c02bcdf,,FAILED,QMOF reference
qmof-a7fbfd6,381.0,0.07,QMOF reference
qmof-d23a4a2,309.6,0.42,QMOF reference
qmof-7873cd2,323.5,0.62,QMOF reference
qmof-402d188,393.6,0.96,QMOF reference
qmof-3759781,,FAILED,QMOF reference
qmof-182e268,,FAILED,QMOF reference
qmof-4abf5ee,301.2,0.56,QMOF reference
qmof-7e45b51,281.5,0.28,QMOF reference
qmof-eb05844,289.3,0.9,QMOF reference
qmof-65b3da9,382.8,0.96,QMOF reference
qmof-0869724,289.0,0.33,QMOF reference
qmof-9d07fdc,267.6,0.8,QMOF reference
qmof-911fbe9,287.3,0.79,QMOF reference
qmof-1e427c5,,FAILED,QMOF reference
qmof-50773c3,,FAILED,QMOF reference
qmof-c61bee5,410.7,0.7,QMOF reference
qmof-e59232d,311.5,0.89,QMOF reference
qmof-61893a6,314.3,0.86,QMOF reference
qmof-5f22410,,FAILED,QMOF reference
qmof-469ff8c,354.5,0.71,QMOF reference
qmof-01601f3,414.0,0.25,QMOF reference
qmof-ddce214,336.9,0.23,QMOF reference
qmof-f1b24ea,340.6,0.74,QMOF reference
qmof-049a1ce,415.7,0.71,QMOF reference
qmof-d03a775,267.8,0.89,QMOF reference
qmof-1a51de6,335.0,0.27,QMOF reference
qmof-7accad1,350.9,0.07,QMOF reference
qmof-571982f,335.8,0.57,QMOF reference
qmof-20ace3d,330.1,0.41,QMOF reference
qmof-6236874,283.7,0.81,QMOF reference
qmof-01be788,,FAILED,QMOF reference
qmof-e436871,298.2,0.68,QMOF reference
qmof-933e26a,353.0,0.84,QMOF reference
qmof-48dc10f,,FAILED,QMOF reference
qmof-7e0fad2,237.6,0.38,QMOF reference
qmof-129e3a9,,FAILED,QMOF reference
qmof-4109c26,409.9,0.9,QMOF reference
qmof-03bf79f,,FAILED,QMOF reference
qmof-c47ef25,372.7,0.42,QMOF reference
qmof-bdb947d,365.2,0.91,QMOF reference
qmof-9460f36,,FAILED,QMOF reference
qmof-fc17802,369.2,0.26,QMOF reference
qmof-3afda5a,,FAILED,QMOF reference
qmof-bab47b5,284.9,0.64,QMOF reference
qmof-eda34e0,458.4,0.75,QMOF reference
qmof-3183880,287.0,0.29,QMOF reference
qmof-9462beb,320.0,0.2,QMOF reference
qmof-931d635,340.0,0.73,QMOF reference
qmof-9146100,,FAILED,QMOF reference
qmof-0b6afbc,177.6,0.61,QMOF reference
qmof-0ac7a64,347.5,0.52,QMOF reference
qmof-5b751c9,311.9,0.92,QMOF reference
qmof-7249034,293.1,0.57,QMOF reference
qmof-8ce7163,290.2,0.5,QMOF reference
qmof-9dd4efa,312.7,0.79,QMOF reference
qmof-5583708,249.0,0.05,QMOF reference
qmof-6b1e6f2,339.7,0.63,QMOF reference
qmof-6031bc0,389.9,0.78,QMOF reference
qmof-768d192,303.4,0.83,QMOF reference
qmof-3a22fad,365.3,0.53,QMOF reference
qmof-306fb3e,322.6,0.29,QMOF reference
qmof-5efd25c,328.0,0.81,QMOF reference
qmof-b88da61,370.6,0.26,QMOF reference
qmof-48b6c68,288.5,0.67,QMOF reference
qmof-52ae4af,,FAILED,QMOF reference
qmof-a3eb64c,261.2,0.94,QMOF reference
qmof-943954f,,FAILED,QMOF reference
qmof-65f7424,409.6,0.61,QMOF reference
qmof-5d92ffc,394.8,0.76,QMOF reference
qmof-90fa460,273.4,0.96,QMOF reference
qmof-0d2f6a6,253.6,0.81,QMOF reference
qmof-dd8ff85,289.7,0.34,QMOF reference
qmof-d552529,299.4,0.38,QMOF reference
qmof-6ce0e9c,331.4,0.35,QMOF reference
qmof-0556b59,355.6,0.95,QMOF reference
qmof-eecf04e,293.0,0.27,QMOF reference
qmof-8aba187,445.2,0.08,QMOF reference
qmof-b9b2e89,343.9,0.52,QMOF reference
qmof-9e11bc9,431.2,0.04,QMOF reference
qmof-18442f6,326.7,0.45,QMOF reference
qmof-781949d,350.3,0.62,QMOF reference
qmof-27a5e08,377.8,0.94,QMOF reference
qmof-caa7611,405.4,0.95,QMOF reference
qmof-bb1d395,392.9,0.9,QMOF reference
qmof-b05561e,274.6,0.47,QMOF reference
qmof-06b3283,366.1,0.6,QMOF reference
qmof-8ee91a2,326.9,0.91,QMOF reference
qmof-03d685b,238.5,0.13,QMOF reference
qmof-58cb01d,,FAILED,QMOF reference
qmof-e63c646,355.3,0.44,QMOF reference
qmof-2c1dcb9,374.6,0.31,QMOF reference
qmof-c8ee7d2,363.7,0.53,QMOF reference
qmof-9d64cd2,307.6,0.91,QMOF reference
qmof-2888e3d,327.4,0.76,QMOF reference
qmof-b430899,350.4,0.43,QMOF reference
qmof-42b6a5d,277.1,0.9,QMOF reference
qmof-124e9b0,377.2,0.55,QMOF reference
qmof-6699c35,297.1,0.9,QMOF reference
qmof-6211a16,427.6,0.55,QMOF reference
qmof-c5d3f8d,,FAILED,QMOF reference
qmof-df2b648,389.5,0.03,QMOF reference
qmof-e5adf3c,398.4,0.07,QMOF reference
qmof-70a1fa1,,FAILED,QMOF reference
qmof-e3b01b7,310.4,0.53,QMOF reference
qmof-724d937,418.5,0.15,QMOF reference
qmof-3c669f0,364.5,0.67,QMOF reference
qmof-555d533,360.3,0.8,QMOF reference
qmof-73e8273,297.7,0.31,QMOF reference
qmof-f5e3e49,308.0,0.52,QMOF reference
qmof-e798728,412.0,0.72,QMOF reference
qmof-d5ebe30,358.0,0.57,QMOF reference
qmof-159127d,323.2,0.39,QMOF reference
qmof-3e64bdb,292.8,0.92,QMOF reference
qmof-aa5ea8d,,FAILED,QMOF reference
qmof-b5c66f3,301.2,0.8,QMOF reference
qmof-ad80379,370.6,0.67,QMOF reference
qmof-36d8b88,357.0,0.76,QMOF reference
qmof-8562d9a,288.7,0.79,QMOF reference
qmof-f818993,394.4,0.9,QMOF reference
qmof-875c095,316.6,0.96,QMOF reference
qmof-1e6e232,227.2,0.9,QMOF reference
qmof-65c237c,,FAILED,QMOF reference
qmof-0aec438,380.4,0.28,QMOF reference
qmof-83c480c,363.2,0.89,QMOF reference
qmof-c95bdf0,465.0,0.84,QMOF reference
qmof-17c16c7,,FAILED,QMOF reference
qmof-9ecbb7a,323.7,0.87,QMOF reference
qmof-e29dfd2,373.0,0.89,QMOF reference
qmof-eef9492,,FAILED,QMOF reference
qmof-df313d5,357.5,0.89,QMOF reference
qmof-2a2a9c6,333.7,0.9,QMOF reference
qmof-ecd30a6,470.0,0.79,QMOF reference
qmof-c895295,286.1,0.64,QMOF reference
qmof-e2524bf,320.6,0.83,QMOF reference
qmof-136dedd,426.3,0.89,QMOF reference
qmof-7d91d26,368.3,0.94,QMOF reference
qmof-f2fe5ba,333.1,0.08,QMOF reference
qmof-ef3c64d,311.6,0.57,QMOF reference
qmof-8e858cd,384.2,0.29,QMOF reference
qmof-f2f2969,348.2,0.81,QMOF reference
qmof-2072bf0,449.6,0.14,QMOF reference
qmof-dba9b91,341.2,0.2,QMOF reference
qmof-44e870d,339.6,0.4,QMOF reference
qmof-a6eba10,314.1,0.68,QMOF reference
qmof-2a3acb5,353.4,0.46,QMOF reference
qmof-6fbe47e,392.0,0.81,QMOF reference
qmof-3fa641b,355.6,0.09,QMOF reference
qmof-d5d281f,341.8,0.16,QMOF reference
qmof-6b33db5,340.2,0.91,QMOF reference
qmof-131b24c,313.2,0.26,QMOF reference
qmof-ca6d033,344.5,0.92,QMOF reference
qmof-85fa9ba,295.9,0.91,QMOF reference
qmof-663dc22,369.2,0.94,QMOF reference
qmof-15fda22,428.4,0.31,QMOF reference
qmof-3253d86,362.3,0.87,QMOF reference
qmof-58ff33e,459.0,0.94,QMOF reference
qmof-15c71e3,313.5,0.87,QMOF reference
qmof-ef59642,345.2,0.21,QMOF reference
qmof-9ae4bed,,FAILED,QMOF reference
qmof-1eea8fc,,FAILED,QMOF reference
qmof-294c6fc,353.1,0.23,QMOF reference
qmof-4402152,341.2,0.6,QMOF reference
qmof-62a9807,361.5,0.22,QMOF reference
qmof-bc8c13d,366.0,0.88,QMOF reference
qmof-c458714,364.9,0.76,QMOF reference
qmof-a3a2ba3,361.0,0.11,QMOF reference
qmof-af9169c,290.7,0.34,QMOF reference
qmof-198e8dc,312.1,0.25,QMOF reference
qmof-e5376d7,419.5,0.1,QMOF reference
qmof-7acdbe3,386.4,0.87,QMOF reference
qmof-ca88fa4,,FAILED,QMOF reference
qmof-b40e587,,FAILED,QMOF reference
qmof-6266526,480.8,0.89,QMOF reference
qmof-21a886a,182.7,0.96,QMOF reference
qmof-080c4cf,284.9,0.19,QMOF reference
qmof-15fd7ce,372.5,0.8,QMOF reference
qmof-9b0ccbd,336.8,0.39,QMOF reference
qmof-4d13769,373.1,0.78,QMOF reference
qmof-ee30d4a,314.5,0.19,QMOF reference
qmof-9eec513,410.6,0.86,QMOF reference
qmof-97a442c,360.8,0.94,QMOF reference
qmof-a8ac295,,FAILED,QMOF reference
qmof-7e43c1c,,FAILED,QMOF reference
qmof-34391f3,318.8,0.72,QMOF reference
qmof-e6c9a83,350.1,0.36,QMOF reference
qmof-48ff45a,231.0,0.59,QMOF reference
qmof-b8be726,282.7,0.83,QMOF reference
qmof-0888573,316.6,0.85,QMOF reference
qmof-0894383,315.9,0.75,QMOF reference
qmof-17704ef,314.9,0.88,QMOF reference
qmof-285770a,342.4,0.24,QMOF reference
qmof-20bee79,281.6,0.75,QMOF reference
qmof-e9fd0e6,256.8,0.55,QMOF reference
qmof-6cf1500,272.6,0.66,QMOF reference
qmof-b2fbb84,282.6,0.85,QMOF reference
qmof-dccc2e2,,FAILED,QMOF reference
qmof-f85eead,,FAILED,QMOF reference
qmof-624efee,323.2,0.86,QMOF reference
qmof-ad0971f,368.6,0.72,QMOF reference
qmof-4ee9dbb,391.4,0.62,QMOF reference
qmof-39f5039,232.3,0.88,QMOF reference
qmof-0e72b85,,FAILED,QMOF reference
qmof-3b72360,378.1,0.74,QMOF reference
qmof-eec0cfe,,FAILED,QMOF reference
qmof-8c2e3e2,408.1,0.46,QMOF reference
qmof-adde133,318.3,0.95,QMOF reference
qmof-55ea716,,FAILED,QMOF reference
qmof-01931e7,347.6,0.22,QMOF reference
qmof-01a1b42,384.7,0.72,QMOF reference
qmof-f8dd514,352.9,0.96,QMOF reference
qmof-0b12ae3,333.2,0.87,QMOF reference
qmof-9c0ae5c,286.2,0.74,QMOF reference
qmof-b50aaa2,324.6,0.33,QMOF reference
qmof-b03607d,418.9,0.79,QMOF reference
qmof-fc5594c,318.2,0.27,QMOF reference
qmof-3b8d946,449.7,0.75,QMOF reference
qmof-15ff44b,,FAILED,QMOF reference
qmof-6c81e33,317.1,0.27,QMOF reference
qmof-cdfd544,367.7,0.77,QMOF reference
qmof-84d13b7,344.3,0.35,QMOF reference
qmof-db2fd41,323.4,0.82,QMOF reference
qmof-9e926ff,,FAILED,QMOF reference
qmof-fc5343a,363.2,0.42,QMOF reference
qmof-afe0823,369.8,0.06,QMOF reference
qmof-8c1994b,230.2,0.48,QMOF reference
qmof-fc22622,,FAILED,QMOF reference
qmof-839a32e,338.9,0.9,QMOF reference
qmof-76a0d99,504.0,0.14,QMOF reference
qmof-e823200,307.6,0.35,QMOF reference
qmof-840fe26,369.3,0.29,QMOF reference
qmof-18e2d2f,340.9,0.82,QMOF reference
qmof-58d9e85,315.8,0.76,QMOF reference
qmof-750036a,241.1,0.18,QMOF reference
qmof-2012542,337.8,0.8,QMOF reference
qmof-b6a032a,365.9,0.8,QMOF reference
qmof-d3b1916,229.2,0.49,QMOF reference
qmof-3a17125,,FAILED,QMOF reference
qmof-65e8107,,FAILED,QMOF reference
qmof-d675ae6,402.7,0.16,QMOF reference
qmof-2e3e817,381.9,0.88,QMOF reference
qmof-ccd6f85,341.4,0.87,QMOF reference
qmof-92f6474,,FAILED,QMOF reference
qmof-8cf88c7,415.9,0.8,QMOF reference
qmof-bbe92eb,436.7,0.85,QMOF reference
qmof-200045d,390.5,0.37,QMOF reference
qmof-ec286a6,265.7,0.2,QMOF reference
qmof-63f404f,374.3,0.1,QMOF reference
qmof-29b54a6,345.9,0.95,QMOF reference
qmof-2bccd8b,317.7,0.29,QMOF reference
qmof-9b35a57,402.2,0.82,QMOF reference
qmof-ff1391f,,FAILED,QMOF reference
qmof-d3ade47,361.9,0.94,QMOF reference
qmof-70b3cbf,287.7,0.29,QMOF reference
qmof-39ee1ff,479.9,0.64,QMOF reference
qmof-f1bc215,,FAILED,QMOF reference
qmof-871f894,364.4,0.43,QMOF reference
qmof-e16b9a1,301.3,0.67,QMOF reference
qmof-c9683b1,383.5,0.62,QMOF reference
qmof-1a6228b,274.4,0.96,QMOF reference
qmof-e740972,304.0,0.27,QMOF reference
qmof-54e279c,344.7,0.31,QMOF reference
qmof-834dbd5,276.5,0.77,QMOF reference
qmof-bf8301b,,FAILED,QMOF reference
qmof-d90b70a,323.4,0.67,QMOF reference
qmof-fed4c19,247.6,0.93,QMOF reference
qmof-bf2685f,317.3,0.59,QMOF reference
qmof-d55ada3,311.1,0.4,QMOF reference
qmof-4607b04,328.1,0.84,QMOF reference
qmof-6840970,325.3,0.91,QMOF reference
qmof-03cca0a,311.0,0.73,QMOF reference
qmof-070d551,331.7,0.6,QMOF reference
qmof-d3e26d5,285.4,0.18,QMOF reference
qmof-ff08ff7,358.7,0.9,QMOF reference
qmof-3cd4cbd,280.2,0.88,QMOF reference
qmof-876342b,321.9,0.94,QMOF reference
qmof-5df6560,272.6,0.16,QMOF reference
qmof-1329145,,FAILED,QMOF reference
qmof-db6e082,360.0,0.83,QMOF reference
qmof-b110f68,,FAILED,QMOF reference
qmof-58a2369,355.0,0.62,QMOF reference
qmof-38110c9,317.3,0.26,QMOF reference
qmof-0180057,153.0,0.55,QMOF reference
qmof-e21b1d7,,FAILED,QMOF reference
qmof-c1528a6,403.6,0.5,QMOF reference
qmof-decd7a9,299.2,0.28,QMOF reference
qmof-fd7b5c4,366.7,0.38,QMOF reference
qmof-71d1286,318.1,0.72,QMOF reference
qmof-4b5f6a4,302.5,0.8,QMOF reference
qmof-0a4dcba,,FAILED,QMOF reference
qmof-b44d887,417.6,0.86,QMOF reference
qmof-043ec9a,336.8,0.86,QMOF reference
qmof-dd2ad17,370.5,0.24,QMOF reference
qmof-7aef2c2,334.8,0.94,QMOF reference
qmof-c4a1c17,309.4,0.76,QMOF reference
qmof-b125dd6,336.3,0.83,QMOF reference
qmof-106adc0,422.9,0.91,QMOF reference
qmof-1e5e473,365.6,0.65,QMOF reference
qmof-c403bec,349.2,0.43,QMOF reference
qmof-db50ae4,330.6,0.76,QMOF reference
qmof-fbf9a0d,389.8,0.75,QMOF reference
qmof-7e58962,275.4,0.33,QMOF reference
qmof-913d114,314.7,0.56,QMOF reference
qmof-451bd3c,335.5,0.28,QMOF reference
qmof-fdf910e,344.3,0.94,QMOF reference
qmof-145e491,402.5,0.39,QMOF reference
qmof-d4ad0b1,,FAILED,QMOF reference
qmof-00eae8f,348.0,0.83,QMOF reference
qmof-67efbe9,262.9,0.89,QMOF reference
qmof-b7479eb,402.8,0.46,QMOF reference
qmof-a303867,223.4,0.63,QMOF reference
qmof-a001d0d,198.1,0.34,QMOF reference
qmof-4456d2f,318.5,0.8,QMOF reference
qmof-c22cc4b,-2.2,0.9,QMOF reference
qmof-50bd2e1,325.6,0.84,QMOF reference
qmof-47fda92,385.3,0.9,QMOF reference
qmof-a34b819,,FAILED,QMOF reference
qmof-f8a9674,365.8,0.93,QMOF reference
qmof-c48197a,383.2,0.19,QMOF reference
qmof-d278d49,327.3,0.3,QMOF reference
qmof-d04a2a3,289.1,0.61,QMOF reference
qmof-2a3ee68,319.5,0.45,QMOF reference
qmof-3ad57ad,441.0,0.36,QMOF reference
qmof-d94e243,323.9,0.58,QMOF reference
qmof-7c0b0e1,283.8,0.89,QMOF reference
qmof-7a622fb,328.7,0.83,QMOF reference
qmof-a3a09fc,346.6,0.4,QMOF reference
qmof-def2f62,290.0,0.82,QMOF reference
qmof-51350de,328.2,0.85,QMOF reference
qmof-a7e57bb,420.9,0.9,QMOF reference
qmof-e3eee18,322.6,0.94,QMOF reference
qmof-4754c30,,FAILED,QMOF reference
qmof-398b764,328.3,0.22,QMOF reference
qmof-de3c7ce,312.1,0.73,QMOF reference
qmof-1ea744a,343.1,0.85,QMOF reference
qmof-4d39b28,,FAILED,QMOF reference
qmof-f57a388,340.9,0.96,QMOF reference
qmof-5c28dc8,,FAILED,QMOF reference
qmof-a9be673,328.4,0.45,QMOF reference
qmof-989a8f9,314.6,0.83,QMOF reference
qmof-6a840fe,388.2,0.69,QMOF reference
qmof-444e62d,565.3,0.92,QMOF reference
qmof-96bfe65,292.6,0.43,QMOF reference
qmof-c474841,,FAILED,QMOF reference
qmof-33704d1,367.1,0.18,QMOF reference
qmof-fe66204,422.9,0.77,QMOF reference
qmof-049a2ef,,FAILED,QMOF reference
qmof-a6f4cc1,288.8,0.93,QMOF reference
qmof-3fdcc06,289.5,0.86,QMOF reference
qmof-4e696ce,351.0,0.94,QMOF reference
qmof-f23061e,307.5,0.27,QMOF reference
qmof-fcd2fa6,397.7,0.9,QMOF reference
qmof-6c12fd7,270.1,0.07,QMOF reference
qmof-c30b37f,275.6,0.13,QMOF reference
qmof-4af615b,470.5,0.89,QMOF reference
qmof-f8f4d0e,392.6,0.91,QMOF reference
qmof-d93d3b5,390.0,0.91,QMOF reference
qmof-3eec122,383.9,0.88,QMOF reference
qmof-2e10675,338.1,0.62,QMOF reference
qmof-f755bc6,,FAILED,QMOF reference
qmof-dafcef0,374.9,0.17,QMOF reference
qmof-38eaf3a,378.4,0.78,QMOF reference
qmof-90d886e,374.3,0.83,QMOF reference
qmof-c09d082,,FAILED,QMOF reference
qmof-3ac3d82,418.5,0.16,QMOF reference
qmof-74c1a1a,386.0,0.65,QMOF reference
qmof-e70363f,,FAILED,QMOF reference
qmof-7c66e3b,,FAILED,QMOF reference
qmof-2e18852,,FAILED,QMOF reference
qmof-8b32414,358.0,0.27,QMOF reference
qmof-4ad49e7,330.7,0.59,QMOF reference
qmof-096a6b8,314.1,0.21,QMOF reference
qmof-30dfda8,361.4,0.92,QMOF reference
qmof-6822e8f,,FAILED,QMOF reference
qmof-a123eee,283.9,0.96,QMOF reference
qmof-f28b5e4,355.9,0.88,QMOF reference
qmof-87b3bdd,302.6,0.96,QMOF reference
qmof-271c0b2,299.5,0.38,QMOF reference
qmof-1f58054,314.8,0.86,QMOF reference
qmof-ac61250,354.7,0.55,QMOF reference
qmof-46e30a0,347.3,0.85,QMOF reference
qmof-de3e20a,194.1,0.92,QMOF reference
qmof-565df98,261.5,0.46,QMOF reference
qmof-8e32732,302.0,0.88,QMOF reference
qmof-20d2f37,347.1,0.83,QMOF reference
qmof-53e5178,,FAILED,QMOF reference
qmof-8fecff8,371.2,0.94,QMOF reference
qmof-830caa3,383.4,0.52,QMOF reference
qmof-32c8def,356.2,0.63,QMOF reference
qmof-59518de,290.6,0.75,QMOF reference
qmof-f04954c,,FAILED,QMOF reference
qmof-d7de8a6,354.7,0.86,QMOF reference
qmof-309f598,297.4,0.79,QMOF reference
qmof-c0bdee5,324.5,0.8,QMOF reference
qmof-5bd2003,352.0,0.24,QMOF reference
qmof-36c5033,,FAILED,QMOF reference
qmof-affcedc,340.2,0.55,QMOF reference
qmof-3bddfea,343.4,0.89,QMOF reference
qmof-4138536,396.4,0.64,QMOF reference
qmof-3347fec,,FAILED,QMOF reference
qmof-b71f6b7,334.2,0.67,QMOF reference
qmof-3cdb807,314.6,0.34,QMOF reference
qmof-0c9a78b,293.3,0.15,QMOF reference
qmof-a543e01,294.5,0.76,QMOF reference
qmof-7cc3a8d,,FAILED,QMOF reference
qmof-07b2619,358.9,0.86,QMOF reference
qmof-b77b779,328.0,0.88,QMOF reference
qmof-2bab714,376.6,0.92,QMOF reference
qmof-da4f926,,FAILED,QMOF reference
qmof-3096d34,342.6,0.93,QMOF reference
qmof-8fcf6fb,,FAILED,QMOF reference
qmof-d9a330a,363.3,0.81,QMOF reference
qmof-504b878,342.6,0.77,QMOF reference
qmof-137dd6c,359.7,0.51,QMOF reference
qmof-eee08bb,,FAILED,QMOF reference
qmof-da92f5a,283.4,0.85,QMOF reference
qmof-b847004,230.2,0.86,QMOF reference
qmof-7d144b5,359.7,0.93,QMOF reference
qmof-6db07a6,277.2,0.61,QMOF reference
qmof-38ae731,425.2,0.16,QMOF reference
qmof-a92c5f8,276.5,0.38,QMOF reference
qmof-be23234,248.0,0.94,QMOF reference
qmof-3c78578,341.4,0.72,QMOF reference
qmof-2622a28,417.6,0.9,QMOF reference
qmof-44bc136,300.4,0.1,QMOF reference
qmof-f6afc69,346.6,0.81,QMOF reference
qmof-292f4be,359.6,0.91,QMOF reference
qmof-c11ff6c,303.8,0.89,QMOF reference
qmof-1f0cde6,382.8,0.66,QMOF reference
qmof-2f4fd06,,FAILED,QMOF reference
qmof-d7c44a0,269.3,0.08,QMOF reference
qmof-0c697c4,306.9,0.74,QMOF reference
qmof-130ca73,320.6,0.13,QMOF reference
qmof-a79b912,243.0,0.5,QMOF reference
qmof-f2b9905,459.7,0.78,QMOF reference
qmof-92b4b13,256.5,0.5,QMOF reference
qmof-eb98c8b,371.7,0.68,QMOF reference
qmof-7166b5b,268.4,0.54,QMOF reference
qmof-72aa3fa,392.4,0.77,QMOF reference
qmof-afbfd10,254.1,0.92,QMOF reference
qmof-fd9262c,292.6,0.2,QMOF reference
qmof-1454598,393.3,0.69,QMOF reference
qmof-75584ae,338.4,0.93,QMOF reference
qmof-0a5db4d,325.2,0.71,QMOF reference
qmof-51e54c4,364.3,0.37,QMOF reference
qmof-3f2cc61,266.2,0.72,QMOF reference
qmof-7db6ee7,,FAILED,QMOF reference
qmof-ac6a77a,340.9,0.38,QMOF reference
qmof-dd4b7a2,397.4,0.35,QMOF reference
qmof-396346d,342.8,0.87,QMOF reference
qmof-a328797,299.2,0.3,QMOF reference
qmof-61b2c21,321.2,0.14,QMOF reference
qmof-1e40cfc,337.4,0.62,QMOF reference
qmof-eae6585,302.9,0.92,QMOF reference
qmof-6226f23,462.3,0.89,QMOF reference
qmof-0ded643,,FAILED,QMOF reference
qmof-36ade61,348.9,0.86,QMOF reference
qmof-0496546,325.4,0.93,QMOF reference
qmof-593a48e,423.6,0.34,QMOF reference
qmof-7a7d21d,,FAILED,QMOF reference
qmof-159e454,251.2,0.61,QMOF reference
qmof-16812b6,307.8,0.64,QMOF reference
qmof-da6d484,385.8,0.74,QMOF reference
qmof-ca516ce,255.8,0.12,QMOF reference
qmof-525ab7b,368.8,0.21,QMOF reference
qmof-b10652a,359.8,0.9,QMOF reference
qmof-4b0a536,318.2,0.68,QMOF reference
qmof-665d5d4,293.1,0.73,QMOF reference
qmof-200091d,337.0,0.32,QMOF reference
qmof-404ee41,305.7,0.67,QMOF reference
qmof-32c25b7,320.1,0.31,QMOF reference
qmof-d8f2c2d,327.0,0.97,QMOF reference
qmof-5cbdbc0,290.2,0.57,QMOF reference
qmof-8be7b17,213.3,0.47,QMOF reference
qmof-d1bdfd3,302.9,0.56,QMOF reference
qmof-aa0cfe7,408.1,0.89,QMOF reference
qmof-1f7d6ac,,FAILED,QMOF reference
qmof-8a963fe,404.2,0.69,QMOF reference
qmof-83f42ba,,FAILED,QMOF reference
qmof-5098afc,497.7,0.49,QMOF reference
qmof-0ab4ab7,304.5,0.8,QMOF reference
qmof-60cfddb,,FAILED,QMOF reference
qmof-7afc422,320.7,0.68,QMOF reference
qmof-a098afb,279.2,0.81,QMOF reference
qmof-067b298,,FAILED,QMOF reference
qmof-4455fd4,351.3,0.84,QMOF reference
qmof-46a34bc,347.7,0.85,QMOF reference
qmof-7097a92,224.4,0.87,QMOF reference
qmof-b0c4af1,,FAILED,QMOF reference
qmof-d0f9fb3,380.8,0.79,QMOF reference
qmof-d6bf3fd,295.7,0.83,QMOF reference
qmof-4efa4ac,227.3,0.29,QMOF reference
qmof-d08ab23,455.6,0.45,QMOF reference
qmof-4a00ee0,338.8,0.84,QMOF reference
qmof-f5de41a,253.3,0.69,QMOF reference
qmof-67c4017,241.8,0.91,QMOF reference
qmof-004e466,,FAILED,QMOF reference
qmof-7be7bdd,397.5,0.52,QMOF reference
qmof-2263045,344.1,0.16,QMOF reference
qmof-b8e1ccb,436.7,0.79,QMOF reference
qmof-03f51c0,331.8,0.98,QMOF reference
qmof-2658448,289.9,0.34,QMOF reference
qmof-ebb57c2,,FAILED,QMOF reference
qmof-eac6cf9,341.8,0.82,QMOF reference
qmof-d15583a,266.1,0.9,QMOF reference
qmof-713e069,331.8,0.69,QMOF reference
qmof-98f79b2,285.3,0.77,QMOF reference
qmof-0fa2a52,311.5,0.32,QMOF reference
qmof-c6f48da,340.8,0.83,QMOF reference
qmof-6f9d417,256.7,0.67,QMOF reference
qmof-f199346,,FAILED,QMOF reference
qmof-13dcf5f,410.9,0.57,QMOF reference
qmof-21c3882,,FAILED,QMOF reference
qmof-9679def,232.5,0.95,QMOF reference
qmof-f6f9b84,268.2,0.72,QMOF reference
qmof-299fe2a,245.4,0.85,QMOF reference
qmof-12bbcce,323.4,0.82,QMOF reference
qmof-e8a0b3c,331.0,0.32,QMOF reference
qmof-d5014d8,351.3,0.47,QMOF reference
qmof-52c894b,302.9,0.76,QMOF reference
qmof-fb472cc,334.6,0.42,QMOF reference
qmof-5944455,356.7,0.45,QMOF reference
qmof-4454b13,,FAILED,QMOF reference
qmof-938679b,271.2,0.43,QMOF reference
qmof-a17655f,236.4,0.91,QMOF reference
qmof-d6798a9,,FAILED,QMOF reference
qmof-6f58bfd,398.6,0.88,QMOF reference
qmof-0e8c4b6,283.4,0.41,QMOF reference
qmof-cc1705b,283.6,0.9,QMOF reference
qmof-2063f6c,347.5,0.24,QMOF reference
qmof-b45999a,,FAILED,QMOF reference
qmof-d513970,,FAILED,QMOF reference
qmof-566034e,268.9,0.17,QMOF reference
qmof-d65fd56,367.0,0.65,QMOF reference
qmof-7f11edf,347.0,0.73,QMOF reference
qmof-dd44358,,FAILED,QMOF reference
qmof-72352f8,280.8,0.6,QMOF reference
qmof-872f192,332.6,0.15,QMOF reference
qmof-dc3dc86,455.7,0.61,QMOF reference
qmof-c933b3d,,FAILED,QMOF reference
qmof-6bc32fd,,FAILED,QMOF reference
qmof-52cd170,314.8,0.76,QMOF reference
qmof-8d2366d,329.3,0.21,QMOF reference
qmof-1eb514c,319.9,0.08,QMOF reference
qmof-ba39404,300.9,0.5,QMOF reference
qmof-983687c,315.9,0.93,QMOF reference
qmof-a001201,316.3,0.55,QMOF reference
qmof-5950fb0,315.1,0.74,QMOF reference
qmof-059275c,393.8,0.69,QMOF reference
qmof-7d96cdc,314.4,0.93,QMOF reference
qmof-e874e0c,421.2,0.41,QMOF reference
qmof-b2a5229,364.5,0.16,QMOF reference
qmof-9ebe8cd,356.5,0.62,QMOF reference
qmof-a74574d,290.9,0.74,QMOF reference
qmof-1e540dd,357.1,0.91,QMOF reference
qmof-68384d7,348.0,0.51,QMOF reference
qmof-832230f,329.0,0.38,QMOF reference
qmof-b75fff3,297.1,0.49,QMOF reference
qmof-9e9c33f,473.9,0.92,QMOF reference
qmof-e9e813b,205.3,0.86,QMOF reference
qmof-f203c62,344.9,0.91,QMOF reference
qmof-23ab2a1,,FAILED,QMOF reference
qmof-19e56ac,276.4,0.09,QMOF reference
qmof-545a299,347.5,0.47,QMOF reference
qmof-6822f6b,,FAILED,QMOF reference
qmof-57e937f,341.3,0.44,QMOF reference
qmof-b8000f1,,FAILED,QMOF reference
qmof-42f7d2d,313.1,0.88,QMOF reference
qmof-3a40928,346.6,0.45,QMOF reference
qmof-d6ce5a5,319.6,0.92,QMOF reference
qmof-e2db1dc,334.0,0.14,QMOF reference
qmof-4b5176a,408.5,0.66,QMOF reference
qmof-d134a3d,317.0,0.71,QMOF reference
qmof-01edd7e,327.0,0.25,QMOF reference
qmof-92305e2,318.5,0.6,QMOF reference
qmof-92bb180,424.2,0.89,QMOF reference
qmof-3301d94,,FAILED,QMOF reference
qmof-2414ba5,395.8,0.59,QMOF reference
qmof-d078b33,406.4,0.97,QMOF reference
qmof-d5ca1d2,,FAILED,QMOF reference
qmof-5018ab0,345.9,0.14,QMOF reference
qmof-0ae491a,302.6,0.59,QMOF reference
qmof-2264c2b,292.3,0.66,QMOF reference
qmof-204308b,340.2,0.73,QMOF reference
qmof-048ee8d,345.7,0.64,QMOF reference
qmof-0a40ca2,336.9,0.3,QMOF reference
qmof-6e3ecc7,343.5,0.57,QMOF reference
qmof-9c14bbf,380.8,0.08,QMOF reference
qmof-21d78c0,353.1,0.71,QMOF reference
qmof-f01442f,321.4,0.78,QMOF reference
qmof-9f77e33,336.3,0.66,QMOF reference
qmof-f8c2ad1,278.5,0.71,QMOF reference
qmof-e127717,380.5,0.05,QMOF reference
qmof-a5c195a,390.7,0.96,QMOF reference
qmof-b64c0ab,387.5,0.73,QMOF reference
qmof-f75d626,360.8,0.83,QMOF reference
qmof-ef7ab80,478.0,0.22,QMOF reference
qmof-d6ddf36,,FAILED,QMOF reference
qmof-2d9f5f9,308.5,0.85,QMOF reference
qmof-ad06ef4,262.3,0.41,QMOF reference
qmof-a2408a4,355.4,0.74,QMOF reference
qmof-8296ee6,356.9,0.47,QMOF reference
qmof-dad1ebc,398.1,0.87,QMOF reference
qmof-f7fed86,266.1,0.54,QMOF reference
qmof-75d4f07,328.3,0.71,QMOF reference
qmof-1e0b61c,308.7,0.65,QMOF reference
qmof-de4940a,325.0,0.65,QMOF reference
qmof-ef8d4e1,-51.0,0.92,QMOF reference
qmof-334586a,336.6,0.88,QMOF reference
qmof-1013282,302.8,0.68,QMOF reference
qmof-8975a46,412.1,0.74,QMOF reference
qmof-fe6f735,333.3,0.67,QMOF reference
qmof-43de2f1,286.2,0.9,QMOF reference
qmof-d20be6a,363.9,0.78,QMOF reference
qmof-1dcac87,210.4,0.24,QMOF reference
qmof-a1f2118,311.2,0.94,QMOF reference
qmof-2fd7be7,281.9,0.92,QMOF reference
qmof-eae71d0,329.0,0.78,QMOF reference
qmof-0eba9d1,380.7,0.76,QMOF reference
qmof-3adb456,,FAILED,QMOF reference
qmof-dafbfa1,,FAILED,QMOF reference
qmof-006f9b7,324.9,0.91,QMOF reference
qmof-d30afbd,342.0,0.67,QMOF reference
qmof-4563ec4,372.2,0.84,QMOF reference
qmof-dd3c067,270.9,0.72,QMOF reference
qmof-eac69bf,273.2,0.41,QMOF reference
qmof-a1e9424,286.7,0.25,QMOF reference
qmof-84a90c5,,FAILED,QMOF reference
qmof-5a1b96a,281.7,0.76,QMOF reference
qmof-855f474,314.1,0.9,QMOF reference
qmof-e5d8a5b,,FAILED,QMOF reference
qmof-c59d505,394.3,0.93,QMOF reference
qmof-e48704b,255.6,0.57,QMOF reference
qmof-010521d,264.2,0.86,QMOF reference
qmof-45f0e96,333.3,0.56,QMOF reference
qmof-221ddc2,,FAILED,QMOF reference
qmof-2c2f130,,FAILED,QMOF reference
qmof-8a0fc7d,380.6,0.21,QMOF reference
qmof-b1692f5,100.9,0.8,QMOF reference
qmof-fabe969,222.2,0.85,QMOF reference
qmof-20fe6b8,424.9,0.59,QMOF reference
qmof-b441094,334.6,0.83,QMOF reference
qmof-73d5465,357.5,0.19,QMOF reference
qmof-b7ec66e,288.4,0.77,QMOF reference
qmof-e18b97d,402.8,0.44,QMOF reference
qmof-ab78090,275.7,0.28,QMOF reference
qmof-faed9c6,253.9,0.4,QMOF reference
qmof-54602db,331.1,0.88,QMOF reference
qmof-5c97ebc,250.3,0.21,QMOF reference
qmof-3984e74,367.7,0.91,QMOF reference
qmof-0557cca,322.2,0.21,QMOF reference
qmof-86aaca3,380.1,0.61,QMOF reference
qmof-5a80a90,423.6,0.18,QMOF reference
qmof-600fd47,198.8,0.88,QMOF reference
qmof-7cb4137,,FAILED,QMOF reference
qmof-6683238,298.9,0.13,QMOF reference
qmof-e46273e,315.7,0.3,QMOF reference
qmof-d6599fd,,FAILED,QMOF reference
qmof-cd82297,317.7,0.4,QMOF reference
qmof-ad8ca85,276.5,0.13,QMOF reference
qmof-143c563,,FAILED,QMOF reference
qmof-5fd3808,334.3,0.55,QMOF reference
qmof-21f2274,278.8,0.77,QMOF reference
qmof-b9beae5,326.3,0.55,QMOF reference
qmof-87fd469,333.9,0.27,QMOF reference
qmof-71d9329,,FAILED,QMOF reference
qmof-6400cd1,290.5,0.25,QMOF reference
qmof-096c27f,160.5,0.53,QMOF reference
qmof-d84e3da,,FAILED,QMOF reference
qmof-c49cdda,232.8,0.5,QMOF reference
qmof-8045d77,236.4,0.73,QMOF reference
qmof-19b2b95,352.8,0.61,QMOF reference
qmof-bb87ad1,311.3,0.89,QMOF reference
qmof-c7dcdee,296.3,0.21,QMOF reference
qmof-6b29f4f,420.6,0.9,QMOF reference
qmof-9306305,,FAILED,QMOF reference
qmof-466d3a2,373.3,0.59,QMOF reference
qmof-2853543,242.9,0.63,QMOF reference
qmof-6445360,302.7,0.73,QMOF reference
qmof-7cde1ad,,FAILED,QMOF reference
qmof-2600589,,FAILED,QMOF reference
qmof-2b0215b,261.2,0.47,QMOF reference
qmof-99f580b,345.4,0.92,QMOF reference
qmof-715f306,335.1,0.81,QMOF reference
qmof-9289919,344.7,0.16,QMOF reference
qmof-3355877,298.3,0.48,QMOF reference
qmof-eed5626,352.4,0.5,QMOF reference
qmof-d49285b,341.8,0.21,QMOF reference
qmof-ec4da0e,349.6,0.9,QMOF reference
qmof-c9e1cbe,354.4,0.94,QMOF reference
qmof-56ad7f4,369.7,0.9,QMOF reference
qmof-12e7e3d,382.0,0.41,QMOF reference
qmof-9488d31,354.4,0.59,QMOF reference
qmof-b4a7320,,FAILED,QMOF reference
qmof-53ad432,364.0,0.21,QMOF reference
qmof-36f1dad,337.4,0.46,QMOF reference
qmof-9b98e57,339.1,0.87,QMOF reference
qmof-0cd28a2,315.3,0.59,QMOF reference
qmof-3e3c370,,FAILED,QMOF reference
qmof-4b2d1bb,295.1,0.6,QMOF reference
qmof-9062b93,,FAILED,QMOF reference
qmof-b8e941c,407.0,0.17,QMOF reference
qmof-5b334b8,352.3,0.85,QMOF reference
qmof-35dd9a5,311.6,0.36,QMOF reference
qmof-1700e53,,FAILED,QMOF reference
qmof-4bbc418,315.7,0.26,QMOF reference
qmof-64edccc,244.9,0.88,QMOF reference
qmof-db5c49f,255.5,0.31,QMOF reference
qmof-44ebd89,333.1,0.83,QMOF reference
qmof-1e99374,267.8,0.7,QMOF reference
qmof-83c5075,415.5,0.5,QMOF reference
qmof-cc4c6c7,,FAILED,QMOF reference
qmof-1cec922,356.7,0.66,QMOF reference
qmof-9e05c25,352.1,0.72,QMOF reference
qmof-ef79893,312.1,0.9,QMOF reference
qmof-c223d4f,,FAILED,QMOF reference
qmof-00973d4,394.1,0.13,QMOF reference
qmof-4fe2b3b,446.9,0.81,QMOF reference
qmof-ab731b1,317.4,0.67,QMOF reference
qmof-2397030,353.9,0.88,QMOF reference
qmof-df7fc19,241.6,0.7,QMOF reference
qmof-089b614,328.0,0.92,QMOF reference
qmof-aadc239,365.6,0.46,QMOF reference
qmof-3fbb501,380.5,0.58,QMOF reference
qmof-ba3ef1c,294.9,0.27,QMOF reference
qmof-e628246,,FAILED,QMOF reference
qmof-bb48b07,,FAILED,QMOF reference
qmof-2c0ed21,,FAILED,QMOF reference
qmof-5f11e5e,285.5,0.49,QMOF reference
qmof-c158621,339.9,0.61,QMOF reference
qmof-c1eb32e,287.7,0.72,QMOF reference
qmof-0918da7,325.8,0.97,QMOF reference
qmof-0c8a25d,288.0,0.18,QMOF reference
qmof-ea9c8c9,338.4,0.79,QMOF reference
qmof-866f4f7,,FAILED,QMOF reference
qmof-f32e851,376.4,0.78,QMOF reference
qmof-632304d,295.9,0.55,QMOF reference
qmof-2bd0023,329.2,0.46,QMOF reference
qmof-b23591b,,FAILED,QMOF reference
qmof-28e1e79,342.1,0.77,QMOF reference
qmof-7fb7872,256.1,0.3,QMOF reference
qmof-d5e3f1f,409.4,0.05,QMOF reference
qmof-32df618,343.0,0.78,QMOF reference
qmof-e0e3dad,275.0,0.9,QMOF reference
qmof-04c639c,344.0,0.51,QMOF reference
qmof-e687361,402.8,0.39,QMOF reference
qmof-cacb6b5,381.7,0.93,QMOF reference
qmof-9f8496b,377.5,0.35,QMOF reference
qmof-e5d44b6,327.1,0.91,QMOF reference
qmof-54cce9f,288.7,0.73,QMOF reference
qmof-52e698d,274.9,0.94,QMOF reference
qmof-63145b6,333.9,0.78,QMOF reference
qmof-430704b,318.5,0.52,QMOF reference
qmof-a1ffa2e,,FAILED,QMOF reference
qmof-58d0589,237.3,0.9,QMOF reference
qmof-12b52ca,264.4,0.91,QMOF reference
qmof-84be34f,,FAILED,QMOF reference
qmof-a4bad47,306.9,0.87,QMOF reference
qmof-40d903d,482.4,0.03,QMOF reference
qmof-955fe88,312.6,0.86,QMOF reference
qmof-bce77ec,286.6,0.56,QMOF reference
qmof-a692989,349.5,0.72,QMOF reference
qmof-c6f9b69,,FAILED,QMOF reference
qmof-e7249e1,365.9,0.52,QMOF reference
qmof-166954d,284.2,0.62,QMOF reference
qmof-a303212,,FAILED,QMOF reference
qmof-80ff2f8,256.8,0.79,QMOF reference
qmof-5a1b056,334.4,0.56,QMOF reference
qmof-f2b28c5,355.8,0.17,QMOF reference
qmof-2cd5ebd,248.9,0.82,QMOF reference
qmof-f36ce9b,,FAILED,QMOF reference
qmof-98440a2,,FAILED,QMOF reference
qmof-bcec147,,FAILED,QMOF reference
qmof-284b001,338.3,0.48,QMOF reference
qmof-9ac831b,255.2,0.41,QMOF reference
qmof-090ef1e,188.1,0.35,QMOF reference
qmof-8abf698,290.4,0.73,QMOF reference
qmof-a2fcb93,,FAILED,QMOF reference
qmof-684f362,277.5,0.55,QMOF reference
qmof-b4fe891,276.5,0.34,QMOF reference
qmof-25be31d,322.2,0.88,QMOF reference
qmof-3390755,348.7,0.75,QMOF reference
qmof-f2d172d,383.7,0.2,QMOF reference
qmof-faf9d5e,364.0,0.94,QMOF reference
qmof-2331794,330.7,0.56,QMOF reference
qmof-35d63dc,337.5,0.43,QMOF reference
qmof-d6e9742,257.3,0.79,QMOF reference
qmof-7df2ad4,335.4,0.6,QMOF reference
qmof-195f435,305.2,0.69,QMOF reference
qmof-74b98ef,391.5,0.67,QMOF reference
qmof-a86da74,414.7,0.91,QMOF reference
qmof-ea731b8,232.1,0.71,QMOF reference
qmof-12c3950,281.6,0.32,QMOF reference
qmof-1b9756c,331.6,0.53,QMOF reference
qmof-998cb07,,FAILED,QMOF reference
qmof-f1b0a1e,,FAILED,QMOF reference
qmof-0b43927,281.4,0.62,QMOF reference
qmof-182ba74,339.3,0.84,QMOF reference
qmof-84604c2,,FAILED,QMOF reference
qmof-f49aefb,298.0,0.87,QMOF reference
qmof-1242490,401.4,0.34,QMOF reference
qmof-4b4a465,343.6,0.61,QMOF reference
qmof-4f07eba,339.4,0.54,QMOF reference
qmof-edb4726,409.9,0.21,QMOF reference
qmof-7d4acd6,366.1,0.93,QMOF reference
qmof-09c181e,312.8,0.17,QMOF reference
qmof-fd9a4f6,356.0,0.65,QMOF reference
qmof-7b87b88,321.1,0.6,QMOF reference
qmof-900fee9,449.4,0.36,QMOF reference
qmof-630c138,276.3,0.46,QMOF reference
qmof-7d19db8,70.0,0.71,QMOF reference
qmof-e71cda6,337.2,0.92,QMOF reference
qmof-2c4c625,203.2,0.9,QMOF reference
qmof-e7b8ba5,,FAILED,QMOF reference
qmof-6949036,317.6,0.92,QMOF reference
qmof-d740c19,,FAILED,QMOF reference
qmof-fad389d,471.4,0.1,QMOF reference
qmof-d962920,307.7,0.85,QMOF reference
qmof-f5242a4,275.8,0.71,QMOF reference
qmof-e2af422,233.7,0.9,QMOF reference
qmof-8443b22,377.9,0.6,QMOF reference
qmof-4eaed90,293.2,0.53,QMOF reference
qmof-5ef606c,379.2,0.43,QMOF reference
qmof-d8acb74,311.2,0.89,QMOF reference
qmof-ce4e69a,315.7,0.11,QMOF reference
qmof-d1c9be5,161.9,0.71,QMOF reference
qmof-f2f8a20,289.2,0.88,QMOF reference
qmof-81e22a4,283.9,0.41,QMOF reference
qmof-56a04dc,331.4,0.35,QMOF reference
qmof-3f2647a,359.6,0.4,QMOF reference
qmof-73a5a5f,332.6,0.57,QMOF reference
qmof-723ec6f,324.4,0.71,QMOF reference
qmof-7c3cbad,,FAILED,QMOF reference
qmof-70e0ff9,388.8,0.17,QMOF reference
qmof-a68826c,,FAILED,QMOF reference
qmof-4799208,364.9,0.64,QMOF reference
qmof-e2e69e6,337.5,0.67,QMOF reference
qmof-b0f5ecd,289.3,0.81,QMOF reference
qmof-c3fa563,355.9,0.88,QMOF reference
qmof-1fb08ec,254.8,0.19,QMOF reference
qmof-2a3337e,413.7,0.78,QMOF reference
qmof-7d04430,392.9,0.59,QMOF reference
qmof-7787227,288.2,0.3,QMOF reference
qmof-8974c91,344.4,0.93,QMOF reference
qmof-f34829b,262.6,0.64,QMOF reference
qmof-4e29e0b,390.2,0.51,QMOF reference
qmof-9b277ad,251.9,0.24,QMOF reference
qmof-c2a60c1,268.1,0.53,QMOF reference
qmof-42d3a86,,FAILED,QMOF reference
qmof-d028d70,292.4,0.28,QMOF reference
qmof-b3e30a9,327.2,0.85,QMOF reference
qmof-22902e7,,FAILED,QMOF reference
qmof-96f2489,315.1,0.52,QMOF reference
qmof-b44aef2,312.2,0.84,QMOF reference
qmof-330a403,347.7,0.39,QMOF reference
qmof-2f4975f,316.5,0.14,QMOF reference
qmof-4232690,357.9,0.91,QMOF reference
qmof-30306da,384.6,0.93,QMOF reference
qmof-90df4ad,370.0,0.93,QMOF reference
qmof-cabb2ed,,FAILED,QMOF reference
qmof-afcf17f,466.4,0.06,QMOF reference
qmof-f251d7a,308.7,0.87,QMOF reference
qmof-f04f83a,266.3,0.96,QMOF reference
qmof-822eb9c,271.4,0.73,QMOF reference
qmof-a6a8f49,357.9,0.42,QMOF reference
qmof-f66f1d9,303.2,0.91,QMOF reference
qmof-020271e,350.2,0.95,QMOF reference
qmof-20b40dd,385.9,0.53,QMOF reference
qmof-0e0e075,267.2,0.98,QMOF reference
qmof-be4ff6a,,FAILED,QMOF reference
qmof-bd93e36,192.4,0.92,QMOF reference
qmof-7c2f557,362.1,0.83,QMOF reference
qmof-0fa90ce,374.4,0.66,QMOF reference
qmof-e029d32,,FAILED,QMOF reference
qmof-2381376,363.4,0.12,QMOF reference
qmof-344e01a,379.1,0.88,QMOF reference
qmof-d900cb4,306.3,0.64,QMOF reference
qmof-67c55da,260.5,0.32,QMOF reference
qmof-a57753c,253.7,0.15,QMOF reference
qmof-dd67326,353.4,0.93,QMOF reference
qmof-306dc0f,380.3,0.56,QMOF reference
qmof-21aa488,387.2,0.8,QMOF reference
qmof-f5fec52,363.2,0.67,QMOF reference
qmof-f065623,359.4,0.7,QMOF reference
qmof-5dcb48a,,FAILED,QMOF reference
qmof-4a86080,270.4,0.56,QMOF reference
qmof-e77a1fb,314.2,0.97,QMOF reference
qmof-767c706,275.1,0.21,QMOF reference
qmof-51e588e,288.5,0.94,QMOF reference
qmof-3ba428a,298.8,0.43,QMOF reference
qmof-ce9c9f9,275.7,0.69,QMOF reference
qmof-9f5dfbb,350.9,0.94,QMOF reference
qmof-3e12f05,172.3,0.66,QMOF reference
qmof-85708e7,335.4,0.34,QMOF reference
qmof-06f215e,296.4,0.75,QMOF reference
qmof-65beaf5,,FAILED,QMOF reference
qmof-392794c,347.1,0.42,QMOF reference
qmof-1745a73,316.1,0.39,QMOF reference
qmof-27aac60,,FAILED,QMOF reference
qmof-03af876,401.1,0.86,QMOF reference
qmof-7fbccc7,,FAILED,QMOF reference
qmof-2482f7f,536.8,0.07,QMOF reference
qmof-05f5f6e,260.2,0.8,QMOF reference
qmof-12fd885,207.2,0.93,QMOF reference
qmof-d705ce8,,FAILED,QMOF reference
qmof-b0d8838,,FAILED,QMOF reference
qmof-07388f0,269.1,0.86,QMOF reference
qmof-ee520ef,420.3,0.87,QMOF reference
qmof-de7acda,304.7,0.11,QMOF reference
qmof-578f3e9,247.0,0.88,QMOF reference
qmof-d30de81,311.0,0.19,QMOF reference
qmof-b6afd57,257.1,0.23,QMOF reference
qmof-fc98c57,488.9,0.22,QMOF reference
qmof-072d2d6,,FAILED,QMOF reference
qmof-87678da,264.6,0.5,QMOF reference
qmof-c659bd8,411.5,0.73,QMOF reference
qmof-6dfa47c,306.7,0.94,QMOF reference
qmof-40f119f,268.6,0.87,QMOF reference
qmof-dbcabd3,300.3,0.7,QMOF reference
qmof-2a08198,,FAILED,QMOF reference
qmof-3cc8d7b,,FAILED,QMOF reference
qmof-cf9e198,396.2,0.64,QMOF reference
qmof-6970c02,358.9,0.63,QMOF reference
qmof-ad45166,427.1,0.92,QMOF reference
qmof-a513da5,333.8,0.8,QMOF reference
qmof-2408633,344.0,0.92,QMOF reference
qmof-5fdef1b,270.9,0.15,QMOF reference
qmof-4aae0f6,428.8,0.71,QMOF reference
qmof-579a1f8,301.1,0.45,QMOF reference
qmof-f49b443,234.2,0.21,QMOF reference
qmof-7082d23,347.5,0.82,QMOF reference
qmof-b654313,322.9,0.61,QMOF reference
qmof-3573de2,367.9,0.2,QMOF reference
qmof-33540bf,259.1,0.87,QMOF reference
qmof-37badae,,FAILED,QMOF reference
qmof-e7f2d9a,354.4,0.96,QMOF reference
qmof-f03e892,385.5,0.82,QMOF reference
qmof-fd388d5,282.2,0.23,QMOF reference
qmof-999de53,273.9,0.53,QMOF reference
qmof-fd5ecfb,368.8,0.96,QMOF reference
qmof-cb484e3,310.5,0.87,QMOF reference
qmof-8025257,246.4,0.49,QMOF reference
qmof-275c155,393.8,0.61,QMOF reference
qmof-c1612c6,352.6,0.94,QMOF reference
qmof-2e2337f,303.0,0.11,QMOF reference
qmof-67792ac,324.0,0.89,QMOF reference
qmof-fbb4304,419.4,0.28,QMOF reference
qmof-30918ed,,FAILED,QMOF reference
qmof-6a29cfc,384.7,0.37,QMOF reference
qmof-4f49da6,285.0,0.53,QMOF reference
qmof-3b7596b,,FAILED,QMOF reference
qmof-99cdb42,,FAILED,QMOF reference
qmof-43b0f02,,FAILED,QMOF reference
qmof-2fb9d0e,301.1,0.64,QMOF reference
qmof-3f486ca,407.7,0.42,QMOF reference
qmof-71094de,347.8,0.71,QMOF reference
qmof-56e0e0d,337.5,0.76,QMOF reference
qmof-9dbd92a,329.7,0.45,QMOF reference
qmof-29090e7,384.5,0.89,QMOF reference
qmof-ec76521,454.6,0.89,QMOF reference
qmof-f1d156e,251.4,0.8,QMOF reference
qmof-733ea24,259.0,0.92,QMOF reference
qmof-59b5fa6,378.7,0.84,QMOF reference
qmof-0842c6d,459.9,0.91,QMOF reference
qmof-f58091b,,FAILED,QMOF reference
qmof-4f2b4da,292.1,0.46,QMOF reference
qmof-0926897,304.5,0.9,QMOF reference
qmof-22f5d46,410.0,0.96,QMOF reference
qmof-714a907,,FAILED,QMOF reference
qmof-fb08966,427.0,0.72,QMOF reference
qmof-160fa0f,311.0,0.51,QMOF reference
qmof-5aed73f,258.5,0.95,QMOF reference
qmof-f48c59c,341.8,0.22,QMOF reference
qmof-ecd7bd8,302.1,0.35,QMOF reference
qmof-23640d7,361.1,0.64,QMOF reference
qmof-c3d8aec,402.3,0.54,QMOF reference
qmof-998553b,213.9,0.76,QMOF reference
qmof-f0ed0a2,307.5,0.88,QMOF reference
qmof-6383e37,444.4,0.63,QMOF reference
qmof-04dd137,391.9,0.75,QMOF reference
qmof-6f8a430,258.4,0.36,QMOF reference
qmof-52acdcc,,FAILED,QMOF reference
qmof-f61d5ce,344.5,0.56,QMOF reference
qmof-5324e1b,378.0,0.84,QMOF reference
qmof-e16328e,324.4,0.66,QMOF reference
qmof-63c38bc,458.1,0.82,QMOF reference
qmof-641f68d,394.9,0.93,QMOF reference
qmof-5a63e9d,341.5,0.87,QMOF reference
qmof-efe3730,326.6,0.29,QMOF reference
qmof-cb28ce2,345.2,0.28,QMOF reference
qmof-18b8ab1,377.2,0.44,QMOF reference
qmof-2773926,376.3,0.34,QMOF reference
qmof-c1292a3,377.0,0.21,QMOF reference
qmof-e913435,335.2,0.85,QMOF reference
qmof-70e1be7,,FAILED,QMOF reference
qmof-c213cea,325.1,0.69,QMOF reference
qmof-9e0da10,296.9,0.2,QMOF reference
qmof-ab42336,359.4,0.19,QMOF reference
qmof-6040f6b,291.8,0.48,QMOF reference
qmof-d549d54,268.7,0.6,QMOF reference
qmof-8874408,388.2,0.25,QMOF reference
qmof-58711c7,360.4,0.54,QMOF reference
qmof-25162af,391.4,0.4,QMOF reference
qmof-fa4db8b,350.9,0.06,QMOF reference
qmof-c9d0c12,448.3,0.9,QMOF reference
qmof-335b492,,FAILED,QMOF reference
qmof-00ecdfa,255.3,0.55,QMOF reference
qmof-9a33911,360.7,0.18,QMOF reference
qmof-ba5d99e,293.4,0.63,QMOF reference
qmof-cc095cc,,FAILED,QMOF reference
qmof-4809ee4,306.5,0.66,QMOF reference
qmof-31e37cb,207.0,0.85,QMOF reference
qmof-6d61160,,FAILED,QMOF reference
qmof-7616b2d,300.1,0.05,QMOF reference
qmof-c094bf3,,FAILED,QMOF reference
qmof-2e2bcea,333.1,0.64,QMOF reference
qmof-12bffdb,,FAILED,QMOF reference
qmof-ea01fb0,335.3,0.9,QMOF reference
qmof-c947dd6,-284.6,0.87,QMOF reference
qmof-283cd9f,259.6,0.55,QMOF reference
qmof-a918c8a,404.6,0.77,QMOF reference
qmof-608be6c,236.5,0.37,QMOF reference
qmof-41141ee,298.9,0.16,QMOF reference
qmof-1192393,350.8,0.8,QMOF reference
qmof-28d6481,,FAILED,QMOF reference
qmof-ea2df15,301.9,0.38,QMOF reference
qmof-797c9c2,329.8,0.2,QMOF reference
qmof-88fcee5,328.4,0.18,QMOF reference
qmof-e77be3d,357.1,0.49,QMOF reference
qmof-ad4003c,,FAILED,QMOF reference
qmof-c51b78b,389.8,0.74,QMOF reference
qmof-7752027,375.0,0.65,QMOF reference
qmof-88c6ebd,293.3,0.32,QMOF reference
qmof-8e51b6a,281.5,0.09,QMOF reference
qmof-25fa36f,290.9,0.41,QMOF reference
qmof-87bc560,432.1,0.23,QMOF reference
qmof-8de75d0,317.9,0.6,QMOF reference
qmof-8ea1795,268.2,0.91,QMOF reference
qmof-8bb4c72,350.8,0.45,QMOF reference
qmof-b53222a,,FAILED,QMOF reference
qmof-0f15afa,261.7,0.12,QMOF reference
qmof-1e87041,423.5,0.91,QMOF reference
qmof-c1b5346,487.3,0.9,QMOF reference
qmof-df94590,254.9,0.57,QMOF reference
qmof-aad417f,397.2,0.41,QMOF reference
qmof-136b1ce,270.3,0.3,QMOF reference
qmof-1d53084,360.8,0.74,QMOF reference
qmof-82d7d48,,FAILED,QMOF reference
qmof-c5f786c,314.8,0.94,QMOF reference
qmof-7a9a971,302.2,0.61,QMOF reference
qmof-1d8ceca,303.1,0.86,QMOF reference
qmof-70cecaa,251.3,0.22,QMOF reference
qmof-46c0431,350.8,0.66,QMOF reference
qmof-9dc3f95,,FAILED,QMOF reference
qmof-8e4eda8,314.7,0.49,QMOF reference
qmof-7b26ade,299.4,0.06,QMOF reference
qmof-4bdce90,363.4,0.86,QMOF reference
qmof-728d8c0,291.6,0.55,QMOF reference
qmof-23e86cd,310.9,0.52,QMOF reference
qmof-0d96be5,,FAILED,QMOF reference
qmof-21a8cfa,335.6,0.87,QMOF reference
qmof-455f267,319.7,0.5,QMOF reference
qmof-2b9c0b8,170.6,0.27,QMOF reference
qmof-7a9c4b8,377.7,0.37,QMOF reference
qmof-638b408,307.2,0.61,QMOF reference
qmof-cdb4849,378.7,0.44,QMOF reference
qmof-cfd2beb,317.9,0.49,QMOF reference
qmof-bf6dcca,249.2,0.28,QMOF reference
qmof-6ea4b0d,350.3,0.53,QMOF reference
qmof-bd46da1,,FAILED,QMOF reference
qmof-44c1049,384.0,0.9,QMOF reference
qmof-2306507,,FAILED,QMOF reference
qmof-0bbe221,343.5,0.95,QMOF reference
qmof-963fa90,316.6,0.96,QMOF reference
qmof-adae0e6,228.3,0.91,QMOF reference
qmof-55a2418,287.8,0.34,QMOF reference
qmof-37f0bc6,393.7,0.48,QMOF reference
qmof-639e83a,311.9,0.72,QMOF reference
qmof-7edf98b,328.2,0.78,QMOF reference
qmof-afcd814,289.7,0.51,QMOF reference
qmof-acebfa5,236.3,0.8,QMOF reference
qmof-447554f,305.0,0.72,QMOF reference
qmof-26b7a46,344.7,0.66,QMOF reference
qmof-876addd,,FAILED,QMOF reference
qmof-de0737b,242.0,0.95,QMOF reference
qmof-67bb876,234.3,0.3,QMOF reference
qmof-ea299cb,378.3,0.26,QMOF reference
qmof-60e0223,449.3,0.9,QMOF reference
qmof-ea44590,324.8,0.97,QMOF reference
qmof-11d85cf,339.0,0.87,QMOF reference
qmof-599995e,337.6,0.96,QMOF reference
qmof-24c4b62,-127.8,0.87,QMOF reference
qmof-505096a,202.4,0.75,QMOF reference
qmof-97fc651,337.1,0.97,QMOF reference
qmof-95b134a,365.7,0.92,QMOF reference
qmof-2b10e5e,450.1,0.86,QMOF reference
qmof-c3d6135,,FAILED,QMOF reference
qmof-e69af30,348.0,0.47,QMOF reference
qmof-6bc1eda,276.3,0.13,QMOF reference
qmof-812adef,360.0,0.9,QMOF reference
qmof-5c00a1d,395.9,0.94,QMOF reference
qmof-2bcb043,,FAILED,QMOF reference
qmof-f5294b2,328.6,0.46,QMOF reference
qmof-0a59800,340.8,0.96,QMOF reference
qmof-a248a94,288.2,0.56,QMOF reference
qmof-6707d22,253.3,0.54,QMOF reference
qmof-b6efd88,299.9,0.91,QMOF reference
qmof-23d17f0,320.7,0.82,QMOF reference
qmof-2a07f3f,355.3,0.36,QMOF reference
qmof-5a32162,280.2,0.24,QMOF reference
qmof-7399317,,FAILED,QMOF reference
qmof-e113aa0,267.1,0.74,QMOF reference
qmof-0a4649f,249.1,0.87,QMOF reference
qmof-5b0949c,309.9,0.32,QMOF reference
qmof-1e660af,307.8,0.74,QMOF reference
qmof-914b104,368.8,0.67,QMOF reference
qmof-09230cc,303.5,0.6,QMOF reference
qmof-f1ab94c,,FAILED,QMOF reference
qmof-1086d95,,FAILED,QMOF reference
qmof-945b6a5,373.3,0.84,QMOF reference
qmof-6eb7a12,355.2,0.5,QMOF reference
qmof-83e5a32,386.1,0.94,QMOF reference
qmof-8561cdc,280.6,0.78,QMOF reference
qmof-8b50aa7,348.3,0.24,QMOF reference
qmof-7e570fb,,FAILED,QMOF reference
qmof-918bad7,212.6,0.64,QMOF reference
qmof-e7919bd,332.5,0.94,QMOF reference
qmof-f9b8307,277.4,0.89,QMOF reference
qmof-1ad729f,,FAILED,QMOF reference
qmof-7f8b92b,381.8,0.83,QMOF reference
qmof-ed950f0,,FAILED,QMOF reference
qmof-808f3e7,301.2,0.31,QMOF reference
qmof-eacac19,,FAILED,QMOF reference
qmof-e7ec131,327.7,0.8,QMOF reference
qmof-acee021,,FAILED,QMOF reference
qmof-920b878,327.7,0.19,QMOF reference
qmof-85f8fb2,429.6,0.79,QMOF reference
qmof-d8012fd,370.1,0.76,QMOF reference
qmof-5524998,324.0,0.82,QMOF reference
qmof-faf6c2b,314.7,0.81,QMOF reference
qmof-2042bd9,391.8,0.74,QMOF reference
qmof-09f8fe4,402.2,0.42,QMOF reference
qmof-d8bdba8,315.0,0.7,QMOF reference
qmof-7c7b2bc,,FAILED,QMOF reference
qmof-e1495aa,298.6,0.93,QMOF reference
qmof-a33f7c9,396.9,0.88,QMOF reference
qmof-e556c47,372.5,0.43,QMOF reference
qmof-f3695a8,291.4,0.75,QMOF reference
qmof-0ea1d91,342.8,0.26,QMOF reference
qmof-38c79d8,342.4,0.93,QMOF reference
qmof-4ee5c8e,245.8,0.92,QMOF reference
qmof-bea0429,339.1,0.14,QMOF reference
qmof-85d5909,295.7,0.73,QMOF reference
qmof-e635eb9,356.8,0.94,QMOF reference
qmof-60b36e9,309.8,0.61,QMOF reference
qmof-dabdd9c,333.7,0.25,QMOF reference
qmof-dec78d7,320.9,0.92,QMOF reference
qmof-6663831,,FAILED,QMOF reference
qmof-40ada08,368.9,0.56,QMOF reference
qmof-f6b0222,,FAILED,QMOF reference
qmof-aeacab4,,FAILED,QMOF reference
qmof-1fc378d,303.0,0.82,QMOF reference
qmof-c31827a,406.6,0.82,QMOF reference
qmof-21f2fac,404.0,0.86,QMOF reference
qmof-a76ae33,313.3,0.08,QMOF reference
qmof-e977ad4,,FAILED,QMOF reference
qmof-3646488,382.5,0.35,QMOF reference
qmof-e329fe5,318.4,0.72,QMOF reference
qmof-8fdb398,,FAILED,QMOF reference
qmof-b36aa7a,418.2,0.8,QMOF reference
qmof-387f942,346.0,0.72,QMOF reference
qmof-6538047,299.6,0.91,QMOF reference
qmof-f057986,281.3,0.85,QMOF reference
qmof-81c74fb,242.6,0.28,QMOF reference
qmof-ab8d1a0,380.1,0.93,QMOF reference
qmof-89d9f99,232.5,0.65,QMOF reference
qmof-2b1047d,,FAILED,QMOF reference
qmof-6c8fb74,356.7,0.7,QMOF reference
qmof-da61c3d,263.4,0.77,QMOF reference
qmof-f80342c,253.3,0.51,QMOF reference
qmof-f57a76b,395.8,0.04,QMOF reference
qmof-f11cf25,302.8,0.14,QMOF reference
qmof-0690988,,FAILED,QMOF reference
qmof-19ab512,278.5,0.9,QMOF reference
qmof-232c7dc,293.8,0.75,QMOF reference
qmof-f547d31,388.8,0.94,QMOF reference
qmof-f13296d,313.4,0.94,QMOF reference
qmof-d15d784,357.8,0.82,QMOF reference
qmof-d6b4919,402.4,0.87,QMOF reference
qmof-190cb3e,399.7,0.22,QMOF reference
qmof-bc6d0a0,348.6,0.16,QMOF reference
qmof-b583a60,352.6,0.07,QMOF reference
qmof-7db11d0,275.2,0.17,QMOF reference
qmof-a9a917d,285.8,0.11,QMOF reference
qmof-1779f6b,,FAILED,QMOF reference
qmof-ddbf934,381.6,0.57,QMOF reference
qmof-31f7337,307.5,0.58,QMOF reference
qmof-dd9e8cd,330.3,0.66,QMOF reference
qmof-73cc336,328.8,0.92,QMOF reference
qmof-7b99639,308.4,0.73,QMOF reference
qmof-13416b3,360.9,0.44,QMOF reference
qmof-9548d26,225.8,0.91,QMOF reference
qmof-aaea06e,281.3,0.8,QMOF reference
qmof-aea2084,385.8,0.92,QMOF reference
qmof-760e8d9,243.5,0.84,QMOF reference
qmof-f62972b,429.1,0.92,QMOF reference
qmof-80c7415,348.2,0.96,QMOF reference
qmof-1a422b8,415.9,0.86,QMOF reference
qmof-146d27a,360.5,0.95,QMOF reference
qmof-993d33b,372.8,0.83,QMOF reference
qmof-11a9c18,,FAILED,QMOF reference
qmof-b18736d,,FAILED,QMOF reference
qmof-412a7c1,324.9,0.86,QMOF reference
qmof-293ef61,323.0,0.56,QMOF reference
qmof-cd4a060,334.3,0.93,QMOF reference
qmof-7955c68,322.0,0.21,QMOF reference
qmof-d49d224,268.6,0.3,QMOF reference
qmof-2446a3a,362.5,0.5,QMOF reference
qmof-ef0e530,367.6,0.63,QMOF reference
qmof-f73f181,312.2,0.57,QMOF reference
qmof-60d01a8,321.9,0.73,QMOF reference
qmof-431c61c,296.5,0.89,QMOF reference
qmof-27b9790,385.2,0.8,QMOF reference
qmof-ed69b2b,434.2,0.44,QMOF reference
qmof-6973720,,FAILED,QMOF reference
qmof-c398d5c,410.9,0.74,QMOF reference
qmof-2644313,351.4,0.78,QMOF reference
qmof-8917e9f,399.0,0.86,QMOF reference
qmof-0574750,,FAILED,QMOF reference
qmof-a79cfdd,285.8,0.36,QMOF reference
qmof-3422a7a,328.4,0.56,QMOF reference
qmof-3c6146b,,FAILED,QMOF reference
qmof-c3bd46e,428.4,0.42,QMOF reference
qmof-791707c,301.6,0.66,QMOF reference
qmof-0ce9c14,,FAILED,QMOF reference
qmof-ce08781,314.3,0.4,QMOF reference
qmof-c45f4fd,241.8,0.68,QMOF reference
qmof-25fb70b,,FAILED,QMOF reference
qmof-9b6ccd4,225.8,0.37,QMOF reference
qmof-31364b1,337.8,0.47,QMOF reference
qmof-37f4f13,329.5,0.75,QMOF reference
qmof-ad6a8cd,309.9,0.83,QMOF reference
qmof-0512788,327.5,0.73,QMOF reference
qmof-602abad,328.7,0.6,QMOF reference
qmof-a077195,319.9,0.31,QMOF reference
qmof-303620d,402.2,0.66,QMOF reference
qmof-f284c0f,294.4,0.14,QMOF reference
qmof-3f54b7d,,FAILED,QMOF reference
qmof-e92dc89,341.2,0.77,QMOF reference
qmof-c7e08a4,354.4,0.56,QMOF reference
qmof-b0ddd80,292.9,0.83,QMOF reference
qmof-aaacbaa,353.5,0.79,QMOF reference
qmof-3bc2493,301.2,0.53,QMOF reference
qmof-3a1e0f0,286.8,0.6,QMOF reference
qmof-2c24a5c,268.7,0.89,QMOF reference
qmof-1916139,302.0,0.9,QMOF reference
qmof-0b83e38,304.8,0.46,QMOF reference
qmof-897cb31,325.6,0.77,QMOF reference
qmof-14449b7,,FAILED,QMOF reference
qmof-de509d5,278.2,0.57,QMOF reference
qmof-18467b8,347.6,0.62,QMOF reference
qmof-71e58ff,,FAILED,QMOF reference
qmof-864bdcb,323.3,0.24,QMOF reference
qmof-a1c8920,278.9,0.46,QMOF reference
qmof-bd7e56c,364.7,0.62,QMOF reference
qmof-542c87d,317.4,0.16,QMOF reference
qmof-29755e5,243.0,0.96,QMOF reference
qmof-142011d,296.8,0.18,QMOF reference
qmof-9085ada,311.2,0.49,QMOF reference
qmof-c0a97ea,,FAILED,QMOF reference
qmof-a62e471,304.5,0.61,QMOF reference
qmof-ecb63ad,366.0,0.94,QMOF reference
qmof-4601464,350.5,0.53,QMOF reference
qmof-8895490,386.4,0.56,QMOF reference
qmof-5f2ccdc,247.1,0.93,QMOF reference
qmof-59d990b,342.8,0.85,QMOF reference
qmof-7cf79e0,365.0,0.39,QMOF reference
qmof-6596653,288.2,0.85,QMOF reference
qmof-18e6c5c,,FAILED,QMOF reference
qmof-87276cb,372.4,0.27,QMOF reference
qmof-5f6120f,237.2,0.89,QMOF reference
qmof-b4a9394,313.3,0.13,QMOF reference
qmof-a45077f,195.8,0.86,QMOF reference
qmof-b746762,378.9,0.73,QMOF reference
qmof-cb391ec,299.8,0.62,QMOF reference
qmof-aa7d356,401.4,0.87,QMOF reference
qmof-1c719d3,380.2,0.2,QMOF reference
qmof-f727745,283.0,0.82,QMOF reference
qmof-0a0bcfa,267.8,0.69,QMOF reference
qmof-14375bc,398.0,0.7,QMOF reference
qmof-18bb58c,342.3,0.67,QMOF reference
qmof-d1f791b,,FAILED,QMOF reference
qmof-84de20c,313.1,0.84,QMOF reference
qmof-3b648fa,,FAILED,QMOF reference
qmof-82b967d,246.5,0.12,QMOF reference
qmof-fea0a99,269.0,0.32,QMOF reference
qmof-4b4837b,302.8,0.5,QMOF reference
qmof-fe6e0c3,279.0,0.68,QMOF reference
qmof-7931216,,FAILED,QMOF reference
qmof-3daccc9,385.0,0.66,QMOF reference
qmof-a146fa2,337.9,0.81,QMOF reference
qmof-09e67ae,377.2,0.52,QMOF reference
qmof-b32e4aa,355.4,0.84,QMOF reference
qmof-ed7b57e,,FAILED,QMOF reference
qmof-2f0e952,386.4,0.2,QMOF reference
qmof-509d624,292.4,0.67,QMOF reference
qmof-d73088d,272.3,0.45,QMOF reference
qmof-5c2de5c,253.8,0.22,QMOF reference
qmof-65f86ea,,FAILED,QMOF reference
qmof-8a5626d,380.0,0.9,QMOF reference
qmof-c68ff44,292.6,0.94,QMOF reference
qmof-ecc4da9,279.0,0.36,QMOF reference
qmof-ad847be,380.1,0.87,QMOF reference
qmof-cb0a854,424.5,0.28,QMOF reference
qmof-06edf43,327.4,0.91,QMOF reference
qmof-bfc5248,353.1,0.18,QMOF reference
qmof-3417ac3,280.1,0.75,QMOF reference
qmof-494d576,258.8,0.67,QMOF reference
qmof-b6e61e4,344.7,0.52,QMOF reference
qmof-3bb58fe,344.6,0.78,QMOF reference
qmof-7baabe7,371.9,0.54,QMOF reference
qmof-7b44c95,383.9,0.51,QMOF reference
qmof-0feb730,352.2,0.84,QMOF reference
qmof-f0ae035,344.8,0.83,QMOF reference
qmof-89ba43a,267.4,0.86,QMOF reference
qmof-60626cd,305.0,0.59,QMOF reference
qmof-c0f2b02,404.6,0.72,QMOF reference
qmof-e0b6341,352.2,0.95,QMOF reference
qmof-2c2b344,293.7,0.57,QMOF reference
qmof-ee54bc0,270.4,0.7,QMOF reference
qmof-d03fdac,294.6,0.79,QMOF reference
qmof-dc05a49,261.5,0.92,QMOF reference
qmof-acaa637,285.5,0.51,QMOF reference
qmof-93add93,358.6,0.84,QMOF reference
qmof-b24f408,296.2,0.77,QMOF reference
qmof-b0ed692,269.7,0.31,QMOF reference
qmof-d4c0a72,281.5,0.89,QMOF reference
qmof-42d2469,354.8,0.49,QMOF reference
qmof-f26628c,333.5,0.82,QMOF reference
qmof-de74ec5,326.7,0.23,QMOF reference
qmof-033e292,352.1,0.22,QMOF reference
qmof-1b80432,,FAILED,QMOF reference
qmof-90271e6,358.3,0.92,QMOF reference
qmof-d5e2e67,303.7,0.81,QMOF reference
qmof-a4fb40a,287.3,0.87,QMOF reference
qmof-9c9e23d,270.7,0.39,QMOF reference
qmof-1089298,295.8,0.21,QMOF reference
qmof-9044ea9,334.6,0.2,QMOF reference
qmof-1d79778,257.7,0.39,QMOF reference
qmof-7cebcee,405.2,0.92,QMOF reference
qmof-f564469,230.6,0.97,QMOF reference
qmof-e3caa7b,290.4,0.82,QMOF reference
qmof-57abf68,356.6,0.91,QMOF reference
qmof-0db3229,423.1,0.62,QMOF reference
qmof-abbe9d3,302.6,0.92,QMOF reference
qmof-b05923b,358.9,0.08,QMOF reference
qmof-f65f438,,FAILED,QMOF reference
qmof-3a7ba2f,335.6,0.95,QMOF reference
qmof-4fba533,290.1,0.26,QMOF reference
qmof-1ccebc5,365.5,0.43,QMOF reference
qmof-3c3b297,273.7,0.87,QMOF reference
qmof-a326ecc,293.4,0.57,QMOF reference
qmof-1594bd7,,FAILED,QMOF reference
qmof-2fd64af,242.9,0.76,QMOF reference
qmof-65b4335,391.7,0.81,QMOF reference
qmof-3b6652e,,FAILED,QMOF reference
qmof-45ec415,317.0,0.22,QMOF reference
qmof-bf4d30a,416.3,0.12,QMOF reference
qmof-4a16101,420.0,0.93,QMOF reference
qmof-2f3b6d6,,FAILED,QMOF reference
qmof-000741d,348.1,0.96,QMOF reference
qmof-68d2a22,,FAILED,QMOF reference
qmof-fafc586,,FAILED,QMOF reference
qmof-9cc65c5,438.2,0.12,QMOF reference
qmof-cb807bf,347.2,0.68,QMOF reference
qmof-b409c3d,440.1,0.36,QMOF reference
qmof-031e1d8,312.7,0.92,QMOF reference
qmof-d62afed,,FAILED,QMOF reference
qmof-9238a46,353.2,0.92,QMOF reference
qmof-0b3e7a7,291.8,0.57,QMOF reference
qmof-cc0269e,316.0,0.9,QMOF reference
qmof-46a3716,313.7,0.9,QMOF reference
qmof-f1bf5ff,384.7,0.31,QMOF reference
qmof-8e117f6,291.2,0.11,QMOF reference
qmof-1ca5878,322.6,0.08,QMOF reference
qmof-7964502,352.4,0.84,QMOF reference
qmof-9054b9c,258.4,0.56,QMOF reference
qmof-bc178bf,375.3,0.33,QMOF reference
qmof-e88d26e,389.9,0.68,QMOF reference
qmof-9437b91,439.9,0.37,QMOF reference
qmof-e230445,318.0,0.08,QMOF reference
qmof-a65e183,323.4,0.19,QMOF reference
qmof-57bd41b,257.7,0.15,QMOF reference
qmof-6743746,257.3,0.8,QMOF reference
qmof-c49cab0,362.7,0.59,QMOF reference
qmof-c4a4198,332.5,0.81,QMOF reference
qmof-3aa544f,344.0,0.6,QMOF reference
qmof-4ec3895,352.4,0.85,QMOF reference
qmof-951d08f,,FAILED,QMOF reference
qmof-f4d2cb4,268.1,0.88,QMOF reference
qmof-2d6e25d,337.8,0.87,QMOF reference
qmof-0df7bd9,281.3,0.89,QMOF reference
qmof-f69b853,,FAILED,QMOF reference
qmof-f87c9d1,283.0,0.3,QMOF reference
qmof-97f8d81,322.8,0.81,QMOF reference
qmof-9f0b3fe,282.1,0.58,QMOF reference
qmof-a6c18e1,247.2,0.89,QMOF reference
qmof-dbb4b69,301.9,0.47,QMOF reference
qmof-5fe93a5,,FAILED,QMOF reference
qmof-1c4f970,336.6,0.73,QMOF reference
qmof-a8b674d,317.9,0.7,QMOF reference
qmof-922fdba,376.0,0.31,QMOF reference
qmof-8cd92f2,310.2,0.53,QMOF reference
qmof-9f906c1,,FAILED,QMOF reference
qmof-4f8d0a9,255.0,0.71,QMOF reference
qmof-6fe7cc9,,FAILED,QMOF reference
qmof-d91e33b,313.7,0.65,QMOF reference
qmof-7f22f47,318.2,0.17,QMOF reference
qmof-dcb6b1b,348.4,0.41,QMOF reference
qmof-ee4a4ac,317.5,0.47,QMOF reference
qmof-b20f8f8,306.8,0.35,QMOF reference
qmof-9aad35b,326.3,0.96,QMOF reference
qmof-ae99cce,370.1,0.52,QMOF reference
qmof-94af341,362.1,0.82,QMOF reference
qmof-176cc4f,346.7,0.84,QMOF reference
qmof-2d787b0,282.8,0.85,QMOF reference
qmof-e7d7fee,355.3,0.73,QMOF reference
qmof-f9c2a3d,308.7,0.47,QMOF reference
qmof-807cae8,318.6,0.91,QMOF reference
qmof-4a746e9,234.5,0.51,QMOF reference
qmof-0a24ace,,FAILED,QMOF reference
qmof-00a191a,,FAILED,QMOF reference
qmof-84391bd,398.4,0.61,QMOF reference
qmof-c28cb69,244.6,0.22,QMOF reference
qmof-9da79ba,369.0,0.42,QMOF reference
qmof-1f7477f,439.6,0.91,QMOF reference
qmof-d083099,283.1,0.65,QMOF reference
qmof-2bce3f1,400.8,0.86,QMOF reference
qmof-531c126,,FAILED,QMOF reference
qmof-051ebe1,398.6,0.46,QMOF reference
qmof-f73a457,469.2,0.88,QMOF reference
qmof-f8c8bd4,304.0,0.52,QMOF reference
qmof-31fb841,266.3,0.29,QMOF reference
qmof-e7ae2d4,339.8,0.65,QMOF reference
qmof-df3291a,282.7,0.78,QMOF reference
qmof-3e5a59b,294.6,0.96,QMOF reference
qmof-9d582e8,371.2,0.68,QMOF reference
qmof-2e95254,,FAILED,QMOF reference
qmof-0417e5b,,FAILED,QMOF reference
qmof-e34b785,337.9,0.52,QMOF reference
qmof-52d7274,315.4,0.94,QMOF reference
qmof-cc6a37f,,FAILED,QMOF reference
qmof-01d519e,326.4,0.15,QMOF reference
qmof-bb1d955,343.4,0.96,QMOF reference
qmof-ef90e65,365.9,0.25,QMOF reference
qmof-fee6f21,321.2,0.95,QMOF reference
qmof-fdc53a4,320.2,0.4,QMOF reference
qmof-e88dad9,203.2,0.89,QMOF reference
qmof-7f68dde,302.8,0.93,QMOF reference
qmof-a373c39,429.7,0.9,QMOF reference
qmof-7144491,325.1,0.52,QMOF reference
qmof-68d5d34,280.0,0.9,QMOF reference
qmof-40b01a1,292.0,0.17,QMOF reference
qmof-7714b19,319.4,0.94,QMOF reference
qmof-cf3daa8,285.8,0.68,QMOF reference
qmof-9fbf56a,352.7,0.3,QMOF reference
qmof-25cd768,299.5,0.94,QMOF reference
qmof-50ec5b1,,FAILED,QMOF reference
qmof-8e8295c,,FAILED,QMOF reference
qmof-7bbf934,303.9,0.51,QMOF reference
qmof-8f0fcd4,289.8,0.43,QMOF reference
qmof-7f0e6bf,409.8,0.75,QMOF reference
qmof-44e4b0a,276.7,0.48,QMOF reference
qmof-612faa4,,FAILED,QMOF reference
qmof-2de5ad7,405.1,0.89,QMOF reference
qmof-76880c0,328.9,0.06,QMOF reference
qmof-c15a2c8,327.0,0.66,QMOF reference
qmof-2fe05e8,370.6,0.6,QMOF reference
qmof-b9817b1,340.6,0.92,QMOF reference
qmof-fe63fce,335.3,0.86,QMOF reference
qmof-a7e6a8e,319.8,0.39,QMOF reference
qmof-a3fe9b5,413.4,0.1,QMOF reference
qmof-1fd70f2,460.9,0.75,QMOF reference
qmof-e08f21e,389.7,0.19,QMOF reference
qmof-cf4c03c,337.0,0.29,QMOF reference
qmof-7bd804d,316.5,0.13,QMOF reference
qmof-b6c72b2,417.5,0.96,QMOF reference
qmof-17c0863,273.5,0.9,QMOF reference
qmof-09cb520,253.6,0.19,QMOF reference
qmof-a52c2a4,336.6,0.95,QMOF reference
qmof-7ef70ec,300.3,0.85,QMOF reference
qmof-caee757,362.3,0.07,QMOF reference
qmof-34956b1,385.5,0.94,QMOF reference
qmof-3406a31,389.4,0.9,QMOF reference
qmof-dc78201,314.6,0.87,QMOF reference
qmof-0867910,318.1,0.78,QMOF reference
qmof-5df73e3,262.6,0.53,QMOF reference
qmof-849cda5,328.6,0.67,QMOF reference
qmof-0e64acd,326.9,0.61,QMOF reference
qmof-e8046f4,266.6,0.96,QMOF reference
qmof-59396ea,377.4,0.75,QMOF reference
qmof-245b3af,443.6,0.49,QMOF reference
qmof-ba6027c,417.8,0.84,QMOF reference
qmof-b156f80,331.5,0.42,QMOF reference
qmof-455ae06,287.5,0.3,QMOF reference
qmof-6a57bbc,361.7,0.78,QMOF reference
qmof-c73f4f0,374.3,0.34,QMOF reference
qmof-c3ddefd,376.9,0.93,QMOF reference
qmof-c429dbc,269.2,0.36,QMOF reference
qmof-72725f4,295.0,0.94,QMOF reference
qmof-18d33c2,242.9,0.58,QMOF reference
qmof-cd2b932,489.6,0.94,QMOF reference
qmof-d572147,340.7,0.66,QMOF reference
qmof-40c7632,382.4,0.87,QMOF reference
qmof-1464054,,FAILED,QMOF reference
qmof-21356e5,335.4,0.94,QMOF reference
qmof-8190505,303.3,0.22,QMOF reference
qmof-6e3cb86,348.9,0.75,QMOF reference
qmof-564c0a3,153.4,0.72,QMOF reference
qmof-3cb7165,,FAILED,QMOF reference
qmof-e4c0eb6,,FAILED,QMOF reference
qmof-efc74fb,283.6,0.91,QMOF reference
qmof-8465617,267.4,0.69,QMOF reference
qmof-ce16907,326.6,0.94,QMOF reference
qmof-b1dd1e9,338.1,0.92,QMOF reference
qmof-8f84700,294.6,0.28,QMOF reference
qmof-1d7c595,406.7,0.58,QMOF reference
qmof-ff35f32,298.9,0.72,QMOF reference
qmof-e9940c9,365.7,0.48,QMOF reference
qmof-4835fba,,FAILED,QMOF reference
qmof-f088d9c,,FAILED,QMOF reference
qmof-ba8315e,313.3,0.86,QMOF reference
qmof-e3255df,365.1,0.94,QMOF reference
qmof-b5a3100,395.3,0.85,QMOF reference
qmof-3eaeab9,306.6,0.91,QMOF reference
qmof-29ebc7c,323.9,0.12,QMOF reference
qmof-f6ecddf,,FAILED,QMOF reference
qmof-fae8514,,FAILED,QMOF reference
qmof-482e151,,FAILED,QMOF reference
qmof-9a595a3,335.3,0.43,QMOF reference
qmof-6c2188f,308.8,0.23,QMOF reference
qmof-b84ea04,379.7,0.94,QMOF reference
qmof-3e7238d,343.1,0.2,QMOF reference
qmof-574ecbc,320.6,0.39,QMOF reference
qmof-8ed6a02,300.3,0.95,QMOF reference
qmof-c2ac0fe,271.3,0.36,QMOF reference
qmof-1e0ee22,,FAILED,QMOF reference
qmof-5dfdb5e,297.6,0.83,QMOF reference
qmof-a20d3c9,386.8,0.88,QMOF reference
qmof-006948c,294.1,0.65,QMOF reference
qmof-b882056,414.6,0.6,QMOF reference
qmof-55e124e,420.1,0.87,QMOF reference
qmof-d089c7c,286.5,0.93,QMOF reference
qmof-e8e4106,280.2,0.72,QMOF reference
qmof-8be85a4,449.2,0.74,QMOF reference
qmof-caff655,312.2,0.8,QMOF reference
qmof-9344e10,215.1,0.39,QMOF reference
qmof-fbfab17,239.0,0.07,QMOF reference
qmof-f7ee91d,341.9,0.64,QMOF reference
qmof-1de40a5,432.9,0.55,QMOF reference
qmof-0ae6bd2,326.9,0.78,QMOF reference
qmof-1bb977e,,FAILED,QMOF reference
qmof-13da5e7,,FAILED,QMOF reference
qmof-18b34f3,291.5,0.84,QMOF reference
qmof-d75d8da,293.2,0.76,QMOF reference
qmof-8a385b6,337.6,0.51,QMOF reference
qmof-e25f656,339.0,0.84,QMOF reference
qmof-e2ab328,270.2,0.89,QMOF reference
qmof-d00d150,337.7,0.24,QMOF reference
qmof-a536eda,,FAILED,QMOF reference
qmof-0a1db90,329.0,0.38,QMOF reference
qmof-8e3b886,,FAILED,QMOF reference
qmof-cb5e0c8,262.6,0.7,QMOF reference
qmof-dff257b,328.1,0.93,QMOF reference
qmof-3cd6c37,354.1,0.51,QMOF reference
qmof-cb81f47,353.9,0.38,QMOF reference
qmof-762fe76,355.2,0.75,QMOF reference
qmof-9e9f1d7,334.0,0.74,QMOF reference
qmof-f19d234,399.9,0.82,QMOF reference
qmof-ee31ec3,381.4,0.91,QMOF reference
qmof-651a6e1,372.0,0.76,QMOF reference
qmof-e0ac9d9,260.9,0.98,QMOF reference
qmof-1265f27,322.7,0.32,QMOF reference
qmof-59b9f50,330.5,0.49,QMOF reference
qmof-8643335,,FAILED,QMOF reference
qmof-bd6a27b,279.4,0.5,QMOF reference
qmof-62f1dcc,261.8,0.64,QMOF reference
qmof-867714c,318.5,0.43,QMOF reference
qmof-9bb480f,,FAILED,QMOF reference
qmof-933d49a,398.1,0.88,QMOF reference
qmof-fc04194,361.8,0.96,QMOF reference
qmof-d4963a6,296.9,0.25,QMOF reference
qmof-3477ecf,207.9,0.8,QMOF reference
qmof-fa5b4d2,433.0,0.54,QMOF reference
qmof-5a36ead,334.8,0.82,QMOF reference
qmof-ef8652c,347.0,0.95,QMOF reference
qmof-fe209a3,320.5,0.87,QMOF reference
qmof-b89c781,416.6,0.88,QMOF reference
qmof-f6f5702,309.3,0.83,QMOF reference
qmof-aea7c01,353.1,0.44,QMOF reference
qmof-a1f00d0,326.4,0.48,QMOF reference
qmof-b2e3944,310.5,0.09,QMOF reference
qmof-c03b323,240.5,0.31,QMOF reference
qmof-7e74c2d,352.6,0.5,QMOF reference
qmof-b0c92ad,418.3,0.56,QMOF reference
qmof-6919937,270.6,0.7,QMOF reference
qmof-eb2ec97,426.6,0.26,QMOF reference
qmof-d3dcec0,450.5,0.17,QMOF reference
qmof-3bb252f,259.9,0.36,QMOF reference
qmof-cb22aa8,450.0,0.77,QMOF reference
qmof-b9ae1a9,390.1,0.84,QMOF reference
qmof-2438f1c,404.1,0.54,QMOF reference
qmof-3209aae,351.5,0.48,QMOF reference
qmof-2b1cdb0,337.9,0.23,QMOF reference
qmof-f13fc03,311.3,0.91,QMOF reference
qmof-139da7b,323.6,0.33,QMOF reference
qmof-647cdef,372.8,0.57,QMOF reference
qmof-5d1443b,,FAILED,QMOF reference
qmof-4d83d6f,329.9,0.85,QMOF reference
qmof-04a1fed,303.3,0.59,QMOF reference
qmof-6a3f73b,305.5,0.89,QMOF reference
qmof-30b35a0,301.5,0.53,QMOF reference
qmof-c9c2b82,395.8,0.86,QMOF reference
qmof-f2b7ece,284.4,0.74,QMOF reference
qmof-ce6bf13,335.3,0.78,QMOF reference
qmof-a208830,285.5,0.67,QMOF reference
qmof-2fe9d9b,323.2,0.32,QMOF reference
qmof-ee04670,,FAILED,QMOF reference
qmof-cc82b11,315.2,0.67,QMOF reference
qmof-681ecb3,236.2,0.33,QMOF reference
qmof-cd21dc4,268.3,0.42,QMOF reference
qmof-4e42f7a,306.9,0.74,QMOF reference
qmof-7758afe,369.4,0.67,QMOF reference
qmof-07d7fd6,376.8,0.68,QMOF reference
qmof-38c31e8,354.8,0.19,QMOF reference
qmof-30417b0,245.4,0.7,QMOF reference
qmof-449a0d1,416.4,0.93,QMOF reference
qmof-f2ed8cf,254.3,0.34,QMOF reference
qmof-82a687d,351.8,0.86,QMOF reference
qmof-8780f49,388.5,0.43,QMOF reference
qmof-e29ce6a,320.5,0.23,QMOF reference
qmof-c42c24d,360.5,0.29,QMOF reference
qmof-e84c5c9,371.5,0.44,QMOF reference
qmof-421f50d,387.4,0.7,QMOF reference
qmof-4c1e100,344.1,0.81,QMOF reference
qmof-ebdd852,338.3,0.71,QMOF reference
qmof-d38bd9e,308.2,0.4,QMOF reference
qmof-513ea44,406.7,0.27,QMOF reference
qmof-def2fe1,372.2,0.47,QMOF reference
qmof-d8307a2,237.0,0.86,QMOF reference
qmof-7fc4a4e,385.8,0.93,QMOF reference
qmof-7627178,261.0,0.7,QMOF reference
qmof-ef047dc,386.5,0.83,QMOF reference
qmof-1bc3b06,,FAILED,QMOF reference
qmof-1a13c5a,295.7,0.46,QMOF reference
qmof-036e2cc,307.2,0.44,QMOF reference
qmof-0c0c81d,364.9,0.16,QMOF reference
qmof-264811f,277.2,0.48,QMOF reference
qmof-bbb6c74,323.8,0.76,QMOF reference
qmof-14525b3,396.9,0.7,QMOF reference
qmof-ca17527,,FAILED,QMOF reference
qmof-3826428,397.1,0.76,QMOF reference
qmof-ccec7e9,281.5,0.35,QMOF reference
qmof-b334eed,316.1,0.74,QMOF reference
qmof-dc71bb1,292.2,0.44,QMOF reference
qmof-2c46c8a,325.2,0.66,QMOF reference
qmof-6975221,310.2,0.82,QMOF reference
qmof-50307ac,327.6,0.14,QMOF reference
qmof-e74a5a6,270.6,0.53,QMOF reference
qmof-af9803a,323.1,0.54,QMOF reference
qmof-b8d6c96,,FAILED,QMOF reference
qmof-a2ebc30,353.4,0.88,QMOF reference
qmof-3d621ad,,FAILED,QMOF reference
qmof-88a6105,347.0,0.59,QMOF reference
qmof-a2745e9,273.5,0.15,QMOF reference
qmof-0514159,271.6,0.86,QMOF reference
qmof-00c7bfb,358.3,0.39,QMOF reference
qmof-4acb06b,308.9,0.59,QMOF reference
qmof-06d1650,392.3,0.6,QMOF reference
qmof-cda8e7d,348.6,0.79,QMOF reference
qmof-771df3f,345.9,0.61,QMOF reference
qmof-640ce15,360.0,0.44,QMOF reference
qmof-f956001,239.2,0.89,QMOF reference
qmof-76d49d3,400.5,0.49,QMOF reference
qmof-dbee9b2,345.4,0.8,QMOF reference
qmof-68f408d,289.2,0.82,QMOF reference
qmof-14c7a9e,260.6,0.61,QMOF reference
qmof-58acdfc,282.0,0.36,QMOF reference
qmof-62e71b9,361.7,0.75,QMOF reference
qmof-f21d339,301.6,0.92,QMOF reference
qmof-b7815da,482.5,0.87,QMOF reference
qmof-1751505,304.3,0.46,QMOF reference
qmof-3b8fbc7,331.8,0.89,QMOF reference
qmof-35cbef3,313.2,0.52,QMOF reference
qmof-25cb0aa,354.4,0.83,QMOF reference
qmof-84292ef,,FAILED,QMOF reference
qmof-885c8fc,318.6,0.73,QMOF reference
qmof-08696b5,334.8,0.65,QMOF reference
qmof-25451e6,448.0,0.51,QMOF reference
qmof-06a123a,,FAILED,QMOF reference
qmof-4125488,292.6,0.9,QMOF reference
qmof-6549231,,FAILED,QMOF reference
qmof-288158a,230.3,0.83,QMOF reference
qmof-9fd94e8,268.0,0.14,QMOF reference
qmof-feb06f2,,FAILED,QMOF reference
qmof-2bdd6ef,431.1,0.11,QMOF reference
qmof-3dc9ab6,328.8,0.51,QMOF reference
qmof-e2787da,,FAILED,QMOF reference
qmof-5ba30e8,225.9,0.42,QMOF reference
qmof-65cc006,343.5,0.58,QMOF reference
qmof-2b284cb,472.1,0.09,QMOF reference
qmof-4f42788,421.6,0.54,QMOF reference
qmof-8471fda,311.5,0.82,QMOF reference
qmof-13d0709,342.8,0.15,QMOF reference
qmof-f719f24,355.3,0.74,QMOF reference
qmof-1f2bd91,319.4,0.71,QMOF reference
qmof-fe664ae,318.4,0.33,QMOF reference
qmof-a517cdf,475.6,0.44,QMOF reference
qmof-c7f7b10,404.6,0.87,QMOF reference
qmof-3d6fcc8,239.8,0.93,QMOF reference
qmof-43ef3a1,,FAILED,QMOF reference
qmof-1279fa4,390.3,0.38,QMOF reference
qmof-352b9b5,313.9,0.37,QMOF reference
qmof-a64dc4b,297.5,0.72,QMOF reference
qmof-6d5f5b1,316.5,0.31,QMOF reference
qmof-efe0639,363.9,0.11,QMOF reference
qmof-d772375,289.7,0.31,QMOF reference
qmof-e40f7eb,,FAILED,QMOF reference
qmof-1c40391,367.7,0.36,QMOF reference
qmof-310ec70,278.8,0.22,QMOF reference
qmof-756a348,241.6,0.33,QMOF reference
qmof-31183ec,215.9,0.78,QMOF reference
qmof-e078e09,334.3,0.96,QMOF reference
qmof-b8a2f41,334.5,0.78,QMOF reference
qmof-f5a6ccc,284.5,0.19,QMOF reference
qmof-32e331b,253.2,0.58,QMOF reference
qmof-6b10fb5,356.7,0.11,QMOF reference
qmof-2ade4ad,266.0,0.72,QMOF reference
qmof-18c2abc,356.4,0.45,QMOF reference
qmof-d95c17f,369.9,0.14,QMOF reference
qmof-30d0748,330.0,0.85,QMOF reference
qmof-d7aae20,,FAILED,QMOF reference
qmof-b1bac88,339.0,0.85,QMOF reference
qmof-abbe204,,FAILED,QMOF reference
qmof-8a43e5d,341.1,0.1,QMOF reference
qmof-6cf7eac,442.9,0.9,QMOF reference
qmof-2c240b6,304.3,0.79,QMOF reference
qmof-07d29e9,457.2,0.35,QMOF reference
qmof-4a4c8d7,331.2,0.79,QMOF reference
qmof-736e83b,254.7,0.12,QMOF reference
qmof-ca62567,240.5,0.66,QMOF reference
qmof-18ca0bf,342.3,0.96,QMOF reference
qmof-40b16c5,300.7,0.09,QMOF reference
qmof-af94b81,,FAILED,QMOF reference
qmof-20cc2c2,,FAILED,QMOF reference
qmof-ec0e783,254.5,0.93,QMOF reference
qmof-cdab0e2,303.4,0.55,QMOF reference
qmof-0fbfb10,284.1,0.63,QMOF reference
qmof-a2fa029,357.3,0.34,QMOF reference
qmof-91df703,398.9,0.63,QMOF reference
qmof-ec830fc,315.9,0.87,QMOF reference
qmof-763fa30,314.3,0.82,QMOF reference
qmof-0751ed8,328.4,0.92,QMOF reference
qmof-fbea80f,310.8,0.63,QMOF reference
qmof-6ef3375,,FAILED,QMOF reference
qmof-ed18da1,,FAILED,QMOF reference
qmof-cc941c8,310.3,0.69,QMOF reference
qmof-95c1284,366.1,0.58,QMOF reference
qmof-3151dac,175.4,0.69,QMOF reference
qmof-f22a7c6,351.0,0.29,QMOF reference
qmof-d05d631,300.1,0.45,QMOF reference
qmof-b750fde,308.6,0.26,QMOF reference
qmof-f85e53b,254.4,0.6,QMOF reference
qmof-597759a,354.4,0.22,QMOF reference
qmof-862da56,,FAILED,QMOF reference
qmof-95786c6,,FAILED,QMOF reference
qmof-fccf4ef,315.6,0.88,QMOF reference
qmof-7568def,327.1,0.9,QMOF reference
qmof-349a9a4,366.6,0.36,QMOF reference
qmof-70dc434,357.3,0.29,QMOF reference
qmof-e566fbb,313.3,0.65,QMOF reference
qmof-cac1cea,271.2,0.86,QMOF reference
qmof-875191b,395.3,0.93,QMOF reference
qmof-55db22c,261.2,0.47,QMOF reference
qmof-663df11,,FAILED,QMOF reference
qmof-d835dd7,360.9,0.25,QMOF reference
qmof-98faec6,248.7,0.92,QMOF reference
qmof-c7e6e15,278.5,0.83,QMOF reference
qmof-aabf74a,242.6,0.17,QMOF reference
qmof-41af215,306.3,0.82,QMOF reference
qmof-e8e772c,223.3,0.55,QMOF reference
qmof-07c71de,245.3,0.64,QMOF reference
qmof-6f454df,369.5,0.23,QMOF reference
qmof-0172c2a,405.4,0.76,QMOF reference
qmof-4e3b58f,328.6,0.93,QMOF reference
qmof-73aa17b,,FAILED,QMOF reference
qmof-3e7bd15,287.2,0.62,QMOF reference
qmof-91b1821,246.5,0.5,QMOF reference
qmof-462389a,,FAILED,QMOF reference
qmof-4ff383d,,FAILED,QMOF reference
qmof-712f64c,420.9,0.46,QMOF reference
qmof-e14a6bb,315.0,0.22,QMOF reference
qmof-f5dbc93,219.3,0.74,QMOF reference
qmof-e718222,326.2,0.71,QMOF reference
qmof-ea15ac0,382.2,0.6,QMOF reference
qmof-8eba52e,384.1,0.59,QMOF reference
qmof-8fbcfd3,312.5,0.87,QMOF reference
qmof-4549ea7,403.5,0.19,QMOF reference
qmof-af6bd63,,FAILED,QMOF reference
qmof-dd2be73,413.2,0.92,QMOF reference
qmof-c54e213,269.5,0.67,QMOF reference
qmof-54067df,324.8,0.48,QMOF reference
qmof-42129bc,336.4,0.34,QMOF reference
qmof-60464fc,397.4,0.6,QMOF reference
qmof-9d86bee,290.1,0.93,QMOF reference
qmof-41a421b,253.2,0.07,QMOF reference
qmof-8d39634,477.8,0.01,QMOF reference
qmof-eb3d8ac,369.4,0.31,QMOF reference
qmof-8c3c946,323.9,0.75,QMOF reference
qmof-26c23d6,319.6,0.3,QMOF reference
qmof-eef52fd,347.9,0.55,QMOF reference
qmof-b7bdebd,,FAILED,QMOF reference
qmof-8b935c8,356.1,0.54,QMOF reference
qmof-15375c3,310.1,0.33,QMOF reference
qmof-cb092ca,265.0,0.42,QMOF reference
qmof-ce51936,307.3,0.8,QMOF reference
qmof-eef474b,277.6,0.14,QMOF reference
qmof-3c2f047,,FAILED,QMOF reference
qmof-aecd116,323.1,0.14,QMOF reference
qmof-371eb98,343.9,0.1,QMOF reference
qmof-c242443,486.7,0.46,QMOF reference
qmof-e8df2d4,244.8,0.12,QMOF reference
qmof-b84877c,321.0,0.51,QMOF reference
qmof-ae3b943,405.4,0.46,QMOF reference
qmof-07dae64,315.4,0.79,QMOF reference
qmof-3133b45,379.9,0.53,QMOF reference
qmof-25628aa,,FAILED,QMOF reference
qmof-6d32b28,288.3,0.71,QMOF reference
qmof-a740fb7,302.7,0.93,QMOF reference
qmof-34515cf,346.2,0.93,QMOF reference
qmof-b9cda88,,FAILED,QMOF reference
qmof-6b9969b,,FAILED,QMOF reference
qmof-e3bbf40,350.9,0.76,QMOF reference
qmof-c330c01,281.0,0.92,QMOF reference
qmof-8539847,316.0,0.42,QMOF reference
qmof-23af1a9,489.0,0.64,QMOF reference
qmof-3366fb1,263.1,0.91,QMOF reference
qmof-9690414,325.6,0.38,QMOF reference
qmof-0232ee4,,FAILED,QMOF reference
qmof-6d57f92,,FAILED,QMOF reference
qmof-6f69f19,254.2,0.61,QMOF reference
qmof-53530b6,341.4,0.61,QMOF reference
qmof-4a7d9c5,341.2,0.8,QMOF reference
qmof-f84b92c,353.1,0.23,QMOF reference
qmof-2f0e2e8,,FAILED,QMOF reference
qmof-548283f,257.6,0.81,QMOF reference
qmof-23432b4,336.8,0.87,QMOF reference
qmof-7a4eaf0,,FAILED,QMOF reference
qmof-3854d9a,364.7,0.19,QMOF reference
qmof-5b20bb3,332.1,0.86,QMOF reference
qmof-c53b31d,,FAILED,QMOF reference
qmof-a831c79,,FAILED,QMOF reference
qmof-3fbfce0,317.4,0.82,QMOF reference
qmof-a5946bb,337.7,0.79,QMOF reference
qmof-8741cdf,334.8,0.81,QMOF reference
qmof-f52e2c1,383.1,0.81,QMOF reference
qmof-8494aed,355.4,0.95,QMOF reference
qmof-002580c,286.9,0.42,QMOF reference
qmof-d49da6f,344.3,0.85,QMOF reference
qmof-5ad859a,,FAILED,QMOF reference
qmof-b927353,414.9,0.61,QMOF reference
qmof-00a7fd4,362.6,0.31,QMOF reference
qmof-0ee4bf6,301.9,0.89,QMOF reference
qmof-18b2c52,386.6,0.9,QMOF reference
qmof-be16fca,432.6,0.25,QMOF reference
qmof-db4f7d1,273.4,0.49,QMOF reference
qmof-1461a66,341.7,0.85,QMOF reference
qmof-9ffff52,,FAILED,QMOF reference
qmof-534822c,306.3,0.74,QMOF reference
qmof-0faa5f9,246.0,0.86,QMOF reference
qmof-b1632e7,,FAILED,QMOF reference
qmof-8114598,361.2,0.61,QMOF reference
qmof-85f74c8,314.6,0.58,QMOF reference
qmof-849e68b,313.2,0.62,QMOF reference
qmof-fdc196e,296.6,0.56,QMOF reference
qmof-c4a7ecd,356.5,0.58,QMOF reference
qmof-71f1dac,354.8,0.69,QMOF reference
qmof-98dce4c,348.7,0.72,QMOF reference
qmof-57618be,320.9,0.6,QMOF reference
qmof-a12ff29,257.9,0.97,QMOF reference
qmof-806e25c,311.5,0.97,QMOF reference
qmof-6f3892c,312.6,0.83,QMOF reference
qmof-77b6816,304.3,0.71,QMOF reference
qmof-521b995,343.7,0.33,QMOF reference
qmof-f258d2d,357.3,0.7,QMOF reference
qmof-d42765b,267.8,0.78,QMOF reference
qmof-6e89a67,322.6,0.47,QMOF reference
qmof-6bd80b9,320.1,0.15,QMOF reference
qmof-bb03073,337.7,0.62,QMOF reference
qmof-e4e85bb,,FAILED,QMOF reference
qmof-1798d3b,351.7,0.9,QMOF reference
qmof-1a97136,269.3,0.44,QMOF reference
qmof-828f714,340.9,0.94,QMOF reference
qmof-39fec9e,346.1,0.61,QMOF reference
qmof-9964e9d,303.3,0.06,QMOF reference
qmof-4912765,322.3,0.84,QMOF reference
qmof-38fbd30,376.3,0.74,QMOF reference
qmof-5cb65f0,323.8,0.83,QMOF reference
qmof-fb0db27,,FAILED,QMOF reference
qmof-a81e277,356.8,0.77,QMOF reference
qmof-08c5035,,FAILED,QMOF reference
qmof-0dc00e5,284.1,0.52,QMOF reference
qmof-af6cc5c,384.3,0.7,QMOF reference
qmof-b638230,292.8,0.33,QMOF reference
qmof-1955717,,FAILED,QMOF reference
qmof-f26e77f,274.4,0.19,QMOF reference
qmof-43b545f,257.3,0.52,QMOF reference
qmof-b4b7e02,366.2,0.72,QMOF reference
qmof-63219c2,188.4,0.87,QMOF reference
qmof-3d8172e,298.5,0.52,QMOF reference
qmof-ab51834,267.5,0.46,QMOF reference
qmof-ef02703,269.7,0.51,QMOF reference
qmof-a5171a8,,FAILED,QMOF reference
qmof-8b5ef75,385.0,0.62,QMOF reference
qmof-e188b1a,338.7,0.61,QMOF reference
qmof-48537be,375.6,0.53,QMOF reference
qmof-18fece0,352.4,0.22,QMOF reference
qmof-b365b41,327.9,0.22,QMOF reference
qmof-112bc59,387.8,0.37,QMOF reference
qmof-91186d0,243.3,0.84,QMOF reference
qmof-2a0e4a4,328.9,0.62,QMOF reference
qmof-65d9b71,337.6,0.1,QMOF reference
qmof-6d82887,,FAILED,QMOF reference
qmof-30fc692,312.0,0.66,QMOF reference
qmof-abeea8c,336.3,0.93,QMOF reference
qmof-d9ca2be,398.3,0.91,QMOF reference
qmof-6aa7f5f,,FAILED,QMOF reference
qmof-dd76d21,,FAILED,QMOF reference
qmof-918e13a,376.1,0.82,QMOF reference
qmof-47164bc,363.0,0.68,QMOF reference
qmof-ccc608c,294.3,0.79,QMOF reference
qmof-f17aef1,,FAILED,QMOF reference
qmof-2aecb3c,325.8,0.97,QMOF reference
qmof-7c7b193,339.2,0.9,QMOF reference
qmof-0c90bee,400.1,0.9,QMOF reference
qmof-3905c3b,350.0,0.23,QMOF reference
qmof-f07cf64,,FAILED,QMOF reference
qmof-d9134ec,312.7,0.83,QMOF reference
qmof-52917da,,FAILED,QMOF reference
qmof-4f3b572,373.8,0.86,QMOF reference
qmof-9d2a0e4,420.5,0.63,QMOF reference
qmof-5eb75d6,393.1,0.07,QMOF reference
qmof-56495b9,378.2,0.74,QMOF reference
qmof-76c8ad5,,FAILED,QMOF reference
qmof-9174c13,259.1,0.95,QMOF reference
qmof-2ba9693,300.3,0.83,QMOF reference
qmof-0f6c4d4,372.9,0.11,QMOF reference
qmof-2928cd0,,FAILED,QMOF reference
qmof-d0b4aad,381.7,0.83,QMOF reference
qmof-05c905f,309.3,0.8,QMOF reference
qmof-2cb73f9,377.6,0.44,QMOF reference
qmof-6b43a42,410.1,0.5,QMOF reference
qmof-561b7f4,320.1,0.35,QMOF reference
qmof-7e8b44a,359.4,0.25,QMOF reference
qmof-db59352,382.6,0.67,QMOF reference
qmof-8e45c8d,455.9,0.37,QMOF reference
qmof-bc155dc,392.8,0.9,QMOF reference
qmof-ccded81,353.8,0.87,QMOF reference
qmof-391f176,321.3,0.57,QMOF reference
qmof-ca7a99c,338.7,0.94,QMOF reference
qmof-41fd55c,,FAILED,QMOF reference
qmof-413f421,329.0,0.95,QMOF reference
qmof-22fb57d,323.3,0.7,QMOF reference
qmof-bbbed4f,483.3,0.7,QMOF reference
qmof-5edfb51,363.0,0.88,QMOF reference
qmof-5c218b6,317.3,0.22,QMOF reference
qmof-d54f310,344.9,0.9,QMOF reference
qmof-347261d,295.6,0.57,QMOF reference
qmof-ed7cf13,347.3,0.44,QMOF reference
qmof-d68f170,316.7,0.12,QMOF reference
qmof-50f1fb4,299.9,0.67,QMOF reference
qmof-fbba869,279.5,0.16,QMOF reference
qmof-14f8281,328.9,0.48,QMOF reference
qmof-59dd9f5,351.1,0.51,QMOF reference
qmof-29b290a,260.0,0.85,QMOF reference
qmof-9e26cd7,333.4,0.92,QMOF reference
qmof-17d6cac,314.1,0.65,QMOF reference
qmof-6a02a00,345.7,0.79,QMOF reference
qmof-3f9c4e1,338.4,0.61,QMOF reference
qmof-117052a,410.1,0.84,QMOF reference
qmof-b1e53d1,380.0,0.62,QMOF reference
qmof-3f7f897,354.3,0.76,QMOF reference
qmof-5acd127,,FAILED,QMOF reference
qmof-e58cc9d,,FAILED,QMOF reference
qmof-d5f5593,,FAILED,QMOF reference
qmof-d0e3270,226.8,0.11,QMOF reference
qmof-5bf27fe,420.5,0.93,QMOF reference
qmof-6dd0381,,FAILED,QMOF reference
qmof-186abaa,449.2,0.7,QMOF reference
qmof-22c0271,362.7,0.81,QMOF reference
qmof-936a309,286.7,0.87,QMOF reference
qmof-edeb34a,357.4,0.79,QMOF reference
qmof-6b810b0,329.6,0.91,QMOF reference
qmof-2e7bf46,266.9,0.98,QMOF reference
qmof-4b3fafd,346.4,0.58,QMOF reference
qmof-2ef1553,357.8,0.1,QMOF reference
qmof-a13712f,303.7,0.93,QMOF reference
qmof-e4693f8,322.5,0.62,QMOF reference
qmof-26780e7,362.4,0.75,QMOF reference
qmof-2e97340,347.8,0.87,QMOF reference
qmof-df90041,359.0,0.54,QMOF reference
qmof-c0d2614,,FAILED,QMOF reference
qmof-c775fd7,336.8,0.41,QMOF reference
qmof-2daa966,334.0,0.54,QMOF reference
qmof-2677300,254.5,0.29,QMOF reference
qmof-e683f71,371.2,0.9,QMOF reference
qmof-79d8511,408.2,0.96,QMOF reference
qmof-6339cda,,FAILED,QMOF reference
qmof-de33c92,335.3,0.44,QMOF reference
qmof-01ef655,347.1,0.19,QMOF reference
qmof-27e1206,399.9,0.76,QMOF reference
qmof-00089fc,,FAILED,QMOF reference
qmof-7e9b3eb,332.9,0.32,QMOF reference
qmof-f5a8443,324.7,0.82,QMOF reference
qmof-40b4231,323.5,0.65,QMOF reference
qmof-5ac24ac,307.2,0.45,QMOF reference
qmof-94657de,390.8,0.45,QMOF reference
qmof-3e14d6e,,FAILED,QMOF reference
qmof-8141ce1,294.1,0.78,QMOF reference
qmof-0cf115b,309.0,0.91,QMOF reference
qmof-5c59bff,313.8,0.58,QMOF reference
qmof-b76118a,354.7,0.67,QMOF reference
qmof-377f492,,FAILED,QMOF reference
qmof-c1553ca,390.8,0.91,QMOF reference
qmof-399a9ae,374.9,0.97,QMOF reference
qmof-d7b6a0d,181.4,0.89,QMOF reference
qmof-408d287,,FAILED,QMOF reference
qmof-eb61052,360.9,0.74,QMOF reference
qmof-cfe6420,306.5,0.14,QMOF reference
qmof-0b653b1,,FAILED,QMOF reference
qmof-1ee372e,345.6,0.84,QMOF reference
qmof-05305ab,282.3,0.83,QMOF reference
qmof-c6a0e3a,398.2,0.8,QMOF reference
qmof-96c4801,175.6,0.95,QMOF reference
qmof-3003f41,369.9,0.77,QMOF reference
qmof-165659f,,FAILED,QMOF reference
qmof-79fbfe6,,FAILED,QMOF reference
qmof-98a73a2,328.2,0.4,QMOF reference
qmof-641b71e,432.1,0.85,QMOF reference
qmof-1234f76,226.1,0.75,QMOF reference
qmof-5c2c834,297.6,0.32,QMOF reference
qmof-b320dc2,174.7,0.39,QMOF reference
qmof-b33b31e,,FAILED,QMOF reference
qmof-6013710,295.5,0.29,QMOF reference
qmof-834f85b,327.1,0.16,QMOF reference
qmof-68682de,288.8,0.29,QMOF reference
qmof-c4b1af6,350.0,0.31,QMOF reference
qmof-aba6612,328.6,0.14,QMOF reference
qmof-4a90838,,FAILED,QMOF reference
qmof-5f8bb84,288.9,0.92,QMOF reference
qmof-f3347b7,,FAILED,QMOF reference
qmof-173f556,294.6,0.35,QMOF reference
qmof-0f0d142,,FAILED,QMOF reference
qmof-fb63f32,321.4,0.97,QMOF reference
qmof-90f63ba,263.6,0.79,QMOF reference
qmof-7d6a409,206.7,0.89,QMOF reference
qmof-e9695d9,,FAILED,QMOF reference
qmof-ede9825,341.0,0.96,QMOF reference
qmof-d2f6719,377.6,0.47,QMOF reference
qmof-c49776b,451.8,0.01,QMOF reference
qmof-f67a0ff,286.8,0.49,QMOF reference
qmof-f48e20f,289.8,0.64,QMOF reference
qmof-d867ba7,,FAILED,QMOF reference
qmof-0ff04d9,,FAILED,QMOF reference
qmof-80a1d61,301.4,0.96,QMOF reference
qmof-8618499,362.5,0.95,QMOF reference
qmof-e419ee4,,FAILED,QMOF reference
qmof-9b6dfb6,302.0,0.39,QMOF reference
qmof-f8b577a,303.9,0.93,QMOF reference
qmof-29ae4a3,261.5,0.93,QMOF reference
qmof-3b5b6a1,159.0,0.96,QMOF reference
qmof-d45e712,359.8,0.24,QMOF reference
qmof-b2fc53f,348.9,0.88,QMOF reference
qmof-0fe7196,,FAILED,QMOF reference
qmof-4fc6367,316.0,0.91,QMOF reference
qmof-5d89b9d,356.8,0.57,QMOF reference
qmof-7d69ad1,,FAILED,QMOF reference
qmof-dc9f254,299.5,0.93,QMOF reference
qmof-742cbde,267.7,0.65,QMOF reference
qmof-3db33b3,300.4,0.35,QMOF reference
qmof-038174d,,FAILED,QMOF reference
qmof-84f5fd4,,FAILED,QMOF reference
qmof-2a5beeb,319.3,0.74,QMOF reference
qmof-1b4e871,369.5,0.65,QMOF reference
qmof-c4f3917,284.5,0.93,QMOF reference
qmof-dc774d8,,FAILED,QMOF reference
qmof-67247ca,374.9,0.47,QMOF reference
qmof-688437b,342.8,0.77,QMOF reference
qmof-abefd60,401.0,0.5,QMOF reference
qmof-97f5f79,494.7,0.9,QMOF reference
qmof-6114449,,FAILED,QMOF reference
qmof-137f330,,FAILED,QMOF reference
qmof-50a1922,281.1,0.67,QMOF reference
qmof-3d9feeb,268.7,0.79,QMOF reference
qmof-7bca5df,389.0,0.85,QMOF reference
qmof-f36c793,,FAILED,QMOF reference
qmof-1fb5c1d,238.0,0.79,QMOF reference
qmof-1179e61,,FAILED,QMOF reference
qmof-a9b0ac2,313.5,0.96,QMOF reference
qmof-2eba693,250.7,0.17,QMOF reference
qmof-20874c7,412.3,0.7,QMOF reference
qmof-1b23ab1,355.7,0.78,QMOF reference
qmof-740601d,296.2,0.57,QMOF reference
qmof-83affec,292.7,0.89,QMOF reference
qmof-3314fe4,,FAILED,QMOF reference
qmof-712d72a,364.5,0.9,QMOF reference
qmof-4dbc000,230.5,0.34,QMOF reference
qmof-8ee1311,313.6,0.89,QMOF reference
qmof-d5825a6,348.2,0.9,QMOF reference
qmof-9c38e24,328.9,0.83,QMOF reference
qmof-fa2b07a,503.6,0.79,QMOF reference
qmof-37f7116,251.1,0.86,QMOF reference
qmof-5d3e22d,368.7,0.92,QMOF reference
qmof-0eaf3ad,344.5,0.81,QMOF reference
qmof-e7503d8,356.6,0.72,QMOF reference
qmof-3416f8e,403.0,0.52,QMOF reference
qmof-e8e4dc5,376.0,0.71,QMOF reference
qmof-0cedff9,321.6,0.33,QMOF reference
qmof-859646d,326.2,0.96,QMOF reference
qmof-76de5fa,319.9,0.81,QMOF reference
qmof-496b57a,327.4,0.93,QMOF reference
qmof-182e007,385.6,0.85,QMOF reference
qmof-b6dadce,284.4,0.49,QMOF reference
qmof-d6e3fbd,395.1,0.96,QMOF reference
qmof-a5caf55,271.8,0.8,QMOF reference
qmof-0360d63,384.1,0.43,QMOF reference
qmof-2e677ab,303.7,0.88,QMOF reference
qmof-5770794,327.7,0.29,QMOF reference
qmof-b1741c8,,FAILED,QMOF reference
qmof-614957d,268.3,0.83,QMOF reference
qmof-ef85522,341.6,0.11,QMOF reference
qmof-30a512a,,FAILED,QMOF reference
qmof-192c920,338.1,0.6,QMOF reference
qmof-4adeac5,213.2,0.9,QMOF reference
qmof-608d619,345.9,0.8,QMOF reference
qmof-b3a70b2,470.6,0.85,QMOF reference
qmof-3c4af4a,342.0,0.65,QMOF reference
qmof-d38ae0b,279.4,0.56,QMOF reference
qmof-6f21ecc,403.9,0.89,QMOF reference
qmof-e39f87b,258.3,0.46,QMOF reference
qmof-8af2c4b,,FAILED,QMOF reference
qmof-9524655,237.1,0.5,QMOF reference
qmof-6060b72,408.1,0.64,QMOF reference
qmof-602256e,,FAILED,QMOF reference
qmof-940a088,311.2,0.86,QMOF reference
qmof-492bc03,354.5,0.93,QMOF reference
qmof-a8294e1,357.9,0.93,QMOF reference
qmof-34626db,293.0,0.76,QMOF reference
qmof-cb1c2d5,307.9,0.71,QMOF reference
qmof-7876fa5,387.5,0.96,QMOF reference
qmof-b5589d4,383.2,0.91,QMOF reference
qmof-3dbdebd,423.6,0.81,QMOF reference
qmof-b4e92f2,,FAILED,QMOF reference
qmof-6b09e9a,423.8,0.87,QMOF reference
qmof-6e18d70,361.6,0.85,QMOF reference
qmof-0c315e8,294.6,0.94,QMOF reference
qmof-20541f6,,FAILED,QMOF reference
qmof-7db6d11,291.9,0.8,QMOF reference
qmof-d208280,441.5,0.15,QMOF reference
qmof-20b5399,,FAILED,QMOF reference
qmof-63a8eb1,253.9,0.34,QMOF reference
qmof-c6f5655,423.8,0.48,QMOF reference
qmof-7896a55,281.4,0.66,QMOF reference
qmof-5d649de,356.2,0.35,QMOF reference
qmof-77ea2b6,,FAILED,QMOF reference
qmof-4b38c0b,293.8,0.72,QMOF reference
qmof-7ed81f1,293.1,0.18,QMOF reference
qmof-7397205,291.2,0.69,QMOF reference
qmof-b1a0abf,355.9,0.18,QMOF reference
qmof-4300cc0,338.6,0.67,QMOF reference
qmof-7e3c643,355.8,0.67,QMOF reference
qmof-35152b7,289.6,0.95,QMOF reference
qmof-46b501d,267.8,0.56,QMOF reference
qmof-07d83a4,320.2,0.9,QMOF reference
qmof-d017d3d,343.2,0.83,QMOF reference
qmof-e5526f4,301.6,0.9,QMOF reference
qmof-fe8f651,429.9,0.59,QMOF reference
qmof-c2c4df4,450.8,0.55,QMOF reference
qmof-0fbdbe2,343.1,0.62,QMOF reference
qmof-be16f87,322.9,0.22,QMOF reference
qmof-863257c,,FAILED,QMOF reference
qmof-1a22cb7,,FAILED,QMOF reference
qmof-0a524db,345.3,0.18,QMOF reference
qmof-55e44c5,,FAILED,QMOF reference
qmof-40f5c75,367.6,0.9,QMOF reference
qmof-7973010,,FAILED,QMOF reference
qmof-bceb11a,254.6,0.33,QMOF reference
qmof-50150b4,386.9,0.32,QMOF reference
qmof-9a141c9,,FAILED,QMOF reference
qmof-52dfac8,351.0,0.73,QMOF reference
qmof-3922013,226.6,0.84,QMOF reference
qmof-55f47cd,291.9,0.17,QMOF reference
qmof-09498c1,,FAILED,QMOF reference
qmof-8a1e648,342.6,0.75,QMOF reference
qmof-fa05566,417.9,0.57,QMOF reference
qmof-1f8a415,293.9,0.37,QMOF reference
qmof-8ecb2ff,320.7,0.74,QMOF reference
qmof-576be06,313.0,0.22,QMOF reference
qmof-0aaa20a,250.4,0.9,QMOF reference
qmof-3e5e5d2,287.7,0.23,QMOF reference
qmof-4e2bea2,321.7,0.07,QMOF reference
qmof-6699615,,FAILED,QMOF reference
qmof-f689494,375.3,0.37,QMOF reference
qmof-a37bcdb,386.2,0.35,QMOF reference
qmof-eace0fc,,FAILED,QMOF reference
qmof-bb6a3b9,314.9,0.08,QMOF reference
qmof-3214fca,,FAILED,QMOF reference
qmof-b247e71,322.8,0.47,QMOF reference
qmof-9085c0a,325.8,0.9,QMOF reference
qmof-2171eed,363.0,0.53,QMOF reference
qmof-62b6b15,,FAILED,QMOF reference
qmof-5804dac,369.6,0.93,QMOF reference
qmof-6ad6621,335.1,0.78,QMOF reference
qmof-0cd6fd3,687.9,0.0,QMOF reference
qmof-30870a6,380.0,0.38,QMOF reference
qmof-93dfeb2,,FAILED,QMOF reference
qmof-be1b006,316.8,0.59,QMOF reference
qmof-d49358a,272.1,0.19,QMOF reference
qmof-8fcbf8c,,FAILED,QMOF reference
qmof-b052d63,284.7,0.82,QMOF reference
qmof-0a3b765,276.6,0.51,QMOF reference
qmof-90a3f60,339.4,0.73,QMOF reference
qmof-c312b02,377.7,0.86,QMOF reference
qmof-44afbcd,407.6,0.89,QMOF reference
qmof-2c27ac5,,FAILED,QMOF reference
qmof-8208646,327.2,0.89,QMOF reference
qmof-d111cc6,,FAILED,QMOF reference
qmof-bc0e0b2,357.5,0.67,QMOF reference
qmof-9e44906,310.9,0.63,QMOF reference
qmof-3d25299,340.4,0.34,QMOF reference
qmof-6dc7402,,FAILED,QMOF reference
qmof-cd0f2d8,395.0,0.85,QMOF reference
qmof-c0580eb,342.5,0.7,QMOF reference
qmof-ef49ee3,322.9,0.82,QMOF reference
qmof-0de6ab6,341.9,0.86,QMOF reference
qmof-7bc9775,290.5,0.46,QMOF reference
qmof-bf50ae7,321.0,0.95,QMOF reference
qmof-2063599,343.5,0.89,QMOF reference
qmof-78dd0b4,,FAILED,QMOF reference
qmof-9854e37,359.8,0.84,QMOF reference
qmof-c706712,297.0,0.49,QMOF reference
qmof-d6c04d9,,FAILED,QMOF reference
qmof-0e16ae3,,FAILED,QMOF reference
qmof-4c6786c,238.8,0.33,QMOF reference
qmof-ec2c894,394.9,0.23,QMOF reference
qmof-556b070,350.6,0.7,QMOF reference
qmof-1dc30c4,,FAILED,QMOF reference
qmof-10cb6cd,436.1,0.1,QMOF reference
qmof-4126c5a,330.0,0.85,QMOF reference
qmof-99d83eb,292.5,0.33,QMOF reference
qmof-dbdf2e7,373.5,0.97,QMOF reference
qmof-eca5ae4,309.4,0.93,QMOF reference
qmof-b5f254c,,FAILED,QMOF reference
qmof-a160a88,147.4,0.9,QMOF reference
qmof-f9a6beb,373.7,0.89,QMOF reference
qmof-49ce9a8,326.5,0.92,QMOF reference
qmof-229a18d,299.6,0.38,QMOF reference
qmof-83d54f4,,FAILED,QMOF reference
qmof-af3ceb6,467.5,0.92,QMOF reference
qmof-d3fd7fc,303.5,0.5,QMOF reference
qmof-c422918,,FAILED,QMOF reference
qmof-5d90805,371.1,0.85,QMOF reference
qmof-2826077,,FAILED,QMOF reference
qmof-828f8b4,,FAILED,QMOF reference
qmof-f370d01,296.9,0.18,QMOF reference
qmof-f5dcd18,109.6,0.99,QMOF reference
qmof-24e85d6,351.8,0.49,QMOF reference
qmof-214ca92,342.1,0.21,QMOF reference
qmof-8c309fb,321.3,0.85,QMOF reference
qmof-1925626,344.7,0.9,QMOF reference
qmof-37d508d,,FAILED,QMOF reference
qmof-531406b,,FAILED,QMOF reference
qmof-341f3ac,344.7,0.92,QMOF reference
qmof-0138e8e,227.1,0.18,QMOF reference
qmof-b9ce77a,353.8,0.9,QMOF reference
qmof-ed19d45,279.3,0.14,QMOF reference
qmof-1498f76,374.1,0.92,QMOF reference
qmof-fd0a40b,352.4,0.31,QMOF reference
qmof-41e59b9,343.7,0.21,QMOF reference
qmof-03d0a12,256.4,0.87,QMOF reference
qmof-bfae863,408.2,0.52,QMOF reference
qmof-25a03d3,396.8,0.14,QMOF reference
qmof-8285c88,327.8,0.87,QMOF reference
qmof-41f5a4b,308.7,0.95,QMOF reference
qmof-8a1ead5,350.6,0.47,QMOF reference
qmof-5d1e419,263.8,0.11,QMOF reference
qmof-26b5f18,368.7,0.78,QMOF reference
qmof-5bc5985,,FAILED,QMOF reference
qmof-9ec9550,362.9,0.57,QMOF reference
qmof-4551e80,240.1,0.84,QMOF reference
qmof-1c23440,326.8,0.32,QMOF reference
qmof-0eafb2f,331.4,0.8,QMOF reference
qmof-0f5c195,282.6,0.92,QMOF reference
qmof-87ee4bf,268.9,0.78,QMOF reference
qmof-5935d54,333.8,0.92,QMOF reference
qmof-8e57ccd,387.1,0.45,QMOF reference
qmof-f879f69,387.6,0.75,QMOF reference
qmof-7b6e436,443.9,0.92,QMOF reference
qmof-5533340,324.7,0.92,QMOF reference
qmof-0e578b6,263.6,0.41,QMOF reference
qmof-40d569a,363.1,0.17,QMOF reference
qmof-9a989a4,334.6,0.81,QMOF reference
qmof-1940038,382.2,0.96,QMOF reference
qmof-e0ddb35,419.5,0.09,QMOF reference
qmof-a7aff20,376.1,0.27,QMOF reference
qmof-91ba713,,FAILED,QMOF reference
qmof-d55dcc4,371.0,0.48,QMOF reference
qmof-20b49f0,376.3,0.41,QMOF reference
qmof-c025390,,FAILED,QMOF reference
qmof-c80d5aa,259.6,0.2,QMOF reference
qmof-f5b20ce,369.6,0.88,QMOF reference
qmof-07ff199,349.6,0.32,QMOF reference
qmof-237addc,,FAILED,QMOF reference
qmof-52b3d57,,FAILED,QMOF reference
qmof-ea2f1f4,,FAILED,QMOF reference
qmof-361ef97,277.5,0.58,QMOF reference
qmof-2aa0084,343.7,0.34,QMOF reference
qmof-a90ec1a,398.8,0.59,QMOF reference
qmof-d76f8fd,391.0,0.84,QMOF reference
qmof-0f390c1,325.8,0.29,QMOF reference
qmof-7b4cc6d,324.6,0.67,QMOF reference
qmof-4cea0e0,,FAILED,QMOF reference
qmof-2725b3d,298.6,0.63,QMOF reference
qmof-dd6ea7a,283.1,0.66,QMOF reference
qmof-c9f70f1,,FAILED,QMOF reference
qmof-435c1c9,296.1,0.77,QMOF reference
qmof-ba030f6,337.2,0.55,QMOF reference
qmof-fbac185,373.5,0.89,QMOF reference
qmof-7754334,226.8,0.43,QMOF reference
qmof-3c1695e,372.1,0.87,QMOF reference
qmof-cec6219,295.8,0.34,QMOF reference
qmof-083e1f7,,FAILED,QMOF reference
qmof-8628656,247.8,0.92,QMOF reference
qmof-750d788,387.9,0.46,QMOF reference
qmof-b8ce526,284.2,0.49,QMOF reference
qmof-8514929,290.6,0.53,QMOF reference
qmof-7b550b5,324.4,0.18,QMOF reference
qmof-99dccc6,334.8,0.73,QMOF reference
qmof-835565b,292.1,0.68,QMOF reference
qmof-010dd4a,324.4,0.72,QMOF reference
qmof-1f55141,358.7,0.26,QMOF reference
qmof-391b168,372.8,0.92,QMOF reference
qmof-abe19f3,,FAILED,QMOF reference
qmof-618e77d,178.4,0.24,QMOF reference
qmof-e5a2fd9,336.9,0.93,QMOF reference
qmof-5356c15,331.9,0.5,QMOF reference
qmof-efeaa2d,194.9,0.82,QMOF reference
qmof-37fbf4b,,FAILED,QMOF reference
qmof-8a01ddb,365.1,0.74,QMOF reference
qmof-94ec8a2,376.6,0.83,QMOF reference
qmof-b56b577,197.1,0.69,QMOF reference
qmof-e7e8378,453.4,0.01,QMOF reference
qmof-f06ce2a,,FAILED,QMOF reference
qmof-e91143e,373.2,0.61,QMOF reference
qmof-fbc9303,345.1,0.91,QMOF reference
qmof-b4e8c97,247.7,0.64,QMOF reference
qmof-fdced2d,330.3,0.84,QMOF reference
qmof-2253402,279.5,0.27,QMOF reference
qmof-ea1ff12,352.1,0.42,QMOF reference
qmof-7983067,272.6,0.78,QMOF reference
qmof-aa6660b,326.8,0.93,QMOF reference
qmof-59b6c49,336.5,0.58,QMOF reference
qmof-edfc49d,388.5,0.05,QMOF reference
qmof-5925529,323.9,0.58,QMOF reference
qmof-e9cc368,372.5,0.2,QMOF reference
qmof-b6e06d1,376.1,0.87,QMOF reference
qmof-f0feb86,352.9,0.96,QMOF reference
qmof-a0be11a,,FAILED,QMOF reference
qmof-c9f0a33,384.4,0.71,QMOF reference
qmof-8c5fcb0,334.2,0.62,QMOF reference
qmof-0d4a2d9,318.2,0.33,QMOF reference
qmof-a385c15,326.9,0.64,QMOF reference
qmof-d139efc,287.2,0.67,QMOF reference
qmof-2389400,305.8,0.68,QMOF reference
qmof-c2f912a,363.3,0.06,QMOF reference
qmof-1b51066,368.6,0.53,QMOF reference
qmof-765402f,301.8,0.63,QMOF reference
qmof-3873aad,387.2,0.75,QMOF reference
qmof-c814e46,337.2,0.3,QMOF reference
qmof-4e6ad11,,FAILED,QMOF reference
qmof-6601f16,548.1,0.88,QMOF reference
qmof-976e1ff,352.6,0.83,QMOF reference
qmof-9dd9532,414.1,0.23,QMOF reference
qmof-6777158,372.8,0.91,QMOF reference
qmof-492f2fb,,FAILED,QMOF reference
qmof-6e6dabb,290.8,0.2,QMOF reference
qmof-0b27a12,363.8,0.59,QMOF reference
qmof-d472479,375.1,0.6,QMOF reference
qmof-3c5606f,375.7,0.85,QMOF reference
qmof-c3773fe,272.5,0.56,QMOF reference
qmof-385d2cd,,FAILED,QMOF reference
qmof-5bdb017,311.1,0.6,QMOF reference
qmof-0d451ab,312.1,0.86,QMOF reference
qmof-d8703ab,330.6,0.9,QMOF reference
qmof-14acde3,415.3,0.68,QMOF reference
qmof-7b942a4,245.3,0.92,QMOF reference
qmof-9a09873,326.7,0.81,QMOF reference
qmof-bef4d15,393.3,0.53,QMOF reference
qmof-54c7a8f,286.3,0.82,QMOF reference
qmof-893d0b0,380.4,0.08,QMOF reference
qmof-3ff05ac,273.3,0.2,QMOF reference
qmof-ceef48c,332.5,0.61,QMOF reference
qmof-b970788,322.8,0.63,QMOF reference
qmof-02243f1,310.0,0.57,QMOF reference
qmof-fcc3039,470.2,0.31,QMOF reference
qmof-04881df,288.9,0.95,QMOF reference
qmof-75c3227,325.6,0.65,QMOF reference
qmof-c95a6c5,285.9,0.76,QMOF reference
qmof-8fef316,,FAILED,QMOF reference
qmof-cf98863,316.9,0.67,QMOF reference
qmof-2964898,399.0,0.31,QMOF reference
qmof-d7404eb,386.4,0.91,QMOF reference
qmof-7240e2e,308.1,0.21,QMOF reference
qmof-83d549d,337.4,0.74,QMOF reference
qmof-8b03127,331.4,0.55,QMOF reference
qmof-cf44740,,FAILED,QMOF reference
qmof-7080970,257.0,0.88,QMOF reference
qmof-a5e076e,417.1,0.89,QMOF reference
qmof-df4f545,259.8,0.48,QMOF reference
qmof-3e6ec79,257.6,0.14,QMOF reference
qmof-a694bf7,293.5,0.79,QMOF reference
qmof-bad11d5,,FAILED,QMOF reference
qmof-f6baf18,362.0,0.6,QMOF reference
qmof-b7ca690,320.7,0.47,QMOF reference
qmof-c113508,322.5,0.36,QMOF reference
qmof-34b904a,493.4,0.05,QMOF reference
qmof-9047456,333.3,0.95,QMOF reference
qmof-3611f73,407.3,0.06,QMOF reference
qmof-83d60f6,300.8,0.47,QMOF reference
qmof-ed9f93b,238.8,0.83,QMOF reference
qmof-08f5e1e,,FAILED,QMOF reference
qmof-6a836fd,330.3,0.75,QMOF reference
qmof-0ff3088,,FAILED,QMOF reference
qmof-944cb8b,386.5,0.36,QMOF reference
qmof-b8f1e8e,300.5,0.55,QMOF reference
qmof-d65be38,353.6,0.86,QMOF reference
qmof-d378af7,352.7,0.21,QMOF reference
qmof-a3f50f5,330.9,0.95,QMOF reference
qmof-eee201d,363.0,0.76,QMOF reference
qmof-6db4857,,FAILED,QMOF reference
qmof-4518686,329.5,0.7,QMOF reference
qmof-43f8428,405.1,0.28,QMOF reference
qmof-f0a4dcc,332.8,0.88,QMOF reference
qmof-00ce800,296.0,0.58,QMOF reference
qmof-39f44ba,361.2,0.68,QMOF reference
qmof-724fea2,,FAILED,QMOF reference
qmof-92dadde,353.8,0.39,QMOF reference
qmof-8ecac40,310.5,0.13,QMOF reference
qmof-7aa13cf,338.2,0.52,QMOF reference
qmof-bec48b9,,FAILED,QMOF reference
qmof-219ec96,218.3,0.34,QMOF reference
qmof-08dbb32,415.1,0.57,QMOF reference
qmof-c178c2f,420.9,0.84,QMOF reference
qmof-ca94f00,305.9,0.89,QMOF reference
qmof-f3c86fd,,FAILED,QMOF reference
qmof-a6ae0f1,,FAILED,QMOF reference
qmof-6660b5e,202.8,0.27,QMOF reference
qmof-12917c1,294.0,0.59,QMOF reference
qmof-a1aad4f,342.6,0.42,QMOF reference
qmof-2d06267,,FAILED,QMOF reference
qmof-04a25d2,,FAILED,QMOF reference
qmof-2f98139,,FAILED,QMOF reference
qmof-9dd776e,256.9,0.36,QMOF reference
qmof-dee93f5,420.9,0.92,QMOF reference
qmof-571a5a2,352.5,0.6,QMOF reference
qmof-fb5e34c,374.2,0.74,QMOF reference
qmof-b2c7c73,341.3,0.48,QMOF reference
qmof-4779340,328.9,0.94,QMOF reference
qmof-3927138,350.8,0.64,QMOF reference
qmof-cd72e31,367.5,0.23,QMOF reference
qmof-43f2897,,FAILED,QMOF reference
qmof-4b4c416,321.2,0.49,QMOF reference
qmof-b981b73,232.6,0.26,QMOF reference
qmof-1e5ca03,293.8,0.87,QMOF reference
qmof-79acb3e,387.9,0.66,QMOF reference
qmof-666050e,403.6,0.9,QMOF reference
qmof-d06df45,366.6,0.96,QMOF reference
qmof-e4a5205,371.2,0.68,QMOF reference
qmof-72b3537,356.2,0.64,QMOF reference
qmof-edb1c81,,FAILED,QMOF reference
qmof-a7663ca,311.2,0.5,QMOF reference
qmof-fb99880,,FAILED,QMOF reference
qmof-3669068,279.1,0.81,QMOF reference
qmof-bc6baae,382.5,0.8,QMOF reference
qmof-549b538,351.1,0.95,QMOF reference
qmof-8d3b23c,386.5,0.73,QMOF reference
qmof-460d167,367.3,0.98,QMOF reference
qmof-a0d5dc0,301.6,0.25,QMOF reference
qmof-12d4741,361.5,0.73,QMOF reference
qmof-191e06e,457.0,0.91,QMOF reference
qmof-5d21254,250.8,0.29,QMOF reference
qmof-4be7f74,338.1,0.84,QMOF reference
qmof-4d1f71a,364.1,0.89,QMOF reference
qmof-0d33b0c,304.3,0.25,QMOF reference
qmof-ef72fd7,358.0,0.28,QMOF reference
qmof-1590fee,344.2,0.87,QMOF reference
qmof-4c74de4,381.8,0.08,QMOF reference
qmof-746e866,,FAILED,QMOF reference
qmof-b678658,244.6,0.83,QMOF reference
qmof-0249469,332.2,0.82,QMOF reference
qmof-b009182,298.1,0.87,QMOF reference
qmof-16d455e,334.8,0.87,QMOF reference
qmof-6323ace,390.3,0.71,QMOF reference
qmof-cdf0dd2,304.7,0.79,QMOF reference
qmof-d8c6afb,295.7,0.13,QMOF reference
qmof-835c2dc,382.0,0.52,QMOF reference
qmof-59a2ee1,292.9,0.91,QMOF reference
qmof-0a94b4b,407.2,0.63,QMOF reference
qmof-b54e410,328.4,0.27,QMOF reference
qmof-46faaa0,299.6,0.66,QMOF reference
qmof-f1d3585,343.5,0.52,QMOF reference
qmof-a57163a,294.4,0.63,QMOF reference
qmof-73fcf88,359.3,0.91,QMOF reference
qmof-09e15ea,325.2,0.82,QMOF reference
qmof-3e22e52,,FAILED,QMOF reference
qmof-b680c55,293.9,0.5,QMOF reference
qmof-dd8f509,375.7,0.4,QMOF reference
qmof-e877969,316.8,0.59,QMOF reference
qmof-35eaaa6,369.2,0.31,QMOF reference
qmof-a091774,298.9,0.61,QMOF reference
qmof-3347f41,375.3,0.45,QMOF reference
qmof-b23782e,214.6,0.59,QMOF reference
qmof-ac29289,280.9,0.3,QMOF reference
qmof-7051972,319.2,0.26,QMOF reference
qmof-5f5a465,269.4,0.6,QMOF reference
qmof-45649ec,283.0,0.89,QMOF reference
qmof-12d96e7,338.4,0.39,QMOF reference
qmof-77b56e0,262.7,0.29,QMOF reference
qmof-a6fa008,262.4,0.87,QMOF reference
qmof-2c0fa92,284.3,0.45,QMOF reference
qmof-fbfcfb1,,FAILED,QMOF reference
qmof-914130f,379.6,0.93,QMOF reference
qmof-930e104,325.0,0.3,QMOF reference
qmof-dcb1bf0,339.0,0.17,QMOF reference
qmof-611dbd4,312.7,0.52,QMOF reference
qmof-96a7476,280.6,0.54,QMOF reference
qmof-6df6052,377.2,0.96,QMOF reference
qmof-3a00320,380.5,0.36,QMOF reference
qmof-29c250d,351.7,0.77,QMOF reference
qmof-af7fb74,329.1,0.31,QMOF reference
qmof-e895af7,312.9,0.44,QMOF reference
qmof-469075b,273.3,0.66,QMOF reference
qmof-9e35c1c,276.8,0.45,QMOF reference
qmof-71354f1,,FAILED,QMOF reference
qmof-87a7761,294.7,0.87,QMOF reference
qmof-2754592,385.6,0.67,QMOF reference
qmof-fa73234,371.6,0.66,QMOF reference
qmof-8090fd0,228.6,0.14,QMOF reference
qmof-091c04b,308.7,0.67,QMOF reference
qmof-374d608,326.0,0.71,QMOF reference
qmof-c4e84a2,290.5,0.76,QMOF reference
qmof-e57c124,302.4,0.67,QMOF reference
qmof-a6bbcbb,365.1,0.88,QMOF reference
qmof-a72c23f,394.8,0.75,QMOF reference
qmof-c6a468e,,FAILED,QMOF reference
qmof-ba6634e,392.5,0.74,QMOF reference
qmof-49df74b,380.9,0.23,QMOF reference
qmof-e54730e,347.8,0.93,QMOF reference
qmof-008e1b6,302.6,0.67,QMOF reference
qmof-31812e1,304.5,0.91,QMOF reference
qmof-6c14b7d,291.7,0.8,QMOF reference
qmof-dfb5bc0,287.5,0.95,QMOF reference
qmof-b91d959,155.0,0.22,QMOF reference
qmof-53328c4,355.3,0.52,QMOF reference
qmof-7b1303e,318.1,0.48,QMOF reference
qmof-25772b1,,FAILED,QMOF reference
qmof-16738f7,231.1,0.48,QMOF reference
qmof-c3787ee,,FAILED,QMOF reference
qmof-d7610ef,291.4,0.71,QMOF reference
qmof-0f66a7d,304.0,0.84,QMOF reference
qmof-ee6222e,305.9,0.7,QMOF reference
qmof-788acd1,306.9,0.79,QMOF reference
qmof-b8f9fb5,398.3,0.82,QMOF reference
qmof-2f6a6a9,298.0,0.91,QMOF reference
qmof-e992e64,,FAILED,QMOF reference
qmof-5af4c97,317.3,0.69,QMOF reference
qmof-261717e,355.6,0.42,QMOF reference
qmof-c9f4af4,253.7,0.8,QMOF reference
qmof-764dc05,279.7,0.17,QMOF reference
qmof-bafdee9,295.2,0.19,QMOF reference
qmof-0f3927b,,FAILED,QMOF reference
qmof-7ceb9a5,367.6,0.65,QMOF reference
qmof-98d4a6a,300.3,0.78,QMOF reference
qmof-86c9f74,,FAILED,QMOF reference
qmof-df0aa6e,331.5,0.67,QMOF reference
qmof-e5a5a08,449.5,0.01,QMOF reference
qmof-50cc0b4,370.1,0.56,QMOF reference
qmof-95ce74c,301.7,0.9,QMOF reference
qmof-dfe761c,459.8,0.77,QMOF reference
qmof-4f7928a,370.6,0.87,QMOF reference
qmof-9865ee9,340.0,0.56,QMOF reference
qmof-67b74c4,340.9,0.85,QMOF reference
qmof-d72df68,344.6,0.86,QMOF reference
qmof-96d8778,311.4,0.77,QMOF reference
qmof-30e7776,417.6,0.83,QMOF reference
qmof-9631486,387.6,0.88,QMOF reference
qmof-8a3ffa2,314.2,0.94,QMOF reference
qmof-e669187,240.1,0.37,QMOF reference
qmof-e2b0729,,FAILED,QMOF reference
qmof-c027270,363.5,0.55,QMOF reference
qmof-3bb24e2,253.1,0.61,QMOF reference
qmof-ea90ff7,274.3,0.43,QMOF reference
qmof-eade42c,291.8,0.76,QMOF reference
qmof-67dc5d7,341.7,0.73,QMOF reference
qmof-4cdc080,238.5,0.06,QMOF reference
qmof-ff552fc,,FAILED,QMOF reference
qmof-581ee35,492.7,0.27,QMOF reference
qmof-2f15906,293.3,0.63,QMOF reference
qmof-a830d46,251.2,0.47,QMOF reference
qmof-ecdafb4,397.6,0.77,QMOF reference
qmof-5c2af2c,327.1,0.41,QMOF reference
qmof-1ee9184,335.4,0.8,QMOF reference
qmof-75de2e0,342.0,0.53,QMOF reference
qmof-bc956a0,309.9,0.77,QMOF reference
qmof-0f97033,192.9,0.91,QMOF reference
qmof-6540d60,323.6,0.27,QMOF reference
qmof-ffb25f2,407.8,0.45,QMOF reference
qmof-459525d,321.3,0.89,QMOF reference
qmof-cf29560,442.8,0.14,QMOF reference
qmof-1fd901f,305.8,0.72,QMOF reference
qmof-b9cf90b,,FAILED,QMOF reference
qmof-69fa051,258.0,0.32,QMOF reference
qmof-ef45231,321.1,0.53,QMOF reference
qmof-8438e2d,310.1,0.91,QMOF reference
qmof-9682aa4,281.2,0.66,QMOF reference
qmof-961130e,,FAILED,QMOF reference
qmof-e0fabe9,325.4,0.42,QMOF reference
qmof-6863435,226.1,0.27,QMOF reference
qmof-0d0bec4,246.4,0.29,QMOF reference
qmof-e24ce4f,416.6,0.26,QMOF reference
qmof-543c417,296.7,0.91,QMOF reference
qmof-b935c43,459.4,0.34,QMOF reference
qmof-3a7d3be,432.8,0.29,QMOF reference
qmof-3cdcf5f,364.1,0.28,QMOF reference
qmof-9621c39,317.2,0.75,QMOF reference
qmof-3bff865,366.7,0.86,QMOF reference
qmof-7dd3a77,325.8,0.76,QMOF reference
qmof-605c8c0,332.2,0.88,QMOF reference
qmof-6e23252,311.1,0.6,QMOF reference
qmof-f73a75b,305.8,0.32,QMOF reference
qmof-6c062e2,262.2,0.17,QMOF reference
qmof-b94b0e1,273.5,0.94,QMOF reference
qmof-a144bb5,309.2,0.32,QMOF reference
qmof-0166056,306.4,0.28,QMOF reference
qmof-12afd16,260.6,0.39,QMOF reference
qmof-a26dce2,338.4,0.77,QMOF reference
qmof-efcd220,345.5,0.65,QMOF reference
qmof-c0d1e78,224.2,0.41,QMOF reference
qmof-527c09b,349.1,0.86,QMOF reference
qmof-6bd302b,339.2,0.08,QMOF reference
qmof-5b7ffc4,287.1,0.81,QMOF reference
qmof-8c27956,391.7,0.94,QMOF reference
qmof-bd1b869,252.5,0.9,QMOF reference
qmof-b9a0bc9,346.2,0.82,QMOF reference
qmof-2f63607,395.0,0.47,QMOF reference
qmof-05752ab,367.9,0.67,QMOF reference
qmof-d55ec67,327.9,0.94,QMOF reference
qmof-ea62707,,FAILED,QMOF reference
qmof-3eb70fd,388.2,0.34,QMOF reference
qmof-ebe5130,,FAILED,QMOF reference
qmof-96bd2de,,FAILED,QMOF reference
qmof-cf2c2a0,,FAILED,QMOF reference
qmof-d69465b,349.3,0.69,QMOF reference
qmof-2b3bd76,521.8,0.77,QMOF reference
qmof-2452a0f,328.7,0.58,QMOF reference
qmof-a1a468e,361.6,0.9,QMOF reference
qmof-97e68bf,325.7,0.36,QMOF reference
qmof-2805614,283.5,0.61,QMOF reference
qmof-5f9623c,340.2,0.75,QMOF reference
qmof-18c41a2,351.4,0.92,QMOF reference
qmof-00cb461,314.3,0.73,QMOF reference
qmof-419d66a,355.5,0.79,QMOF reference
qmof-e08aa2c,279.1,0.21,QMOF reference
qmof-5b5965b,328.7,0.91,QMOF reference
qmof-6299d25,,FAILED,QMOF reference
qmof-508fdd0,322.2,0.66,QMOF reference
qmof-f856f2c,338.3,0.53,QMOF reference
qmof-0ca7b2c,314.2,0.09,QMOF reference
qmof-01738d5,,FAILED,QMOF reference
qmof-a1de810,321.9,0.91,QMOF reference
qmof-c91080d,451.3,0.91,QMOF reference
qmof-b096a2f,,FAILED,QMOF reference
qmof-0c122db,273.4,0.68,QMOF reference
qmof-3c501fe,256.4,0.07,QMOF reference
qmof-9f89994,285.6,0.86,QMOF reference
qmof-32f666c,353.7,0.62,QMOF reference
qmof-19f07bd,295.7,0.4,QMOF reference
qmof-5d8b5d1,354.0,0.72,QMOF reference
qmof-7907034,376.1,0.69,QMOF reference
qmof-cf9b31e,273.7,0.51,QMOF reference
qmof-390b161,395.8,0.65,QMOF reference
qmof-1a4d0df,349.1,0.81,QMOF reference
qmof-ed9a745,327.6,0.43,QMOF reference
qmof-95f2218,,FAILED,QMOF reference
qmof-8d490d4,260.6,0.52,QMOF reference
qmof-0e3acfe,407.8,0.14,QMOF reference
qmof-d76dcf9,,FAILED,QMOF reference
qmof-60306e3,277.3,0.88,QMOF reference
qmof-7624dc0,294.8,0.21,QMOF reference
qmof-f3ee384,376.3,0.53,QMOF reference
qmof-abb90e8,,FAILED,QMOF reference
qmof-bd1c996,461.2,0.83,QMOF reference
qmof-53839d7,269.4,0.81,QMOF reference
qmof-32094e6,337.2,0.3,QMOF reference
qmof-dbb8ab2,303.6,0.58,QMOF reference
qmof-0582ec7,291.8,0.97,QMOF reference
qmof-9d25bea,272.0,0.94,QMOF reference
qmof-f7a2ea1,358.9,0.55,QMOF reference
qmof-21f0ad6,270.7,0.34,QMOF reference
qmof-43dc9b0,313.9,0.24,QMOF reference
qmof-d29cec2,317.3,0.69,QMOF reference
qmof-5b10b0b,222.0,0.73,QMOF reference
qmof-23796ec,295.0,0.94,QMOF reference
qmof-08dfcd6,436.0,0.77,QMOF reference
qmof-02407df,326.0,0.89,QMOF reference
qmof-ef7e7a9,343.5,0.53,QMOF reference
qmof-d0dfc27,276.1,0.88,QMOF reference
qmof-e6fbd50,366.3,0.35,QMOF reference
qmof-86eb544,,FAILED,QMOF reference
qmof-e7f8efa,248.2,0.35,QMOF reference
qmof-a39fc01,320.4,0.88,QMOF reference
qmof-e1fba52,269.7,0.69,QMOF reference
qmof-ac1fa2d,263.1,0.94,QMOF reference
qmof-2dcf900,,FAILED,QMOF reference
qmof-c69d8f6,286.9,0.23,QMOF reference
qmof-2600104,309.2,0.89,QMOF reference
qmof-fa9e422,390.2,0.21,QMOF reference
qmof-a19ee17,328.1,0.26,QMOF reference
qmof-0aa02b3,376.3,0.37,QMOF reference
qmof-e17ecdb,380.6,0.84,QMOF reference
qmof-d460cd2,329.1,0.9,QMOF reference
qmof-76eb3c2,,FAILED,QMOF reference
qmof-f2cd20b,438.7,0.85,QMOF reference
qmof-b7e8393,427.1,0.91,QMOF reference
qmof-fa83326,406.6,0.82,QMOF reference
qmof-b41d70b,451.6,0.92,QMOF reference
qmof-ea53898,324.4,0.91,QMOF reference
qmof-2e3bc32,,FAILED,QMOF reference
qmof-01ea939,372.8,0.28,QMOF reference
qmof-d9284c9,382.4,0.72,QMOF reference
qmof-cb3abbe,284.9,0.74,QMOF reference
qmof-b0e6373,349.6,0.74,QMOF reference
qmof-4e1d408,320.0,0.13,QMOF reference
qmof-c9ba03a,343.0,0.21,QMOF reference
qmof-14c486f,226.7,0.21,QMOF reference
qmof-fc2015a,373.1,0.96,QMOF reference
qmof-a7b5390,277.8,0.26,QMOF reference
qmof-6e3e4eb,350.4,0.68,QMOF reference
qmof-fe0860e,338.4,0.34,QMOF reference
qmof-48aaa9f,309.5,0.47,QMOF reference
qmof-9e8761c,401.0,0.45,QMOF reference
qmof-2d06e81,,FAILED,QMOF reference
qmof-fbd4fed,322.4,0.09,QMOF reference
qmof-e5e5d05,288.7,0.59,QMOF reference
qmof-86d21dc,305.9,0.75,QMOF reference
qmof-3eecf64,320.1,0.91,QMOF reference
qmof-e951f69,245.9,0.92,QMOF reference
qmof-ef3b26e,282.2,0.73,QMOF reference
qmof-0565e78,348.6,0.23,QMOF reference
qmof-1be087a,226.0,0.93,QMOF reference
qmof-f863b83,292.9,0.77,QMOF reference
qmof-08cbfe6,272.9,0.07,QMOF reference
qmof-361489d,360.4,0.93,QMOF reference
qmof-58181db,347.0,0.14,QMOF reference
qmof-137c759,391.6,0.94,QMOF reference
qmof-9970f98,303.5,0.63,QMOF reference
qmof-ad8814b,359.5,0.92,QMOF reference
qmof-9794e9c,426.7,0.72,QMOF reference
qmof-d4d0715,,FAILED,QMOF reference
qmof-0f8a04b,330.8,0.19,QMOF reference
qmof-3343792,326.2,0.11,QMOF reference
qmof-ab4928e,310.2,0.41,QMOF reference
qmof-3287bc9,354.1,0.54,QMOF reference
qmof-b01daa3,327.4,0.7,QMOF reference
qmof-d8d9479,225.2,0.34,QMOF reference
qmof-5e9d023,352.2,0.98,QMOF reference
qmof-a65c7e9,303.8,0.76,QMOF reference
qmof-16abc05,356.2,0.92,QMOF reference
qmof-cd62d7d,383.2,0.85,QMOF reference
qmof-8159bc1,376.9,0.86,QMOF reference
qmof-9493f53,363.7,0.37,QMOF reference
qmof-597cebc,315.1,0.54,QMOF reference
qmof-70475c6,341.4,0.83,QMOF reference
qmof-fde365d,347.1,0.1,QMOF reference
qmof-947dfcd,,FAILED,QMOF reference
qmof-4d9614e,285.6,0.46,QMOF reference
qmof-7e6dc97,297.7,0.72,QMOF reference
qmof-fd6ecf5,348.7,0.53,QMOF reference
qmof-96efc84,264.0,0.67,QMOF reference
qmof-aabaf52,279.7,0.75,QMOF reference
qmof-e6aa9fd,402.6,0.92,QMOF reference
qmof-8624330,336.8,0.94,QMOF reference
qmof-45a6307,371.9,0.9,QMOF reference
qmof-7bf388b,343.4,0.54,QMOF reference
qmof-6cb4b06,331.4,0.78,QMOF reference
qmof-49e03d8,389.1,0.23,QMOF reference
qmof-d10a0f5,304.4,0.11,QMOF reference
qmof-ed987cc,355.1,0.87,QMOF reference
qmof-96e0e51,292.8,0.74,QMOF reference
qmof-a41b944,366.6,0.18,QMOF reference
qmof-84e4880,325.8,0.2,QMOF reference
qmof-02c7dcc,215.2,0.39,QMOF reference
qmof-99a6abd,341.9,0.28,QMOF reference
qmof-ffccb82,275.8,0.16,QMOF reference
qmof-0c3622c,318.1,0.71,QMOF reference
qmof-94bc2f3,,FAILED,QMOF reference
qmof-9e0f4d2,327.4,0.7,QMOF reference
qmof-5bba345,332.3,0.3,QMOF reference
qmof-b5805d2,262.5,0.79,QMOF reference
qmof-f07e952,351.3,0.9,QMOF reference
qmof-9a4ccd1,373.7,0.85,QMOF reference
qmof-36349d0,326.5,0.87,QMOF reference
qmof-31b4fed,273.4,0.32,QMOF reference
qmof-9ea13da,389.5,0.24,QMOF reference
qmof-db2fd16,,FAILED,QMOF reference
qmof-fdd816c,259.0,0.09,QMOF reference
qmof-b62b6d8,390.3,0.7,QMOF reference
qmof-ca968a3,363.1,0.43,QMOF reference
qmof-4164cfa,291.4,0.94,QMOF reference
qmof-42a8827,316.6,0.76,QMOF reference
qmof-fdf59ed,245.5,0.7,QMOF reference
qmof-45de5a4,452.5,0.54,QMOF reference
qmof-e9ef2f6,305.0,0.25,QMOF reference
qmof-2f736ac,370.0,0.92,QMOF reference
qmof-8362ce9,404.7,0.6,QMOF reference
qmof-8ee15b0,,FAILED,QMOF reference
qmof-388c615,385.7,0.19,QMOF reference
qmof-e2c3312,362.4,0.7,QMOF reference
qmof-905f6f5,326.3,0.82,QMOF reference
qmof-41c3d42,273.0,0.93,QMOF reference
qmof-26a5292,319.6,0.15,QMOF reference
qmof-9ae3430,,FAILED,QMOF reference
qmof-685167e,391.0,0.75,QMOF reference
qmof-20fefbe,280.8,0.19,QMOF reference
qmof-129ae04,297.0,0.3,QMOF reference
qmof-cfb40de,310.8,0.64,QMOF reference
qmof-285773f,302.3,0.44,QMOF reference
qmof-57cfbd2,348.5,0.54,QMOF reference
qmof-748997e,301.0,0.7,QMOF reference
qmof-91a16d8,310.0,0.62,QMOF reference
qmof-6238cac,367.7,0.67,QMOF reference
qmof-74a8ca4,173.5,0.98,QMOF reference
qmof-80bbe89,320.4,0.62,QMOF reference
qmof-14cf349,250.1,0.5,QMOF reference
qmof-5babc21,343.8,0.92,QMOF reference
qmof-11836ed,320.2,0.17,QMOF reference
qmof-9750008,374.4,0.32,QMOF reference
qmof-3d12eb1,310.3,0.71,QMOF reference
qmof-43894b8,419.9,0.17,QMOF reference
qmof-852950b,357.4,0.31,QMOF reference
qmof-d99607b,340.0,0.79,QMOF reference
qmof-5822c64,312.2,0.88,QMOF reference
qmof-ed704a0,345.5,0.15,QMOF reference
qmof-10361cd,350.3,0.73,QMOF reference
qmof-b330473,240.9,0.82,QMOF reference
qmof-e7bb000,264.2,0.86,QMOF reference
qmof-32f6fbe,333.5,0.8,QMOF reference
qmof-e75ded3,287.4,0.73,QMOF reference
qmof-b90c6d5,,FAILED,QMOF reference
qmof-4295040,360.4,0.89,QMOF reference
qmof-d74c3da,411.9,0.55,QMOF reference
qmof-0a5e029,,FAILED,QMOF reference
qmof-7b91cb2,319.7,0.89,QMOF reference
qmof-907de5a,368.0,0.7,QMOF reference
qmof-652bec6,317.7,0.94,QMOF reference
qmof-ed16d58,287.2,0.79,QMOF reference
qmof-289dd29,302.0,0.49,QMOF reference
qmof-a4bafa1,,FAILED,QMOF reference
qmof-8d7621b,238.4,0.92,QMOF reference
qmof-961ba99,377.7,0.15,QMOF reference
qmof-b3fa08c,327.2,0.77,QMOF reference
qmof-d73a94e,278.6,0.94,QMOF reference
qmof-ba0d6c4,,FAILED,QMOF reference
qmof-3fe07f6,,FAILED,QMOF reference
qmof-020dd5c,311.1,0.32,QMOF reference
qmof-06e412e,359.1,0.93,QMOF reference
qmof-692d2f0,213.3,0.36,QMOF reference
qmof-ddfec84,405.8,0.95,QMOF reference
qmof-3d85a5e,380.1,0.13,QMOF reference
qmof-77855e7,369.3,0.87,QMOF reference
qmof-41ab104,369.4,0.45,QMOF reference
qmof-fc9058f,226.9,0.48,QMOF reference
qmof-f72ed6d,246.4,0.22,QMOF reference
qmof-7c3e0e2,309.3,0.53,QMOF reference
qmof-00b509c,343.1,0.81,QMOF reference
qmof-c17855f,233.9,0.34,QMOF reference
qmof-a7c5355,349.6,0.62,QMOF reference
qmof-25bf9fa,119.6,0.63,QMOF reference
qmof-7893b70,,FAILED,QMOF reference
qmof-3b6ad64,260.3,0.88,QMOF reference
qmof-0ba1320,244.3,0.92,QMOF reference
qmof-dd19832,381.0,0.86,QMOF reference
qmof-c587782,331.0,0.57,QMOF reference
qmof-bacc955,,FAILED,QMOF reference
qmof-e873125,,FAILED,QMOF reference
qmof-0b2f632,391.6,0.96,QMOF reference
qmof-e2e748b,312.9,0.78,QMOF reference
qmof-71d98f1,248.9,0.9,QMOF reference
qmof-369262d,321.2,0.65,QMOF reference
qmof-78cdf57,367.5,0.79,QMOF reference
qmof-c02b6d6,334.4,0.91,QMOF reference
qmof-d533d86,333.0,0.64,QMOF reference
qmof-7f6dbc6,288.5,0.49,QMOF reference
qmof-e474d06,333.5,0.36,QMOF reference
qmof-ba621d1,327.4,0.85,QMOF reference
qmof-32cb456,298.5,0.17,QMOF reference
qmof-1fe23f7,294.0,0.89,QMOF reference
qmof-aa2679c,388.8,0.15,QMOF reference
qmof-a8ea913,421.0,0.64,QMOF reference
qmof-ae652d1,,FAILED,QMOF reference
qmof-1a3aede,338.8,0.67,QMOF reference
qmof-04e5d62,,FAILED,QMOF reference
qmof-31bac1a,470.5,0.32,QMOF reference
qmof-f55a288,316.2,0.96,QMOF reference
qmof-6af5d3b,,FAILED,QMOF reference
qmof-977fd47,352.1,0.95,QMOF reference
qmof-3b6e003,335.0,0.4,QMOF reference
qmof-d249571,330.9,0.86,QMOF reference
qmof-7998d02,278.8,0.92,QMOF reference
qmof-91a8b46,334.8,0.42,QMOF reference
qmof-273a582,309.3,0.86,QMOF reference
qmof-f4212f1,354.0,0.28,QMOF reference
qmof-541d78e,342.2,0.59,QMOF reference
qmof-4877fcf,160.2,0.81,QMOF reference
qmof-d81ae1a,309.9,0.29,QMOF reference
qmof-bda2f7d,329.7,0.46,QMOF reference
qmof-76b43c3,239.8,0.7,QMOF reference
qmof-dc53cfd,424.4,0.69,QMOF reference
qmof-7d54a2d,333.5,0.86,QMOF reference
qmof-c88dd82,263.8,0.79,QMOF reference
qmof-fe4cda4,137.6,0.98,QMOF reference
qmof-f5056a0,438.5,0.89,QMOF reference
qmof-014a43f,294.2,0.39,QMOF reference
qmof-81c8796,,FAILED,QMOF reference
qmof-bb73825,330.6,0.85,QMOF reference
qmof-a91d4fe,456.2,0.34,QMOF reference
qmof-4afff6e,347.9,0.72,QMOF reference
qmof-abfe36f,264.3,0.92,QMOF reference
qmof-1daadd6,273.6,0.78,QMOF reference
qmof-42411d8,354.0,0.97,QMOF reference
qmof-2d513b1,300.6,0.08,QMOF reference
qmof-14584db,,FAILED,QMOF reference
qmof-99ed874,488.8,0.57,QMOF reference
qmof-28b240f,370.7,0.68,QMOF reference
qmof-915b8e1,389.5,0.32,QMOF reference
qmof-07a7f85,274.5,0.24,QMOF reference
qmof-82f9a80,323.4,0.88,QMOF reference
qmof-778efcb,355.2,0.53,QMOF reference
qmof-d8425cd,373.0,0.96,QMOF reference
qmof-bcf23d1,301.3,0.08,QMOF reference
qmof-1469c31,,FAILED,QMOF reference
qmof-465f60f,383.9,0.77,QMOF reference
qmof-c0c19d2,276.9,0.76,QMOF reference
qmof-8e45bb8,348.5,0.54,QMOF reference
qmof-a5a6fa2,312.2,0.64,QMOF reference
qmof-aa064b6,334.9,0.73,QMOF reference
qmof-415ffc4,439.5,0.47,QMOF reference
qmof-a21d1e4,334.7,0.82,QMOF reference
qmof-b1b5126,408.0,0.69,QMOF reference
qmof-9c038df,341.4,0.89,QMOF reference
qmof-fa7cbe7,208.6,0.54,QMOF reference
qmof-c0dbd72,451.6,0.55,QMOF reference
qmof-9c5aaea,267.2,0.83,QMOF reference
qmof-ecadfbd,297.3,0.11,QMOF reference
qmof-d8bbac8,406.5,0.19,QMOF reference
qmof-108b274,299.6,0.57,QMOF reference
qmof-6ba8301,376.5,0.62,QMOF reference
qmof-1733f01,407.3,0.3,QMOF reference
qmof-fd3b276,346.5,0.5,QMOF reference
qmof-3ad4380,,FAILED,QMOF reference
qmof-172319f,380.8,0.39,QMOF reference
qmof-59e5276,356.6,0.36,QMOF reference
qmof-aca3388,330.5,0.72,QMOF reference
qmof-786ff16,298.8,0.23,QMOF reference
qmof-a3bb677,313.1,0.79,QMOF reference
qmof-2cecd50,391.9,0.93,QMOF reference
qmof-1cd272b,402.2,0.48,QMOF reference
qmof-3bd80fc,498.4,0.02,QMOF reference
qmof-e029861,341.6,0.07,QMOF reference
qmof-e6afac4,,FAILED,QMOF reference
qmof-ebb8ba1,342.0,0.4,QMOF reference
qmof-a7455cb,357.8,0.91,QMOF reference
qmof-5eabff0,345.1,0.3,QMOF reference
qmof-f4c64c4,346.1,0.6,QMOF reference
qmof-976e488,248.4,0.55,QMOF reference
qmof-285da54,309.3,0.59,QMOF reference
qmof-baf2cce,284.3,0.34,QMOF reference
qmof-a9166ed,323.1,0.87,QMOF reference
qmof-371ef81,305.5,0.23,QMOF reference
qmof-fc77380,,FAILED,QMOF reference
qmof-fa84185,,FAILED,QMOF reference
qmof-b58e86f,375.2,0.12,QMOF reference
qmof-a1a5849,370.9,0.24,QMOF reference
qmof-ed51700,389.0,0.85,QMOF reference
qmof-95d0a04,286.6,0.77,QMOF reference
qmof-7119ee9,335.4,0.79,QMOF reference
qmof-90232dc,302.2,0.28,QMOF reference
qmof-f312b31,279.7,0.74,QMOF reference
qmof-2d8d0ff,318.0,0.5,QMOF reference
qmof-8f4015e,306.8,0.87,QMOF reference
qmof-6178f49,,FAILED,QMOF reference
qmof-c8f54f2,383.9,0.36,QMOF reference
qmof-dc328b4,311.5,0.91,QMOF reference
qmof-a6c82f9,302.8,0.11,QMOF reference
qmof-4c32590,,FAILED,QMOF reference
qmof-e647695,335.5,0.52,QMOF reference
qmof-cda9fd1,305.1,0.23,QMOF reference
qmof-db2fad9,,FAILED,QMOF reference
qmof-978268d,389.5,0.52,QMOF reference
qmof-8ada83c,283.8,0.92,QMOF reference
qmof-557e054,324.9,0.94,QMOF reference
qmof-e716d7b,285.1,0.9,QMOF reference
qmof-b1b8601,306.6,0.92,QMOF reference
qmof-5ef4ba5,303.2,0.8,QMOF reference
qmof-e18f086,,FAILED,QMOF reference
qmof-98865a0,265.1,0.88,QMOF reference
qmof-b2a0c99,363.0,0.77,QMOF reference
qmof-597612f,329.7,0.27,QMOF reference
qmof-2a6d3cc,304.1,0.27,QMOF reference
qmof-b284333,326.2,0.95,QMOF reference
qmof-b156e7f,359.2,0.95,QMOF reference
qmof-de94464,330.4,0.28,QMOF reference
qmof-8173fb9,,FAILED,QMOF reference
qmof-8d4816d,383.4,0.91,QMOF reference
qmof-c9c0b8e,351.5,0.06,QMOF reference
qmof-1258c57,399.1,0.93,QMOF reference
qmof-e13955e,352.5,0.15,QMOF reference
qmof-ada4011,309.8,0.91,QMOF reference
qmof-429fb29,,FAILED,QMOF reference
qmof-8b5bb88,324.8,0.95,QMOF reference
qmof-006d551,262.6,0.75,QMOF reference
qmof-2fa6555,341.8,0.44,QMOF reference
qmof-cce872e,323.6,0.57,QMOF reference
qmof-26ebc0e,,FAILED,QMOF reference
qmof-568a548,380.0,0.18,QMOF reference
qmof-cfee5a8,345.4,0.11,QMOF reference
qmof-177cedf,,FAILED,QMOF reference
qmof-2023658,375.9,0.57,QMOF reference
qmof-d8ccb16,316.3,0.95,QMOF reference
qmof-f32cf71,291.9,0.42,QMOF reference
qmof-ff7658b,,FAILED,QMOF reference
qmof-42da793,299.9,0.75,QMOF reference
qmof-254370c,306.0,0.81,QMOF reference
qmof-f16186c,,FAILED,QMOF reference
qmof-a0c2669,308.1,0.4,QMOF reference
qmof-a1efcf0,262.5,0.83,QMOF reference
qmof-39711c0,,FAILED,QMOF reference
qmof-34b5f2d,300.7,0.45,QMOF reference
qmof-3ef5c56,287.2,0.21,QMOF reference
qmof-fea9e70,290.7,0.91,QMOF reference
qmof-504b995,328.4,0.15,QMOF reference
qmof-1d0d16f,350.5,0.14,QMOF reference
qmof-08b42cf,343.9,0.81,QMOF reference
qmof-ec89e84,289.5,0.82,QMOF reference
qmof-d73b859,275.0,0.94,QMOF reference
qmof-64aa197,376.6,0.39,QMOF reference
qmof-2e3e058,213.5,0.94,QMOF reference
qmof-3aa37a5,,FAILED,QMOF reference
qmof-d58defd,298.2,0.81,QMOF reference
qmof-5e5be54,279.4,0.41,QMOF reference
qmof-90abf4c,,FAILED,QMOF reference
qmof-7e5cbc5,333.2,0.89,QMOF reference
qmof-37e26c7,291.3,0.63,QMOF reference
qmof-6fa541f,334.1,0.7,QMOF reference
qmof-706d52d,392.1,0.43,QMOF reference
qmof-274cdaa,380.0,0.47,QMOF reference
qmof-02c648a,398.3,0.19,QMOF reference
qmof-75587b4,386.0,0.86,QMOF reference
qmof-4508cc7,322.3,0.17,QMOF reference
qmof-8df56c1,324.1,0.7,QMOF reference
qmof-50ceacd,368.3,0.3,QMOF reference
qmof-f014e4f,404.5,0.52,QMOF reference
qmof-c30f3bc,,FAILED,QMOF reference
qmof-1452f65,235.3,0.74,QMOF reference
qmof-89aab6e,306.2,0.32,QMOF reference
qmof-bae1677,,FAILED,QMOF reference
qmof-b965e42,241.2,0.52,QMOF reference
qmof-8b72600,368.5,0.74,QMOF reference
qmof-40816e5,315.7,0.57,QMOF reference
qmof-13eeb84,516.0,0.03,QMOF reference
qmof-3b0015d,350.7,0.74,QMOF reference
qmof-28e7dd1,345.0,0.69,QMOF reference
qmof-ac1a2d1,351.4,0.7,QMOF reference
qmof-12229f3,174.3,0.69,QMOF reference
qmof-7f02829,310.6,0.29,QMOF reference
qmof-744e26e,453.2,0.35,QMOF reference
qmof-0455cd5,366.5,0.74,QMOF reference
qmof-cdca546,277.8,0.62,QMOF reference
qmof-756ef2e,,FAILED,QMOF reference
qmof-40250e9,320.1,0.61,QMOF reference
qmof-5b02dd4,276.6,0.6,QMOF reference
qmof-b4e6ea2,313.3,0.61,QMOF reference
qmof-fe7c85d,289.4,0.59,QMOF reference
qmof-a4ca9ef,279.4,0.95,QMOF reference
qmof-47c79cf,307.1,0.59,QMOF reference
qmof-107287b,425.9,0.12,QMOF reference
qmof-9ca48a0,283.1,0.97,QMOF reference
qmof-07c1136,279.2,0.31,QMOF reference
qmof-4e8959d,390.9,0.5,QMOF reference
qmof-6185da3,291.8,0.92,QMOF reference
qmof-97d9145,299.9,0.75,QMOF reference
qmof-68d5ddc,372.7,0.89,QMOF reference
qmof-e102d07,,FAILED,QMOF reference
qmof-ecb167c,,FAILED,QMOF reference
qmof-294fba6,332.6,0.93,QMOF reference
qmof-90c2d5e,,FAILED,QMOF reference
qmof-3067afa,234.1,0.92,QMOF reference
qmof-9f581d4,397.5,0.01,QMOF reference
qmof-ee3aaa6,,FAILED,QMOF reference
qmof-ab1e3cd,290.0,0.85,QMOF reference
qmof-ff3ad89,310.0,0.8,QMOF reference
qmof-1139516,310.5,0.48,QMOF reference
qmof-0074d70,344.0,0.48,QMOF reference
qmof-61ec4f7,423.7,0.51,QMOF reference
qmof-abe6699,263.3,0.94,QMOF reference
qmof-5aee12f,,FAILED,QMOF reference
qmof-d5c7d8e,391.4,0.18,QMOF reference
qmof-101b616,397.1,0.31,QMOF reference
qmof-b723974,231.6,0.88,QMOF reference
qmof-9203389,355.5,0.91,QMOF reference
qmof-762f2c9,379.2,0.42,QMOF reference
qmof-8e6c83a,333.8,0.79,QMOF reference
qmof-4208484,245.0,0.28,QMOF reference
qmof-49aa942,,FAILED,QMOF reference
qmof-faedf85,323.1,0.97,QMOF reference
qmof-04d864c,394.7,0.79,QMOF reference
qmof-0f2aa8c,291.9,0.89,QMOF reference
qmof-a37f8d6,399.1,0.84,QMOF reference
qmof-de5b030,390.6,0.55,QMOF reference
qmof-84d07ac,370.3,0.76,QMOF reference
qmof-b97fe67,276.4,0.33,QMOF reference
qmof-f411818,,FAILED,QMOF reference
qmof-8995edd,314.5,0.85,QMOF reference
qmof-6ac8fc3,,FAILED,QMOF reference
qmof-c89fc86,387.1,0.63,QMOF reference
qmof-3a46a0e,363.9,0.92,QMOF reference
qmof-5651075,149.2,0.87,QMOF reference
qmof-20c79fb,191.0,0.4,QMOF reference
qmof-3e0f6ce,301.9,0.29,QMOF reference
qmof-3f13ba6,230.0,0.2,QMOF reference
qmof-9f310eb,341.0,0.38,QMOF reference
qmof-ba9d6d9,,FAILED,QMOF reference
qmof-718ab88,304.6,0.74,QMOF reference
qmof-cd9e11c,286.7,0.89,QMOF reference
qmof-0a64c16,283.7,0.81,QMOF reference
qmof-f8f1488,391.1,0.36,QMOF reference
qmof-f0ff70c,346.6,0.32,QMOF reference
qmof-f6b2332,260.1,0.56,QMOF reference
qmof-a5b9a8a,232.4,0.39,QMOF reference
qmof-992689e,,FAILED,QMOF reference
qmof-5386b34,246.4,0.13,QMOF reference
qmof-33bbe86,395.4,0.93,QMOF reference
qmof-05dadc1,314.6,0.49,QMOF reference
qmof-c1bf88b,319.1,0.18,QMOF reference
qmof-265801c,266.7,0.16,QMOF reference
qmof-2605824,345.0,0.83,QMOF reference
qmof-01a0a8c,411.7,0.8,QMOF reference
qmof-14bc777,292.4,0.63,QMOF reference
qmof-45d3e8b,348.0,0.21,QMOF reference
qmof-5b5c508,378.0,0.72,QMOF reference
qmof-0070c13,313.1,0.79,QMOF reference
qmof-e2e6668,391.4,0.61,QMOF reference
qmof-305bca1,484.4,0.45,QMOF reference
qmof-9b1d1ca,412.6,0.32,QMOF reference
qmof-cd10167,271.6,0.26,QMOF reference
qmof-dd07117,401.0,0.23,QMOF reference
qmof-4fe57e9,,FAILED,QMOF reference
qmof-385b6d0,321.2,0.74,QMOF reference
qmof-f2fac68,435.6,0.87,QMOF reference
qmof-15c4a0c,353.1,0.93,QMOF reference
qmof-ca189cb,,FAILED,QMOF reference
qmof-19e36ac,379.7,0.51,QMOF reference
qmof-f614088,412.2,0.59,QMOF reference
qmof-72feed7,298.0,0.5,QMOF reference
qmof-3cfc4c8,227.5,0.91,QMOF reference
qmof-65823ea,256.5,0.93,QMOF reference
qmof-1954102,333.0,0.46,QMOF reference
qmof-1948fd3,313.0,0.63,QMOF reference
qmof-93ec4e0,324.6,0.94,QMOF reference
qmof-d246998,421.4,0.94,QMOF reference
qmof-56a86e6,314.3,0.9,QMOF reference
qmof-3af1f54,327.2,0.36,QMOF reference
qmof-3988bbf,,FAILED,QMOF reference
qmof-bc0c3a3,349.5,0.7,QMOF reference
qmof-7bcba44,351.0,0.73,QMOF reference
qmof-9bedbe0,,FAILED,QMOF reference
qmof-4269ab3,319.5,0.69,QMOF reference
qmof-9d80c83,,FAILED,QMOF reference
qmof-a84827d,362.1,0.4,QMOF reference
qmof-02cf811,440.0,0.21,QMOF reference
qmof-c398fa7,,FAILED,QMOF reference
qmof-97d33bf,287.1,0.27,QMOF reference
qmof-36d7c8b,277.2,0.93,QMOF reference
qmof-88ef49a,316.5,0.7,QMOF reference
qmof-1692715,239.7,0.91,QMOF reference
qmof-95dc237,,FAILED,QMOF reference
qmof-7e84f6f,362.0,0.94,QMOF reference
qmof-5404d7b,377.6,0.37,QMOF reference
qmof-92e7fb5,361.3,0.71,QMOF reference
qmof-bc6b36f,271.5,0.58,QMOF reference
qmof-210f8d2,,FAILED,QMOF reference
qmof-0f6b856,340.5,0.94,QMOF reference
qmof-f94dd0a,,FAILED,QMOF reference
qmof-3319867,372.3,0.22,QMOF reference
qmof-9e15453,309.8,0.39,QMOF reference
qmof-4241a3d,341.9,0.77,QMOF reference
qmof-bcca6b0,375.4,0.1,QMOF reference
qmof-972e98d,259.3,0.68,QMOF reference
qmof-3e92cd3,297.9,0.95,QMOF reference
qmof-a32d5ff,262.0,0.33,QMOF reference
qmof-93c77bb,326.5,0.81,QMOF reference
qmof-8f7fc45,328.5,0.35,QMOF reference
qmof-8491731,370.2,0.91,QMOF reference
qmof-4c61e1e,309.8,0.77,QMOF reference
qmof-13f8e19,323.9,0.29,QMOF reference
qmof-abc5977,386.8,0.35,QMOF reference
qmof-f5b881e,327.9,0.35,QMOF reference
qmof-444a648,,FAILED,QMOF reference
qmof-3a762f1,369.7,0.83,QMOF reference
qmof-1a08aae,335.7,0.81,QMOF reference
qmof-c47a25a,,FAILED,QMOF reference
qmof-4815e94,285.2,0.51,QMOF reference
qmof-079b91e,,FAILED,QMOF reference
qmof-259af4b,300.7,0.7,QMOF reference
qmof-1bee1f0,280.1,0.42,QMOF reference
qmof-e2ca7ec,254.4,0.48,QMOF reference
qmof-d0d01da,345.8,0.79,QMOF reference
qmof-4a1e9e7,399.0,0.46,QMOF reference
qmof-48ff125,,FAILED,QMOF reference
qmof-b223836,285.0,0.84,QMOF reference
qmof-92bca5d,404.1,0.86,QMOF reference
qmof-fee5c86,425.7,0.88,QMOF reference
qmof-3832ef9,,FAILED,QMOF reference
qmof-b3ce798,302.6,0.71,QMOF reference
qmof-b3220dc,367.5,0.73,QMOF reference
qmof-54ee0dd,312.2,0.9,QMOF reference
qmof-d4eb674,328.7,0.63,QMOF reference
qmof-24a8d59,,FAILED,QMOF reference
qmof-dad057d,368.0,0.81,QMOF reference
qmof-8b06bb4,335.1,0.5,QMOF reference
qmof-a4d3459,348.1,0.14,QMOF reference
qmof-a83d179,291.3,0.34,QMOF reference
qmof-6a2739d,305.7,0.38,QMOF reference
qmof-ff2fade,310.0,0.24,QMOF reference
qmof-195c0ca,330.9,0.88,QMOF reference
qmof-b8cc0aa,365.6,0.84,QMOF reference
qmof-a364837,323.7,0.88,QMOF reference
qmof-cffa37f,330.5,0.76,QMOF reference
qmof-6f47ba4,,FAILED,QMOF reference
qmof-ac2c305,416.5,0.87,QMOF reference
qmof-abc132f,389.1,0.95,QMOF reference
qmof-f0b9b6a,313.2,0.62,QMOF reference
qmof-987c95e,345.9,0.3,QMOF reference
qmof-4a7f527,320.3,0.21,QMOF reference
qmof-2e17133,308.5,0.94,QMOF reference
qmof-f771839,273.6,0.29,QMOF reference
qmof-451e247,444.4,0.66,QMOF reference
qmof-887c43e,294.1,0.26,QMOF reference
qmof-5a415c6,355.3,0.96,QMOF reference
qmof-ce92376,245.9,0.91,QMOF reference
qmof-f5a3f7c,,FAILED,QMOF reference
qmof-7983944,180.1,0.54,QMOF reference
qmof-d8c5293,417.0,0.94,QMOF reference
qmof-9b94528,289.3,0.8,QMOF reference
qmof-4e05e99,,FAILED,QMOF reference
qmof-994af66,326.3,0.56,QMOF reference
qmof-ff93e75,,FAILED,QMOF reference
qmof-b2fa897,305.7,0.85,QMOF reference
qmof-3d85027,323.0,0.6,QMOF reference
qmof-8b6046e,251.2,0.85,QMOF reference
qmof-7dfff4f,373.2,0.32,QMOF reference
qmof-5a53386,334.3,0.4,QMOF reference
qmof-5e616d3,339.2,0.44,QMOF reference
qmof-c6a0c39,243.2,0.89,QMOF reference
qmof-19013f9,350.8,0.89,QMOF reference
qmof-c2d6ce1,369.4,0.39,QMOF reference
qmof-a79f7a8,411.3,0.62,QMOF reference
qmof-5cb7bf7,399.5,0.24,QMOF reference
qmof-704a813,271.4,0.35,QMOF reference
qmof-e4d5e45,320.1,0.37,QMOF reference
qmof-9bc384e,,FAILED,QMOF reference
qmof-0cb4f49,,FAILED,QMOF reference
qmof-02753a5,347.3,0.77,QMOF reference
qmof-f3b9a1a,306.3,0.8,QMOF reference
qmof-67d495a,298.3,0.53,QMOF reference
qmof-9b71bbe,447.0,0.51,QMOF reference
qmof-0507e96,329.4,0.94,QMOF reference
qmof-5c226cb,,FAILED,QMOF reference
qmof-7b85e02,312.4,0.75,QMOF reference
qmof-3ffecec,,FAILED,QMOF reference
qmof-1f153d6,,FAILED,QMOF reference
qmof-00c212c,340.0,0.43,QMOF reference
qmof-b813e9a,271.6,0.13,QMOF reference
qmof-d74206e,354.9,0.93,QMOF reference
qmof-5108c60,320.0,0.73,QMOF reference
qmof-d084066,,FAILED,QMOF reference
qmof-b7bdda5,389.3,0.91,QMOF reference
qmof-45780fc,318.2,0.83,QMOF reference
qmof-9cdf88c,368.8,0.11,QMOF reference
qmof-1f7d79e,330.7,0.74,QMOF reference
qmof-b867fda,389.0,0.66,QMOF reference
qmof-d17d6a6,280.9,0.78,QMOF reference
qmof-34facea,264.9,0.15,QMOF reference
qmof-e1456f8,197.1,0.94,QMOF reference
qmof-d1aa449,461.4,0.21,QMOF reference
qmof-1b44fef,362.0,0.9,QMOF reference
qmof-167de99,,FAILED,QMOF reference
qmof-5682b27,,FAILED,QMOF reference
qmof-bf537e0,,FAILED,QMOF reference
qmof-1726767,341.5,0.83,QMOF reference
qmof-69c8db4,335.5,0.85,QMOF reference
qmof-cb5f8d9,352.7,0.48,QMOF reference
qmof-9466437,,FAILED,QMOF reference
qmof-f8dd6bc,235.5,0.98,QMOF reference
qmof-a145905,375.3,0.95,QMOF reference
qmof-050c8bc,299.5,0.89,QMOF reference
qmof-cbe57c8,,FAILED,QMOF reference
qmof-379302a,294.8,0.49,QMOF reference
qmof-992547a,267.3,0.29,QMOF reference
qmof-7710534,305.7,0.6,QMOF reference
qmof-814e710,346.6,0.89,QMOF reference
qmof-3f71601,266.5,0.62,QMOF reference
qmof-e5d0ee5,341.7,0.55,QMOF reference
qmof-1825bea,,FAILED,QMOF reference
qmof-0c2ac6d,258.7,0.15,QMOF reference
qmof-de33b49,,FAILED,QMOF reference
qmof-ffc1922,232.9,0.53,QMOF reference
qmof-6fbadf4,397.2,0.42,QMOF reference
qmof-a92f564,319.9,0.88,QMOF reference
qmof-83504f6,247.7,0.63,QMOF reference
qmof-3019c97,329.3,0.46,QMOF reference
qmof-80b4f23,233.3,0.4,QMOF reference
qmof-511e8da,302.4,0.09,QMOF reference
qmof-b4c884f,278.0,0.58,QMOF reference
qmof-91931bc,371.5,0.58,QMOF reference
qmof-63b69ac,251.8,0.61,QMOF reference
qmof-4124b8d,317.2,0.85,QMOF reference
qmof-833ee2a,315.5,0.15,QMOF reference
qmof-2cfb7a7,323.1,0.94,QMOF reference
qmof-3bf519f,311.1,0.53,QMOF reference
qmof-85bae44,,FAILED,QMOF reference
qmof-6848f68,,FAILED,QMOF reference
qmof-015591d,,FAILED,QMOF reference
qmof-4304595,377.2,0.32,QMOF reference
qmof-ae0a390,398.3,0.49,QMOF reference
qmof-2dae2b6,322.8,0.89,QMOF reference
qmof-ab26a1c,426.4,0.01,QMOF reference
qmof-08a8daa,311.5,0.73,QMOF reference
qmof-ae1a15f,329.8,0.83,QMOF reference
qmof-37173e4,,FAILED,QMOF reference
qmof-0ac08a6,306.0,0.97,QMOF reference
qmof-929f022,394.6,0.32,QMOF reference
qmof-c30e806,,FAILED,QMOF reference
qmof-18430ef,,FAILED,QMOF reference
qmof-99ed3b6,411.5,0.72,QMOF reference
qmof-fd9d709,258.0,0.94,QMOF reference
qmof-4e1928c,257.8,0.92,QMOF reference
qmof-7f7afd2,446.9,0.91,QMOF reference
qmof-6b82caa,305.7,0.89,QMOF reference
qmof-3370ec9,213.4,0.7,QMOF reference
qmof-3415203,308.6,0.46,QMOF reference
qmof-54a03a4,316.2,0.88,QMOF reference
qmof-2bbe9ae,390.8,0.74,QMOF reference
qmof-85b5866,255.6,0.51,QMOF reference
qmof-8679519,247.7,0.94,QMOF reference
qmof-c6a4edf,297.6,0.85,QMOF reference
qmof-a299dee,,FAILED,QMOF reference
qmof-c11f9ca,244.1,0.77,QMOF reference
qmof-d81ebae,259.2,0.44,QMOF reference
qmof-9b21ed3,338.0,0.73,QMOF reference
qmof-52a36da,404.7,0.79,QMOF reference
qmof-bf84f9f,346.1,0.95,QMOF reference
qmof-9b48a99,246.9,0.85,QMOF reference
qmof-32382ab,329.5,0.4,QMOF reference
qmof-71cb066,332.9,0.66,QMOF reference
qmof-4cfda29,268.5,0.88,QMOF reference
qmof-b3dd101,294.7,0.84,QMOF reference
qmof-7833268,406.7,0.53,QMOF reference
qmof-e402bbf,226.0,0.91,QMOF reference
qmof-4256080,364.3,0.2,QMOF reference
qmof-e32c58a,368.8,0.96,QMOF reference
qmof-4cc3895,364.6,0.1,QMOF reference
qmof-f97da3b,359.3,0.34,QMOF reference
qmof-9a8be97,321.7,0.68,QMOF reference
qmof-34419d7,255.2,0.48,QMOF reference
qmof-6fd66b2,,FAILED,QMOF reference
qmof-b3296f3,332.1,0.88,QMOF reference
qmof-c6e68a4,,FAILED,QMOF reference
qmof-1547f0e,367.7,0.96,QMOF reference
qmof-8cd9d78,367.0,0.37,QMOF reference
qmof-8492159,262.1,0.58,QMOF reference
qmof-2d19113,278.2,0.59,QMOF reference
qmof-6ba5b5d,450.3,0.91,QMOF reference
qmof-e568186,314.6,0.48,QMOF reference
qmof-972dddd,347.2,0.74,QMOF reference
qmof-872f38f,331.1,0.23,QMOF reference
qmof-f0447b0,,FAILED,QMOF reference
qmof-14548f8,360.6,0.8,QMOF reference
qmof-85e1f38,288.8,0.44,QMOF reference
qmof-a680360,294.5,0.39,QMOF reference
qmof-04c1119,371.5,0.87,QMOF reference
qmof-bd5da4b,324.5,0.31,QMOF reference
qmof-30df418,294.5,0.84,QMOF reference
qmof-bd9ffd3,276.8,0.47,QMOF reference
qmof-3b1c2bf,248.5,0.7,QMOF reference
qmof-92c3fea,309.6,0.87,QMOF reference
qmof-dab2b61,,FAILED,QMOF reference
qmof-f232c79,344.2,0.37,QMOF reference
qmof-8e1ed58,429.4,0.56,QMOF reference
qmof-cc4453b,367.6,0.54,QMOF reference
qmof-88b90c9,,FAILED,QMOF reference
qmof-1ef53a0,348.0,0.64,QMOF reference
qmof-d1fec5e,257.3,0.06,QMOF reference
qmof-b0d70e5,312.4,0.41,QMOF reference
qmof-5243a2c,303.1,0.06,QMOF reference
qmof-96f42f3,,FAILED,QMOF reference
qmof-14b2d9e,356.8,0.89,QMOF reference
qmof-363ea84,299.3,0.36,QMOF reference
qmof-a7669d5,339.6,0.65,QMOF reference
qmof-bb88cf5,,FAILED,QMOF reference
qmof-743e1bf,275.3,0.93,QMOF reference
qmof-f8fb414,336.7,0.62,QMOF reference
qmof-80e4d27,366.2,0.88,QMOF reference
qmof-a8abb47,293.0,0.93,QMOF reference
qmof-16983c5,328.6,0.39,QMOF reference
qmof-85d3da9,306.8,0.75,QMOF reference
qmof-fa76c71,385.3,0.41,QMOF reference
qmof-aff01a8,312.2,0.68,QMOF reference
qmof-f986f08,265.6,0.62,QMOF reference
qmof-4f1aecf,321.9,0.49,QMOF reference
qmof-3326c2a,309.3,0.32,QMOF reference
qmof-e0b5cf3,376.7,0.78,QMOF reference
qmof-80a362e,310.9,0.78,QMOF reference
qmof-84ef243,,FAILED,QMOF reference
qmof-2f1cd7a,413.6,0.82,QMOF reference
qmof-ea5cbd0,204.6,0.67,QMOF reference
qmof-8a11989,313.6,0.27,QMOF reference
qmof-df668a3,228.6,0.22,QMOF reference
qmof-8b54b98,354.6,0.89,QMOF reference
qmof-cc96959,347.7,0.68,QMOF reference
qmof-b2bccba,394.5,0.87,QMOF reference
qmof-f55c6c1,285.4,0.53,QMOF reference
qmof-3cc7791,357.9,0.84,QMOF reference
qmof-92f548c,269.8,0.09,QMOF reference
qmof-d06ef43,310.5,0.55,QMOF reference
qmof-a59b357,375.3,0.19,QMOF reference
qmof-28cec93,,FAILED,QMOF reference
qmof-58bd82c,294.1,0.75,QMOF reference
qmof-402c9c0,307.6,0.93,QMOF reference
qmof-6d3d4f5,357.4,0.5,QMOF reference
qmof-53e44f4,419.5,0.74,QMOF reference
qmof-fade50b,391.7,0.67,QMOF reference
qmof-ea7f7dc,391.2,0.35,QMOF reference
qmof-5611ed0,360.9,0.92,QMOF reference
qmof-99e5c20,271.1,0.7,QMOF reference
qmof-4050181,354.5,0.88,QMOF reference
qmof-43553c8,346.8,0.36,QMOF reference
qmof-a02e051,534.4,0.86,QMOF reference
qmof-0de9112,260.0,0.42,QMOF reference
qmof-7d9f443,376.1,0.37,QMOF reference
qmof-3ca5d72,,FAILED,QMOF reference
qmof-0103b7b,338.1,0.86,QMOF reference
qmof-3eca592,385.7,0.11,QMOF reference
qmof-3f035fa,485.9,0.78,QMOF reference
qmof-b2fddf8,353.4,0.78,QMOF reference
qmof-1d894fb,375.7,0.43,QMOF reference
qmof-71bc372,310.5,0.53,QMOF reference
qmof-2157a06,,FAILED,QMOF reference
qmof-9cf4c4a,,FAILED,QMOF reference
qmof-0eca7ba,166.3,0.53,QMOF reference
qmof-110ffa0,354.5,0.78,QMOF reference
qmof-99bf606,417.1,0.88,QMOF reference
qmof-a0e9b68,392.3,0.82,QMOF reference
qmof-80d14e6,359.5,0.84,QMOF reference
qmof-6cf2cff,315.7,0.15,QMOF reference
qmof-3bdfb25,,FAILED,QMOF reference
qmof-08ed257,308.7,0.08,QMOF reference
qmof-a50a6c8,348.4,0.86,QMOF reference
qmof-8cdca87,,FAILED,QMOF reference
qmof-c10e296,,FAILED,QMOF reference
qmof-0fe96c4,351.3,0.84,QMOF reference
qmof-dca4e37,295.2,0.84,QMOF reference
qmof-c40f4c4,374.3,0.56,QMOF reference
qmof-a69e224,332.4,0.94,QMOF reference
qmof-eaa8adc,131.7,0.78,QMOF reference
qmof-8b511ee,331.2,0.54,QMOF reference
qmof-4402ce6,370.3,0.79,QMOF reference
qmof-b780466,356.3,0.83,QMOF reference
qmof-aef345f,326.7,0.29,QMOF reference
qmof-fa82b98,410.0,0.81,QMOF reference
qmof-e1cb3fa,368.3,0.39,QMOF reference
qmof-2393523,360.3,0.88,QMOF reference
qmof-f943c85,354.0,0.95,QMOF reference
qmof-3b4a2e0,293.2,0.93,QMOF reference
qmof-9300c45,391.4,0.59,QMOF reference
qmof-1cf5db4,326.7,0.12,QMOF reference
qmof-936c1e7,330.1,0.19,QMOF reference
qmof-ec93474,,FAILED,QMOF reference
qmof-6032da7,274.0,0.69,QMOF reference
qmof-cf9a5d2,382.6,0.51,QMOF reference
qmof-ad36e2f,252.2,0.93,QMOF reference
qmof-50ebe70,,FAILED,QMOF reference
qmof-999d9d0,,FAILED,QMOF reference
qmof-f62c223,,FAILED,QMOF reference
qmof-82276a2,312.2,0.68,QMOF reference
qmof-f158543,309.0,0.95,QMOF reference
qmof-efec07a,308.2,0.77,QMOF reference
qmof-dfed9ce,,FAILED,QMOF reference
qmof-f69d898,273.5,0.75,QMOF reference
qmof-909100d,383.1,0.4,QMOF reference
qmof-091c239,,FAILED,QMOF reference
qmof-3abee2d,420.7,0.72,QMOF reference
qmof-f8e972c,286.4,0.18,QMOF reference
qmof-fc93e58,,FAILED,QMOF reference
qmof-db5580b,345.1,0.66,QMOF reference
qmof-f2dcc8e,379.4,0.49,QMOF reference
qmof-7945a6b,,FAILED,QMOF reference
qmof-f6b81a4,331.6,0.82,QMOF reference
qmof-128a8ad,,FAILED,QMOF reference
qmof-d03c776,349.3,0.91,QMOF reference
qmof-00eae24,409.4,0.48,QMOF reference
qmof-09eb351,316.0,0.62,QMOF reference
qmof-5ff0d55,349.1,0.64,QMOF reference
qmof-98d94aa,373.7,0.43,QMOF reference
qmof-64c9f07,330.3,0.48,QMOF reference
qmof-a20d4f3,373.2,0.54,QMOF reference
qmof-a8c0450,297.1,0.3,QMOF reference
qmof-3bc58f6,268.5,0.12,QMOF reference
qmof-e132d67,365.0,0.09,QMOF reference
qmof-cf00f6e,324.2,0.57,QMOF reference
qmof-2c2efe3,341.6,0.67,QMOF reference
qmof-6494cc5,,FAILED,QMOF reference
qmof-8eb67f4,420.2,0.83,QMOF reference
qmof-e68f2b2,313.8,0.93,QMOF reference
qmof-80b8de3,406.2,0.85,QMOF reference
qmof-2ad6ccc,357.4,0.67,QMOF reference
qmof-73b2f47,,FAILED,QMOF reference
qmof-4986c94,333.6,0.68,QMOF reference
qmof-49076f5,,FAILED,QMOF reference
qmof-07f54ba,390.9,0.8,QMOF reference
qmof-9a71eae,338.3,0.54,QMOF reference
qmof-98778f1,367.0,0.89,QMOF reference
qmof-a1a9bc1,431.3,0.48,QMOF reference
qmof-11e62e0,,FAILED,QMOF reference
qmof-6e9bf4e,431.4,0.72,QMOF reference
qmof-833e46c,331.8,0.44,QMOF reference
qmof-dbf7ed3,401.3,0.95,QMOF reference
qmof-8ca501e,357.2,0.72,QMOF reference
qmof-15bc1db,400.6,0.9,QMOF reference
qmof-85a8986,201.6,0.49,QMOF reference
qmof-ddb5585,303.4,0.4,QMOF reference
qmof-1a901aa,355.1,0.13,QMOF reference
qmof-6b88181,220.4,0.09,QMOF reference
qmof-3c04d40,342.9,0.94,QMOF reference
qmof-f287e67,273.4,0.93,QMOF reference
qmof-59424b3,397.3,0.88,QMOF reference
qmof-28dc38b,336.2,0.96,QMOF reference
qmof-9ef9d8f,243.8,0.43,QMOF reference
qmof-a239802,327.6,0.74,QMOF reference
qmof-6fa2d3c,328.5,0.58,QMOF reference
qmof-e73768a,458.7,0.83,QMOF reference
qmof-6ec1b25,260.0,0.88,QMOF reference
qmof-b8ce672,305.6,0.41,QMOF reference
qmof-dd3d308,361.9,0.74,QMOF reference
qmof-0338cb2,278.8,0.94,QMOF reference
qmof-c709b2d,352.5,0.42,QMOF reference
qmof-342ad08,,FAILED,QMOF reference
qmof-8676659,,FAILED,QMOF reference
qmof-6c0cc55,346.5,0.9,QMOF reference
qmof-156c4a2,359.6,0.38,QMOF reference
qmof-9a528f1,339.4,0.65,QMOF reference
qmof-4288fb3,328.8,0.16,QMOF reference
qmof-11bd7e7,350.9,0.93,QMOF reference
qmof-c585aa5,278.3,0.46,QMOF reference
qmof-a3576ea,331.7,0.85,QMOF reference
qmof-1195366,291.7,0.45,QMOF reference
qmof-17c39d6,237.2,0.94,QMOF reference
qmof-c65a908,369.0,0.86,QMOF reference
qmof-d1bf53c,267.1,0.16,QMOF reference
qmof-3aebfd2,401.0,0.48,QMOF reference
qmof-5ea1778,338.6,0.86,QMOF reference
qmof-8bfd99e,354.6,0.48,QMOF reference
qmof-3dabaa3,,FAILED,QMOF reference
qmof-b8ef732,348.6,0.94,QMOF reference
qmof-9c76f5e,,FAILED,QMOF reference
qmof-a02cfee,290.5,0.64,QMOF reference
qmof-b4be939,308.9,0.69,QMOF reference
qmof-864cbd5,322.6,0.3,QMOF reference
qmof-211265f,,FAILED,QMOF reference
qmof-8ce2f86,360.6,0.94,QMOF reference
qmof-a3e1988,263.7,0.26,QMOF reference
qmof-f77560d,166.7,0.96,QMOF reference
qmof-c8ac69c,360.2,0.89,QMOF reference
qmof-8e0ee46,395.0,0.91,QMOF reference
qmof-8b92916,317.0,0.94,QMOF reference
qmof-27baed2,295.5,0.24,QMOF reference
qmof-2d9e71c,391.5,0.81,QMOF reference
qmof-6db0296,380.6,0.8,QMOF reference
qmof-5d4580f,,FAILED,QMOF reference
qmof-3ed9eea,413.9,0.32,QMOF reference
qmof-da36c6b,458.9,0.95,QMOF reference
qmof-483d39b,320.4,0.42,QMOF reference
qmof-722b6f4,511.8,0.72,QMOF reference
qmof-d88d13b,419.7,0.87,QMOF reference
qmof-c6615e4,400.0,0.56,QMOF reference
qmof-e203bf0,329.8,0.59,QMOF reference
qmof-956904d,393.0,0.88,QMOF reference
qmof-a4cfbb4,471.1,0.87,QMOF reference
qmof-debe154,244.6,0.96,QMOF reference
qmof-996dc07,335.5,0.53,QMOF reference
qmof-a3a0733,311.5,0.63,QMOF reference
qmof-e2cdb03,201.8,0.5,QMOF reference
qmof-84ec9a6,303.9,0.71,QMOF reference
qmof-950a070,,FAILED,QMOF reference
qmof-f3c52d4,271.2,0.7,QMOF reference
qmof-7da8960,244.2,0.15,QMOF reference
qmof-af77375,206.3,0.91,QMOF reference
qmof-227ae8f,297.2,0.75,QMOF reference
qmof-5697fd8,374.6,0.8,QMOF reference
qmof-68e2724,340.6,0.73,QMOF reference
qmof-e5c7eaf,,FAILED,QMOF reference
qmof-4bb9ee9,310.1,0.78,QMOF reference
qmof-2e34efd,372.0,0.72,QMOF reference
qmof-765548f,,FAILED,QMOF reference
qmof-b830655,361.8,0.32,QMOF reference
qmof-6542f77,338.4,0.75,QMOF reference
qmof-c98e6d4,349.5,0.46,QMOF reference
qmof-cca3b22,279.6,0.54,QMOF reference
qmof-3642ccf,350.4,0.62,QMOF reference
qmof-831eab7,,FAILED,QMOF reference
qmof-52e8f8a,268.0,0.79,QMOF reference
qmof-d208f10,359.8,0.4,QMOF reference
qmof-b8066b7,293.3,0.69,QMOF reference
qmof-3253161,,FAILED,QMOF reference
qmof-3b01793,329.9,0.5,QMOF reference
qmof-ffde105,288.3,0.65,QMOF reference
qmof-2d7d1e7,319.0,0.68,QMOF reference
qmof-815b847,362.0,0.16,QMOF reference
qmof-4cd6b6d,349.8,0.83,QMOF reference
qmof-9769ca0,348.1,0.32,QMOF reference
qmof-78eafd8,339.2,0.96,QMOF reference
qmof-f99af63,398.8,0.9,QMOF reference
qmof-987868e,345.9,0.59,QMOF reference
qmof-ed8eb91,380.1,0.4,QMOF reference
qmof-0dd2a81,327.6,0.54,QMOF reference
qmof-733e678,306.0,0.25,QMOF reference
qmof-74df16c,319.2,0.98,QMOF reference
qmof-04a2435,,FAILED,QMOF reference
qmof-4623c6a,297.3,0.87,QMOF reference
qmof-1d78b2e,300.1,0.4,QMOF reference
qmof-99887b0,,FAILED,QMOF reference
qmof-57c1734,372.1,0.65,QMOF reference
qmof-195ef6a,289.8,0.72,QMOF reference
qmof-06caa98,359.2,0.6,QMOF reference
qmof-d0ce9c9,356.1,0.92,QMOF reference
qmof-1f24a35,304.4,0.26,QMOF reference
qmof-0bbe81c,347.0,0.6,QMOF reference
qmof-9cf2bad,,FAILED,QMOF reference
qmof-0be87d7,346.2,0.46,QMOF reference
qmof-7bed89e,380.9,0.44,QMOF reference
qmof-d714064,330.1,0.53,QMOF reference
qmof-0595b93,193.7,0.75,QMOF reference
qmof-98f67f3,231.1,0.92,QMOF reference
qmof-62890e4,362.2,0.8,QMOF reference
qmof-ae1ca4c,255.9,0.16,QMOF reference
qmof-2cd344e,298.5,0.75,QMOF reference
qmof-e771041,334.7,0.09,QMOF reference
qmof-98f4038,,FAILED,QMOF reference
qmof-23da69c,328.8,0.31,QMOF reference
qmof-fb16de9,392.0,0.93,QMOF reference
qmof-751809e,420.3,0.96,QMOF reference
qmof-f364496,332.7,0.89,QMOF reference
qmof-1b70dc7,210.0,0.92,QMOF reference
qmof-5014204,451.3,0.92,QMOF reference
qmof-0743acf,340.3,0.56,QMOF reference
qmof-0162289,305.1,0.27,QMOF reference
qmof-44ae5b4,405.7,0.15,QMOF reference
qmof-98871d7,340.0,0.93,QMOF reference
qmof-21e5b1b,,FAILED,QMOF reference
qmof-e6bb80c,278.1,0.22,QMOF reference
qmof-f7c5619,370.7,0.25,QMOF reference
qmof-97c3e6f,388.0,0.45,QMOF reference
qmof-5a8e468,317.3,0.35,QMOF reference
qmof-0fe19f1,,FAILED,QMOF reference
qmof-e2ef78a,289.6,0.91,QMOF reference
qmof-baec627,399.7,0.71,QMOF reference
qmof-4c4d6c3,428.0,0.87,QMOF reference
qmof-e3a50a7,324.8,0.92,QMOF reference
qmof-fbe705d,335.9,0.72,QMOF reference
qmof-4482e16,314.3,0.76,QMOF reference
qmof-82f77fa,310.7,0.72,QMOF reference
qmof-7a0465a,,FAILED,QMOF reference
qmof-c5457b7,287.3,0.78,QMOF reference
qmof-d7ba091,270.4,0.69,QMOF reference
qmof-aa5070e,299.5,0.4,QMOF reference
qmof-1702f8c,309.8,0.85,QMOF reference
qmof-0f9e66f,344.8,0.64,QMOF reference
qmof-d65a0ec,406.7,0.93,QMOF reference
qmof-68a8225,393.1,0.65,QMOF reference
qmof-7c2e712,326.1,0.62,QMOF reference
qmof-ab8a714,,FAILED,QMOF reference
qmof-bac9b75,251.0,0.18,QMOF reference
qmof-7e6da38,354.4,0.15,QMOF reference
qmof-858bd1d,385.4,0.75,QMOF reference
qmof-9be438c,394.8,0.02,QMOF reference
qmof-c753207,324.0,0.78,QMOF reference
qmof-a2d344d,428.0,0.16,QMOF reference
qmof-f3e4e39,372.7,0.64,QMOF reference
qmof-f5f710d,385.3,0.92,QMOF reference
qmof-7b4729c,410.5,0.92,QMOF reference
qmof-123b551,269.7,0.3,QMOF reference
qmof-80942aa,329.8,0.45,QMOF reference
qmof-a268ce5,262.3,0.89,QMOF reference
qmof-e2aa664,252.3,0.58,QMOF reference
qmof-61282f6,,FAILED,QMOF reference
qmof-ac38828,268.2,0.84,QMOF reference
qmof-8197ed4,352.2,0.39,QMOF reference
qmof-acc8248,,FAILED,QMOF reference
qmof-340ce3d,284.0,0.32,QMOF reference
qmof-ac5170e,310.6,0.4,QMOF reference
qmof-565debb,333.8,0.84,QMOF reference
qmof-585ceb5,339.8,0.97,QMOF reference
qmof-f4ceca8,,FAILED,QMOF reference
qmof-8e2d290,307.7,0.73,QMOF reference
qmof-38494f2,356.0,0.61,QMOF reference
qmof-1da28d0,395.2,0.78,QMOF reference
qmof-5029b9d,341.9,0.6,QMOF reference
qmof-f9c1a94,,FAILED,QMOF reference
qmof-44f7b77,334.7,0.95,QMOF reference
qmof-2e3a934,,FAILED,QMOF reference
qmof-e78c96e,229.5,0.25,QMOF reference
qmof-3e6e565,333.7,0.94,QMOF reference
qmof-f343390,344.4,0.92,QMOF reference
qmof-01aff47,,FAILED,QMOF reference
qmof-5253809,292.5,0.2,QMOF reference
qmof-e15198f,,FAILED,QMOF reference
qmof-d3d1953,,FAILED,QMOF reference
qmof-6551f9b,351.2,0.28,QMOF reference
qmof-3983644,355.6,0.94,QMOF reference
qmof-3fdc76b,,FAILED,QMOF reference
qmof-e829283,415.8,0.05,QMOF reference
qmof-3a200d7,320.4,0.37,QMOF reference
qmof-d429569,236.2,0.87,QMOF reference
qmof-2c4e323,317.5,0.19,QMOF reference
qmof-eca429e,341.2,0.84,QMOF reference
qmof-ea3e64b,286.3,0.58,QMOF reference
qmof-65319e1,,FAILED,QMOF reference
qmof-1fe98cd,312.3,0.39,QMOF reference
qmof-bb8b1ce,382.8,0.2,QMOF reference
qmof-a56fed6,279.3,0.79,QMOF reference
qmof-10a8bec,343.7,0.85,QMOF reference
qmof-f0f4dea,467.9,0.22,QMOF reference
qmof-0a0718a,238.1,0.26,QMOF reference
qmof-970adef,406.0,0.82,QMOF reference
qmof-2941470,193.1,0.21,QMOF reference
qmof-c207cf7,394.0,0.76,QMOF reference
qmof-2c19356,277.9,0.81,QMOF reference
qmof-c79fd59,245.9,0.68,QMOF reference
qmof-0166122,386.5,0.9,QMOF reference
qmof-9a68425,309.0,0.82,QMOF reference
qmof-2290d6d,331.1,0.66,QMOF reference
qmof-e2c1370,413.9,0.88,QMOF reference
qmof-3bb4061,,FAILED,QMOF reference
qmof-b4a483b,,FAILED,QMOF reference
qmof-ce228b6,374.7,0.94,QMOF reference
qmof-c5a6ce1,379.7,0.88,QMOF reference
qmof-0554391,344.3,0.6,QMOF reference
qmof-b3dcc3e,249.0,0.16,QMOF reference
qmof-99e633f,339.4,0.08,QMOF reference
qmof-f5c5269,297.2,0.32,QMOF reference
qmof-3c9c79f,341.4,0.27,QMOF reference
qmof-e30a535,420.4,0.86,QMOF reference
qmof-6182d5e,383.5,0.8,QMOF reference
qmof-b584e82,294.3,0.2,QMOF reference
qmof-60dc14e,256.6,0.18,QMOF reference
qmof-ce2e8c8,354.1,0.79,QMOF reference
qmof-a56ab4f,226.9,0.8,QMOF reference
qmof-b6c5aeb,374.3,0.52,QMOF reference
qmof-4da8988,,FAILED,QMOF reference
qmof-0315b97,340.2,0.92,QMOF reference
qmof-8983115,355.1,0.21,QMOF reference
qmof-7ece11a,,FAILED,QMOF reference
qmof-3119618,,FAILED,QMOF reference
qmof-83bf23c,311.4,0.92,QMOF reference
qmof-a99aeba,267.1,0.94,QMOF reference
qmof-bb40785,296.2,0.93,QMOF reference
qmof-64aeaba,356.8,0.45,QMOF reference
qmof-a4b9c8c,,FAILED,QMOF reference
qmof-631229e,350.7,0.42,QMOF reference
qmof-968a6c5,416.1,0.92,QMOF reference
qmof-0d3a2c8,252.3,0.34,QMOF reference
qmof-eaa76fc,,FAILED,QMOF reference
qmof-f061a67,,FAILED,QMOF reference
qmof-29248f6,262.8,0.22,QMOF reference
qmof-2a66aa3,317.5,0.64,QMOF reference
qmof-30f3806,,FAILED,QMOF reference
qmof-4219847,359.1,0.31,QMOF reference
qmof-0153952,307.5,0.74,QMOF reference
qmof-1368332,,FAILED,QMOF reference
qmof-4847c95,325.7,0.92,QMOF reference
qmof-56158f0,347.5,0.46,QMOF reference
qmof-e130c8b,257.0,0.34,QMOF reference
qmof-c9cb5c8,,FAILED,QMOF reference
qmof-b34063b,298.1,0.89,QMOF reference
qmof-7cb301f,,FAILED,QMOF reference
qmof-0e6b29f,333.8,0.77,QMOF reference
qmof-6a4604e,353.7,0.15,QMOF reference
qmof-7f6d5c2,277.9,0.85,QMOF reference
qmof-9ad6bff,385.1,0.94,QMOF reference
qmof-938ce2b,296.4,0.89,QMOF reference
qmof-8d3a293,208.3,0.72,QMOF reference
qmof-50cbb92,,FAILED,QMOF reference
qmof-136a607,293.9,0.84,QMOF reference
qmof-7897453,358.8,0.49,QMOF reference
qmof-3af43df,320.8,0.64,QMOF reference
qmof-8fa99e8,318.1,0.9,QMOF reference
qmof-74326df,348.6,0.87,QMOF reference
qmof-905ce17,,FAILED,QMOF reference
qmof-e0b8997,312.7,0.81,QMOF reference
qmof-b92e7e5,378.9,0.94,QMOF reference
qmof-74db68b,321.0,0.75,QMOF reference
qmof-229058c,408.8,0.12,QMOF reference
qmof-67fdce2,316.1,0.76,QMOF reference
qmof-f226470,367.9,0.41,QMOF reference
qmof-7704324,339.0,0.57,QMOF reference
qmof-9ab32b4,332.1,0.88,QMOF reference
qmof-9ef7236,325.0,0.56,QMOF reference
qmof-e8a8d02,327.7,0.92,QMOF reference
qmof-9d92695,,FAILED,QMOF reference
qmof-0cf6fb4,347.6,0.54,QMOF reference
qmof-2069140,427.6,0.86,QMOF reference
qmof-fc40d70,381.5,0.34,QMOF reference
qmof-28f0c4f,408.2,0.28,QMOF reference
qmof-0592de4,358.4,0.47,QMOF reference
qmof-64b5161,401.2,0.6,QMOF reference
qmof-71edbc1,340.2,0.72,QMOF reference
qmof-a3a95de,377.5,0.7,QMOF reference
qmof-7bf11ac,358.2,0.24,QMOF reference
qmof-6b8f04a,259.2,0.45,QMOF reference
qmof-f2f6110,,FAILED,QMOF reference
qmof-3a743a9,404.3,0.63,QMOF reference
qmof-db52356,270.6,0.15,QMOF reference
qmof-340adb6,276.2,0.88,QMOF reference
qmof-1cce90f,277.5,0.76,QMOF reference
qmof-bd08a72,350.0,0.68,QMOF reference
qmof-2bb488b,333.3,0.68,QMOF reference
qmof-27043a0,332.6,0.57,QMOF reference
qmof-75bc730,363.7,0.12,QMOF reference
qmof-ae3277e,357.3,0.45,QMOF reference
qmof-6ca3fde,286.4,0.18,QMOF reference
qmof-6f4ab46,,FAILED,QMOF reference
qmof-10b84fb,307.0,0.45,QMOF reference
qmof-7060e24,327.6,0.44,QMOF reference
qmof-057b4a2,290.3,0.68,QMOF reference
qmof-6756c93,302.6,0.23,QMOF reference
qmof-85790cf,349.0,0.96,QMOF reference
qmof-9b881cc,495.7,0.89,QMOF reference
qmof-faf06b8,346.1,0.52,QMOF reference
qmof-228e322,346.2,0.4,QMOF reference
qmof-a6ce113,355.5,0.38,QMOF reference
qmof-994262e,326.9,0.64,QMOF reference
qmof-a8890ae,341.6,0.93,QMOF reference
qmof-01a84ba,,FAILED,QMOF reference
qmof-04cece3,328.6,0.7,QMOF reference
qmof-2b2d255,,FAILED,QMOF reference
qmof-39f5329,429.1,0.42,QMOF reference
qmof-2bf71ce,291.2,0.19,QMOF reference
qmof-0f24bbe,316.0,0.24,QMOF reference
qmof-2689225,331.4,0.71,QMOF reference
qmof-83a2b21,386.6,0.29,QMOF reference
qmof-f734d57,315.9,0.43,QMOF reference
qmof-534ae51,,FAILED,QMOF reference
qmof-fbf7e41,321.8,0.19,QMOF reference
qmof-6ab86e7,273.4,0.64,QMOF reference
qmof-d125f53,,FAILED,QMOF reference
qmof-0798d7e,343.5,0.91,QMOF reference
qmof-533fc1b,285.3,0.89,QMOF reference
qmof-827fbe8,389.5,0.53,QMOF reference
qmof-9858c59,335.2,0.82,QMOF reference
qmof-e2d2c46,294.9,0.93,QMOF reference
qmof-c915553,331.8,0.79,QMOF reference
qmof-cbb0c75,313.3,0.98,QMOF reference
qmof-65937c4,337.1,0.37,QMOF reference
qmof-41301bd,,FAILED,QMOF reference
qmof-ee71379,247.6,0.93,QMOF reference
qmof-b57a861,343.4,0.64,QMOF reference
qmof-18de3c4,265.9,0.77,QMOF reference
qmof-6f7fdde,297.7,0.93,QMOF reference
qmof-1ebd4e7,399.4,0.5,QMOF reference
qmof-f65c85b,368.6,0.89,QMOF reference
qmof-f46e3f3,347.5,0.89,QMOF reference
qmof-32f31b5,476.6,0.86,QMOF reference
qmof-3ab9cbf,339.0,0.37,QMOF reference
qmof-5c17b15,396.8,0.8,QMOF reference
qmof-17db927,297.9,0.74,QMOF reference
qmof-97a7eaf,375.6,0.78,QMOF reference
qmof-7ab621a,349.4,0.87,QMOF reference
qmof-fd4212d,278.2,0.61,QMOF reference
qmof-1e1bf28,368.7,0.1,QMOF reference
qmof-d0096f1,356.0,0.56,QMOF reference
qmof-67dd975,,FAILED,QMOF reference
qmof-5495921,269.4,0.36,QMOF reference
qmof-baa9e72,,FAILED,QMOF reference
qmof-ffb8c94,254.9,0.11,QMOF reference
qmof-91f487b,394.1,0.55,QMOF reference
qmof-b4cdf8e,334.4,0.68,QMOF reference
qmof-26f4a05,348.5,0.94,QMOF reference
qmof-9ea1107,428.0,0.61,QMOF reference
qmof-dc65865,,FAILED,QMOF reference
qmof-a3b763d,462.0,0.76,QMOF reference
qmof-05fbacb,257.2,0.26,QMOF reference
qmof-7301cfb,260.4,0.11,QMOF reference
qmof-7d4ccad,384.1,0.69,QMOF reference
qmof-99bbd67,319.8,0.9,QMOF reference
qmof-3165240,,FAILED,QMOF reference
qmof-f458e3d,,FAILED,QMOF reference
qmof-7c271cd,345.1,0.7,QMOF reference
qmof-5859c87,,FAILED,QMOF reference
qmof-0daa5d3,311.7,0.19,QMOF reference
qmof-461be91,269.0,0.39,QMOF reference
qmof-70585b5,209.0,0.42,QMOF reference
qmof-ec0a22b,333.9,0.76,QMOF reference
qmof-17de19a,415.2,0.87,QMOF reference
qmof-dcebb7c,406.6,0.95,QMOF reference
qmof-a5a80da,,FAILED,QMOF reference
qmof-6526591,268.6,0.16,QMOF reference
qmof-dd09d8f,299.3,0.57,QMOF reference
qmof-4dbd251,312.2,0.55,QMOF reference
qmof-cc20050,317.9,0.62,QMOF reference
qmof-73c2099,283.4,0.84,QMOF reference
qmof-2ff8597,319.2,0.48,QMOF reference
qmof-e53eab4,349.1,0.1,QMOF reference
qmof-c11323c,378.9,0.81,QMOF reference
qmof-306c578,211.9,0.19,QMOF reference
qmof-667784d,298.2,0.88,QMOF reference
qmof-8634ca3,,FAILED,QMOF reference
qmof-a8c8008,364.6,0.72,QMOF reference
qmof-9cc2146,308.1,0.93,QMOF reference
qmof-a37cb61,454.1,0.94,QMOF reference
qmof-34697c5,357.6,0.83,QMOF reference
qmof-444a042,310.8,0.9,QMOF reference
qmof-dac0019,360.8,0.71,QMOF reference
qmof-d4624eb,252.3,0.72,QMOF reference
qmof-0e4c081,329.8,0.89,QMOF reference
qmof-3f4c77b,369.0,0.94,QMOF reference
qmof-f28b766,299.7,0.59,QMOF reference
qmof-64d0752,308.7,0.49,QMOF reference
qmof-ad34930,290.8,0.25,QMOF reference
qmof-39099d2,504.8,0.04,QMOF reference
qmof-97b17d1,343.8,0.65,QMOF reference
qmof-947248f,,FAILED,QMOF reference
qmof-229d67d,343.3,0.92,QMOF reference
qmof-6d992df,342.7,0.66,QMOF reference
qmof-2f39bbb,367.8,0.38,QMOF reference
qmof-78cdf5d,324.8,0.36,QMOF reference
qmof-d51f680,415.1,0.79,QMOF reference
qmof-8ae539d,275.6,0.42,QMOF reference
qmof-437fb3b,236.1,0.69,QMOF reference
qmof-298ff1b,367.7,0.84,QMOF reference
qmof-98c279d,292.8,0.86,QMOF reference
qmof-7e2925e,337.8,0.7,QMOF reference
qmof-6505e92,363.7,0.82,QMOF reference
qmof-4a2d090,,FAILED,QMOF reference
qmof-1ef74a7,300.2,0.3,QMOF reference
qmof-8bcc15f,445.2,0.9,QMOF reference
qmof-ec7b9ee,,FAILED,QMOF reference
qmof-82d5634,281.5,0.55,QMOF reference
qmof-bbd536a,364.5,0.32,QMOF reference
qmof-9a7b594,331.3,0.22,QMOF reference
qmof-5a5686e,,FAILED,QMOF reference
qmof-b247070,344.3,0.21,QMOF reference
qmof-1b07b31,330.4,0.48,QMOF reference
qmof-527e32e,192.4,0.51,QMOF reference
qmof-767dd1d,355.5,0.28,QMOF reference
qmof-2301fd8,358.8,0.79,QMOF reference
qmof-52d1cdd,,FAILED,QMOF reference
qmof-46b588a,346.1,0.96,QMOF reference
qmof-19aee6c,391.1,0.96,QMOF reference
qmof-4a1cb0e,364.6,0.55,QMOF reference
qmof-4f07795,348.2,0.81,QMOF reference
qmof-74ea819,340.4,0.93,QMOF reference
qmof-32364c9,,FAILED,QMOF reference
qmof-d69a62e,351.7,0.92,QMOF reference
qmof-f3d5d89,316.3,0.35,QMOF reference
qmof-501c918,308.0,0.45,QMOF reference
qmof-a34800e,329.2,0.41,QMOF reference
qmof-0f2f881,331.4,0.55,QMOF reference
qmof-274e985,308.3,0.49,QMOF reference
qmof-66e54f2,339.6,0.91,QMOF reference
qmof-18924f9,327.2,0.2,QMOF reference
qmof-449e6f4,207.5,0.3,QMOF reference
qmof-9943ad5,445.8,0.58,QMOF reference
qmof-afd2c56,367.0,0.64,QMOF reference
qmof-8ab12fe,328.0,0.2,QMOF reference
qmof-c61e5e0,343.0,0.66,QMOF reference
qmof-bdc19f7,317.2,0.49,QMOF reference
qmof-c0f991d,353.5,0.89,QMOF reference
qmof-ba113c1,321.4,0.74,QMOF reference
qmof-9db61ac,,FAILED,QMOF reference
qmof-deb19b7,,FAILED,QMOF reference
qmof-f778d7c,360.0,0.19,QMOF reference
qmof-58e45ba,465.0,0.27,QMOF reference
qmof-e6ca203,324.4,0.9,QMOF reference
qmof-c7305e3,276.9,0.64,QMOF reference
qmof-ad50634,286.7,0.26,QMOF reference
qmof-f755f31,320.0,0.76,QMOF reference
qmof-26b83f7,454.9,0.96,QMOF reference
qmof-96f9ef7,265.3,0.72,QMOF reference
qmof-e01b73f,,FAILED,QMOF reference
qmof-eee7429,259.6,0.22,QMOF reference
qmof-bfa465d,277.0,0.42,QMOF reference
qmof-7b7a359,347.3,0.3,QMOF reference
qmof-ab60730,,FAILED,QMOF reference
qmof-9ae4594,344.3,0.17,QMOF reference
qmof-4a6ced3,392.3,0.58,QMOF reference
qmof-d51ba98,259.5,0.53,QMOF reference
qmof-cf999a5,295.7,0.25,QMOF reference
qmof-d385e80,,FAILED,QMOF reference
qmof-25abda2,238.3,0.24,QMOF reference
qmof-3288dd3,225.5,0.19,QMOF reference
qmof-5ec1870,369.0,0.84,QMOF reference
qmof-74da432,,FAILED,QMOF reference
qmof-3424c25,277.8,0.09,QMOF reference
qmof-9f84980,323.3,0.8,QMOF reference
qmof-c4c308d,,FAILED,QMOF reference
qmof-e05ace4,463.5,0.75,QMOF reference
qmof-8d529c3,,FAILED,QMOF reference
qmof-ae2eedb,357.2,0.83,QMOF reference
qmof-0e4c5e7,,FAILED,QMOF reference
qmof-a96469f,387.8,0.42,QMOF reference
qmof-4fc1a1b,322.6,0.62,QMOF reference
qmof-0f515e2,289.5,0.95,QMOF reference
qmof-8c21d01,282.8,0.92,QMOF reference
qmof-de7a107,326.2,0.06,QMOF reference
qmof-b6c2ee4,324.9,0.87,QMOF reference
qmof-d270b21,306.1,0.88,QMOF reference
qmof-6d62075,407.7,0.64,QMOF reference
qmof-b53439e,,FAILED,QMOF reference
qmof-77a1ed6,,FAILED,QMOF reference
qmof-965b897,347.7,0.3,QMOF reference
qmof-213c150,272.1,0.85,QMOF reference
qmof-15fac80,278.5,0.94,QMOF reference
qmof-73feda8,370.5,0.91,QMOF reference
qmof-c06322b,306.0,0.8,QMOF reference
qmof-d76ec90,242.3,0.57,QMOF reference
qmof-5e49283,345.7,0.21,QMOF reference
qmof-df43da1,316.3,0.31,QMOF reference
qmof-f0aa616,408.3,0.43,QMOF reference
qmof-91da70f,319.2,0.09,QMOF reference
qmof-4f48bfd,365.7,0.58,QMOF reference
qmof-5982646,,FAILED,QMOF reference
qmof-f23f39e,305.2,0.65,QMOF reference
qmof-1da59a9,,FAILED,QMOF reference
qmof-54a157d,341.3,0.64,QMOF reference
qmof-f1c5271,275.6,0.72,QMOF reference
qmof-365993a,351.0,0.91,QMOF reference
qmof-521818e,328.5,0.51,QMOF reference
qmof-edba6bb,396.1,0.49,QMOF reference
qmof-c6fdc30,394.0,0.21,QMOF reference
qmof-86c75a0,333.8,0.89,QMOF reference
qmof-ad997e0,372.3,0.81,QMOF reference
qmof-1c37c36,315.0,0.73,QMOF reference
qmof-94ab9a7,309.4,0.61,QMOF reference
qmof-6994eb7,352.1,0.86,QMOF reference
qmof-d6a31e5,425.0,0.66,QMOF reference
qmof-a5c7ba1,283.5,0.19,QMOF reference
qmof-221bfbd,363.4,0.65,QMOF reference
qmof-f6f3d84,716.2,0.0,QMOF reference
qmof-9504408,,FAILED,QMOF reference
qmof-0c405dc,340.9,0.23,QMOF reference
qmof-cd6091d,298.4,0.2,QMOF reference
qmof-0573de6,441.3,0.12,QMOF reference
qmof-279dffa,408.1,0.73,QMOF reference
qmof-17796cb,338.7,0.88,QMOF reference
qmof-94e8b5f,394.2,0.42,QMOF reference
qmof-9968ce6,381.4,0.19,QMOF reference
qmof-711b199,353.7,0.47,QMOF reference
qmof-f5c8d10,333.4,0.85,QMOF reference
qmof-e073388,347.4,0.67,QMOF reference
qmof-7787590,307.0,0.19,QMOF reference
qmof-af37413,324.2,0.76,QMOF reference
qmof-425ee31,,FAILED,QMOF reference
qmof-5c43327,333.7,0.34,QMOF reference
qmof-ba9fbf5,347.1,0.85,QMOF reference
qmof-619d145,171.4,0.98,QMOF reference
qmof-cdeaaaa,,FAILED,QMOF reference
qmof-9cb338e,368.5,0.31,QMOF reference
qmof-d9b6f83,352.2,0.61,QMOF reference
qmof-52c738e,,FAILED,QMOF reference
qmof-727c9e2,302.6,0.44,QMOF reference
qmof-921dee1,305.4,0.84,QMOF reference
qmof-8b2988d,371.6,0.17,QMOF reference
qmof-bc3f92f,348.8,0.94,QMOF reference
qmof-dfc1692,423.3,0.14,QMOF reference
qmof-2142f31,318.0,0.67,QMOF reference
qmof-4814d71,278.4,0.86,QMOF reference
qmof-8d6e3d6,305.2,0.18,QMOF reference
qmof-8ba1416,415.7,0.74,QMOF reference
qmof-5c52173,247.3,0.25,QMOF reference
qmof-ee96c92,397.4,0.87,QMOF reference
qmof-7d394fd,,FAILED,QMOF reference
qmof-d55908c,304.6,0.43,QMOF reference
qmof-f658273,321.8,0.46,QMOF reference
qmof-0bd4f7e,310.9,0.74,QMOF reference
qmof-6a97433,458.5,0.07,QMOF reference
qmof-0309df4,446.2,0.93,QMOF reference
qmof-3c0ccb3,,FAILED,QMOF reference
qmof-d3bbc25,351.0,0.8,QMOF reference
qmof-4e9c14b,,FAILED,QMOF reference
qmof-e504afd,304.1,0.32,QMOF reference
qmof-0b1055a,368.9,0.44,QMOF reference
qmof-9e0108e,,FAILED,QMOF reference
qmof-cc249f5,407.5,0.84,QMOF reference
qmof-194d013,346.5,0.83,QMOF reference
qmof-aa662d6,370.7,0.23,QMOF reference
qmof-e01ef61,338.5,0.16,QMOF reference
qmof-eecf791,,FAILED,QMOF reference
qmof-3db6ff9,408.1,0.93,QMOF reference
qmof-2b96960,,FAILED,QMOF reference
qmof-5bac0a7,,FAILED,QMOF reference
qmof-4c15177,283.4,0.09,QMOF reference
qmof-0669721,327.2,0.21,QMOF reference
qmof-3c23f8c,,FAILED,QMOF reference
qmof-f66d709,285.9,0.55,QMOF reference
qmof-68977d1,424.7,0.93,QMOF reference
qmof-4840cc5,415.1,0.92,QMOF reference
qmof-99e4b8e,387.2,0.25,QMOF reference
qmof-9dca13d,299.5,0.32,QMOF reference
qmof-a7ef366,315.6,0.58,QMOF reference
qmof-a18db6c,326.8,0.73,QMOF reference
qmof-62616d8,346.7,0.25,QMOF reference
qmof-465ca4f,355.1,0.8,QMOF reference
qmof-d42c622,301.6,0.64,QMOF reference
qmof-96d0200,308.9,0.96,QMOF reference
qmof-009b656,285.4,0.74,QMOF reference
qmof-73caf97,,FAILED,QMOF reference
qmof-8ccac7c,295.8,0.8,QMOF reference
qmof-f5b47bc,319.2,0.71,QMOF reference
qmof-7277549,327.7,0.92,QMOF reference
qmof-725dfa2,304.9,0.66,QMOF reference
qmof-85f5cdd,484.5,0.94,QMOF reference
qmof-35a415f,443.4,0.89,QMOF reference
qmof-bf1dda8,318.8,0.88,QMOF reference
qmof-6d28282,282.8,0.96,QMOF reference
qmof-f108d47,331.0,0.87,QMOF reference
qmof-f025e55,482.5,0.07,QMOF reference
qmof-d2bd698,309.4,0.74,QMOF reference
qmof-f161d3d,323.9,0.79,QMOF reference
qmof-efa5596,418.7,0.42,QMOF reference
qmof-f2c9734,437.2,0.86,QMOF reference
qmof-c374ef1,,FAILED,QMOF reference
qmof-772c71d,277.9,0.8,QMOF reference
qmof-16097f7,364.3,0.8,QMOF reference
qmof-9a60b76,391.6,0.13,QMOF reference
qmof-870b5ae,292.6,0.14,QMOF reference
qmof-755b963,267.0,0.33,QMOF reference
qmof-916f903,434.4,0.75,QMOF reference
qmof-15daa44,460.2,0.8,QMOF reference
qmof-cf1fc30,315.3,0.5,QMOF reference
qmof-6cb849a,314.3,0.63,QMOF reference
qmof-18f4ec6,429.2,0.84,QMOF reference
qmof-f50d129,301.5,0.82,QMOF reference
qmof-47e87b6,,FAILED,QMOF reference
qmof-03d42ea,402.6,0.77,QMOF reference
qmof-9b0abc5,374.1,0.95,QMOF reference
qmof-cd3d266,358.9,0.88,QMOF reference
qmof-379d04e,354.9,0.4,QMOF reference
qmof-00afe28,325.8,0.88,QMOF reference
qmof-70b56d2,,FAILED,QMOF reference
qmof-b7260ba,443.0,0.66,QMOF reference
qmof-15b32d5,309.5,0.81,QMOF reference
qmof-4aba306,440.2,0.87,QMOF reference
qmof-6915213,264.6,0.83,QMOF reference
qmof-14ca94e,290.2,0.39,QMOF reference
qmof-f053170,263.2,0.27,QMOF reference
qmof-e64b388,393.4,0.57,QMOF reference
qmof-51e0230,340.1,0.85,QMOF reference
qmof-8d4ecf8,397.5,0.27,QMOF reference
qmof-fdb847f,380.9,0.64,QMOF reference
qmof-da56d35,334.0,0.88,QMOF reference
qmof-79ff2bd,323.1,0.51,QMOF reference
qmof-b1e3539,347.0,0.2,QMOF reference
qmof-b77a192,,FAILED,QMOF reference
qmof-aca00b3,355.4,0.31,QMOF reference
qmof-62e71d8,343.3,0.93,QMOF reference
qmof-fda25aa,333.3,0.46,QMOF reference
qmof-53816c0,219.8,0.89,QMOF reference
qmof-f25c5a1,377.6,0.28,QMOF reference
qmof-8dc27cb,366.2,0.96,QMOF reference
qmof-1a5456b,346.9,0.7,QMOF reference
qmof-284b0e8,,FAILED,QMOF reference
qmof-5f1347b,305.6,0.8,QMOF reference
qmof-a4260ff,299.6,0.66,QMOF reference
qmof-6357683,418.3,0.46,QMOF reference
qmof-4780535,384.5,0.6,QMOF reference
qmof-17f519a,314.2,0.21,QMOF reference
qmof-da89b11,350.2,0.76,QMOF reference
qmof-f2f9463,329.2,0.81,QMOF reference
qmof-9259206,295.8,0.94,QMOF reference
qmof-2d4fbda,372.8,0.23,QMOF reference
qmof-230775a,436.1,0.17,QMOF reference
qmof-0e27a4a,325.2,0.82,QMOF reference
qmof-9369b89,352.0,0.95,QMOF reference
qmof-784ef56,380.7,0.79,QMOF reference
qmof-44308c2,355.1,0.95,QMOF reference
qmof-f2942aa,270.1,0.07,QMOF reference
qmof-a683fa0,350.0,0.32,QMOF reference
qmof-6ab88e0,295.5,0.95,QMOF reference
qmof-7e2fd26,223.8,0.3,QMOF reference
qmof-98634b9,376.4,0.93,QMOF reference
qmof-87ea5f9,342.1,0.3,QMOF reference
qmof-c3d89c2,282.1,0.48,QMOF reference
qmof-8ad9c54,361.1,0.17,QMOF reference
qmof-56a6574,,FAILED,QMOF reference
qmof-bc6c3c3,351.8,0.78,QMOF reference
qmof-5960b86,347.0,0.63,QMOF reference
qmof-efc4f62,372.4,0.16,QMOF reference
qmof-cf14ce7,317.9,0.24,QMOF reference
qmof-f0d5aa0,343.6,0.3,QMOF reference
qmof-1750b6c,302.8,0.62,QMOF reference
qmof-afe4fbb,,FAILED,QMOF reference
qmof-fb5bb0e,354.0,0.54,QMOF reference
qmof-ba779ff,354.1,0.5,QMOF reference
qmof-5e6ddfa,283.4,0.94,QMOF reference
qmof-1dacdd7,397.8,0.31,QMOF reference
qmof-0a980e2,384.9,0.4,QMOF reference
qmof-79de66a,279.3,0.63,QMOF reference
qmof-92b3873,,FAILED,QMOF reference
qmof-f1ec197,,FAILED,QMOF reference
qmof-cee3a9c,413.1,0.91,QMOF reference
qmof-fc08082,289.2,0.89,QMOF reference
qmof-67509c3,,FAILED,QMOF reference
qmof-9ca0bbc,300.0,0.53,QMOF reference
qmof-7af11ed,321.8,0.21,QMOF reference
qmof-74ac802,370.9,0.25,QMOF reference
qmof-4c83c49,203.5,0.18,QMOF reference
qmof-487f3f2,196.1,0.24,QMOF reference
qmof-7cfd893,,FAILED,QMOF reference
qmof-b089614,343.2,0.91,QMOF reference
qmof-7efaea0,347.1,0.86,QMOF reference
qmof-d10ccb2,387.9,0.38,QMOF reference
qmof-cce2aa3,381.1,0.77,QMOF reference
qmof-e2b9aa4,305.6,0.55,QMOF reference
qmof-53f1fd7,338.4,0.15,QMOF reference
qmof-1b587f2,257.3,0.2,QMOF reference
qmof-ce92071,347.8,0.68,QMOF reference
qmof-b2acbc5,,FAILED,QMOF reference
qmof-4eb747d,291.2,0.92,QMOF reference
qmof-9b90617,353.3,0.8,QMOF reference
qmof-83a307d,365.0,0.91,QMOF reference
qmof-1c69162,336.6,0.39,QMOF reference
qmof-6b0b16d,415.2,0.13,QMOF reference
qmof-e50c0c6,306.2,0.53,QMOF reference
qmof-d751b44,311.2,0.35,QMOF reference
qmof-004947a,326.9,0.94,QMOF reference
qmof-958851d,425.7,0.08,QMOF reference
qmof-6323f10,369.6,0.13,QMOF reference
qmof-c9fc4e7,221.2,0.77,QMOF reference
qmof-a645700,349.9,0.67,QMOF reference
qmof-15d1cfa,305.0,0.59,QMOF reference
qmof-a84e475,316.7,0.46,QMOF reference
qmof-44d1f08,,FAILED,QMOF reference
qmof-946ef24,314.7,0.55,QMOF reference
qmof-909f534,358.7,0.43,QMOF reference
qmof-52e1c67,334.5,0.1,QMOF reference
qmof-4eb7b40,308.9,0.87,QMOF reference
qmof-b1d0e6e,,FAILED,QMOF reference
qmof-2d98e86,371.8,0.74,QMOF reference
qmof-e14a066,298.4,0.12,QMOF reference
qmof-9aa7703,262.2,0.94,QMOF reference
qmof-a5bcf6e,437.0,0.77,QMOF reference
qmof-5ad780f,351.8,0.83,QMOF reference
qmof-0d568f0,331.4,0.68,QMOF reference
qmof-497c336,293.6,0.94,QMOF reference
qmof-dbedd04,260.7,0.09,QMOF reference
qmof-de7a226,278.3,0.8,QMOF reference
qmof-920a29d,282.3,0.62,QMOF reference
qmof-ce794b1,310.3,0.73,QMOF reference
qmof-b4b3bb1,,FAILED,QMOF reference
qmof-d32c5b6,302.4,0.22,QMOF reference
qmof-26fc218,316.5,0.46,QMOF reference
qmof-008e52d,364.8,0.9,QMOF reference
qmof-b1c70fd,327.3,0.42,QMOF reference
qmof-f9b57f1,320.7,0.68,QMOF reference
qmof-bc15af2,,FAILED,QMOF reference
qmof-70d8452,348.6,0.94,QMOF reference
qmof-b8741a5,376.0,0.48,QMOF reference
qmof-0a513ec,265.4,0.51,QMOF reference
qmof-3620829,322.9,0.41,QMOF reference
qmof-1acb010,283.5,0.9,QMOF reference
qmof-22a80df,282.0,0.89,QMOF reference
qmof-914ea4d,350.7,0.64,QMOF reference
qmof-d3d7d3d,510.5,0.72,QMOF reference
qmof-da9cf4c,301.9,0.86,QMOF reference
qmof-54372a9,363.2,0.21,QMOF reference
qmof-6fb2465,342.9,0.94,QMOF reference
qmof-4c17a2b,346.4,0.94,QMOF reference
qmof-8241a6b,341.7,0.26,QMOF reference
qmof-d7ad42d,429.1,0.61,QMOF reference
qmof-6052971,267.0,0.38,QMOF reference
qmof-fde0c28,334.8,0.7,QMOF reference
qmof-b6b6cf7,347.0,0.12,QMOF reference
qmof-f906424,391.7,0.93,QMOF reference
qmof-5191c64,211.5,0.48,QMOF reference
qmof-249c513,403.1,0.5,QMOF reference
qmof-c8aebae,,FAILED,QMOF reference
qmof-a8b31b4,332.1,0.18,QMOF reference
qmof-a4d563a,408.0,0.66,QMOF reference
qmof-1667413,283.8,0.94,QMOF reference
qmof-3868cd5,332.4,0.91,QMOF reference
qmof-74eaa3d,389.1,0.1,QMOF reference
qmof-765b27e,389.4,0.58,QMOF reference
qmof-d54431e,,FAILED,QMOF reference
qmof-2a39bb7,331.8,0.52,QMOF reference
qmof-08c54a1,253.4,0.99,QMOF reference
qmof-80731d2,333.9,0.69,QMOF reference
qmof-6331411,303.3,0.68,QMOF reference
qmof-3c797de,245.1,0.71,QMOF reference
qmof-1ca1cf3,376.9,0.93,QMOF reference
qmof-49cb885,343.3,0.59,QMOF reference
qmof-0337f66,247.2,0.64,QMOF reference
qmof-6c4ca0b,321.0,0.83,QMOF reference
qmof-9c6629d,,FAILED,QMOF reference
qmof-b0b6587,466.8,0.91,QMOF reference
qmof-dcf738c,,FAILED,QMOF reference
qmof-c2896c6,337.4,0.89,QMOF reference
qmof-a3e45d0,226.8,0.13,QMOF reference
qmof-5206c61,276.0,0.35,QMOF reference
qmof-2adc999,358.2,0.86,QMOF reference
qmof-b5281a7,386.7,0.72,QMOF reference
qmof-58dedce,399.1,0.42,QMOF reference
qmof-692f848,334.2,0.16,QMOF reference
qmof-2c26b5a,320.0,0.92,QMOF reference
qmof-fbdd307,237.6,0.91,QMOF reference
qmof-02ef78f,346.2,0.85,QMOF reference
qmof-a3f8ffa,308.6,0.29,QMOF reference
qmof-faede09,388.6,0.66,QMOF reference
qmof-945b0cc,,FAILED,QMOF reference
qmof-09f0270,268.0,0.53,QMOF reference
qmof-ab0e24b,301.9,0.88,QMOF reference
qmof-3ad55a3,355.6,0.93,QMOF reference
qmof-e327b51,358.8,0.4,QMOF reference
qmof-51a8296,342.1,0.78,QMOF reference
qmof-a5e961a,,FAILED,QMOF reference
qmof-bf65e5f,295.9,0.79,QMOF reference
qmof-2edfe81,275.9,0.57,QMOF reference
qmof-170e722,339.8,0.72,QMOF reference
qmof-043fa31,394.4,0.02,QMOF reference
qmof-a6dc226,270.9,0.64,QMOF reference
qmof-7f07068,324.6,0.67,QMOF reference
qmof-5874237,332.1,0.78,QMOF reference
qmof-b5e6f6b,339.1,0.7,QMOF reference
qmof-3e2b99e,338.1,0.62,QMOF reference
qmof-52fcaf2,310.5,0.26,QMOF reference
qmof-807839f,,FAILED,QMOF reference
qmof-5cea606,290.8,0.81,QMOF reference
qmof-1678991,353.4,0.67,QMOF reference
qmof-d587666,289.9,0.49,QMOF reference
qmof-feff9d6,321.9,0.64,QMOF reference
qmof-9e0dc6c,287.2,0.35,QMOF reference
qmof-2bb1085,292.1,0.7,QMOF reference
qmof-2c7d021,272.9,0.59,QMOF reference
qmof-f37c2f5,466.1,0.27,QMOF reference
qmof-6efe8f8,303.6,0.46,QMOF reference
qmof-9f3570c,,FAILED,QMOF reference
qmof-320fb46,399.0,0.49,QMOF reference
qmof-e704bc8,264.2,0.6,QMOF reference
qmof-3fc9985,408.4,0.54,QMOF reference
qmof-ce0eb61,346.7,0.92,QMOF reference
qmof-95de84b,397.9,0.74,QMOF reference
qmof-b3649d4,240.6,0.18,QMOF reference
qmof-04bc54b,308.8,0.91,QMOF reference
qmof-39d4547,182.0,0.95,QMOF reference
qmof-0fe982a,,FAILED,QMOF reference
qmof-c998a82,324.9,0.39,QMOF reference
qmof-4a015d8,361.7,0.41,QMOF reference
qmof-a4fe5d7,236.6,0.94,QMOF reference
qmof-8cf1104,324.8,0.74,QMOF reference
qmof-67f29db,260.9,0.24,QMOF reference
qmof-3583d10,,FAILED,QMOF reference
qmof-22c2e9c,272.4,0.68,QMOF reference
qmof-b4de016,301.7,0.85,QMOF reference
qmof-fcdc951,,FAILED,QMOF reference
qmof-00762f1,300.3,0.89,QMOF reference
qmof-dfefa6b,271.7,0.88,QMOF reference
qmof-9dd8102,,FAILED,QMOF reference
qmof-6ad0afb,433.3,0.87,QMOF reference
qmof-c590394,251.6,0.93,QMOF reference
qmof-e44d943,,FAILED,QMOF reference
qmof-575e040,368.2,0.86,QMOF reference
qmof-5c0fddb,362.6,0.6,QMOF reference
qmof-ccbbab8,,FAILED,QMOF reference
qmof-aaa4160,,FAILED,QMOF reference
qmof-c988586,305.9,0.27,QMOF reference
qmof-a4c6e04,326.8,0.35,QMOF reference
qmof-f0c9af4,339.1,0.67,QMOF reference
qmof-555bacb,289.0,0.75,QMOF reference
qmof-4720334,427.4,0.82,QMOF reference
qmof-ead21d1,330.9,0.82,QMOF reference
qmof-b6f3020,288.6,0.31,QMOF reference
qmof-58c93b3,412.2,0.23,QMOF reference
qmof-fe4edc7,312.0,0.95,QMOF reference
qmof-78378ae,318.6,0.38,QMOF reference
qmof-14e4ce3,309.6,0.44,QMOF reference
qmof-4b1ae8b,393.6,0.53,QMOF reference
qmof-aae9bb5,295.4,0.94,QMOF reference
qmof-a257fa8,,FAILED,QMOF reference
qmof-1b7eed8,309.6,0.66,QMOF reference
qmof-8809609,381.4,0.21,QMOF reference
qmof-5079f8c,378.8,0.83,QMOF reference
qmof-a78e151,328.1,0.21,QMOF reference
qmof-26a3b14,291.7,0.89,QMOF reference
qmof-9225553,271.6,0.83,QMOF reference
qmof-24f72ab,365.0,0.96,QMOF reference
qmof-7df7140,314.4,0.52,QMOF reference
qmof-099c53d,312.4,0.23,QMOF reference
qmof-bcccc70,299.2,0.6,QMOF reference
qmof-e948ad8,336.8,0.39,QMOF reference
qmof-1967cf1,441.0,0.87,QMOF reference
qmof-10ef6bd,,FAILED,QMOF reference
qmof-74c27d5,,FAILED,QMOF reference
qmof-2000cb0,318.9,0.83,QMOF reference
qmof-16e256a,,FAILED,QMOF reference
qmof-9944746,265.8,0.88,QMOF reference
qmof-c763d52,387.0,0.88,QMOF reference
qmof-be46534,299.3,0.71,QMOF reference
qmof-80849f4,,FAILED,QMOF reference
qmof-fab3293,,FAILED,QMOF reference
qmof-c389047,,FAILED,QMOF reference
qmof-f914f9b,431.9,0.9,QMOF reference
qmof-d3a576e,286.4,0.95,QMOF reference
qmof-2eeccc6,325.3,0.84,QMOF reference
qmof-e83f1ee,192.6,0.38,QMOF reference
qmof-903f166,372.7,0.78,QMOF reference
qmof-b2e74b6,,FAILED,QMOF reference
qmof-3e1c10a,305.3,0.9,QMOF reference
qmof-e0ed021,316.6,0.46,QMOF reference
qmof-173e029,269.4,0.87,QMOF reference
qmof-4268a9c,,FAILED,QMOF reference
qmof-424203f,297.2,0.19,QMOF reference
qmof-db6a412,287.6,0.7,QMOF reference
qmof-fa6a9de,222.9,0.19,QMOF reference
qmof-3172fe0,367.4,0.68,QMOF reference
qmof-6d04fee,288.1,0.14,QMOF reference
qmof-b1904d6,320.7,0.83,QMOF reference
qmof-97ee5b6,291.3,0.97,QMOF reference
qmof-7c778f1,339.9,0.87,QMOF reference
qmof-2019dbf,256.2,0.72,QMOF reference
qmof-4c6642d,308.4,0.78,QMOF reference
qmof-43efc53,417.4,0.67,QMOF reference
qmof-284d34c,371.2,0.69,QMOF reference
qmof-52f04d1,385.1,0.54,QMOF reference
qmof-e92571c,334.9,0.26,QMOF reference
qmof-f271b0a,332.0,0.93,QMOF reference
qmof-5ad4ee3,280.8,0.87,QMOF reference
qmof-1475835,396.3,0.92,QMOF reference
qmof-1a3858d,254.4,0.43,QMOF reference
qmof-eda13fa,359.1,0.9,QMOF reference
qmof-3d535c4,318.3,0.74,QMOF reference
qmof-cf6922c,315.4,0.69,QMOF reference
qmof-db90df3,376.4,0.91,QMOF reference
qmof-1e98fe6,285.9,0.38,QMOF reference
qmof-4140970,332.6,0.78,QMOF reference
qmof-937b244,,FAILED,QMOF reference
qmof-c64d9f3,331.7,0.69,QMOF reference
qmof-ece4651,266.6,0.58,QMOF reference
qmof-9556813,,FAILED,QMOF reference
qmof-cbe4817,372.1,0.13,QMOF reference
qmof-60a018e,262.5,0.85,QMOF reference
qmof-886ee84,,FAILED,QMOF reference
qmof-daddfb7,,FAILED,QMOF reference
qmof-8ab2648,,FAILED,QMOF reference
qmof-30ebc55,277.0,0.4,QMOF reference
qmof-b9d13e5,320.3,0.8,QMOF reference
qmof-53872ef,380.4,0.93,QMOF reference
qmof-b094b1a,,FAILED,QMOF reference
qmof-f92e9aa,255.3,0.82,QMOF reference
qmof-5546ee9,,FAILED,QMOF reference
qmof-89fc176,225.9,0.94,QMOF reference
qmof-47e505d,322.9,0.62,QMOF reference
qmof-ac79fd0,345.8,0.9,QMOF reference
qmof-3d83673,,FAILED,QMOF reference
qmof-7a071d1,388.5,0.65,QMOF reference
qmof-d967b7b,,FAILED,QMOF reference
qmof-addc8ec,382.4,0.44,QMOF reference
qmof-326b951,320.4,0.89,QMOF reference
qmof-6ef199f,,FAILED,QMOF reference
qmof-43dde62,372.1,0.5,QMOF reference
qmof-add6b39,361.5,0.06,QMOF reference
qmof-785cf78,245.3,0.92,QMOF reference
qmof-fd4f897,241.5,0.8,QMOF reference
qmof-4f5a813,322.1,0.67,QMOF reference
qmof-82af598,358.8,0.47,QMOF reference
qmof-d52189a,279.4,0.24,QMOF reference
qmof-556d95b,298.5,0.86,QMOF reference
qmof-1c75dc4,304.7,0.55,QMOF reference
qmof-29c7dbe,313.1,0.6,QMOF reference
qmof-f954167,,FAILED,QMOF reference
qmof-c7a9c33,321.8,0.6,QMOF reference
qmof-371cbb6,260.4,0.73,QMOF reference
qmof-08e91e8,312.0,0.55,QMOF reference
qmof-0daa435,352.6,0.83,QMOF reference
qmof-10cf41c,361.4,0.6,QMOF reference
qmof-2f4f5e2,322.1,0.93,QMOF reference
qmof-bce7356,313.8,0.53,QMOF reference
qmof-dd5a2f4,360.4,0.56,QMOF reference
qmof-8969958,350.8,0.91,QMOF reference
qmof-b533ad1,,FAILED,QMOF reference
qmof-2021dad,334.5,0.83,QMOF reference
qmof-826c19b,287.0,0.77,QMOF reference
qmof-f418ca0,338.1,0.2,QMOF reference
qmof-633a43e,296.8,0.58,QMOF reference
qmof-8437032,,FAILED,QMOF reference
qmof-d9809f0,306.6,0.71,QMOF reference
qmof-a38a59d,301.2,0.31,QMOF reference
qmof-d66fc4f,311.3,0.57,QMOF reference
qmof-5f02256,326.6,0.69,QMOF reference
qmof-faff604,292.3,0.13,QMOF reference
qmof-e31f193,317.3,0.32,QMOF reference
qmof-248a9de,401.2,0.76,QMOF reference
qmof-d2f655f,311.1,0.8,QMOF reference
qmof-023bc51,338.9,0.61,QMOF reference
qmof-90e2627,310.6,0.87,QMOF reference
qmof-4d05e36,,FAILED,QMOF reference
qmof-1fd7c8a,320.3,0.85,QMOF reference
qmof-019efdd,13.3,0.7,QMOF reference
qmof-15ede29,,FAILED,QMOF reference
qmof-8f8a69e,320.0,0.89,QMOF reference
qmof-14f2341,,FAILED,QMOF reference
qmof-5e2dc9c,,FAILED,QMOF reference
qmof-e584e11,,FAILED,QMOF reference
qmof-41521ed,306.8,0.96,QMOF reference
qmof-d22e1ac,346.1,0.61,QMOF reference
qmof-fdcecf4,291.4,0.74,QMOF reference
qmof-2f9cf3e,272.4,0.68,QMOF reference
qmof-1197fef,325.3,0.7,QMOF reference
qmof-15b016f,389.5,0.49,QMOF reference
qmof-e89276b,444.0,0.68,QMOF reference
qmof-19a68cb,,FAILED,QMOF reference
qmof-922a0bb,363.8,0.36,QMOF reference
qmof-e603480,324.6,0.44,QMOF reference
qmof-52b722a,338.1,0.29,QMOF reference
qmof-59f5198,389.1,0.86,QMOF reference
qmof-bc35341,355.5,0.92,QMOF reference
qmof-1497a17,244.8,0.41,QMOF reference
qmof-9b41c8c,,FAILED,QMOF reference
qmof-bcab2b6,322.5,0.48,QMOF reference
qmof-e4d19f2,286.9,0.94,QMOF reference
qmof-b5821fa,312.4,0.61,QMOF reference
qmof-6c51382,,FAILED,QMOF reference
qmof-c3c6a53,376.6,0.67,QMOF reference
qmof-1eebafa,292.9,0.87,QMOF reference
qmof-8f1bc5a,348.6,0.92,QMOF reference
qmof-aae514f,376.4,0.72,QMOF reference
qmof-dbb18cc,380.4,0.82,QMOF reference
qmof-f3c4f21,,FAILED,QMOF reference
qmof-dc4c416,317.5,0.35,QMOF reference
qmof-5436a87,,FAILED,QMOF reference
qmof-a61cced,365.4,0.93,QMOF reference
qmof-e0961ec,343.8,0.99,QMOF reference
qmof-169c2f0,353.0,0.81,QMOF reference
qmof-ec5e968,398.0,0.39,QMOF reference
qmof-d2c331d,398.5,0.91,QMOF reference
qmof-6e5a0c5,347.4,0.95,QMOF reference
qmof-708a740,369.2,0.37,QMOF reference
qmof-3af1a22,235.5,0.21,QMOF reference
qmof-59fc722,398.8,0.54,QMOF reference
qmof-e0eb4a6,410.1,0.77,QMOF reference
qmof-0d8ec48,321.5,0.58,QMOF reference
qmof-c027dc9,355.7,0.37,QMOF reference
qmof-5b945c8,337.3,0.11,QMOF reference
qmof-18ff2a1,287.2,0.89,QMOF reference
qmof-c5d75d5,373.4,0.68,QMOF reference
qmof-c3fcf76,293.5,0.78,QMOF reference
qmof-918da97,258.3,0.42,QMOF reference
qmof-0be1d5d,324.1,0.79,QMOF reference
qmof-8795f0c,356.0,0.9,QMOF reference
qmof-e726ffa,296.0,0.47,QMOF reference
qmof-54c5b1e,228.1,0.17,QMOF reference
qmof-724daab,341.7,0.81,QMOF reference
qmof-c5df9f7,282.8,0.57,QMOF reference
qmof-18f4601,347.1,0.24,QMOF reference
qmof-a17a1a7,350.7,0.5,QMOF reference
qmof-6e778ba,396.5,0.41,QMOF reference
qmof-04f1cc1,396.0,0.86,QMOF reference
qmof-3a4a4ef,309.6,0.76,QMOF reference
qmof-3836068,325.6,0.84,QMOF reference
qmof-47f264b,327.9,0.87,QMOF reference
qmof-3bb2216,360.6,0.86,QMOF reference
qmof-6cb1694,351.8,0.86,QMOF reference
qmof-d25e2ca,,FAILED,QMOF reference
qmof-de9cc08,359.7,0.14,QMOF reference
qmof-049d829,,FAILED,QMOF reference
qmof-6cf28ef,328.6,0.07,QMOF reference
qmof-e07b521,398.9,0.39,QMOF reference
qmof-dbd21cd,,FAILED,QMOF reference
qmof-7369f6c,304.0,0.36,QMOF reference
qmof-aa82102,313.0,0.7,QMOF reference
qmof-5fd4397,439.4,0.92,QMOF reference
qmof-2c1ce1f,203.6,0.38,QMOF reference
qmof-0e79f50,266.6,0.49,QMOF reference
qmof-36ea904,323.0,0.73,QMOF reference
qmof-b59197e,,FAILED,QMOF reference
qmof-b65c1f5,269.8,0.48,QMOF reference
qmof-bec0a90,316.2,0.67,QMOF reference
qmof-41ae7d7,502.9,0.26,QMOF reference
qmof-e9c8a7c,316.5,0.93,QMOF reference
qmof-aca9816,316.1,0.24,QMOF reference
qmof-68c71c0,366.3,0.18,QMOF reference
qmof-700998f,507.0,0.91,QMOF reference
qmof-ed035f8,,FAILED,QMOF reference
qmof-d55dd9b,,FAILED,QMOF reference
qmof-94017ac,306.3,0.68,QMOF reference
qmof-3f1fb36,,FAILED,QMOF reference
qmof-79768f1,319.9,0.91,QMOF reference
qmof-813d9b7,375.9,0.7,QMOF reference
qmof-32fa595,308.9,0.93,QMOF reference
qmof-22a065a,297.3,0.69,QMOF reference
qmof-dbaf834,354.4,0.6,QMOF reference
qmof-53abb6f,391.9,0.37,QMOF reference
qmof-633eaa8,361.2,0.68,QMOF reference
qmof-397b1f3,302.5,0.94,QMOF reference
qmof-e9836d3,375.7,0.06,QMOF reference
qmof-53c7ebf,392.6,0.89,QMOF reference
qmof-98f664f,331.1,0.31,QMOF reference
qmof-e890ecf,253.3,0.86,QMOF reference
qmof-e4cd9c2,377.2,0.91,QMOF reference
qmof-6dd4a25,336.8,0.21,QMOF reference
qmof-713cbf1,313.6,0.28,QMOF reference
qmof-268c45a,323.7,0.57,QMOF reference
qmof-4a59b22,351.0,0.31,QMOF reference
qmof-47eb3b5,285.8,0.63,QMOF reference
qmof-9535ce3,,FAILED,QMOF reference
qmof-09bb6ee,354.3,0.36,QMOF reference
qmof-3d43b5a,395.8,0.34,QMOF reference
qmof-0a41075,374.0,0.28,QMOF reference
qmof-a51c112,356.5,0.97,QMOF reference
qmof-40edf6a,327.6,0.89,QMOF reference
qmof-58f416c,376.1,0.8,QMOF reference
qmof-3b20031,310.6,0.22,QMOF reference
qmof-08e1896,268.7,0.66,QMOF reference
qmof-74432dc,372.8,0.33,QMOF reference
qmof-5947a96,243.0,0.88,QMOF reference
qmof-85027d8,338.8,0.32,QMOF reference
qmof-860e30a,379.8,0.37,QMOF reference
qmof-1991ed6,243.8,0.89,QMOF reference
qmof-934b70f,365.6,0.84,QMOF reference
qmof-648d493,210.6,0.76,QMOF reference
qmof-dc3d8ce,432.8,0.73,QMOF reference
qmof-a95d07f,362.8,0.68,QMOF reference
qmof-218da26,342.9,0.75,QMOF reference
qmof-a2967d1,427.9,0.83,QMOF reference
qmof-cc44e12,341.1,0.26,QMOF reference
qmof-add590e,389.7,0.2,QMOF reference
qmof-b26c8e2,316.1,0.8,QMOF reference
qmof-54f3ddb,410.3,0.89,QMOF reference
qmof-03ddeb4,385.1,0.34,QMOF reference
qmof-5e5ad16,432.7,0.35,QMOF reference
qmof-d535864,326.6,0.9,QMOF reference
qmof-8ed9887,295.4,0.5,QMOF reference
qmof-3f653e6,355.7,0.88,QMOF reference
qmof-a9ab2a6,290.6,0.4,QMOF reference
qmof-6235282,,FAILED,QMOF reference
qmof-6f5eeb5,350.3,0.88,QMOF reference
qmof-871db39,273.6,0.74,QMOF reference
qmof-a798dd6,283.7,0.93,QMOF reference
qmof-626963a,344.6,0.86,QMOF reference
qmof-566780e,357.3,0.49,QMOF reference
qmof-6855f2e,,FAILED,QMOF reference
qmof-290d012,286.4,0.18,QMOF reference
qmof-eab170f,272.8,0.86,QMOF reference
qmof-4b93797,436.5,0.6,QMOF reference
qmof-a4fd570,234.1,0.95,QMOF reference
qmof-d850c92,320.5,0.93,QMOF reference
qmof-624174a,289.9,0.54,QMOF reference
qmof-24c5a37,349.5,0.6,QMOF reference
qmof-b1e4752,,FAILED,QMOF reference
qmof-c4157b5,289.3,0.73,QMOF reference
qmof-fc3e4dd,264.8,0.86,QMOF reference
qmof-afb876a,301.6,0.39,QMOF reference
qmof-7a0e225,417.4,0.37,QMOF reference
qmof-c2a7a97,259.6,0.63,QMOF reference
qmof-3d4f57d,300.3,0.36,QMOF reference
qmof-7497a33,345.9,0.77,QMOF reference
qmof-0d21efa,262.2,0.15,QMOF reference
qmof-363055b,351.8,0.38,QMOF reference
qmof-c0d0be0,,FAILED,QMOF reference
qmof-a123871,246.1,0.16,QMOF reference
qmof-553cf0b,,FAILED,QMOF reference
qmof-363cd17,369.8,0.96,QMOF reference
qmof-21f8c6f,300.4,0.66,QMOF reference
qmof-061ae68,364.1,0.87,QMOF reference
qmof-6a5b52b,352.8,0.45,QMOF reference
qmof-1cc7dc7,396.0,0.71,QMOF reference
qmof-9d9ec39,355.2,0.96,QMOF reference
qmof-34988a2,315.7,0.42,QMOF reference
qmof-98009e1,221.5,0.28,QMOF reference
qmof-d3fae93,295.8,0.68,QMOF reference
qmof-b1d51dc,,FAILED,QMOF reference
qmof-1b73980,269.6,0.53,QMOF reference
qmof-d42e254,327.5,0.82,QMOF reference
qmof-a5b4f8a,,FAILED,QMOF reference
qmof-810bc6b,,FAILED,QMOF reference
qmof-7426f8a,288.6,0.4,QMOF reference
qmof-b6208ec,375.0,0.32,QMOF reference
qmof-c1a51f9,,FAILED,QMOF reference
qmof-98d6115,374.7,0.4,QMOF reference
qmof-f78833d,340.4,0.47,QMOF reference
qmof-8528641,303.4,0.89,QMOF reference
qmof-e3ba18e,264.4,0.9,QMOF reference
qmof-2fc7de6,344.8,0.83,QMOF reference
qmof-948e0af,297.9,0.75,QMOF reference
qmof-abb0c43,287.6,0.62,QMOF reference
qmof-1620f91,,FAILED,QMOF reference
qmof-2c1dd80,383.2,0.32,QMOF reference
qmof-0b75061,382.9,0.03,QMOF reference
qmof-e260879,339.4,0.73,QMOF reference
qmof-1df753f,235.3,0.73,QMOF reference
qmof-5ecb223,,FAILED,QMOF reference
qmof-dbf1bf8,281.9,0.92,QMOF reference
qmof-e50605b,,FAILED,QMOF reference
qmof-35607b2,325.9,0.1,QMOF reference
qmof-1e2bfe2,397.9,0.33,QMOF reference
qmof-3d2f792,,FAILED,QMOF reference
qmof-1dbc0cf,,FAILED,QMOF reference
qmof-95de001,262.3,0.08,QMOF reference
qmof-55638ef,462.0,0.91,QMOF reference
qmof-d5c113e,333.6,0.62,QMOF reference
qmof-b0e510d,289.5,0.58,QMOF reference
qmof-03a39a4,345.1,0.88,QMOF reference
qmof-2ca6d90,326.1,0.86,QMOF reference
qmof-6b5adb3,278.4,0.4,QMOF reference
qmof-0c21f93,309.5,0.79,QMOF reference
qmof-9470209,295.2,0.34,QMOF reference
qmof-521e75d,388.3,0.36,QMOF reference
qmof-ebf0dd7,274.3,0.54,QMOF reference
qmof-20f0c53,419.7,0.37,QMOF reference
qmof-8fc0c9f,404.2,0.77,QMOF reference
qmof-5dabe7d,326.5,0.52,QMOF reference
qmof-2d58bb8,231.7,0.69,QMOF reference
qmof-38e0c3c,420.8,0.1,QMOF reference
qmof-f42d855,259.4,0.72,QMOF reference
qmof-bb9d22a,402.7,0.83,QMOF reference
qmof-5448ece,,FAILED,QMOF reference
qmof-b30e8a7,251.8,0.87,QMOF reference
qmof-4188071,251.5,0.35,QMOF reference
qmof-6104fb7,344.8,0.87,QMOF reference
qmof-2eb73bf,402.6,0.95,QMOF reference
qmof-71d974d,445.9,0.87,QMOF reference
qmof-3bda7fc,311.4,0.26,QMOF reference
qmof-afd8a66,327.9,0.47,QMOF reference
qmof-40093f4,338.7,0.77,QMOF reference
qmof-d971cd4,272.8,0.06,QMOF reference
qmof-f1859dd,283.1,0.91,QMOF reference
qmof-ef78caf,385.5,0.95,QMOF reference
qmof-0cebdfd,369.7,0.16,QMOF reference
qmof-67396eb,282.8,0.14,QMOF reference
qmof-4412024,377.7,0.78,QMOF reference
qmof-8367b96,349.4,0.83,QMOF reference
qmof-60b5172,267.3,0.34,QMOF reference
qmof-d83a876,,FAILED,QMOF reference
qmof-31b7998,275.7,0.14,QMOF reference
qmof-57bb27b,261.3,0.49,QMOF reference
qmof-aca49e8,281.4,0.66,QMOF reference
qmof-2cf2d31,,FAILED,QMOF reference
qmof-05d43e5,377.0,0.22,QMOF reference
qmof-47e07dd,245.8,0.56,QMOF reference
qmof-df8e0b7,399.4,0.75,QMOF reference
qmof-9b31c46,379.1,0.56,QMOF reference
qmof-bb0ea2a,302.7,0.74,QMOF reference
qmof-e852d01,303.0,0.7,QMOF reference
qmof-2c06c23,422.6,0.87,QMOF reference
qmof-05a5129,,FAILED,QMOF reference
qmof-0064f16,,FAILED,QMOF reference
qmof-2fc4e1d,273.5,0.9,QMOF reference
qmof-534e590,278.6,0.2,QMOF reference
qmof-ca7241d,261.7,0.61,QMOF reference
qmof-6ca03ae,328.3,0.88,QMOF reference
qmof-86dcaf3,304.9,0.69,QMOF reference
qmof-dd7b7aa,443.6,0.69,QMOF reference
qmof-2a66ccf,245.2,0.84,QMOF reference
qmof-8f4bbfc,331.8,0.52,QMOF reference
qmof-452ad60,355.3,0.94,QMOF reference
qmof-bc36f56,396.7,0.75,QMOF reference
qmof-cdc4d50,303.2,0.72,QMOF reference
qmof-c58a47b,361.4,0.94,QMOF reference
qmof-d3eba84,322.6,0.57,QMOF reference
qmof-47c6a17,336.1,0.65,QMOF reference
qmof-45f099f,264.9,0.95,QMOF reference
qmof-13fe18c,238.3,0.38,QMOF reference
qmof-3015109,354.2,0.91,QMOF reference
qmof-d2930bc,306.7,0.88,QMOF reference
qmof-e8a0478,236.5,0.65,QMOF reference
qmof-976bca8,312.7,0.31,QMOF reference
qmof-b40252b,,FAILED,QMOF reference
qmof-22d24da,378.8,0.59,QMOF reference
qmof-051793e,586.2,0.01,QMOF reference
qmof-bb8dddc,350.4,0.85,QMOF reference
qmof-a5b6ce8,,FAILED,QMOF reference
qmof-93cec0b,342.7,0.96,QMOF reference
qmof-e09b473,258.4,0.93,QMOF reference
qmof-1ac2507,,FAILED,QMOF reference
qmof-7c00823,370.0,0.56,QMOF reference
qmof-b9a2124,353.3,0.79,QMOF reference
qmof-93ccf76,308.8,0.68,QMOF reference
qmof-1d3328b,269.1,0.8,QMOF reference
qmof-0e29314,434.8,0.94,QMOF reference
qmof-2f51db3,240.2,0.92,QMOF reference
qmof-63fd049,317.4,0.85,QMOF reference
qmof-5d3b73f,301.6,0.89,QMOF reference
qmof-baa53f4,360.1,0.56,QMOF reference
qmof-9dcc05b,361.4,0.82,QMOF reference
qmof-053334d,381.7,0.88,QMOF reference
qmof-0246e2a,-48.0,0.93,QMOF reference
qmof-ea015c6,307.9,0.26,QMOF reference
qmof-33fad02,345.0,0.47,QMOF reference
qmof-ddcf875,340.5,0.15,QMOF reference
qmof-052af2d,313.2,0.94,QMOF reference
qmof-329a219,425.2,0.78,QMOF reference
qmof-2e02fed,308.6,0.8,QMOF reference
qmof-b482863,477.0,0.94,QMOF reference
qmof-7342d40,,FAILED,QMOF reference
qmof-903582e,451.2,0.16,QMOF reference
qmof-603a442,335.9,0.27,QMOF reference
qmof-2ea6610,346.4,0.75,QMOF reference
qmof-9375de3,328.7,0.88,QMOF reference
qmof-8b03e45,,FAILED,QMOF reference
qmof-77d8bc6,285.9,0.92,QMOF reference
qmof-0e4acd7,269.4,0.31,QMOF reference
qmof-3d7d270,355.3,0.77,QMOF reference
qmof-96ee4f0,321.4,0.29,QMOF reference
qmof-3490498,232.6,0.26,QMOF reference
qmof-2c7b82d,,FAILED,QMOF reference
qmof-9d71d13,330.5,0.93,QMOF reference
qmof-4a63e87,,FAILED,QMOF reference
qmof-e5bda14,372.5,0.67,QMOF reference
qmof-438ca23,393.7,0.81,QMOF reference
qmof-8d09e55,365.3,0.89,QMOF reference
qmof-c585c76,312.3,0.27,QMOF reference
qmof-7b4940d,405.3,0.78,QMOF reference
qmof-5ef05bd,339.1,0.31,QMOF reference
qmof-16b5b77,338.0,0.87,QMOF reference
qmof-52547c5,387.8,0.51,QMOF reference
qmof-766433e,242.5,0.07,QMOF reference
qmof-ad40882,256.6,0.43,QMOF reference
qmof-cd46c95,,FAILED,QMOF reference
qmof-0032860,358.4,0.92,QMOF reference
qmof-7f9a9ed,,FAILED,QMOF reference
qmof-d8bc158,319.8,0.36,QMOF reference
qmof-dec91f5,291.2,0.21,QMOF reference
qmof-f00119d,301.3,0.38,QMOF reference
qmof-0f6384e,265.6,0.12,QMOF reference
qmof-37ddac4,320.4,0.09,QMOF reference
qmof-8e51355,284.8,0.47,QMOF reference
qmof-5766bbc,203.2,0.8,QMOF reference
qmof-d94d3ca,333.1,0.1,QMOF reference
qmof-790ac3d,351.4,0.74,QMOF reference
qmof-e553694,,FAILED,QMOF reference
qmof-3454f05,266.8,0.83,QMOF reference
qmof-c5776f5,371.5,0.69,QMOF reference
qmof-892e427,,FAILED,QMOF reference
qmof-664a625,,FAILED,QMOF reference
qmof-d16a680,241.4,0.93,QMOF reference
qmof-3048b12,342.2,0.95,QMOF reference
qmof-16c43a7,339.5,0.91,QMOF reference
qmof-9b147f7,347.3,0.92,QMOF reference
qmof-d03bfbb,330.1,0.64,QMOF reference
qmof-f44b97c,299.2,0.19,QMOF reference
qmof-d1fd423,333.6,0.65,QMOF reference
qmof-ee49b1f,380.6,0.76,QMOF reference
qmof-02d5be9,,FAILED,QMOF reference
qmof-c16efca,328.3,0.23,QMOF reference
qmof-de2f502,169.7,0.73,QMOF reference
qmof-8890ff8,330.4,0.94,QMOF reference
qmof-6a58cd1,414.4,0.36,QMOF reference
qmof-300cfb8,280.6,0.15,QMOF reference
qmof-3348556,325.2,0.91,QMOF reference
qmof-4b36f84,338.0,0.79,QMOF reference
qmof-274593f,280.1,0.55,QMOF reference
qmof-d4bbd73,336.4,0.89,QMOF reference
qmof-5ed2725,344.9,0.69,QMOF reference
qmof-9c225cc,279.8,0.87,QMOF reference
qmof-4333405,321.8,0.06,QMOF reference
qmof-e847dcc,,FAILED,QMOF reference
qmof-9e050e8,293.6,0.93,QMOF reference
qmof-76e316f,,FAILED,QMOF reference
qmof-b58c4c4,381.7,0.9,QMOF reference
qmof-5ab6b28,307.0,0.24,QMOF reference
qmof-f9c76c1,296.0,0.4,QMOF reference
qmof-f44d599,,FAILED,QMOF reference
qmof-6b9247b,,FAILED,QMOF reference
qmof-9bd9e21,447.0,0.86,QMOF reference
qmof-438ba3e,333.6,0.94,QMOF reference
qmof-03319a1,349.6,0.77,QMOF reference
qmof-621eca8,357.9,0.91,QMOF reference
qmof-ebfaa1f,214.1,0.47,QMOF reference
qmof-b589eac,293.3,0.29,QMOF reference
qmof-d472284,370.4,0.85,QMOF reference
qmof-915bbb7,348.7,0.91,QMOF reference
qmof-425232b,,FAILED,QMOF reference
qmof-1cd981a,,FAILED,QMOF reference
qmof-c988bec,375.8,0.93,QMOF reference
qmof-77b431c,377.0,0.1,QMOF reference
qmof-4458a96,272.4,0.87,QMOF reference
qmof-722e85a,322.4,0.24,QMOF reference
qmof-d4cc1c0,279.9,0.1,QMOF reference
qmof-1f03fdd,384.7,0.83,QMOF reference
qmof-765d500,,FAILED,QMOF reference
qmof-0f7138b,341.6,0.9,QMOF reference
qmof-050c6ef,383.6,0.83,QMOF reference
qmof-99fa841,289.9,0.73,QMOF reference
qmof-6c6ec35,361.1,0.76,QMOF reference
qmof-a554afb,,FAILED,QMOF reference
qmof-f02332f,442.3,0.76,QMOF reference
qmof-daf7014,298.9,0.13,QMOF reference
qmof-7b2d9bd,359.8,0.53,QMOF reference
qmof-b31f520,,FAILED,QMOF reference
qmof-b8b849f,351.8,0.76,QMOF reference
qmof-c34f90d,330.3,0.75,QMOF reference
qmof-974b2cb,316.1,0.08,QMOF reference
qmof-2bf9ae7,336.0,0.53,QMOF reference
qmof-02b1fc1,,FAILED,QMOF reference
qmof-175b6da,358.4,0.75,QMOF reference
qmof-7a1656c,,FAILED,QMOF reference
qmof-afa2ff5,319.4,0.81,QMOF reference
qmof-3e210ac,297.5,0.47,QMOF reference
qmof-191c12e,350.4,0.62,QMOF reference
qmof-0e4bbc6,,FAILED,QMOF reference
qmof-24e658e,299.9,0.63,QMOF reference
qmof-cad1202,,FAILED,QMOF reference
qmof-658e9f3,251.5,0.92,QMOF reference
qmof-1009afb,336.9,0.25,QMOF reference
qmof-16b0771,,FAILED,QMOF reference
qmof-8a4c0f4,308.5,0.73,QMOF reference
qmof-2593fae,348.2,0.13,QMOF reference
qmof-4b6fa6b,306.3,0.24,QMOF reference
qmof-0bc2115,288.7,0.52,QMOF reference
qmof-035e8fd,356.4,0.2,QMOF reference
qmof-0cd15a7,279.8,0.93,QMOF reference
qmof-e5b4e33,,FAILED,QMOF reference
qmof-c490467,,FAILED,QMOF reference
qmof-87d1c3f,334.7,0.18,QMOF reference
qmof-737c2ac,,FAILED,QMOF reference
qmof-95e957c,342.2,0.84,QMOF reference
qmof-9f9595f,,FAILED,QMOF reference
qmof-9be5910,302.3,0.16,QMOF reference
qmof-ff970f0,332.0,0.29,QMOF reference
qmof-bf460d2,368.0,0.71,QMOF reference
qmof-49a800c,296.0,0.06,QMOF reference
qmof-fb7e966,331.0,0.39,QMOF reference
qmof-b8d60be,313.8,0.66,QMOF reference
qmof-7d828a1,378.4,0.85,QMOF reference
qmof-1c86de8,338.8,0.79,QMOF reference
qmof-d9f22e3,338.7,0.88,QMOF reference
qmof-e297624,301.8,0.9,QMOF reference
qmof-2576b34,373.0,0.86,QMOF reference
qmof-5c10cb7,351.1,0.89,QMOF reference
qmof-0454c23,248.8,0.29,QMOF reference
qmof-3506788,,FAILED,QMOF reference
qmof-308fde1,,FAILED,QMOF reference
qmof-4d1cebd,326.9,0.18,QMOF reference
qmof-4ad1a5b,335.1,0.39,QMOF reference
qmof-db19c6b,320.5,0.49,QMOF reference
qmof-a911d27,359.7,0.71,QMOF reference
qmof-0264fa2,345.4,0.91,QMOF reference
qmof-2dc3acb,353.6,0.92,QMOF reference
qmof-2c3bc74,362.0,0.68,QMOF reference
qmof-783f7b2,409.3,0.81,QMOF reference
qmof-2dd47d8,,FAILED,QMOF reference
qmof-064173c,257.4,0.88,QMOF reference
qmof-58fb739,,FAILED,QMOF reference
qmof-bc7f882,353.5,0.94,QMOF reference
qmof-dd6d46d,,FAILED,QMOF reference
qmof-e6a8ac7,400.3,0.82,QMOF reference
qmof-43a7019,,FAILED,QMOF reference
qmof-5ea5aaa,296.6,0.26,QMOF reference
qmof-0922e5c,300.1,0.25,QMOF reference
qmof-44e9836,,FAILED,QMOF reference
qmof-82179f8,265.5,0.73,QMOF reference
qmof-fa0c5a7,445.2,0.87,QMOF reference
qmof-e0a9631,,FAILED,QMOF reference
qmof-9204b74,306.7,0.19,QMOF reference
qmof-8797c78,290.7,0.75,QMOF reference
qmof-3459f4d,306.7,0.09,QMOF reference
qmof-8b33bc9,367.1,0.86,QMOF reference
qmof-db62327,,FAILED,QMOF reference
qmof-181fecb,330.3,0.33,QMOF reference
qmof-bfe65fd,320.4,0.58,QMOF reference
qmof-867986f,347.8,0.4,QMOF reference
qmof-ac29f9c,410.4,0.24,QMOF reference
qmof-ef6d4cf,371.6,0.79,QMOF reference
qmof-9e703ad,354.8,0.71,QMOF reference
qmof-ad87731,362.9,0.68,QMOF reference
qmof-171da2d,311.8,0.25,QMOF reference
qmof-68380f0,343.5,0.64,QMOF reference
qmof-17fd0ce,256.8,0.09,QMOF reference
qmof-4fbb0a5,323.1,0.29,QMOF reference
qmof-66c96d5,184.1,0.89,QMOF reference
qmof-af041e2,319.0,0.72,QMOF reference
qmof-f64ae73,349.5,0.72,QMOF reference
qmof-db2d084,284.2,0.45,QMOF reference
qmof-4b067b3,349.2,0.28,QMOF reference
qmof-15327b9,357.3,0.1,QMOF reference
qmof-1d43809,317.7,0.89,QMOF reference
qmof-0444ac2,256.4,0.18,QMOF reference
qmof-011c3e3,291.0,0.48,QMOF reference
qmof-cda0d58,354.6,0.44,QMOF reference
qmof-b7fb8de,386.0,0.88,QMOF reference
qmof-81c1d82,308.8,0.8,QMOF reference
qmof-bbf4045,367.9,0.41,QMOF reference
qmof-ff5bd85,336.8,0.95,QMOF reference
qmof-bcc71d2,323.6,0.82,QMOF reference
qmof-850cb23,367.2,0.49,QMOF reference
qmof-a254fea,275.5,0.75,QMOF reference
qmof-75b017c,298.4,0.89,QMOF reference
qmof-ced1629,279.6,0.94,QMOF reference
qmof-5598b04,323.4,0.93,QMOF reference
qmof-c3d1c9d,269.1,0.93,QMOF reference
qmof-0e0afb1,,FAILED,QMOF reference
qmof-d3bbe4b,428.7,0.47,QMOF reference
qmof-05849c4,,FAILED,QMOF reference
qmof-c73f475,230.5,0.24,QMOF reference
qmof-601416a,322.5,0.61,QMOF reference
qmof-e5458b1,107.6,0.99,QMOF reference
qmof-86dd367,373.9,0.4,QMOF reference
qmof-939c713,,FAILED,QMOF reference
qmof-e1b5da8,,FAILED,QMOF reference
qmof-6a2f4c9,331.3,0.24,QMOF reference
qmof-3c773f5,333.7,0.27,QMOF reference
qmof-07dcfa3,381.6,0.44,QMOF reference
qmof-ee62841,416.1,0.57,QMOF reference
qmof-5d78f06,293.8,0.92,QMOF reference
qmof-0c65e4f,296.1,0.63,QMOF reference
qmof-f69729d,,FAILED,QMOF reference
qmof-a782aa7,318.3,0.59,QMOF reference
qmof-1929d06,313.0,0.5,QMOF reference
qmof-3b5f49c,317.4,0.93,QMOF reference
qmof-823ca7f,280.1,0.61,QMOF reference
qmof-6f33e62,287.3,0.93,QMOF reference
qmof-4b930c1,312.2,0.93,QMOF reference
qmof-769eeff,287.1,0.93,QMOF reference
qmof-22a3730,282.8,0.96,QMOF reference
qmof-0331d6b,187.8,0.35,QMOF reference
qmof-a7de9ff,262.4,0.34,QMOF reference
qmof-0f7c4eb,304.7,0.26,QMOF reference
qmof-3e9bb7b,340.8,0.38,QMOF reference
qmof-764b6c7,324.0,0.71,QMOF reference
qmof-c948dbc,,FAILED,QMOF reference
qmof-d242cec,307.8,0.27,QMOF reference
qmof-4b9332b,344.7,0.17,QMOF reference
qmof-65da434,369.3,0.9,QMOF reference
qmof-8aba1fc,269.2,0.15,QMOF reference
qmof-4c64da3,380.8,0.88,QMOF reference
qmof-5df5ee4,481.2,0.05,QMOF reference
qmof-cc26de1,418.2,0.35,QMOF reference
qmof-39a2f45,251.9,0.15,QMOF reference
qmof-f786c31,360.4,0.51,QMOF reference
qmof-4ae2a20,309.5,0.86,QMOF reference
qmof-17a2f2b,344.5,0.49,QMOF reference
qmof-600e097,363.6,0.79,QMOF reference
qmof-85e66be,393.0,0.69,QMOF reference
qmof-757860d,330.6,0.92,QMOF reference
qmof-233f752,376.5,0.7,QMOF reference
qmof-449f551,323.1,0.92,QMOF reference
qmof-4c45438,,FAILED,QMOF reference
qmof-9b4fafa,407.6,0.93,QMOF reference
qmof-1e4d669,365.2,0.51,QMOF reference
qmof-59233f6,,FAILED,QMOF reference
qmof-2fc5095,284.7,0.75,QMOF reference
qmof-0eef54d,232.9,0.33,QMOF reference
qmof-0d66641,300.6,0.78,QMOF reference
qmof-40cbe6f,172.4,0.63,QMOF reference
qmof-28c2c0e,237.7,0.95,QMOF reference
qmof-4f44bf1,306.1,0.55,QMOF reference
qmof-ee6fe4f,401.1,0.9,QMOF reference
qmof-a048e74,261.7,0.14,QMOF reference
qmof-a1aa5be,347.3,0.15,QMOF reference
qmof-964c967,344.1,0.53,QMOF reference
qmof-a939101,345.2,0.91,QMOF reference
qmof-099a4fe,257.3,0.92,QMOF reference
qmof-380359a,329.6,0.94,QMOF reference
qmof-2408284,335.6,0.81,QMOF reference
qmof-a2d700a,331.4,0.91,QMOF reference
qmof-98a8377,308.7,0.41,QMOF reference
qmof-39d42bd,311.8,0.71,QMOF reference
qmof-77088c4,328.3,0.65,QMOF reference
qmof-b68fc3d,,FAILED,QMOF reference
qmof-8708a28,359.6,0.85,QMOF reference
qmof-7d95374,347.1,0.55,QMOF reference
qmof-fbd219f,405.4,0.42,QMOF reference
qmof-f7fa6b1,395.4,0.95,QMOF reference
qmof-df4acb0,328.3,0.87,QMOF reference
qmof-8229e3e,284.6,0.72,QMOF reference
qmof-837edc4,345.9,0.22,QMOF reference
qmof-aab2608,311.5,0.23,QMOF reference
qmof-0b4f4fa,,FAILED,QMOF reference
qmof-7d5de5b,330.0,0.85,QMOF reference
qmof-70814dd,319.8,0.27,QMOF reference
qmof-38a58d5,257.1,0.89,QMOF reference
qmof-810a1c3,307.3,0.65,QMOF reference
qmof-28ac5e6,371.9,0.39,QMOF reference
qmof-5e593df,409.7,0.91,QMOF reference
qmof-a704d35,309.2,0.88,QMOF reference
qmof-06447b5,329.3,0.92,QMOF reference
qmof-bd617d9,362.5,0.23,QMOF reference
qmof-2e54ffc,354.7,0.62,QMOF reference
qmof-4ddf58e,397.6,0.84,QMOF reference
qmof-6eddd11,420.7,0.52,QMOF reference
qmof-903f0ae,436.5,0.49,QMOF reference
qmof-c7ade9c,290.8,0.94,QMOF reference
qmof-f23efa9,317.4,0.76,QMOF reference
qmof-309b6a2,333.6,0.76,QMOF reference
qmof-dcca57e,292.5,0.82,QMOF reference
qmof-37797cc,215.2,0.63,QMOF reference
qmof-f53855e,316.8,0.09,QMOF reference
qmof-c4b76e9,337.3,0.32,QMOF reference
qmof-6a5bda3,386.6,0.62,QMOF reference
qmof-b759a0a,349.4,0.79,QMOF reference
qmof-95b804e,,FAILED,QMOF reference
qmof-e20ca81,294.4,0.92,QMOF reference
qmof-206a6de,,FAILED,QMOF reference
qmof-a9fb7e9,257.2,0.57,QMOF reference
qmof-46bfe26,,FAILED,QMOF reference
qmof-96f5c8f,345.9,0.38,QMOF reference
qmof-9dad958,,FAILED,QMOF reference
qmof-567e418,338.7,0.58,QMOF reference
qmof-90b97bc,,FAILED,QMOF reference
qmof-5a40d68,324.9,0.25,QMOF reference
qmof-5e43007,409.5,0.61,QMOF reference
qmof-d8ec019,358.8,0.22,QMOF reference
qmof-7515239,323.5,0.56,QMOF reference
qmof-14b40ea,433.1,0.89,QMOF reference
qmof-d0592e2,285.1,0.92,QMOF reference
qmof-e5d8ebb,305.5,0.43,QMOF reference
qmof-1863adb,324.4,0.51,QMOF reference
qmof-1c895a0,359.0,0.39,QMOF reference
qmof-536a1f0,294.5,0.87,QMOF reference
qmof-da10e7b,241.7,0.61,QMOF reference
qmof-76d9b07,427.9,0.4,QMOF reference
qmof-47e3d9b,413.6,0.15,QMOF reference
qmof-3524ba0,,FAILED,QMOF reference
qmof-91f17cd,323.9,0.87,QMOF reference
qmof-04353f7,303.2,0.4,QMOF reference
qmof-83f7a75,371.5,0.86,QMOF reference
qmof-0637865,317.6,0.14,QMOF reference
qmof-07cc468,285.5,0.88,QMOF reference
qmof-6864a0e,383.5,0.61,QMOF reference
qmof-b98c123,402.1,0.61,QMOF reference
qmof-897ea77,300.4,0.09,QMOF reference
qmof-7c73cbd,345.8,0.28,QMOF reference
qmof-266afab,367.6,0.9,QMOF reference
qmof-f324f38,252.7,0.91,QMOF reference
qmof-0ccd82d,,FAILED,QMOF reference
qmof-4b1daf6,329.9,0.35,QMOF reference
qmof-df3ccf7,,FAILED,QMOF reference
qmof-f269524,295.8,0.85,QMOF reference
qmof-4fcaac7,298.2,0.75,QMOF reference
qmof-2b86de0,266.5,0.26,QMOF reference
qmof-78cba0b,453.0,0.89,QMOF reference
qmof-011c163,326.0,0.9,QMOF reference
qmof-d2fbf4b,268.6,0.23,QMOF reference
qmof-148ed99,352.3,0.55,QMOF reference
qmof-129290f,298.4,0.69,QMOF reference
qmof-e986fdb,322.2,0.72,QMOF reference
qmof-d8b5d6f,375.2,0.92,QMOF reference
qmof-31856d4,,FAILED,QMOF reference
qmof-804a983,,FAILED,QMOF reference
qmof-20b6e60,285.8,0.88,QMOF reference
qmof-c7868c3,416.0,0.93,QMOF reference
qmof-80852fd,221.1,0.22,QMOF reference
qmof-ce367cc,244.9,0.44,QMOF reference
qmof-82c4da0,,FAILED,QMOF reference
qmof-50b9f96,347.0,0.43,QMOF reference
qmof-7a3a859,429.4,0.42,QMOF reference
qmof-1ab1346,344.5,0.81,QMOF reference
qmof-061a90b,337.4,0.93,QMOF reference
qmof-a15b1fc,299.7,0.37,QMOF reference
qmof-5ea29db,345.3,0.91,QMOF reference
qmof-6797aee,335.7,0.86,QMOF reference
qmof-faf2699,351.2,0.93,QMOF reference
qmof-5876e46,386.0,0.17,QMOF reference
qmof-3336366,371.0,0.65,QMOF reference
qmof-b5a79ba,320.9,0.39,QMOF reference
qmof-09bc32a,,FAILED,QMOF reference
qmof-a8117e2,184.9,0.89,QMOF reference
qmof-0c15bcd,365.4,0.23,QMOF reference
qmof-32f3cb0,301.4,0.44,QMOF reference
qmof-e5e12e2,289.4,0.31,QMOF reference
qmof-7bf003d,,FAILED,QMOF reference
qmof-7f0f059,,FAILED,QMOF reference
qmof-00a989b,278.1,0.23,QMOF reference
qmof-1a0c62d,312.8,0.64,QMOF reference
qmof-fae9914,326.2,0.93,QMOF reference
qmof-f16d368,,FAILED,QMOF reference
qmof-a72a09b,374.6,0.91,QMOF reference
qmof-970d4a2,270.1,0.66,QMOF reference
qmof-b7a2094,286.7,0.88,QMOF reference
qmof-18bc8b7,328.4,0.34,QMOF reference
qmof-73f900e,,FAILED,QMOF reference
qmof-41468e7,,FAILED,QMOF reference
qmof-a13f65c,311.0,0.25,QMOF reference
qmof-2827567,340.1,0.54,QMOF reference
qmof-936731e,373.1,0.12,QMOF reference
qmof-0205f07,369.2,0.69,QMOF reference
qmof-5bcb55a,398.6,0.21,QMOF reference
qmof-c5bcd42,303.9,0.19,QMOF reference
qmof-49c91df,,FAILED,QMOF reference
qmof-c58dec0,334.3,0.86,QMOF reference
qmof-dd3ddad,335.2,0.85,QMOF reference
qmof-3b7ce0b,356.2,0.79,QMOF reference
qmof-1f5abee,423.5,0.19,QMOF reference
qmof-57458e8,334.4,0.72,QMOF reference
qmof-2fd988a,283.6,0.29,QMOF reference
qmof-e8c5eb2,288.1,0.96,QMOF reference
qmof-015ccbf,384.7,0.95,QMOF reference
qmof-2b9b71a,366.0,0.26,QMOF reference
qmof-9334110,268.4,0.18,QMOF reference
qmof-a0b6754,336.8,0.93,QMOF reference
qmof-18e13b8,,FAILED,QMOF reference
qmof-764c737,333.6,0.19,QMOF reference
qmof-5ec4f3d,,FAILED,QMOF reference
qmof-df7adc6,241.8,0.54,QMOF reference
qmof-31b35f6,301.2,0.54,QMOF reference
qmof-435674b,320.2,0.42,QMOF reference
qmof-f444b48,,FAILED,QMOF reference
qmof-e8baa7b,,FAILED,QMOF reference
qmof-176e9be,,FAILED,QMOF reference
qmof-f3146bd,363.1,0.92,QMOF reference
qmof-0b5e989,355.0,0.91,QMOF reference
qmof-b1f0ef7,389.0,0.81,QMOF reference
qmof-15519b3,,FAILED,QMOF reference
qmof-57d5556,365.3,0.65,QMOF reference
qmof-0126d83,314.9,0.03,QMOF reference
qmof-58707d8,259.2,0.78,QMOF reference
qmof-d29bd71,282.5,0.27,QMOF reference
qmof-e7ab34a,396.2,0.6,QMOF reference
qmof-be293f1,388.9,0.07,QMOF reference
qmof-bbf6020,300.3,0.89,QMOF reference
qmof-f18ed85,299.2,0.12,QMOF reference
qmof-7e025a1,343.5,0.29,QMOF reference
qmof-91af4b8,399.5,0.3,QMOF reference
qmof-5ea8960,300.3,0.65,QMOF reference
qmof-4c0e216,324.2,0.92,QMOF reference
qmof-6d8b4ff,266.5,0.92,QMOF reference
qmof-465da86,321.0,0.78,QMOF reference
qmof-ae8c853,342.6,0.57,QMOF reference
qmof-a9ff051,326.4,0.15,QMOF reference
qmof-1a60fe1,376.4,0.75,QMOF reference
qmof-1580a8b,304.3,0.84,QMOF reference
qmof-08a6002,361.7,0.79,QMOF reference
qmof-f332558,265.5,0.92,QMOF reference
qmof-05cf9f3,,FAILED,QMOF reference
qmof-1e0a9c9,221.2,0.75,QMOF reference
qmof-7eaabd6,375.0,0.94,QMOF reference
qmof-85fef0a,281.9,0.09,QMOF reference
qmof-78f9b28,337.7,0.95,QMOF reference
qmof-7b094f8,263.5,0.84,QMOF reference
qmof-e778e22,505.7,0.89,QMOF reference
qmof-a32d237,263.8,0.86,QMOF reference
qmof-361abaa,280.8,0.54,QMOF reference
qmof-473d2b6,398.1,0.97,QMOF reference
qmof-b6cf5f9,293.1,0.54,QMOF reference
qmof-46b1e8f,399.2,0.13,QMOF reference
qmof-fcb8885,251.8,0.26,QMOF reference
qmof-0f0660b,321.9,0.82,QMOF reference
qmof-314b4d0,288.0,0.12,QMOF reference
qmof-ea5d153,346.1,0.96,QMOF reference
qmof-b18f8ac,312.9,0.94,QMOF reference
qmof-9e4e1fc,,FAILED,QMOF reference
qmof-1e020e2,384.5,0.12,QMOF reference
qmof-bd1d6cf,285.8,0.51,QMOF reference
qmof-369fa70,247.8,0.85,QMOF reference
qmof-60df73a,,FAILED,QMOF reference
qmof-54f7ee7,281.7,0.85,QMOF reference
qmof-80f89a0,307.5,0.23,QMOF reference
qmof-66ea27b,344.3,0.27,QMOF reference
qmof-6a96bb3,323.0,0.38,QMOF reference
qmof-f0067ee,318.0,0.83,QMOF reference
qmof-089c984,347.6,0.85,QMOF reference
qmof-8af78c6,342.4,0.41,QMOF reference
qmof-145af0e,337.5,0.81,QMOF reference
qmof-97454bc,301.2,0.82,QMOF reference
qmof-6ae77da,,FAILED,QMOF reference
qmof-32b45cc,346.0,0.59,QMOF reference
qmof-80b98b7,328.1,0.63,QMOF reference
qmof-1011c2b,274.8,0.65,QMOF reference
qmof-3cdafab,385.3,0.5,QMOF reference
qmof-ac2a33a,301.9,0.79,QMOF reference
qmof-8b992f5,295.6,0.41,QMOF reference
qmof-d01208e,310.4,0.73,QMOF reference
qmof-e5b4fec,382.2,0.78,QMOF reference
qmof-c6fb628,256.7,0.72,QMOF reference
qmof-285d109,353.4,0.8,QMOF reference
qmof-ec95ddc,324.9,0.21,QMOF reference
qmof-0009829,282.9,0.36,QMOF reference
qmof-d1f990a,334.4,0.85,QMOF reference
qmof-56f72fb,377.6,0.81,QMOF reference
qmof-0344ec9,327.4,0.85,QMOF reference
qmof-09e1d24,357.9,0.17,QMOF reference
qmof-8ee2e69,411.3,0.86,QMOF reference
qmof-b13204c,356.8,0.72,QMOF reference
qmof-1afa76c,464.9,0.43,QMOF reference
qmof-c91b30c,310.9,0.77,QMOF reference
qmof-14a36ed,325.3,0.46,QMOF reference
qmof-2d8d50c,340.0,0.18,QMOF reference
qmof-2cac69d,356.3,0.68,QMOF reference
qmof-77ce500,,FAILED,QMOF reference
qmof-daa897c,457.1,0.1,QMOF reference
qmof-6f4c103,,FAILED,QMOF reference
qmof-a7efc17,554.7,0.03,QMOF reference
qmof-afae87d,384.6,0.6,QMOF reference
qmof-bda49bd,379.2,0.66,QMOF reference
qmof-072c43e,219.3,0.96,QMOF reference
qmof-6014ce8,280.0,0.9,QMOF reference
qmof-f652bd3,250.8,0.72,QMOF reference
qmof-5b307ed,302.3,0.51,QMOF reference
qmof-a901e12,,FAILED,QMOF reference
qmof-b6c33e4,256.3,0.24,QMOF reference
qmof-ccea11a,311.3,0.61,QMOF reference
qmof-7da92ed,339.4,0.58,QMOF reference
qmof-bf53c51,404.0,0.74,QMOF reference
qmof-888b462,399.6,0.92,QMOF reference
qmof-099fb71,,FAILED,QMOF reference
qmof-1c5a2db,367.1,0.81,QMOF reference
qmof-1e65e0c,322.6,0.57,QMOF reference
qmof-8da777e,328.9,0.76,QMOF reference
qmof-41a9f24,273.5,0.61,QMOF reference
qmof-1f56bb6,284.6,0.36,QMOF reference
qmof-773abcf,270.7,0.26,QMOF reference
qmof-0fcb34b,342.6,0.97,QMOF reference
qmof-794dc0d,318.2,0.89,QMOF reference
qmof-f2dfa69,379.9,0.53,QMOF reference
qmof-d86cf1e,,FAILED,QMOF reference
qmof-017128d,247.9,0.91,QMOF reference
qmof-623345d,259.2,0.27,QMOF reference
qmof-5b30551,443.8,0.81,QMOF reference
qmof-3cd126c,300.4,0.96,QMOF reference
qmof-908c20a,348.7,0.8,QMOF reference
qmof-10920d5,349.0,0.39,QMOF reference
qmof-b0edd58,312.2,0.05,QMOF reference
qmof-ddabb70,284.9,0.13,QMOF reference
qmof-35f10de,368.1,0.64,QMOF reference
qmof-d376793,360.3,0.75,QMOF reference
qmof-2eea506,343.1,0.91,QMOF reference
qmof-76539b3,357.3,0.92,QMOF reference
qmof-33775e9,279.9,0.71,QMOF reference
qmof-6c1f31f,373.5,0.88,QMOF reference
qmof-6f2f136,286.9,0.05,QMOF reference
qmof-beb072c,305.5,0.32,QMOF reference
qmof-161f324,367.2,0.82,QMOF reference
qmof-8746f65,305.6,0.83,QMOF reference
qmof-bf96c4f,411.0,0.67,QMOF reference
qmof-91c371e,,FAILED,QMOF reference
qmof-3d5b416,411.7,0.16,QMOF reference
qmof-6807fed,302.6,0.93,QMOF reference
qmof-4b9877b,417.1,0.84,QMOF reference
qmof-68f63a9,,FAILED,QMOF reference
qmof-8e54ccb,297.6,0.79,QMOF reference
qmof-0219702,388.2,0.8,QMOF reference
qmof-e210593,347.7,0.14,QMOF reference
qmof-33579d3,300.3,0.95,QMOF reference
qmof-f803fa6,522.1,0.91,QMOF reference
qmof-8bd7cf4,408.3,0.3,QMOF reference
qmof-68488a6,347.2,0.93,QMOF reference
qmof-2efade9,305.3,0.92,QMOF reference
qmof-31b9347,348.5,0.32,QMOF reference
qmof-a6eb9f2,351.0,0.57,QMOF reference
qmof-bdcee29,342.8,0.62,QMOF reference
qmof-e9aa117,398.8,0.57,QMOF reference
qmof-1942bae,328.3,0.61,QMOF reference
qmof-dc43527,129.3,0.95,QMOF reference
qmof-b3c8596,321.5,0.56,QMOF reference
qmof-af13869,373.0,0.92,QMOF reference
qmof-3d670d8,322.6,0.46,QMOF reference
qmof-8a8bf9b,,FAILED,QMOF reference
qmof-3fbde32,318.9,0.58,QMOF reference
qmof-dc70a04,440.2,0.08,QMOF reference
qmof-13c119c,436.6,0.25,QMOF reference
qmof-758f83b,367.3,0.34,QMOF reference
qmof-dfb9982,293.2,0.45,QMOF reference
qmof-be4d084,239.5,0.3,QMOF reference
qmof-dcc9417,265.8,0.49,QMOF reference
qmof-0526948,257.7,0.64,QMOF reference
qmof-e797496,350.4,0.92,QMOF reference
qmof-9bc77ec,365.0,0.96,QMOF reference
qmof-b73a1d3,,FAILED,QMOF reference
qmof-fc15503,356.7,0.61,QMOF reference
qmof-3634e74,303.9,0.76,QMOF reference
qmof-71cc7da,284.2,0.76,QMOF reference
qmof-72d8647,275.2,0.29,QMOF reference
qmof-7e00a12,385.4,0.28,QMOF reference
qmof-6c3e399,340.9,0.89,QMOF reference
qmof-d73089e,349.5,0.43,QMOF reference
qmof-00ed6b6,363.8,0.16,QMOF reference
qmof-05b4924,370.8,0.74,QMOF reference
qmof-0475987,307.3,0.7,QMOF reference
qmof-0cb0fa3,345.3,0.55,QMOF reference
qmof-a4c59f9,273.1,0.71,QMOF reference
qmof-dea5ac6,349.9,0.94,QMOF reference
qmof-c2377af,,FAILED,QMOF reference
qmof-78ef147,362.3,0.64,QMOF reference
qmof-d9f913d,,FAILED,QMOF reference
qmof-b3bca92,330.5,0.23,QMOF reference
qmof-ae9aa06,329.4,0.6,QMOF reference
qmof-ef5cc84,258.4,0.57,QMOF reference
qmof-d969c5f,291.6,0.77,QMOF reference
qmof-9c10b27,369.4,0.63,QMOF reference
qmof-76fb294,311.9,0.93,QMOF reference
qmof-b24889c,288.4,0.34,QMOF reference
qmof-dadb6c8,,FAILED,QMOF reference
qmof-2bda94a,330.5,0.67,QMOF reference
qmof-c2258bb,345.7,0.13,QMOF reference
qmof-0fadd6f,367.5,0.91,QMOF reference
qmof-1d3530d,341.0,0.73,QMOF reference
qmof-1e78f2c,329.3,0.4,QMOF reference
qmof-9f6fc79,304.8,0.62,QMOF reference
qmof-2f1a847,353.7,0.56,QMOF reference
qmof-850a307,243.9,0.56,QMOF reference
qmof-34afacd,306.2,0.41,QMOF reference
qmof-71233cb,,FAILED,QMOF reference
qmof-449f257,336.6,0.19,QMOF reference
qmof-6e4326e,278.6,0.08,QMOF reference
qmof-0f3908e,332.0,0.64,QMOF reference
qmof-b96fb0a,,FAILED,QMOF reference
qmof-a79068c,320.3,0.8,QMOF reference
qmof-1d1d359,306.8,0.48,QMOF reference
qmof-7007e9e,366.0,0.83,QMOF reference
qmof-a6a203e,391.6,0.89,QMOF reference
qmof-1bc0596,332.0,0.35,QMOF reference
qmof-8e4b4ba,224.3,0.72,QMOF reference
qmof-fe78ad2,328.2,0.9,QMOF reference
qmof-fd6b02c,289.7,0.83,QMOF reference
qmof-0204d66,338.2,0.94,QMOF reference
qmof-fcb37fb,328.0,0.2,QMOF reference
qmof-89941ae,,FAILED,QMOF reference
qmof-63a8ad5,241.3,0.5,QMOF reference
qmof-16300e8,244.6,0.21,QMOF reference
qmof-b0b1d6e,,FAILED,QMOF reference
qmof-c92cc8b,382.4,0.93,QMOF reference
qmof-cbdfa7f,,FAILED,QMOF reference
qmof-2a278e1,297.3,0.8,QMOF reference
qmof-b250c9b,368.9,0.8,QMOF reference
qmof-187d1a2,357.0,0.84,QMOF reference
qmof-fa802eb,376.1,0.61,QMOF reference
qmof-13baab5,306.6,0.64,QMOF reference
qmof-55cab56,,FAILED,QMOF reference
qmof-7bb0742,316.8,0.78,QMOF reference
qmof-0a7aaf1,416.8,0.58,QMOF reference
qmof-73f891c,,FAILED,QMOF reference
qmof-df3c618,278.7,0.11,QMOF reference
qmof-0e85ac2,,FAILED,QMOF reference
qmof-74d7c88,292.5,0.77,QMOF reference
qmof-d0a4557,344.2,0.48,QMOF reference
qmof-74b00a0,358.4,0.61,QMOF reference
qmof-a1ad69d,289.2,0.42,QMOF reference
qmof-06ea742,304.0,0.91,QMOF reference
qmof-49593d6,333.2,0.53,QMOF reference
qmof-c2973f6,376.7,0.93,QMOF reference
qmof-b0f2074,372.6,0.86,QMOF reference
qmof-7b530d7,345.7,0.79,QMOF reference
qmof-05cbfaf,312.1,0.92,QMOF reference
qmof-d088bbe,317.8,0.84,QMOF reference
qmof-39eaef5,,FAILED,QMOF reference
qmof-5918275,389.7,0.28,QMOF reference
qmof-8b4196c,349.3,0.35,QMOF reference
qmof-ca0b113,254.8,0.78,QMOF reference
qmof-4abb9dd,,FAILED,QMOF reference
qmof-f51fae1,335.6,0.69,QMOF reference
qmof-e23cf71,403.2,0.74,QMOF reference
qmof-88f5b79,,FAILED,QMOF reference
qmof-05dca7c,257.0,0.09,QMOF reference
qmof-10f6ebc,359.1,0.7,QMOF reference
qmof-52ca2a4,315.1,0.68,QMOF reference
qmof-16dfff2,286.6,0.91,QMOF reference
qmof-5b40d48,351.6,0.71,QMOF reference
qmof-3383551,337.6,0.38,QMOF reference
qmof-f60d075,434.6,0.1,QMOF reference
qmof-f0730ea,306.6,0.66,QMOF reference
qmof-21e0017,307.6,0.68,QMOF reference
qmof-384ba2d,277.0,0.93,QMOF reference
qmof-43ea48b,352.8,0.43,QMOF reference
qmof-c39e154,249.6,0.77,QMOF reference
qmof-60d4e52,290.9,0.89,QMOF reference
qmof-fffeb7b,385.0,0.74,QMOF reference
qmof-173ea6a,373.4,0.08,QMOF reference
qmof-0d90510,350.6,0.95,QMOF reference
qmof-c5d05b0,431.7,0.91,QMOF reference
qmof-ee73557,309.0,0.92,QMOF reference
qmof-29be2c9,284.5,0.93,QMOF reference
qmof-cbdf67d,328.6,0.62,QMOF reference
qmof-730a3ab,355.7,0.96,QMOF reference
qmof-a3f3e94,325.6,0.47,QMOF reference
qmof-44c00af,323.2,0.91,QMOF reference
qmof-363e93c,412.8,0.92,QMOF reference
qmof-be63d64,288.7,0.18,QMOF reference
qmof-4943353,321.1,0.93,QMOF reference
qmof-3b862db,448.2,0.96,QMOF reference
qmof-bb63e19,342.4,0.8,QMOF reference
qmof-7d2a229,370.3,0.35,QMOF reference
qmof-e8cd8b4,329.5,0.35,QMOF reference
qmof-a6cbf6a,339.1,0.51,QMOF reference
qmof-ee27add,383.9,0.21,QMOF reference
qmof-65b1e1f,394.7,0.76,QMOF reference
qmof-72b8716,338.1,0.68,QMOF reference
qmof-11e08f9,459.5,0.11,QMOF reference
qmof-6891316,328.2,0.8,QMOF reference
qmof-d2c94e7,417.9,0.78,QMOF reference
qmof-3e88a85,319.2,0.77,QMOF reference
qmof-faec029,422.8,0.7,QMOF reference
qmof-c92d2ff,460.2,0.92,QMOF reference
qmof-f7ad9cd,261.3,0.95,QMOF reference
qmof-dff11a8,311.0,0.78,QMOF reference
qmof-5dc72f9,306.4,0.64,QMOF reference
qmof-adf6d21,369.8,0.76,QMOF reference
qmof-7d2356b,393.2,0.6,QMOF reference
qmof-5294948,338.9,0.95,QMOF reference
qmof-d4eba6e,285.9,0.11,QMOF reference
qmof-a04cf5a,394.1,0.23,QMOF reference
qmof-49bf8ce,389.1,0.65,QMOF reference
qmof-66df166,357.7,0.29,QMOF reference
qmof-3a1574d,325.3,0.83,QMOF reference
qmof-8955ecc,414.2,0.69,QMOF reference
qmof-c3ff310,380.4,0.08,QMOF reference
qmof-68bb3f2,276.4,0.07,QMOF reference
qmof-792f814,428.4,0.89,QMOF reference
qmof-b76078f,323.9,0.87,QMOF reference
qmof-001ef83,288.7,0.72,QMOF reference
qmof-8d66f49,289.1,0.9,QMOF reference
qmof-7bfdb52,362.9,0.88,QMOF reference
qmof-a4b3531,334.5,0.75,QMOF reference
qmof-cd2a559,289.2,0.65,QMOF reference
qmof-e83ccff,184.6,0.59,QMOF reference
qmof-5ea429e,363.7,0.64,QMOF reference
qmof-dfa389a,376.7,0.74,QMOF reference
qmof-ba2dc43,338.6,0.42,QMOF reference
qmof-f2e148d,364.9,0.55,QMOF reference
qmof-30b752e,345.5,0.42,QMOF reference
qmof-c22186d,423.5,0.94,QMOF reference
qmof-9f315fd,292.4,0.33,QMOF reference
qmof-0a0e6b0,227.9,0.46,QMOF reference
qmof-cfb0f9e,,FAILED,QMOF reference
qmof-ec03cad,348.2,0.06,QMOF reference
qmof-a47a786,275.6,0.3,QMOF reference
qmof-f48c65c,327.4,0.77,QMOF reference
qmof-46e6fe6,295.1,0.67,QMOF reference
qmof-cbad0dc,329.7,0.88,QMOF reference
qmof-a07366c,368.9,0.56,QMOF reference
qmof-6a1242b,336.6,0.95,QMOF reference
qmof-51c3a9d,349.7,0.79,QMOF reference
qmof-baa07bc,283.2,0.37,QMOF reference
qmof-8928501,310.9,0.61,QMOF reference
qmof-b1cee85,,FAILED,QMOF reference
qmof-c8d8581,223.0,0.2,QMOF reference
qmof-3ea6cae,360.1,0.78,QMOF reference
qmof-0dce90f,294.7,0.27,QMOF reference
qmof-2350d10,221.5,0.78,QMOF reference
qmof-fc0028f,434.5,0.92,QMOF reference
qmof-c702b6f,350.3,0.71,QMOF reference
qmof-6c5262d,211.6,0.56,QMOF reference
qmof-7981a75,,FAILED,QMOF reference
qmof-89850df,344.5,0.22,QMOF reference
qmof-ce29e59,353.4,0.46,QMOF reference
qmof-64900af,250.7,0.12,QMOF reference
qmof-5a2aa24,,FAILED,QMOF reference
qmof-13af5eb,380.3,0.58,QMOF reference
qmof-19d834d,373.7,0.78,QMOF reference
qmof-5b470ea,299.1,0.32,QMOF reference
qmof-4fa0fbd,369.3,0.73,QMOF reference
qmof-e842acf,323.9,0.46,QMOF reference
qmof-5fcce5a,350.2,0.47,QMOF reference
qmof-c695628,,FAILED,QMOF reference
qmof-06527ff,374.8,0.87,QMOF reference
qmof-7c417f3,390.6,0.38,QMOF reference
qmof-3ce81cd,104.8,0.8,QMOF reference
qmof-6eee4dc,246.5,0.88,QMOF reference
qmof-f56cb62,355.7,0.9,QMOF reference
qmof-1ff599f,266.7,0.32,QMOF reference
qmof-46322fa,386.9,0.93,QMOF reference
qmof-8929658,,FAILED,QMOF reference
qmof-136fa43,422.5,0.89,QMOF reference
qmof-7a98225,,FAILED,QMOF reference
qmof-38f04c2,404.8,0.78,QMOF reference
qmof-3b090b8,335.0,0.97,QMOF reference
qmof-8b503a2,298.4,0.65,QMOF reference
qmof-71748b1,290.3,0.75,QMOF reference
qmof-d8ed558,345.1,0.85,QMOF reference
qmof-53fe88d,333.4,0.84,QMOF reference
qmof-42326c3,192.5,0.4,QMOF reference
qmof-254f0bb,349.1,0.53,QMOF reference
qmof-8e34fd9,,FAILED,QMOF reference
qmof-da91664,251.8,0.85,QMOF reference
qmof-1baf5cd,278.8,0.58,QMOF reference
qmof-afadce0,250.3,0.93,QMOF reference
qmof-a0c3ef7,410.9,0.23,QMOF reference
qmof-b4bcee4,323.1,0.75,QMOF reference
qmof-226d00b,365.7,0.89,QMOF reference
qmof-45ac375,355.4,0.87,QMOF reference
qmof-c9435a0,289.6,0.32,QMOF reference
qmof-6851f8d,265.7,0.93,QMOF reference
qmof-3503fd0,383.8,0.8,QMOF reference
qmof-de066b7,278.9,0.27,QMOF reference
qmof-be39909,316.0,0.95,QMOF reference
qmof-2cc770d,329.6,0.1,QMOF reference
qmof-7b3d567,338.1,0.89,QMOF reference
qmof-5e1f138,310.6,0.35,QMOF reference
qmof-4c69dae,401.8,0.71,QMOF reference
qmof-7c2b7f4,,FAILED,QMOF reference
qmof-955f74a,,FAILED,QMOF reference
qmof-7403530,363.3,0.93,QMOF reference
qmof-d7c9623,326.2,0.58,QMOF reference
qmof-3a62371,227.0,0.68,QMOF reference
qmof-5c28337,317.9,0.27,QMOF reference
qmof-d309263,270.2,0.44,QMOF reference
qmof-798695d,228.6,0.64,QMOF reference
qmof-a560beb,309.6,0.63,QMOF reference
qmof-76fe23e,344.9,0.89,QMOF reference
qmof-5c7ac81,322.4,0.57,QMOF reference
qmof-a36b4c6,270.7,0.91,QMOF reference
qmof-3f96ee4,237.5,0.41,QMOF reference
qmof-79f0985,,FAILED,QMOF reference
qmof-076e8b4,446.4,0.03,QMOF reference
qmof-5cbf12d,321.6,0.27,QMOF reference
qmof-44364c4,341.9,0.26,QMOF reference
qmof-08e81c7,287.4,0.21,QMOF reference
qmof-f04b4d7,378.7,0.71,QMOF reference
qmof-351413a,306.8,0.8,QMOF reference
qmof-0d50e07,377.7,0.11,QMOF reference
qmof-1a95d9b,290.3,0.12,QMOF reference
qmof-d52be7e,303.8,0.72,QMOF reference
qmof-aa12b02,396.4,0.92,QMOF reference
qmof-d26af77,351.6,0.91,QMOF reference
qmof-1e71e12,359.2,0.95,QMOF reference
qmof-8a1f276,544.5,0.95,QMOF reference
qmof-6585ef5,273.3,0.28,QMOF reference
qmof-35921c5,,FAILED,QMOF reference
qmof-12238a8,213.8,0.64,QMOF reference
qmof-f38090a,378.0,0.17,QMOF reference
qmof-9ea6844,324.6,0.13,QMOF reference
qmof-7322852,332.7,0.91,QMOF reference
qmof-7a93811,324.5,0.41,QMOF reference
qmof-cc5ae49,414.9,0.93,QMOF reference
qmof-3317db7,264.6,0.46,QMOF reference
qmof-6fd2462,251.3,0.54,QMOF reference
qmof-fa30668,273.4,0.5,QMOF reference
qmof-4f9ba78,307.1,0.85,QMOF reference
qmof-4a15926,374.5,0.96,QMOF reference
qmof-033e78a,275.2,0.33,QMOF reference
qmof-49a30b9,343.0,0.54,QMOF reference
qmof-5ff6ae2,398.2,0.54,QMOF reference
qmof-507bad6,312.6,0.46,QMOF reference
qmof-48c47a7,337.8,0.68,QMOF reference
qmof-e37432a,255.8,0.55,QMOF reference
qmof-d5174fd,408.5,0.48,QMOF reference
qmof-2f7f5e3,,FAILED,QMOF reference
qmof-7e79016,403.4,0.31,QMOF reference
qmof-17e9dea,319.6,0.97,QMOF reference
qmof-77df350,371.4,0.85,QMOF reference
qmof-803cdbb,292.6,0.21,QMOF reference
qmof-e11462d,300.3,0.87,QMOF reference
qmof-1ecf38b,304.9,0.2,QMOF reference
qmof-51e6c53,323.1,0.83,QMOF reference
qmof-3569d68,348.0,0.31,QMOF reference
qmof-2011f40,264.2,0.54,QMOF reference
qmof-35c161a,296.0,0.26,QMOF reference
qmof-f2687c2,358.0,0.92,QMOF reference
qmof-50b0e76,,FAILED,QMOF reference
qmof-13c8eba,337.4,0.78,QMOF reference
qmof-dad03cd,288.5,0.53,QMOF reference
qmof-6c4ef07,,FAILED,QMOF reference
qmof-8794151,385.6,0.39,QMOF reference
qmof-90fad48,400.1,0.38,QMOF reference
qmof-d1cbf2f,164.5,0.89,QMOF reference
qmof-17ed363,314.2,0.37,QMOF reference
qmof-5948e3e,279.4,0.92,QMOF reference
qmof-65f4686,423.5,0.31,QMOF reference
qmof-d942d2c,,FAILED,QMOF reference
qmof-8b24d73,343.7,0.83,QMOF reference
qmof-7d5c3b3,330.0,0.73,QMOF reference
qmof-538ad34,456.4,0.89,QMOF reference
qmof-d89f5f4,282.7,0.71,QMOF reference
qmof-e0e6794,457.7,0.44,QMOF reference
qmof-2991840,484.5,0.94,QMOF reference
qmof-ba03fca,402.6,0.54,QMOF reference
qmof-082a0fb,300.4,0.82,QMOF reference
qmof-8f65a3c,,FAILED,QMOF reference
qmof-ae7c007,377.2,0.79,QMOF reference
qmof-dccfdea,423.2,0.37,QMOF reference
qmof-015ea49,310.4,0.87,QMOF reference
qmof-23f284e,379.7,0.87,QMOF reference
qmof-2d76250,361.3,0.49,QMOF reference
qmof-9f7ce23,344.4,0.57,QMOF reference
qmof-244cb4f,330.7,0.78,QMOF reference
qmof-aa35cfd,342.5,0.64,QMOF reference
qmof-c0cbada,,FAILED,QMOF reference
qmof-1adaa9b,283.7,0.53,QMOF reference
qmof-f5c9d76,342.1,0.24,QMOF reference
qmof-35705d6,292.9,0.81,QMOF reference
qmof-de2474e,351.1,0.9,QMOF reference
qmof-5b41050,451.9,0.6,QMOF reference
qmof-fffd0e2,387.4,0.86,QMOF reference
qmof-b9d3cb3,334.1,0.82,QMOF reference
qmof-27ecb45,331.4,0.77,QMOF reference
qmof-7dbddd2,289.0,0.25,QMOF reference
qmof-b219fe4,329.9,0.63,QMOF reference
qmof-abd0616,316.8,0.42,QMOF reference
qmof-9fad232,,FAILED,QMOF reference
qmof-3e6426e,278.3,0.93,QMOF reference
qmof-89fbdfe,295.4,0.62,QMOF reference
qmof-36fe364,350.0,0.7,QMOF reference
qmof-4765fb9,,FAILED,QMOF reference
qmof-9a8fdd8,274.7,0.48,QMOF reference
qmof-1360e97,,FAILED,QMOF reference
qmof-55f31fe,,FAILED,QMOF reference
qmof-668a82c,295.0,0.12,QMOF reference
qmof-3a8ea62,398.1,0.77,QMOF reference
qmof-470d254,369.9,0.86,QMOF reference
qmof-fad9ff7,,FAILED,QMOF reference
qmof-21536bc,,FAILED,QMOF reference
qmof-cd2e621,490.1,0.71,QMOF reference
qmof-53e7297,334.7,0.27,QMOF reference
qmof-fd26248,,FAILED,QMOF reference
qmof-6fbe426,299.6,0.57,QMOF reference
qmof-adbea3e,346.0,0.64,QMOF reference
qmof-0de788f,339.9,0.53,QMOF reference
qmof-53c5c03,276.8,0.19,QMOF reference
qmof-3619225,237.8,0.95,QMOF reference
qmof-bf937bb,298.3,0.33,QMOF reference
qmof-7705722,325.6,0.86,QMOF reference
qmof-b6e28ab,335.6,0.75,QMOF reference
qmof-b28d827,297.7,0.94,QMOF reference
qmof-3d6ab52,,FAILED,QMOF reference
qmof-eea62f6,338.3,0.76,QMOF reference
qmof-cde0b8c,264.3,0.53,QMOF reference
qmof-97cb8e3,338.0,0.73,QMOF reference
qmof-4814ccb,247.4,0.82,QMOF reference
qmof-10d5af9,315.4,0.5,QMOF reference
qmof-12c8a37,400.0,0.81,QMOF reference
qmof-53fce67,442.5,0.89,QMOF reference
qmof-01d76cf,361.5,0.42,QMOF reference
qmof-0a38e7d,342.6,0.72,QMOF reference
qmof-980b6e2,309.6,0.81,QMOF reference
qmof-97a7164,307.9,0.85,QMOF reference
qmof-62da067,258.3,0.5,QMOF reference
qmof-30fdc38,,FAILED,QMOF reference
qmof-bbb2769,394.3,0.47,QMOF reference
qmof-4472105,,FAILED,QMOF reference
qmof-830ed1c,320.7,0.94,QMOF reference
qmof-25f9758,383.3,0.81,QMOF reference
qmof-0a6d9a9,,FAILED,QMOF reference
qmof-b561e37,,FAILED,QMOF reference
qmof-f04c67c,334.1,0.66,QMOF reference
qmof-63ed72f,412.9,0.71,QMOF reference
qmof-bb736bf,384.5,0.81,QMOF reference
qmof-99f4447,400.8,0.93,QMOF reference
qmof-fd023ea,274.5,0.83,QMOF reference
qmof-83718f1,395.2,0.86,QMOF reference
qmof-57d20b8,399.6,0.3,QMOF reference
qmof-f96d302,422.3,0.43,QMOF reference
qmof-504558f,335.8,0.29,QMOF reference
qmof-16049c4,380.9,0.82,QMOF reference
qmof-42e7848,312.4,0.76,QMOF reference
qmof-33d0d22,318.9,0.58,QMOF reference
qmof-dda1cb2,686.1,0.0,QMOF reference
qmof-a5a3f01,290.9,0.95,QMOF reference
qmof-73a1010,377.8,0.89,QMOF reference
qmof-0f25b5a,358.6,0.85,QMOF reference
qmof-934ba54,323.5,0.71,QMOF reference
qmof-5c01e0f,386.3,0.65,QMOF reference
qmof-2c42f2a,416.4,0.77,QMOF reference
qmof-93ae400,269.2,0.76,QMOF reference
qmof-66d0b97,297.7,0.86,QMOF reference
qmof-844e4f4,358.8,0.86,QMOF reference
qmof-ab7ec59,,FAILED,QMOF reference
qmof-da91702,324.9,0.95,QMOF reference
qmof-5be20e9,297.7,0.6,QMOF reference
qmof-1115e4f,337.2,0.38,QMOF reference
qmof-3400eb7,373.7,0.92,QMOF reference
qmof-b9da82e,,FAILED,QMOF reference
qmof-5b60b2b,299.0,0.71,QMOF reference
qmof-e90fcf1,224.7,0.19,QMOF reference
qmof-95dc3e3,383.8,0.41,QMOF reference
qmof-6d9d540,365.3,0.62,QMOF reference
qmof-5b955f2,282.8,0.81,QMOF reference
qmof-cf311e6,,FAILED,QMOF reference
qmof-3b03b08,269.1,0.79,QMOF reference
qmof-1ffb434,331.4,0.86,QMOF reference
qmof-463115a,,FAILED,QMOF reference
qmof-7dbd529,416.5,0.05,QMOF reference
qmof-647f18b,356.0,0.89,QMOF reference
qmof-1212d08,277.0,0.5,QMOF reference
qmof-480a539,329.4,0.21,QMOF reference
qmof-e0fa875,422.6,0.8,QMOF reference
qmof-c99692d,321.6,0.65,QMOF reference
qmof-313a762,385.2,0.55,QMOF reference
qmof-8c3ae1d,,FAILED,QMOF reference
qmof-e381eec,349.5,0.29,QMOF reference
qmof-ed28d7b,469.4,0.11,QMOF reference
qmof-ccee605,245.7,0.38,QMOF reference
qmof-e8c0218,215.3,0.94,QMOF reference
qmof-16ff97e,353.4,0.89,QMOF reference
qmof-73cfd5c,292.9,0.28,QMOF reference
qmof-d9508ee,361.7,0.6,QMOF reference
qmof-367efb8,245.5,0.52,QMOF reference
qmof-e4313c2,331.0,0.61,QMOF reference
qmof-b2a8e0e,237.0,0.75,QMOF reference
qmof-bff657f,276.4,0.94,QMOF reference
qmof-592c9e4,307.5,0.66,QMOF reference
qmof-81003ca,381.3,0.48,QMOF reference
qmof-5d499dc,,FAILED,QMOF reference
qmof-e8a6a82,355.9,0.39,QMOF reference
qmof-ebae1e4,327.9,0.85,QMOF reference
qmof-166d55f,228.0,0.25,QMOF reference
qmof-201a359,305.0,0.3,QMOF reference
qmof-bdfe8f1,144.9,0.72,QMOF reference
qmof-d64dd12,319.9,0.6,QMOF reference
qmof-8693a64,413.6,0.39,QMOF reference
qmof-f16cf58,,FAILED,QMOF reference
qmof-05f7938,460.7,0.18,QMOF reference
qmof-38ae9d1,382.0,0.62,QMOF reference
qmof-85bc3c6,309.2,0.66,QMOF reference
qmof-d77af39,,FAILED,QMOF reference
qmof-52da6bd,367.8,0.88,QMOF reference
qmof-d9fa5cf,372.4,0.94,QMOF reference
qmof-541293e,276.1,0.36,QMOF reference
qmof-4930668,,FAILED,QMOF reference
qmof-c808556,,FAILED,QMOF reference
qmof-80d4a16,311.5,0.33,QMOF reference
qmof-5847aa0,390.5,0.94,QMOF reference
qmof-6e4f021,359.0,0.83,QMOF reference
qmof-cd9c899,340.8,0.25,QMOF reference
qmof-e48a90d,325.7,0.79,QMOF reference
qmof-b55a34a,325.4,0.79,QMOF reference
qmof-0e40af0,237.3,0.92,QMOF reference
qmof-78b934a,372.8,0.79,QMOF reference
qmof-49ea619,324.1,0.22,QMOF reference
qmof-f322a23,334.1,0.68,QMOF reference
qmof-150e78f,316.1,0.9,QMOF reference
qmof-8d6dc8f,334.0,0.89,QMOF reference
qmof-a6b457e,420.3,0.92,QMOF reference
qmof-5522e9e,368.9,0.84,QMOF reference
qmof-10df8cd,246.5,0.58,QMOF reference
qmof-37aec10,322.8,0.86,QMOF reference
qmof-a141a72,351.7,0.54,QMOF reference
qmof-d0c1d4b,469.8,0.09,QMOF reference
qmof-8dc527b,344.1,0.91,QMOF reference
qmof-0919853,345.8,0.78,QMOF reference
qmof-bae3569,337.4,0.73,QMOF reference
qmof-e46920d,292.8,0.3,QMOF reference
qmof-b10c492,342.7,0.38,QMOF reference
qmof-7672d8f,307.2,0.47,QMOF reference
qmof-62f023c,,FAILED,QMOF reference
qmof-5a081d6,,FAILED,QMOF reference
qmof-7bea0fe,430.0,0.45,QMOF reference
qmof-5b71479,387.7,0.73,QMOF reference
qmof-77fd0aa,299.4,0.29,QMOF reference
qmof-043bf63,318.7,0.91,QMOF reference
qmof-36bc27d,462.3,0.93,QMOF reference
qmof-e7b175c,405.2,0.91,QMOF reference
qmof-6b7af02,489.1,0.89,QMOF reference
qmof-6812d65,441.1,0.16,QMOF reference
qmof-00f576b,330.4,0.72,QMOF reference
qmof-831a2cc,,FAILED,QMOF reference
qmof-17d2618,327.3,0.74,QMOF reference
qmof-5e8c015,279.0,0.28,QMOF reference
qmof-4df7a22,392.0,0.72,QMOF reference
qmof-9d2a214,294.9,0.21,QMOF reference
qmof-78d9001,349.7,0.18,QMOF reference
qmof-dbd6c51,347.5,0.17,QMOF reference
qmof-ad9bb85,351.2,0.57,QMOF reference
qmof-6690796,417.7,0.35,QMOF reference
qmof-008a6ec,323.6,0.92,QMOF reference
qmof-2473511,289.4,0.8,QMOF reference
qmof-1ed370f,281.0,0.75,QMOF reference
qmof-a4a3a03,,FAILED,QMOF reference
qmof-a1e69b0,361.9,0.41,QMOF reference
qmof-807faf2,360.4,0.76,QMOF reference
qmof-03f205a,410.4,0.06,QMOF reference
qmof-fcd4c8c,299.1,0.53,QMOF reference
qmof-73d7445,288.1,0.3,QMOF reference
qmof-3957f91,438.7,0.19,QMOF reference
qmof-4d5a835,316.0,0.41,QMOF reference
qmof-082961d,323.5,0.11,QMOF reference
qmof-c6917b4,251.4,0.08,QMOF reference
qmof-2530fd3,376.0,0.71,QMOF reference
qmof-e2b01e4,409.8,0.66,QMOF reference
qmof-00a03b2,206.3,0.92,QMOF reference
qmof-9525030,280.8,0.81,QMOF reference
qmof-356051c,403.1,0.59,QMOF reference
qmof-387bd70,381.0,0.81,QMOF reference
qmof-e17dc0f,285.0,0.7,QMOF reference
qmof-7e031d2,338.6,0.76,QMOF reference
qmof-02b9923,,FAILED,QMOF reference
qmof-364ee4b,411.2,0.99,QMOF reference
qmof-4625837,344.3,0.25,QMOF reference
qmof-d1216ba,251.2,0.29,QMOF reference
qmof-1c9f47e,373.2,0.49,QMOF reference
qmof-689e334,375.5,0.91,QMOF reference
qmof-06edf50,386.6,0.91,QMOF reference
qmof-79529d8,255.3,0.51,QMOF reference
qmof-1f6550a,344.7,0.16,QMOF reference
qmof-be1b28a,346.2,0.95,QMOF reference
qmof-9321947,339.1,0.7,QMOF reference
qmof-25c39ef,403.7,0.55,QMOF reference
qmof-24cf89d,303.0,0.41,QMOF reference
qmof-55931fb,408.5,0.59,QMOF reference
qmof-580d3d5,402.2,0.85,QMOF reference
qmof-5319a12,,FAILED,QMOF reference
qmof-128cc83,221.3,0.63,QMOF reference
qmof-dcbefe5,371.5,0.25,QMOF reference
qmof-69c3651,327.8,0.45,QMOF reference
qmof-f45cbc6,289.3,0.52,QMOF reference
qmof-e84ed41,289.6,0.52,QMOF reference
qmof-542c160,287.7,0.61,QMOF reference
qmof-f4d866b,389.7,0.87,QMOF reference
qmof-5f3eef5,442.3,0.91,QMOF reference
qmof-313a301,284.6,0.14,QMOF reference
qmof-21409d2,278.1,0.42,QMOF reference
qmof-d218fc0,316.8,0.2,QMOF reference
qmof-ab7b8fa,303.6,0.34,QMOF reference
qmof-c2f7da3,314.4,0.76,QMOF reference
qmof-cff9a36,292.3,0.24,QMOF reference
qmof-3d25ec5,345.2,0.89,QMOF reference
qmof-628d416,,FAILED,QMOF reference
qmof-e830b0c,,FAILED,QMOF reference
qmof-fc59138,323.4,0.6,QMOF reference
qmof-1eebe6e,397.0,0.65,QMOF reference
qmof-55091f7,,FAILED,QMOF reference
qmof-1f04d85,210.6,0.89,QMOF reference
qmof-5aba466,480.2,0.89,QMOF reference
qmof-6bca9b9,337.1,0.77,QMOF reference
qmof-e4b5afc,262.6,0.48,QMOF reference
qmof-9637700,286.0,0.88,QMOF reference
qmof-ae62f99,381.1,0.35,QMOF reference
qmof-b5b8b3e,359.5,0.12,QMOF reference
qmof-d172d44,331.3,0.63,QMOF reference
qmof-939017e,418.0,0.74,QMOF reference
qmof-8957a59,,FAILED,QMOF reference
qmof-668b422,334.2,0.82,QMOF reference
qmof-e85d193,,FAILED,QMOF reference
qmof-f41b6c6,325.2,0.87,QMOF reference
qmof-1172086,,FAILED,QMOF reference
qmof-9d70000,,FAILED,QMOF reference
qmof-e1269cf,308.6,0.78,QMOF reference
qmof-e413089,295.5,0.67,QMOF reference
qmof-5b9087c,,FAILED,QMOF reference
qmof-40981b9,287.2,0.9,QMOF reference
qmof-7fdc831,391.9,0.79,QMOF reference
qmof-78ac6fb,351.3,0.54,QMOF reference
qmof-59f49ee,335.2,0.56,QMOF reference
qmof-0b68b0b,317.6,0.13,QMOF reference
qmof-f765634,362.9,0.87,QMOF reference
qmof-1eec32d,307.8,0.76,QMOF reference
qmof-e13f864,255.5,0.14,QMOF reference
qmof-b1105ea,262.0,0.91,QMOF reference
qmof-c6cc493,315.0,0.19,QMOF reference
qmof-ccd7445,,FAILED,QMOF reference
qmof-37abdc8,433.9,0.09,QMOF reference
qmof-c7521fe,359.8,0.22,QMOF reference
qmof-6ecd9da,295.3,0.73,QMOF reference
qmof-87535de,403.1,0.44,QMOF reference
qmof-4c7b8e3,350.2,0.29,QMOF reference
qmof-b5c7314,361.5,0.82,QMOF reference
qmof-27b6769,324.3,0.44,QMOF reference
qmof-bd47743,271.9,0.39,QMOF reference
qmof-e5f7e89,358.5,0.95,QMOF reference
qmof-cb53c9a,,FAILED,QMOF reference
qmof-b47e703,351.5,0.61,QMOF reference
qmof-3ffa5b9,397.7,0.79,QMOF reference
qmof-d232353,231.7,0.45,QMOF reference
qmof-b5e491c,365.5,0.69,QMOF reference
qmof-62aef15,379.5,0.48,QMOF reference
qmof-11abec0,398.6,0.72,QMOF reference
qmof-7e0ec48,270.6,0.64,QMOF reference
qmof-031685e,317.7,0.56,QMOF reference
qmof-d499930,396.8,0.61,QMOF reference
qmof-f778612,371.1,0.35,QMOF reference
qmof-b344319,326.7,0.93,QMOF reference
qmof-a36de4b,374.5,0.45,QMOF reference
qmof-df6f7f2,491.3,0.18,QMOF reference
qmof-2cd9068,426.4,0.53,QMOF reference
qmof-ceee1fb,314.3,0.37,QMOF reference
qmof-7e8b4bc,366.9,0.68,QMOF reference
qmof-d865c0c,360.8,0.68,QMOF reference
qmof-1d27ba2,289.9,0.72,QMOF reference
qmof-7c6989f,,FAILED,QMOF reference
qmof-d928e40,,FAILED,QMOF reference
qmof-67d5226,,FAILED,QMOF reference
qmof-d46f13c,324.8,0.85,QMOF reference
qmof-f36bf66,324.1,0.87,QMOF reference
qmof-c97a018,,FAILED,QMOF reference
qmof-ec20604,289.2,0.82,QMOF reference
qmof-acecbb7,366.5,0.75,QMOF reference
qmof-7006a4a,,FAILED,QMOF reference
qmof-ebd2330,289.5,0.78,QMOF reference
qmof-e3311db,279.5,0.84,QMOF reference
qmof-32457b4,283.3,0.61,QMOF reference
qmof-13463bb,382.5,0.72,QMOF reference
qmof-64a2be7,324.7,0.32,QMOF reference
qmof-45b64b9,393.2,0.87,QMOF reference
qmof-2590d97,255.4,0.72,QMOF reference
qmof-01a27aa,382.7,0.91,QMOF reference
qmof-238182d,375.6,0.85,QMOF reference
qmof-cf374fe,321.1,0.94,QMOF reference
qmof-e397c42,307.3,0.63,QMOF reference
qmof-1fe9d39,342.6,0.73,QMOF reference
qmof-6e151eb,307.3,0.69,QMOF reference
qmof-3c5c124,302.4,0.62,QMOF reference
qmof-4086205,,FAILED,QMOF reference
qmof-e1c79f2,,FAILED,QMOF reference
qmof-7aebbbb,304.4,0.76,QMOF reference
qmof-a7d6e06,343.7,0.51,QMOF reference
qmof-49353bb,277.8,0.88,QMOF reference
qmof-2ec307c,341.7,0.32,QMOF reference
qmof-c8f88ad,328.9,0.83,QMOF reference
qmof-35c8beb,254.0,0.81,QMOF reference
qmof-886cefa,,FAILED,QMOF reference
qmof-945824a,379.5,0.81,QMOF reference
qmof-48e9003,442.2,0.03,QMOF reference
qmof-80e9570,365.0,0.86,QMOF reference
qmof-6253944,,FAILED,QMOF reference
qmof-f364177,,FAILED,QMOF reference
qmof-1bb7709,285.1,0.62,QMOF reference
qmof-4493e93,250.9,0.84,QMOF reference
qmof-75121d5,245.9,0.88,QMOF reference
qmof-36fc2b5,399.5,0.55,QMOF reference
qmof-62bbe07,299.8,0.51,QMOF reference
qmof-6680eb0,187.5,0.33,QMOF reference
qmof-4537b4a,293.5,0.8,QMOF reference
qmof-fc85ca5,306.2,0.77,QMOF reference
qmof-8140415,407.8,0.71,QMOF reference
qmof-63e0e58,,FAILED,QMOF reference
qmof-68fdeb2,297.0,0.93,QMOF reference
qmof-95aa0a6,266.1,0.47,QMOF reference
qmof-4453ec1,296.6,0.75,QMOF reference
qmof-ac37347,406.5,0.64,QMOF reference
qmof-f980f2a,301.8,0.34,QMOF reference
qmof-aef676f,346.6,0.63,QMOF reference
qmof-b7e9d20,427.7,0.85,QMOF reference
qmof-ba65430,265.5,0.09,QMOF reference
qmof-ee6ac99,280.2,0.38,QMOF reference
qmof-4b9ff08,221.7,0.75,QMOF reference
qmof-06731c3,424.8,0.42,QMOF reference
qmof-aa7f699,,FAILED,QMOF reference
qmof-0495d74,373.0,0.11,QMOF reference
qmof-70fc04c,388.1,0.5,QMOF reference
qmof-638a2cb,251.6,0.49,QMOF reference
qmof-9df89ca,329.6,0.29,QMOF reference
qmof-ffa8fbb,438.7,0.65,QMOF reference
qmof-7e5ffee,290.9,0.24,QMOF reference
qmof-107fbfa,430.7,0.23,QMOF reference
qmof-0165dd2,,FAILED,QMOF reference
qmof-24c3847,299.1,0.55,QMOF reference
qmof-b793535,,FAILED,QMOF reference
qmof-ec39022,287.0,0.26,QMOF reference
qmof-4ae86d8,331.6,0.78,QMOF reference
qmof-70b42ce,306.7,0.59,QMOF reference
qmof-8137b0f,,FAILED,QMOF reference
qmof-e4d85d4,224.4,0.85,QMOF reference
qmof-c203444,288.7,0.48,QMOF reference
qmof-2951cee,353.0,0.89,QMOF reference
qmof-167de54,268.1,0.89,QMOF reference
qmof-3d4ee1f,278.6,0.43,QMOF reference
qmof-5ea4e45,,FAILED,QMOF reference
qmof-26920f5,386.5,0.26,QMOF reference
qmof-c535e2f,218.0,0.88,QMOF reference
qmof-80050ef,440.7,0.06,QMOF reference
qmof-fe08164,322.9,0.38,QMOF reference
qmof-e79aee6,373.5,0.77,QMOF reference
qmof-b1c4ebd,337.1,0.88,QMOF reference
qmof-ac01f2d,340.9,0.57,QMOF reference
qmof-1d25033,265.0,0.28,QMOF reference
qmof-60cdbb6,321.8,0.21,QMOF reference
qmof-4d40eaa,287.0,0.22,QMOF reference
qmof-a3a0d2e,367.1,0.46,QMOF reference
qmof-8f2ae02,226.0,0.57,QMOF reference
qmof-1de625c,165.0,0.34,QMOF reference
qmof-da093e6,308.8,0.49,QMOF reference
qmof-6610b05,,FAILED,QMOF reference
qmof-f88e6da,322.6,0.2,QMOF reference
qmof-25c87ad,,FAILED,QMOF reference
qmof-fbdfba6,277.4,0.49,QMOF reference
qmof-77fbc29,334.5,0.4,QMOF reference
qmof-22d43db,251.1,0.85,QMOF reference
qmof-da3042b,253.9,0.56,QMOF reference
qmof-074cf93,237.2,0.34,QMOF reference
qmof-eb6d7e8,329.2,0.45,QMOF reference
qmof-5fe665d,,FAILED,QMOF reference
qmof-e44a050,,FAILED,QMOF reference
qmof-70c6069,321.2,0.89,QMOF reference
qmof-77aef10,344.9,0.34,QMOF reference
qmof-c1af071,420.3,0.77,QMOF reference
qmof-87793bf,347.1,0.51,QMOF reference
qmof-3a3a471,,FAILED,QMOF reference
qmof-c5000eb,276.3,0.78,QMOF reference
qmof-dbe1820,361.7,0.75,QMOF reference
qmof-c6e619f,274.1,0.53,QMOF reference
qmof-e4ec22b,294.2,0.44,QMOF reference
qmof-74dd8b1,339.6,0.39,QMOF reference
qmof-41e2d68,281.6,0.94,QMOF reference
qmof-e17ade9,308.4,0.7,QMOF reference
qmof-a9f842f,411.1,0.46,QMOF reference
qmof-d8e43f6,,FAILED,QMOF reference
qmof-9dc5e14,,FAILED,QMOF reference
qmof-d768aa1,277.1,0.3,QMOF reference
qmof-8564c30,294.2,0.92,QMOF reference
qmof-268a4cf,,FAILED,QMOF reference
qmof-e2ae6f5,382.5,0.12,QMOF reference
qmof-f91dbb9,240.3,0.78,QMOF reference
qmof-223769d,265.7,0.67,QMOF reference
qmof-df44502,309.6,0.95,QMOF reference
qmof-4e27741,277.6,0.3,QMOF reference
qmof-fb9d854,,FAILED,QMOF reference
qmof-e93b912,343.9,0.85,QMOF reference
qmof-9b96927,273.0,0.95,QMOF reference
qmof-014c977,330.6,0.81,QMOF reference
qmof-d3f5e9a,273.6,0.92,QMOF reference
qmof-ce36f66,364.1,0.7,QMOF reference
qmof-de5e312,279.2,0.84,QMOF reference
qmof-a833468,,FAILED,QMOF reference
qmof-c0388ac,386.7,0.18,QMOF reference
qmof-004080b,323.5,0.91,QMOF reference
qmof-b8eb470,316.0,0.36,QMOF reference
qmof-4588df0,,FAILED,QMOF reference
qmof-ecd4c56,453.8,0.91,QMOF reference
qmof-b222296,303.4,0.91,QMOF reference
qmof-5c8908e,345.4,0.43,QMOF reference
qmof-5d053df,322.6,0.56,QMOF reference
qmof-6b0105c,,FAILED,QMOF reference
qmof-113a0d9,,FAILED,QMOF reference
qmof-375c7bc,233.2,0.3,QMOF reference
qmof-e118da8,297.0,0.41,QMOF reference
qmof-688ca67,322.5,0.88,QMOF reference
qmof-78e7cf2,337.1,0.95,QMOF reference
qmof-abab937,355.8,0.77,QMOF reference
qmof-555ceef,407.8,0.79,QMOF reference
qmof-855e3e5,370.1,0.25,QMOF reference
qmof-e55df67,211.6,0.87,QMOF reference
qmof-893a85d,300.0,0.76,QMOF reference
qmof-5e1817a,,FAILED,QMOF reference
qmof-84740d1,,FAILED,QMOF reference
qmof-2ff6d74,450.3,0.51,QMOF reference
qmof-b0dde37,,FAILED,QMOF reference
qmof-872b235,338.8,0.44,QMOF reference
qmof-b454284,-143.0,0.86,QMOF reference
qmof-3cd008c,289.9,0.78,QMOF reference
qmof-aa6858c,325.6,0.91,QMOF reference
qmof-1789c58,332.6,0.8,QMOF reference
qmof-dc18524,419.5,0.01,QMOF reference
qmof-2237257,354.6,0.8,QMOF reference
qmof-4f76e00,354.1,0.78,QMOF reference
qmof-9073ecb,316.1,0.43,QMOF reference
qmof-6b58e65,355.3,0.9,QMOF reference
qmof-5c8a431,327.7,0.72,QMOF reference
qmof-70f4cf7,272.2,0.92,QMOF reference
qmof-a633d5a,,FAILED,QMOF reference
qmof-e5ce60a,317.2,0.87,QMOF reference
qmof-efc1075,255.8,0.97,QMOF reference
qmof-377ea80,,FAILED,QMOF reference
qmof-d141d6f,313.6,0.64,QMOF reference
qmof-3505271,407.4,0.76,QMOF reference
qmof-4581200,347.9,0.28,QMOF reference
qmof-0713ee0,393.2,0.76,QMOF reference
qmof-b8e098b,328.2,0.7,QMOF reference
qmof-2568bd1,386.2,0.65,QMOF reference
qmof-185a494,329.5,0.93,QMOF reference
qmof-e7c0073,281.3,0.64,QMOF reference
qmof-6afdb56,356.7,0.27,QMOF reference
qmof-5843876,331.7,0.94,QMOF reference
qmof-740efb1,308.8,0.81,QMOF reference
qmof-a02c95b,336.9,0.89,QMOF reference
qmof-1d2aeb7,,FAILED,QMOF reference
qmof-0f7c76b,306.5,0.78,QMOF reference
qmof-19002f5,247.3,0.56,QMOF reference
qmof-1d78da0,309.9,0.82,QMOF reference
qmof-033ade9,289.1,0.26,QMOF reference
qmof-0d42aa5,327.1,0.81,QMOF reference
qmof-0e3c9ac,366.0,0.9,QMOF reference
qmof-394db35,,FAILED,QMOF reference
qmof-fc7aafb,347.0,0.15,QMOF reference
qmof-11b15c6,257.1,0.47,QMOF reference
qmof-0412385,290.6,0.24,QMOF reference
qmof-e6d350b,402.0,0.52,QMOF reference
qmof-88a2e0d,309.2,0.63,QMOF reference
qmof-493832f,286.6,0.9,QMOF reference
qmof-3a0c988,299.0,0.28,QMOF reference
qmof-be32c2a,,FAILED,QMOF reference
qmof-0128bd1,334.6,0.33,QMOF reference
qmof-8d010bd,354.3,0.94,QMOF reference
qmof-7576c28,343.8,0.58,QMOF reference
qmof-d5e7f66,401.3,0.92,QMOF reference
qmof-fd27ae2,324.1,0.26,QMOF reference
qmof-00e5ea7,254.8,0.76,QMOF reference
qmof-d1c7a8a,350.8,0.91,QMOF reference
qmof-1abf3bc,437.1,0.7,QMOF reference
qmof-59c5e90,332.3,0.35,QMOF reference
qmof-044adae,368.2,0.64,QMOF reference
qmof-7c7fd1a,256.4,0.65,QMOF reference
qmof-e5e66c6,,FAILED,QMOF reference
qmof-11dc1ce,343.2,0.67,QMOF reference
qmof-fd6acbe,355.2,0.14,QMOF reference
qmof-514abfb,,FAILED,QMOF reference
qmof-b6d6a17,248.9,0.15,QMOF reference
qmof-54f2810,319.7,0.86,QMOF reference
qmof-5c4ddd4,234.9,0.82,QMOF reference
qmof-7b83861,,FAILED,QMOF reference
qmof-ba4fa5c,217.9,0.86,QMOF reference
qmof-8357e7d,,FAILED,QMOF reference
qmof-0d53aed,346.8,0.29,QMOF reference
qmof-d389267,320.4,0.39,QMOF reference
qmof-585e841,269.9,0.84,QMOF reference
qmof-988833e,333.5,0.11,QMOF reference
qmof-103e2b6,,FAILED,QMOF reference
qmof-9aa2c89,333.0,0.65,QMOF reference
qmof-99abeac,280.7,0.81,QMOF reference
qmof-963616d,413.5,0.74,QMOF reference
qmof-bec921f,382.0,0.93,QMOF reference
qmof-7aa58f3,,FAILED,QMOF reference
qmof-2eb30ad,254.3,0.83,QMOF reference
qmof-0da3c2d,317.3,0.5,QMOF reference
qmof-cf35b6c,273.3,0.14,QMOF reference
qmof-977d607,,FAILED,QMOF reference
qmof-51bc7ba,354.9,0.21,QMOF reference
qmof-1c14e71,281.4,0.83,QMOF reference
qmof-336171b,330.1,0.73,QMOF reference
qmof-b8647f2,,FAILED,QMOF reference
qmof-94d8c54,364.3,0.84,QMOF reference
qmof-73097c7,342.1,0.31,QMOF reference
qmof-7e5b02e,337.2,0.88,QMOF reference
qmof-4ebaa8e,,FAILED,QMOF reference
qmof-4978721,413.8,0.64,QMOF reference
qmof-ac814d2,340.3,0.51,QMOF reference
qmof-235d3c3,325.4,0.55,QMOF reference
qmof-919ea19,325.6,0.72,QMOF reference
qmof-13e5eb8,315.7,0.33,QMOF reference
qmof-fc8a9d4,296.1,0.92,QMOF reference
qmof-96365be,358.5,0.19,QMOF reference
qmof-7d610e5,415.7,0.93,QMOF reference
qmof-9196782,330.0,0.33,QMOF reference
qmof-878fcc2,451.4,0.02,QMOF reference
qmof-4ad733e,374.8,0.49,QMOF reference
qmof-2facfc9,407.5,0.3,QMOF reference
qmof-4eb7b7a,332.7,0.77,QMOF reference
qmof-63c5aad,392.5,0.79,QMOF reference
qmof-fe984e4,333.8,0.8,QMOF reference
qmof-051e7b6,,FAILED,QMOF reference
qmof-968365c,327.4,0.91,QMOF reference
qmof-b6871b4,,FAILED,QMOF reference
qmof-7d022f9,307.6,0.87,QMOF reference
qmof-648f65b,408.9,0.05,QMOF reference
qmof-6c82b41,327.7,0.83,QMOF reference
qmof-e2ef939,341.3,0.62,QMOF reference
qmof-e944ae4,273.7,0.55,QMOF reference
qmof-c10e1fd,313.6,0.9,QMOF reference
qmof-2adadfd,406.0,0.68,QMOF reference
qmof-6351b19,273.8,0.84,QMOF reference
qmof-6923e32,295.0,0.7,QMOF reference
qmof-3a6ceb0,370.5,0.52,QMOF reference
qmof-a3936a0,414.3,0.73,QMOF reference
qmof-8d85a79,374.0,0.89,QMOF reference
qmof-de8f90e,419.1,0.81,QMOF reference
qmof-85ef65d,203.3,0.53,QMOF reference
qmof-521b33c,396.3,0.3,QMOF reference
qmof-0d1d4bd,340.4,0.55,QMOF reference
qmof-0334ecb,204.8,0.15,QMOF reference
qmof-61aef3f,307.2,0.52,QMOF reference
qmof-e9f86fc,324.4,0.47,QMOF reference
qmof-c88e03d,310.3,0.71,QMOF reference
qmof-975b706,255.3,0.85,QMOF reference
qmof-23536f6,352.7,0.89,QMOF reference
qmof-84cc81a,354.4,0.81,QMOF reference
qmof-7243713,335.3,0.68,QMOF reference
qmof-214a25c,303.9,0.83,QMOF reference
qmof-1d20a91,257.0,0.14,QMOF reference
qmof-5226456,307.4,0.89,QMOF reference
qmof-c8323eb,310.8,0.88,QMOF reference
qmof-e954d84,326.9,0.88,QMOF reference
qmof-2721fdf,370.6,0.91,QMOF reference
qmof-839a2a7,331.3,0.37,QMOF reference
qmof-aaf4daf,385.8,0.74,QMOF reference
qmof-956f0fd,335.1,0.78,QMOF reference
qmof-16e6fa0,232.0,0.53,QMOF reference
qmof-6bca146,313.1,0.81,QMOF reference
qmof-f360972,302.9,0.6,QMOF reference
qmof-43a9124,358.0,0.97,QMOF reference
qmof-fb12235,330.1,0.77,QMOF reference
qmof-ffe2d1c,320.4,0.84,QMOF reference
qmof-d5e77c0,370.0,0.61,QMOF reference
qmof-4ef6d73,318.9,0.95,QMOF reference
qmof-2773211,238.0,0.67,QMOF reference
qmof-c7fe47a,321.2,0.76,QMOF reference
qmof-e6edf20,248.4,0.68,QMOF reference
qmof-b70466d,290.8,0.91,QMOF reference
qmof-86a8270,362.8,0.38,QMOF reference
qmof-e2be686,,FAILED,QMOF reference
qmof-f3344fd,270.1,0.28,QMOF reference
qmof-ed77021,415.7,0.89,QMOF reference
qmof-180ad30,349.4,0.19,QMOF reference
qmof-65777fa,362.2,0.35,QMOF reference
qmof-ffa4c4a,343.5,0.36,QMOF reference
qmof-11baec4,454.0,0.07,QMOF reference
qmof-221d349,326.1,0.41,QMOF reference
qmof-8eeb480,386.7,0.22,QMOF reference
qmof-25097fe,317.3,0.66,QMOF reference
qmof-ab17fad,259.2,0.91,QMOF reference
qmof-869daab,299.0,0.66,QMOF reference
qmof-b1f37a7,401.2,0.73,QMOF reference
qmof-a9e8f7c,383.5,0.89,QMOF reference
qmof-f4d9237,291.7,0.29,QMOF reference
qmof-9bed59d,397.9,0.54,QMOF reference
qmof-32a57b9,353.6,0.69,QMOF reference
qmof-6f53b55,341.3,0.89,QMOF reference
qmof-ba8f8c6,,FAILED,QMOF reference
qmof-1cd4692,250.3,0.55,QMOF reference
qmof-0e1877f,242.8,0.42,QMOF reference
qmof-59103c5,400.8,0.88,QMOF reference
qmof-53df3c7,,FAILED,QMOF reference
qmof-3010cb1,417.9,0.37,QMOF reference
qmof-bae6404,,FAILED,QMOF reference
qmof-646491e,349.0,0.46,QMOF reference
qmof-14bc551,397.4,0.83,QMOF reference
qmof-673ecf4,232.5,0.06,QMOF reference
qmof-975d128,326.9,0.72,QMOF reference
qmof-7a3e0a3,308.8,0.85,QMOF reference
qmof-898e6ca,353.2,0.9,QMOF reference
qmof-5f6e986,314.2,0.88,QMOF reference
qmof-7cefc8c,338.9,0.91,QMOF reference
qmof-f9d2ea9,335.6,0.58,QMOF reference
qmof-9d33048,272.3,0.64,QMOF reference
qmof-366a2aa,393.1,0.92,QMOF reference
qmof-f2bdce1,337.5,0.86,QMOF reference
qmof-1a63b73,387.1,0.65,QMOF reference
qmof-c795296,372.0,0.41,QMOF reference
qmof-b80a30e,311.4,0.87,QMOF reference
qmof-879ddfb,340.4,0.33,QMOF reference
qmof-53b6a0f,250.5,0.95,QMOF reference
qmof-0e0cf73,,FAILED,QMOF reference
qmof-6e25176,403.5,0.83,QMOF reference
qmof-d028335,,FAILED,QMOF reference
qmof-969bb72,,FAILED,QMOF reference
qmof-80c10f6,334.1,0.85,QMOF reference
qmof-97f0ee1,291.8,0.35,QMOF reference
qmof-6dc8152,312.0,0.82,QMOF reference
qmof-0434c87,291.3,0.72,QMOF reference
qmof-617f5a1,295.3,0.2,QMOF reference
qmof-581d608,314.7,0.88,QMOF reference
qmof-6353b9a,396.2,0.84,QMOF reference
qmof-4eb4dda,264.0,0.15,QMOF reference
qmof-089a220,,FAILED,QMOF reference
qmof-4da1271,404.0,0.46,QMOF reference
qmof-0b2b65a,226.5,0.38,QMOF reference
qmof-da7388e,302.5,0.21,QMOF reference
qmof-07c91b5,266.7,0.42,QMOF reference
qmof-ce62fdc,393.9,0.41,QMOF reference
qmof-a4ece54,294.5,0.7,QMOF reference
qmof-b4f9ae7,246.9,0.21,QMOF reference
qmof-7ec7d41,,FAILED,QMOF reference
qmof-5cbb170,346.8,0.9,QMOF reference
qmof-813b695,,FAILED,QMOF reference
qmof-4491693,300.3,0.11,QMOF reference
qmof-6685354,297.8,0.82,QMOF reference
qmof-a7b4a13,276.1,0.37,QMOF reference
qmof-9b2e1cd,317.5,0.53,QMOF reference
qmof-2cda290,347.2,0.89,QMOF reference
qmof-d3b25c3,358.2,0.62,QMOF reference
qmof-5111bf8,297.1,0.77,QMOF reference
qmof-ac06c00,339.0,0.52,QMOF reference
qmof-9911385,352.4,0.7,QMOF reference
qmof-843e83f,302.5,0.12,QMOF reference
qmof-b3a4056,341.7,0.74,QMOF reference
qmof-243e60c,407.3,0.75,QMOF reference
qmof-1f248c3,341.3,0.16,QMOF reference
qmof-bbd9bf5,307.7,0.46,QMOF reference
qmof-da4ea81,287.3,0.88,QMOF reference
qmof-08c77cc,,FAILED,QMOF reference
qmof-076f453,309.8,0.69,QMOF reference
qmof-b077645,276.1,0.93,QMOF reference
qmof-d929741,303.3,0.58,QMOF reference
qmof-bdddeb3,248.9,0.39,QMOF reference
qmof-51f0dec,293.4,0.21,QMOF reference
qmof-751cc2f,221.4,0.59,QMOF reference
qmof-449b3ee,266.7,0.41,QMOF reference
qmof-199f3f0,340.4,0.47,QMOF reference
qmof-2297abb,336.0,0.39,QMOF reference
qmof-c82daac,410.5,0.61,QMOF reference
qmof-e695d7d,348.9,0.72,QMOF reference
qmof-f8732c3,248.9,0.75,QMOF reference
qmof-d22ccb0,357.2,0.16,QMOF reference
qmof-6e20725,328.9,0.76,QMOF reference
qmof-aed6490,309.1,0.81,QMOF reference
qmof-72626ed,378.3,0.59,QMOF reference
qmof-0ca8b3d,368.1,0.81,QMOF reference
qmof-5263eb0,354.2,0.86,QMOF reference
qmof-3f25aa2,296.5,0.82,QMOF reference
qmof-e827bde,307.2,0.74,QMOF reference
qmof-70b2910,299.1,0.81,QMOF reference
qmof-c4cc8a9,303.6,0.56,QMOF reference
qmof-cd53be1,518.2,0.0,QMOF reference
qmof-1db32bd,340.2,0.86,QMOF reference
qmof-1081e63,237.3,0.56,QMOF reference
qmof-746a078,308.3,0.94,QMOF reference
qmof-ed37e1c,269.7,0.75,QMOF reference
qmof-ff83df9,296.6,0.91,QMOF reference
qmof-890bde1,335.9,0.68,QMOF reference
qmof-0e3bec5,377.7,0.18,QMOF reference
qmof-e96e55e,376.5,0.66,QMOF reference
qmof-c083e21,284.3,0.66,QMOF reference
qmof-5e18154,390.7,0.47,QMOF reference
qmof-3ef4448,348.5,0.27,QMOF reference
qmof-b9be990,318.6,0.71,QMOF reference
qmof-c0331cb,389.6,0.14,QMOF reference
qmof-eaa4006,301.6,0.89,QMOF reference
qmof-7de6775,260.6,0.69,QMOF reference
qmof-65535b4,381.9,0.92,QMOF reference
qmof-a01cb8a,300.0,0.12,QMOF reference
qmof-89c3770,296.6,0.22,QMOF reference
qmof-c5b0b23,460.7,0.91,QMOF reference
qmof-360b5df,,FAILED,QMOF reference
qmof-f228632,342.3,0.08,QMOF reference
qmof-c27ca26,236.8,0.38,QMOF reference
qmof-2be2765,,FAILED,QMOF reference
qmof-b2272eb,409.1,0.83,QMOF reference
qmof-ba5647e,264.2,0.82,QMOF reference
qmof-1c906c4,349.6,0.41,QMOF reference
qmof-44da7b6,284.8,0.79,QMOF reference
qmof-4a5ca9f,287.9,0.79,QMOF reference
qmof-3ca2407,326.0,0.82,QMOF reference
qmof-a85f2bb,400.8,0.52,QMOF reference
qmof-1a54af9,313.5,0.49,QMOF reference
qmof-04b3678,328.8,0.57,QMOF reference
qmof-bf397c9,323.8,0.8,QMOF reference
qmof-252e6ca,340.2,0.83,QMOF reference
qmof-03814d4,268.3,0.72,QMOF reference
qmof-6bc1251,300.2,0.62,QMOF reference
qmof-3450d20,429.1,0.51,QMOF reference
qmof-e7d374d,,FAILED,QMOF reference
qmof-5b2ca47,376.9,0.21,QMOF reference
qmof-e0199d3,295.5,0.22,QMOF reference
qmof-8efdd0d,,FAILED,QMOF reference
qmof-bdf22c6,362.7,0.68,QMOF reference
qmof-a23b78e,211.0,0.65,QMOF reference
qmof-dc0fa21,265.6,0.54,QMOF reference
qmof-f4efbe8,324.8,0.2,QMOF reference
qmof-ef66c69,241.3,0.92,QMOF reference
qmof-c521538,415.2,0.81,QMOF reference
qmof-401de6d,195.4,0.88,QMOF reference
qmof-c05dfdb,378.7,0.83,QMOF reference
qmof-8aec8b9,416.6,0.28,QMOF reference
qmof-0b22857,,FAILED,QMOF reference
qmof-a74722c,412.8,0.1,QMOF reference
qmof-600a106,321.6,0.9,QMOF reference
qmof-1b64037,379.2,0.53,QMOF reference
qmof-5d6869e,381.8,0.58,QMOF reference
qmof-6bd9402,289.6,0.83,QMOF reference
qmof-a87149e,351.2,0.88,QMOF reference
qmof-1394c14,293.4,0.82,QMOF reference
qmof-e0dc4ed,,FAILED,QMOF reference
qmof-8c2eca5,,FAILED,QMOF reference
qmof-b7cf313,,FAILED,QMOF reference
qmof-d481578,285.7,0.08,QMOF reference
qmof-aed4501,348.8,0.63,QMOF reference
qmof-c3ad823,413.6,0.63,QMOF reference
qmof-db46c4e,,FAILED,QMOF reference
qmof-c5f7d51,376.3,0.41,QMOF reference
qmof-523c57d,349.6,0.85,QMOF reference
qmof-32dc85c,,FAILED,QMOF reference
qmof-eb6363e,309.0,0.84,QMOF reference
qmof-1d1380d,317.0,0.66,QMOF reference
qmof-e6e27de,335.4,0.07,QMOF reference
qmof-f257e1e,393.9,0.91,QMOF reference
qmof-de03476,380.0,0.5,QMOF reference
qmof-ceecaf2,347.0,0.94,QMOF reference
qmof-ef56436,431.1,0.29,QMOF reference
qmof-49bc51b,344.0,0.92,QMOF reference
qmof-54078ea,389.4,0.72,QMOF reference
qmof-8e2f26d,425.2,0.84,QMOF reference
qmof-339e345,156.7,0.99,QMOF reference
qmof-ec0306c,365.5,0.7,QMOF reference
qmof-5a1ec49,345.3,0.65,QMOF reference
qmof-e732e6c,448.0,0.64,QMOF reference
qmof-7ba1c40,499.0,0.04,QMOF reference
qmof-e2faba1,262.3,0.17,QMOF reference
qmof-fed171f,344.7,0.91,QMOF reference
qmof-177f29a,492.2,0.76,QMOF reference
qmof-63c3734,294.0,0.21,QMOF reference
qmof-e9eb176,,FAILED,QMOF reference
qmof-f50607a,354.3,0.78,QMOF reference
qmof-3748101,374.2,0.53,QMOF reference
qmof-5c584aa,340.2,0.48,QMOF reference
qmof-a9f6b42,,FAILED,QMOF reference
qmof-bebd218,311.9,0.75,QMOF reference
qmof-cf8f8f2,,FAILED,QMOF reference
qmof-612073b,405.6,0.42,QMOF reference
qmof-2dbf6de,351.1,0.08,QMOF reference
qmof-79e84c2,313.4,0.89,QMOF reference
qmof-875b2e9,,FAILED,QMOF reference
qmof-1590633,323.7,0.18,QMOF reference
qmof-e6d5869,311.4,0.17,QMOF reference
qmof-7616fb2,355.6,0.4,QMOF reference
qmof-fec1478,338.4,0.24,QMOF reference
qmof-44bd9c4,237.6,0.87,QMOF reference
qmof-201cfda,403.3,0.76,QMOF reference
qmof-bea446d,355.3,0.95,QMOF reference
qmof-d0c743a,297.0,0.47,QMOF reference
qmof-62599d4,318.3,0.77,QMOF reference
qmof-8fff7f3,384.7,0.83,QMOF reference
qmof-e8fb7a2,394.9,0.71,QMOF reference
qmof-60ca16f,383.6,0.32,QMOF reference
qmof-9bd33a1,352.3,0.2,QMOF reference
qmof-59cf43e,290.3,0.61,QMOF reference
qmof-2943f96,306.4,0.15,QMOF reference
qmof-19e89a7,,FAILED,QMOF reference
qmof-b0179be,407.6,0.45,QMOF reference
qmof-31214c6,,FAILED,QMOF reference
qmof-4268462,302.8,0.18,QMOF reference
qmof-e3a20ba,321.5,0.87,QMOF reference
qmof-0b38925,334.6,0.73,QMOF reference
qmof-16edcac,351.5,0.67,QMOF reference
qmof-e2f1ea2,385.1,0.93,QMOF reference
qmof-47ccac3,,FAILED,QMOF reference
qmof-5b5b49f,178.5,0.58,QMOF reference
qmof-d2eac4d,,FAILED,QMOF reference
qmof-607603f,499.3,0.28,QMOF reference
qmof-85fd495,282.2,0.31,QMOF reference
qmof-7588d50,295.0,0.3,QMOF reference
qmof-7f53126,347.8,0.65,QMOF reference
qmof-b74c4c7,353.3,0.74,QMOF reference
qmof-600a290,376.8,0.49,QMOF reference
qmof-6e59ecb,349.1,0.28,QMOF reference
qmof-b7ce55c,366.9,0.33,QMOF reference
qmof-4b0e2c0,,FAILED,QMOF reference
qmof-95ec286,320.3,0.89,QMOF reference
qmof-5b9bf09,290.8,0.23,QMOF reference
qmof-ccf3afe,331.7,0.68,QMOF reference
qmof-1000751,275.7,0.42,QMOF reference
qmof-831f088,250.6,0.3,QMOF reference
qmof-9022ab8,329.4,0.76,QMOF reference
qmof-878b529,317.1,0.27,QMOF reference
qmof-4ef8443,305.5,0.92,QMOF reference
qmof-45846c3,317.6,0.67,QMOF reference
qmof-c4388bc,322.0,0.6,QMOF reference
qmof-a6f1445,462.2,0.1,QMOF reference
qmof-db63f95,443.6,0.31,QMOF reference
qmof-a17635d,380.9,0.73,QMOF reference
qmof-47c6882,355.2,0.36,QMOF reference
qmof-8e85940,358.7,0.22,QMOF reference
qmof-d07845e,419.9,0.42,QMOF reference
qmof-8974e23,262.4,0.11,QMOF reference
qmof-76aeb73,327.6,0.82,QMOF reference
qmof-dd6dc81,419.3,0.13,QMOF reference
qmof-a1515af,280.6,0.37,QMOF reference
qmof-77f07ab,345.9,0.79,QMOF reference
qmof-3921f33,,FAILED,QMOF reference
qmof-3fcf6ee,421.5,0.91,QMOF reference
qmof-8ccd876,260.7,0.85,QMOF reference
qmof-805652f,366.7,0.22,QMOF reference
qmof-37021f4,273.9,0.72,QMOF reference
qmof-1b60e82,303.1,0.91,QMOF reference
qmof-999122e,344.1,0.54,QMOF reference
qmof-98d669a,306.9,0.89,QMOF reference
qmof-7494173,540.7,0.91,QMOF reference
qmof-233c525,363.0,0.84,QMOF reference
qmof-efe5d3e,,FAILED,QMOF reference
qmof-5cd94b8,234.4,0.53,QMOF reference
qmof-b2050b0,328.4,0.12,QMOF reference
qmof-24c1355,282.1,0.48,QMOF reference
qmof-0a4f53b,382.5,0.1,QMOF reference
qmof-aa7cb37,291.5,0.53,QMOF reference
qmof-54c3ea8,340.3,0.96,QMOF reference
qmof-3747ebf,427.4,0.66,QMOF reference
qmof-b27cc61,364.0,0.93,QMOF reference
qmof-1eeeeb7,241.9,0.79,QMOF reference
qmof-55b0ded,,FAILED,QMOF reference
qmof-c428516,,FAILED,QMOF reference
qmof-d640e68,,FAILED,QMOF reference
qmof-7b32a82,368.4,0.67,QMOF reference
qmof-7aa3bf3,335.5,0.14,QMOF reference
qmof-b8a7042,266.1,0.6,QMOF reference
qmof-78cbecc,,FAILED,QMOF reference
qmof-c818b8d,298.1,0.75,QMOF reference
qmof-8962914,,FAILED,QMOF reference
qmof-003cb6c,286.6,0.91,QMOF reference
qmof-ea665d6,297.6,0.59,QMOF reference
qmof-4b8c0f7,322.7,0.14,QMOF reference
qmof-1deaa9a,291.0,0.93,QMOF reference
qmof-8a7ef33,280.1,0.91,QMOF reference
qmof-834ccb4,470.1,0.88,QMOF reference
qmof-111f17e,,FAILED,QMOF reference
qmof-0e8b60f,306.4,0.82,QMOF reference
qmof-5f3f601,388.4,0.39,QMOF reference
qmof-7112b88,365.1,0.88,QMOF reference
qmof-9dd5660,274.6,0.2,QMOF reference
qmof-7ed16f6,281.3,0.22,QMOF reference
qmof-243c82b,,FAILED,QMOF reference
qmof-b190302,,FAILED,QMOF reference
qmof-a715883,246.9,0.34,QMOF reference
qmof-2869025,290.1,0.61,QMOF reference
qmof-c4e3466,266.7,0.8,QMOF reference
qmof-a5088d3,361.4,0.66,QMOF reference
qmof-acd85e0,376.1,0.62,QMOF reference
qmof-48a6d20,457.2,0.26,QMOF reference
qmof-0091475,,FAILED,QMOF reference
qmof-c9439fc,,FAILED,QMOF reference
qmof-c2ade82,317.4,0.69,QMOF reference
qmof-137c32e,267.0,0.47,QMOF reference
qmof-cfcb5ed,,FAILED,QMOF reference
qmof-cf6747d,319.7,0.17,QMOF reference
qmof-a89b009,349.5,0.8,QMOF reference
qmof-d924de8,270.7,0.66,QMOF reference
qmof-b1e5ed5,339.4,0.93,QMOF reference
qmof-ac0b22d,,FAILED,QMOF reference
qmof-8755d63,336.4,0.96,QMOF reference
qmof-6dbac8b,287.5,0.91,QMOF reference
qmof-4a4ca58,412.9,0.48,QMOF reference
qmof-2b5cf00,345.1,0.51,QMOF reference
qmof-382b996,351.2,0.76,QMOF reference
qmof-cc53b25,254.4,0.53,QMOF reference
qmof-9ed8501,329.5,0.3,QMOF reference
qmof-15c9789,334.9,0.73,QMOF reference
qmof-f4581c4,327.4,0.78,QMOF reference
qmof-9e2ce18,326.5,0.74,QMOF reference
qmof-83b8c19,339.4,0.93,QMOF reference
qmof-47be35c,389.0,0.55,QMOF reference
qmof-b2d2517,305.1,0.57,QMOF reference
qmof-2ad0ab2,443.0,0.36,QMOF reference
qmof-58c470b,364.2,0.84,QMOF reference
qmof-0c9058e,466.8,0.17,QMOF reference
qmof-b1d5255,321.9,0.86,QMOF reference
qmof-72c22fc,,FAILED,QMOF reference
qmof-6971f07,371.1,0.64,QMOF reference
qmof-4a41a68,300.9,0.76,QMOF reference
qmof-7493d63,219.4,0.74,QMOF reference
qmof-2e97dc7,297.6,0.31,QMOF reference
qmof-f1b9a8e,269.3,0.69,QMOF reference
qmof-bc379ad,,FAILED,QMOF reference
qmof-d135d88,,FAILED,QMOF reference
qmof-9bc55e5,345.6,0.32,QMOF reference
qmof-a0eb5fe,291.7,0.83,QMOF reference
qmof-ebe125b,352.2,0.94,QMOF reference
qmof-ac2b430,269.0,0.54,QMOF reference
qmof-1ee7828,267.9,0.65,QMOF reference
qmof-2cc657a,277.8,0.67,QMOF reference
qmof-99861b8,372.4,0.31,QMOF reference
qmof-5ba9d7d,354.5,0.36,QMOF reference
qmof-1647128,352.6,0.63,QMOF reference
qmof-053a04d,272.4,0.64,QMOF reference
qmof-d4f01fe,315.1,0.71,QMOF reference
qmof-40713e8,359.5,0.71,QMOF reference
qmof-80d041c,320.2,0.08,QMOF reference
qmof-3baed31,354.1,0.44,QMOF reference
qmof-09cb4ce,,FAILED,QMOF reference
qmof-56e00d6,373.7,0.74,QMOF reference
qmof-9024308,377.0,0.51,QMOF reference
qmof-8ccd305,255.9,0.58,QMOF reference
qmof-dc10859,342.4,0.64,QMOF reference
qmof-8d3595d,325.4,0.77,QMOF reference
qmof-fa557d8,,FAILED,QMOF reference
qmof-81af911,279.7,0.65,QMOF reference
qmof-071d192,305.4,0.62,QMOF reference
qmof-db0b80e,311.1,0.53,QMOF reference
qmof-7b4dbbf,321.7,0.79,QMOF reference
qmof-42f74ee,342.0,0.89,QMOF reference
qmof-cc610f8,,FAILED,QMOF reference
qmof-d7de157,321.7,0.14,QMOF reference
qmof-44cfc57,309.4,0.32,QMOF reference
qmof-311f528,365.0,0.68,QMOF reference
qmof-58098d3,290.3,0.9,QMOF reference
qmof-fcbd00c,428.2,0.76,QMOF reference
qmof-920fac3,363.3,0.27,QMOF reference
qmof-ac7057e,328.9,0.53,QMOF reference
qmof-5613eb5,309.9,0.12,QMOF reference
qmof-5533c80,260.1,0.56,QMOF reference
qmof-310bf43,291.3,0.88,QMOF reference
qmof-69452ae,354.0,0.41,QMOF reference
qmof-ba90abd,,FAILED,QMOF reference
qmof-ad7ce98,336.7,0.58,QMOF reference
qmof-c4408a8,350.3,0.87,QMOF reference
qmof-7ac83bb,351.1,0.96,QMOF reference
qmof-005303e,313.1,0.81,QMOF reference
qmof-e12721f,,FAILED,QMOF reference
qmof-7f24e48,,FAILED,QMOF reference
qmof-84f0c81,347.1,0.83,QMOF reference
qmof-d7b29f8,352.5,0.82,QMOF reference
qmof-89836c6,378.1,0.89,QMOF reference
qmof-33dfd57,405.6,0.44,QMOF reference
qmof-71b20e5,335.0,0.75,QMOF reference
qmof-4a0043c,286.2,0.62,QMOF reference
qmof-dbbee82,273.5,0.27,QMOF reference
qmof-17ee812,323.8,0.43,QMOF reference
qmof-7e02694,,FAILED,QMOF reference
qmof-f758424,294.3,0.89,QMOF reference
qmof-9826a4f,,FAILED,QMOF reference
qmof-6cce137,330.0,0.5,QMOF reference
qmof-f130ab1,242.1,0.09,QMOF reference
qmof-6e37cc2,454.9,0.93,QMOF reference
qmof-36fd5b3,,FAILED,QMOF reference
qmof-20f395f,285.6,0.26,QMOF reference
qmof-29dc9b8,348.0,0.95,QMOF reference
qmof-7fe879e,300.5,0.77,QMOF reference
qmof-52a1760,326.4,0.91,QMOF reference
qmof-3c1d573,391.7,0.86,QMOF reference
qmof-39faf76,212.9,0.9,QMOF reference
qmof-8f88adf,261.2,0.3,QMOF reference
qmof-b23c232,364.6,0.88,QMOF reference
qmof-e4e4393,388.8,0.32,QMOF reference
qmof-abdc322,326.4,0.27,QMOF reference
qmof-5e3058c,372.1,0.88,QMOF reference
qmof-9cbb73b,342.7,0.94,QMOF reference
qmof-7ac9c16,333.8,0.09,QMOF reference
qmof-2ad11cd,,FAILED,QMOF reference
qmof-d2b445f,307.1,0.87,QMOF reference
qmof-3d811dc,351.7,0.4,QMOF reference
qmof-2e79c69,330.7,0.66,QMOF reference
qmof-829fcf8,,FAILED,QMOF reference
qmof-dda14d4,336.8,0.72,QMOF reference
qmof-f9c5ca5,,FAILED,QMOF reference
qmof-f93998c,273.5,0.56,QMOF reference
qmof-b538420,,FAILED,QMOF reference
qmof-e7fbc5e,412.1,0.46,QMOF reference
qmof-955bb00,257.4,0.88,QMOF reference
qmof-45790a7,315.5,0.88,QMOF reference
qmof-a2f8325,306.0,0.27,QMOF reference
qmof-602401f,332.5,0.93,QMOF reference
qmof-39c8634,,FAILED,QMOF reference
qmof-c64e1a1,,FAILED,QMOF reference
qmof-398e798,385.3,0.73,QMOF reference
qmof-6259683,305.9,0.75,QMOF reference
qmof-9f24a92,332.2,0.7,QMOF reference
qmof-73dbd00,339.4,0.4,QMOF reference
qmof-09816d2,303.5,0.87,QMOF reference
qmof-952ab8a,335.4,0.84,QMOF reference
qmof-3c38c53,,FAILED,QMOF reference
qmof-9342989,307.3,0.58,QMOF reference
qmof-d587b67,247.1,0.73,QMOF reference
qmof-89882f7,267.9,0.95,QMOF reference
qmof-8f8e33d,317.0,0.72,QMOF reference
qmof-e21ce63,323.0,0.81,QMOF reference
qmof-753bc23,315.3,0.31,QMOF reference
qmof-4fd2377,,FAILED,QMOF reference
qmof-12544e7,302.5,0.7,QMOF reference
qmof-1186aa1,259.5,0.13,QMOF reference
qmof-9806c75,314.0,0.65,QMOF reference
qmof-26d0da3,289.6,0.45,QMOF reference
qmof-949bca4,284.2,0.94,QMOF reference
qmof-c0f6f4f,290.1,0.93,QMOF reference
qmof-f9909c4,410.5,0.11,QMOF reference
qmof-c939f55,306.4,0.83,QMOF reference
qmof-97b8ee9,347.4,0.48,QMOF reference
qmof-9940a4e,185.6,0.07,QMOF reference
qmof-9545770,344.8,0.65,QMOF reference
qmof-0000295,305.8,0.29,QMOF reference
qmof-6fc44b7,384.4,0.73,QMOF reference
qmof-8f9b4a4,273.1,0.78,QMOF reference
qmof-94a607c,272.0,0.34,QMOF reference
qmof-42b6d9f,221.4,0.53,QMOF reference
qmof-5ffeace,,FAILED,QMOF reference
qmof-7aa1e33,297.7,0.25,QMOF reference
qmof-7bc3564,325.6,0.49,QMOF reference
qmof-15845e1,266.7,0.7,QMOF reference
qmof-3b9b0b0,347.9,0.44,QMOF reference
qmof-12fff70,,FAILED,QMOF reference
qmof-41c609e,402.1,0.48,QMOF reference
qmof-582aea9,,FAILED,QMOF reference
qmof-10ca7f1,379.6,0.45,QMOF reference
qmof-d190992,,FAILED,QMOF reference
qmof-cd1371c,395.9,0.76,QMOF reference
qmof-b0aae08,,FAILED,QMOF reference
qmof-c937650,364.4,0.62,QMOF reference
qmof-ba4926f,,FAILED,QMOF reference
qmof-7a91c8f,389.6,0.51,QMOF reference
qmof-2e3df5a,331.0,0.65,QMOF reference
qmof-0340fcc,321.0,0.76,QMOF reference
qmof-67ccd91,332.9,0.54,QMOF reference
qmof-d6662a5,60.6,0.93,QMOF reference
qmof-b3fea0d,368.2,0.93,QMOF reference
qmof-ab5e0e2,278.1,0.71,QMOF reference
qmof-855f1a5,,FAILED,QMOF reference
qmof-fa22844,,FAILED,QMOF reference
qmof-f804647,372.1,0.96,QMOF reference
qmof-78b313d,302.7,0.4,QMOF reference
qmof-e61fffc,377.9,0.9,QMOF reference
qmof-19da9fb,381.1,0.6,QMOF reference
qmof-9c21542,291.6,0.73,QMOF reference
qmof-b88a8fa,445.8,0.7,QMOF reference
qmof-6127dd2,332.2,0.72,QMOF reference
qmof-4f0b980,306.7,0.75,QMOF reference
qmof-6edb7fd,235.2,0.31,QMOF reference
qmof-9b53dfb,355.3,0.89,QMOF reference
qmof-204707c,329.5,0.17,QMOF reference
qmof-beda623,319.9,0.59,QMOF reference
qmof-50a9877,291.4,0.71,QMOF reference
qmof-b8990cd,312.1,0.62,QMOF reference
qmof-cca5077,,FAILED,QMOF reference
qmof-8d90f69,371.2,0.21,QMOF reference
qmof-67ef56a,351.1,0.36,QMOF reference
qmof-d14ddee,341.1,0.29,QMOF reference
qmof-f3e35fe,322.0,0.7,QMOF reference
qmof-1c18108,,FAILED,QMOF reference
qmof-5508e61,412.6,0.66,QMOF reference
qmof-a1541db,410.8,0.7,QMOF reference
qmof-815e12a,405.3,0.79,QMOF reference
qmof-6100d4e,413.2,0.94,QMOF reference
qmof-fef0729,250.7,0.85,QMOF reference
qmof-e5dfdd6,385.9,0.3,QMOF reference
qmof-73cb90d,350.5,0.89,QMOF reference
qmof-20616d3,,FAILED,QMOF reference
qmof-e7b2d45,,FAILED,QMOF reference
qmof-190750b,,FAILED,QMOF reference
qmof-7ed4e7b,288.8,0.8,QMOF reference
qmof-4203cdb,265.6,0.7,QMOF reference
qmof-e672c7d,,FAILED,QMOF reference
qmof-19c6b8e,344.8,0.82,QMOF reference
qmof-89b4508,315.8,0.91,QMOF reference
qmof-981716b,387.4,0.54,QMOF reference
qmof-e867a05,351.0,0.92,QMOF reference
qmof-d1d61f9,425.9,0.94,QMOF reference
qmof-f934fdc,,FAILED,QMOF reference
qmof-caa1a9e,458.4,0.87,QMOF reference
qmof-3015833,357.7,0.83,QMOF reference
qmof-c5b8465,326.3,0.74,QMOF reference
qmof-81b989e,342.5,0.09,QMOF reference
qmof-1cbbca6,338.0,0.92,QMOF reference
qmof-3062571,346.7,0.26,QMOF reference
qmof-c1fccc1,277.6,0.67,QMOF reference
qmof-10b590f,393.2,0.86,QMOF reference
qmof-244f5c8,403.9,0.71,QMOF reference
qmof-3332fd1,337.0,0.92,QMOF reference
qmof-f77e442,,FAILED,QMOF reference
qmof-dc0812e,284.2,0.19,QMOF reference
qmof-8099795,,FAILED,QMOF reference
qmof-c8bcd1e,,FAILED,QMOF reference
qmof-c28fec8,402.3,0.56,QMOF reference
qmof-229e397,,FAILED,QMOF reference
qmof-08da5c1,309.4,0.32,QMOF reference
qmof-5f9a1bc,263.9,0.92,QMOF reference
qmof-4428f7e,279.9,0.93,QMOF reference
qmof-2ab1c90,318.2,0.83,QMOF reference
qmof-4d599e9,427.2,0.55,QMOF reference
qmof-d9209b4,,FAILED,QMOF reference
qmof-e590c4c,251.3,0.74,QMOF reference
qmof-e82535e,,FAILED,QMOF reference
qmof-4db3325,-277.6,0.9,QMOF reference
qmof-c07ea8b,274.9,0.08,QMOF reference
qmof-f3a3d8a,246.5,0.58,QMOF reference
qmof-b83bc08,,FAILED,QMOF reference
qmof-d0bb092,345.2,0.94,QMOF reference
qmof-210cad7,433.9,0.51,QMOF reference
qmof-263da4f,,FAILED,QMOF reference
qmof-51dd8e1,321.3,0.71,QMOF reference
qmof-f8ab6e6,296.4,0.7,QMOF reference
qmof-1e89e8e,350.4,0.37,QMOF reference
qmof-0cba3b3,292.3,0.5,QMOF reference
qmof-45e3743,,FAILED,QMOF reference
qmof-b46759a,311.6,0.51,QMOF reference
qmof-15b2786,284.8,0.37,QMOF reference
qmof-1e65cda,303.6,0.74,QMOF reference
qmof-0cbcc26,,FAILED,QMOF reference
qmof-14064a5,321.5,0.25,QMOF reference
qmof-d11fc4e,397.2,0.79,QMOF reference
qmof-52c18d4,,FAILED,QMOF reference
qmof-482e8b2,329.0,0.74,QMOF reference
qmof-e8cc479,319.5,0.11,QMOF reference
qmof-9bbd35b,337.8,0.76,QMOF reference
qmof-3e65b16,,FAILED,QMOF reference
qmof-5bcace3,282.4,0.55,QMOF reference
qmof-cee9997,378.4,0.57,QMOF reference
qmof-8d5842f,190.3,0.36,QMOF reference
qmof-21c86a2,315.9,0.47,QMOF reference
qmof-c53a076,239.9,0.92,QMOF reference
qmof-3a81f31,305.2,0.53,QMOF reference
qmof-9c01d44,373.7,0.66,QMOF reference
qmof-e0a7303,425.7,0.87,QMOF reference
qmof-dc1402b,371.3,0.56,QMOF reference
qmof-b7fefa4,315.6,0.27,QMOF reference
qmof-617a25d,325.6,0.91,QMOF reference
qmof-b6a965a,347.9,0.91,QMOF reference
qmof-37b3d7d,338.5,0.7,QMOF reference
qmof-8ffd817,368.3,0.77,QMOF reference
qmof-545c247,332.9,0.94,QMOF reference
qmof-d54da7b,324.3,0.77,QMOF reference
qmof-f90a6ed,398.8,0.77,QMOF reference
qmof-94df011,323.5,0.8,QMOF reference
qmof-aac337c,311.1,0.88,QMOF reference
qmof-20c3887,,FAILED,QMOF reference
qmof-22e7468,306.9,0.81,QMOF reference
qmof-7172aca,315.4,0.92,QMOF reference
qmof-74bea3f,,FAILED,QMOF reference
qmof-60427a0,290.4,0.73,QMOF reference
qmof-e139c58,374.6,0.35,QMOF reference
qmof-99ecd48,,FAILED,QMOF reference
qmof-b4dc0ec,,FAILED,QMOF reference
qmof-c595b71,,FAILED,QMOF reference
qmof-882b66c,371.1,0.79,QMOF reference
qmof-0a84707,290.7,0.13,QMOF reference
qmof-772c3d9,417.8,0.71,QMOF reference
qmof-b2685e8,299.6,0.41,QMOF reference
qmof-4b8b3f9,323.5,0.94,QMOF reference
qmof-e24d79c,356.4,0.82,QMOF reference
qmof-84ddd74,272.2,0.9,QMOF reference
qmof-de9db8f,,FAILED,QMOF reference
qmof-8410026,322.1,0.23,QMOF reference
qmof-5f0dd01,427.5,0.95,QMOF reference
qmof-1bb0dd9,305.6,0.93,QMOF reference
qmof-bfe8f46,283.3,0.18,QMOF reference
qmof-d346410,321.6,0.9,QMOF reference
qmof-1cc6d2b,325.0,0.73,QMOF reference
qmof-bee6746,297.8,0.24,QMOF reference
qmof-cfe2566,301.2,0.89,QMOF reference
qmof-3fa29a2,315.2,0.94,QMOF reference
qmof-f547638,458.1,0.85,QMOF reference
qmof-bb971ba,310.7,0.49,QMOF reference
qmof-cca1381,262.6,0.75,QMOF reference
qmof-14efc5e,358.1,0.89,QMOF reference
qmof-e813edb,359.6,0.21,QMOF reference
qmof-e12e14d,324.6,0.52,QMOF reference
qmof-a49b7c7,,FAILED,QMOF reference
qmof-38d1f8c,,FAILED,QMOF reference
qmof-c848195,355.7,0.52,QMOF reference
qmof-6dc41b1,323.2,0.18,QMOF reference
qmof-780623e,347.3,0.82,QMOF reference
qmof-e4633f0,281.9,0.72,QMOF reference
qmof-11c1311,300.7,0.57,QMOF reference
qmof-d9a8e7a,298.5,0.24,QMOF reference
qmof-9c02f4e,232.3,0.16,QMOF reference
qmof-fdf90e2,411.7,0.4,QMOF reference
qmof-1aee7e9,392.6,0.19,QMOF reference
qmof-a959168,345.6,0.73,QMOF reference
qmof-8a03db4,339.2,0.82,QMOF reference
qmof-287570d,,FAILED,QMOF reference
qmof-8266b5a,317.4,0.54,QMOF reference
qmof-a9e277d,359.1,0.29,QMOF reference
qmof-82374ce,396.0,0.79,QMOF reference
qmof-06dd76d,346.2,0.93,QMOF reference
qmof-d390079,326.3,0.83,QMOF reference
qmof-c2e0cee,442.8,0.7,QMOF reference
qmof-c1c5c57,328.7,0.75,QMOF reference
qmof-a0b1b43,335.1,0.45,QMOF reference
qmof-227bcd0,,FAILED,QMOF reference
qmof-390a016,268.3,0.14,QMOF reference
qmof-d50d945,282.4,0.6,QMOF reference
qmof-ef21412,281.6,0.9,QMOF reference
qmof-a2890cd,313.7,0.82,QMOF reference
qmof-cfae3f4,344.9,0.29,QMOF reference
qmof-b934547,354.8,0.44,QMOF reference
qmof-37c4e53,353.0,0.94,QMOF reference
qmof-f944e8f,321.9,0.47,QMOF reference
qmof-8b9694c,322.6,0.37,QMOF reference
qmof-ea2c77d,338.5,0.66,QMOF reference
qmof-14906a2,,FAILED,QMOF reference
qmof-df86412,418.6,0.58,QMOF reference
qmof-a4ff7f7,296.6,0.61,QMOF reference
qmof-b961150,289.2,0.9,QMOF reference
qmof-30356d7,330.6,0.52,QMOF reference
qmof-5fd4252,350.7,0.21,QMOF reference
qmof-aecacb7,327.6,0.08,QMOF reference
qmof-3af121f,-0.4,0.04,QMOF reference
qmof-54de7fe,318.5,0.74,QMOF reference
qmof-4726e1b,306.8,0.89,QMOF reference
qmof-239bb4d,,FAILED,QMOF reference
qmof-4cc7e0a,340.1,0.86,QMOF reference
qmof-166bce5,,FAILED,QMOF reference
qmof-01f6512,338.4,0.57,QMOF reference
qmof-b28f911,334.4,0.96,QMOF reference
qmof-f3692c0,358.1,0.7,QMOF reference
qmof-8a9774d,,FAILED,QMOF reference
qmof-1da8047,,FAILED,QMOF reference
qmof-7acc00d,302.9,0.61,QMOF reference
qmof-86c4ff7,282.1,0.73,QMOF reference
qmof-7d89f40,246.3,0.51,QMOF reference
qmof-1b3e3c5,354.5,0.78,QMOF reference
qmof-8e9a95c,377.7,0.95,QMOF reference
qmof-0ee131b,305.9,0.94,QMOF reference
qmof-91eae4e,361.1,0.79,QMOF reference
qmof-0344237,,FAILED,QMOF reference
qmof-de19ecd,262.2,0.48,QMOF reference
qmof-0b3d138,,FAILED,QMOF reference
qmof-7503641,395.8,0.12,QMOF reference
qmof-5f6045a,,FAILED,QMOF reference
qmof-fef756d,270.1,0.82,QMOF reference
qmof-8580f8b,,FAILED,QMOF reference
qmof-70c044b,314.2,0.13,QMOF reference
qmof-d4efb4b,,FAILED,QMOF reference
qmof-155e913,323.6,0.77,QMOF reference
qmof-d64d83c,305.1,0.54,QMOF reference
qmof-477ac56,307.6,0.59,QMOF reference
qmof-46e13c3,,FAILED,QMOF reference
qmof-f9b83bc,352.4,0.65,QMOF reference
qmof-6040bb6,309.6,0.12,QMOF reference
qmof-3c10295,,FAILED,QMOF reference
qmof-0cb9b75,290.2,0.21,QMOF reference
qmof-019cf08,367.8,0.21,QMOF reference
qmof-80d488f,,FAILED,QMOF reference
qmof-89a06df,398.4,0.55,QMOF reference
qmof-bdea962,,FAILED,QMOF reference
qmof-8531dca,493.9,0.0,QMOF reference
qmof-5689ec9,315.1,0.31,QMOF reference
qmof-52a4f76,316.8,0.64,QMOF reference
qmof-3feeaa5,265.8,0.07,QMOF reference
qmof-d8e9e49,262.6,0.42,QMOF reference
qmof-e3e5ec8,412.7,0.9,QMOF reference
qmof-f2f8255,456.0,0.89,QMOF reference
qmof-3d9ac1d,386.4,0.78,QMOF reference
qmof-6a595fd,280.2,0.71,QMOF reference
qmof-770da4b,250.2,0.44,QMOF reference
qmof-7a7e541,255.5,0.2,QMOF reference
qmof-2d09cca,,FAILED,QMOF reference
qmof-68a928b,326.2,0.5,QMOF reference
qmof-5edf8d7,,FAILED,QMOF reference
qmof-d58a816,407.0,0.67,QMOF reference
qmof-08cf08d,,FAILED,QMOF reference
qmof-247e926,413.2,0.84,QMOF reference
qmof-e07df46,238.2,0.87,QMOF reference
qmof-06ce631,279.7,0.15,QMOF reference
qmof-9324158,268.4,0.89,QMOF reference
qmof-126dd4e,313.7,0.58,QMOF reference
qmof-16e1f3f,,FAILED,QMOF reference
qmof-3abcd4a,328.1,0.97,QMOF reference
qmof-1215008,,FAILED,QMOF reference
qmof-0f835bb,294.9,0.95,QMOF reference
qmof-c0f3800,321.4,0.95,QMOF reference
qmof-3a0f684,348.2,0.56,QMOF reference
qmof-235b607,332.8,0.93,QMOF reference
qmof-86fb2f3,368.1,0.84,QMOF reference
qmof-509725a,409.8,0.3,QMOF reference
qmof-7c055d2,349.3,0.93,QMOF reference
qmof-bde105e,,FAILED,QMOF reference
qmof-06381fc,342.1,0.59,QMOF reference
qmof-be09118,343.7,0.35,QMOF reference
qmof-acef972,287.7,0.87,QMOF reference
qmof-7212ecd,348.2,0.79,QMOF reference
qmof-0988370,374.4,0.5,QMOF reference
qmof-0303a06,289.5,0.76,QMOF reference
qmof-34e2533,423.1,0.18,QMOF reference
qmof-b23c02b,349.8,0.42,QMOF reference
qmof-537df4e,320.2,0.17,QMOF reference
qmof-850dfff,242.5,0.78,QMOF reference
qmof-1bcb229,245.8,0.54,QMOF reference
qmof-1dabb5e,343.4,0.81,QMOF reference
qmof-c6d5b12,337.0,0.64,QMOF reference
qmof-cc8c19f,432.4,0.72,QMOF reference
qmof-35a16f0,292.3,0.72,QMOF reference
qmof-182f378,374.0,0.37,QMOF reference
qmof-24d3ed5,323.9,0.75,QMOF reference
qmof-fae4d70,,FAILED,QMOF reference
qmof-c136b83,260.9,0.41,QMOF reference
qmof-f22364d,269.2,0.77,QMOF reference
qmof-c08687d,285.9,0.54,QMOF reference
qmof-67a153c,308.0,0.89,QMOF reference
qmof-beb45ec,309.1,0.58,QMOF reference
qmof-8b7c863,284.0,0.85,QMOF reference
qmof-8f5113c,342.6,0.89,QMOF reference
qmof-e09b2a7,371.9,0.87,QMOF reference
qmof-e14e58a,239.3,0.62,QMOF reference
qmof-5a5fe74,330.0,0.07,QMOF reference
qmof-92fea06,324.0,0.76,QMOF reference
qmof-33487ab,257.2,0.51,QMOF reference
qmof-d9fb957,398.2,0.59,QMOF reference
qmof-4f9cb23,,FAILED,QMOF reference
qmof-61d7076,,FAILED,QMOF reference
qmof-d747602,332.9,0.78,QMOF reference
qmof-c49c727,320.8,0.52,QMOF reference
qmof-f14aaa7,355.9,0.27,QMOF reference
qmof-0b46ca0,,FAILED,QMOF reference
qmof-6460ca3,297.1,0.18,QMOF reference
qmof-5512d33,409.4,0.88,QMOF reference
qmof-46ac557,342.9,0.95,QMOF reference
qmof-0689dbf,290.2,0.29,QMOF reference
qmof-ef156dd,352.0,0.55,QMOF reference
qmof-5672c63,300.2,0.86,QMOF reference
qmof-0355eff,312.7,0.63,QMOF reference
qmof-33df613,327.8,0.7,QMOF reference
qmof-55f4d83,317.2,0.93,QMOF reference
qmof-83e56fe,319.3,0.43,QMOF reference
qmof-07657b5,402.1,0.76,QMOF reference
qmof-0c780e3,297.2,0.64,QMOF reference
qmof-468c3a6,349.5,0.97,QMOF reference
qmof-fb2596f,,FAILED,QMOF reference
qmof-b041a69,320.0,0.11,QMOF reference
qmof-102b244,368.0,0.72,QMOF reference
qmof-b8acaeb,272.2,0.9,QMOF reference
qmof-b46dc41,,FAILED,QMOF reference
qmof-0a7a6ac,330.7,0.32,QMOF reference
qmof-d4d2d19,227.4,0.83,QMOF reference
qmof-63c5997,359.8,0.94,QMOF reference
qmof-c3c94d3,,FAILED,QMOF reference
qmof-b5b3f3e,413.5,0.76,QMOF reference
qmof-04ccbe3,,FAILED,QMOF reference
qmof-a7ec253,305.9,0.76,QMOF reference
qmof-b396375,297.1,0.91,QMOF reference
qmof-df568b4,,FAILED,QMOF reference
qmof-6f14ab0,267.0,0.28,QMOF reference
qmof-85aeb56,294.9,0.25,QMOF reference
qmof-e63ddfb,410.0,0.73,QMOF reference
qmof-d2606c5,341.4,0.93,QMOF reference
qmof-b4b183a,,FAILED,QMOF reference
qmof-132de4e,307.9,0.94,QMOF reference
qmof-b3bca3a,,FAILED,QMOF reference
qmof-d841e1f,444.7,0.84,QMOF reference
qmof-20f15a8,349.2,0.92,QMOF reference
qmof-c1bb21a,299.1,0.39,QMOF reference
qmof-3a2fafd,216.5,0.48,QMOF reference
qmof-d9b1c16,339.7,0.77,QMOF reference
qmof-b9094ed,270.6,0.72,QMOF reference
qmof-7282cf9,363.3,0.65,QMOF reference
qmof-089e2e8,385.9,0.64,QMOF reference
qmof-cea32da,294.3,0.81,QMOF reference
qmof-c14236d,318.7,0.95,QMOF reference
qmof-6546640,350.5,0.29,QMOF reference
qmof-86bee7f,402.2,0.07,QMOF reference
qmof-b639bef,372.4,0.64,QMOF reference
qmof-cf16545,363.7,0.49,QMOF reference
qmof-b1bdd96,149.9,0.95,QMOF reference
qmof-1df3ec5,326.3,0.84,QMOF reference
qmof-0b092d4,353.9,0.58,QMOF reference
qmof-c5996c8,245.7,0.95,QMOF reference
qmof-7e9e6a5,256.9,0.8,QMOF reference
qmof-372862a,381.1,0.28,QMOF reference
qmof-d80e631,340.1,0.76,QMOF reference
qmof-b62318d,409.8,0.43,QMOF reference
qmof-41aa483,,FAILED,QMOF reference
qmof-bfa6f76,302.0,0.97,QMOF reference
qmof-757cf9f,274.4,0.68,QMOF reference
qmof-dfe9e9b,291.1,0.27,QMOF reference
qmof-8f0d8a7,,FAILED,QMOF reference
qmof-c4f7333,336.1,0.08,QMOF reference
qmof-35c8474,,FAILED,QMOF reference
qmof-00e35a0,316.8,0.76,QMOF reference
qmof-0749e57,,FAILED,QMOF reference
qmof-8304c2c,284.2,0.82,QMOF reference
qmof-b575710,,FAILED,QMOF reference
qmof-3dea6dd,248.4,0.57,QMOF reference
qmof-8b06d36,,FAILED,QMOF reference
qmof-43df29f,360.5,0.13,QMOF reference
qmof-98535c0,360.8,0.35,QMOF reference
qmof-e73fe5e,317.6,0.09,QMOF reference
qmof-723fa00,250.9,0.49,QMOF reference
qmof-b4f34b6,477.7,0.81,QMOF reference
qmof-5a31dc6,255.7,0.11,QMOF reference
qmof-d745543,368.0,0.29,QMOF reference
qmof-c082cc0,274.4,0.9,QMOF reference
qmof-a862f97,247.5,0.89,QMOF reference
qmof-1e9a2c5,,FAILED,QMOF reference
qmof-31eab7b,238.4,0.91,QMOF reference
qmof-01c5b7a,373.5,0.26,QMOF reference
qmof-618e887,370.1,0.88,QMOF reference
qmof-544eec0,431.6,0.77,QMOF reference
qmof-185e359,323.6,0.82,QMOF reference
qmof-a468f15,362.3,0.83,QMOF reference
qmof-97904af,342.4,0.27,QMOF reference
qmof-0df517f,338.8,0.87,QMOF reference
qmof-ad41715,378.2,0.36,QMOF reference
qmof-5d9b2c8,,FAILED,QMOF reference
qmof-af7608c,,FAILED,QMOF reference
qmof-f857f84,332.0,0.58,QMOF reference
qmof-0122bb1,388.5,0.87,QMOF reference
qmof-bdab5c6,370.5,0.52,QMOF reference
qmof-93aaf79,295.6,0.95,QMOF reference
qmof-7127539,349.7,0.89,QMOF reference
qmof-e7fc863,108.9,0.92,QMOF reference
qmof-583d246,351.8,0.72,QMOF reference
qmof-5b8ae7a,340.1,0.56,QMOF reference
qmof-e651703,366.3,0.28,QMOF reference
qmof-e40768f,311.5,0.56,QMOF reference
qmof-f5fa47d,346.7,0.35,QMOF reference
qmof-71eb881,297.3,0.78,QMOF reference
qmof-91f45c3,224.3,0.69,QMOF reference
qmof-16b7b3a,,FAILED,QMOF reference
qmof-034e9af,404.2,0.83,QMOF reference
qmof-1f389ca,,FAILED,QMOF reference
qmof-ac8711c,336.8,0.82,QMOF reference
qmof-0614d31,323.4,0.93,QMOF reference
qmof-33e59e9,202.3,0.88,QMOF reference
qmof-ebf848f,222.0,0.17,QMOF reference
qmof-6b0ce52,395.2,0.64,QMOF reference
qmof-607988e,368.1,0.46,QMOF reference
qmof-56e8657,348.7,0.32,QMOF reference
qmof-aec449c,,FAILED,QMOF reference
qmof-9e7b77a,325.3,0.28,QMOF reference
qmof-2168cb9,173.5,0.91,QMOF reference
qmof-694fdb2,275.3,0.63,QMOF reference
qmof-0528115,358.1,0.85,QMOF reference
qmof-bd2004d,363.4,0.7,QMOF reference
qmof-38220b3,231.1,0.08,QMOF reference
qmof-ada4a4b,,FAILED,QMOF reference
qmof-38b3dd0,,FAILED,QMOF reference
qmof-d8545ac,332.9,0.41,QMOF reference
qmof-ebaf62f,,FAILED,QMOF reference
qmof-a6f72b4,293.3,0.89,QMOF reference
qmof-508c530,324.1,0.93,QMOF reference
qmof-fd84d96,358.1,0.54,QMOF reference
qmof-c870313,357.5,0.97,QMOF reference
qmof-502b122,362.7,0.55,QMOF reference
qmof-44ccf24,331.3,0.76,QMOF reference
qmof-fbd27bc,183.4,0.74,QMOF reference
qmof-117807b,385.1,0.23,QMOF reference
qmof-67ca802,,FAILED,QMOF reference
qmof-e7ff28b,355.1,0.56,QMOF reference
qmof-b14702d,336.8,0.38,QMOF reference
qmof-1f68a31,242.0,0.54,QMOF reference
qmof-b273f3b,,FAILED,QMOF reference
qmof-930f873,,FAILED,QMOF reference
qmof-663ff1d,301.2,0.51,QMOF reference
qmof-b46941a,292.0,0.31,QMOF reference
qmof-48fb4e9,,FAILED,QMOF reference
qmof-b128f29,,FAILED,QMOF reference
qmof-098256e,314.0,0.48,QMOF reference
qmof-050f6a7,292.3,0.5,QMOF reference
qmof-2634ae7,292.5,0.48,QMOF reference
qmof-02cdf5a,298.0,0.77,QMOF reference
qmof-7c56a75,349.8,0.24,QMOF reference
qmof-46d3985,383.6,0.65,QMOF reference
qmof-a8e36ad,240.0,0.31,QMOF reference
qmof-60b56bd,375.9,0.8,QMOF reference
qmof-42bd54c,300.9,0.92,QMOF reference
qmof-8eff006,333.4,0.8,QMOF reference
qmof-c8f0292,354.7,0.82,QMOF reference
qmof-3eeea66,,FAILED,QMOF reference
qmof-c1c878e,304.6,0.63,QMOF reference
qmof-485ff50,362.5,0.59,QMOF reference
qmof-310a9ef,260.0,0.64,QMOF reference
qmof-b028f18,76.1,0.84,QMOF reference
qmof-0f540dd,325.4,0.15,QMOF reference
qmof-02c07e3,385.4,0.57,QMOF reference
qmof-b01516c,330.3,0.79,QMOF reference
qmof-d33c8e0,396.2,0.86,QMOF reference
qmof-2851cc5,290.4,0.67,QMOF reference
qmof-7a8c7c6,309.3,0.83,QMOF reference
qmof-62cd69a,289.7,0.64,QMOF reference
qmof-c85eddf,367.8,0.47,QMOF reference
qmof-cfe7d74,332.6,0.85,QMOF reference
qmof-5954ccc,419.4,0.28,QMOF reference
qmof-17a96f5,293.7,0.42,QMOF reference
qmof-7d579e0,,FAILED,QMOF reference
qmof-579b1ee,338.1,0.79,QMOF reference
qmof-cbea231,,FAILED,QMOF reference
qmof-2867c7b,362.3,0.16,QMOF reference
qmof-e6770f4,,FAILED,QMOF reference
qmof-51609ef,289.4,0.57,QMOF reference
qmof-56c6255,,FAILED,QMOF reference
qmof-41aaa63,,FAILED,QMOF reference
qmof-7d61873,376.5,0.5,QMOF reference
qmof-d76ea7b,441.3,0.05,QMOF reference
qmof-def4cfb,408.9,0.86,QMOF reference
qmof-6da99f5,360.9,0.88,QMOF reference
qmof-c36c401,405.7,0.76,QMOF reference
qmof-3e65e42,351.9,0.43,QMOF reference
qmof-aa18cd2,364.2,0.42,QMOF reference
qmof-cbe0ac3,246.4,0.23,QMOF reference
qmof-ee6ba02,406.6,0.38,QMOF reference
qmof-1d06df3,331.3,0.55,QMOF reference
qmof-9e620c1,417.7,0.34,QMOF reference
qmof-dc8ca0b,,FAILED,QMOF reference
qmof-49e1de6,349.2,0.94,QMOF reference
qmof-02e961c,214.6,0.98,QMOF reference
qmof-f848e64,302.3,0.32,QMOF reference
qmof-88d427b,296.9,0.84,QMOF reference
qmof-6b188f9,369.4,0.39,QMOF reference
qmof-aa314f7,274.5,0.29,QMOF reference
qmof-7d781a8,320.9,0.93,QMOF reference
qmof-6b43508,374.5,0.68,QMOF reference
qmof-9ac7652,,FAILED,QMOF reference
qmof-5765a43,324.7,0.4,QMOF reference
qmof-c945224,311.3,0.58,QMOF reference
qmof-1265040,389.3,0.93,QMOF reference
qmof-6d84bac,411.6,0.91,QMOF reference
qmof-cc1e71f,390.6,0.57,QMOF reference
qmof-58042a0,304.5,0.17,QMOF reference
qmof-841116e,289.4,0.86,QMOF reference
qmof-14f604b,425.5,0.37,QMOF reference
qmof-c860d38,327.1,0.51,QMOF reference
qmof-d192f59,351.6,0.9,QMOF reference
qmof-602b4a9,366.0,0.74,QMOF reference
qmof-d976696,,FAILED,QMOF reference
qmof-2d7ec53,308.7,0.49,QMOF reference
qmof-0e985bd,415.5,0.96,QMOF reference
qmof-4e3ddf4,465.5,0.87,QMOF reference
qmof-51b0afb,544.0,0.02,QMOF reference
qmof-9d133f2,,FAILED,QMOF reference
qmof-a7f6276,322.7,0.3,QMOF reference
qmof-4ba8a8c,395.9,0.65,QMOF reference
qmof-05602fe,149.3,0.47,QMOF reference
qmof-3e09887,273.9,0.26,QMOF reference
qmof-6a436c8,438.3,0.86,QMOF reference
qmof-e1e0bff,,FAILED,QMOF reference
qmof-2aef363,319.6,0.67,QMOF reference
qmof-f1acf8c,302.7,0.4,QMOF reference
qmof-ba63d77,334.9,0.83,QMOF reference
qmof-c124b27,,FAILED,QMOF reference
qmof-7188d32,,FAILED,QMOF reference
qmof-59aae71,,FAILED,QMOF reference
qmof-1e8099b,401.4,0.88,QMOF reference
qmof-abc5fbe,391.6,0.39,QMOF reference
qmof-6d017b3,,FAILED,QMOF reference
qmof-97ecc81,331.7,0.23,QMOF reference
qmof-c8a1e89,373.9,0.69,QMOF reference
qmof-c98b8f3,314.4,0.61,QMOF reference
qmof-50f5652,350.5,0.43,QMOF reference
qmof-e546ceb,330.9,0.84,QMOF reference
qmof-ab4d6f5,400.4,0.8,QMOF reference
qmof-3a3414f,406.2,0.07,QMOF reference
qmof-2ad5c25,400.8,0.86,QMOF reference
qmof-cc5aa5e,315.9,0.83,QMOF reference
qmof-67657bd,,FAILED,QMOF reference
qmof-05c5351,370.8,0.44,QMOF reference
qmof-1b500ca,277.7,0.31,QMOF reference
qmof-01be183,264.7,0.84,QMOF reference
qmof-2c3d85b,305.9,0.39,QMOF reference
qmof-1be410a,357.9,0.64,QMOF reference
qmof-4f92624,320.0,0.65,QMOF reference
qmof-6a60a04,291.9,0.15,QMOF reference
qmof-5c9a8d6,314.8,0.82,QMOF reference
qmof-e0f33e8,322.2,0.45,QMOF reference
qmof-6e1f8f0,288.0,0.88,QMOF reference
qmof-cc5bcaa,336.2,0.93,QMOF reference
qmof-14924f8,288.5,0.76,QMOF reference
qmof-57c1aa0,324.8,0.65,QMOF reference
qmof-5e54d65,367.5,0.6,QMOF reference
qmof-7152813,305.2,0.23,QMOF reference
qmof-556d7b3,262.2,0.61,QMOF reference
qmof-2d93e62,267.0,0.69,QMOF reference
qmof-5b6ca4d,324.7,0.92,QMOF reference
qmof-d46593c,385.4,0.83,QMOF reference
qmof-77a3a1c,489.0,0.82,QMOF reference
qmof-fb53c2e,,FAILED,QMOF reference
qmof-d58bd98,201.5,0.75,QMOF reference
qmof-8b33928,308.5,0.6,QMOF reference
qmof-f4bb6af,,FAILED,QMOF reference
qmof-a5b4034,245.0,0.96,QMOF reference
qmof-ac695f9,271.0,0.93,QMOF reference
qmof-6b4d8f7,413.4,0.81,QMOF reference
qmof-1ecf90e,290.8,0.92,QMOF reference
qmof-7cd9ebc,442.8,0.92,QMOF reference
qmof-726d8e4,298.3,0.21,QMOF reference
qmof-01fcf4b,250.3,0.81,QMOF reference
qmof-411f796,296.2,0.7,QMOF reference
qmof-e8a127b,339.5,0.77,QMOF reference
qmof-399b130,328.6,0.46,QMOF reference
qmof-b5e97c0,362.2,0.84,QMOF reference
qmof-421c2b7,333.0,0.91,QMOF reference
qmof-1a9a06d,302.8,0.1,QMOF reference
qmof-c7d5cdb,,FAILED,QMOF reference
qmof-bd3dde7,244.5,0.44,QMOF reference
qmof-0f263d7,327.3,0.47,QMOF reference
qmof-38e5535,334.9,0.89,QMOF reference
qmof-a3d03e6,286.8,0.75,QMOF reference
qmof-e5b19b5,388.0,0.62,QMOF reference
qmof-240cb3f,333.0,0.61,QMOF reference
qmof-b8d8d2d,324.9,0.65,QMOF reference
qmof-39e1d7d,313.1,0.3,QMOF reference
qmof-13dee69,279.1,0.1,QMOF reference
qmof-2cc02cf,465.5,0.04,QMOF reference
qmof-ef2bb11,347.4,0.76,QMOF reference
qmof-74a7ec8,357.7,0.51,QMOF reference
qmof-c5dc59c,306.4,0.13,QMOF reference
qmof-fec9df9,371.8,0.96,QMOF reference
qmof-2223d2b,322.0,0.64,QMOF reference
qmof-1eaffd2,334.2,0.51,QMOF reference
qmof-a49c0de,269.7,0.4,QMOF reference
qmof-b8ed633,,FAILED,QMOF reference
qmof-d3b7ad4,336.1,0.81,QMOF reference
qmof-7dcae20,,FAILED,QMOF reference
qmof-08ff76f,347.8,0.87,QMOF reference
qmof-de1f55e,361.1,0.87,QMOF reference
qmof-f815bf7,302.8,0.64,QMOF reference
qmof-a5380bd,,FAILED,QMOF reference
qmof-95e9665,386.2,0.66,QMOF reference
qmof-2320388,361.1,0.97,QMOF reference
qmof-826a51f,333.4,0.36,QMOF reference
qmof-cde22cb,293.9,0.95,QMOF reference
qmof-e8fa064,316.1,0.86,QMOF reference
qmof-7b05a3b,287.8,0.31,QMOF reference
qmof-bc4bc0b,319.2,0.24,QMOF reference
qmof-4d66a69,337.0,0.14,QMOF reference
qmof-4b7ec93,358.9,0.44,QMOF reference
qmof-0f74d4c,292.0,0.73,QMOF reference
qmof-8e16ab1,,FAILED,QMOF reference
qmof-3a3e821,264.1,0.19,QMOF reference
qmof-975986a,434.5,0.07,QMOF reference
qmof-dc9f9b0,339.8,0.37,QMOF reference
qmof-fa5b867,365.1,0.32,QMOF reference
qmof-652d6b7,303.5,0.94,QMOF reference
qmof-42d5f8c,278.7,0.89,QMOF reference
qmof-53f64f4,123.0,0.9,QMOF reference
qmof-2134db0,,FAILED,QMOF reference
qmof-c41b63a,457.6,0.69,QMOF reference
qmof-ce0c773,,FAILED,QMOF reference
qmof-5a531c0,,FAILED,QMOF reference
qmof-a24f2aa,311.4,0.47,QMOF reference
qmof-cc83b68,349.7,0.19,QMOF reference
qmof-a28fd01,270.0,0.87,QMOF reference
qmof-535c7b9,313.3,0.88,QMOF reference
qmof-1ed0a7d,303.7,0.82,QMOF reference
qmof-18f2276,303.1,0.82,QMOF reference
qmof-f8fe9ac,,FAILED,QMOF reference
qmof-06a973f,273.7,0.64,QMOF reference
qmof-27238d0,396.8,0.78,QMOF reference
qmof-05d6b33,320.2,0.38,QMOF reference
qmof-f098a67,275.2,0.87,QMOF reference
qmof-6d07ce1,364.9,0.76,QMOF reference
qmof-393c416,301.9,0.93,QMOF reference
qmof-c1bc002,356.0,0.61,QMOF reference
qmof-2c7baba,343.0,0.83,QMOF reference
qmof-cbdba45,,FAILED,QMOF reference
qmof-169186c,294.7,0.52,QMOF reference
qmof-47d81d6,,FAILED,QMOF reference
qmof-9845d29,252.5,0.88,QMOF reference
qmof-b9077a0,397.4,0.58,QMOF reference
qmof-a6e18ae,,FAILED,QMOF reference
qmof-c0357c4,335.1,0.42,QMOF reference
qmof-292b063,239.7,0.95,QMOF reference
qmof-9f30221,350.8,0.95,QMOF reference
qmof-7092fa9,250.2,0.64,QMOF reference
qmof-99a13dc,321.2,0.68,QMOF reference
qmof-82f46f8,292.4,0.86,QMOF reference
qmof-1fbdf30,381.7,0.26,QMOF reference
qmof-7cec3d5,229.3,0.07,QMOF reference
qmof-0a8fd51,254.9,0.92,QMOF reference
qmof-d520a51,293.2,0.23,QMOF reference
qmof-cdc5769,320.9,0.2,QMOF reference
qmof-3b788a6,314.3,0.23,QMOF reference
qmof-92dca89,345.4,0.57,QMOF reference
qmof-993d367,299.2,0.85,QMOF reference
qmof-310622b,327.0,0.47,QMOF reference
qmof-c7fdbb6,286.1,0.42,QMOF reference
qmof-9444e9b,344.2,0.4,QMOF reference
qmof-ff432b6,372.6,0.47,QMOF reference
qmof-3362f4b,387.7,0.85,QMOF reference
qmof-7e90e52,278.4,0.4,QMOF reference
qmof-a2222b6,238.0,0.71,QMOF reference
qmof-f7478bc,289.9,0.91,QMOF reference
qmof-37fb37e,267.6,0.57,QMOF reference
qmof-295bf42,,FAILED,QMOF reference
qmof-b91338b,362.5,0.38,QMOF reference
qmof-b069377,324.9,0.92,QMOF reference
qmof-17877f3,377.3,0.65,QMOF reference
qmof-8ebe03b,385.7,0.82,QMOF reference
qmof-01abf66,251.9,0.95,QMOF reference
qmof-ed1424d,405.2,0.5,QMOF reference
qmof-d33c7fe,389.5,0.55,QMOF reference
qmof-d7b2cff,386.5,0.67,QMOF reference
qmof-0aa938c,328.6,0.94,QMOF reference
qmof-fa4200e,390.4,0.63,QMOF reference
qmof-e225745,312.7,0.92,QMOF reference
qmof-de11207,,FAILED,QMOF reference
qmof-b765610,279.3,0.71,QMOF reference
qmof-a4420e2,248.6,0.24,QMOF reference
qmof-747ed4e,379.6,0.9,QMOF reference
qmof-c59df0d,313.2,0.89,QMOF reference
qmof-5c9f89c,387.6,0.91,QMOF reference
qmof-7fae0e3,403.7,0.33,QMOF reference
qmof-322e926,324.6,0.57,QMOF reference
qmof-6a1585c,319.0,0.85,QMOF reference
qmof-77cfb89,303.5,0.57,QMOF reference
qmof-8c0809c,297.0,0.89,QMOF reference
qmof-8a2fa8a,320.5,0.95,QMOF reference
qmof-314b14f,291.0,0.85,QMOF reference
qmof-e7c11cf,279.4,0.74,QMOF reference
qmof-402926d,338.7,0.47,QMOF reference
qmof-79a6265,310.6,0.63,QMOF reference
qmof-70fb7d0,305.3,0.75,QMOF reference
qmof-2604e2e,301.6,0.71,QMOF reference
qmof-26b69bc,,FAILED,QMOF reference
qmof-d0264ec,264.2,0.92,QMOF reference
qmof-46f2ccb,300.8,0.89,QMOF reference
qmof-12ba7bc,318.9,0.84,QMOF reference
qmof-d5697d2,290.0,0.58,QMOF reference
qmof-b88d90e,323.1,0.27,QMOF reference
qmof-32c07bc,305.7,0.8,QMOF reference
qmof-e961d42,305.6,0.54,QMOF reference
qmof-1a42fad,305.4,0.8,QMOF reference
qmof-594d3a0,263.5,0.27,QMOF reference
qmof-a314f18,376.0,0.37,QMOF reference
qmof-e9f07f1,329.2,0.94,QMOF reference
qmof-c4b25d6,397.3,0.52,QMOF reference
qmof-295b93d,351.9,0.77,QMOF reference
qmof-b5710da,306.1,0.93,QMOF reference
qmof-b5a7a2e,386.3,0.25,QMOF reference
qmof-b7415d0,410.3,0.8,QMOF reference
qmof-09277d3,453.0,0.12,QMOF reference
qmof-17962ea,346.4,0.85,QMOF reference
qmof-8ce7f1c,312.8,0.45,QMOF reference
qmof-e70664c,297.1,0.57,QMOF reference
qmof-fe7dfda,,FAILED,QMOF reference
qmof-14c1a1c,340.3,0.73,QMOF reference
qmof-6d7fa4e,399.4,0.77,QMOF reference
qmof-9f28361,388.3,0.93,QMOF reference
qmof-000dce3,351.3,0.46,QMOF reference
qmof-90dc7f1,309.0,0.33,QMOF reference
qmof-5bea56f,271.6,0.94,QMOF reference
qmof-22450b3,,FAILED,QMOF reference
qmof-f6e88bc,,FAILED,QMOF reference
qmof-04cc501,340.0,0.97,QMOF reference
qmof-26534ff,,FAILED,QMOF reference
qmof-33c75d7,145.8,0.89,QMOF reference
qmof-f94a1c4,307.6,0.61,QMOF reference
qmof-1dc08c3,346.3,0.7,QMOF reference
qmof-4d0c1e9,326.8,0.83,QMOF reference
qmof-56e9544,,FAILED,QMOF reference
qmof-413a937,292.0,0.37,QMOF reference
qmof-f210856,277.4,0.87,QMOF reference
qmof-1bdd4c5,326.5,0.69,QMOF reference
qmof-802c05e,459.7,0.15,QMOF reference
qmof-9545f03,400.7,0.88,QMOF reference
qmof-2febd6c,,FAILED,QMOF reference
qmof-7cb5013,,FAILED,QMOF reference
qmof-238a7a1,360.3,0.97,QMOF reference
qmof-de034a9,336.8,0.35,QMOF reference
qmof-ee705c4,,FAILED,QMOF reference
qmof-163a5ea,345.2,0.74,QMOF reference
qmof-89eb540,345.1,0.94,QMOF reference
qmof-ed839c9,490.7,0.27,QMOF reference
qmof-77cf3ff,394.7,0.5,QMOF reference
qmof-2da423f,,FAILED,QMOF reference
qmof-9d2f08c,292.3,0.93,QMOF reference
qmof-3b028dc,233.4,0.86,QMOF reference
qmof-15e0df7,297.1,0.37,QMOF reference
qmof-70ee8af,334.9,0.85,QMOF reference
qmof-9cf785b,347.1,0.67,QMOF reference
qmof-0ad7d63,388.1,0.37,QMOF reference
qmof-01f57a2,277.7,0.45,QMOF reference
qmof-a1e22bf,315.3,0.63,QMOF reference
qmof-81909ba,354.9,0.85,QMOF reference
qmof-f632c64,374.8,0.87,QMOF reference
qmof-25f371a,219.8,0.77,QMOF reference
qmof-6645061,260.8,0.51,QMOF reference
qmof-677efcf,332.2,0.91,QMOF reference
qmof-41c9dd8,,FAILED,QMOF reference
qmof-17d4703,389.6,0.78,QMOF reference
qmof-f81a30b,323.0,0.18,QMOF reference
qmof-ca123bd,,FAILED,QMOF reference
qmof-facfaac,347.1,0.61,QMOF reference
qmof-112d725,327.9,0.59,QMOF reference
qmof-8c3a7df,367.6,0.8,QMOF reference
qmof-548fc17,400.0,0.81,QMOF reference
qmof-0ad522b,305.6,0.4,QMOF reference
qmof-fc59056,305.6,0.87,QMOF reference
qmof-dbdcf23,253.9,0.9,QMOF reference
qmof-d8e2563,323.8,0.21,QMOF reference
qmof-ee8d842,345.6,0.74,QMOF reference
qmof-d3ed532,333.4,0.8,QMOF reference
qmof-9b4b8a0,339.5,0.92,QMOF reference
qmof-f91c3ab,397.5,0.88,QMOF reference
qmof-b42feba,343.5,0.75,QMOF reference
qmof-01c6cc9,502.0,0.79,QMOF reference
qmof-ba8d316,292.3,0.5,QMOF reference
qmof-684e6eb,353.9,0.91,QMOF reference
qmof-f1a089b,,FAILED,QMOF reference
qmof-8db7ba0,319.9,0.11,QMOF reference
qmof-6f7fc4a,,FAILED,QMOF reference
qmof-eb5a6a0,290.1,0.89,QMOF reference
qmof-4f44989,,FAILED,QMOF reference
qmof-6544ffe,259.3,0.82,QMOF reference
qmof-173ac53,339.4,0.9,QMOF reference
qmof-92d0491,303.9,0.92,QMOF reference
qmof-b32c7d2,335.6,0.7,QMOF reference
qmof-38e57cf,372.0,0.44,QMOF reference
qmof-fdfbcb2,311.2,0.23,QMOF reference
qmof-36e178b,349.8,0.67,QMOF reference
qmof-d68a206,,FAILED,QMOF reference
qmof-5d04aea,412.5,0.91,QMOF reference
qmof-a67842f,393.5,0.17,QMOF reference
qmof-3767e26,,FAILED,QMOF reference
qmof-468de1c,,FAILED,QMOF reference
qmof-4187032,307.8,0.88,QMOF reference
qmof-9651473,308.1,0.67,QMOF reference
qmof-4d684e3,285.4,0.43,QMOF reference
qmof-b3dd2cb,302.4,0.72,QMOF reference
qmof-511ea8e,272.2,0.59,QMOF reference
qmof-749fa2f,459.4,0.89,QMOF reference
qmof-0bac948,278.3,0.74,QMOF reference
qmof-cc71e5d,343.3,0.62,QMOF reference
qmof-eb78da4,286.0,0.41,QMOF reference
qmof-450ce99,363.2,0.95,QMOF reference
qmof-43f87f1,247.3,0.8,QMOF reference
qmof-e6895cb,371.3,0.4,QMOF reference
qmof-ed94e56,366.3,0.92,QMOF reference
qmof-2aaaa2a,437.4,0.78,QMOF reference
qmof-f473138,352.4,0.62,QMOF reference
qmof-e17e37b,205.6,0.21,QMOF reference
qmof-2e4202b,301.2,0.54,QMOF reference
qmof-2aa8eb1,256.6,0.41,QMOF reference
qmof-5d009d5,290.6,0.67,QMOF reference
qmof-11a9ce1,387.6,0.5,QMOF reference
qmof-405a87b,,FAILED,QMOF reference
qmof-82d9500,331.1,0.22,QMOF reference
qmof-897e923,333.0,0.38,QMOF reference
qmof-2d72808,283.9,0.14,QMOF reference
qmof-f9b12ee,333.0,0.46,QMOF reference
qmof-db77bc4,282.1,0.7,QMOF reference
qmof-15d5ccb,280.1,0.75,QMOF reference
qmof-be872f0,254.0,0.35,QMOF reference
qmof-799305a,222.3,0.1,QMOF reference
qmof-546dd2b,,FAILED,QMOF reference
qmof-04e9906,266.1,0.63,QMOF reference
qmof-40dfb58,206.3,0.46,QMOF reference
qmof-d238a9a,,FAILED,QMOF reference
qmof-56d35fa,251.0,0.12,QMOF reference
qmof-421195c,509.3,0.91,QMOF reference
qmof-aa59780,389.0,0.16,QMOF reference
qmof-c09da8c,312.0,0.74,QMOF reference
qmof-12e958e,321.7,0.62,QMOF reference
qmof-e2baa0d,340.7,0.85,QMOF reference
qmof-d8fda74,402.8,0.77,QMOF reference
qmof-75cdf73,487.4,0.64,QMOF reference
qmof-41dd424,188.6,0.33,QMOF reference
qmof-591956d,181.8,0.25,QMOF reference
qmof-74178b4,379.2,0.86,QMOF reference
qmof-efea375,,FAILED,QMOF reference
qmof-49dc93d,334.6,0.37,QMOF reference
qmof-86bac97,400.4,0.9,QMOF reference
qmof-e226b30,,FAILED,QMOF reference
qmof-2c17849,337.9,0.06,QMOF reference
qmof-12612e8,331.9,0.21,QMOF reference
qmof-22d1c6f,377.4,0.57,QMOF reference
qmof-b7c8ebb,390.7,0.77,QMOF reference
qmof-c5af396,390.5,0.96,QMOF reference
qmof-bc46dbc,241.4,0.16,QMOF reference
qmof-1033c27,364.2,0.37,QMOF reference
qmof-9ed183c,276.7,0.15,QMOF reference
qmof-71464d9,387.1,0.67,QMOF reference
qmof-a075109,347.7,0.32,QMOF reference
qmof-d73c071,307.6,0.68,QMOF reference
qmof-1dd0c97,346.6,0.77,QMOF reference
qmof-00e335d,270.8,0.84,QMOF reference
qmof-8d475eb,291.3,0.4,QMOF reference
qmof-ad4da6e,329.4,0.69,QMOF reference
qmof-bb912e7,217.3,0.31,QMOF reference
qmof-ecddce9,337.1,0.18,QMOF reference
qmof-fb68eb8,392.0,0.76,QMOF reference
qmof-5718ab1,,FAILED,QMOF reference
qmof-a383305,,FAILED,QMOF reference
qmof-9a00804,353.5,0.84,QMOF reference
qmof-1bdd9b2,394.1,0.94,QMOF reference
qmof-1bf4f41,362.9,0.49,QMOF reference
qmof-42cd6b1,305.6,0.51,QMOF reference
qmof-6070de9,427.9,0.93,QMOF reference
qmof-aec3728,362.2,0.78,QMOF reference
qmof-11cf4b9,,FAILED,QMOF reference
qmof-c21278c,271.1,0.94,QMOF reference
qmof-8c47fe1,318.9,0.8,QMOF reference
qmof-dee7542,,FAILED,QMOF reference
qmof-7dda0f8,332.7,0.94,QMOF reference
qmof-42408b9,276.2,0.29,QMOF reference
qmof-175007a,,FAILED,QMOF reference
qmof-21e64da,,FAILED,QMOF reference
qmof-3df48c9,337.3,0.87,QMOF reference
qmof-3ab81f0,405.3,0.55,QMOF reference
qmof-df61002,291.0,0.85,QMOF reference
qmof-b0969e6,323.3,0.78,QMOF reference
qmof-ed57492,292.0,0.53,QMOF reference
qmof-a2ee661,339.4,0.69,QMOF reference
qmof-899ea4d,,FAILED,QMOF reference
qmof-5223b33,295.4,0.9,QMOF reference
qmof-8604ab6,439.1,0.93,QMOF reference
qmof-eac83e1,432.6,0.84,QMOF reference
qmof-6880c1e,248.5,0.06,QMOF reference
qmof-33ca745,345.1,0.8,QMOF reference
qmof-4a920a2,238.0,0.07,QMOF reference
qmof-9fd5c7a,345.7,0.57,QMOF reference
qmof-2ae3ea9,334.1,0.68,QMOF reference
qmof-a91889c,369.0,0.59,QMOF reference
qmof-b7f954d,295.9,0.21,QMOF reference
qmof-02e17f1,378.8,0.66,QMOF reference
qmof-e6f618b,328.7,0.88,QMOF reference
qmof-49c5509,292.4,0.34,QMOF reference
qmof-66d9aa7,352.2,0.72,QMOF reference
qmof-ff5eefd,351.9,0.4,QMOF reference
qmof-0bc3d4b,,FAILED,QMOF reference
qmof-3be1907,294.7,0.9,QMOF reference
qmof-ce9e814,321.8,0.9,QMOF reference
qmof-09dc27f,,FAILED,QMOF reference
qmof-11b275c,,FAILED,QMOF reference
qmof-f70be8e,321.1,0.82,QMOF reference
qmof-06ab3b1,319.3,0.83,QMOF reference
qmof-1cf2337,376.4,0.92,QMOF reference
qmof-14c2b89,298.2,0.4,QMOF reference
qmof-9135e11,281.5,0.68,QMOF reference
qmof-e91307b,309.9,0.6,QMOF reference
qmof-5a4677e,317.2,0.61,QMOF reference
qmof-121fe67,429.5,0.82,QMOF reference
qmof-8d604e0,311.3,0.85,QMOF reference
qmof-1d2e262,295.4,0.39,QMOF reference
qmof-7794521,273.6,0.89,QMOF reference
qmof-84593b2,377.8,0.6,QMOF reference
qmof-14b1175,328.9,0.8,QMOF reference
qmof-23cd4d0,342.4,0.87,QMOF reference
qmof-4a650ba,220.3,0.93,QMOF reference
qmof-da90427,310.0,0.46,QMOF reference
qmof-26e476a,272.3,0.33,QMOF reference
qmof-9af4bae,307.7,0.49,QMOF reference
qmof-bbb156a,,FAILED,QMOF reference
qmof-3396210,453.5,0.93,QMOF reference
qmof-f125ded,315.5,0.58,QMOF reference
qmof-a1630ed,338.4,0.77,QMOF reference
qmof-29c6781,259.0,0.82,QMOF reference
qmof-56f3712,291.9,0.72,QMOF reference
qmof-c8a0720,290.7,0.38,QMOF reference
qmof-86d10b6,390.2,0.77,QMOF reference
qmof-76946f9,,FAILED,QMOF reference
qmof-cd8a9f2,359.6,0.47,QMOF reference
qmof-a74dde5,306.5,0.11,QMOF reference
qmof-6247dea,264.8,0.54,QMOF reference
qmof-c897ec7,324.3,0.73,QMOF reference
qmof-d2f5497,249.5,0.7,QMOF reference
qmof-a42d702,305.9,0.91,QMOF reference
qmof-abf9b57,244.5,0.74,QMOF reference
qmof-dbf7620,297.8,0.77,QMOF reference
qmof-0c56ddf,,FAILED,QMOF reference
qmof-3b45248,431.1,0.75,QMOF reference
qmof-6492d35,354.5,0.86,QMOF reference
qmof-baebcf8,471.1,0.88,QMOF reference
qmof-befef5a,378.4,0.78,QMOF reference
qmof-dda1f10,322.0,0.77,QMOF reference
qmof-92f3405,349.1,0.58,QMOF reference
qmof-959ceef,392.4,0.65,QMOF reference
qmof-45eff1d,253.5,0.16,QMOF reference
qmof-21f1e4e,349.5,0.33,QMOF reference
qmof-0a1bc7e,263.1,0.91,QMOF reference
qmof-82e3584,286.0,0.11,QMOF reference
qmof-096b649,287.1,0.86,QMOF reference
qmof-bed05b6,357.3,0.13,QMOF reference
qmof-47c58b4,336.1,0.94,QMOF reference
qmof-d7b34d4,388.0,0.37,QMOF reference
qmof-fbdf599,238.0,0.16,QMOF reference
qmof-ef0f23e,272.3,0.27,QMOF reference
qmof-e5eed6a,327.5,0.92,QMOF reference
qmof-430b4c6,273.2,0.39,QMOF reference
qmof-a820aa0,317.3,0.25,QMOF reference
qmof-93f225f,368.7,0.73,QMOF reference
qmof-0944bb7,482.7,0.62,QMOF reference
qmof-184721f,480.9,0.93,QMOF reference
qmof-120743e,244.3,0.2,QMOF reference
qmof-6e2ee3e,444.5,0.65,QMOF reference
qmof-4219154,,FAILED,QMOF reference
qmof-4ce077a,231.4,0.83,QMOF reference
qmof-0221d3d,464.4,0.93,QMOF reference
qmof-8cdd2eb,360.5,0.3,QMOF reference
qmof-572876c,373.9,0.92,QMOF reference
qmof-3eba276,294.8,0.63,QMOF reference
qmof-b91d8d5,355.9,0.41,QMOF reference
qmof-e4535b8,335.3,0.5,QMOF reference
qmof-2c36a33,,FAILED,QMOF reference
qmof-058b1bf,358.0,0.31,QMOF reference
qmof-ae4bb38,257.9,0.9,QMOF reference
qmof-ce872a2,302.6,0.82,QMOF reference
qmof-cbb0d2f,347.0,0.46,QMOF reference
qmof-cc4a249,265.7,0.69,QMOF reference
qmof-2740f8b,275.7,0.66,QMOF reference
qmof-5414b76,322.2,0.29,QMOF reference
qmof-f2e16cf,398.1,0.87,QMOF reference
qmof-297ee2d,289.1,0.87,QMOF reference
qmof-48d2956,244.5,0.83,QMOF reference
qmof-ca683eb,,FAILED,QMOF reference
qmof-5d93570,343.7,0.9,QMOF reference
qmof-35dcdc8,306.0,0.78,QMOF reference
qmof-e11d9cb,299.4,0.61,QMOF reference
qmof-a4fe582,340.9,0.31,QMOF reference
qmof-3f29ec2,401.4,0.17,QMOF reference
qmof-c064653,235.2,0.59,QMOF reference
qmof-274118b,267.7,0.81,QMOF reference
qmof-cef46c3,355.8,0.44,QMOF reference
qmof-be2d371,,FAILED,QMOF reference
qmof-f171323,268.3,0.08,QMOF reference
qmof-68f559f,381.7,0.83,QMOF reference
qmof-f3f140d,331.5,0.9,QMOF reference
qmof-5dc5445,,FAILED,QMOF reference
qmof-6077eac,272.4,0.88,QMOF reference
qmof-5c6eaa8,399.2,0.73,QMOF reference
qmof-93da51e,299.6,0.63,QMOF reference
qmof-ba47039,279.1,0.33,QMOF reference
qmof-6759cff,343.2,0.86,QMOF reference
qmof-657a971,,FAILED,QMOF reference
qmof-cb9c91d,337.7,0.58,QMOF reference
qmof-5400c4d,345.5,0.88,QMOF reference
qmof-70824c7,348.6,0.2,QMOF reference
qmof-46b122f,292.4,0.34,QMOF reference
qmof-96bf208,349.9,0.35,QMOF reference
qmof-6ac85da,,FAILED,QMOF reference
qmof-a297351,,FAILED,QMOF reference
qmof-a708f30,,FAILED,QMOF reference
qmof-52dc25d,,FAILED,QMOF reference
qmof-0b8f2da,344.7,0.81,QMOF reference
qmof-ff04ba3,294.2,0.48,QMOF reference
qmof-3026c2e,382.3,0.66,QMOF reference
qmof-b70be0f,343.5,0.12,QMOF reference
qmof-bf6a861,368.1,0.9,QMOF reference
qmof-c6ed6e6,303.0,0.94,QMOF reference
qmof-fdbfd5c,305.0,0.2,QMOF reference
qmof-9d8bf1c,330.2,0.42,QMOF reference
qmof-0aa539c,267.8,0.17,QMOF reference
qmof-cbce3c5,391.3,0.42,QMOF reference
qmof-867e31b,303.7,0.71,QMOF reference
qmof-7076722,,FAILED,QMOF reference
qmof-248bc84,330.3,0.89,QMOF reference
qmof-37cc5d7,360.2,0.68,QMOF reference
qmof-ce84df4,,FAILED,QMOF reference
qmof-cc7c086,303.6,0.49,QMOF reference
qmof-a440f07,322.6,0.42,QMOF reference
qmof-2cdf06a,340.1,0.34,QMOF reference
qmof-6092a23,292.2,0.56,QMOF reference
qmof-9349e59,388.4,0.76,QMOF reference
qmof-58b9289,284.8,0.39,QMOF reference
qmof-7dde32f,304.4,0.55,QMOF reference
qmof-863f3a9,341.6,0.94,QMOF reference
qmof-9dc3e5a,330.6,0.55,QMOF reference
qmof-98ad58c,,FAILED,QMOF reference
qmof-3fa90d2,343.1,0.96,QMOF reference
qmof-a46669a,330.8,0.61,QMOF reference
qmof-ea963b6,,FAILED,QMOF reference
qmof-e0d2b23,336.1,0.24,QMOF reference
qmof-87530df,240.0,0.76,QMOF reference
qmof-9d06776,287.8,0.94,QMOF reference
qmof-6bf5e49,349.0,0.16,QMOF reference
qmof-0bbf75f,383.8,0.67,QMOF reference
qmof-4e1a726,308.2,0.71,QMOF reference
qmof-430eb04,377.3,0.7,QMOF reference
qmof-2adfedd,313.7,0.35,QMOF reference
qmof-738e108,,FAILED,QMOF reference
qmof-082b821,390.5,0.09,QMOF reference
qmof-94148b4,297.2,0.95,QMOF reference
qmof-0e31ab4,290.5,0.72,QMOF reference
qmof-f20fb04,374.2,0.77,QMOF reference
qmof-8a48168,313.7,0.61,QMOF reference
qmof-24fe973,,FAILED,QMOF reference
qmof-9e675fa,382.2,0.76,QMOF reference
qmof-d615ab3,298.8,0.82,QMOF reference
qmof-90cd512,275.3,0.95,QMOF reference
qmof-55d8a8c,352.5,0.94,QMOF reference
qmof-ca093d6,327.3,0.95,QMOF reference
qmof-418ac25,331.1,0.68,QMOF reference
qmof-275ec22,379.8,0.49,QMOF reference
qmof-c40a6a3,342.7,0.85,QMOF reference
qmof-be3ffea,378.1,0.32,QMOF reference
qmof-e53ae74,362.2,0.07,QMOF reference
qmof-0f69a48,274.7,0.64,QMOF reference
qmof-92ce4a1,296.5,0.94,QMOF reference
qmof-ba7d63d,317.2,0.71,QMOF reference
qmof-e94ef3c,265.6,0.29,QMOF reference
qmof-8c0a960,356.2,0.33,QMOF reference
qmof-0a53ef7,,FAILED,QMOF reference
qmof-4fc4a40,307.2,0.91,QMOF reference
qmof-3630fc5,353.9,0.95,QMOF reference
qmof-b60a8d6,262.1,0.54,QMOF reference
qmof-7239acd,267.9,0.41,QMOF reference
qmof-cc6b2f2,322.8,0.82,QMOF reference
qmof-a6675c1,340.1,0.85,QMOF reference
qmof-bb13a23,328.7,0.78,QMOF reference
qmof-16367a4,410.2,0.36,QMOF reference
qmof-270723c,370.4,0.6,QMOF reference
qmof-02fae60,351.7,0.77,QMOF reference
qmof-82f6d0d,,FAILED,QMOF reference
qmof-3db5bfd,232.9,0.17,QMOF reference
qmof-9433b10,241.0,0.81,QMOF reference
qmof-0669f40,,FAILED,QMOF reference
qmof-15c6dbd,,FAILED,QMOF reference
qmof-800addb,,FAILED,QMOF reference
qmof-01816cf,452.5,0.92,QMOF reference
qmof-cacd1c8,373.8,0.76,QMOF reference
qmof-c2bf5bb,290.1,0.35,QMOF reference
qmof-8c7d840,323.3,0.48,QMOF reference
qmof-64f190e,257.0,0.62,QMOF reference
qmof-e61fb66,323.9,0.26,QMOF reference
qmof-d7660a3,328.6,0.32,QMOF reference
qmof-7425c11,306.2,0.94,QMOF reference
qmof-c0bb078,281.4,0.75,QMOF reference
qmof-2f4925f,,FAILED,QMOF reference
qmof-23c88cb,339.7,0.7,QMOF reference
qmof-eb94d2d,450.1,0.13,QMOF reference
qmof-2d27f5a,,FAILED,QMOF reference
qmof-0497f28,302.2,0.5,QMOF reference
qmof-a1bc243,265.5,0.17,QMOF reference
qmof-f52bc6e,,FAILED,QMOF reference
qmof-16937aa,329.0,0.76,QMOF reference
qmof-5083a07,,FAILED,QMOF reference
qmof-b4566a8,299.3,0.6,QMOF reference
qmof-e35f0f3,359.0,0.7,QMOF reference
qmof-837b3f1,286.9,0.33,QMOF reference
qmof-bdefc5b,,FAILED,QMOF reference
qmof-5911e15,488.8,0.02,QMOF reference
qmof-84c5c07,455.9,0.94,QMOF reference
qmof-a32a160,266.9,0.64,QMOF reference
qmof-083e336,286.6,0.66,QMOF reference
qmof-9ff25a6,358.1,0.92,QMOF reference
qmof-5d33570,,FAILED,QMOF reference
qmof-1959299,281.4,0.77,QMOF reference
qmof-46868df,335.2,0.65,QMOF reference
qmof-9453071,337.5,0.39,QMOF reference
qmof-66acad7,351.1,0.09,QMOF reference
qmof-6ba3702,370.1,0.92,QMOF reference
qmof-80dcc70,361.4,0.55,QMOF reference
qmof-cc10ecd,404.4,0.79,QMOF reference
qmof-bc5420d,391.8,0.17,QMOF reference
qmof-fb9251e,315.8,0.86,QMOF reference
qmof-509fb3e,404.1,0.8,QMOF reference
qmof-71a0ea3,422.0,0.45,QMOF reference
qmof-ee6806c,,FAILED,QMOF reference
qmof-c9fe829,,FAILED,QMOF reference
qmof-da76944,323.9,0.76,QMOF reference
qmof-e7e8cdd,275.6,0.75,QMOF reference
qmof-66696cd,386.1,0.71,QMOF reference
qmof-b939bce,,FAILED,QMOF reference
qmof-4269a79,,FAILED,QMOF reference
qmof-1ec4804,,FAILED,QMOF reference
qmof-5974966,200.1,0.83,QMOF reference
qmof-912bab6,370.2,0.33,QMOF reference
qmof-70a0b2b,,FAILED,QMOF reference
qmof-27768ab,307.7,0.2,QMOF reference
qmof-a9a00b7,260.4,0.6,QMOF reference
qmof-e5ef965,272.8,0.97,QMOF reference
qmof-24b5b8f,,FAILED,QMOF reference
qmof-0606ede,368.8,0.88,QMOF reference
qmof-8333737,356.1,0.35,QMOF reference
qmof-0f95d50,324.6,0.55,QMOF reference
qmof-a1ac8b7,358.5,0.34,QMOF reference
qmof-193431e,365.0,0.89,QMOF reference
qmof-fc36310,323.4,0.58,QMOF reference
qmof-faa6257,364.2,0.91,QMOF reference
qmof-74f2403,317.8,0.44,QMOF reference
qmof-fc3bd04,371.5,0.59,QMOF reference
qmof-6fa8209,364.1,0.17,QMOF reference
qmof-0a7a2fd,418.8,0.4,QMOF reference
qmof-f9248bc,193.3,0.88,QMOF reference
qmof-5d221f2,331.8,0.26,QMOF reference
qmof-ccbc5fe,339.3,0.77,QMOF reference
qmof-24d1d89,308.6,0.95,QMOF reference
qmof-5c3c38b,306.6,0.88,QMOF reference
qmof-1510f27,291.9,0.89,QMOF reference
qmof-5e4e81a,298.6,0.31,QMOF reference
qmof-c68e18d,373.8,0.45,QMOF reference
qmof-b147cb9,259.6,0.11,QMOF reference
qmof-4d8cdcd,,FAILED,QMOF reference
qmof-cf1e4d0,223.3,0.88,QMOF reference
qmof-9544bd5,323.4,0.51,QMOF reference
qmof-9a836f6,,FAILED,QMOF reference
qmof-dd310f8,394.8,0.46,QMOF reference
qmof-0db285c,435.9,0.89,QMOF reference
qmof-39f4852,,FAILED,QMOF reference
qmof-96b3e9d,333.1,0.91,QMOF reference
qmof-3f16763,303.7,0.17,QMOF reference
qmof-54b048b,336.5,0.34,QMOF reference
qmof-1182ebe,317.5,0.75,QMOF reference
qmof-f5b7d36,376.8,0.23,QMOF reference
qmof-a7e7244,348.8,0.75,QMOF reference
qmof-9883029,298.8,0.88,QMOF reference
qmof-8293079,290.3,0.74,QMOF reference
qmof-d4d3c5f,339.5,0.9,QMOF reference
qmof-ee435a5,369.9,0.89,QMOF reference
qmof-8b60a75,,FAILED,QMOF reference
qmof-2ad2677,494.6,0.82,QMOF reference
qmof-f46f06e,421.1,0.87,QMOF reference
qmof-3e96a80,326.4,0.77,QMOF reference
qmof-a96ee8e,327.3,0.88,QMOF reference
qmof-c81c070,347.4,0.3,QMOF reference
qmof-569458e,330.7,0.85,QMOF reference
qmof-9cf98a2,333.9,0.49,QMOF reference
qmof-35a1fbe,398.8,0.67,QMOF reference
qmof-df493b0,282.3,0.08,QMOF reference
qmof-57d4204,,FAILED,QMOF reference
qmof-7abf8f7,351.4,0.19,QMOF reference
qmof-c67339d,377.9,0.79,QMOF reference
qmof-797a5a3,361.3,0.37,QMOF reference
qmof-4192319,282.1,0.89,QMOF reference
qmof-2273e9b,322.2,0.6,QMOF reference
qmof-de9d67c,324.7,0.69,QMOF reference
qmof-d5accd9,438.7,0.6,QMOF reference
qmof-a03e4a5,365.5,0.43,QMOF reference
qmof-7ae7339,406.4,0.78,QMOF reference
qmof-33426df,287.4,0.43,QMOF reference
qmof-ea8d537,349.9,0.43,QMOF reference
qmof-2522081,434.6,0.62,QMOF reference
qmof-41b92d0,421.8,0.52,QMOF reference
qmof-7947dc7,307.7,0.72,QMOF reference
qmof-faced1a,,FAILED,QMOF reference
qmof-2bf6c21,362.7,0.66,QMOF reference
qmof-c0e5f08,397.7,0.37,QMOF reference
qmof-4cf7214,344.8,0.36,QMOF reference
qmof-19a5867,404.4,0.33,QMOF reference
qmof-4cd3c5d,326.6,0.5,QMOF reference
qmof-dc63b8f,331.6,0.7,QMOF reference
qmof-53dfad5,413.9,0.76,QMOF reference
qmof-8625e5f,410.6,0.89,QMOF reference
qmof-6dd6876,376.3,0.46,QMOF reference
qmof-2cf5504,287.6,0.9,QMOF reference
qmof-a92c7de,349.2,0.57,QMOF reference
qmof-bdb3b9f,420.6,0.2,QMOF reference
qmof-a46e53c,339.5,0.87,QMOF reference
qmof-8b907a1,309.1,0.86,QMOF reference
qmof-a299c07,314.9,0.92,QMOF reference
qmof-ca06a00,504.4,0.71,QMOF reference
qmof-45689c4,332.3,0.64,QMOF reference
qmof-56deb62,374.8,0.33,QMOF reference
qmof-8c8b556,301.5,0.92,QMOF reference
qmof-9722aa8,401.6,0.71,QMOF reference
qmof-83d701d,306.3,0.61,QMOF reference
qmof-f5f81ef,305.4,0.25,QMOF reference
qmof-7ee523e,286.4,0.8,QMOF reference
qmof-bd852be,279.6,0.57,QMOF reference
qmof-120180d,327.9,0.88,QMOF reference
qmof-4fdf906,352.0,0.53,QMOF reference
qmof-1abb5dc,280.5,0.16,QMOF reference
qmof-fb95d60,249.5,0.89,QMOF reference
qmof-111ce53,212.9,0.82,QMOF reference
qmof-a66ef72,366.9,0.81,QMOF reference
qmof-f4cb7a6,327.4,0.44,QMOF reference
qmof-019b84f,424.6,0.7,QMOF reference
qmof-7fb5692,316.9,0.61,QMOF reference
qmof-32d0b5f,344.8,0.87,QMOF reference
qmof-961be1d,449.2,0.91,QMOF reference
qmof-b0186a3,356.9,0.89,QMOF reference
qmof-2c2db7d,298.7,0.5,QMOF reference
qmof-36b3041,,FAILED,QMOF reference
qmof-47cbbc2,236.1,0.46,QMOF reference
qmof-2630bb5,333.7,0.62,QMOF reference
qmof-7ec2a15,,FAILED,QMOF reference
qmof-7eaea73,366.4,0.96,QMOF reference
qmof-8cfe4a4,290.6,0.24,QMOF reference
qmof-cb3e9e8,281.2,0.49,QMOF reference
qmof-1a7f459,406.1,0.83,QMOF reference
qmof-4cb5efd,,FAILED,QMOF reference
qmof-eb1fb4c,-276.8,0.92,QMOF reference
qmof-fc7ed75,,FAILED,QMOF reference
qmof-4dc7542,,FAILED,QMOF reference
qmof-d018171,343.7,0.94,QMOF reference
qmof-37143ed,,FAILED,QMOF reference
qmof-0ceea80,529.0,0.9,QMOF reference
qmof-8ee59c2,325.4,0.6,QMOF reference
qmof-b8b1d35,,FAILED,QMOF reference
qmof-04b7d1b,320.1,0.57,QMOF reference
qmof-6f15100,314.3,0.47,QMOF reference
qmof-038aa2d,454.1,0.01,QMOF reference
qmof-721c324,,FAILED,QMOF reference
qmof-21270fb,253.8,0.68,QMOF reference
qmof-72eef08,377.7,0.22,QMOF reference
qmof-7fab52b,297.2,0.27,QMOF reference
qmof-b731939,,FAILED,QMOF reference
qmof-a97a6cf,238.1,0.42,QMOF reference
qmof-8491eff,371.5,0.61,QMOF reference
qmof-66b26b0,322.9,0.79,QMOF reference
qmof-768f9e8,330.1,0.37,QMOF reference
qmof-cb220a3,312.2,0.68,QMOF reference
qmof-6a4cff2,333.3,0.72,QMOF reference
qmof-03dde57,313.3,0.87,QMOF reference
qmof-2a350d5,339.0,0.43,QMOF reference
qmof-6801689,358.7,0.94,QMOF reference
qmof-25e0d36,406.4,0.44,QMOF reference
qmof-df87a37,313.4,0.28,QMOF reference
qmof-f6d96e9,459.3,0.64,QMOF reference
qmof-809d541,311.9,0.17,QMOF reference
qmof-d4ea77a,337.1,0.73,QMOF reference
qmof-1fbb566,319.7,0.19,QMOF reference
qmof-6ab301c,381.5,0.96,QMOF reference
qmof-f1b4afc,126.5,0.32,QMOF reference
qmof-b2093eb,,FAILED,QMOF reference
qmof-1281756,373.3,0.73,QMOF reference
qmof-22d90d1,322.1,0.18,QMOF reference
qmof-8925726,324.3,0.69,QMOF reference
qmof-22cc2ed,336.7,0.88,QMOF reference
qmof-0190167,272.2,0.52,QMOF reference
qmof-503102f,282.7,0.84,QMOF reference
qmof-057b7d1,305.4,0.87,QMOF reference
qmof-4e41fb5,392.4,0.03,QMOF reference
qmof-16dd495,283.7,0.8,QMOF reference
qmof-63d90f9,,FAILED,QMOF reference
qmof-12858c4,416.6,0.44,QMOF reference
qmof-c499b62,,FAILED,QMOF reference
qmof-a2f938d,290.7,0.74,QMOF reference
qmof-be04ff1,267.2,0.57,QMOF reference
qmof-92ecd60,354.7,0.46,QMOF reference
qmof-f0dfa44,309.1,0.91,QMOF reference
qmof-dca8305,,FAILED,QMOF reference
qmof-0d451dd,,FAILED,QMOF reference
qmof-4dbdf12,334.3,0.93,QMOF reference
qmof-53ec30e,226.2,0.75,QMOF reference
qmof-95fee54,307.5,0.92,QMOF reference
qmof-6d961d0,395.9,0.91,QMOF reference
qmof-8deddd1,368.1,0.95,QMOF reference
qmof-26de522,380.1,0.67,QMOF reference
qmof-02650f9,,FAILED,QMOF reference
qmof-d35757d,328.0,0.17,QMOF reference
qmof-97acff8,292.9,0.64,QMOF reference
qmof-4fce737,289.5,0.8,QMOF reference
qmof-bc37b20,393.8,0.2,QMOF reference
qmof-5ee3f65,342.3,0.56,QMOF reference
qmof-fd48368,369.9,0.73,QMOF reference
qmof-4233c23,284.8,0.85,QMOF reference
qmof-b0bfb8e,294.8,0.35,QMOF reference
qmof-8c76d42,334.0,0.39,QMOF reference
qmof-36c3a85,340.3,0.92,QMOF reference
qmof-354fde1,398.4,0.85,QMOF reference
qmof-7434e5d,347.0,0.17,QMOF reference
qmof-bac8e02,278.7,0.73,QMOF reference
qmof-a72a815,276.3,0.64,QMOF reference
qmof-18fef57,343.8,0.64,QMOF reference
qmof-8d254b7,282.8,0.61,QMOF reference
qmof-894b99a,325.9,0.44,QMOF reference
qmof-757d168,319.2,0.86,QMOF reference
qmof-97e4a61,302.6,0.38,QMOF reference
qmof-3672a79,316.1,0.65,QMOF reference
qmof-07a0248,350.7,0.96,QMOF reference
qmof-532e67d,280.1,0.94,QMOF reference
qmof-61a6529,282.2,0.34,QMOF reference
qmof-f3c6526,335.3,0.44,QMOF reference
qmof-23715f3,,FAILED,QMOF reference
qmof-21f628d,296.6,0.48,QMOF reference
qmof-0d43f7f,274.7,0.43,QMOF reference
qmof-aed9055,381.5,0.4,QMOF reference
qmof-5d291cb,324.6,0.85,QMOF reference
qmof-a075c95,335.9,0.91,QMOF reference
qmof-6876edb,338.5,0.83,QMOF reference
qmof-80adb76,310.7,0.11,QMOF reference
qmof-5d60ff1,526.3,0.73,QMOF reference
qmof-ae1a03f,336.1,0.68,QMOF reference
qmof-d4ec501,,FAILED,QMOF reference
qmof-4836169,320.5,0.9,QMOF reference
qmof-73c06e0,293.6,0.88,QMOF reference
qmof-5de710b,333.7,0.61,QMOF reference
qmof-90df41a,,FAILED,QMOF reference
qmof-41cbe0b,332.0,0.72,QMOF reference
qmof-54cd3fd,391.1,0.91,QMOF reference
qmof-87a50bd,404.9,0.32,QMOF reference
qmof-05bc1bd,377.1,0.95,QMOF reference
qmof-bfb991a,,FAILED,QMOF reference
qmof-100c4f2,388.6,0.46,QMOF reference
qmof-91e9d17,378.2,0.24,QMOF reference
qmof-97d9d01,342.9,0.74,QMOF reference
qmof-42c9a8e,,FAILED,QMOF reference
qmof-c78e4b1,272.8,0.95,QMOF reference
qmof-f580d00,280.1,0.84,QMOF reference
qmof-ab8259d,354.5,0.54,QMOF reference
qmof-1634ed9,383.6,0.09,QMOF reference
qmof-b8332ed,266.4,0.76,QMOF reference
qmof-172f006,364.4,0.92,QMOF reference
qmof-5b6856e,,FAILED,QMOF reference
qmof-ab57480,328.5,0.47,QMOF reference
qmof-5d9fab0,,FAILED,QMOF reference
qmof-b6158a1,,FAILED,QMOF reference
qmof-12e6771,330.5,0.34,QMOF reference
qmof-6c05d60,399.2,0.45,QMOF reference
qmof-295200f,288.4,0.37,QMOF reference
qmof-00caa56,323.5,0.42,QMOF reference
qmof-552e5fd,346.0,0.44,QMOF reference
qmof-9b3ec9f,325.9,0.96,QMOF reference
qmof-337495d,361.0,0.82,QMOF reference
qmof-e38ab74,436.3,0.93,QMOF reference
qmof-d1c2259,,FAILED,QMOF reference
qmof-ffb946a,260.9,0.17,QMOF reference
qmof-1e91b84,305.0,0.26,QMOF reference
qmof-4176e77,330.4,0.76,QMOF reference
qmof-422136e,300.2,0.74,QMOF reference
qmof-393eb6b,338.6,0.4,QMOF reference
qmof-0e84517,,FAILED,QMOF reference
qmof-bfc705c,293.3,0.4,QMOF reference
qmof-1693606,234.2,0.91,QMOF reference
qmof-c654764,299.9,0.76,QMOF reference
qmof-97f4720,358.7,0.95,QMOF reference
qmof-d329f49,,FAILED,QMOF reference
qmof-0336a84,321.7,0.29,QMOF reference
qmof-983f779,308.7,0.79,QMOF reference
qmof-316a890,321.0,0.86,QMOF reference
qmof-0cb7c52,350.1,0.25,QMOF reference
qmof-05e86f0,365.5,0.73,QMOF reference
qmof-d161688,289.3,0.62,QMOF reference
qmof-e88a753,340.7,0.49,QMOF reference
qmof-f28268c,,FAILED,QMOF reference
qmof-48d7079,304.1,0.69,QMOF reference
qmof-38cb9dc,341.8,0.74,QMOF reference
qmof-4def5e6,309.3,0.66,QMOF reference
qmof-eed4bda,383.7,0.85,QMOF reference
qmof-d740c56,307.0,0.42,QMOF reference
qmof-8d1e5f0,365.4,0.64,QMOF reference
qmof-88d84c1,318.1,0.71,QMOF reference
qmof-3ff7d04,357.5,0.14,QMOF reference
qmof-e397850,,FAILED,QMOF reference
qmof-a0ac3c3,330.4,0.24,QMOF reference
qmof-21af6bf,289.8,0.5,QMOF reference
qmof-cbc7be9,323.7,0.55,QMOF reference
qmof-6f9b5ab,271.5,0.96,QMOF reference
qmof-8d91789,364.9,0.84,QMOF reference
qmof-f7c5ef4,426.2,0.81,QMOF reference
qmof-663129a,368.0,0.81,QMOF reference
qmof-15d8f58,382.5,0.12,QMOF reference
qmof-440adea,323.0,0.7,QMOF reference
qmof-4d3c423,277.7,0.14,QMOF reference
qmof-6ddef79,348.9,0.25,QMOF reference
qmof-f909d4e,413.5,0.97,QMOF reference
qmof-baeb77e,415.2,0.92,QMOF reference
qmof-b4945bb,295.5,0.3,QMOF reference
qmof-94194f3,337.7,0.45,QMOF reference
qmof-9613d42,412.3,0.09,QMOF reference
qmof-bc7d7a5,429.5,0.18,QMOF reference
qmof-4190be0,,FAILED,QMOF reference
qmof-abca3a8,372.3,0.93,QMOF reference
qmof-ad0bfc8,314.2,0.59,QMOF reference
qmof-535a896,373.9,0.66,QMOF reference
qmof-462668c,,FAILED,QMOF reference
qmof-a880cf1,334.3,0.45,QMOF reference
qmof-61a517e,492.0,0.23,QMOF reference
qmof-0a61a8e,,FAILED,QMOF reference
qmof-f2e90e4,,FAILED,QMOF reference
qmof-9e56850,,FAILED,QMOF reference
qmof-2add0e5,399.1,0.9,QMOF reference
qmof-598233a,236.8,0.82,QMOF reference
qmof-3d4b29f,291.9,0.16,QMOF reference
qmof-f633d9e,261.3,0.85,QMOF reference
qmof-209afa7,383.4,0.67,QMOF reference
qmof-583d1af,313.2,0.26,QMOF reference
qmof-88d58af,300.0,0.83,QMOF reference
qmof-88bf4e5,319.8,0.93,QMOF reference
qmof-ba096cf,374.4,0.74,QMOF reference
qmof-2d1b778,424.8,0.27,QMOF reference
qmof-cfbb516,381.4,0.43,QMOF reference
qmof-324b117,341.1,0.61,QMOF reference
qmof-5f02392,384.7,0.9,QMOF reference
qmof-0b257fb,300.6,0.89,QMOF reference
qmof-00324c8,319.8,0.57,QMOF reference
qmof-aa7ff00,276.1,0.67,QMOF reference
qmof-743e808,334.7,0.64,QMOF reference
qmof-1f1fa29,361.5,0.93,QMOF reference
qmof-a8c7cd8,277.7,0.26,QMOF reference
qmof-762bfda,175.5,0.31,QMOF reference
qmof-c397213,387.0,0.69,QMOF reference
qmof-06a2080,372.3,0.71,QMOF reference
qmof-8d641bc,306.8,0.59,QMOF reference
qmof-9849dd5,,FAILED,QMOF reference
qmof-991aa32,271.1,0.13,QMOF reference
qmof-73c6324,281.8,0.61,QMOF reference
qmof-286d537,,FAILED,QMOF reference
qmof-100e1b8,384.0,0.87,QMOF reference
qmof-4e55d23,268.6,0.25,QMOF reference
qmof-bacfcd2,421.9,0.64,QMOF reference
qmof-d54db96,381.3,0.69,QMOF reference
qmof-5a6f521,382.1,0.58,QMOF reference
qmof-56651f3,342.5,0.44,QMOF reference
qmof-af122ad,341.9,0.82,QMOF reference
qmof-505832b,352.0,0.33,QMOF reference
qmof-0d6ee63,339.6,0.35,QMOF reference
qmof-577237b,365.8,0.88,QMOF reference
qmof-162d49a,,FAILED,QMOF reference
qmof-d170de1,435.0,0.1,QMOF reference
qmof-713dd0f,325.0,0.56,QMOF reference
qmof-10d25fb,334.5,0.88,QMOF reference
qmof-c0af75c,255.1,0.51,QMOF reference
qmof-1401390,248.1,0.86,QMOF reference
qmof-614fa01,301.2,0.71,QMOF reference
qmof-1c956df,305.8,0.93,QMOF reference
qmof-8f08fd4,234.7,0.4,QMOF reference
qmof-61bc52b,422.9,0.38,QMOF reference
qmof-8958149,363.6,0.84,QMOF reference
qmof-e486b84,301.8,0.89,QMOF reference
qmof-b52b28a,256.4,0.55,QMOF reference
qmof-4962cd2,359.1,0.89,QMOF reference
qmof-361324a,274.1,0.75,QMOF reference
qmof-35e0b44,376.7,0.41,QMOF reference
qmof-31ee9e5,322.2,0.9,QMOF reference
qmof-8f72013,314.0,0.39,QMOF reference
qmof-92f1c98,353.7,0.57,QMOF reference
qmof-12df25d,,FAILED,QMOF reference
qmof-e46f9a6,366.2,0.9,QMOF reference
qmof-54da05e,366.4,0.93,QMOF reference
qmof-ccf41ca,,FAILED,QMOF reference
qmof-93c87bd,377.4,0.94,QMOF reference
qmof-e34c36e,324.7,0.64,QMOF reference
qmof-db74e94,376.7,0.51,QMOF reference
qmof-707a554,203.6,0.32,QMOF reference
qmof-8af7565,210.4,0.84,QMOF reference
qmof-61fda9f,353.1,0.81,QMOF reference
qmof-e9bfd48,262.6,0.91,QMOF reference
qmof-b586c9e,269.0,0.19,QMOF reference
qmof-1a2d0f1,207.2,0.16,QMOF reference
qmof-820eea9,326.0,0.84,QMOF reference
qmof-4f2ea18,334.1,0.94,QMOF reference
qmof-c786c29,316.5,0.75,QMOF reference
qmof-228a2e8,,FAILED,QMOF reference
qmof-b28052c,,FAILED,QMOF reference
qmof-8547db1,214.2,0.8,QMOF reference
qmof-3d65306,382.9,0.17,QMOF reference
qmof-7415286,,FAILED,QMOF reference
qmof-81bd926,,FAILED,QMOF reference
qmof-e1ec978,309.4,0.68,QMOF reference
qmof-ba400b3,,FAILED,QMOF reference
qmof-8aafb2a,316.3,0.88,QMOF reference
qmof-3ab376e,326.5,0.15,QMOF reference
qmof-a1e518a,-512.4,0.82,QMOF reference
qmof-c54c019,348.3,0.33,QMOF reference
qmof-398f9ed,,FAILED,QMOF reference
qmof-31797e0,,FAILED,QMOF reference
qmof-a6e0d05,356.1,0.78,QMOF reference
qmof-db1b55d,450.2,0.86,QMOF reference
qmof-acc6761,327.1,0.08,QMOF reference
qmof-7be2f7c,309.1,0.6,QMOF reference
qmof-1102a03,354.7,0.82,QMOF reference
qmof-74d41f7,266.0,0.69,QMOF reference
qmof-76513ab,336.3,0.46,QMOF reference
qmof-403e9cb,376.3,0.76,QMOF reference
qmof-47472ea,519.8,0.0,QMOF reference
qmof-19f3d7e,296.2,0.48,QMOF reference
qmof-7b6134f,379.9,0.18,QMOF reference
qmof-1e272e4,363.0,0.31,QMOF reference
qmof-d4aace5,,FAILED,QMOF reference
qmof-8bf6708,267.2,0.9,QMOF reference
qmof-3076706,306.1,0.85,QMOF reference
qmof-6753137,,FAILED,QMOF reference
qmof-6525c21,311.8,0.64,QMOF reference
qmof-8ecbd8f,338.3,0.73,QMOF reference
qmof-6721074,390.6,0.74,QMOF reference
qmof-3d44993,380.0,0.74,QMOF reference
qmof-fd3dc62,,FAILED,QMOF reference
qmof-3d2f7b4,320.8,0.87,QMOF reference
qmof-260ab77,386.4,0.34,QMOF reference
qmof-abb7a68,271.6,0.4,QMOF reference
qmof-d9102fc,364.6,0.8,QMOF reference
qmof-a6e4248,262.9,0.92,QMOF reference
qmof-3abd6b1,327.3,0.87,QMOF reference
qmof-05cb0f7,204.0,0.99,QMOF reference
qmof-02c4706,342.2,0.9,QMOF reference
qmof-158f8fd,291.4,0.61,QMOF reference
qmof-ac6419f,408.1,0.81,QMOF reference
qmof-3135ad4,350.3,0.5,QMOF reference
qmof-5ee1c58,253.7,0.85,QMOF reference
qmof-bae5675,418.0,0.9,QMOF reference
qmof-1df760c,357.3,0.7,QMOF reference
qmof-77701f4,328.2,0.86,QMOF reference
qmof-f37d8e8,,FAILED,QMOF reference
qmof-cf09259,470.6,0.82,QMOF reference
qmof-02321e4,330.4,0.91,QMOF reference
qmof-fe92906,255.1,0.78,QMOF reference
qmof-d276d4c,266.0,0.31,QMOF reference
qmof-bec9762,263.3,0.91,QMOF reference
qmof-7682d7e,254.0,0.07,QMOF reference
qmof-f47b0d0,340.5,0.23,QMOF reference
qmof-b4fd7d5,,FAILED,QMOF reference
qmof-536d29b,256.6,0.84,QMOF reference
qmof-f870b76,,FAILED,QMOF reference
qmof-6f8c0ad,296.4,0.81,QMOF reference
qmof-b32e549,244.0,0.17,QMOF reference
qmof-c07112a,,FAILED,QMOF reference
qmof-22ea14a,337.9,0.96,QMOF reference
qmof-9a88589,311.2,0.7,QMOF reference
qmof-eab0f8a,287.9,0.86,QMOF reference
qmof-bb28adc,366.4,0.46,QMOF reference
qmof-78ad096,283.9,0.88,QMOF reference
qmof-93ffe42,312.9,0.51,QMOF reference
qmof-93c4073,345.2,0.81,QMOF reference
qmof-6cf875d,308.5,0.58,QMOF reference
qmof-5382407,158.5,0.91,QMOF reference
qmof-76d822e,392.6,0.85,QMOF reference
qmof-aafcf3a,321.2,0.92,QMOF reference
qmof-2dc97fa,444.4,0.9,QMOF reference
qmof-328e112,,FAILED,QMOF reference
qmof-9632972,261.2,0.94,QMOF reference
qmof-f9535ab,,FAILED,QMOF reference
qmof-aa72c18,229.0,0.46,QMOF reference
qmof-80c1ca8,288.1,0.65,QMOF reference
qmof-9cc6917,330.5,0.61,QMOF reference
qmof-905a17b,381.0,0.11,QMOF reference
qmof-543c70c,431.3,0.43,QMOF reference
qmof-684c5fa,323.5,0.86,QMOF reference
qmof-30cd2b2,324.4,0.71,QMOF reference
qmof-09da183,355.5,0.95,QMOF reference
qmof-529ff9f,304.8,0.21,QMOF reference
qmof-ec5f3ce,305.1,0.91,QMOF reference
qmof-2d22fc9,,FAILED,QMOF reference
qmof-b0fd440,393.1,0.84,QMOF reference
qmof-45386d3,,FAILED,QMOF reference
qmof-ea9b980,317.0,0.54,QMOF reference
qmof-41c0d63,,FAILED,QMOF reference
qmof-526eb14,280.5,0.3,QMOF reference
qmof-3b30050,357.8,0.87,QMOF reference
qmof-3c064d3,344.0,0.92,QMOF reference
qmof-e1e57f0,453.3,0.91,QMOF reference
qmof-cfad8be,292.1,0.89,QMOF reference
qmof-661484e,,FAILED,QMOF reference
qmof-b760bf5,352.5,0.55,QMOF reference
qmof-c2d0a95,298.1,0.51,QMOF reference
qmof-95e196a,330.5,0.83,QMOF reference
qmof-628fed6,273.1,0.87,QMOF reference
qmof-f0f2e98,391.7,0.31,QMOF reference
qmof-879a6d6,197.5,0.16,QMOF reference
qmof-1750ab0,410.6,0.79,QMOF reference
qmof-217ed7d,306.4,0.61,QMOF reference
qmof-7fb8bc6,327.7,0.17,QMOF reference
qmof-cc37fc3,321.7,0.61,QMOF reference
qmof-a5b3a99,319.7,0.67,QMOF reference
qmof-847d3d6,384.3,0.89,QMOF reference
qmof-6011a1c,307.7,0.86,QMOF reference
qmof-9e8d12d,437.9,0.86,QMOF reference
qmof-56dbe2b,362.5,0.3,QMOF reference
qmof-5b5489b,337.5,0.7,QMOF reference
qmof-a74b442,394.6,0.43,QMOF reference
qmof-19ecede,,FAILED,QMOF reference
qmof-825793e,249.4,0.12,QMOF reference
qmof-ba37365,,FAILED,QMOF reference
qmof-3e21699,,FAILED,QMOF reference
qmof-ed4fdbe,363.5,0.85,QMOF reference
qmof-108e5ba,335.8,0.19,QMOF reference
qmof-7668bea,327.0,0.89,QMOF reference
qmof-f91c67c,392.6,0.58,QMOF reference
qmof-f40f3e7,319.4,0.82,QMOF reference
qmof-99293e5,329.3,0.3,QMOF reference
qmof-c12d610,388.6,0.67,QMOF reference
qmof-2b4dbfa,294.8,0.69,QMOF reference
qmof-e300e0b,375.7,0.36,QMOF reference
qmof-1a00f40,,FAILED,QMOF reference
qmof-4cf057f,314.7,0.6,QMOF reference
qmof-f22d7b2,343.4,0.26,QMOF reference
qmof-13fccf0,319.4,0.28,QMOF reference
qmof-b639ccb,385.7,0.96,QMOF reference
qmof-de85209,339.9,0.82,QMOF reference
qmof-7fa5043,396.2,0.3,QMOF reference
qmof-a4a4999,346.2,0.36,QMOF reference
qmof-5d740ae,300.0,0.81,QMOF reference
qmof-e84b289,353.4,0.84,QMOF reference
qmof-d3f6f04,291.4,0.89,QMOF reference
qmof-397dea5,347.1,0.65,QMOF reference
qmof-74c20e7,292.0,0.16,QMOF reference
qmof-53b3cdb,,FAILED,QMOF reference
qmof-3c5b84b,354.8,0.84,QMOF reference
qmof-5447b7f,411.2,0.66,QMOF reference
qmof-ad67f2c,286.9,0.48,QMOF reference
qmof-4629fe7,239.4,0.55,QMOF reference
qmof-20d0f7c,,FAILED,QMOF reference
qmof-f2a6b8c,287.5,0.08,QMOF reference
qmof-29f1fa9,282.7,0.54,QMOF reference
qmof-0e22315,294.7,0.08,QMOF reference
qmof-5f3c10f,388.7,0.59,QMOF reference
qmof-f2c44d6,356.0,0.51,QMOF reference
qmof-ca1b84d,390.9,0.46,QMOF reference
qmof-76ad7d9,404.8,0.93,QMOF reference
qmof-c54951d,322.8,0.68,QMOF reference
qmof-1cdc875,,FAILED,QMOF reference
qmof-8a869bf,235.0,0.77,QMOF reference
qmof-916080a,,FAILED,QMOF reference
qmof-19fe011,335.2,0.71,QMOF reference
qmof-c3ab250,663.1,0.01,QMOF reference
qmof-3993bd4,411.0,0.33,QMOF reference
qmof-27df7c3,347.0,0.56,QMOF reference
qmof-e125d99,,FAILED,QMOF reference
qmof-d2e3fe6,,FAILED,QMOF reference
qmof-99602aa,364.8,0.35,QMOF reference
qmof-74b6146,156.6,0.78,QMOF reference
qmof-411ae6c,288.0,0.32,QMOF reference
qmof-4f6fbfa,,FAILED,QMOF reference
qmof-7c1f909,312.2,0.19,QMOF reference
qmof-f61cb8f,420.6,0.47,QMOF reference
qmof-6b8226a,377.6,0.91,QMOF reference
qmof-d69c4b7,352.3,0.5,QMOF reference
qmof-961d8a7,,FAILED,QMOF reference
qmof-cc16ed1,320.1,0.15,QMOF reference
qmof-5037476,280.7,0.21,QMOF reference
qmof-1794723,248.5,0.49,QMOF reference
qmof-983bf79,,FAILED,QMOF reference
qmof-13df431,327.6,0.83,QMOF reference
qmof-1ebeece,297.2,0.86,QMOF reference
qmof-26447ba,351.7,0.85,QMOF reference
qmof-323f418,279.6,0.63,QMOF reference
qmof-696e454,329.6,0.96,QMOF reference
qmof-855d1ed,,FAILED,QMOF reference
qmof-c2f4aa8,329.7,0.93,QMOF reference
qmof-be9fb9e,,FAILED,QMOF reference
qmof-61ccc62,274.9,0.51,QMOF reference
qmof-9466ec6,375.3,0.84,QMOF reference
qmof-7af31f9,324.5,0.72,QMOF reference
qmof-e09dfa4,474.4,0.87,QMOF reference
qmof-fe43f92,303.8,0.14,QMOF reference
qmof-dbfac13,314.3,0.64,QMOF reference
qmof-57605e0,346.7,0.32,QMOF reference
qmof-56aaa8f,285.0,0.82,QMOF reference
qmof-d2b40a4,,FAILED,QMOF reference
qmof-ead32c0,307.3,0.93,QMOF reference
qmof-267cb24,,FAILED,QMOF reference
qmof-37f5b8b,355.6,0.95,QMOF reference
qmof-2cc3702,375.7,0.61,QMOF reference
qmof-05fa79c,377.6,0.91,QMOF reference
qmof-f899dd4,340.5,0.42,QMOF reference
qmof-a0278f2,316.9,0.79,QMOF reference
qmof-9c04dab,332.2,0.84,QMOF reference
qmof-716b66a,245.5,0.19,QMOF reference
qmof-5d6b047,344.9,0.25,QMOF reference
qmof-7c7c200,341.1,0.72,QMOF reference
qmof-a0884cd,318.1,0.61,QMOF reference
qmof-a83c999,422.8,0.66,QMOF reference
qmof-d4a1d62,342.0,0.85,QMOF reference
qmof-5e6affb,282.5,0.99,QMOF reference
qmof-212a59c,440.6,0.63,QMOF reference
qmof-a0266d6,286.4,0.28,QMOF reference
qmof-64e3aa0,313.5,0.9,QMOF reference
qmof-f78137f,281.6,0.6,QMOF reference
qmof-9417e42,320.8,0.83,QMOF reference
qmof-89074e9,352.4,0.9,QMOF reference
qmof-02f386f,400.0,0.57,QMOF reference
qmof-a567c29,359.4,0.94,QMOF reference
qmof-c042375,371.0,0.24,QMOF reference
qmof-73ef0e4,321.4,0.45,QMOF reference
qmof-99f53a9,,FAILED,QMOF reference
qmof-27df637,316.7,0.85,QMOF reference
qmof-1872d69,,FAILED,QMOF reference
qmof-57e2359,391.5,0.72,QMOF reference
qmof-f4beb93,332.8,0.8,QMOF reference
qmof-875aaeb,201.2,0.82,QMOF reference
qmof-af5c9df,,FAILED,QMOF reference
qmof-91daed1,342.2,0.35,QMOF reference
qmof-9f499b4,339.7,0.87,QMOF reference
qmof-6dd2dd5,462.3,0.79,QMOF reference
qmof-6598b02,,FAILED,QMOF reference
qmof-306aa03,318.9,0.85,QMOF reference
qmof-4b1f591,,FAILED,QMOF reference
qmof-a906618,320.1,0.88,QMOF reference
qmof-6cb5e16,365.0,0.91,QMOF reference
qmof-a4921a2,303.7,0.64,QMOF reference
qmof-dcc8ef6,300.1,0.52,QMOF reference
qmof-9797bb7,,FAILED,QMOF reference
qmof-2da2c80,337.0,0.28,QMOF reference
qmof-a42fc49,337.2,0.28,QMOF reference
qmof-41255fd,287.4,0.37,QMOF reference
qmof-8083325,213.3,0.79,QMOF reference
qmof-9fb5671,362.9,0.23,QMOF reference
qmof-94dd3be,436.0,0.39,QMOF reference
qmof-359185c,315.6,0.94,QMOF reference
qmof-67067e5,249.7,0.57,QMOF reference
qmof-7fde4c4,395.9,0.2,QMOF reference
qmof-8d08cd1,313.8,0.39,QMOF reference
qmof-63f263f,,FAILED,QMOF reference
qmof-8c434be,194.2,0.72,QMOF reference
qmof-09a0de8,306.2,0.13,QMOF reference
qmof-c7376df,323.5,0.93,QMOF reference
qmof-ad2c0ca,317.1,0.51,QMOF reference
qmof-ce62a93,279.3,0.87,QMOF reference
qmof-4fb8d06,339.6,0.76,QMOF reference
qmof-d184693,312.5,0.43,QMOF reference
qmof-4badd07,272.9,0.57,QMOF reference
qmof-88816e9,261.1,0.9,QMOF reference
qmof-91b0193,247.5,0.72,QMOF reference
qmof-22d9aa0,350.7,0.85,QMOF reference
qmof-2ba170a,352.8,0.13,QMOF reference
qmof-f84978a,,FAILED,QMOF reference
qmof-f2efcc4,357.0,0.5,QMOF reference
qmof-dc9df4c,,FAILED,QMOF reference
qmof-3c935c8,405.9,0.55,QMOF reference
qmof-71ad7fa,,FAILED,QMOF reference
qmof-00f4cb5,298.8,0.71,QMOF reference
qmof-ac6e3d6,330.2,0.28,QMOF reference
qmof-2ce9777,,FAILED,QMOF reference
qmof-c00d5f9,292.8,0.38,QMOF reference
qmof-03faa10,326.6,0.85,QMOF reference
qmof-3ff5349,347.7,0.91,QMOF reference
qmof-006d43a,,FAILED,QMOF reference
qmof-8f72f08,364.5,0.7,QMOF reference
qmof-79d0163,332.6,0.91,QMOF reference
qmof-79403ea,346.6,0.56,QMOF reference
qmof-7d8c9d8,304.2,0.87,QMOF reference
qmof-6478b5c,320.4,0.45,QMOF reference
qmof-448b6b0,281.9,0.66,QMOF reference
qmof-ca84210,377.3,0.54,QMOF reference
qmof-8427100,237.0,0.39,QMOF reference
qmof-a724328,272.7,0.81,QMOF reference
qmof-46f7d3f,382.6,0.83,QMOF reference
qmof-b3a8a72,411.2,0.44,QMOF reference
qmof-f2717c4,463.8,0.14,QMOF reference
qmof-94f603c,,FAILED,QMOF reference
qmof-b8692be,341.7,0.86,QMOF reference
qmof-dbcf346,,FAILED,QMOF reference
qmof-5e78e03,372.1,0.92,QMOF reference
qmof-e054909,,FAILED,QMOF reference
qmof-0523aea,325.3,0.71,QMOF reference
qmof-dae4e5a,307.1,0.73,QMOF reference
qmof-614da5d,378.7,0.61,QMOF reference
qmof-c3af10d,276.6,0.94,QMOF reference
qmof-3a01552,143.2,0.92,QMOF reference
qmof-0f35ae8,304.9,0.17,QMOF reference
qmof-c3eb960,381.2,0.85,QMOF reference
qmof-90245ee,237.0,0.34,QMOF reference
qmof-f75dbb3,,FAILED,QMOF reference
qmof-1bd6d19,454.4,0.83,QMOF reference
qmof-b94f35d,353.2,0.66,QMOF reference
qmof-c4bcebc,,FAILED,QMOF reference
qmof-df254df,329.4,0.27,QMOF reference
qmof-7e7aff4,239.2,0.85,QMOF reference
qmof-8864214,287.6,0.77,QMOF reference
qmof-8666fd2,335.9,0.88,QMOF reference
qmof-d85ca31,289.9,0.49,QMOF reference
qmof-4770f5f,267.3,0.17,QMOF reference
qmof-a93ac03,353.3,0.88,QMOF reference
qmof-7c284f0,308.9,0.23,QMOF reference
qmof-7344c24,279.7,0.91,QMOF reference
qmof-f6b0935,334.2,0.63,QMOF reference
qmof-46a5fba,419.5,0.83,QMOF reference
qmof-8fdee46,375.9,0.92,QMOF reference
qmof-f3dd1bc,,FAILED,QMOF reference
qmof-545f7ee,359.9,0.62,QMOF reference
qmof-750f9b8,251.7,0.95,QMOF reference
qmof-607455c,334.3,0.83,QMOF reference
qmof-b01aecb,347.6,0.5,QMOF reference
qmof-7f3a923,282.1,0.24,QMOF reference
qmof-6de83a4,291.8,0.72,QMOF reference
qmof-b6a8795,410.8,0.85,QMOF reference
qmof-0a9c4b3,,FAILED,QMOF reference
qmof-b5db4ad,,FAILED,QMOF reference
qmof-9b03351,,FAILED,QMOF reference
qmof-15af914,,FAILED,QMOF reference
qmof-68f7719,237.0,0.27,QMOF reference
qmof-044255f,319.8,0.17,QMOF reference
qmof-2f8d683,,FAILED,QMOF reference
qmof-373fda4,345.2,0.9,QMOF reference
qmof-ad68593,,FAILED,QMOF reference
qmof-afe2748,298.8,0.94,QMOF reference
qmof-af2cb79,323.7,0.53,QMOF reference
qmof-c6cd4fd,,FAILED,QMOF reference
qmof-826ca3c,387.8,0.43,QMOF reference
qmof-d7eccba,,FAILED,QMOF reference
qmof-13a76dd,340.3,0.8,QMOF reference
qmof-b57edb0,414.3,0.75,QMOF reference
qmof-07f6650,312.4,0.26,QMOF reference
qmof-6d779e7,414.4,0.92,QMOF reference
qmof-c11cf90,353.6,0.77,QMOF reference
qmof-42e0f21,344.9,0.79,QMOF reference
qmof-afa9eee,,FAILED,QMOF reference
qmof-22ff445,298.4,0.27,QMOF reference
qmof-4cbd9c7,330.5,0.32,QMOF reference
qmof-01622b3,370.2,0.45,QMOF reference
qmof-472da64,363.6,0.67,QMOF reference
qmof-cc1d215,383.7,0.97,QMOF reference
qmof-01cc592,366.6,0.75,QMOF reference
qmof-362cafe,215.2,0.89,QMOF reference
qmof-8878ef9,346.8,0.72,QMOF reference
qmof-1a833bd,358.4,0.42,QMOF reference
qmof-93613da,271.0,0.7,QMOF reference
qmof-c4db1fe,286.8,0.58,QMOF reference
qmof-1c721d8,,FAILED,QMOF reference
qmof-0e3b79a,419.2,0.36,QMOF reference
qmof-1275871,225.7,0.58,QMOF reference
qmof-f67c515,341.6,0.39,QMOF reference
qmof-27aa84e,293.6,0.87,QMOF reference
qmof-3e99727,342.5,0.95,QMOF reference
qmof-5ab58de,348.8,0.88,QMOF reference
qmof-dbde131,370.2,0.19,QMOF reference
qmof-eb59e39,383.8,0.56,QMOF reference
qmof-084244e,,FAILED,QMOF reference
qmof-df68ca3,372.1,0.91,QMOF reference
qmof-5eb34fb,349.5,0.93,QMOF reference
qmof-362845f,413.0,0.96,QMOF reference
qmof-71d599e,278.3,0.54,QMOF reference
qmof-a7d6d40,339.7,0.58,QMOF reference
qmof-70a5385,,FAILED,QMOF reference
qmof-aed36d7,470.0,0.01,QMOF reference
qmof-517abf2,315.1,0.04,QMOF reference
qmof-dadb631,312.8,0.96,QMOF reference
qmof-e4c240e,183.4,0.06,QMOF reference
qmof-e4c44a2,,FAILED,QMOF reference
qmof-f843b93,,FAILED,QMOF reference
qmof-8efa0e2,,FAILED,QMOF reference
qmof-e28dafe,,FAILED,QMOF reference
qmof-87f69fc,135.3,0.72,QMOF reference
qmof-64d736f,271.0,0.17,QMOF reference
qmof-a07cb94,,FAILED,QMOF reference
qmof-043da85,371.4,0.88,QMOF reference
qmof-26d7235,344.3,0.86,QMOF reference
qmof-8e9384d,,FAILED,QMOF reference
qmof-ee0577b,266.0,0.32,QMOF reference
qmof-7ba728e,354.7,0.68,QMOF reference
qmof-9140a3c,,FAILED,QMOF reference
qmof-0ae6e04,370.5,0.8,QMOF reference
qmof-932ec8e,317.5,0.62,QMOF reference
qmof-f6d88fe,276.0,0.86,QMOF reference
qmof-e97bef9,300.6,0.09,QMOF reference
qmof-aef9a09,279.8,0.89,QMOF reference
qmof-5169fc5,401.2,0.34,QMOF reference
qmof-16d3687,367.2,0.84,QMOF reference
qmof-61991de,349.3,0.28,QMOF reference
qmof-d44c3fa,321.8,0.42,QMOF reference
qmof-1a9e919,385.2,0.77,QMOF reference
qmof-fdbdc7f,257.6,0.18,QMOF reference
qmof-27e4fe7,295.8,0.37,QMOF reference
qmof-85e55eb,187.0,0.91,QMOF reference
qmof-ea00196,312.9,0.84,QMOF reference
qmof-7d840cf,329.1,0.89,QMOF reference
qmof-448a49a,304.5,0.24,QMOF reference
qmof-2d7b141,231.6,0.93,QMOF reference
qmof-e7a1a72,252.4,0.91,QMOF reference
qmof-c461512,294.6,0.86,QMOF reference
qmof-8e17abb,288.5,0.48,QMOF reference
qmof-5c354ae,352.8,0.9,QMOF reference
qmof-25d4e9e,444.2,0.79,QMOF reference
qmof-ed8aa33,385.2,0.56,QMOF reference
qmof-913739a,309.3,0.44,QMOF reference
qmof-ec2875e,406.1,0.7,QMOF reference
qmof-45c251b,,FAILED,QMOF reference
qmof-000512e,,FAILED,QMOF reference
qmof-64935e1,261.2,0.11,QMOF reference
qmof-cadb941,414.3,0.62,QMOF reference
qmof-1e6bcc7,239.0,0.5,QMOF reference
qmof-67f153a,348.5,0.75,QMOF reference
qmof-beae772,276.7,0.66,QMOF reference
qmof-70f59fa,292.6,0.94,QMOF reference
qmof-e2332ff,335.1,0.56,QMOF reference
qmof-77bb187,300.3,0.83,QMOF reference
qmof-8e56e92,343.8,0.71,QMOF reference
qmof-b25a2c3,,FAILED,QMOF reference
qmof-622d275,,FAILED,QMOF reference
qmof-fd19c90,303.0,0.79,QMOF reference
qmof-2b64584,372.0,0.88,QMOF reference
qmof-fa666a1,,FAILED,QMOF reference
qmof-6e03d8e,265.3,0.22,QMOF reference
qmof-80bae2a,413.7,0.37,QMOF reference
qmof-f4d0dfc,398.5,0.52,QMOF reference
qmof-d3b4687,402.5,0.81,QMOF reference
qmof-babba36,343.1,0.8,QMOF reference
qmof-1a5f96c,390.8,0.22,QMOF reference
qmof-cc3b49d,311.0,0.57,QMOF reference
qmof-b6b9d01,296.6,0.62,QMOF reference
qmof-c71ff49,,FAILED,QMOF reference
qmof-cfb8591,377.9,0.11,QMOF reference
qmof-ebbc900,274.4,0.65,QMOF reference
qmof-4514cfa,360.7,0.79,QMOF reference
qmof-807d57a,391.8,0.95,QMOF reference
qmof-917b27a,284.2,0.93,QMOF reference
qmof-c5cb4b1,301.1,0.43,QMOF reference
qmof-e99de19,211.7,0.75,QMOF reference
qmof-5e4200a,312.2,0.23,QMOF reference
qmof-0d0a55e,292.7,0.88,QMOF reference
qmof-725832c,341.1,0.67,QMOF reference
qmof-0b1b397,291.9,0.64,QMOF reference
qmof-390913b,,FAILED,QMOF reference
qmof-0094362,388.0,0.33,QMOF reference
qmof-3e52d5d,349.3,0.83,QMOF reference
qmof-cf6cab8,349.6,0.81,QMOF reference
qmof-5dfdc69,311.9,0.58,QMOF reference
qmof-b6c8dda,,FAILED,QMOF reference
qmof-eb10d25,287.9,0.82,QMOF reference
qmof-986eab9,365.6,0.95,QMOF reference
qmof-7a71ba3,339.1,0.17,QMOF reference
qmof-8b2efc2,312.6,0.62,QMOF reference
qmof-d3b0421,369.9,0.29,QMOF reference
qmof-69514c4,350.4,0.92,QMOF reference
qmof-7f88bd0,350.6,0.71,QMOF reference
qmof-d7df6c4,270.4,0.72,QMOF reference
qmof-1d52386,,FAILED,QMOF reference
qmof-2102beb,291.2,0.52,QMOF reference
qmof-ba0ebc2,342.3,0.82,QMOF reference
qmof-c1d4910,,FAILED,QMOF reference
qmof-b321532,398.5,0.28,QMOF reference
qmof-4084077,375.4,0.82,QMOF reference
qmof-1bd2541,387.8,0.61,QMOF reference
qmof-aa67299,276.5,0.53,QMOF reference
qmof-e7a4b35,385.6,0.55,QMOF reference
qmof-79f0214,287.6,0.34,QMOF reference
qmof-4ad722a,254.3,0.2,QMOF reference
qmof-20f108f,326.6,0.8,QMOF reference
qmof-3f3a532,225.8,0.26,QMOF reference
qmof-9853d9b,341.1,0.83,QMOF reference
qmof-03dce70,250.7,0.8,QMOF reference
qmof-4bbe9a9,313.2,0.31,QMOF reference
qmof-8d12325,211.0,0.52,QMOF reference
qmof-e56b9af,,FAILED,QMOF reference
qmof-53a014c,303.9,0.26,QMOF reference
qmof-80a17db,453.2,0.88,QMOF reference
qmof-133c36e,217.9,0.17,QMOF reference
qmof-b4be41d,371.9,0.61,QMOF reference
qmof-180f45b,,FAILED,QMOF reference
qmof-615c27b,237.4,0.79,QMOF reference
qmof-89fcba3,249.3,0.31,QMOF reference
qmof-cc9dbc2,304.6,0.57,QMOF reference
qmof-a950972,267.5,0.72,QMOF reference
qmof-2afaf52,352.2,0.29,QMOF reference
qmof-4b810e7,361.9,0.68,QMOF reference
qmof-a827770,297.3,0.16,QMOF reference
qmof-1e42cc3,,FAILED,QMOF reference
qmof-6396d5e,535.3,0.76,QMOF reference
qmof-3fcd371,341.5,0.96,QMOF reference
qmof-70f6af7,422.9,0.8,QMOF reference
qmof-fbdc467,348.5,0.91,QMOF reference
qmof-4097e0e,276.8,0.42,QMOF reference
qmof-e4f9bf8,276.5,0.96,QMOF reference
qmof-b8bfbdd,324.0,0.64,QMOF reference
qmof-9dfbfd1,402.6,0.81,QMOF reference
qmof-b8d9ea0,322.8,0.44,QMOF reference
qmof-b3c62d0,412.5,0.79,QMOF reference
qmof-e300fed,439.6,0.8,QMOF reference
qmof-c7cd5a3,,FAILED,QMOF reference
qmof-3b8de98,383.9,0.76,QMOF reference
qmof-c794b37,264.0,0.75,QMOF reference
qmof-f2d3b75,278.7,0.87,QMOF reference
qmof-7216406,379.6,0.89,QMOF reference
qmof-6b79e29,,FAILED,QMOF reference
qmof-0be5a6f,351.5,0.8,QMOF reference
qmof-cecbcd8,326.6,0.85,QMOF reference
qmof-825c2c6,290.2,0.31,QMOF reference
qmof-b038868,276.4,0.16,QMOF reference
qmof-8d70154,,FAILED,QMOF reference
qmof-62f985c,241.2,0.74,QMOF reference
qmof-b72c236,370.1,0.64,QMOF reference
qmof-e521165,,FAILED,QMOF reference
qmof-74b1a87,236.9,0.9,QMOF reference
qmof-541af34,322.7,0.59,QMOF reference
qmof-fc3f091,366.8,0.74,QMOF reference
qmof-2c408e6,399.1,0.17,QMOF reference
qmof-b7e2716,,FAILED,QMOF reference
qmof-130053f,367.2,0.34,QMOF reference
qmof-f85a28f,265.5,0.13,QMOF reference
qmof-d69dd6c,299.4,0.29,QMOF reference
qmof-30bdcd5,188.5,0.49,QMOF reference
qmof-57a89f5,,FAILED,QMOF reference
qmof-ddab43b,333.3,0.94,QMOF reference
qmof-bf03ca2,270.5,0.25,QMOF reference
qmof-2d2b8f2,296.0,0.6,QMOF reference
qmof-cf362bb,332.5,0.4,QMOF reference
qmof-431a25b,273.2,0.29,QMOF reference
qmof-9e63a13,346.1,0.94,QMOF reference
qmof-76b7f39,340.2,0.86,QMOF reference
qmof-664e406,285.1,0.74,QMOF reference
qmof-4495a8b,289.2,0.44,QMOF reference
qmof-5fea5b6,388.5,0.73,QMOF reference
qmof-2f075c1,295.9,0.86,QMOF reference
qmof-44d0651,276.5,0.4,QMOF reference
qmof-2b2bdaa,,FAILED,QMOF reference
qmof-b998381,401.6,0.87,QMOF reference
qmof-64e0e40,250.5,0.75,QMOF reference
qmof-2a1c54e,365.7,0.1,QMOF reference
qmof-c040ab5,341.5,0.36,QMOF reference
qmof-5a8c101,381.6,0.26,QMOF reference
qmof-a915127,348.7,0.48,QMOF reference
qmof-33fda33,356.2,0.05,QMOF reference
qmof-b1b05e2,366.6,0.83,QMOF reference
qmof-69a8041,271.0,0.26,QMOF reference
qmof-66c6b3c,272.6,0.21,QMOF reference
qmof-406c44b,344.3,0.94,QMOF reference
qmof-7e9d44d,321.2,0.72,QMOF reference
qmof-43f82df,273.3,0.51,QMOF reference
qmof-1009736,335.5,0.36,QMOF reference
qmof-1220330,326.8,0.53,QMOF reference
qmof-1d2c247,366.3,0.75,QMOF reference
qmof-a3b44f3,265.2,0.74,QMOF reference
qmof-a963bc2,355.1,0.51,QMOF reference
qmof-b4b5423,123.1,0.96,QMOF reference
qmof-088fe54,329.2,0.72,QMOF reference
qmof-6d0ce1c,,FAILED,QMOF reference
qmof-534ec49,343.0,0.33,QMOF reference
qmof-db4f7fe,334.9,0.68,QMOF reference
qmof-842e3ab,313.3,0.94,QMOF reference
qmof-c31ac3d,344.3,0.61,QMOF reference
qmof-58a1dbe,482.0,0.22,QMOF reference
qmof-59f918e,,FAILED,QMOF reference
qmof-2db923e,252.6,0.28,QMOF reference
qmof-1548d62,,FAILED,QMOF reference
qmof-a27d77a,365.9,0.86,QMOF reference
qmof-284c1aa,352.0,0.88,QMOF reference
qmof-ccc86cf,,FAILED,QMOF reference
qmof-925b718,320.4,0.82,QMOF reference
qmof-a6e8357,309.4,0.92,QMOF reference
qmof-8caef9e,261.9,0.94,QMOF reference
qmof-5ea6780,400.0,0.78,QMOF reference
qmof-bab1656,334.4,0.44,QMOF reference
qmof-9bca83d,328.8,0.28,QMOF reference
qmof-fc193c1,254.8,0.16,QMOF reference
qmof-b839d0c,301.2,0.66,QMOF reference
qmof-a797022,352.2,0.81,QMOF reference
qmof-45e9b21,,FAILED,QMOF reference
qmof-7ff0ebb,,FAILED,QMOF reference
qmof-406165e,363.3,0.3,QMOF reference
qmof-6ab4305,247.3,0.43,QMOF reference
qmof-58c25d6,,FAILED,QMOF reference
qmof-a34c45f,251.9,0.42,QMOF reference
qmof-9d1bd41,364.9,0.67,QMOF reference
qmof-6203c87,367.1,0.58,QMOF reference
qmof-8b8a7da,311.1,0.14,QMOF reference
qmof-0ad11a9,341.9,0.91,QMOF reference
qmof-de4c4e1,,FAILED,QMOF reference
qmof-82fce8b,487.1,0.9,QMOF reference
qmof-bb18fa6,552.9,0.85,QMOF reference
qmof-30e9498,313.6,0.68,QMOF reference
qmof-79d5925,259.2,0.73,QMOF reference
qmof-c46a3ac,403.6,0.88,QMOF reference
qmof-7d79016,362.6,0.53,QMOF reference
qmof-966fade,355.1,0.94,QMOF reference
qmof-e12dfd1,308.0,0.73,QMOF reference
qmof-1647c66,362.3,0.74,QMOF reference
qmof-1d3b3d3,344.7,0.8,QMOF reference
qmof-02d2885,206.3,0.93,QMOF reference
qmof-e30a23f,75.8,0.7,QMOF reference
qmof-5996fb0,,FAILED,QMOF reference
qmof-b68a0ad,307.1,0.95,QMOF reference
qmof-5ed9aed,372.3,0.92,QMOF reference
qmof-d092156,312.6,0.25,QMOF reference
qmof-2799dff,295.7,0.92,QMOF reference
qmof-4029d91,,FAILED,QMOF reference
qmof-1c8fb59,229.2,0.93,QMOF reference
qmof-50da870,211.8,0.21,QMOF reference
qmof-2e370d9,379.2,0.81,QMOF reference
qmof-ec54d11,323.4,0.92,QMOF reference
qmof-56e3289,336.8,0.44,QMOF reference
qmof-c1ba22b,360.2,0.21,QMOF reference
qmof-20ce0e3,,FAILED,QMOF reference
qmof-46324de,,FAILED,QMOF reference
qmof-2497a20,317.3,0.93,QMOF reference
qmof-5f883e9,,FAILED,QMOF reference
qmof-afc4c90,,FAILED,QMOF reference
qmof-ae5b951,304.1,0.75,QMOF reference
qmof-c00f8d0,388.3,0.42,QMOF reference
qmof-d159ad9,279.7,0.86,QMOF reference
qmof-ed2e02e,397.9,0.88,QMOF reference
qmof-bf5fc78,,FAILED,QMOF reference
qmof-6185eff,309.8,0.61,QMOF reference
qmof-7075266,,FAILED,QMOF reference
qmof-9b906f4,337.3,0.78,QMOF reference
qmof-04bb963,,FAILED,QMOF reference
qmof-a3e01fb,325.8,0.64,QMOF reference
qmof-10ddadb,,FAILED,QMOF reference
qmof-17b62c4,376.0,0.89,QMOF reference
qmof-02dd69f,291.6,0.51,QMOF reference
qmof-cfc5ef6,419.9,0.75,QMOF reference
qmof-e9595ba,352.4,0.89,QMOF reference
qmof-ce41736,378.1,0.82,QMOF reference
qmof-8b755ec,370.4,0.85,QMOF reference
qmof-c89a0d4,340.5,0.57,QMOF reference
qmof-6a17ede,319.6,0.72,QMOF reference
qmof-27089ba,343.6,0.35,QMOF reference
qmof-0d9fb99,398.0,0.95,QMOF reference
qmof-31585f8,290.6,0.79,QMOF reference
qmof-3c09c5f,,FAILED,QMOF reference
qmof-dfe3f39,,FAILED,QMOF reference
qmof-25dcace,334.8,0.4,QMOF reference
qmof-ac3d817,346.8,0.4,QMOF reference
qmof-8397f53,,FAILED,QMOF reference
qmof-a22eb9b,312.6,0.44,QMOF reference
qmof-d66fafb,339.6,0.79,QMOF reference
qmof-54e4b67,323.5,0.65,QMOF reference
qmof-e4b26b1,359.2,0.5,QMOF reference
qmof-31506de,,FAILED,QMOF reference
qmof-48b4398,361.7,0.15,QMOF reference
qmof-b4192d1,,FAILED,QMOF reference
qmof-4e3cb70,391.0,0.31,QMOF reference
qmof-b3742a4,326.8,0.98,QMOF reference
qmof-76f719c,299.2,0.45,QMOF reference
qmof-6aa9860,347.7,0.9,QMOF reference
qmof-932fda1,324.3,0.49,QMOF reference
qmof-799edb6,338.1,0.41,QMOF reference
qmof-1a36e21,377.0,0.82,QMOF reference
qmof-e8f3744,311.4,0.93,QMOF reference
qmof-bedf07c,362.3,0.21,QMOF reference
qmof-1f0ad0a,194.3,0.21,QMOF reference
qmof-eb187a8,328.5,0.94,QMOF reference
qmof-b2d1a59,373.5,0.49,QMOF reference
qmof-a23970b,,FAILED,QMOF reference
qmof-096ab6a,354.7,0.29,QMOF reference
qmof-77b300a,335.8,0.81,QMOF reference
qmof-87f3627,269.3,0.95,QMOF reference
qmof-d427817,246.6,0.89,QMOF reference
qmof-1cbedad,372.9,0.94,QMOF reference
qmof-6c0781a,,FAILED,QMOF reference
qmof-27a6bf9,316.1,0.2,QMOF reference
qmof-00019ff,318.1,0.32,QMOF reference
qmof-8f1e067,245.2,0.76,QMOF reference
qmof-330afd4,,FAILED,QMOF reference
qmof-7ae923a,331.3,0.35,QMOF reference
qmof-b8b4678,,FAILED,QMOF reference
qmof-04c8310,352.4,0.85,QMOF reference
qmof-e027183,,FAILED,QMOF reference
qmof-6fbdeae,280.9,0.91,QMOF reference
qmof-b9f5dc2,310.5,0.85,QMOF reference
qmof-f9dc87c,211.4,0.64,QMOF reference
qmof-75b48a7,318.7,0.95,QMOF reference
qmof-2f521a7,,FAILED,QMOF reference
qmof-e6bb158,334.1,0.57,QMOF reference
qmof-2436e49,,FAILED,QMOF reference
qmof-0be87d2,396.3,0.8,QMOF reference
qmof-fa17d4c,332.3,0.24,QMOF reference
qmof-70d836d,331.4,0.7,QMOF reference
qmof-dcc1e81,342.1,0.39,QMOF reference
qmof-be54856,293.7,0.73,QMOF reference
qmof-72887f0,,FAILED,QMOF reference
qmof-c0463aa,419.9,0.38,QMOF reference
qmof-6a4b14c,,FAILED,QMOF reference
qmof-6ff64b6,328.9,0.43,QMOF reference
qmof-f941a8e,270.4,0.29,QMOF reference
qmof-3cd1264,,FAILED,QMOF reference
qmof-a4d16f2,284.9,0.12,QMOF reference
qmof-e544014,269.1,0.54,QMOF reference
qmof-4b71659,294.1,0.68,QMOF reference
qmof-5b8487c,600.0,0.92,QMOF reference
qmof-69c4e7d,233.5,0.47,QMOF reference
qmof-5d505fa,298.2,0.93,QMOF reference
qmof-a40eb47,430.6,0.94,QMOF reference
qmof-694bbd9,293.3,0.28,QMOF reference
qmof-81231aa,,FAILED,QMOF reference
qmof-c85fd52,351.2,0.89,QMOF reference
qmof-c8d887d,302.1,0.43,QMOF reference
qmof-c1f90f1,467.4,0.08,QMOF reference
qmof-524d0bd,357.0,0.71,QMOF reference
qmof-282f987,,FAILED,QMOF reference
qmof-34bb4c6,342.3,0.76,QMOF reference
qmof-7a0c8e1,352.3,0.5,QMOF reference
qmof-a6861cd,361.3,0.66,QMOF reference
qmof-fb2fe7b,415.3,0.13,QMOF reference
qmof-37ce617,276.1,0.75,QMOF reference
qmof-6f8a3fc,301.9,0.67,QMOF reference
qmof-88ba9a2,317.1,0.94,QMOF reference
qmof-455307c,269.8,0.6,QMOF reference
qmof-34b0c93,,FAILED,QMOF reference
qmof-9b4ddd5,338.0,0.86,QMOF reference
qmof-592ce9f,268.4,0.34,QMOF reference
qmof-9e3175c,318.2,0.88,QMOF reference
qmof-fcef258,292.4,0.86,QMOF reference
qmof-54d770c,424.8,0.9,QMOF reference
qmof-21a0d3f,377.3,0.89,QMOF reference
qmof-7e4e059,366.3,0.17,QMOF reference
qmof-7c7b7c4,,FAILED,QMOF reference
qmof-0bf1c5d,,FAILED,QMOF reference
qmof-e7ec47b,286.8,0.78,QMOF reference
qmof-4f885c8,,FAILED,QMOF reference
qmof-33863c7,,FAILED,QMOF reference
qmof-8786e64,323.5,0.92,QMOF reference
qmof-b8c8c2b,,FAILED,QMOF reference
qmof-a4214c3,340.9,0.92,QMOF reference
qmof-5afdf29,318.1,0.53,QMOF reference
qmof-a65f350,407.5,0.87,QMOF reference
qmof-da4607d,359.3,0.26,QMOF reference
qmof-de538af,380.9,0.22,QMOF reference
qmof-5ac6b32,,FAILED,QMOF reference
qmof-2039712,483.1,0.74,QMOF reference
qmof-1fa8bff,254.5,0.48,QMOF reference
qmof-09a2292,307.6,0.41,QMOF reference
qmof-8ec47b6,,FAILED,QMOF reference
qmof-ca67595,246.0,0.3,QMOF reference
qmof-592ec32,377.4,0.12,QMOF reference
qmof-99bc583,303.1,0.86,QMOF reference
qmof-f8203a5,311.6,0.65,QMOF reference
qmof-7163ed4,294.6,0.42,QMOF reference
qmof-302ad52,382.9,0.32,QMOF reference
qmof-1eaffa4,297.7,0.22,QMOF reference
qmof-97a9a72,248.5,0.11,QMOF reference
qmof-150e43b,338.3,0.26,QMOF reference
qmof-98b5b40,343.3,0.82,QMOF reference
qmof-ceaab2d,264.1,0.93,QMOF reference
qmof-a9805bf,332.8,0.76,QMOF reference
qmof-96198f4,369.7,0.44,QMOF reference
qmof-77e8bf6,337.4,0.92,QMOF reference
qmof-95bf190,339.1,0.54,QMOF reference
qmof-4e5da67,439.0,0.11,QMOF reference
qmof-d3a3906,334.1,0.8,QMOF reference
qmof-5b8f1ce,298.5,0.7,QMOF reference
qmof-b77ac31,282.0,0.94,QMOF reference
qmof-7960965,329.2,0.91,QMOF reference
qmof-c05888d,343.1,0.46,QMOF reference
qmof-7bb9bd3,383.2,0.13,QMOF reference
