0214_Al_Me_s    2theta
BANK 1 5000 5000    CONST 2.0001    0.011229 0 0 FXYE
2.0001    8646.000    0
2.011329    8799.000    0
2.022559    8330.000    0
2.033788    8180.000    0
2.045018    8159.000    0
2.056247    7970.000    0
2.067477    7662.000    0
2.078706    7537.000    0
2.089936    7499.000    0
2.101165    7216.000    0
2.112395    7240.000    0
2.123624    6942.000    0
2.134853    6904.000    0
2.146083    6695.000    0
2.157312    6338.000    0
2.168542    6296.000    0
2.179771    6047.000    0
2.191001    5994.000    0
2.20223    5812.000    0
2.21346    5624.000    0
2.224689    5590.000    0
2.235918    5492.000    0
2.247148    5293.000    0
2.258377    5222.000    0
2.269607    5126.000    0
2.280836    4923.000    0
2.292066    4660.000    0
2.303295    4584.000    0
2.314525    4524.000    0
2.325754    4427.000    0
2.336984    4255.000    0
2.348213    4133.000    0
2.359442    4118.000    0
2.370672    3951.000    0
2.381901    3891.000    0
2.393131    3771.000    0
2.40436    3610.000    0
2.41559    3408.000    0
2.426819    3301.000    0
2.438049    3302.000    0
2.449278    3193.000    0
2.460507    3015.000    0
2.471737    2878.000    0
2.482966    2728.000    0
2.494196    2679.000    0
2.505425    2571.000    0
2.516655    2485.000    0
2.527884    2286.000    0
2.539114    2283.000    0
2.550343    2103.000    0
2.561573    2072.000    0
2.572802    2022.000    0
2.584031    1933.000    0
2.595261    1885.000    0
2.60649    1846.000    0
2.61772    1679.000    0
2.628949    1730.000    0
2.640179    1599.000    0
2.651408    1620.000    0
2.662638    1581.000    0
2.673867    1519.000    0
2.685096    1364.000    0
2.696326    1344.000    0
2.707555    1413.000    0
2.718785    1377.000    0
2.730014    1368.000    0
2.741244    1344.000    0
2.752473    1242.000    0
2.763703    1262.000    0
2.774932    1279.000    0
2.786162    1240.000    0
2.797391    1299.000    0
2.80862    1265.000    0
2.81985    1158.000    0
2.831079    1260.000    0
2.842309    1244.000    0
2.853538    1183.000    0
2.864768    1202.000    0
2.875997    1162.000    0
2.887227    1063.000    0
2.898456    1171.000    0
2.909685    1110.000    0
2.920915    1070.000    0
2.932144    1127.000    0
2.943374    1133.000    0
2.954603    1088.000    0
2.965833    1098.000    0
2.977062    1169.000    0
2.988292    1088.000    0
2.999521    1091.000    0
3.010751    1076.000    0
3.02198    1008.000    0
3.033209    1072.000    0
3.044439    1016.000    0
3.055668    1019.000    0
3.066898    1048.000    0
3.078127    1065.000    0
3.089357    1011.000    0
3.100586    996.000    0
3.111816    1032.000    0
3.123045    1000.000    0
3.134274    991.000    0
3.145504    993.000    0
3.156733    943.000    0
3.167963    1009.000    0
3.179192    1049.000    0
3.190422    1038.000    0
3.201651    939.000    0
3.212881    952.000    0
3.22411    1014.000    0
3.23534    1004.000    0
3.246569    942.000    0
3.257798    943.000    0
3.269028    961.000    0
3.280257    920.000    0
3.291487    946.000    0
3.302716    910.000    0
3.313946    949.000    0
3.325175    975.000    0
3.336405    938.000    0
3.347634    942.000    0
3.358863    927.000    0
3.370093    929.000    0
3.381322    939.000    0
3.392552    950.000    0
3.403781    951.000    0
3.415011    913.000    0
3.42624    885.000    0
3.43747    924.000    0
3.448699    900.000    0
3.459929    873.000    0
3.471158    858.000    0
3.482387    848.000    0
3.493617    953.000    0
3.504846    887.000    0
3.516076    881.000    0
3.527305    966.000    0
3.538535    898.000    0
3.549764    856.000    0
3.560994    835.000    0
3.572223    851.000    0
3.583453    818.000    0
3.594682    835.000    0
3.605911    882.000    0
3.617141    857.000    0
3.62837    881.000    0
3.6396    799.000    0
3.650829    843.000    0
3.662059    877.000    0
3.673288    808.000    0
3.684518    915.000    0
3.695747    804.000    0
3.706976    827.000    0
3.718206    817.000    0
3.729435    850.000    0
3.740665    857.000    0
3.751894    826.000    0
3.763124    812.000    0
3.774353    797.000    0
3.785583    829.000    0
3.796812    825.000    0
3.808042    834.000    0
3.819271    817.000    0
3.8305    789.000    0
3.84173    815.000    0
3.852959    823.000    0
3.864189    806.000    0
3.875418    793.000    0
3.886648    786.000    0
3.897877    790.000    0
3.909107    792.000    0
3.920336    850.000    0
3.931565    765.000    0
3.942795    829.000    0
3.954024    772.000    0
3.965254    799.000    0
3.976483    801.000    0
3.987713    787.000    0
3.998942    731.000    0
4.010172    779.000    0
4.021401    787.000    0
4.032631    780.000    0
4.04386    737.000    0
4.055089    750.000    0
4.066319    700.000    0
4.077548    808.000    0
4.088778    743.000    0
4.100007    719.000    0
4.111237    736.000    0
4.122466    757.000    0
4.133696    778.000    0
4.144925    782.000    0
4.156154    771.000    0
4.167384    740.000    0
4.178613    747.000    0
4.189843    802.000    0
4.201072    724.000    0
4.212302    779.000    0
4.223531    715.000    0
4.234761    718.000    0
4.24599    759.000    0
4.25722    708.000    0
4.268449    745.000    0
4.279678    775.000    0
4.290908    763.000    0
4.302137    675.000    0
4.313367    720.000    0
4.324596    759.000    0
4.335826    728.000    0
4.347055    742.000    0
4.358285    701.000    0
4.369514    687.000    0
4.380743    737.000    0
4.391973    744.000    0
4.403202    705.000    0
4.414432    679.000    0
4.425661    697.000    0
4.436891    693.000    0
4.44812    715.000    0
4.45935    700.000    0
4.470579    682.000    0
4.481809    736.000    0
4.493038    704.000    0
4.504267    664.000    0
4.515497    696.000    0
4.526726    669.000    0
4.537956    652.000    0
4.549185    688.000    0
4.560415    680.000    0
4.571644    677.000    0
4.582874    631.000    0
4.594103    721.000    0
4.605332    716.000    0
4.616562    673.000    0
4.627791    645.000    0
4.639021    698.000    0
4.65025    663.000    0
4.66148    660.000    0
4.672709    678.000    0
4.683939    677.000    0
4.695168    646.000    0
4.706398    659.000    0
4.717627    621.000    0
4.728856    648.000    0
4.740086    636.000    0
4.751315    648.000    0
4.762545    640.000    0
4.773774    697.000    0
4.785004    644.000    0
4.796233    685.000    0
4.807463    636.000    0
4.818692    635.000    0
4.829922    664.000    0
4.841151    668.000    0
4.85238    662.000    0
4.86361    577.000    0
4.874839    622.000    0
4.886069    643.000    0
4.897298    630.000    0
4.908528    616.000    0
4.919757    626.000    0
4.930987    626.000    0
4.942216    610.000    0
4.953445    607.000    0
4.964675    646.000    0
4.975904    601.000    0
4.987134    618.000    0
4.998363    603.000    0
5.009593    581.000    0
5.020822    622.000    0
5.032052    639.000    0
5.043281    619.000    0
5.054511    638.000    0
5.06574    612.000    0
5.076969    608.000    0
5.088199    586.000    0
5.099428    605.000    0
5.110658    638.000    0
5.121887    649.000    0
5.133117    561.000    0
5.144346    594.000    0
5.155576    613.000    0
5.166805    607.000    0
5.178034    608.000    0
5.189264    599.000    0
5.200493    590.000    0
5.211723    560.000    0
5.222952    570.000    0
5.234182    580.000    0
5.245411    560.000    0
5.256641    627.000    0
5.26787    557.000    0
5.2791    589.000    0
5.290329    600.000    0
5.301558    600.000    0
5.312788    621.000    0
5.324017    575.000    0
5.335247    579.000    0
5.346476    577.000    0
5.357706    592.000    0
5.368935    598.000    0
5.380165    633.000    0
5.391394    582.000    0
5.402623    574.000    0
5.413853    599.000    0
5.425082    564.000    0
5.436312    579.000    0
5.447541    575.000    0
5.458771    542.000    0
5.470    570.000    0
5.48123    581.000    0
5.492459    568.000    0
5.503689    597.000    0
5.514918    625.000    0
5.526147    568.000    0
5.537377    575.000    0
5.548606    570.000    0
5.559836    574.000    0
5.571065    545.000    0
5.582295    531.000    0
5.593524    538.000    0
5.604754    555.000    0
5.615983    574.000    0
5.627212    566.000    0
5.638442    537.000    0
5.649671    571.000    0
5.660901    555.000    0
5.67213    572.000    0
5.68336    577.000    0
5.694589    566.000    0
5.705819    582.000    0
5.717048    528.000    0
5.728278    563.000    0
5.739507    559.000    0
5.750736    534.000    0
5.761966    572.000    0
5.773195    537.000    0
5.784425    535.000    0
5.795654    537.000    0
5.806884    537.000    0
5.818113    568.000    0
5.829343    548.000    0
5.840572    547.000    0
5.851801    499.000    0
5.863031    505.000    0
5.87426    524.000    0
5.88549    516.000    0
5.896719    519.000    0
5.907949    561.000    0
5.919178    492.000    0
5.930408    532.000    0
5.941637    495.000    0
5.952867    511.000    0
5.964096    514.000    0
5.975325    545.000    0
5.986555    537.000    0
5.997784    559.000    0
6.009014    516.000    0
6.020243    546.000    0
6.031473    562.000    0
6.042702    560.000    0
6.053932    532.000    0
6.065161    538.000    0
6.07639    559.000    0
6.08762    550.000    0
6.098849    511.000    0
6.110079    554.000    0
6.121308    545.000    0
6.132538    513.000    0
6.143767    561.000    0
6.154997    507.000    0
6.166226    561.000    0
6.177456    584.000    0
6.188685    525.000    0
6.199914    512.000    0
6.211144    571.000    0
6.222373    524.000    0
6.233603    551.000    0
6.244832    542.000    0
6.256062    561.000    0
6.267291    502.000    0
6.278521    515.000    0
6.28975    506.000    0
6.30098    501.000    0
6.312209    543.000    0
6.323438    531.000    0
6.334668    541.000    0
6.345897    558.000    0
6.357127    558.000    0
6.368356    508.000    0
6.379586    540.000    0
6.390815    539.000    0
6.402045    528.000    0
6.413274    472.000    0
6.424503    460.000    0
6.435733    531.000    0
6.446962    471.000    0
6.458192    537.000    0
6.469421    485.000    0
6.480651    475.000    0
6.49188    526.000    0
6.50311    475.000    0
6.514339    514.000    0
6.525569    542.000    0
6.536798    499.000    0
6.548027    486.000    0
6.559257    535.000    0
6.570486    517.000    0
6.581716    493.000    0
6.592945    484.000    0
6.604175    485.000    0
6.615404    547.000    0
6.626634    529.000    0
6.637863    504.000    0
6.649092    516.000    0
6.660322    513.000    0
6.671551    526.000    0
6.682781    511.000    0
6.69401    550.000    0
6.70524    501.000    0
6.716469    490.000    0
6.727699    505.000    0
6.738928    548.000    0
6.750158    558.000    0
6.761387    546.000    0
6.772616    499.000    0
6.783846    571.000    0
6.795075    595.000    0
6.806305    592.000    0
6.817534    573.000    0
6.828764    635.000    0
6.839993    665.000    0
6.851223    634.000    0
6.862452    675.000    0
6.873681    632.000    0
6.884911    584.000    0
6.89614    642.000    0
6.90737    573.000    0
6.918599    569.000    0
6.929829    552.000    0
6.941058    538.000    0
6.952288    514.000    0
6.963517    532.000    0
6.974747    574.000    0
6.985976    545.000    0
6.997205    612.000    0
7.008435    561.000    0
7.019664    562.000    0
7.030894    582.000    0
7.042123    578.000    0
7.053353    576.000    0
7.064582    597.000    0
7.075812    588.000    0
7.087041    619.000    0
7.09827    582.000    0
7.1095    616.000    0
7.120729    635.000    0
7.131959    671.000    0
7.143188    623.000    0
7.154418    699.000    0
7.165647    738.000    0
7.176877    702.000    0
7.188106    734.000    0
7.199336    763.000    0
7.210565    836.000    0
7.221794    865.000    0
7.233024    918.000    0
7.244253    976.000    0
7.255483    1066.000    0
7.266712    1165.000    0
7.277942    1279.000    0
7.289171    1362.000    0
7.300401    1543.000    0
7.31163    1818.000    0
7.322859    1964.000    0
7.334089    2184.000    0
7.345318    2389.000    0
7.356548    2620.000    0
7.367777    3030.000    0
7.379007    3516.000    0
7.390236    3771.000    0
7.401466    4452.000    0
7.412695    5010.000    0
7.423925    5806.000    0
7.435154    6624.000    0
7.446383    7831.000    0
7.457613    9114.000    0
7.468842    10716.000    0
7.480072    12879.000    0
7.491301    15702.000    0
7.502531    19206.000    0
7.51376    23464.000    0
7.52499    28519.000    0
7.536219    34446.000    0
7.547449    41183.000    0
7.558678    47666.000    0
7.569907    52668.000    0
7.581137    55677.000    0
7.592366    54550.000    0
7.603596    51109.000    0
7.614825    45539.000    0
7.626055    38019.000    0
7.637284    29965.000    0
7.648514    22602.000    0
7.659743    16669.000    0
7.670972    11367.000    0
7.682202    8329.000    0
7.693431    5905.000    0
7.704661    4559.000    0
7.71589    3794.000    0
7.72712    3188.000    0
7.738349    2656.000    0
7.749579    2484.000    0
7.760808    2121.000    0
7.772038    1969.000    0
7.783267    1718.000    0
7.794496    1639.000    0
7.805726    1557.000    0
7.816955    1400.000    0
7.828185    1279.000    0
7.839414    1327.000    0
7.850644    1205.000    0
7.861873    1164.000    0
7.873103    1133.000    0
7.884332    1079.000    0
7.895561    1088.000    0
7.906791    1045.000    0
7.91802    1025.000    0
7.92925    1002.000    0
7.940479    934.000    0
7.951709    952.000    0
7.962938    910.000    0
7.974168    905.000    0
7.985397    918.000    0
7.996627    866.000    0
8.007856    916.000    0
8.019085    932.000    0
8.030315    846.000    0
8.041544    804.000    0
8.052774    884.000    0
8.064003    798.000    0
8.075233    808.000    0
8.086462    809.000    0
8.097692    777.000    0
8.108921    765.000    0
8.12015    767.000    0
8.13138    776.000    0
8.142609    767.000    0
8.153839    727.000    0
8.165068    726.000    0
8.176298    724.000    0
8.187527    770.000    0
8.198757    691.000    0
8.209986    738.000    0
8.221216    695.000    0
8.232445    707.000    0
8.243674    746.000    0
8.254904    725.000    0
8.266133    711.000    0
8.277363    716.000    0
8.288592    698.000    0
8.299822    668.000    0
8.311051    716.000    0
8.322281    660.000    0
8.33351    667.000    0
8.344739    681.000    0
8.355969    664.000    0
8.367198    650.000    0
8.378428    681.000    0
8.389657    724.000    0
8.400887    684.000    0
8.412116    660.000    0
8.423346    624.000    0
8.434575    661.000    0
8.445805    665.000    0
8.457034    668.000    0
8.468263    652.000    0
8.479493    673.000    0
8.490722    660.000    0
8.501952    631.000    0
8.513181    630.000    0
8.524411    651.000    0
8.53564    611.000    0
8.54687    624.000    0
8.558099    564.000    0
8.569328    603.000    0
8.580558    617.000    0
8.591787    602.000    0
8.603017    612.000    0
8.614246    580.000    0
8.625476    576.000    0
8.636705    571.000    0
8.647935    579.000    0
8.659164    569.000    0
8.670394    558.000    0
8.681623    566.000    0
8.692852    542.000    0
8.704082    544.000    0
8.715311    544.000    0
8.726541    558.000    0
8.73777    583.000    0
8.749    533.000    0
8.760229    529.000    0
8.771459    542.000    0
8.782688    548.000    0
8.793917    545.000    0
8.805147    542.000    0
8.816376    571.000    0
8.827606    532.000    0
8.838835    546.000    0
8.850065    502.000    0
8.861294    533.000    0
8.872524    499.000    0
8.883753    494.000    0
8.894983    481.000    0
8.906212    481.000    0
8.917441    507.000    0
8.928671    503.000    0
8.9399    494.000    0
8.95113    470.000    0
8.962359    441.000    0
8.973589    475.000    0
8.984818    497.000    0
8.996048    453.000    0
9.007277    420.000    0
9.018507    457.000    0
9.029736    437.000    0
9.040965    462.000    0
9.052195    457.000    0
9.063424    442.000    0
9.074654    454.000    0
9.085883    453.000    0
9.097113    434.000    0
9.108342    459.000    0
9.119572    443.000    0
9.130801    413.000    0
9.14203    426.000    0
9.15326    402.000    0
9.164489    437.000    0
9.175719    423.000    0
9.186948    413.000    0
9.198178    402.000    0
9.209407    407.000    0
9.220637    416.000    0
9.231866    432.000    0
9.243096    391.000    0
9.254325    423.000    0
9.265554    444.000    0
9.276784    422.000    0
9.288013    390.000    0
9.299243    364.000    0
9.310472    397.000    0
9.321702    397.000    0
9.332931    398.000    0
9.344161    391.000    0
9.35539    379.000    0
9.366619    397.000    0
9.377849    383.000    0
9.389078    399.000    0
9.400308    402.000    0
9.411537    415.000    0
9.422767    402.000    0
9.433996    359.000    0
9.445226    384.000    0
9.456455    418.000    0
9.467685    377.000    0
9.478914    374.000    0
9.490143    346.000    0
9.501373    359.000    0
9.512602    365.000    0
9.523832    357.000    0
9.535061    369.000    0
9.546291    352.000    0
9.55752    377.000    0
9.56875    362.000    0
9.579979    346.000    0
9.591208    380.000    0
9.602438    365.000    0
9.613667    377.000    0
9.624897    354.000    0
9.636126    352.000    0
9.647356    376.000    0
9.658585    370.000    0
9.669815    355.000    0
9.681044    357.000    0
9.692274    364.000    0
9.703503    343.000    0
9.714732    350.000    0
9.725962    329.000    0
9.737191    344.000    0
9.748421    340.000    0
9.75965    382.000    0
9.77088    357.000    0
9.782109    305.000    0
9.793339    376.000    0
9.804568    377.000    0
9.815797    365.000    0
9.827027    362.000    0
9.838256    356.000    0
9.849486    335.000    0
9.860715    328.000    0
9.871945    337.000    0
9.883174    352.000    0
9.894404    362.000    0
9.905633    345.000    0
9.916863    312.000    0
9.928092    342.000    0
9.939321    323.000    0
9.950551    359.000    0
9.96178    291.000    0
9.97301    336.000    0
9.984239    364.000    0
9.995469    303.000    0
10.006698    325.000    0
10.017928    339.000    0
10.029157    294.000    0
10.040386    349.000    0
10.051616    333.000    0
10.062845    370.000    0
10.074075    310.000    0
10.085304    331.000    0
10.096534    336.000    0
10.107763    306.000    0
10.118993    369.000    0
10.130222    328.000    0
10.141452    338.000    0
10.152681    325.000    0
10.16391    305.000    0
10.17514    343.000    0
10.186369    301.000    0
10.197599    339.000    0
10.208828    317.000    0
10.220058    306.000    0
10.231287    333.000    0
10.242517    312.000    0
10.253746    329.000    0
10.264976    315.000    0
10.276205    355.000    0
10.287434    313.000    0
10.298664    320.000    0
10.309893    317.000    0
10.321123    304.000    0
10.332352    307.000    0
10.343582    326.000    0
10.354811    320.000    0
10.366041    331.000    0
10.37727    286.000    0
10.388499    328.000    0
10.399729    282.000    0
10.410958    312.000    0
10.422188    299.000    0
10.433417    297.000    0
10.444647    288.000    0
10.455876    283.000    0
10.467106    310.000    0
10.478335    308.000    0
10.489565    330.000    0
10.500794    302.000    0
10.512023    318.000    0
10.523253    287.000    0
10.534482    333.000    0
10.545712    313.000    0
10.556941    307.000    0
10.568171    313.000    0
10.5794    272.000    0
10.59063    314.000    0
10.601859    306.000    0
10.613088    344.000    0
10.624318    320.000    0
10.635547    299.000    0
10.646777    323.000    0
10.658006    283.000    0
10.669236    283.000    0
10.680465    289.000    0
10.691695    273.000    0
10.702924    292.000    0
10.714154    284.000    0
10.725383    315.000    0
10.736612    301.000    0
10.747842    349.000    0
10.759071    264.000    0
10.770301    297.000    0
10.78153    294.000    0
10.79276    291.000    0
10.803989    305.000    0
10.815219    297.000    0
10.826448    296.000    0
10.837677    281.000    0
10.848907    319.000    0
10.860136    294.000    0
10.871366    304.000    0
10.882595    313.000    0
10.893825    272.000    0
10.905054    308.000    0
10.916284    275.000    0
10.927513    297.000    0
10.938743    304.000    0
10.949972    296.000    0
10.961201    295.000    0
10.972431    328.000    0
10.98366    278.000    0
10.99489    280.000    0
11.006119    309.000    0
11.017349    319.000    0
11.028578    265.000    0
11.039808    306.000    0
11.051037    321.000    0
11.062266    312.000    0
11.073496    321.000    0
11.084725    284.000    0
11.095955    300.000    0
11.107184    283.000    0
11.118414    295.000    0
11.129643    283.000    0
11.140873    278.000    0
11.152102    306.000    0
11.163332    299.000    0
11.174561    281.000    0
11.18579    322.000    0
11.19702    302.000    0
11.208249    306.000    0
11.219479    296.000    0
11.230708    306.000    0
11.241938    292.000    0
11.253167    288.000    0
11.264397    298.000    0
11.275626    278.000    0
11.286855    271.000    0
11.298085    295.000    0
11.309314    314.000    0
11.320544    289.000    0
11.331773    263.000    0
11.343003    301.000    0
11.354232    268.000    0
11.365462    302.000    0
11.376691    292.000    0
11.387921    327.000    0
11.39915    282.000    0
11.410379    286.000    0
11.421609    309.000    0
11.432838    264.000    0
11.444068    272.000    0
11.455297    292.000    0
11.466527    290.000    0
11.477756    272.000    0
11.488986    280.000    0
11.500215    287.000    0
11.511444    299.000    0
11.522674    290.000    0
11.533903    307.000    0
11.545133    320.000    0
11.556362    266.000    0
11.567592    259.000    0
11.578821    260.000    0
11.590051    294.000    0
11.60128    268.000    0
11.61251    280.000    0
11.623739    300.000    0
11.634968    313.000    0
11.646198    299.000    0
11.657427    284.000    0
11.668657    254.000    0
11.679886    293.000    0
11.691116    295.000    0
11.702345    284.000    0
11.713575    297.000    0
11.724804    264.000    0
11.736034    294.000    0
11.747263    281.000    0
11.758492    300.000    0
11.769722    301.000    0
11.780951    259.000    0
11.792181    298.000    0
11.80341    270.000    0
11.81464    307.000    0
11.825869    267.000    0
11.837099    312.000    0
11.848328    290.000    0
11.859557    279.000    0
11.870787    270.000    0
11.882016    290.000    0
11.893246    278.000    0
11.904475    279.000    0
11.915705    306.000    0
11.926934    261.000    0
11.938164    291.000    0
11.949393    255.000    0
11.960623    263.000    0
11.971852    303.000    0
11.983081    256.000    0
11.994311    271.000    0
12.00554    306.000    0
12.01677    287.000    0
12.027999    277.000    0
12.039229    304.000    0
12.050458    273.000    0
12.061688    299.000    0
12.072917    274.000    0
12.084146    262.000    0
12.095376    297.000    0
12.106605    268.000    0
12.117835    314.000    0
12.129064    304.000    0
12.140294    283.000    0
12.151523    259.000    0
12.162753    280.000    0
12.173982    282.000    0
12.185212    277.000    0
12.196441    308.000    0
12.20767    251.000    0
12.2189    275.000    0
12.230129    290.000    0
12.241359    309.000    0
12.252588    259.000    0
12.263818    275.000    0
12.275047    299.000    0
12.286277    299.000    0
12.297506    267.000    0
12.308735    332.000    0
12.319965    292.000    0
12.331194    310.000    0
12.342424    300.000    0
12.353653    286.000    0
12.364883    311.000    0
12.376112    270.000    0
12.387342    275.000    0
12.398571    312.000    0
12.409801    297.000    0
12.42103    285.000    0
12.432259    288.000    0
12.443489    302.000    0
12.454718    311.000    0
12.465948    317.000    0
12.477177    272.000    0
12.488407    264.000    0
12.499636    337.000    0
12.510866    285.000    0
12.522095    332.000    0
12.533324    300.000    0
12.544554    325.000    0
12.555783    286.000    0
12.567013    306.000    0
12.578242    310.000    0
12.589472    297.000    0
12.600701    273.000    0
12.611931    318.000    0
12.62316    289.000    0
12.63439    286.000    0
12.645619    280.000    0
12.656848    284.000    0
12.668078    281.000    0
12.679307    278.000    0
12.690537    307.000    0
12.701766    310.000    0
12.712996    317.000    0
12.724225    328.000    0
12.735455    287.000    0
12.746684    277.000    0
12.757913    270.000    0
12.769143    310.000    0
12.780372    268.000    0
12.791602    300.000    0
12.802831    280.000    0
12.814061    295.000    0
12.82529    277.000    0
12.83652    311.000    0
12.847749    286.000    0
12.858979    258.000    0
12.870208    278.000    0
12.881437    326.000    0
12.892667    287.000    0
12.903896    321.000    0
12.915126    301.000    0
12.926355    311.000    0
12.937585    274.000    0
12.948814    269.000    0
12.960044    293.000    0
12.971273    301.000    0
12.982502    270.000    0
12.993732    307.000    0
13.004961    266.000    0
13.016191    306.000    0
13.02742    297.000    0
13.03865    241.000    0
13.049879    306.000    0
13.061109    291.000    0
13.072338    267.000    0
13.083568    277.000    0
13.094797    269.000    0
13.106026    319.000    0
13.117256    279.000    0
13.128485    283.000    0
13.139715    304.000    0
13.150944    308.000    0
13.162174    291.000    0
13.173403    283.000    0
13.184633    287.000    0
13.195862    291.000    0
13.207092    262.000    0
13.218321    308.000    0
13.22955    276.000    0
13.24078    305.000    0
13.252009    282.000    0
13.263239    269.000    0
13.274468    293.000    0
13.285698    265.000    0
13.296927    294.000    0
13.308157    274.000    0
13.319386    319.000    0
13.330615    304.000    0
13.341845    291.000    0
13.353074    281.000    0
13.364304    281.000    0
13.375533    283.000    0
13.386763    304.000    0
13.397992    266.000    0
13.409222    261.000    0
13.420451    277.000    0
13.431681    256.000    0
13.44291    298.000    0
13.454139    271.000    0
13.465369    280.000    0
13.476598    289.000    0
13.487828    307.000    0
13.499057    281.000    0
13.510287    283.000    0
13.521516    292.000    0
13.532746    258.000    0
13.543975    334.000    0
13.555204    312.000    0
13.566434    275.000    0
13.577663    277.000    0
13.588893    262.000    0
13.600122    278.000    0
13.611352    265.000    0
13.622581    277.000    0
13.633811    283.000    0
13.64504    286.000    0
13.65627    269.000    0
13.667499    245.000    0
13.678728    261.000    0
13.689958    282.000    0
13.701187    278.000    0
13.712417    261.000    0
13.723646    315.000    0
13.734876    287.000    0
13.746105    282.000    0
13.757335    305.000    0
13.768564    283.000    0
13.779793    281.000    0
13.791023    267.000    0
13.802252    269.000    0
13.813482    258.000    0
13.824711    308.000    0
13.835941    313.000    0
13.84717    291.000    0
13.8584    276.000    0
13.869629    237.000    0
13.880859    272.000    0
13.892088    296.000    0
13.903317    282.000    0
13.914547    303.000    0
13.925776    290.000    0
13.937006    293.000    0
13.948235    286.000    0
13.959465    276.000    0
13.970694    264.000    0
13.981924    281.000    0
13.993153    262.000    0
14.004382    274.000    0
14.015612    250.000    0
14.026841    294.000    0
14.038071    279.000    0
14.0493    286.000    0
14.06053    240.000    0
14.071759    292.000    0
14.082989    295.000    0
14.094218    291.000    0
14.105448    279.000    0
14.116677    284.000    0
14.127906    285.000    0
14.139136    314.000    0
14.150365    269.000    0
14.161595    298.000    0
14.172824    278.000    0
14.184054    286.000    0
14.195283    324.000    0
14.206513    315.000    0
14.217742    285.000    0
14.228971    317.000    0
14.240201    314.000    0
14.25143    274.000    0
14.26266    299.000    0
14.273889    306.000    0
14.285119    321.000    0
14.296348    275.000    0
14.307578    291.000    0
14.318807    333.000    0
14.330037    313.000    0
14.341266    327.000    0
14.352495    347.000    0
14.363725    344.000    0
14.374954    365.000    0
14.386184    360.000    0
14.397413    345.000    0
14.408643    410.000    0
14.419872    442.000    0
14.431102    430.000    0
14.442331    465.000    0
14.453561    543.000    0
14.46479    550.000    0
14.476019    631.000    0
14.487249    702.000    0
14.498478    746.000    0
14.509708    826.000    0
14.520937    1018.000    0
14.532167    1272.000    0
14.543396    1396.000    0
14.554626    1567.000    0
14.565855    1765.000    0
14.577084    2018.000    0
14.588314    2064.000    0
14.599543    2237.000    0
14.610773    2352.000    0
14.622002    2409.000    0
14.633232    2387.000    0
14.644461    2434.000    0
14.655691    2408.000    0
14.66692    2283.000    0
14.67815    2181.000    0
14.689379    2105.000    0
14.700608    1881.000    0
14.711838    1785.000    0
14.723067    1625.000    0
14.734297    1381.000    0
14.745526    1278.000    0
14.756756    1162.000    0
14.767985    970.000    0
14.779215    824.000    0
14.790444    703.000    0
14.801673    620.000    0
14.812903    559.000    0
14.824132    497.000    0
14.835362    486.000    0
14.846591    439.000    0
14.857821    381.000    0
14.86905    404.000    0
14.88028    374.000    0
14.891509    383.000    0
14.902739    376.000    0
14.913968    311.000    0
14.925197    350.000    0
14.936427    331.000    0
14.947656    362.000    0
14.958886    312.000    0
14.970115    321.000    0
14.981345    342.000    0
14.992574    294.000    0
15.003804    323.000    0
15.015033    349.000    0
15.026262    307.000    0
15.037492    344.000    0
15.048721    320.000    0
15.059951    312.000    0
15.07118    305.000    0
15.08241    335.000    0
15.093639    348.000    0
15.104869    320.000    0
15.116098    309.000    0
15.127328    326.000    0
15.138557    325.000    0
15.149786    312.000    0
15.161016    314.000    0
15.172245    317.000    0
15.183475    319.000    0
15.194704    277.000    0
15.205934    301.000    0
15.217163    294.000    0
15.228393    269.000    0
15.239622    318.000    0
15.250851    271.000    0
15.262081    282.000    0
15.27331    283.000    0
15.28454    278.000    0
15.295769    275.000    0
15.306999    310.000    0
15.318228    262.000    0
15.329458    289.000    0
15.340687    291.000    0
15.351917    290.000    0
15.363146    288.000    0
15.374375    270.000    0
15.385605    308.000    0
15.396834    266.000    0
15.408064    284.000    0
15.419293    313.000    0
15.430523    294.000    0
15.441752    262.000    0
15.452982    298.000    0
15.464211    294.000    0
15.47544    270.000    0
15.48667    260.000    0
15.497899    229.000    0
15.509129    269.000    0
15.520358    282.000    0
15.531588    267.000    0
15.542817    266.000    0
15.554047    266.000    0
15.565276    232.000    0
15.576506    274.000    0
15.587735    254.000    0
15.598964    256.000    0
15.610194    255.000    0
15.621423    242.000    0
15.632653    279.000    0
15.643882    276.000    0
15.655112    268.000    0
15.666341    280.000    0
15.677571    286.000    0
15.6888    301.000    0
15.700029    267.000    0
15.711259    261.000    0
15.722488    284.000    0
15.733718    265.000    0
15.744947    298.000    0
15.756177    299.000    0
15.767406    272.000    0
15.778636    299.000    0
15.789865    274.000    0
15.801095    258.000    0
15.812324    269.000    0
15.823553    264.000    0
15.834783    251.000    0
15.846012    259.000    0
15.857242    250.000    0
15.868471    259.000    0
15.879701    276.000    0
15.89093    275.000    0
15.90216    285.000    0
15.913389    266.000    0
15.924619    268.000    0
15.935848    284.000    0
15.947077    260.000    0
15.958307    280.000    0
15.969536    265.000    0
15.980766    280.000    0
15.991995    267.000    0
16.003225    247.000    0
16.014454    266.000    0
16.025684    277.000    0
16.036913    246.000    0
16.048142    265.000    0
16.059372    257.000    0
16.070601    302.000    0
16.081831    278.000    0
16.09306    243.000    0
16.10429    300.000    0
16.115519    248.000    0
16.126749    259.000    0
16.137978    270.000    0
16.149208    272.000    0
16.160437    279.000    0
16.171666    299.000    0
16.182896    295.000    0
16.194125    273.000    0
16.205355    268.000    0
16.216584    274.000    0
16.227814    260.000    0
16.239043    289.000    0
16.250273    303.000    0
16.261502    274.000    0
16.272731    247.000    0
16.283961    265.000    0
16.29519    249.000    0
16.30642    306.000    0
16.317649    261.000    0
16.328879    263.000    0
16.340108    220.000    0
16.351338    252.000    0
16.362567    259.000    0
16.373797    253.000    0
16.385026    288.000    0
16.396255    275.000    0
16.407485    276.000    0
16.418714    258.000    0
16.429944    247.000    0
16.441173    247.000    0
16.452403    259.000    0
16.463632    263.000    0
16.474862    266.000    0
16.486091    284.000    0
16.49732    272.000    0
16.50855    258.000    0
16.519779    273.000    0
16.531009    271.000    0
16.542238    275.000    0
16.553468    317.000    0
16.564697    292.000    0
16.575927    287.000    0
16.587156    321.000    0
16.598386    328.000    0
16.609615    370.000    0
16.620844    378.000    0
16.632074    388.000    0
16.643303    373.000    0
16.654533    438.000    0
16.665762    398.000    0
16.676992    406.000    0
16.688221    431.000    0
16.699451    381.000    0
16.71068    442.000    0
16.721909    462.000    0
16.733139    426.000    0
16.744368    436.000    0
16.755598    465.000    0
16.766827    446.000    0
16.778057    427.000    0
16.789286    456.000    0
16.800516    446.000    0
16.811745    449.000    0
16.822975    402.000    0
16.834204    432.000    0
16.845433    445.000    0
16.856663    416.000    0
16.867892    448.000    0
16.879122    409.000    0
16.890351    394.000    0
16.901581    361.000    0
16.91281    384.000    0
16.92404    402.000    0
16.935269    359.000    0
16.946498    375.000    0
16.957728    333.000    0
16.968957    344.000    0
16.980187    416.000    0
16.991416    375.000    0
17.002646    364.000    0
17.013875    342.000    0
17.025105    338.000    0
17.036334    345.000    0
17.047564    342.000    0
17.058793    372.000    0
17.070022    331.000    0
17.081252    340.000    0
17.092481    322.000    0
17.103711    330.000    0
17.11494    318.000    0
17.12617    328.000    0
17.137399    370.000    0
17.148629    318.000    0
17.159858    313.000    0
17.171088    344.000    0
17.182317    339.000    0
17.193546    301.000    0
17.204776    325.000    0
17.216005    317.000    0
17.227235    335.000    0
17.238464    349.000    0
17.249694    320.000    0
17.260923    308.000    0
17.272153    326.000    0
17.283382    293.000    0
17.294611    306.000    0
17.305841    300.000    0
17.31707    289.000    0
17.3283    316.000    0
17.339529    318.000    0
17.350759    334.000    0
17.361988    286.000    0
17.373218    285.000    0
17.384447    317.000    0
17.395677    305.000    0
17.406906    291.000    0
17.418135    278.000    0
17.429365    357.000    0
17.440594    316.000    0
17.451824    346.000    0
17.463053    303.000    0
17.474283    314.000    0
17.485512    311.000    0
17.496742    323.000    0
17.507971    301.000    0
17.5192    289.000    0
17.53043    280.000    0
17.541659    277.000    0
17.552889    312.000    0
17.564118    331.000    0
17.575348    303.000    0
17.586577    278.000    0
17.597807    312.000    0
17.609036    301.000    0
17.620266    315.000    0
17.631495    318.000    0
17.642724    319.000    0
17.653954    292.000    0
17.665183    297.000    0
17.676413    313.000    0
17.687642    323.000    0
17.698872    305.000    0
17.710101    279.000    0
17.721331    306.000    0
17.73256    319.000    0
17.743789    310.000    0
17.755019    335.000    0
17.766248    325.000    0
17.777478    309.000    0
17.788707    325.000    0
17.799937    286.000    0
17.811166    315.000    0
17.822396    357.000    0
17.833625    341.000    0
17.844855    318.000    0
17.856084    322.000    0
17.867313    320.000    0
17.878543    326.000    0
17.889772    331.000    0
17.901002    334.000    0
17.912231    326.000    0
17.923461    317.000    0
17.93469    308.000    0
17.94592    301.000    0
17.957149    269.000    0
17.968378    360.000    0
17.979608    343.000    0
17.990837    272.000    0
18.002067    337.000    0
18.013296    315.000    0
18.024526    302.000    0
18.035755    333.000    0
18.046985    300.000    0
18.058214    314.000    0
18.069444    308.000    0
18.080673    285.000    0
18.091902    322.000    0
18.103132    318.000    0
18.114361    295.000    0
18.125591    308.000    0
18.13682    299.000    0
18.14805    318.000    0
18.159279    336.000    0
18.170509    319.000    0
18.181738    326.000    0
18.192967    357.000    0
18.204197    339.000    0
18.215426    382.000    0
18.226656    388.000    0
18.237885    429.000    0
18.249115    438.000    0
18.260344    505.000    0
18.271574    567.000    0
18.282803    587.000    0
18.294033    624.000    0
18.305262    694.000    0
18.316491    712.000    0
18.327721    721.000    0
18.33895    733.000    0
18.35018    741.000    0
18.361409    755.000    0
18.372639    771.000    0
18.383868    729.000    0
18.395098    733.000    0
18.406327    692.000    0
18.417556    673.000    0
18.428786    612.000    0
18.440015    611.000    0
18.451245    618.000    0
18.462474    593.000    0
18.473704    553.000    0
18.484933    606.000    0
18.496163    494.000    0
18.507392    534.000    0
18.518622    494.000    0
18.529851    495.000    0
18.54108    531.000    0
18.55231    472.000    0
18.563539    477.000    0
18.574769    530.000    0
18.585998    448.000    0
18.597228    451.000    0
18.608457    484.000    0
18.619687    462.000    0
18.630916    478.000    0
18.642146    476.000    0
18.653375    467.000    0
18.664604    500.000    0
18.675834    502.000    0
18.687063    429.000    0
18.698293    428.000    0
18.709522    481.000    0
18.720752    504.000    0
18.731981    486.000    0
18.743211    449.000    0
18.75444    466.000    0
18.765669    464.000    0
18.776899    420.000    0
18.788128    422.000    0
18.799358    447.000    0
18.810587    453.000    0
18.821817    441.000    0
18.833046    487.000    0
18.844276    468.000    0
18.855505    438.000    0
18.866735    427.000    0
18.877964    432.000    0
18.889193    462.000    0
18.900423    505.000    0
18.911652    454.000    0
18.922882    435.000    0
18.934111    460.000    0
18.945341    441.000    0
18.95657    460.000    0
18.9678    470.000    0
18.979029    467.000    0
18.990258    504.000    0
19.001488    475.000    0
19.012717    471.000    0
19.023947    509.000    0
19.035176    478.000    0
19.046406    525.000    0
19.057635    513.000    0
19.068865    525.000    0
19.080094    520.000    0
19.091324    531.000    0
19.102553    550.000    0
19.113782    535.000    0
19.125012    638.000    0
19.136241    628.000    0
19.147471    635.000    0
19.1587    653.000    0
19.16993    675.000    0
19.181159    707.000    0
19.192389    652.000    0
19.203618    627.000    0
19.214847    599.000    0
19.226077    625.000    0
19.237306    560.000    0
19.248536    558.000    0
19.259765    557.000    0
19.270995    567.000    0
19.282224    546.000    0
19.293454    520.000    0
19.304683    482.000    0
19.315913    547.000    0
19.327142    534.000    0
19.338371    496.000    0
19.349601    502.000    0
19.36083    480.000    0
19.37206    493.000    0
19.383289    484.000    0
19.394519    526.000    0
19.405748    524.000    0
19.416978    423.000    0
19.428207    493.000    0
19.439436    455.000    0
19.450666    506.000    0
19.461895    524.000    0
19.473125    584.000    0
19.484354    520.000    0
19.495584    528.000    0
19.506813    563.000    0
19.518043    598.000    0
19.529272    576.000    0
19.540502    607.000    0
19.551731    587.000    0
19.56296    641.000    0
19.57419    645.000    0
19.585419    631.000    0
19.596649    622.000    0
19.607878    643.000    0
19.619108    639.000    0
19.630337    620.000    0
19.641567    619.000    0
19.652796    653.000    0
19.664025    620.000    0
19.675255    661.000    0
19.686484    669.000    0
19.697714    633.000    0
19.708943    640.000    0
19.720173    610.000    0
19.731402    624.000    0
19.742632    597.000    0
19.753861    600.000    0
19.765091    571.000    0
19.77632    543.000    0
19.787549    514.000    0
19.798779    503.000    0
19.810008    488.000    0
19.821238    508.000    0
19.832467    504.000    0
19.843697    497.000    0
19.854926    560.000    0
19.866156    505.000    0
19.877385    486.000    0
19.888614    461.000    0
19.899844    454.000    0
19.911073    450.000    0
19.922303    490.000    0
19.933532    451.000    0
19.944762    443.000    0
19.955991    471.000    0
19.967221    442.000    0
19.97845    445.000    0
19.98968    424.000    0
20.000909    436.000    0
20.012138    467.000    0
20.023368    467.000    0
20.034597    461.000    0
20.045827    473.000    0
20.057056    456.000    0
20.068286    452.000    0
20.079515    473.000    0
20.090745    478.000    0
20.101974    442.000    0
20.113204    404.000    0
20.124433    439.000    0
20.135662    453.000    0
20.146892    429.000    0
20.158121    414.000    0
20.169351    420.000    0
20.18058    432.000    0
20.19181    416.000    0
20.203039    417.000    0
20.214269    491.000    0
20.225498    445.000    0
20.236727    457.000    0
20.247957    439.000    0
20.259186    449.000    0
20.270416    414.000    0
20.281645    490.000    0
20.292875    452.000    0
20.304104    456.000    0
20.315334    479.000    0
20.326563    445.000    0
20.337793    471.000    0
20.349022    491.000    0
20.360251    486.000    0
20.371481    503.000    0
20.38271    460.000    0
20.39394    473.000    0
20.405169    480.000    0
20.416399    511.000    0
20.427628    496.000    0
20.438858    488.000    0
20.450087    489.000    0
20.461316    500.000    0
20.472546    537.000    0
20.483775    524.000    0
20.495005    572.000    0
20.506234    539.000    0
20.517464    536.000    0
20.528693    636.000    0
20.539923    553.000    0
20.551152    562.000    0
20.562382    555.000    0
20.573611    569.000    0
20.58484    553.000    0
20.59607    586.000    0
20.607299    560.000    0
20.618529    554.000    0
20.629758    634.000    0
20.640988    555.000    0
20.652217    534.000    0
20.663447    545.000    0
20.674676    505.000    0
20.685905    532.000    0
20.697135    521.000    0
20.708364    556.000    0
20.719594    454.000    0
20.730823    514.000    0
20.742053    509.000    0
20.753282    512.000    0
20.764512    486.000    0
20.775741    466.000    0
20.786971    461.000    0
20.7982    470.000    0
20.809429    466.000    0
20.820659    451.000    0
20.831888    473.000    0
20.843118    487.000    0
20.854347    505.000    0
20.865577    490.000    0
20.876806    458.000    0
20.888036    456.000    0
20.899265    452.000    0
20.910494    442.000    0
20.921724    441.000    0
20.932953    490.000    0
20.944183    478.000    0
20.955412    450.000    0
20.966642    430.000    0
20.977871    456.000    0
20.989101    433.000    0
21.00033    483.000    0
21.01156    530.000    0
21.022789    491.000    0
21.034018    505.000    0
21.045248    475.000    0
21.056477    482.000    0
21.067707    435.000    0
21.078936    486.000    0
21.090166    498.000    0
21.101395    453.000    0
21.112625    494.000    0
21.123854    439.000    0
21.135083    514.000    0
21.146313    421.000    0
21.157542    465.000    0
21.168772    446.000    0
21.180001    451.000    0
21.191231    469.000    0
21.20246    448.000    0
21.21369    411.000    0
21.224919    430.000    0
21.236149    451.000    0
21.247378    446.000    0
21.258607    456.000    0
21.269837    404.000    0
21.281066    458.000    0
21.292296    415.000    0
21.303525    379.000    0
21.314755    401.000    0
21.325984    403.000    0
21.337214    426.000    0
21.348443    444.000    0
21.359673    449.000    0
21.370902    420.000    0
21.382131    411.000    0
21.393361    447.000    0
21.40459    427.000    0
21.41582    403.000    0
21.427049    425.000    0
21.438279    425.000    0
21.449508    437.000    0
21.460738    430.000    0
21.471967    454.000    0
21.483196    426.000    0
21.494426    429.000    0
21.505655    461.000    0
21.516885    420.000    0
21.528114    425.000    0
21.539344    416.000    0
21.550573    394.000    0
21.561803    430.000    0
21.573032    426.000    0
21.584262    416.000    0
21.595491    403.000    0
21.60672    436.000    0
21.61795    411.000    0
21.629179    432.000    0
21.640409    406.000    0
21.651638    404.000    0
21.662868    426.000    0
21.674097    425.000    0
21.685327    420.000    0
21.696556    416.000    0
21.707785    381.000    0
21.719015    416.000    0
21.730244    445.000    0
21.741474    395.000    0
21.752703    388.000    0
21.763933    410.000    0
21.775162    443.000    0
21.786392    449.000    0
21.797621    438.000    0
21.808851    407.000    0
21.82008    400.000    0
21.831309    449.000    0
21.842539    406.000    0
21.853768    442.000    0
21.864998    422.000    0
21.876227    425.000    0
21.887457    406.000    0
21.898686    413.000    0
21.909916    428.000    0
21.921145    420.000    0
21.932374    391.000    0
21.943604    431.000    0
21.954833    371.000    0
21.966063    419.000    0
21.977292    384.000    0
21.988522    432.000    0
21.999751    432.000    0
22.010981    433.000    0
22.02221    399.000    0
22.03344    416.000    0
22.044669    404.000    0
22.055898    418.000    0
22.067128    374.000    0
22.078357    413.000    0
22.089587    420.000    0
22.100816    408.000    0
22.112046    403.000    0
22.123275    419.000    0
22.134505    386.000    0
22.145734    412.000    0
22.156963    413.000    0
22.168193    391.000    0
22.179422    434.000    0
22.190652    375.000    0
22.201881    388.000    0
22.213111    415.000    0
22.22434    382.000    0
22.23557    412.000    0
22.246799    432.000    0
22.258029    425.000    0
22.269258    430.000    0
22.280487    411.000    0
22.291717    417.000    0
22.302946    387.000    0
22.314176    417.000    0
22.325405    440.000    0
22.336635    423.000    0
22.347864    422.000    0
22.359094    422.000    0
22.370323    434.000    0
22.381552    435.000    0
22.392782    445.000    0
22.404011    429.000    0
22.415241    451.000    0
22.42647    405.000    0
22.4377    427.000    0
22.448929    422.000    0
22.460159    431.000    0
22.471388    424.000    0
22.482618    434.000    0
22.493847    459.000    0
22.505076    462.000    0
22.516306    427.000    0
22.527535    466.000    0
22.538765    461.000    0
22.549994    505.000    0
22.561224    512.000    0
22.572453    459.000    0
22.583683    561.000    0
22.594912    564.000    0
22.606141    597.000    0
22.617371    636.000    0
22.6286    711.000    0
22.63983    705.000    0
22.651059    793.000    0
22.662289    812.000    0
22.673518    856.000    0
22.684748    799.000    0
22.695977    827.000    0
22.707207    883.000    0
22.718436    749.000    0
22.729665    705.000    0
22.740895    776.000    0
22.752124    682.000    0
22.763354    671.000    0
22.774583    602.000    0
22.785813    552.000    0
22.797042    531.000    0
22.808272    469.000    0
22.819501    513.000    0
22.830731    444.000    0
22.84196    471.000    0
22.853189    467.000    0
22.864419    487.000    0
22.875648    475.000    0
22.886878    416.000    0
22.898107    403.000    0
22.909337    404.000    0
22.920566    461.000    0
22.931796    412.000    0
22.943025    430.000    0
22.954254    404.000    0
22.965484    414.000    0
22.976713    412.000    0
22.987943    413.000    0
22.999172    388.000    0
23.010402    404.000    0
23.021631    390.000    0
23.032861    388.000    0
23.04409    380.000    0
23.05532    387.000    0
23.066549    390.000    0
23.077778    394.000    0
23.089008    388.000    0
23.100237    434.000    0
23.111467    372.000    0
23.122696    403.000    0
23.133926    415.000    0
23.145155    371.000    0
23.156385    398.000    0
23.167614    397.000    0
23.178843    398.000    0
23.190073    346.000    0
23.201302    378.000    0
23.212532    382.000    0
23.223761    406.000    0
23.234991    386.000    0
23.24622    365.000    0
23.25745    370.000    0
23.268679    368.000    0
23.279909    378.000    0
23.291138    389.000    0
23.302367    356.000    0
23.313597    362.000    0
23.324826    409.000    0
23.336056    361.000    0
23.347285    346.000    0
23.358515    366.000    0
23.369744    400.000    0
23.380974    418.000    0
23.392203    419.000    0
23.403432    374.000    0
23.414662    408.000    0
23.425891    348.000    0
23.437121    380.000    0
23.44835    374.000    0
23.45958    384.000    0
23.470809    349.000    0
23.482039    386.000    0
23.493268    386.000    0
23.504498    366.000    0
23.515727    372.000    0
23.526956    378.000    0
23.538186    348.000    0
23.549415    352.000    0
23.560645    355.000    0
23.571874    384.000    0
23.583104    376.000    0
23.594333    420.000    0
23.605563    347.000    0
23.616792    402.000    0
23.628021    386.000    0
23.639251    366.000    0
23.65048    347.000    0
23.66171    404.000    0
23.672939    365.000    0
23.684169    341.000    0
23.695398    382.000    0
23.706628    392.000    0
23.717857    390.000    0
23.729087    405.000    0
23.740316    353.000    0
23.751545    382.000    0
23.762775    409.000    0
23.774004    351.000    0
23.785234    362.000    0
23.796463    363.000    0
23.807693    388.000    0
23.818922    366.000    0
23.830152    373.000    0
23.841381    374.000    0
23.85261    338.000    0
23.86384    366.000    0
23.875069    406.000    0
23.886299    395.000    0
23.897528    410.000    0
23.908758    384.000    0
23.919987    353.000    0
23.931217    391.000    0
23.942446    368.000    0
23.953676    400.000    0
23.964905    364.000    0
23.976134    348.000    0
23.987364    393.000    0
23.998593    354.000    0
24.009823    396.000    0
24.021052    398.000    0
24.032282    371.000    0
24.043511    391.000    0
24.054741    399.000    0
24.06597    362.000    0
24.0772    388.000    0
24.088429    385.000    0
24.099658    360.000    0
24.110888    364.000    0
24.122117    346.000    0
24.133347    375.000    0
24.144576    384.000    0
24.155806    330.000    0
24.167035    384.000    0
24.178265    351.000    0
24.189494    392.000    0
24.200723    361.000    0
24.211953    365.000    0
24.223182    361.000    0
24.234412    398.000    0
24.245641    327.000    0
24.256871    378.000    0
24.2681    369.000    0
24.27933    354.000    0
24.290559    340.000    0
24.301789    348.000    0
24.313018    353.000    0
24.324247    376.000    0
24.335477    358.000    0
24.346706    386.000    0
24.357936    382.000    0
24.369165    344.000    0
24.380395    333.000    0
24.391624    404.000    0
24.402854    362.000    0
24.414083    356.000    0
24.425312    380.000    0
24.436542    356.000    0
24.447771    390.000    0
24.459001    368.000    0
24.47023    360.000    0
24.48146    367.000    0
24.492689    328.000    0
24.503919    336.000    0
24.515148    371.000    0
24.526378    385.000    0
24.537607    371.000    0
24.548836    332.000    0
24.560066    346.000    0
24.571295    389.000    0
24.582525    398.000    0
24.593754    370.000    0
24.604984    385.000    0
24.616213    368.000    0
24.627443    459.000    0
24.638672    418.000    0
24.649901    396.000    0
24.661131    435.000    0
24.67236    449.000    0
24.68359    396.000    0
24.694819    429.000    0
24.706049    409.000    0
24.717278    399.000    0
24.728508    408.000    0
24.739737    392.000    0
24.750967    334.000    0
24.762196    396.000    0
24.773425    367.000    0
24.784655    371.000    0
24.795884    383.000    0
24.807114    385.000    0
24.818343    378.000    0
24.829573    398.000    0
24.840802    366.000    0
24.852032    381.000    0
24.863261    339.000    0
24.87449    399.000    0
24.88572    363.000    0
24.896949    376.000    0
24.908179    366.000    0
24.919408    380.000    0
24.930638    380.000    0
24.941867    399.000    0
24.953097    398.000    0
24.964326    417.000    0
24.975556    443.000    0
24.986785    413.000    0
24.998014    424.000    0
25.009244    456.000    0
25.020473    484.000    0
25.031703    527.000    0
25.042932    586.000    0
25.054162    616.000    0
25.065391    743.000    0
25.076621    829.000    0
25.08785    946.000    0
25.099079    1027.000    0
25.110309    1192.000    0
25.121538    1248.000    0
25.132768    1359.000    0
25.143997    1264.000    0
25.155227    1215.000    0
25.166456    1256.000    0
25.177686    1205.000    0
25.188915    1048.000    0
25.200145    1039.000    0
25.211374    886.000    0
25.222603    769.000    0
25.233833    758.000    0
25.245062    656.000    0
25.256292    621.000    0
25.267521    542.000    0
25.278751    500.000    0
25.28998    468.000    0
25.30121    442.000    0
25.312439    411.000    0
25.323668    407.000    0
25.334898    389.000    0
25.346127    353.000    0
25.357357    341.000    0
25.368586    355.000    0
25.379816    370.000    0
25.391045    368.000    0
25.402275    341.000    0
25.413504    374.000    0
25.424734    347.000    0
25.435963    365.000    0
25.447192    355.000    0
25.458422    357.000    0
25.469651    351.000    0
25.480881    333.000    0
25.49211    379.000    0
25.50334    329.000    0
25.514569    362.000    0
25.525799    373.000    0
25.537028    344.000    0
25.548258    322.000    0
25.559487    374.000    0
25.570716    308.000    0
25.581946    307.000    0
25.593175    346.000    0
25.604405    356.000    0
25.615634    349.000    0
25.626864    366.000    0
25.638093    376.000    0
25.649323    359.000    0
25.660552    353.000    0
25.671781    312.000    0
25.683011    334.000    0
25.69424    371.000    0
25.70547    362.000    0
25.716699    404.000    0
25.727929    337.000    0
25.739158    333.000    0
25.750388    364.000    0
25.761617    404.000    0
25.772847    389.000    0
25.784076    412.000    0
25.795305    385.000    0
25.806535    436.000    0
25.817764    408.000    0
25.828994    421.000    0
25.840223    420.000    0
25.851453    424.000    0
25.862682    441.000    0
25.873912    403.000    0
25.885141    485.000    0
25.89637    454.000    0
25.9076    487.000    0
25.918829    467.000    0
25.930059    479.000    0
25.941288    482.000    0
25.952518    463.000    0
25.963747    482.000    0
25.974977    477.000    0
25.986206    441.000    0
25.997436    436.000    0
26.008665    449.000    0
26.019894    456.000    0
26.031124    430.000    0
26.042353    454.000    0
26.053583    430.000    0
26.064812    436.000    0
26.076042    393.000    0
26.087271    404.000    0
26.098501    407.000    0
26.10973    397.000    0
26.120959    422.000    0
26.132189    416.000    0
26.143418    381.000    0
26.154648    384.000    0
26.165877    399.000    0
26.177107    386.000    0
26.188336    424.000    0
26.199566    394.000    0
26.210795    366.000    0
26.222025    373.000    0
26.233254    387.000    0
26.244483    398.000    0
26.255713    420.000    0
26.266942    401.000    0
26.278172    416.000    0
26.289401    378.000    0
26.300631    384.000    0
26.31186    406.000    0
26.32309    383.000    0
26.334319    402.000    0
26.345548    407.000    0
26.356778    397.000    0
26.368007    423.000    0
26.379237    409.000    0
26.390466    406.000    0
26.401696    378.000    0
26.412925    371.000    0
26.424155    388.000    0
26.435384    353.000    0
26.446614    378.000    0
26.457843    374.000    0
26.469072    378.000    0
26.480302    334.000    0
26.491531    338.000    0
26.502761    327.000    0
26.51399    298.000    0
26.52522    374.000    0
26.536449    339.000    0
26.547679    343.000    0
26.558908    347.000    0
26.570137    325.000    0
26.581367    355.000    0
26.592596    335.000    0
26.603826    353.000    0
26.615055    321.000    0
26.626285    324.000    0
26.637514    347.000    0
26.648744    352.000    0
26.659973    338.000    0
26.671203    347.000    0
26.682432    327.000    0
26.693661    336.000    0
26.704891    355.000    0
26.71612    330.000    0
26.72735    333.000    0
26.738579    338.000    0
26.749809    323.000    0
26.761038    337.000    0
26.772268    343.000    0
26.783497    318.000    0
26.794727    344.000    0
26.805956    348.000    0
26.817185    308.000    0
26.828415    315.000    0
26.839644    307.000    0
26.850874    356.000    0
26.862103    345.000    0
26.873333    311.000    0
26.884562    303.000    0
26.895792    336.000    0
26.907021    346.000    0
26.91825    349.000    0
26.92948    325.000    0
26.940709    344.000    0
26.951939    340.000    0
26.963168    366.000    0
26.974398    410.000    0
26.985627    410.000    0
26.996857    407.000    0
27.008086    361.000    0
27.019316    425.000    0
27.030545    429.000    0
27.041774    436.000    0
27.053004    449.000    0
27.064233    404.000    0
27.075463    437.000    0
27.086692    434.000    0
27.097922    408.000    0
27.109151    444.000    0
27.120381    428.000    0
27.13161    427.000    0
27.142839    463.000    0
27.154069    475.000    0
27.165298    433.000    0
27.176528    450.000    0
27.187757    456.000    0
27.198987    443.000    0
27.210216    406.000    0
27.221446    409.000    0
27.232675    423.000    0
27.243905    433.000    0
27.255134    484.000    0
27.266363    445.000    0
27.277593    424.000    0
27.288822    463.000    0
27.300052    425.000    0
27.311281    419.000    0
27.322511    423.000    0
27.33374    434.000    0
27.34497    448.000    0
27.356199    431.000    0
27.367428    437.000    0
27.378658    456.000    0
27.389887    409.000    0
27.401117    429.000    0
27.412346    405.000    0
27.423576    408.000    0
27.434805    389.000    0
27.446035    374.000    0
27.457264    399.000    0
27.468494    373.000    0
27.479723    397.000    0
27.490952    356.000    0
27.502182    372.000    0
27.513411    364.000    0
27.524641    373.000    0
27.53587    333.000    0
27.5471    356.000    0
27.558329    353.000    0
27.569559    344.000    0
27.580788    354.000    0
27.592017    347.000    0
27.603247    365.000    0
27.614476    315.000    0
27.625706    361.000    0
27.636935    333.000    0
27.648165    363.000    0
27.659394    356.000    0
27.670624    335.000    0
27.681853    299.000    0
27.693083    320.000    0
27.704312    347.000    0
27.715541    378.000    0
27.726771    333.000    0
27.738    321.000    0
27.74923    356.000    0
27.760459    354.000    0
27.771689    315.000    0
27.782918    345.000    0
27.794148    320.000    0
27.805377    321.000    0
27.816606    350.000    0
27.827836    312.000    0
27.839065    310.000    0
27.850295    339.000    0
27.861524    325.000    0
27.872754    340.000    0
27.883983    318.000    0
27.895213    313.000    0
27.906442    345.000    0
27.917672    328.000    0
27.928901    305.000    0
27.94013    343.000    0
27.95136    335.000    0
27.962589    354.000    0
27.973819    336.000    0
27.985048    324.000    0
27.996278    347.000    0
28.007507    328.000    0
28.018737    306.000    0
28.029966    299.000    0
28.041195    306.000    0
28.052425    317.000    0
28.063654    311.000    0
28.074884    326.000    0
28.086113    317.000    0
28.097343    351.000    0
28.108572    341.000    0
28.119802    286.000    0
28.131031    287.000    0
28.142261    337.000    0
28.15349    315.000    0
28.164719    295.000    0
28.175949    281.000    0
28.187178    329.000    0
28.198408    312.000    0
28.209637    328.000    0
28.220867    333.000    0
28.232096    308.000    0
28.243326    296.000    0
28.254555    329.000    0
28.265785    317.000    0
28.277014    295.000    0
28.288243    312.000    0
28.299473    283.000    0
28.310702    289.000    0
28.321932    302.000    0
28.333161    318.000    0
28.344391    312.000    0
28.35562    310.000    0
28.36685    292.000    0
28.378079    288.000    0
28.389308    308.000    0
28.400538    310.000    0
28.411767    339.000    0
28.422997    310.000    0
28.434226    307.000    0
28.445456    323.000    0
28.456685    317.000    0
28.467915    315.000    0
28.479144    358.000    0
28.490374    302.000    0
28.501603    326.000    0
28.512832    347.000    0
28.524062    315.000    0
28.535291    333.000    0
28.546521    356.000    0
28.55775    388.000    0
28.56898    330.000    0
28.580209    341.000    0
28.591439    344.000    0
28.602668    325.000    0
28.613897    378.000    0
28.625127    369.000    0
28.636356    342.000    0
28.647586    374.000    0
28.658815    408.000    0
28.670045    456.000    0
28.681274    410.000    0
28.692504    515.000    0
28.703733    469.000    0
28.714963    523.000    0
28.726192    623.000    0
28.737421    666.000    0
28.748651    656.000    0
28.75988    726.000    0
28.77111    729.000    0
28.782339    680.000    0
28.793569    664.000    0
28.804798    657.000    0
28.816028    643.000    0
28.827257    603.000    0
28.838486    596.000    0
28.849716    571.000    0
28.860945    500.000    0
28.872175    460.000    0
28.883404    479.000    0
28.894634    444.000    0
28.905863    442.000    0
28.917093    414.000    0
28.928322    405.000    0
28.939552    362.000    0
28.950781    358.000    0
28.96201    399.000    0
28.97324    359.000    0
28.984469    354.000    0
28.995699    357.000    0
29.006928    359.000    0
29.018158    346.000    0
29.029387    343.000    0
29.040617    325.000    0
29.051846    334.000    0
29.063075    342.000    0
29.074305    361.000    0
29.085534    354.000    0
29.096764    341.000    0
29.107993    370.000    0
29.119223    331.000    0
29.130452    347.000    0
29.141682    336.000    0
29.152911    349.000    0
29.164141    309.000    0
29.17537    386.000    0
29.186599    394.000    0
29.197829    457.000    0
29.209058    442.000    0
29.220288    448.000    0
29.231517    444.000    0
29.242747    421.000    0
29.253976    423.000    0
29.265206    489.000    0
29.276435    497.000    0
29.287664    485.000    0
29.298894    522.000    0
29.310123    500.000    0
29.321353    498.000    0
29.332582    530.000    0
29.343812    518.000    0
29.355041    519.000    0
29.366271    520.000    0
29.3775    533.000    0
29.38873    506.000    0
29.399959    488.000    0
29.411188    519.000    0
29.422418    507.000    0
29.433647    497.000    0
29.444877    525.000    0
29.456106    529.000    0
29.467336    503.000    0
29.478565    465.000    0
29.489795    458.000    0
29.501024    436.000    0
29.512253    457.000    0
29.523483    446.000    0
29.534712    447.000    0
29.545942    405.000    0
29.557171    430.000    0
29.568401    426.000    0
29.57963    416.000    0
29.59086    403.000    0
29.602089    410.000    0
29.613319    376.000    0
29.624548    357.000    0
29.635777    397.000    0
29.647007    354.000    0
29.658236    399.000    0
29.669466    342.000    0
29.680695    344.000    0
29.691925    324.000    0
29.703154    338.000    0
29.714384    302.000    0
29.725613    346.000    0
29.736843    332.000    0
29.748072    334.000    0
29.759301    310.000    0
29.770531    308.000    0
29.78176    306.000    0
29.79299    325.000    0
29.804219    327.000    0
29.815449    329.000    0
29.826678    305.000    0
29.837908    327.000    0
29.849137    328.000    0
29.860366    317.000    0
29.871596    315.000    0
29.882825    315.000    0
29.894055    304.000    0
29.905284    317.000    0
29.916514    310.000    0
29.927743    288.000    0
29.938973    292.000    0
29.950202    319.000    0
29.961432    309.000    0
29.972661    342.000    0
29.98389    309.000    0
29.99512    317.000    0
30.006349    322.000    0
30.017579    299.000    0
30.028808    314.000    0
30.040038    316.000    0
30.051267    314.000    0
30.062497    276.000    0
30.073726    314.000    0
30.084955    309.000    0
30.096185    320.000    0
30.107414    281.000    0
30.118644    288.000    0
30.129873    300.000    0
30.141103    288.000    0
30.152332    355.000    0
30.163562    308.000    0
30.174791    291.000    0
30.186021    306.000    0
30.19725    316.000    0
30.208479    314.000    0
30.219709    336.000    0
30.230938    336.000    0
30.242168    307.000    0
30.253397    346.000    0
30.264627    347.000    0
30.275856    385.000    0
30.287086    377.000    0
30.298315    417.000    0
30.309544    416.000    0
30.320774    454.000    0
30.332003    494.000    0
30.343233    511.000    0
30.354462    503.000    0
30.365692    528.000    0
30.376921    549.000    0
30.388151    531.000    0
30.39938    494.000    0
30.41061    503.000    0
30.421839    528.000    0
30.433068    474.000    0
30.444298    490.000    0
30.455527    448.000    0
30.466757    416.000    0
30.477986    413.000    0
30.489216    420.000    0
30.500445    348.000    0
30.511675    362.000    0
30.522904    366.000    0
30.534133    360.000    0
30.545363    326.000    0
30.556592    362.000    0
30.567822    350.000    0
30.579051    335.000    0
30.590281    319.000    0
30.60151    326.000    0
30.61274    333.000    0
30.623969    305.000    0
30.635199    293.000    0
30.646428    324.000    0
30.657657    341.000    0
30.668887    361.000    0
30.680116    358.000    0
30.691346    341.000    0
30.702575    381.000    0
30.713805    352.000    0
30.725034    360.000    0
30.736264    392.000    0
30.747493    387.000    0
30.758722    379.000    0
30.769952    360.000    0
30.781181    360.000    0
30.792411    368.000    0
30.80364    395.000    0
30.81487    389.000    0
30.826099    358.000    0
30.837329    364.000    0
30.848558    313.000    0
30.859788    327.000    0
30.871017    354.000    0
30.882246    321.000    0
30.893476    339.000    0
30.904705    316.000    0
30.915935    301.000    0
30.927164    332.000    0
30.938394    324.000    0
30.949623    286.000    0
30.960853    317.000    0
30.972082    322.000    0
30.983312    342.000    0
30.994541    309.000    0
31.00577    309.000    0
31.017    299.000    0
31.028229    308.000    0
31.039459    285.000    0
31.050688    312.000    0
31.061918    275.000    0
31.073147    270.000    0
31.084377    282.000    0
31.095606    296.000    0
31.106835    317.000    0
31.118065    296.000    0
31.129294    317.000    0
31.140524    268.000    0
31.151753    264.000    0
31.162983    287.000    0
31.174212    284.000    0
31.185442    283.000    0
31.196671    275.000    0
31.207901    258.000    0
31.21913    281.000    0
31.230359    285.000    0
31.241589    306.000    0
31.252818    294.000    0
31.264048    256.000    0
31.275277    278.000    0
31.286507    244.000    0
31.297736    263.000    0
31.308966    258.000    0
31.320195    271.000    0
31.331424    295.000    0
31.342654    263.000    0
31.353883    266.000    0
31.365113    276.000    0
31.376342    265.000    0
31.387572    270.000    0
31.398801    270.000    0
31.410031    271.000    0
31.42126    272.000    0
31.43249    257.000    0
31.443719    302.000    0
31.454948    270.000    0
31.466178    268.000    0
31.477407    282.000    0
31.488637    240.000    0
31.499866    264.000    0
31.511096    269.000    0
31.522325    278.000    0
31.533555    277.000    0
31.544784    262.000    0
31.556013    277.000    0
31.567243    264.000    0
31.578472    275.000    0
31.589702    276.000    0
31.600931    279.000    0
31.612161    297.000    0
31.62339    269.000    0
31.63462    285.000    0
31.645849    251.000    0
31.657079    236.000    0
31.668308    274.000    0
31.679537    298.000    0
31.690767    279.000    0
31.701996    276.000    0
31.713226    273.000    0
31.724455    253.000    0
31.735685    264.000    0
31.746914    257.000    0
31.758144    268.000    0
31.769373    268.000    0
31.780602    277.000    0
31.791832    281.000    0
31.803061    282.000    0
31.814291    282.000    0
31.82552    253.000    0
31.83675    284.000    0
31.847979    248.000    0
31.859209    251.000    0
31.870438    262.000    0
31.881668    230.000    0
31.892897    266.000    0
31.904126    244.000    0
31.915356    244.000    0
31.926585    262.000    0
31.937815    277.000    0
31.949044    263.000    0
31.960274    257.000    0
31.971503    263.000    0
31.982733    252.000    0
31.993962    266.000    0
32.005191    253.000    0
32.016421    261.000    0
32.02765    261.000    0
32.03888    254.000    0
32.050109    241.000    0
32.061339    247.000    0
32.072568    273.000    0
32.083798    281.000    0
32.095027    275.000    0
32.106257    283.000    0
32.117486    239.000    0
32.128715    285.000    0
32.139945    251.000    0
32.151174    248.000    0
32.162404    243.000    0
32.173633    280.000    0
32.184863    257.000    0
32.196092    267.000    0
32.207322    274.000    0
32.218551    254.000    0
32.22978    292.000    0
32.24101    289.000    0
32.252239    289.000    0
32.263469    281.000    0
32.274698    272.000    0
32.285928    318.000    0
32.297157    263.000    0
32.308387    259.000    0
32.319616    318.000    0
32.330846    268.000    0
32.342075    312.000    0
32.353304    287.000    0
32.364534    305.000    0
32.375763    285.000    0
32.386993    270.000    0
32.398222    309.000    0
32.409452    292.000    0
32.420681    308.000    0
32.431911    294.000    0
32.44314    289.000    0
32.45437    311.000    0
32.465599    329.000    0
32.476828    269.000    0
32.488058    321.000    0
32.499287    285.000    0
32.510517    308.000    0
32.521746    288.000    0
32.532976    324.000    0
32.544205    303.000    0
32.555435    305.000    0
32.566664    307.000    0
32.577893    288.000    0
32.589123    315.000    0
32.600352    301.000    0
32.611582    324.000    0
32.622811    299.000    0
32.634041    306.000    0
32.64527    283.000    0
32.6565    314.000    0
32.667729    301.000    0
32.678959    329.000    0
32.690188    343.000    0
32.701417    328.000    0
32.712647    389.000    0
32.723876    374.000    0
32.735106    385.000    0
32.746335    401.000    0
32.757565    395.000    0
32.768794    433.000    0
32.780024    411.000    0
32.791253    499.000    0
32.802482    449.000    0
32.813712    498.000    0
32.824941    479.000    0
32.836171    538.000    0
32.8474    544.000    0
32.85863    562.000    0
32.869859    537.000    0
32.881089    595.000    0
32.892318    561.000    0
32.903548    610.000    0
32.914777    651.000    0
32.926006    632.000    0
32.937236    613.000    0
32.948465    604.000    0
32.959695    621.000    0
32.970924    591.000    0
32.982154    623.000    0
32.993383    585.000    0
33.004613    582.000    0
33.015842    579.000    0
33.027071    498.000    0
33.038301    563.000    0
33.04953    536.000    0
33.06076    494.000    0
33.071989    530.000    0
33.083219    494.000    0
33.094448    479.000    0
33.105678    471.000    0
33.116907    442.000    0
33.128137    472.000    0
33.139366    402.000    0
33.150595    402.000    0
33.161825    359.000    0
33.173054    346.000    0
33.184284    354.000    0
33.195513    343.000    0
33.206743    317.000    0
33.217972    304.000    0
33.229202    290.000    0
33.240431    296.000    0
33.25166    309.000    0
33.26289    277.000    0
33.274119    294.000    0
33.285349    271.000    0
33.296578    258.000    0
33.307808    233.000    0
33.319037    279.000    0
33.330267    250.000    0
33.341496    265.000    0
33.352726    228.000    0
33.363955    241.000    0
33.375184    251.000    0
33.386414    260.000    0
33.397643    246.000    0
33.408873    220.000    0
33.420102    240.000    0
33.431332    246.000    0
33.442561    232.000    0
33.453791    222.000    0
33.46502    222.000    0
33.476249    250.000    0
33.487479    230.000    0
33.498708    236.000    0
33.509938    272.000    0
33.521167    265.000    0
33.532397    260.000    0
33.543626    250.000    0
33.554856    232.000    0
33.566085    237.000    0
33.577315    247.000    0
33.588544    236.000    0
33.599773    245.000    0
33.611003    271.000    0
33.622232    276.000    0
33.633462    282.000    0
33.644691    243.000    0
33.655921    266.000    0
33.66715    295.000    0
33.67838    262.000    0
33.689609    267.000    0
33.700839    278.000    0
33.712068    260.000    0
33.723297    287.000    0
33.734527    267.000    0
33.745756    235.000    0
33.756986    276.000    0
33.768215    255.000    0
33.779445    244.000    0
33.790674    270.000    0
33.801904    256.000    0
33.813133    233.000    0
33.824362    258.000    0
33.835592    263.000    0
33.846821    241.000    0
33.858051    268.000    0
33.86928    253.000    0
33.88051    258.000    0
33.891739    233.000    0
33.902969    255.000    0
33.914198    230.000    0
33.925428    261.000    0
33.936657    248.000    0
33.947886    261.000    0
33.959116    228.000    0
33.970345    212.000    0
33.981575    252.000    0
33.992804    210.000    0
34.004034    203.000    0
34.015263    219.000    0
34.026493    229.000    0
34.037722    201.000    0
34.048951    210.000    0
34.060181    199.000    0
34.07141    223.000    0
34.08264    238.000    0
34.093869    197.000    0
34.105099    238.000    0
34.116328    205.000    0
34.127558    224.000    0
34.138787    198.000    0
34.150017    203.000    0
34.161246    218.000    0
34.172475    269.000    0
34.183705    220.000    0
34.194934    231.000    0
34.206164    262.000    0
34.217393    222.000    0
34.228623    226.000    0
34.239852    248.000    0
34.251082    245.000    0
34.262311    218.000    0
34.27354    192.000    0
34.28477    236.000    0
34.295999    230.000    0
34.307229    267.000    0
34.318458    232.000    0
34.329688    221.000    0
34.340917    235.000    0
34.352147    238.000    0
34.363376    213.000    0
34.374606    242.000    0
34.385835    241.000    0
34.397064    235.000    0
34.408294    229.000    0
34.419523    230.000    0
34.430753    226.000    0
34.441982    223.000    0
34.453212    227.000    0
34.464441    220.000    0
34.475671    206.000    0
34.4869    229.000    0
34.498129    234.000    0
34.509359    270.000    0
34.520588    215.000    0
34.531818    236.000    0
34.543047    228.000    0
34.554277    210.000    0
34.565506    213.000    0
34.576736    205.000    0
34.587965    226.000    0
34.599195    199.000    0
34.610424    229.000    0
34.621653    204.000    0
34.632883    211.000    0
34.644112    208.000    0
34.655342    208.000    0
34.666571    203.000    0
34.677801    214.000    0
34.68903    233.000    0
34.70026    205.000    0
34.711489    161.000    0
34.722718    227.000    0
34.733948    225.000    0
34.745177    211.000    0
34.756407    197.000    0
34.767636    231.000    0
34.778866    231.000    0
34.790095    211.000    0
34.801325    211.000    0
34.812554    231.000    0
34.823784    209.000    0
34.835013    215.000    0
34.846242    215.000    0
34.857472    232.000    0
34.868701    228.000    0
34.879931    201.000    0
34.89116    213.000    0
34.90239    193.000    0
34.913619    239.000    0
34.924849    224.000    0
34.936078    235.000    0
34.947307    223.000    0
34.958537    218.000    0
34.969766    208.000    0
34.980996    221.000    0
34.992225    217.000    0
35.003455    173.000    0
35.014684    229.000    0
35.025914    220.000    0
35.037143    234.000    0
35.048373    203.000    0
35.059602    218.000    0
35.070831    194.000    0
35.082061    208.000    0
35.09329    211.000    0
35.10452    202.000    0
35.115749    193.000    0
35.126979    228.000    0
35.138208    216.000    0
35.149438    216.000    0
35.160667    204.000    0
35.171897    233.000    0
35.183126    238.000    0
35.194355    185.000    0
35.205585    197.000    0
35.216814    213.000    0
35.228044    238.000    0
35.239273    195.000    0
35.250503    208.000    0
35.261732    198.000    0
35.272962    202.000    0
35.284191    220.000    0
35.29542    227.000    0
35.30665    235.000    0
35.317879    214.000    0
35.329109    227.000    0
35.340338    206.000    0
35.351568    195.000    0
35.362797    214.000    0
35.374027    237.000    0
35.385256    220.000    0
35.396486    176.000    0
35.407715    182.000    0
35.418944    231.000    0
35.430174    212.000    0
35.441403    193.000    0
35.452633    211.000    0
35.463862    201.000    0
35.475092    215.000    0
35.486321    208.000    0
35.497551    215.000    0
35.50878    224.000    0
35.520009    194.000    0
35.531239    231.000    0
35.542468    226.000    0
35.553698    212.000    0
35.564927    192.000    0
35.576157    181.000    0
35.587386    201.000    0
35.598616    213.000    0
35.609845    209.000    0
35.621075    252.000    0
35.632304    194.000    0
35.643533    207.000    0
35.654763    223.000    0
35.665992    219.000    0
35.677222    195.000    0
35.688451    212.000    0
35.699681    216.000    0
35.71091    214.000    0
35.72214    203.000    0
35.733369    193.000    0
35.744598    208.000    0
35.755828    188.000    0
35.767057    218.000    0
35.778287    204.000    0
35.789516    224.000    0
35.800746    196.000    0
35.811975    188.000    0
35.823205    211.000    0
35.834434    213.000    0
35.845664    203.000    0
35.856893    203.000    0
35.868122    206.000    0
35.879352    219.000    0
35.890581    227.000    0
35.901811    195.000    0
35.91304    223.000    0
35.92427    233.000    0
35.935499    184.000    0
35.946729    204.000    0
35.957958    203.000    0
35.969187    172.000    0
35.980417    194.000    0
35.991646    227.000    0
36.002876    209.000    0
36.014105    195.000    0
36.025335    210.000    0
36.036564    181.000    0
36.047794    211.000    0
36.059023    202.000    0
36.070253    204.000    0
36.081482    213.000    0
36.092711    197.000    0
36.103941    201.000    0
36.11517    200.000    0
36.1264    232.000    0
36.137629    195.000    0
36.148859    214.000    0
36.160088    193.000    0
36.171318    203.000    0
36.182547    195.000    0
36.193776    215.000    0
36.205006    207.000    0
36.216235    185.000    0
36.227465    195.000    0
36.238694    204.000    0
36.249924    219.000    0
36.261153    190.000    0
36.272383    208.000    0
36.283612    211.000    0
36.294842    225.000    0
36.306071    209.000    0
36.3173    199.000    0
36.32853    193.000    0
36.339759    195.000    0
36.350989    198.000    0
36.362218    217.000    0
36.373448    210.000    0
36.384677    206.000    0
36.395907    197.000    0
36.407136    224.000    0
36.418366    184.000    0
36.429595    208.000    0
36.440824    188.000    0
36.452054    198.000    0
36.463283    207.000    0
36.474513    176.000    0
36.485742    223.000    0
36.496972    194.000    0
36.508201    221.000    0
36.519431    197.000    0
36.53066    209.000    0
36.541889    199.000    0
36.553119    199.000    0
36.564348    193.000    0
36.575578    201.000    0
36.586807    214.000    0
36.598037    205.000    0
36.609266    200.000    0
36.620496    211.000    0
36.631725    190.000    0
36.642955    206.000    0
36.654184    202.000    0
36.665413    218.000    0
36.676643    200.000    0
36.687872    208.000    0
36.699102    211.000    0
36.710331    215.000    0
36.721561    201.000    0
36.73279    198.000    0
36.74402    210.000    0
36.755249    209.000    0
36.766478    219.000    0
36.777708    218.000    0
36.788937    204.000    0
36.800167    190.000    0
36.811396    221.000    0
36.822626    223.000    0
36.833855    227.000    0
36.845085    230.000    0
36.856314    218.000    0
36.867544    202.000    0
36.878773    220.000    0
36.890002    239.000    0
36.901232    215.000    0
36.912461    228.000    0
36.923691    237.000    0
36.93492    228.000    0
36.94615    208.000    0
36.957379    236.000    0
36.968609    236.000    0
36.979838    258.000    0
36.991067    214.000    0
37.002297    215.000    0
37.013526    235.000    0
37.024756    272.000    0
37.035985    274.000    0
37.047215    265.000    0
37.058444    307.000    0
37.069674    317.000    0
37.080903    310.000    0
37.092133    300.000    0
37.103362    353.000    0
37.114591    369.000    0
37.125821    339.000    0
37.13705    349.000    0
37.14828    357.000    0
37.159509    357.000    0
37.170739    330.000    0
37.181968    346.000    0
37.193198    302.000    0
37.204427    333.000    0
37.215656    323.000    0
37.226886    330.000    0
37.238115    285.000    0
37.249345    314.000    0
37.260574    269.000    0
37.271804    307.000    0
37.283033    268.000    0
37.294263    273.000    0
37.305492    267.000    0
37.316722    263.000    0
37.327951    263.000    0
37.33918    272.000    0
37.35041    270.000    0
37.361639    276.000    0
37.372869    273.000    0
37.384098    263.000    0
37.395328    270.000    0
37.406557    275.000    0
37.417787    275.000    0
37.429016    299.000    0
37.440245    279.000    0
37.451475    317.000    0
37.462704    300.000    0
37.473934    274.000    0
37.485163    278.000    0
37.496393    279.000    0
37.507622    301.000    0
37.518852    299.000    0
37.530081    315.000    0
37.541311    284.000    0
37.55254    239.000    0
37.563769    298.000    0
37.574999    286.000    0
37.586228    293.000    0
37.597458    307.000    0
37.608687    301.000    0
37.619917    303.000    0
37.631146    276.000    0
37.642376    257.000    0
37.653605    288.000    0
37.664834    319.000    0
37.676064    315.000    0
37.687293    307.000    0
37.698523    257.000    0
37.709752    289.000    0
37.720982    260.000    0
37.732211    292.000    0
37.743441    267.000    0
37.75467    284.000    0
37.7659    255.000    0
37.777129    252.000    0
37.788358    281.000    0
37.799588    254.000    0
37.810817    289.000    0
37.822047    262.000    0
37.833276    282.000    0
37.844506    276.000    0
37.855735    298.000    0
37.866965    240.000    0
37.878194    268.000    0
37.889424    262.000    0
37.900653    279.000    0
37.911882    264.000    0
37.923112    263.000    0
37.934341    252.000    0
37.945571    247.000    0
37.9568    277.000    0
37.96803    244.000    0
37.979259    262.000    0
37.990489    232.000    0
38.001718    278.000    0
38.012947    241.000    0
38.024177    264.000    0
38.035406    229.000    0
38.046636    296.000    0
38.057865    269.000    0
38.069095    270.000    0
38.080324    279.000    0
38.091554    257.000    0
38.102783    249.000    0
38.114013    260.000    0
38.125242    281.000    0
38.136471    255.000    0
38.147701    247.000    0
38.15893    286.000    0
38.17016    271.000    0
38.181389    288.000    0
38.192619    293.000    0
38.203848    244.000    0
38.215078    247.000    0
38.226307    286.000    0
38.237536    289.000    0
38.248766    256.000    0
38.259995    288.000    0
38.271225    256.000    0
38.282454    253.000    0
38.293684    256.000    0
38.304913    244.000    0
38.316143    249.000    0
38.327372    227.000    0
38.338602    263.000    0
38.349831    242.000    0
38.36106    228.000    0
38.37229    249.000    0
38.383519    241.000    0
38.394749    199.000    0
38.405978    235.000    0
38.417208    230.000    0
38.428437    234.000    0
38.439667    241.000    0
38.450896    216.000    0
38.462125    202.000    0
38.473355    242.000    0
38.484584    226.000    0
38.495814    207.000    0
38.507043    219.000    0
38.518273    237.000    0
38.529502    215.000    0
38.540732    252.000    0
38.551961    244.000    0
38.563191    193.000    0
38.57442    202.000    0
38.585649    218.000    0
38.596879    222.000    0
38.608108    229.000    0
38.619338    235.000    0
38.630567    231.000    0
38.641797    220.000    0
38.653026    253.000    0
38.664256    209.000    0
38.675485    246.000    0
38.686714    249.000    0
38.697944    220.000    0
38.709173    222.000    0
38.720403    237.000    0
38.731632    273.000    0
38.742862    244.000    0
38.754091    240.000    0
38.765321    284.000    0
38.77655    230.000    0
38.78778    260.000    0
38.799009    272.000    0
38.810238    261.000    0
38.821468    253.000    0
38.832697    237.000    0
38.843927    235.000    0
38.855156    272.000    0
38.866386    225.000    0
38.877615    256.000    0
38.888845    265.000    0
38.900074    340.000    0
38.911303    298.000    0
38.922533    299.000    0
38.933762    357.000    0
38.944992    350.000    0
38.956221    347.000    0
38.967451    357.000    0
38.97868    361.000    0
38.98991    416.000    0
39.001139    413.000    0
39.012369    407.000    0
39.023598    421.000    0
39.034827    397.000    0
39.046057    382.000    0
39.057286    412.000    0
39.068516    459.000    0
39.079745    432.000    0
39.090975    445.000    0
39.102204    442.000    0
39.113434    431.000    0
39.124663    457.000    0
39.135892    448.000    0
39.147122    457.000    0
39.158351    502.000    0
39.169581    490.000    0
39.18081    495.000    0
39.19204    505.000    0
39.203269    498.000    0
39.214499    515.000    0
39.225728    513.000    0
39.236958    481.000    0
39.248187    523.000    0
39.259416    544.000    0
39.270646    495.000    0
39.281875    500.000    0
39.293105    510.000    0
39.304334    513.000    0
39.315564    459.000    0
39.326793    505.000    0
39.338023    476.000    0
39.349252    501.000    0
39.360482    440.000    0
39.371711    418.000    0
39.38294    418.000    0
39.39417    429.000    0
39.405399    452.000    0
39.416629    408.000    0
39.427858    380.000    0
39.439088    340.000    0
39.450317    393.000    0
39.461547    349.000    0
39.472776    316.000    0
39.484005    323.000    0
39.495235    255.000    0
39.506464    317.000    0
39.517694    328.000    0
39.528923    282.000    0
39.540153    311.000    0
39.551382    298.000    0
39.562612    277.000    0
39.573841    292.000    0
39.585071    280.000    0
39.5963    292.000    0
39.607529    273.000    0
39.618759    280.000    0
39.629988    276.000    0
39.641218    248.000    0
39.652447    297.000    0
39.663677    263.000    0
39.674906    271.000    0
39.686136    287.000    0
39.697365    287.000    0
39.708594    262.000    0
39.719824    279.000    0
39.731053    234.000    0
39.742283    243.000    0
39.753512    274.000    0
39.764742    278.000    0
39.775971    250.000    0
39.787201    264.000    0
39.79843    264.000    0
39.80966    240.000    0
39.820889    284.000    0
39.832118    234.000    0
39.843348    252.000    0
39.854577    254.000    0
39.865807    272.000    0
39.877036    249.000    0
39.888266    267.000    0
39.899495    233.000    0
39.910725    240.000    0
39.921954    255.000    0
39.933183    258.000    0
39.944413    246.000    0
39.955642    242.000    0
39.966872    226.000    0
39.978101    251.000    0
39.989331    254.000    0
40.00056    258.000    0
40.01179    242.000    0
40.023019    242.000    0
40.034249    243.000    0
40.045478    248.000    0
40.056707    234.000    0
40.067937    228.000    0
40.079166    233.000    0
40.090396    212.000    0
40.101625    248.000    0
40.112855    239.000    0
40.124084    227.000    0
40.135314    274.000    0
40.146543    251.000    0
40.157772    257.000    0
40.169002    237.000    0
40.180231    274.000    0
40.191461    255.000    0
40.20269    268.000    0
40.21392    298.000    0
40.225149    260.000    0
40.236379    286.000    0
40.247608    280.000    0
40.258838    247.000    0
40.270067    269.000    0
40.281296    290.000    0
40.292526    297.000    0
40.303755    272.000    0
40.314985    283.000    0
40.326214    274.000    0
40.337444    299.000    0
40.348673    323.000    0
40.359903    295.000    0
40.371132    285.000    0
40.382361    305.000    0
40.393591    275.000    0
40.40482    314.000    0
40.41605    304.000    0
40.427279    338.000    0
40.438509    274.000    0
40.449738    278.000    0
40.460968    296.000    0
40.472197    289.000    0
40.483427    290.000    0
40.494656    287.000    0
40.505885    314.000    0
40.517115    288.000    0
40.528344    282.000    0
40.539574    275.000    0
40.550803    280.000    0
40.562033    279.000    0
40.573262    258.000    0
40.584492    308.000    0
40.595721    276.000    0
40.606951    290.000    0
40.61818    294.000    0
40.629409    288.000    0
40.640639    243.000    0
40.651868    288.000    0
40.663098    271.000    0
40.674327    281.000    0
40.685557    262.000    0
40.696786    240.000    0
40.708016    269.000    0
40.719245    273.000    0
40.730474    272.000    0
40.741704    241.000    0
40.752933    254.000    0
40.764163    263.000    0
40.775392    246.000    0
40.786622    265.000    0
40.797851    229.000    0
40.809081    234.000    0
40.82031    246.000    0
40.83154    212.000    0
40.842769    236.000    0
40.853998    253.000    0
40.865228    247.000    0
40.876457    240.000    0
40.887687    262.000    0
40.898916    244.000    0
40.910146    249.000    0
40.921375    209.000    0
40.932605    262.000    0
40.943834    254.000    0
40.955063    244.000    0
40.966293    236.000    0
40.977522    234.000    0
40.988752    205.000    0
40.999981    227.000    0
41.011211    234.000    0
41.02244    232.000    0
41.03367    237.000    0
41.044899    224.000    0
41.056129    234.000    0
41.067358    212.000    0
41.078587    201.000    0
41.089817    221.000    0
41.101046    216.000    0
41.112276    226.000    0
41.123505    210.000    0
41.134735    186.000    0
41.145964    218.000    0
41.157194    195.000    0
41.168423    208.000    0
41.179652    231.000    0
41.190882    218.000    0
41.202111    204.000    0
41.213341    195.000    0
41.22457    193.000    0
41.2358    186.000    0
41.247029    210.000    0
41.258259    233.000    0
41.269488    223.000    0
41.280718    202.000    0
41.291947    184.000    0
41.303176    194.000    0
41.314406    211.000    0
41.325635    213.000    0
41.336865    217.000    0
41.348094    206.000    0
41.359324    199.000    0
41.370553    207.000    0
41.381783    192.000    0
41.393012    206.000    0
41.404241    206.000    0
41.415471    230.000    0
41.4267    180.000    0
41.43793    190.000    0
41.449159    223.000    0
41.460389    210.000    0
41.471618    185.000    0
41.482848    207.000    0
41.494077    205.000    0
41.505307    202.000    0
41.516536    200.000    0
41.527765    206.000    0
41.538995    229.000    0
41.550224    178.000    0
41.561454    203.000    0
41.572683    200.000    0
41.583913    184.000    0
41.595142    183.000    0
41.606372    215.000    0
41.617601    220.000    0
41.62883    221.000    0
41.64006    224.000    0
41.651289    242.000    0
41.662519    231.000    0
41.673748    231.000    0
41.684978    249.000    0
41.696207    244.000    0
41.707437    219.000    0
41.718666    225.000    0
41.729896    215.000    0
41.741125    247.000    0
41.752354    238.000    0
41.763584    235.000    0
41.774813    217.000    0
41.786043    224.000    0
41.797272    239.000    0
41.808502    245.000    0
41.819731    231.000    0
41.830961    227.000    0
41.84219    241.000    0
41.853419    246.000    0
41.864649    227.000    0
41.875878    234.000    0
41.887108    223.000    0
41.898337    244.000    0
41.909567    204.000    0
41.920796    232.000    0
41.932026    243.000    0
41.943255    236.000    0
41.954485    236.000    0
41.965714    232.000    0
41.976943    229.000    0
41.988173    221.000    0
41.999402    230.000    0
42.010632    233.000    0
42.021861    221.000    0
42.033091    234.000    0
42.04432    243.000    0
42.05555    203.000    0
42.066779    234.000    0
42.078009    226.000    0
42.089238    235.000    0
42.100467    242.000    0
42.111697    224.000    0
42.122926    258.000    0
42.134156    231.000    0
42.145385    226.000    0
42.156615    232.000    0
42.167844    259.000    0
42.179074    268.000    0
42.190303    275.000    0
42.201532    253.000    0
42.212762    288.000    0
42.223991    305.000    0
42.235221    282.000    0
42.24645    314.000    0
42.25768    280.000    0
42.268909    295.000    0
42.280139    317.000    0
42.291368    331.000    0
42.302598    286.000    0
42.313827    348.000    0
42.325056    338.000    0
42.336286    322.000    0
42.347515    334.000    0
42.358745    342.000    0
42.369974    339.000    0
42.381204    366.000    0
42.392433    359.000    0
42.403663    328.000    0
42.414892    341.000    0
42.426121    325.000    0
42.437351    344.000    0
42.44858    316.000    0
42.45981    326.000    0
42.471039    353.000    0
42.482269    346.000    0
42.493498    333.000    0
42.504728    314.000    0
42.515957    322.000    0
42.527187    330.000    0
42.538416    326.000    0
42.549645    324.000    0
42.560875    329.000    0
42.572104    334.000    0
42.583334    325.000    0
42.594563    341.000    0
42.605793    320.000    0
42.617022    308.000    0
42.628252    290.000    0
42.639481    287.000    0
42.65071    283.000    0
42.66194    310.000    0
42.673169    275.000    0
42.684399    265.000    0
42.695628    270.000    0
42.706858    239.000    0
42.718087    250.000    0
42.729317    284.000    0
42.740546    257.000    0
42.751776    263.000    0
42.763005    278.000    0
42.774234    257.000    0
42.785464    252.000    0
42.796693    228.000    0
42.807923    257.000    0
42.819152    245.000    0
42.830382    234.000    0
42.841611    248.000    0
42.852841    267.000    0
42.86407    234.000    0
42.875299    245.000    0
42.886529    224.000    0
42.897758    256.000    0
42.908988    242.000    0
42.920217    228.000    0
42.931447    253.000    0
42.942676    266.000    0
42.953906    232.000    0
42.965135    252.000    0
42.976365    235.000    0
42.987594    210.000    0
42.998823    209.000    0
43.010053    218.000    0
43.021282    210.000    0
43.032512    226.000    0
43.043741    220.000    0
43.054971    210.000    0
43.0662    198.000    0
43.07743    242.000    0
43.088659    206.000    0
43.099888    212.000    0
43.111118    214.000    0
43.122347    214.000    0
43.133577    234.000    0
43.144806    208.000    0
43.156036    234.000    0
43.167265    209.000    0
43.178495    191.000    0
43.189724    209.000    0
43.200954    226.000    0
43.212183    227.000    0
43.223412    208.000    0
43.234642    230.000    0
43.245871    224.000    0
43.257101    206.000    0
43.26833    198.000    0
43.27956    207.000    0
43.290789    232.000    0
43.302019    202.000    0
43.313248    221.000    0
43.324478    214.000    0
43.335707    204.000    0
43.346936    228.000    0
43.358166    220.000    0
43.369395    208.000    0
43.380625    200.000    0
43.391854    224.000    0
43.403084    212.000    0
43.414313    184.000    0
43.425543    186.000    0
43.436772    209.000    0
43.448001    210.000    0
43.459231    238.000    0
43.47046    197.000    0
43.48169    198.000    0
43.492919    194.000    0
43.504149    219.000    0
43.515378    201.000    0
43.526608    196.000    0
43.537837    208.000    0
43.549067    226.000    0
43.560296    223.000    0
43.571525    206.000    0
43.582755    228.000    0
43.593984    219.000    0
43.605214    202.000    0
43.616443    205.000    0
43.627673    216.000    0
43.638902    276.000    0
43.650132    210.000    0
43.661361    208.000    0
43.67259    205.000    0
43.68382    251.000    0
43.695049    218.000    0
43.706279    203.000    0
43.717508    205.000    0
43.728738    212.000    0
43.739967    197.000    0
43.751197    218.000    0
43.762426    208.000    0
43.773656    231.000    0
43.784885    198.000    0
43.796114    206.000    0
43.807344    200.000    0
43.818573    218.000    0
43.829803    188.000    0
43.841032    214.000    0
43.852262    207.000    0
43.863491    196.000    0
43.874721    226.000    0
43.88595    230.000    0
43.897179    217.000    0
43.908409    205.000    0
43.919638    186.000    0
43.930868    197.000    0
43.942097    203.000    0
43.953327    223.000    0
43.964556    191.000    0
43.975786    192.000    0
43.987015    221.000    0
43.998245    215.000    0
44.009474    207.000    0
44.020703    203.000    0
44.031933    202.000    0
44.043162    173.000    0
44.054392    203.000    0
44.065621    193.000    0
44.076851    206.000    0
44.08808    203.000    0
44.09931    220.000    0
44.110539    195.000    0
44.121768    187.000    0
44.132998    211.000    0
44.144227    201.000    0
44.155457    198.000    0
44.166686    213.000    0
44.177916    194.000    0
44.189145    196.000    0
44.200375    179.000    0
44.211604    206.000    0
44.222834    188.000    0
44.234063    191.000    0
44.245292    207.000    0
44.256522    179.000    0
44.267751    193.000    0
44.278981    215.000    0
44.29021    183.000    0
44.30144    195.000    0
44.312669    182.000    0
44.323899    195.000    0
44.335128    184.000    0
44.346357    206.000    0
44.357587    181.000    0
44.368816    207.000    0
44.380046    172.000    0
44.391275    181.000    0
44.402505    193.000    0
44.413734    187.000    0
44.424964    183.000    0
44.436193    169.000    0
44.447423    206.000    0
44.458652    179.000    0
44.469881    210.000    0
44.481111    220.000    0
44.49234    217.000    0
44.50357    170.000    0
44.514799    206.000    0
44.526029    186.000    0
44.537258    213.000    0
44.548488    186.000    0
44.559717    200.000    0
44.570946    175.000    0
44.582176    188.000    0
44.593405    189.000    0
44.604635    205.000    0
44.615864    183.000    0
44.627094    199.000    0
44.638323    175.000    0
44.649553    190.000    0
44.660782    196.000    0
44.672012    182.000    0
44.683241    179.000    0
44.69447    188.000    0
44.7057    184.000    0
44.716929    195.000    0
44.728159    217.000    0
44.739388    184.000    0
44.750618    180.000    0
44.761847    183.000    0
44.773077    171.000    0
44.784306    194.000    0
44.795536    201.000    0
44.806765    216.000    0
44.817994    184.000    0
44.829224    181.000    0
44.840453    183.000    0
44.851683    197.000    0
44.862912    187.000    0
44.874142    212.000    0
44.885371    222.000    0
44.896601    227.000    0
44.90783    212.000    0
44.919059    210.000    0
44.930289    226.000    0
44.941518    193.000    0
44.952748    221.000    0
44.963977    219.000    0
44.975207    235.000    0
44.986436    227.000    0
44.997666    245.000    0
45.008895    251.000    0
45.020125    232.000    0
45.031354    242.000    0
45.042583    262.000    0
45.053813    269.000    0
45.065042    260.000    0
45.076272    266.000    0
45.087501    252.000    0
45.098731    263.000    0
45.10996    272.000    0
45.12119    244.000    0
45.132419    281.000    0
45.143648    267.000    0
45.154878    240.000    0
45.166107    276.000    0
45.177337    278.000    0
45.188566    246.000    0
45.199796    262.000    0
45.211025    227.000    0
45.222255    241.000    0
45.233484    252.000    0
45.244714    237.000    0
45.255943    237.000    0
45.267172    243.000    0
45.278402    242.000    0
45.289631    212.000    0
45.300861    237.000    0
45.31209    223.000    0
45.32332    209.000    0
45.334549    194.000    0
45.345779    235.000    0
45.357008    201.000    0
45.368237    207.000    0
45.379467    200.000    0
45.390696    197.000    0
45.401926    195.000    0
45.413155    187.000    0
45.424385    196.000    0
45.435614    164.000    0
45.446844    202.000    0
45.458073    190.000    0
45.469303    170.000    0
45.480532    177.000    0
45.491761    176.000    0
45.502991    185.000    0
45.51422    191.000    0
45.52545    162.000    0
45.536679    190.000    0
45.547909    183.000    0
45.559138    193.000    0
45.570368    177.000    0
45.581597    202.000    0
45.592826    201.000    0
45.604056    190.000    0
45.615285    193.000    0
45.626515    190.000    0
45.637744    183.000    0
45.648974    173.000    0
45.660203    175.000    0
45.671433    180.000    0
45.682662    177.000    0
45.693892    198.000    0
45.705121    192.000    0
45.71635    189.000    0
45.72758    172.000    0
45.738809    191.000    0
45.750039    204.000    0
45.761268    179.000    0
45.772498    206.000    0
45.783727    195.000    0
45.794957    183.000    0
45.806186    188.000    0
45.817415    199.000    0
45.828645    191.000    0
45.839874    196.000    0
45.851104    207.000    0
45.862333    182.000    0
45.873563    200.000    0
45.884792    199.000    0
45.896022    217.000    0
45.907251    223.000    0
45.918481    193.000    0
45.92971    207.000    0
45.940939    237.000    0
45.952169    237.000    0
45.963398    243.000    0
45.974628    199.000    0
45.985857    181.000    0
45.997087    229.000    0
46.008316    227.000    0
46.019546    223.000    0
46.030775    218.000    0
46.042005    222.000    0
46.053234    197.000    0
46.064463    231.000    0
46.075693    231.000    0
46.086922    214.000    0
46.098152    190.000    0
46.109381    231.000    0
46.120611    184.000    0
46.13184    185.000    0
46.14307    197.000    0
46.154299    183.000    0
46.165528    204.000    0
46.176758    217.000    0
46.187987    199.000    0
46.199217    180.000    0
46.210446    177.000    0
46.221676    185.000    0
46.232905    196.000    0
46.244135    170.000    0
46.255364    174.000    0
46.266594    177.000    0
46.277823    169.000    0
46.289052    165.000    0
46.300282    182.000    0
46.311511    181.000    0
46.322741    187.000    0
46.33397    149.000    0
46.3452    161.000    0
46.356429    190.000    0
46.367659    162.000    0
46.378888    164.000    0
46.390117    181.000    0
46.401347    156.000    0
46.412576    174.000    0
46.423806    188.000    0
46.435035    172.000    0
46.446265    175.000    0
46.457494    167.000    0
46.468724    131.000    0
46.479953    154.000    0
46.491183    159.000    0
46.502412    174.000    0
46.513641    155.000    0
46.524871    158.000    0
46.5361    151.000    0
46.54733    159.000    0
46.558559    174.000    0
46.569789    144.000    0
46.581018    154.000    0
46.592248    159.000    0
46.603477    156.000    0
46.614706    154.000    0
46.625936    174.000    0
46.637165    163.000    0
46.648395    170.000    0
46.659624    161.000    0
46.670854    169.000    0
46.682083    160.000    0
46.693313    145.000    0
46.704542    155.000    0
46.715772    160.000    0
46.727001    161.000    0
46.73823    157.000    0
46.74946    152.000    0
46.760689    155.000    0
46.771919    151.000    0
46.783148    149.000    0
46.794378    154.000    0
46.805607    159.000    0
46.816837    145.000    0
46.828066    165.000    0
46.839295    164.000    0
46.850525    180.000    0
46.861754    171.000    0
46.872984    175.000    0
46.884213    159.000    0
46.895443    175.000    0
46.906672    160.000    0
46.917902    181.000    0
46.929131    157.000    0
46.940361    170.000    0
46.95159    162.000    0
46.962819    155.000    0
46.974049    143.000    0
46.985278    175.000    0
46.996508    149.000    0
47.007737    142.000    0
47.018967    171.000    0
47.030196    181.000    0
47.041426    152.000    0
47.052655    187.000    0
47.063884    194.000    0
47.075114    153.000    0
47.086343    156.000    0
47.097573    149.000    0
47.108802    185.000    0
47.120032    197.000    0
47.131261    170.000    0
47.142491    152.000    0
47.15372    186.000    0
47.16495    147.000    0
47.176179    154.000    0
47.187408    167.000    0
47.198638    157.000    0
47.209867    166.000    0
47.221097    161.000    0
47.232326    156.000    0
47.243556    162.000    0
47.254785    181.000    0
47.266015    174.000    0
47.277244    167.000    0
47.288473    189.000    0
47.299703    166.000    0
47.310932    157.000    0
47.322162    176.000    0
47.333391    174.000    0
47.344621    143.000    0
47.35585    151.000    0
47.36708    175.000    0
47.378309    177.000    0
47.389539    165.000    0
47.400768    162.000    0
47.411997    175.000    0
47.423227    172.000    0
47.434456    173.000    0
47.445686    180.000    0
47.456915    173.000    0
47.468145    197.000    0
47.479374    156.000    0
47.490604    167.000    0
47.501833    164.000    0
47.513063    213.000    0
47.524292    159.000    0
47.535521    178.000    0
47.546751    170.000    0
47.55798    177.000    0
47.56921    168.000    0
47.580439    169.000    0
47.591669    171.000    0
47.602898    172.000    0
47.614128    172.000    0
47.625357    206.000    0
47.636586    186.000    0
47.647816    202.000    0
47.659045    155.000    0
47.670275    182.000    0
47.681504    180.000    0
47.692734    204.000    0
47.703963    140.000    0
47.715193    173.000    0
47.726422    184.000    0
47.737652    170.000    0
47.748881    189.000    0
47.76011    178.000    0
47.77134    188.000    0
47.782569    165.000    0
47.793799    203.000    0
47.805028    212.000    0
47.816258    176.000    0
47.827487    184.000    0
47.838717    161.000    0
47.849946    182.000    0
47.861175    184.000    0
47.872405    200.000    0
47.883634    169.000    0
47.894864    185.000    0
47.906093    194.000    0
47.917323    192.000    0
47.928552    179.000    0
47.939782    205.000    0
47.951011    175.000    0
47.962241    160.000    0
47.97347    183.000    0
47.984699    190.000    0
47.995929    189.000    0
48.007158    197.000    0
48.018388    192.000    0
48.029617    188.000    0
48.040847    189.000    0
48.052076    193.000    0
48.063306    200.000    0
48.074535    204.000    0
48.085764    171.000    0
48.096994    180.000    0
48.108223    155.000    0
48.119453    150.000    0
48.130682    203.000    0
48.141912    191.000    0
48.153141    168.000    0
48.164371    187.000    0
48.1756    174.000    0
48.18683    167.000    0
48.198059    171.000    0
48.209288    178.000    0
48.220518    176.000    0
48.231747    181.000    0
48.242977    195.000    0
48.254206    169.000    0
48.265436    170.000    0
48.276665    165.000    0
48.287895    190.000    0
48.299124    167.000    0
48.310353    163.000    0
48.321583    167.000    0
48.332812    173.000    0
48.344042    164.000    0
48.355271    161.000    0
48.366501    159.000    0
48.37773    177.000    0
48.38896    138.000    0
48.400189    184.000    0
48.411419    192.000    0
48.422648    177.000    0
48.433877    153.000    0
48.445107    147.000    0
48.456336    184.000    0
48.467566    171.000    0
48.478795    183.000    0
48.490025    154.000    0
48.501254    170.000    0
48.512484    157.000    0
48.523713    183.000    0
48.534942    164.000    0
48.546172    179.000    0
48.557401    170.000    0
48.568631    162.000    0
48.57986    133.000    0
48.59109    174.000    0
48.602319    157.000    0
48.613549    163.000    0
48.624778    176.000    0
48.636008    189.000    0
48.647237    169.000    0
48.658466    169.000    0
48.669696    151.000    0
48.680925    186.000    0
48.692155    155.000    0
48.703384    158.000    0
48.714614    181.000    0
48.725843    176.000    0
48.737073    167.000    0
48.748302    147.000    0
48.759531    156.000    0
48.770761    172.000    0
48.78199    156.000    0
48.79322    205.000    0
48.804449    152.000    0
48.815679    188.000    0
48.826908    185.000    0
48.838138    182.000    0
48.849367    180.000    0
48.860597    184.000    0
48.871826    179.000    0
48.883055    180.000    0
48.894285    176.000    0
48.905514    200.000    0
48.916744    159.000    0
48.927973    204.000    0
48.939203    189.000    0
48.950432    213.000    0
48.961662    191.000    0
48.972891    189.000    0
48.984121    221.000    0
48.99535    214.000    0
49.006579    218.000    0
49.017809    182.000    0
49.029038    203.000    0
49.040268    229.000    0
49.051497    193.000    0
49.062727    225.000    0
49.073956    216.000    0
49.085186    200.000    0
49.096415    215.000    0
49.107644    243.000    0
49.118874    223.000    0
49.130103    222.000    0
49.141333    222.000    0
49.152562    258.000    0
49.163792    253.000    0
49.175021    216.000    0
49.186251    239.000    0
49.19748    207.000    0
49.20871    249.000    0
49.219939    226.000    0
49.231168    226.000    0
49.242398    217.000    0
49.253627    201.000    0
49.264857    224.000    0
49.276086    218.000    0
49.287316    183.000    0
49.298545    223.000    0
49.309775    209.000    0
49.321004    208.000    0
49.332233    243.000    0
49.343463    218.000    0
49.354692    235.000    0
49.365922    227.000    0
49.377151    206.000    0
49.388381    211.000    0
49.39961    247.000    0
49.41084    213.000    0
49.422069    197.000    0
49.433299    205.000    0
49.444528    205.000    0
49.455757    168.000    0
49.466987    209.000    0
49.478216    202.000    0
49.489446    194.000    0
49.500675    194.000    0
49.511905    195.000    0
49.523134    175.000    0
49.534364    171.000    0
49.545593    187.000    0
49.556822    201.000    0
49.568052    187.000    0
49.579281    214.000    0
49.590511    170.000    0
49.60174    198.000    0
49.61297    193.000    0
49.624199    171.000    0
49.635429    165.000    0
49.646658    178.000    0
49.657888    177.000    0
49.669117    172.000    0
49.680346    183.000    0
49.691576    173.000    0
49.702805    159.000    0
49.714035    173.000    0
49.725264    191.000    0
49.736494    205.000    0
49.747723    165.000    0
49.758953    183.000    0
49.770182    159.000    0
49.781411    176.000    0
49.792641    169.000    0
49.80387    180.000    0
49.8151    181.000    0
49.826329    174.000    0
49.837559    180.000    0
49.848788    199.000    0
49.860018    172.000    0
49.871247    170.000    0
49.882477    186.000    0
49.893706    169.000    0
49.904935    189.000    0
49.916165    178.000    0
49.927394    173.000    0
49.938624    151.000    0
49.949853    153.000    0
49.961083    163.000    0
49.972312    151.000    0
49.983542    174.000    0
49.994771    168.000    0
50.006    152.000    0
50.01723    167.000    0
50.028459    144.000    0
50.039689    157.000    0
50.050918    175.000    0
50.062148    151.000    0
50.073377    150.000    0
50.084607    141.000    0
50.095836    164.000    0
50.107066    146.000    0
50.118295    127.000    0
50.129524    180.000    0
50.140754    139.000    0
50.151983    163.000    0
50.163213    144.000    0
50.174442    160.000    0
50.185672    160.000    0
50.196901    153.000    0
50.208131    178.000    0
50.21936    173.000    0
50.23059    167.000    0
50.241819    181.000    0
50.253048    180.000    0
50.264278    181.000    0
50.275507    160.000    0
50.286737    179.000    0
50.297966    181.000    0
50.309196    198.000    0
50.320425    181.000    0
50.331655    139.000    0
50.342884    177.000    0
50.354113    165.000    0
50.365343    185.000    0
50.376572    184.000    0
50.387802    169.000    0
50.399031    184.000    0
50.410261    181.000    0
50.42149    188.000    0
50.43272    185.000    0
50.443949    191.000    0
50.455179    170.000    0
50.466408    158.000    0
50.477637    144.000    0
50.488867    148.000    0
50.500096    198.000    0
50.511326    161.000    0
50.522555    172.000    0
50.533785    194.000    0
50.545014    181.000    0
50.556244    177.000    0
50.567473    160.000    0
50.578702    181.000    0
50.589932    163.000    0
50.601161    169.000    0
50.612391    176.000    0
50.62362    167.000    0
50.63485    165.000    0
50.646079    168.000    0
50.657309    154.000    0
50.668538    150.000    0
50.679768    142.000    0
50.690997    152.000    0
50.702226    179.000    0
50.713456    169.000    0
50.724685    183.000    0
50.735915    168.000    0
50.747144    144.000    0
50.758374    188.000    0
50.769603    158.000    0
50.780833    158.000    0
50.792062    165.000    0
50.803291    176.000    0
50.814521    187.000    0
50.82575    165.000    0
50.83698    162.000    0
50.848209    182.000    0
50.859439    162.000    0
50.870668    145.000    0
50.881898    152.000    0
50.893127    171.000    0
50.904357    151.000    0
50.915586    134.000    0
50.926815    173.000    0
50.938045    185.000    0
50.949274    176.000    0
50.960504    167.000    0
50.971733    163.000    0
50.982963    157.000    0
50.994192    190.000    0
51.005422    174.000    0
51.016651    189.000    0
51.02788    180.000    0
51.03911    165.000    0
51.050339    156.000    0
51.061569    177.000    0
51.072798    167.000    0
51.084028    167.000    0
51.095257    172.000    0
51.106487    163.000    0
51.117716    202.000    0
51.128946    192.000    0
51.140175    171.000    0
51.151404    187.000    0
51.162634    180.000    0
51.173863    177.000    0
51.185093    197.000    0
51.196322    190.000    0
51.207552    193.000    0
51.218781    174.000    0
51.230011    163.000    0
51.24124    174.000    0
51.252469    200.000    0
51.263699    175.000    0
51.274928    176.000    0
51.286158    190.000    0
51.297387    167.000    0
51.308617    212.000    0
51.319846    179.000    0
51.331076    181.000    0
51.342305    215.000    0
51.353535    203.000    0
51.364764    219.000    0
51.375993    217.000    0
51.387223    224.000    0
51.398452    220.000    0
51.409682    215.000    0
51.420911    245.000    0
51.432141    239.000    0
51.44337    244.000    0
51.4546    273.000    0
51.465829    240.000    0
51.477058    257.000    0
51.488288    219.000    0
51.499517    226.000    0
51.510747    233.000    0
51.521976    242.000    0
51.533206    204.000    0
51.544435    263.000    0
51.555665    216.000    0
51.566894    222.000    0
51.578124    234.000    0
51.589353    211.000    0
51.600582    244.000    0
51.611812    205.000    0
51.623041    223.000    0
51.634271    225.000    0
51.6455    223.000    0
51.65673    213.000    0
51.667959    210.000    0
51.679189    205.000    0
51.690418    212.000    0
51.701648    192.000    0
51.712877    194.000    0
51.724106    204.000    0
51.735336    200.000    0
51.746565    192.000    0
51.757795    192.000    0
51.769024    217.000    0
51.780254    210.000    0
51.791483    187.000    0
51.802713    195.000    0
51.813942    211.000    0
51.825171    189.000    0
51.836401    167.000    0
51.84763    211.000    0
51.85886    168.000    0
51.870089    185.000    0
51.881319    199.000    0
51.892548    198.000    0
51.903778    184.000    0
51.915007    214.000    0
51.926237    212.000    0
51.937466    224.000    0
51.948695    186.000    0
51.959925    217.000    0
51.971154    223.000    0
51.982384    240.000    0
51.993613    224.000    0
52.004843    221.000    0
52.016072    231.000    0
52.027302    209.000    0
52.038531    201.000    0
52.04976    222.000    0
